Time,Wholesale price corrected,group,tariff
2024-01-01 00:00:00,7.390500000000001,winter weekend,8.8
2024-01-01 01:00:00,7.381050000000001,winter weekend,8.8
2024-01-01 02:00:00,7.380000000000001,winter weekend,8.8
2024-01-01 03:00:00,7.379050000000001,winter weekend,8.8
2024-01-01 04:00:00,7.377150000000001,winter weekend,8.8
2024-01-01 05:00:00,7.378100000000001,winter weekend,8.8
2024-01-01 06:00:00,7.375250000000001,winter weekend,8.8
2024-01-01 07:00:00,7.378100000000001,winter weekend,8.8
2024-01-01 08:00:00,7.380000000000001,winter weekend,8.8
2024-01-01 09:00:00,7.384200000000001,winter weekend,8.8
2024-01-01 10:00:00,7.386300000000001,winter weekend,8.8
2024-01-01 11:00:00,7.436700000000001,winter weekend,8.8
2024-01-01 12:00:00,7.615200000000001,winter weekend,8.8
2024-01-01 13:00:00,7.585800000000001,winter weekend,8.8
2024-01-01 14:00:00,7.489200000000001,winter weekend,8.8
2024-01-01 15:00:00,7.7643,winter weekend,8.8
2024-01-01 16:00:00,11.9013,winter weekend,13.95
2024-01-01 17:00:00,12.62265,winter weekend,13.95
2024-01-01 18:00:00,13.47,winter weekend,13.95
2024-01-01 19:00:00,13.07625,winter weekend,13.95
2024-01-01 20:00:00,12.42105,winter weekend,13.95
2024-01-01 21:00:00,11.88975,winter weekend,13.95
2024-01-01 22:00:00,12.32445,winter weekend,13.95
2024-01-01 23:00:00,11.11275,winter weekend,8.8
2024-01-02 00:00:00,10.59195,winter weekend,8.8
2024-01-02 01:00:00,9.48735,winter weekend,8.8
2024-01-02 02:00:00,10.63815,winter weekend,8.8
2024-01-02 03:00:00,9.31095,winter weekend,8.8
2024-01-02 04:00:00,8.5434,winter weekend,8.8
2024-01-02 05:00:00,8.8269,winter weekend,8.8
2024-01-02 06:00:00,12.38115,winter weekend,13.95
2024-01-02 07:00:00,13.4805,winter weekend,13.95
2024-01-02 08:00:00,14.27535,winter weekend,13.95
2024-01-02 09:00:00,14.17665,winter weekend,13.95
2024-01-02 10:00:00,14.6229,winter weekend,13.95
2024-01-02 11:00:00,15.1017,winter weekend,13.95
2024-01-02 12:00:00,15.586799999999998,winter weekend,13.95
2024-01-02 13:00:00,15.66135,winter weekend,13.95
2024-01-02 14:00:00,15.7002,winter weekend,13.95
2024-01-02 15:00:00,15.775799999999998,winter weekend,13.95
2024-01-02 16:00:00,16.143300000000004,winter weekend,18.28
2024-01-02 17:00:00,15.876600000000002,winter weekend,13.95
2024-01-02 18:00:00,15.24975,winter weekend,13.95
2024-01-02 19:00:00,14.0139,winter weekend,13.95
2024-01-02 20:00:00,13.37655,winter weekend,13.95
2024-01-02 21:00:00,12.30345,winter weekend,13.95
2024-01-02 22:00:00,11.58,winter weekend,13.95
2024-01-02 23:00:00,8.16015,winter weekend,8.8
2024-01-03 00:00:00,7.372400000000001,winter weekend,8.8
2024-01-03 01:00:00,7.26315,winter weekend,8.8
2024-01-03 02:00:00,7.256500000000001,winter weekend,8.8
2024-01-03 03:00:00,7.25555,winter weekend,8.8
2024-01-03 04:00:00,7.25555,winter weekend,8.8
2024-01-03 05:00:00,7.248900000000001,winter weekend,8.8
2024-01-03 06:00:00,7.49445,winter weekend,8.8
2024-01-03 07:00:00,11.64195,winter weekend,13.95
2024-01-03 08:00:00,13.63905,winter weekend,13.95
2024-01-03 09:00:00,13.74405,winter weekend,13.95
2024-01-03 10:00:00,13.365,winter weekend,13.95
2024-01-03 11:00:00,13.14345,winter weekend,13.95
2024-01-03 12:00:00,13.03845,winter weekend,13.95
2024-01-03 13:00:00,13.0941,winter weekend,13.95
2024-01-03 14:00:00,13.7703,winter weekend,13.95
2024-01-03 15:00:00,14.4339,winter weekend,13.95
2024-01-03 16:00:00,15.10695,winter weekend,13.95
2024-01-03 17:00:00,16.0194,winter weekend,13.95
2024-01-03 18:00:00,16.091850000000004,winter weekend,13.95
2024-01-03 19:00:00,15.67815,winter weekend,13.95
2024-01-03 20:00:00,15.06915,winter weekend,13.95
2024-01-03 21:00:00,14.45805,winter weekend,13.95
2024-01-03 22:00:00,14.205,winter weekend,13.95
2024-01-03 23:00:00,13.4826,winter weekend,13.95
2024-01-04 00:00:00,13.3965,winter weekend,13.95
2024-01-04 01:00:00,12.6783,winter weekend,13.95
2024-01-04 02:00:00,11.58,winter weekend,13.95
2024-01-04 03:00:00,10.0554,winter weekend,8.8
2024-01-04 04:00:00,11.055,winter weekend,8.8
2024-01-04 05:00:00,13.44165,winter weekend,13.95
2024-01-04 06:00:00,15.008250000000002,winter weekend,13.95
2024-01-04 07:00:00,16.307100000000002,winter weekend,18.28
2024-01-04 08:00:00,16.984350000000003,winter weekend,18.28
2024-01-04 09:00:00,17.271,winter weekend,18.28
2024-01-04 10:00:00,16.99905,winter weekend,18.28
2024-01-04 11:00:00,16.833150000000003,winter weekend,18.28
2024-01-04 12:00:00,16.4415,winter weekend,18.28
2024-01-04 13:00:00,16.405800000000003,winter weekend,18.28
2024-01-04 14:00:00,17.051550000000002,winter weekend,18.28
2024-01-04 15:00:00,17.735100000000003,winter weekend,18.28
2024-01-04 16:00:00,18.48165,winter weekend,18.28
2024-01-04 17:00:00,21.36915,winter weekend,18.28
2024-01-04 18:00:00,22.568250000000003,winter weekend,18.28
2024-01-04 19:00:00,20.505000000000003,winter weekend,18.28
2024-01-04 20:00:00,18.256950000000003,winter weekend,18.28
2024-01-04 21:00:00,17.881050000000002,winter weekend,18.28
2024-01-04 22:00:00,17.340300000000003,winter weekend,18.28
2024-01-04 23:00:00,16.707150000000002,winter weekend,18.28
2024-01-05 00:00:00,16.418400000000002,winter weekend,18.28
2024-01-05 01:00:00,15.83355,winter weekend,13.95
2024-01-05 02:00:00,15.46605,winter weekend,13.95
2024-01-05 03:00:00,15.06705,winter weekend,13.95
2024-01-05 04:00:00,15.15525,winter weekend,13.95
2024-01-05 05:00:00,15.36315,winter weekend,13.95
2024-01-05 06:00:00,15.885,winter weekend,13.95
2024-01-05 07:00:00,16.515,winter weekend,18.28
2024-01-05 08:00:00,16.784850000000002,winter weekend,18.28
2024-01-05 09:00:00,17.34765,winter weekend,18.28
2024-01-05 10:00:00,17.489400000000003,winter weekend,18.28
2024-01-05 11:00:00,17.6931,winter weekend,18.28
2024-01-05 12:00:00,17.0652,winter weekend,18.28
2024-01-05 13:00:00,16.9917,winter weekend,18.28
2024-01-05 14:00:00,17.50305,winter weekend,18.28
2024-01-05 15:00:00,17.885250000000003,winter weekend,18.28
2024-01-05 16:00:00,18.19185,winter weekend,18.28
2024-01-05 17:00:00,18.6549,winter weekend,18.28
2024-01-05 18:00:00,18.767250000000004,winter weekend,18.28
2024-01-05 19:00:00,18.2958,winter weekend,18.28
2024-01-05 20:00:00,17.889450000000004,winter weekend,18.28
2024-01-05 21:00:00,17.26995,winter weekend,18.28
2024-01-05 22:00:00,17.346600000000002,winter weekend,18.28
2024-01-05 23:00:00,16.494000000000003,winter weekend,18.28
2024-01-06 00:00:00,16.016250000000003,winter weekend,13.95
2024-01-06 01:00:00,15.801,winter weekend,13.95
2024-01-06 02:00:00,15.37365,winter weekend,13.95
2024-01-06 03:00:00,15.04605,winter weekend,13.95
2024-01-06 04:00:00,15.04605,winter weekend,13.95
2024-01-06 05:00:00,15.21195,winter weekend,13.95
2024-01-06 06:00:00,15.2655,winter weekend,13.95
2024-01-06 07:00:00,15.925949999999998,winter weekend,13.95
2024-01-06 08:00:00,16.662000000000003,winter weekend,18.28
2024-01-06 09:00:00,17.06415,winter weekend,18.28
2024-01-06 10:00:00,17.596500000000002,winter weekend,18.28
2024-01-06 11:00:00,17.925150000000002,winter weekend,18.28
2024-01-06 12:00:00,17.791800000000002,winter weekend,18.28
2024-01-06 13:00:00,17.378100000000003,winter weekend,18.28
2024-01-06 14:00:00,17.09775,winter weekend,18.28
2024-01-06 15:00:00,17.36445,winter weekend,18.28
2024-01-06 16:00:00,17.864250000000002,winter weekend,18.28
2024-01-06 17:00:00,18.32835,winter weekend,18.28
2024-01-06 18:00:00,18.26115,winter weekend,18.28
2024-01-06 19:00:00,17.775000000000002,winter weekend,18.28
2024-01-06 20:00:00,17.054700000000004,winter weekend,18.28
2024-01-06 21:00:00,16.620000000000005,winter weekend,18.28
2024-01-06 22:00:00,16.46985,winter weekend,18.28
2024-01-06 23:00:00,15.76635,winter weekend,13.95
2024-01-07 00:00:00,16.2084,winter weekend,18.28
2024-01-07 01:00:00,15.7611,winter weekend,13.95
2024-01-07 02:00:00,15.4398,winter weekend,13.95
2024-01-07 03:00:00,15.0933,winter weekend,13.95
2024-01-07 04:00:00,14.9253,winter weekend,13.95
2024-01-07 05:00:00,14.9484,winter weekend,13.95
2024-01-07 06:00:00,15.2445,winter weekend,13.95
2024-01-07 07:00:00,15.537450000000002,winter weekend,13.95
2024-01-07 08:00:00,15.96795,winter weekend,13.95
2024-01-07 09:00:00,16.290300000000002,winter weekend,18.28
2024-01-07 10:00:00,16.53075,winter weekend,18.28
2024-01-07 11:00:00,16.739700000000003,winter weekend,18.28
2024-01-07 12:00:00,16.689300000000003,winter weekend,18.28
2024-01-07 13:00:00,16.285050000000002,winter weekend,18.28
2024-01-07 14:00:00,16.235700000000005,winter weekend,18.28
2024-01-07 15:00:00,16.621050000000004,winter weekend,18.28
2024-01-07 16:00:00,17.189100000000003,winter weekend,18.28
2024-01-07 17:00:00,18.06585,winter weekend,18.28
2024-01-07 18:00:00,18.38925,winter weekend,18.28
2024-01-07 19:00:00,18.25275,winter weekend,18.28
2024-01-07 20:00:00,17.932500000000005,winter weekend,18.28
2024-01-07 21:00:00,17.17755,winter weekend,18.28
2024-01-07 22:00:00,16.95285,winter weekend,18.28
2024-01-07 23:00:00,16.1853,winter weekend,18.28
2024-01-08 00:00:00,16.517100000000003,winter weekday,16.6
2024-01-08 01:00:00,16.2336,winter weekday,16.6
2024-01-08 02:00:00,15.971099999999998,winter weekday,16.6
2024-01-08 03:00:00,15.68655,winter weekday,16.6
2024-01-08 04:00:00,15.620400000000002,winter weekday,16.6
2024-01-08 05:00:00,16.000500000000002,winter weekday,16.6
2024-01-08 06:00:00,17.2815,winter weekday,16.6
2024-01-08 07:00:00,19.0455,winter weekday,21.38
2024-01-08 08:00:00,20.096550000000004,winter weekday,21.38
2024-01-08 09:00:00,19.75215,winter weekday,21.38
2024-01-08 10:00:00,18.993,winter weekday,21.38
2024-01-08 11:00:00,18.195000000000004,winter weekday,16.6
2024-01-08 12:00:00,17.407500000000002,winter weekday,16.6
2024-01-08 13:00:00,17.103,winter weekday,16.6
2024-01-08 14:00:00,17.880000000000003,winter weekday,16.6
2024-01-08 15:00:00,18.717900000000004,winter weekday,16.6
2024-01-08 16:00:00,19.651350000000004,winter weekday,21.38
2024-01-08 17:00:00,20.938650000000003,winter weekday,21.38
2024-01-08 18:00:00,21.03105,winter weekday,21.38
2024-01-08 19:00:00,20.2026,winter weekday,21.38
2024-01-08 20:00:00,19.37205,winter weekday,21.38
2024-01-08 21:00:00,18.17715,winter weekday,16.6
2024-01-08 22:00:00,17.877900000000004,winter weekday,16.6
2024-01-08 23:00:00,16.98645,winter weekday,16.6
2024-01-09 00:00:00,16.6368,winter weekday,16.6
2024-01-09 01:00:00,16.5192,winter weekday,16.6
2024-01-09 02:00:00,16.305000000000003,winter weekday,16.6
2024-01-09 03:00:00,16.2147,winter weekday,16.6
2024-01-09 04:00:00,16.3806,winter weekday,16.6
2024-01-09 05:00:00,16.754400000000004,winter weekday,16.6
2024-01-09 06:00:00,18.773550000000004,winter weekday,16.6
2024-01-09 07:00:00,20.4063,winter weekday,21.38
2024-01-09 08:00:00,21.370200000000004,winter weekday,21.38
2024-01-09 09:00:00,20.07555,winter weekday,21.38
2024-01-09 10:00:00,19.26495,winter weekday,21.38
2024-01-09 11:00:00,18.4869,winter weekday,16.6
2024-01-09 12:00:00,17.903100000000002,winter weekday,16.6
2024-01-09 13:00:00,17.9661,winter weekday,16.6
2024-01-09 14:00:00,19.023450000000004,winter weekday,21.38
2024-01-09 15:00:00,19.917000000000005,winter weekday,21.38
2024-01-09 16:00:00,20.804250000000003,winter weekday,21.38
2024-01-09 17:00:00,21.853200000000005,winter weekday,21.38
2024-01-09 18:00:00,21.849000000000004,winter weekday,21.38
2024-01-09 19:00:00,21.075150000000004,winter weekday,21.38
2024-01-09 20:00:00,20.0052,winter weekday,21.38
2024-01-09 21:00:00,19.106400000000004,winter weekday,21.38
2024-01-09 22:00:00,18.528900000000004,winter weekday,16.6
2024-01-09 23:00:00,17.574450000000002,winter weekday,16.6
2024-01-10 00:00:00,16.755450000000003,winter weekday,16.6
2024-01-10 01:00:00,16.489800000000002,winter weekday,16.6
2024-01-10 02:00:00,16.48665,winter weekday,16.6
2024-01-10 03:00:00,16.41945,winter weekday,16.6
2024-01-10 04:00:00,16.4415,winter weekday,16.6
2024-01-10 05:00:00,16.73025,winter weekday,16.6
2024-01-10 06:00:00,18.812400000000004,winter weekday,16.6
2024-01-10 07:00:00,20.640450000000005,winter weekday,21.38
2024-01-10 08:00:00,22.2144,winter weekday,21.38
2024-01-10 09:00:00,21.07095,winter weekday,21.38
2024-01-10 10:00:00,19.8288,winter weekday,21.38
2024-01-10 11:00:00,18.83865,winter weekday,16.6
2024-01-10 12:00:00,18.112050000000004,winter weekday,16.6
2024-01-10 13:00:00,18.469050000000003,winter weekday,16.6
2024-01-10 14:00:00,19.235550000000003,winter weekday,21.38
2024-01-10 15:00:00,20.379,winter weekday,21.38
2024-01-10 16:00:00,21.517200000000003,winter weekday,21.38
2024-01-10 17:00:00,22.477950000000003,winter weekday,21.38
2024-01-10 18:00:00,22.08,winter weekday,21.38
2024-01-10 19:00:00,21.255750000000003,winter weekday,21.38
2024-01-10 20:00:00,19.980000000000004,winter weekday,21.38
2024-01-10 21:00:00,18.9048,winter weekday,16.6
2024-01-10 22:00:00,18.351450000000003,winter weekday,16.6
2024-01-10 23:00:00,17.463150000000002,winter weekday,16.6
2024-01-11 00:00:00,17.01375,winter weekday,16.6
2024-01-11 01:00:00,16.68195,winter weekday,16.6
2024-01-11 02:00:00,16.54125,winter weekday,16.6
2024-01-11 03:00:00,16.0299,winter weekday,16.6
2024-01-11 04:00:00,15.98475,winter weekday,16.6
2024-01-11 05:00:00,16.762800000000002,winter weekday,16.6
2024-01-11 06:00:00,18.09735,winter weekday,16.6
2024-01-11 07:00:00,19.6503,winter weekday,21.38
2024-01-11 08:00:00,22.185,winter weekday,21.38
2024-01-11 09:00:00,20.941800000000004,winter weekday,21.38
2024-01-11 10:00:00,19.313250000000004,winter weekday,21.38
2024-01-11 11:00:00,18.5604,winter weekday,16.6
2024-01-11 12:00:00,17.8149,winter weekday,16.6
2024-01-11 13:00:00,17.775000000000002,winter weekday,16.6
2024-01-11 14:00:00,18.507900000000003,winter weekday,16.6
2024-01-11 15:00:00,19.7658,winter weekday,21.38
2024-01-11 16:00:00,21.80175,winter weekday,21.38
2024-01-11 17:00:00,23.139450000000004,winter weekday,21.38
2024-01-11 18:00:00,21.732450000000004,winter weekday,21.38
2024-01-11 19:00:00,21.272550000000003,winter weekday,21.38
2024-01-11 20:00:00,19.757400000000004,winter weekday,21.38
2024-01-11 21:00:00,18.63495,winter weekday,16.6
2024-01-11 22:00:00,17.880000000000003,winter weekday,16.6
2024-01-11 23:00:00,17.5881,winter weekday,16.6
2024-01-12 00:00:00,16.939200000000003,winter weekday,16.6
2024-01-12 01:00:00,16.6431,winter weekday,16.6
2024-01-12 02:00:00,16.328100000000003,winter weekday,16.6
2024-01-12 03:00:00,16.26615,winter weekday,16.6
2024-01-12 04:00:00,16.235700000000005,winter weekday,16.6
2024-01-12 05:00:00,16.338600000000003,winter weekday,16.6
2024-01-12 06:00:00,17.051550000000002,winter weekday,16.6
2024-01-12 07:00:00,19.7868,winter weekday,21.38
2024-01-12 08:00:00,22.15770000000001,winter weekday,21.38
2024-01-12 09:00:00,21.5508,winter weekday,21.38
2024-01-12 10:00:00,20.191050000000004,winter weekday,21.38
2024-01-12 11:00:00,19.42665,winter weekday,21.38
2024-01-12 12:00:00,18.612900000000003,winter weekday,16.6
2024-01-12 13:00:00,18.2034,winter weekday,16.6
2024-01-12 14:00:00,18.356700000000004,winter weekday,16.6
2024-01-12 15:00:00,18.930000000000003,winter weekday,16.6
2024-01-12 16:00:00,19.980000000000004,winter weekday,21.38
2024-01-12 17:00:00,20.7675,winter weekday,21.38
2024-01-12 18:00:00,20.610000000000003,winter weekday,21.38
2024-01-12 19:00:00,19.92435,winter weekday,21.38
2024-01-12 20:00:00,18.802950000000003,winter weekday,16.6
2024-01-12 21:00:00,17.7204,winter weekday,16.6
2024-01-12 22:00:00,17.183850000000003,winter weekday,16.6
2024-01-12 23:00:00,16.344900000000003,winter weekday,16.6
2024-01-13 00:00:00,16.830000000000002,winter weekend,18.28
2024-01-13 01:00:00,16.305000000000003,winter weekend,18.28
2024-01-13 02:00:00,15.99,winter weekend,13.95
2024-01-13 03:00:00,15.61935,winter weekend,13.95
2024-01-13 04:00:00,15.255,winter weekend,13.95
2024-01-13 05:00:00,15.2466,winter weekend,13.95
2024-01-13 06:00:00,15.5805,winter weekend,13.95
2024-01-13 07:00:00,16.0131,winter weekend,13.95
2024-01-13 08:00:00,16.332300000000004,winter weekend,18.28
2024-01-13 09:00:00,15.26655,winter weekend,13.95
2024-01-13 10:00:00,15.17205,winter weekend,13.95
2024-01-13 11:00:00,15.0156,winter weekend,13.95
2024-01-13 12:00:00,14.76675,winter weekend,13.95
2024-01-13 13:00:00,14.06535,winter weekend,13.95
2024-01-13 14:00:00,14.51055,winter weekend,13.95
2024-01-13 15:00:00,14.58405,winter weekend,13.95
2024-01-13 16:00:00,14.8119,winter weekend,13.95
2024-01-13 17:00:00,15.1731,winter weekend,13.95
2024-01-13 18:00:00,15.34005,winter weekend,13.95
2024-01-13 19:00:00,15.1311,winter weekend,13.95
2024-01-13 20:00:00,15.0513,winter weekend,13.95
2024-01-13 21:00:00,14.82765,winter weekend,13.95
2024-01-13 22:00:00,14.1315,winter weekend,13.95
2024-01-13 23:00:00,14.0118,winter weekend,13.95
2024-01-14 00:00:00,14.102099999999998,winter weekend,13.95
2024-01-14 01:00:00,13.90155,winter weekend,13.95
2024-01-14 02:00:00,13.98765,winter weekend,13.95
2024-01-14 03:00:00,14.10105,winter weekend,13.95
2024-01-14 04:00:00,14.17035,winter weekend,13.95
2024-01-14 05:00:00,14.226,winter weekend,13.95
2024-01-14 06:00:00,14.44755,winter weekend,13.95
2024-01-14 07:00:00,14.9043,winter weekend,13.95
2024-01-14 08:00:00,15.4377,winter weekend,13.95
2024-01-14 09:00:00,15.8997,winter weekend,13.95
2024-01-14 10:00:00,15.84615,winter weekend,13.95
2024-01-14 11:00:00,15.9732,winter weekend,13.95
2024-01-14 12:00:00,15.820950000000002,winter weekend,13.95
2024-01-14 13:00:00,15.469200000000004,winter weekend,13.95
2024-01-14 14:00:00,15.69075,winter weekend,13.95
2024-01-14 15:00:00,16.023600000000002,winter weekend,13.95
2024-01-14 16:00:00,16.4751,winter weekend,18.28
2024-01-14 17:00:00,17.0253,winter weekend,18.28
2024-01-14 18:00:00,17.56185,winter weekend,18.28
2024-01-14 19:00:00,16.71555,winter weekend,18.28
2024-01-14 20:00:00,15.885,winter weekend,13.95
2024-01-14 21:00:00,15.633,winter weekend,13.95
2024-01-14 22:00:00,15.29595,winter weekend,13.95
2024-01-14 23:00:00,14.43495,winter weekend,13.95
2024-01-15 00:00:00,14.5095,winter weekday,12.89
2024-01-15 01:00:00,14.205,winter weekday,12.89
2024-01-15 02:00:00,14.0937,winter weekday,12.89
2024-01-15 03:00:00,13.8942,winter weekday,12.89
2024-01-15 04:00:00,13.8942,winter weekday,12.89
2024-01-15 05:00:00,14.65125,winter weekday,12.89
2024-01-15 06:00:00,15.77475,winter weekday,16.6
2024-01-15 07:00:00,16.183200000000003,winter weekday,16.6
2024-01-15 08:00:00,17.806500000000003,winter weekday,16.6
2024-01-15 09:00:00,17.91045,winter weekday,16.6
2024-01-15 10:00:00,17.3424,winter weekday,16.6
2024-01-15 11:00:00,16.857300000000002,winter weekday,16.6
2024-01-15 12:00:00,16.1853,winter weekday,16.6
2024-01-15 13:00:00,16.005750000000003,winter weekday,16.6
2024-01-15 14:00:00,16.2525,winter weekday,16.6
2024-01-15 15:00:00,16.7712,winter weekday,16.6
2024-01-15 16:00:00,17.619600000000002,winter weekday,16.6
2024-01-15 17:00:00,18.558300000000003,winter weekday,16.6
2024-01-15 18:00:00,19.224,winter weekday,21.38
2024-01-15 19:00:00,18.969900000000003,winter weekday,16.6
2024-01-15 20:00:00,18.134100000000004,winter weekday,16.6
2024-01-15 21:00:00,17.016900000000003,winter weekday,16.6
2024-01-15 22:00:00,16.77645,winter weekday,16.6
2024-01-15 23:00:00,16.455150000000003,winter weekday,16.6
2024-01-16 00:00:00,15.932250000000002,winter weekday,16.6
2024-01-16 01:00:00,15.89235,winter weekday,16.6
2024-01-16 02:00:00,15.7716,winter weekday,16.6
2024-01-16 03:00:00,15.58995,winter weekday,16.6
2024-01-16 04:00:00,15.46185,winter weekday,16.6
2024-01-16 05:00:00,15.932250000000002,winter weekday,16.6
2024-01-16 06:00:00,17.257350000000002,winter weekday,16.6
2024-01-16 07:00:00,19.430850000000003,winter weekday,21.38
2024-01-16 08:00:00,22.511550000000003,winter weekday,21.38
2024-01-16 09:00:00,21.933000000000003,winter weekday,21.38
2024-01-16 10:00:00,20.19,winter weekday,21.38
2024-01-16 11:00:00,18.930000000000003,winter weekday,16.6
2024-01-16 12:00:00,18.240150000000003,winter weekday,16.6
2024-01-16 13:00:00,17.3529,winter weekday,16.6
2024-01-16 14:00:00,17.46,winter weekday,16.6
2024-01-16 15:00:00,18.956250000000004,winter weekday,16.6
2024-01-16 16:00:00,19.07595,winter weekday,21.38
2024-01-16 17:00:00,20.835750000000004,winter weekday,21.38
2024-01-16 18:00:00,20.74755,winter weekday,21.38
2024-01-16 19:00:00,19.11585,winter weekday,21.38
2024-01-16 20:00:00,17.406450000000003,winter weekday,16.6
2024-01-16 21:00:00,16.43205,winter weekday,16.6
2024-01-16 22:00:00,15.9942,winter weekday,16.6
2024-01-16 23:00:00,15.537450000000002,winter weekday,16.6
2024-01-17 00:00:00,14.89905,winter weekday,16.6
2024-01-17 01:00:00,14.8896,winter weekday,16.6
2024-01-17 02:00:00,14.80245,winter weekday,16.6
2024-01-17 03:00:00,14.702699999999998,winter weekday,12.89
2024-01-17 04:00:00,14.67435,winter weekday,12.89
2024-01-17 05:00:00,14.8413,winter weekday,16.6
2024-01-17 06:00:00,15.264450000000002,winter weekday,16.6
2024-01-17 07:00:00,16.24095,winter weekday,16.6
2024-01-17 08:00:00,17.512500000000003,winter weekday,16.6
2024-01-17 09:00:00,18.5268,winter weekday,16.6
2024-01-17 10:00:00,18.96465,winter weekday,16.6
2024-01-17 11:00:00,19.0455,winter weekday,21.38
2024-01-17 12:00:00,19.73955,winter weekday,21.38
2024-01-17 13:00:00,20.158500000000004,winter weekday,21.38
2024-01-17 14:00:00,20.1627,winter weekday,21.38
2024-01-17 15:00:00,20.5533,winter weekday,21.38
2024-01-17 16:00:00,20.8788,winter weekday,21.38
2024-01-17 17:00:00,22.1346,winter weekday,21.38
2024-01-17 18:00:00,20.35695,winter weekday,21.38
2024-01-17 19:00:00,19.379400000000004,winter weekday,21.38
2024-01-17 20:00:00,18.909,winter weekday,16.6
2024-01-17 21:00:00,17.99445,winter weekday,16.6
2024-01-17 22:00:00,17.279400000000003,winter weekday,16.6
2024-01-17 23:00:00,16.217850000000002,winter weekday,16.6
2024-01-18 00:00:00,15.91965,winter weekday,16.6
2024-01-18 01:00:00,15.486000000000002,winter weekday,16.6
2024-01-18 02:00:00,15.28545,winter weekday,16.6
2024-01-18 03:00:00,15.24555,winter weekday,16.6
2024-01-18 04:00:00,15.52485,winter weekday,16.6
2024-01-18 05:00:00,15.885,winter weekday,16.6
2024-01-18 06:00:00,16.9812,winter weekday,16.6
2024-01-18 07:00:00,19.09275,winter weekday,21.38
2024-01-18 08:00:00,20.598450000000003,winter weekday,21.38
2024-01-18 09:00:00,20.207850000000004,winter weekday,21.38
2024-01-18 10:00:00,19.024500000000003,winter weekday,21.38
2024-01-18 11:00:00,18.71475,winter weekday,16.6
2024-01-18 12:00:00,17.20275,winter weekday,16.6
2024-01-18 13:00:00,16.5801,winter weekday,16.6
2024-01-18 14:00:00,16.455150000000003,winter weekday,16.6
2024-01-18 15:00:00,17.276250000000005,winter weekday,16.6
2024-01-18 16:00:00,17.829600000000003,winter weekday,16.6
2024-01-18 17:00:00,18.3714,winter weekday,16.6
2024-01-18 18:00:00,18.222300000000004,winter weekday,16.6
2024-01-18 19:00:00,17.30565,winter weekday,16.6
2024-01-18 20:00:00,16.511850000000003,winter weekday,16.6
2024-01-18 21:00:00,16.107600000000005,winter weekday,16.6
2024-01-18 22:00:00,15.87765,winter weekday,16.6
2024-01-18 23:00:00,15.10905,winter weekday,16.6
2024-01-19 00:00:00,14.7909,winter weekday,16.6
2024-01-19 01:00:00,14.40975,winter weekday,12.89
2024-01-19 02:00:00,14.27115,winter weekday,12.89
2024-01-19 03:00:00,13.9698,winter weekday,12.89
2024-01-19 04:00:00,14.0286,winter weekday,12.89
2024-01-19 05:00:00,14.46435,winter weekday,12.89
2024-01-19 06:00:00,15.5637,winter weekday,16.6
2024-01-19 07:00:00,16.532850000000003,winter weekday,16.6
2024-01-19 08:00:00,18.32835,winter weekday,16.6
2024-01-19 09:00:00,18.201300000000003,winter weekday,16.6
2024-01-19 10:00:00,17.37075,winter weekday,16.6
2024-01-19 11:00:00,16.4478,winter weekday,16.6
2024-01-19 12:00:00,15.44715,winter weekday,16.6
2024-01-19 13:00:00,15.08175,winter weekday,16.6
2024-01-19 14:00:00,15.27705,winter weekday,16.6
2024-01-19 15:00:00,15.51225,winter weekday,16.6
2024-01-19 16:00:00,16.272450000000003,winter weekday,16.6
2024-01-19 17:00:00,17.208000000000002,winter weekday,16.6
2024-01-19 18:00:00,17.0085,winter weekday,16.6
2024-01-19 19:00:00,16.014150000000004,winter weekday,16.6
2024-01-19 20:00:00,15.15,winter weekday,16.6
2024-01-19 21:00:00,14.8476,winter weekday,16.6
2024-01-19 22:00:00,14.5872,winter weekday,12.89
2024-01-19 23:00:00,14.17875,winter weekday,12.89
2024-01-20 00:00:00,14.31,winter weekend,13.95
2024-01-20 01:00:00,14.04225,winter weekend,13.95
2024-01-20 02:00:00,14.0517,winter weekend,13.95
2024-01-20 03:00:00,13.8711,winter weekend,13.95
2024-01-20 04:00:00,13.874250000000002,winter weekend,13.95
2024-01-20 05:00:00,13.86375,winter weekend,13.95
2024-01-20 06:00:00,13.951950000000002,winter weekend,13.95
2024-01-20 07:00:00,14.4045,winter weekend,13.95
2024-01-20 08:00:00,15.2361,winter weekend,13.95
2024-01-20 09:00:00,15.559500000000002,winter weekend,13.95
2024-01-20 10:00:00,14.919,winter weekend,13.95
2024-01-20 11:00:00,14.81085,winter weekend,13.95
2024-01-20 12:00:00,14.491650000000002,winter weekend,13.95
2024-01-20 13:00:00,14.6019,winter weekend,13.95
2024-01-20 14:00:00,15.08595,winter weekend,13.95
2024-01-20 15:00:00,15.68655,winter weekend,13.95
2024-01-20 16:00:00,16.599,winter weekend,18.28
2024-01-20 17:00:00,17.34765,winter weekend,18.28
2024-01-20 18:00:00,17.86635,winter weekend,18.28
2024-01-20 19:00:00,16.994850000000003,winter weekend,18.28
2024-01-20 20:00:00,15.98685,winter weekend,13.95
2024-01-20 21:00:00,15.3327,winter weekend,13.95
2024-01-20 22:00:00,15.2214,winter weekend,13.95
2024-01-20 23:00:00,14.63865,winter weekend,13.95
2024-01-21 00:00:00,14.39715,winter weekend,13.95
2024-01-21 01:00:00,13.42275,winter weekend,13.95
2024-01-21 02:00:00,13.17075,winter weekend,13.95
2024-01-21 03:00:00,12.72345,winter weekend,13.95
2024-01-21 04:00:00,12.47355,winter weekend,13.95
2024-01-21 05:00:00,12.36225,winter weekend,13.95
2024-01-21 06:00:00,12.16065,winter weekend,13.95
2024-01-21 07:00:00,11.9958,winter weekend,13.95
2024-01-21 08:00:00,12.7728,winter weekend,13.95
2024-01-21 09:00:00,13.0878,winter weekend,13.95
2024-01-21 10:00:00,12.2163,winter weekend,13.95
2024-01-21 11:00:00,12.49035,winter weekend,13.95
2024-01-21 12:00:00,11.4204,winter weekend,13.95
2024-01-21 13:00:00,11.33745,winter weekend,8.8
2024-01-21 14:00:00,12.0315,winter weekend,13.95
2024-01-21 15:00:00,12.5292,winter weekend,13.95
2024-01-21 16:00:00,12.61215,winter weekend,13.95
2024-01-21 17:00:00,13.32825,winter weekend,13.95
2024-01-21 18:00:00,13.83225,winter weekend,13.95
2024-01-21 19:00:00,13.5372,winter weekend,13.95
2024-01-21 20:00:00,12.7875,winter weekend,13.95
2024-01-21 21:00:00,12.8883,winter weekend,13.95
2024-01-21 22:00:00,12.67095,winter weekend,13.95
2024-01-21 23:00:00,11.5233,winter weekend,13.95
2024-01-22 00:00:00,11.2293,winter weekday,12.89
2024-01-22 01:00:00,9.715199999999998,winter weekday,12.89
2024-01-22 02:00:00,9.3351,winter weekday,12.89
2024-01-22 03:00:00,7.909200000000001,winter weekday,12.89
2024-01-22 04:00:00,7.911300000000001,winter weekday,12.89
2024-01-22 05:00:00,9.48,winter weekday,12.89
2024-01-22 06:00:00,11.6325,winter weekday,12.89
2024-01-22 07:00:00,13.72935,winter weekday,12.89
2024-01-22 08:00:00,14.3604,winter weekday,12.89
2024-01-22 09:00:00,13.4259,winter weekday,12.89
2024-01-22 10:00:00,13.84275,winter weekday,12.89
2024-01-22 11:00:00,13.743,winter weekday,12.89
2024-01-22 12:00:00,13.3566,winter weekday,12.89
2024-01-22 13:00:00,13.3356,winter weekday,12.89
2024-01-22 14:00:00,13.49415,winter weekday,12.89
2024-01-22 15:00:00,13.65165,winter weekday,12.89
2024-01-22 16:00:00,13.67895,winter weekday,12.89
2024-01-22 17:00:00,14.8287,winter weekday,16.6
2024-01-22 18:00:00,15.50175,winter weekday,16.6
2024-01-22 19:00:00,14.93895,winter weekday,16.6
2024-01-22 20:00:00,14.37825,winter weekday,12.89
2024-01-22 21:00:00,13.365,winter weekday,12.89
2024-01-22 22:00:00,13.24845,winter weekday,12.89
2024-01-22 23:00:00,12.617400000000002,winter weekday,12.89
2024-01-23 00:00:00,9.08415,winter weekday,12.89
2024-01-23 01:00:00,8.4405,winter weekday,12.89
2024-01-23 02:00:00,8.36385,winter weekday,12.89
2024-01-23 03:00:00,7.817850000000001,winter weekday,12.89
2024-01-23 04:00:00,8.4531,winter weekday,12.89
2024-01-23 05:00:00,11.499149999999998,winter weekday,12.89
2024-01-23 06:00:00,13.6548,winter weekday,12.89
2024-01-23 07:00:00,15.4041,winter weekday,16.6
2024-01-23 08:00:00,14.7111,winter weekday,12.89
2024-01-23 09:00:00,14.72265,winter weekday,12.89
2024-01-23 10:00:00,13.67685,winter weekday,12.89
2024-01-23 11:00:00,13.659,winter weekday,12.89
2024-01-23 12:00:00,13.5897,winter weekday,12.89
2024-01-23 13:00:00,13.62015,winter weekday,12.89
2024-01-23 14:00:00,13.963500000000002,winter weekday,12.89
2024-01-23 15:00:00,15.21615,winter weekday,16.6
2024-01-23 16:00:00,15.669750000000002,winter weekday,16.6
2024-01-23 17:00:00,15.94695,winter weekday,16.6
2024-01-23 18:00:00,16.253550000000004,winter weekday,16.6
2024-01-23 19:00:00,15.20775,winter weekday,16.6
2024-01-23 20:00:00,13.88475,winter weekday,12.89
2024-01-23 21:00:00,13.0227,winter weekday,12.89
2024-01-23 22:00:00,12.1428,winter weekday,12.89
2024-01-23 23:00:00,10.8723,winter weekday,12.89
2024-01-24 00:00:00,7.70025,winter weekday,12.89
2024-01-24 01:00:00,7.377150000000001,winter weekday,12.89
2024-01-24 02:00:00,7.3192,winter weekday,12.89
2024-01-24 03:00:00,6.961050000000001,winter weekday,12.89
2024-01-24 04:00:00,6.9202,winter weekday,12.89
2024-01-24 05:00:00,7.362900000000001,winter weekday,12.89
2024-01-24 06:00:00,8.9298,winter weekday,12.89
2024-01-24 07:00:00,11.79945,winter weekday,12.89
2024-01-24 08:00:00,12.7959,winter weekday,12.89
2024-01-24 09:00:00,12.7098,winter weekday,12.89
2024-01-24 10:00:00,12.6405,winter weekday,12.89
2024-01-24 11:00:00,12.711900000000002,winter weekday,12.89
2024-01-24 12:00:00,11.5086,winter weekday,12.89
2024-01-24 13:00:00,11.2062,winter weekday,12.89
2024-01-24 14:00:00,12.1092,winter weekday,12.89
2024-01-24 15:00:00,12.62475,winter weekday,12.89
2024-01-24 16:00:00,12.714,winter weekday,12.89
2024-01-24 17:00:00,13.07205,winter weekday,12.89
2024-01-24 18:00:00,12.9786,winter weekday,12.89
2024-01-24 19:00:00,12.63945,winter weekday,12.89
2024-01-24 20:00:00,11.8089,winter weekday,12.89
2024-01-24 21:00:00,11.5842,winter weekday,12.89
2024-01-24 22:00:00,11.79105,winter weekday,12.89
2024-01-24 23:00:00,11.42565,winter weekday,12.89
2024-01-25 00:00:00,12.0357,winter weekday,12.89
2024-01-25 01:00:00,12.1113,winter weekday,12.89
2024-01-25 02:00:00,11.9307,winter weekday,12.89
2024-01-25 03:00:00,12.0966,winter weekday,12.89
2024-01-25 04:00:00,12.2331,winter weekday,12.89
2024-01-25 05:00:00,12.8799,winter weekday,12.89
2024-01-25 06:00:00,14.6355,winter weekday,12.89
2024-01-25 07:00:00,15.53325,winter weekday,16.6
2024-01-25 08:00:00,17.026350000000004,winter weekday,16.6
2024-01-25 09:00:00,16.616850000000003,winter weekday,16.6
2024-01-25 10:00:00,16.194750000000003,winter weekday,16.6
2024-01-25 11:00:00,15.6393,winter weekday,16.6
2024-01-25 12:00:00,15.24975,winter weekday,16.6
2024-01-25 13:00:00,15.5553,winter weekday,16.6
2024-01-25 14:00:00,16.52235,winter weekday,16.6
2024-01-25 15:00:00,17.240550000000002,winter weekday,16.6
2024-01-25 16:00:00,18.1383,winter weekday,16.6
2024-01-25 17:00:00,20.3349,winter weekday,21.38
2024-01-25 18:00:00,19.5117,winter weekday,21.38
2024-01-25 19:00:00,17.752950000000002,winter weekday,16.6
2024-01-25 20:00:00,16.94235,winter weekday,16.6
2024-01-25 21:00:00,16.44255,winter weekday,16.6
2024-01-25 22:00:00,15.825150000000002,winter weekday,16.6
2024-01-25 23:00:00,15.2718,winter weekday,16.6
2024-01-26 00:00:00,13.973999999999998,winter weekday,12.89
2024-01-26 01:00:00,13.89,winter weekday,12.89
2024-01-26 02:00:00,13.52145,winter weekday,12.89
2024-01-26 03:00:00,13.44165,winter weekday,12.89
2024-01-26 04:00:00,13.37235,winter weekday,12.89
2024-01-26 05:00:00,12.8568,winter weekday,12.89
2024-01-26 06:00:00,13.61385,winter weekday,12.89
2024-01-26 07:00:00,14.8476,winter weekday,16.6
2024-01-26 08:00:00,15.42195,winter weekday,16.6
2024-01-26 09:00:00,14.7909,winter weekday,16.6
2024-01-26 10:00:00,13.84905,winter weekday,12.89
2024-01-26 11:00:00,13.5897,winter weekday,12.89
2024-01-26 12:00:00,12.8694,winter weekday,12.89
2024-01-26 13:00:00,12.25935,winter weekday,12.89
2024-01-26 14:00:00,12.5544,winter weekday,12.89
2024-01-26 15:00:00,12.64155,winter weekday,12.89
2024-01-26 16:00:00,12.9177,winter weekday,12.89
2024-01-26 17:00:00,13.7535,winter weekday,12.89
2024-01-26 18:00:00,13.54875,winter weekday,12.89
2024-01-26 19:00:00,14.2008,winter weekday,12.89
2024-01-26 20:00:00,13.5519,winter weekday,12.89
2024-01-26 21:00:00,13.8921,winter weekday,12.89
2024-01-26 22:00:00,13.6359,winter weekday,12.89
2024-01-26 23:00:00,13.3734,winter weekday,12.89
2024-01-27 00:00:00,13.2075,winter weekend,13.95
2024-01-27 01:00:00,13.15815,winter weekend,13.95
2024-01-27 02:00:00,13.28205,winter weekend,13.95
2024-01-27 03:00:00,13.16025,winter weekend,13.95
2024-01-27 04:00:00,13.2327,winter weekend,13.95
2024-01-27 05:00:00,13.34715,winter weekend,13.95
2024-01-27 06:00:00,13.58235,winter weekend,13.95
2024-01-27 07:00:00,14.30055,winter weekend,13.95
2024-01-27 08:00:00,15.28545,winter weekend,13.95
2024-01-27 09:00:00,14.9988,winter weekend,13.95
2024-01-27 10:00:00,13.6863,winter weekend,13.95
2024-01-27 11:00:00,13.32405,winter weekend,13.95
2024-01-27 12:00:00,13.2432,winter weekend,13.95
2024-01-27 13:00:00,13.0374,winter weekend,13.95
2024-01-27 14:00:00,13.6506,winter weekend,13.95
2024-01-27 15:00:00,14.9862,winter weekend,13.95
2024-01-27 16:00:00,16.160100000000003,winter weekend,18.28
2024-01-27 17:00:00,17.183850000000003,winter weekend,18.28
2024-01-27 18:00:00,17.454750000000004,winter weekend,18.28
2024-01-27 19:00:00,17.095650000000003,winter weekend,18.28
2024-01-27 20:00:00,16.244100000000003,winter weekend,18.28
2024-01-27 21:00:00,15.36735,winter weekend,13.95
2024-01-27 22:00:00,15.35685,winter weekend,13.95
2024-01-27 23:00:00,15.0135,winter weekend,13.95
2024-01-28 00:00:00,14.39085,winter weekend,13.95
2024-01-28 01:00:00,13.7766,winter weekend,13.95
2024-01-28 02:00:00,13.64325,winter weekend,13.95
2024-01-28 03:00:00,13.6737,winter weekend,13.95
2024-01-28 04:00:00,13.827,winter weekend,13.95
2024-01-28 05:00:00,14.11155,winter weekend,13.95
2024-01-28 06:00:00,13.73565,winter weekend,13.95
2024-01-28 07:00:00,13.6422,winter weekend,13.95
2024-01-28 08:00:00,13.64115,winter weekend,13.95
2024-01-28 09:00:00,13.1634,winter weekend,13.95
2024-01-28 10:00:00,12.7518,winter weekend,13.95
2024-01-28 11:00:00,12.18375,winter weekend,13.95
2024-01-28 12:00:00,11.7459,winter weekend,13.95
2024-01-28 13:00:00,11.58945,winter weekend,13.95
2024-01-28 14:00:00,12.69825,winter weekend,13.95
2024-01-28 15:00:00,13.30305,winter weekend,13.95
2024-01-28 16:00:00,14.61135,winter weekend,13.95
2024-01-28 17:00:00,15.553200000000002,winter weekend,13.95
2024-01-28 18:00:00,14.93265,winter weekend,13.95
2024-01-28 19:00:00,14.7174,winter weekend,13.95
2024-01-28 20:00:00,14.54625,winter weekend,13.95
2024-01-28 21:00:00,13.38285,winter weekend,13.95
2024-01-28 22:00:00,13.62015,winter weekend,13.95
2024-01-28 23:00:00,13.26,winter weekend,13.95
2024-01-29 00:00:00,12.62685,winter weekday,12.89
2024-01-29 01:00:00,12.3423,winter weekday,12.89
2024-01-29 02:00:00,12.4326,winter weekday,12.89
2024-01-29 03:00:00,12.41685,winter weekday,12.89
2024-01-29 04:00:00,12.7959,winter weekday,12.89
2024-01-29 05:00:00,13.6863,winter weekday,12.89
2024-01-29 06:00:00,15.78,winter weekday,16.6
2024-01-29 07:00:00,17.20485,winter weekday,16.6
2024-01-29 08:00:00,17.79285,winter weekday,16.6
2024-01-29 09:00:00,16.660950000000003,winter weekday,16.6
2024-01-29 10:00:00,15.664500000000002,winter weekday,16.6
2024-01-29 11:00:00,14.86335,winter weekday,16.6
2024-01-29 12:00:00,14.7552,winter weekday,16.6
2024-01-29 13:00:00,15.25395,winter weekday,16.6
2024-01-29 14:00:00,16.04775,winter weekday,16.6
2024-01-29 15:00:00,17.628,winter weekday,16.6
2024-01-29 16:00:00,18.76515,winter weekday,16.6
2024-01-29 17:00:00,20.759100000000004,winter weekday,21.38
2024-01-29 18:00:00,19.696500000000004,winter weekday,21.38
2024-01-29 19:00:00,18.669600000000003,winter weekday,16.6
2024-01-29 20:00:00,17.037900000000004,winter weekday,16.6
2024-01-29 21:00:00,16.492950000000004,winter weekday,16.6
2024-01-29 22:00:00,16.139100000000003,winter weekday,16.6
2024-01-29 23:00:00,15.81045,winter weekday,16.6
2024-01-30 00:00:00,14.9337,winter weekday,16.6
2024-01-30 01:00:00,14.602950000000002,winter weekday,12.89
2024-01-30 02:00:00,14.66385,winter weekday,12.89
2024-01-30 03:00:00,14.4612,winter weekday,12.89
2024-01-30 04:00:00,14.4339,winter weekday,12.89
2024-01-30 05:00:00,14.66385,winter weekday,12.89
2024-01-30 06:00:00,15.615150000000002,winter weekday,16.6
2024-01-30 07:00:00,16.893,winter weekday,16.6
2024-01-30 08:00:00,17.452650000000002,winter weekday,16.6
2024-01-30 09:00:00,16.29765,winter weekday,16.6
2024-01-30 10:00:00,15.480750000000002,winter weekday,16.6
2024-01-30 11:00:00,14.7405,winter weekday,12.89
2024-01-30 12:00:00,14.5305,winter weekday,12.89
2024-01-30 13:00:00,14.54415,winter weekday,12.89
2024-01-30 14:00:00,14.93265,winter weekday,16.6
2024-01-30 15:00:00,15.726450000000002,winter weekday,16.6
2024-01-30 16:00:00,16.027800000000003,winter weekday,16.6
2024-01-30 17:00:00,16.637850000000004,winter weekday,16.6
2024-01-30 18:00:00,17.79915,winter weekday,16.6
2024-01-30 19:00:00,17.03055,winter weekday,16.6
2024-01-30 20:00:00,16.414200000000005,winter weekday,16.6
2024-01-30 21:00:00,15.57,winter weekday,16.6
2024-01-30 22:00:00,15.25605,winter weekday,16.6
2024-01-30 23:00:00,14.88855,winter weekday,16.6
2024-01-31 00:00:00,14.91165,winter weekday,16.6
2024-01-31 01:00:00,14.74995,winter weekday,16.6
2024-01-31 02:00:00,14.82345,winter weekday,16.6
2024-01-31 03:00:00,14.7111,winter weekday,12.89
2024-01-31 04:00:00,14.6397,winter weekday,12.89
2024-01-31 05:00:00,15.1311,winter weekday,16.6
2024-01-31 06:00:00,16.289250000000003,winter weekday,16.6
2024-01-31 07:00:00,18.73785,winter weekday,16.6
2024-01-31 08:00:00,19.97265,winter weekday,21.38
2024-01-31 09:00:00,17.20905,winter weekday,16.6
2024-01-31 10:00:00,16.092900000000004,winter weekday,16.6
2024-01-31 11:00:00,15.47445,winter weekday,16.6
2024-01-31 12:00:00,15.24555,winter weekday,16.6
2024-01-31 13:00:00,14.4843,winter weekday,12.89
2024-01-31 14:00:00,14.38245,winter weekday,12.89
2024-01-31 15:00:00,15.34635,winter weekday,16.6
2024-01-31 16:00:00,15.9501,winter weekday,16.6
2024-01-31 17:00:00,16.610550000000003,winter weekday,16.6
2024-01-31 18:00:00,16.491900000000005,winter weekday,16.6
2024-01-31 19:00:00,15.11325,winter weekday,16.6
2024-01-31 20:00:00,14.31315,winter weekday,12.89
2024-01-31 21:00:00,13.3608,winter weekday,12.89
2024-01-31 22:00:00,13.0584,winter weekday,12.89
2024-01-31 23:00:00,11.55165,winter weekday,12.89
2024-02-01 00:00:00,12.3213,winter weekday,12.89
2024-02-01 01:00:00,11.6976,winter weekday,12.89
2024-02-01 02:00:00,11.8068,winter weekday,12.89
2024-02-01 03:00:00,11.90025,winter weekday,12.89
2024-02-01 04:00:00,12.30555,winter weekday,12.89
2024-02-01 05:00:00,13.1907,winter weekday,12.89
2024-02-01 06:00:00,14.62605,winter weekday,12.89
2024-02-01 07:00:00,16.422600000000003,winter weekday,16.6
2024-02-01 08:00:00,17.0925,winter weekday,16.6
2024-02-01 09:00:00,16.440450000000002,winter weekday,16.6
2024-02-01 10:00:00,16.165350000000004,winter weekday,16.6
2024-02-01 11:00:00,15.4881,winter weekday,16.6
2024-02-01 12:00:00,14.478,winter weekday,12.89
2024-02-01 13:00:00,13.3923,winter weekday,12.89
2024-02-01 14:00:00,14.5977,winter weekday,12.89
2024-02-01 15:00:00,15.26235,winter weekday,16.6
2024-02-01 16:00:00,15.470250000000002,winter weekday,16.6
2024-02-01 17:00:00,16.99905,winter weekday,16.6
2024-02-01 18:00:00,17.32035,winter weekday,16.6
2024-02-01 19:00:00,17.658450000000002,winter weekday,16.6
2024-02-01 20:00:00,16.82685,winter weekday,16.6
2024-02-01 21:00:00,16.125450000000004,winter weekday,16.6
2024-02-01 22:00:00,15.977399999999998,winter weekday,16.6
2024-02-01 23:00:00,15.0849,winter weekday,16.6
2024-02-02 00:00:00,14.12835,winter weekday,12.89
2024-02-02 01:00:00,13.6737,winter weekday,12.89
2024-02-02 02:00:00,13.47,winter weekday,12.89
2024-02-02 03:00:00,13.12245,winter weekday,12.89
2024-02-02 04:00:00,12.96915,winter weekday,12.89
2024-02-02 05:00:00,13.16235,winter weekday,12.89
2024-02-02 06:00:00,14.4087,winter weekday,12.89
2024-02-02 07:00:00,15.46395,winter weekday,16.6
2024-02-02 08:00:00,16.7586,winter weekday,16.6
2024-02-02 09:00:00,16.399500000000003,winter weekday,16.6
2024-02-02 10:00:00,15.86085,winter weekday,16.6
2024-02-02 11:00:00,15.27075,winter weekday,16.6
2024-02-02 12:00:00,14.184,winter weekday,12.89
2024-02-02 13:00:00,13.3146,winter weekday,12.89
2024-02-02 14:00:00,13.13715,winter weekday,12.89
2024-02-02 15:00:00,12.95445,winter weekday,12.89
2024-02-02 16:00:00,12.91665,winter weekday,12.89
2024-02-02 17:00:00,13.5225,winter weekday,12.89
2024-02-02 18:00:00,14.62185,winter weekday,12.89
2024-02-02 19:00:00,14.0307,winter weekday,12.89
2024-02-02 20:00:00,13.1613,winter weekday,12.89
2024-02-02 21:00:00,12.5964,winter weekday,12.89
2024-02-02 22:00:00,12.21315,winter weekday,12.89
2024-02-02 23:00:00,11.16525,winter weekday,12.89
2024-02-03 00:00:00,9.9777,winter weekend,8.8
2024-02-03 01:00:00,8.72925,winter weekend,8.8
2024-02-03 02:00:00,8.08665,winter weekend,8.8
2024-02-03 03:00:00,8.48355,winter weekend,8.8
2024-02-03 04:00:00,8.275649999999999,winter weekend,8.8
2024-02-03 05:00:00,8.304,winter weekend,8.8
2024-02-03 06:00:00,9.1104,winter weekend,8.8
2024-02-03 07:00:00,10.96785,winter weekend,8.8
2024-02-03 08:00:00,12.20895,winter weekend,13.95
2024-02-03 09:00:00,12.20685,winter weekend,13.95
2024-02-03 10:00:00,11.1201,winter weekend,8.8
2024-02-03 11:00:00,10.5741,winter weekend,8.8
2024-02-03 12:00:00,10.5909,winter weekend,8.8
2024-02-03 13:00:00,10.5951,winter weekend,8.8
2024-02-03 14:00:00,11.6577,winter weekend,13.95
2024-02-03 15:00:00,11.9685,winter weekend,13.95
2024-02-03 16:00:00,12.5628,winter weekend,13.95
2024-02-03 17:00:00,13.45215,winter weekend,13.95
2024-02-03 18:00:00,14.57985,winter weekend,13.95
2024-02-03 19:00:00,14.307900000000002,winter weekend,13.95
2024-02-03 20:00:00,13.08885,winter weekend,13.95
2024-02-03 21:00:00,12.75705,winter weekend,13.95
2024-02-03 22:00:00,12.71505,winter weekend,13.95
2024-02-03 23:00:00,11.44455,winter weekend,13.95
2024-02-04 00:00:00,11.0865,winter weekend,8.8
2024-02-04 01:00:00,8.434199999999999,winter weekend,8.8
2024-02-04 02:00:00,7.719150000000001,winter weekend,8.8
2024-02-04 03:00:00,7.4514,winter weekend,8.8
2024-02-04 04:00:00,7.380000000000001,winter weekend,8.8
2024-02-04 05:00:00,7.380000000000001,winter weekend,8.8
2024-02-04 06:00:00,7.380000000000001,winter weekend,8.8
2024-02-04 07:00:00,7.49025,winter weekend,8.8
2024-02-04 08:00:00,8.31135,winter weekend,8.8
2024-02-04 09:00:00,8.41215,winter weekend,8.8
2024-02-04 10:00:00,8.52135,winter weekend,8.8
2024-02-04 11:00:00,8.72505,winter weekend,8.8
2024-02-04 12:00:00,8.8311,winter weekend,8.8
2024-02-04 13:00:00,7.865100000000001,winter weekend,8.8
2024-02-04 14:00:00,8.400599999999999,winter weekend,8.8
2024-02-04 15:00:00,9.0306,winter weekend,8.8
2024-02-04 16:00:00,9.31515,winter weekend,8.8
2024-02-04 17:00:00,11.46555,winter weekend,13.95
2024-02-04 18:00:00,12.21105,winter weekend,13.95
2024-02-04 19:00:00,11.17785,winter weekend,8.8
2024-02-04 20:00:00,10.43025,winter weekend,8.8
2024-02-04 21:00:00,9.9546,winter weekend,8.8
2024-02-04 22:00:00,9.9462,winter weekend,8.8
2024-02-04 23:00:00,7.439850000000001,winter weekend,8.8
2024-02-05 00:00:00,7.380000000000001,winter weekday,12.89
2024-02-05 01:00:00,7.377150000000001,winter weekday,12.89
2024-02-05 02:00:00,7.373350000000001,winter weekday,12.89
2024-02-05 03:00:00,7.367650000000001,winter weekday,12.89
2024-02-05 04:00:00,7.375250000000001,winter weekday,12.89
2024-02-05 05:00:00,7.424100000000001,winter weekday,12.89
2024-02-05 06:00:00,11.47185,winter weekday,12.89
2024-02-05 07:00:00,13.56555,winter weekday,12.89
2024-02-05 08:00:00,13.9236,winter weekday,12.89
2024-02-05 09:00:00,13.3503,winter weekday,12.89
2024-02-05 10:00:00,12.93765,winter weekday,12.89
2024-02-05 11:00:00,11.59575,winter weekday,12.89
2024-02-05 12:00:00,8.120249999999999,winter weekday,12.89
2024-02-05 13:00:00,7.49445,winter weekday,12.89
2024-02-05 14:00:00,7.90605,winter weekday,12.89
2024-02-05 15:00:00,12.9555,winter weekday,12.89
2024-02-05 16:00:00,13.7556,winter weekday,12.89
2024-02-05 17:00:00,14.56935,winter weekday,12.89
2024-02-05 18:00:00,14.6019,winter weekday,12.89
2024-02-05 19:00:00,13.8732,winter weekday,12.89
2024-02-05 20:00:00,13.7304,winter weekday,12.89
2024-02-05 21:00:00,13.64325,winter weekday,12.89
2024-02-05 22:00:00,13.2915,winter weekday,12.89
2024-02-05 23:00:00,12.35805,winter weekday,12.89
2024-02-06 00:00:00,11.0592,winter weekday,12.89
2024-02-06 01:00:00,10.28325,winter weekday,12.89
2024-02-06 02:00:00,8.1234,winter weekday,12.89
2024-02-06 03:00:00,7.702350000000001,winter weekday,12.89
2024-02-06 04:00:00,7.583700000000001,winter weekday,12.89
2024-02-06 05:00:00,9.414899999999998,winter weekday,12.89
2024-02-06 06:00:00,12.63,winter weekday,12.89
2024-02-06 07:00:00,14.5368,winter weekday,12.89
2024-02-06 08:00:00,13.89,winter weekday,12.89
2024-02-06 09:00:00,13.82175,winter weekday,12.89
2024-02-06 10:00:00,13.3188,winter weekday,12.89
2024-02-06 11:00:00,12.8085,winter weekday,12.89
2024-02-06 12:00:00,11.94435,winter weekday,12.89
2024-02-06 13:00:00,11.8467,winter weekday,12.89
2024-02-06 14:00:00,11.59155,winter weekday,12.89
2024-02-06 15:00:00,12.62055,winter weekday,12.89
2024-02-06 16:00:00,13.3146,winter weekday,12.89
2024-02-06 17:00:00,13.99185,winter weekday,12.89
2024-02-06 18:00:00,13.8858,winter weekday,12.89
2024-02-06 19:00:00,13.8018,winter weekday,12.89
2024-02-06 20:00:00,13.5897,winter weekday,12.89
2024-02-06 21:00:00,13.3062,winter weekday,12.89
2024-02-06 22:00:00,13.3146,winter weekday,12.89
2024-02-06 23:00:00,12.8778,winter weekday,12.89
2024-02-07 00:00:00,11.70285,winter weekday,12.89
2024-02-07 01:00:00,11.1096,winter weekday,12.89
2024-02-07 02:00:00,10.96575,winter weekday,12.89
2024-02-07 03:00:00,12.271950000000002,winter weekday,12.89
2024-02-07 04:00:00,13.09935,winter weekday,12.89
2024-02-07 05:00:00,13.64115,winter weekday,12.89
2024-02-07 06:00:00,15.23715,winter weekday,16.6
2024-02-07 07:00:00,16.48035,winter weekday,16.6
2024-02-07 08:00:00,16.515,winter weekday,16.6
2024-02-07 09:00:00,16.360650000000003,winter weekday,16.6
2024-02-07 10:00:00,15.902850000000004,winter weekday,16.6
2024-02-07 11:00:00,15.57105,winter weekday,16.6
2024-02-07 12:00:00,15.3579,winter weekday,16.6
2024-02-07 13:00:00,15.7002,winter weekday,16.6
2024-02-07 14:00:00,15.56895,winter weekday,16.6
2024-02-07 15:00:00,16.64205,winter weekday,16.6
2024-02-07 16:00:00,17.596500000000002,winter weekday,16.6
2024-02-07 17:00:00,19.98525,winter weekday,21.38
2024-02-07 18:00:00,21.683100000000003,winter weekday,21.38
2024-02-07 19:00:00,18.8985,winter weekday,16.6
2024-02-07 20:00:00,17.87055,winter weekday,16.6
2024-02-07 21:00:00,16.583250000000003,winter weekday,16.6
2024-02-07 22:00:00,16.161150000000003,winter weekday,16.6
2024-02-07 23:00:00,15.69705,winter weekday,16.6
2024-02-08 00:00:00,15.1185,winter weekday,16.6
2024-02-08 01:00:00,15.066,winter weekday,16.6
2024-02-08 02:00:00,14.95575,winter weekday,16.6
2024-02-08 03:00:00,15.0387,winter weekday,16.6
2024-02-08 04:00:00,15.11325,winter weekday,16.6
2024-02-08 05:00:00,15.554249999999998,winter weekday,16.6
2024-02-08 06:00:00,16.523400000000002,winter weekday,16.6
2024-02-08 07:00:00,18.930000000000003,winter weekday,16.6
2024-02-08 08:00:00,21.360750000000003,winter weekday,21.38
2024-02-08 09:00:00,19.302750000000003,winter weekday,21.38
2024-02-08 10:00:00,17.64795,winter weekday,16.6
2024-02-08 11:00:00,17.026350000000004,winter weekday,16.6
2024-02-08 12:00:00,16.7649,winter weekday,16.6
2024-02-08 13:00:00,16.932900000000004,winter weekday,16.6
2024-02-08 14:00:00,17.344500000000004,winter weekday,16.6
2024-02-08 15:00:00,17.2899,winter weekday,16.6
2024-02-08 16:00:00,17.146050000000002,winter weekday,16.6
2024-02-08 17:00:00,18.195000000000004,winter weekday,16.6
2024-02-08 18:00:00,17.32035,winter weekday,16.6
2024-02-08 19:00:00,16.416300000000003,winter weekday,16.6
2024-02-08 20:00:00,16.116000000000003,winter weekday,16.6
2024-02-08 21:00:00,15.84405,winter weekday,16.6
2024-02-08 22:00:00,15.318,winter weekday,16.6
2024-02-08 23:00:00,14.307900000000002,winter weekday,12.89
2024-02-09 00:00:00,13.72515,winter weekday,12.89
2024-02-09 01:00:00,13.53405,winter weekday,12.89
2024-02-09 02:00:00,13.2327,winter weekday,12.89
2024-02-09 03:00:00,12.79905,winter weekday,12.89
2024-02-09 04:00:00,12.6258,winter weekday,12.89
2024-02-09 05:00:00,12.8736,winter weekday,12.89
2024-02-09 06:00:00,13.5834,winter weekday,12.89
2024-02-09 07:00:00,14.39295,winter weekday,12.89
2024-02-09 08:00:00,14.74365,winter weekday,12.89
2024-02-09 09:00:00,14.55885,winter weekday,12.89
2024-02-09 10:00:00,14.6796,winter weekday,12.89
2024-02-09 11:00:00,14.7237,winter weekday,12.89
2024-02-09 12:00:00,14.50425,winter weekday,12.89
2024-02-09 13:00:00,14.4927,winter weekday,12.89
2024-02-09 14:00:00,15.0681,winter weekday,16.6
2024-02-09 15:00:00,15.9438,winter weekday,16.6
2024-02-09 16:00:00,16.8426,winter weekday,16.6
2024-02-09 17:00:00,17.402250000000002,winter weekday,16.6
2024-02-09 18:00:00,17.402250000000002,winter weekday,16.6
2024-02-09 19:00:00,16.52025,winter weekday,16.6
2024-02-09 20:00:00,15.826200000000002,winter weekday,16.6
2024-02-09 21:00:00,15.276000000000002,winter weekday,16.6
2024-02-09 22:00:00,15.24555,winter weekday,16.6
2024-02-09 23:00:00,14.8287,winter weekday,16.6
2024-02-10 00:00:00,14.0055,winter weekend,13.95
2024-02-10 01:00:00,14.1084,winter weekend,13.95
2024-02-10 02:00:00,14.142,winter weekend,13.95
2024-02-10 03:00:00,14.14095,winter weekend,13.95
2024-02-10 04:00:00,14.14305,winter weekend,13.95
2024-02-10 05:00:00,14.291099999999998,winter weekend,13.95
2024-02-10 06:00:00,14.82555,winter weekend,13.95
2024-02-10 07:00:00,15.2403,winter weekend,13.95
2024-02-10 08:00:00,15.5385,winter weekend,13.95
2024-02-10 09:00:00,15.819900000000002,winter weekend,13.95
2024-02-10 10:00:00,15.21195,winter weekend,13.95
2024-02-10 11:00:00,14.67015,winter weekend,13.95
2024-02-10 12:00:00,14.5515,winter weekend,13.95
2024-02-10 13:00:00,14.3856,winter weekend,13.95
2024-02-10 14:00:00,14.680650000000002,winter weekend,13.95
2024-02-10 15:00:00,15.48285,winter weekend,13.95
2024-02-10 16:00:00,16.423650000000002,winter weekend,18.28
2024-02-10 17:00:00,16.71975,winter weekend,18.28
2024-02-10 18:00:00,16.5801,winter weekend,18.28
2024-02-10 19:00:00,15.886050000000004,winter weekend,13.95
2024-02-10 20:00:00,15.192000000000002,winter weekend,13.95
2024-02-10 21:00:00,14.5032,winter weekend,13.95
2024-02-10 22:00:00,14.2953,winter weekend,13.95
2024-02-10 23:00:00,14.0433,winter weekend,13.95
2024-02-11 00:00:00,13.2054,winter weekend,13.95
2024-02-11 01:00:00,13.01535,winter weekend,13.95
2024-02-11 02:00:00,12.903,winter weekend,13.95
2024-02-11 03:00:00,12.29715,winter weekend,13.95
2024-02-11 04:00:00,11.9622,winter weekend,13.95
2024-02-11 05:00:00,12.23625,winter weekend,13.95
2024-02-11 06:00:00,12.54495,winter weekend,13.95
2024-02-11 07:00:00,12.9618,winter weekend,13.95
2024-02-11 08:00:00,13.1613,winter weekend,13.95
2024-02-11 09:00:00,13.46685,winter weekend,13.95
2024-02-11 10:00:00,13.8018,winter weekend,13.95
2024-02-11 11:00:00,14.2617,winter weekend,13.95
2024-02-11 12:00:00,14.162999999999998,winter weekend,13.95
2024-02-11 13:00:00,13.9026,winter weekend,13.95
2024-02-11 14:00:00,14.09895,winter weekend,13.95
2024-02-11 15:00:00,14.3415,winter weekend,13.95
2024-02-11 16:00:00,14.80245,winter weekend,13.95
2024-02-11 17:00:00,15.6225,winter weekend,13.95
2024-02-11 18:00:00,15.8577,winter weekend,13.95
2024-02-11 19:00:00,15.7506,winter weekend,13.95
2024-02-11 20:00:00,15.43875,winter weekend,13.95
2024-02-11 21:00:00,14.8056,winter weekend,13.95
2024-02-11 22:00:00,14.56095,winter weekend,13.95
2024-02-11 23:00:00,14.10105,winter weekend,13.95
2024-02-12 00:00:00,14.13675,winter weekday,12.89
2024-02-12 01:00:00,13.84695,winter weekday,12.89
2024-02-12 02:00:00,13.74825,winter weekday,12.89
2024-02-12 03:00:00,13.61595,winter weekday,12.89
2024-02-12 04:00:00,13.59705,winter weekday,12.89
2024-02-12 05:00:00,14.205,winter weekday,12.89
2024-02-12 06:00:00,15.36,winter weekday,16.6
2024-02-12 07:00:00,16.348050000000004,winter weekday,16.6
2024-02-12 08:00:00,18.300000000000004,winter weekday,16.6
2024-02-12 09:00:00,17.512500000000003,winter weekday,16.6
2024-02-12 10:00:00,16.354350000000004,winter weekday,16.6
2024-02-12 11:00:00,15.6897,winter weekday,16.6
2024-02-12 12:00:00,14.45385,winter weekday,12.89
2024-02-12 13:00:00,14.07375,winter weekday,12.89
2024-02-12 14:00:00,14.09475,winter weekday,12.89
2024-02-12 15:00:00,14.352000000000002,winter weekday,12.89
2024-02-12 16:00:00,15.614100000000002,winter weekday,16.6
2024-02-12 17:00:00,17.239500000000003,winter weekday,16.6
2024-02-12 18:00:00,17.46,winter weekday,16.6
2024-02-12 19:00:00,16.733400000000003,winter weekday,16.6
2024-02-12 20:00:00,15.69075,winter weekday,16.6
2024-02-12 21:00:00,14.891700000000002,winter weekday,16.6
2024-02-12 22:00:00,14.296350000000002,winter weekday,12.89
2024-02-12 23:00:00,13.879499999999998,winter weekday,12.89
2024-02-13 00:00:00,14.58195,winter weekday,12.89
2024-02-13 01:00:00,14.24385,winter weekday,12.89
2024-02-13 02:00:00,14.03805,winter weekday,12.89
2024-02-13 03:00:00,13.73145,winter weekday,12.89
2024-02-13 04:00:00,13.6863,winter weekday,12.89
2024-02-13 05:00:00,14.05695,winter weekday,12.89
2024-02-13 06:00:00,14.80245,winter weekday,16.6
2024-02-13 07:00:00,16.0089,winter weekday,16.6
2024-02-13 08:00:00,16.735500000000002,winter weekday,16.6
2024-02-13 09:00:00,15.2676,winter weekday,16.6
2024-02-13 10:00:00,14.647049999999998,winter weekday,12.89
2024-02-13 11:00:00,14.08635,winter weekday,12.89
2024-02-13 12:00:00,13.73565,winter weekday,12.89
2024-02-13 13:00:00,13.7073,winter weekday,12.89
2024-02-13 14:00:00,14.0055,winter weekday,12.89
2024-02-13 15:00:00,14.8035,winter weekday,16.6
2024-02-13 16:00:00,15.6078,winter weekday,16.6
2024-02-13 17:00:00,17.356050000000003,winter weekday,16.6
2024-02-13 18:00:00,17.8674,winter weekday,16.6
2024-02-13 19:00:00,16.933950000000003,winter weekday,16.6
2024-02-13 20:00:00,15.56685,winter weekday,16.6
2024-02-13 21:00:00,14.9253,winter weekday,16.6
2024-02-13 22:00:00,14.56095,winter weekday,12.89
2024-02-13 23:00:00,14.1777,winter weekday,12.89
2024-02-14 00:00:00,13.746150000000002,winter weekday,12.89
2024-02-14 01:00:00,13.6107,winter weekday,12.89
2024-02-14 02:00:00,13.2348,winter weekday,12.89
2024-02-14 03:00:00,13.13295,winter weekday,12.89
2024-02-14 04:00:00,13.1613,winter weekday,12.89
2024-02-14 05:00:00,13.51515,winter weekday,12.89
2024-02-14 06:00:00,14.01915,winter weekday,12.89
2024-02-14 07:00:00,15.0177,winter weekday,16.6
2024-02-14 08:00:00,15.75165,winter weekday,16.6
2024-02-14 09:00:00,14.69325,winter weekday,12.89
2024-02-14 10:00:00,14.0853,winter weekday,12.89
2024-02-14 11:00:00,14.02545,winter weekday,12.89
2024-02-14 12:00:00,13.95615,winter weekday,12.89
2024-02-14 13:00:00,14.0811,winter weekday,12.89
2024-02-14 14:00:00,14.62815,winter weekday,12.89
2024-02-14 15:00:00,14.964150000000002,winter weekday,16.6
2024-02-14 16:00:00,15.6267,winter weekday,16.6
2024-02-14 17:00:00,16.091850000000004,winter weekday,16.6
2024-02-14 18:00:00,16.5759,winter weekday,16.6
2024-02-14 19:00:00,16.24935,winter weekday,16.6
2024-02-14 20:00:00,15.4104,winter weekday,16.6
2024-02-14 21:00:00,14.696400000000002,winter weekday,12.89
2024-02-14 22:00:00,14.541,winter weekday,12.89
2024-02-14 23:00:00,14.079,winter weekday,12.89
2024-02-15 00:00:00,13.85955,winter weekday,12.89
2024-02-15 01:00:00,13.79865,winter weekday,12.89
2024-02-15 02:00:00,13.7115,winter weekday,12.89
2024-02-15 03:00:00,13.65375,winter weekday,12.89
2024-02-15 04:00:00,13.8837,winter weekday,12.89
2024-02-15 05:00:00,14.3163,winter weekday,12.89
2024-02-15 06:00:00,14.96205,winter weekday,16.6
2024-02-15 07:00:00,15.94485,winter weekday,16.6
2024-02-15 08:00:00,16.060350000000003,winter weekday,16.6
2024-02-15 09:00:00,15.6498,winter weekday,16.6
2024-02-15 10:00:00,15.168900000000002,winter weekday,16.6
2024-02-15 11:00:00,14.7258,winter weekday,12.89
2024-02-15 12:00:00,14.37615,winter weekday,12.89
2024-02-15 13:00:00,14.32995,winter weekday,12.89
2024-02-15 14:00:00,14.72055,winter weekday,12.89
2024-02-15 15:00:00,15.26025,winter weekday,16.6
2024-02-15 16:00:00,15.68025,winter weekday,16.6
2024-02-15 17:00:00,16.515,winter weekday,16.6
2024-02-15 18:00:00,16.50555,winter weekday,16.6
2024-02-15 19:00:00,15.31905,winter weekday,16.6
2024-02-15 20:00:00,14.77935,winter weekday,16.6
2024-02-15 21:00:00,13.99185,winter weekday,12.89
2024-02-15 22:00:00,14.00445,winter weekday,12.89
2024-02-15 23:00:00,13.56555,winter weekday,12.89
2024-02-16 00:00:00,12.8148,winter weekday,12.89
2024-02-16 01:00:00,12.7434,winter weekday,12.89
2024-02-16 02:00:00,12.6216,winter weekday,12.89
2024-02-16 03:00:00,12.50505,winter weekday,12.89
2024-02-16 04:00:00,12.7749,winter weekday,12.89
2024-02-16 05:00:00,13.00065,winter weekday,12.89
2024-02-16 06:00:00,13.59075,winter weekday,12.89
2024-02-16 07:00:00,14.66595,winter weekday,12.89
2024-02-16 08:00:00,14.7825,winter weekday,16.6
2024-02-16 09:00:00,14.1882,winter weekday,12.89
2024-02-16 10:00:00,13.08885,winter weekday,12.89
2024-02-16 11:00:00,12.945,winter weekday,12.89
2024-02-16 12:00:00,12.87465,winter weekday,12.89
2024-02-16 13:00:00,12.87255,winter weekday,12.89
2024-02-16 14:00:00,13.0269,winter weekday,12.89
2024-02-16 15:00:00,13.951950000000002,winter weekday,12.89
2024-02-16 16:00:00,14.72895,winter weekday,12.89
2024-02-16 17:00:00,15.0009,winter weekday,16.6
2024-02-16 18:00:00,15.509100000000002,winter weekday,16.6
2024-02-16 19:00:00,15.4419,winter weekday,16.6
2024-02-16 20:00:00,14.98935,winter weekday,16.6
2024-02-16 21:00:00,14.667,winter weekday,12.89
2024-02-16 22:00:00,14.52525,winter weekday,12.89
2024-02-16 23:00:00,13.6821,winter weekday,12.89
2024-02-17 00:00:00,13.39755,winter weekend,13.95
2024-02-17 01:00:00,13.365,winter weekend,13.95
2024-02-17 02:00:00,13.2474,winter weekend,13.95
2024-02-17 03:00:00,13.1193,winter weekend,13.95
2024-02-17 04:00:00,13.1151,winter weekend,13.95
2024-02-17 05:00:00,13.2054,winter weekend,13.95
2024-02-17 06:00:00,13.17285,winter weekend,13.95
2024-02-17 07:00:00,13.3545,winter weekend,13.95
2024-02-17 08:00:00,14.19345,winter weekend,13.95
2024-02-17 09:00:00,14.02545,winter weekend,13.95
2024-02-17 10:00:00,13.8921,winter weekend,13.95
2024-02-17 11:00:00,13.75245,winter weekend,13.95
2024-02-17 12:00:00,13.4973,winter weekend,13.95
2024-02-17 13:00:00,13.18125,winter weekend,13.95
2024-02-17 14:00:00,13.584450000000002,winter weekend,13.95
2024-02-17 15:00:00,14.60715,winter weekend,13.95
2024-02-17 16:00:00,15.25815,winter weekend,13.95
2024-02-17 17:00:00,16.612650000000002,winter weekend,18.28
2024-02-17 18:00:00,18.936300000000003,winter weekend,18.28
2024-02-17 19:00:00,16.8594,winter weekend,18.28
2024-02-17 20:00:00,15.87765,winter weekend,13.95
2024-02-17 21:00:00,15.20985,winter weekend,13.95
2024-02-17 22:00:00,14.9862,winter weekend,13.95
2024-02-17 23:00:00,14.63655,winter weekend,13.95
2024-02-18 00:00:00,13.929900000000002,winter weekend,13.95
2024-02-18 01:00:00,13.13505,winter weekend,13.95
2024-02-18 02:00:00,12.7812,winter weekend,13.95
2024-02-18 03:00:00,12.6636,winter weekend,13.95
2024-02-18 04:00:00,12.64995,winter weekend,13.95
2024-02-18 05:00:00,12.46935,winter weekend,13.95
2024-02-18 06:00:00,12.2121,winter weekend,13.95
2024-02-18 07:00:00,12.52185,winter weekend,13.95
2024-02-18 08:00:00,12.3444,winter weekend,13.95
2024-02-18 09:00:00,11.89815,winter weekend,13.95
2024-02-18 10:00:00,11.62725,winter weekend,13.95
2024-02-18 11:00:00,11.685,winter weekend,13.95
2024-02-18 12:00:00,11.5905,winter weekend,13.95
2024-02-18 13:00:00,11.5674,winter weekend,13.95
2024-02-18 14:00:00,11.88135,winter weekend,13.95
2024-02-18 15:00:00,13.08045,winter weekend,13.95
2024-02-18 16:00:00,13.98135,winter weekend,13.95
2024-02-18 17:00:00,14.94,winter weekend,13.95
2024-02-18 18:00:00,15.1143,winter weekend,13.95
2024-02-18 19:00:00,14.791950000000002,winter weekend,13.95
2024-02-18 20:00:00,14.174549999999998,winter weekend,13.95
2024-02-18 21:00:00,13.66215,winter weekend,13.95
2024-02-18 22:00:00,13.39965,winter weekend,13.95
2024-02-18 23:00:00,13.0437,winter weekend,13.95
2024-02-19 00:00:00,12.000000000000002,winter weekday,12.89
2024-02-19 01:00:00,11.8992,winter weekday,12.89
2024-02-19 02:00:00,12.02205,winter weekday,12.89
2024-02-19 03:00:00,11.99055,winter weekday,12.89
2024-02-19 04:00:00,12.0966,winter weekday,12.89
2024-02-19 05:00:00,12.79485,winter weekday,12.89
2024-02-19 06:00:00,14.583,winter weekday,12.89
2024-02-19 07:00:00,15.68445,winter weekday,16.6
2024-02-19 08:00:00,16.183200000000003,winter weekday,16.6
2024-02-19 09:00:00,15.25815,winter weekday,16.6
2024-02-19 10:00:00,14.81715,winter weekday,16.6
2024-02-19 11:00:00,14.63865,winter weekday,12.89
2024-02-19 12:00:00,13.93935,winter weekday,12.89
2024-02-19 13:00:00,13.78395,winter weekday,12.89
2024-02-19 14:00:00,14.3058,winter weekday,12.89
2024-02-19 15:00:00,14.6544,winter weekday,12.89
2024-02-19 16:00:00,14.88855,winter weekday,16.6
2024-02-19 17:00:00,15.38625,winter weekday,16.6
2024-02-19 18:00:00,17.633250000000004,winter weekday,16.6
2024-02-19 19:00:00,15.7779,winter weekday,16.6
2024-02-19 20:00:00,14.9253,winter weekday,16.6
2024-02-19 21:00:00,14.46435,winter weekday,12.89
2024-02-19 22:00:00,14.33835,winter weekday,12.89
2024-02-19 23:00:00,13.58235,winter weekday,12.89
2024-02-20 00:00:00,13.4763,winter weekday,12.89
2024-02-20 01:00:00,13.0836,winter weekday,12.89
2024-02-20 02:00:00,13.0458,winter weekday,12.89
2024-02-20 03:00:00,12.9954,winter weekday,12.89
2024-02-20 04:00:00,12.94395,winter weekday,12.89
2024-02-20 05:00:00,13.13295,winter weekday,12.89
2024-02-20 06:00:00,14.78565,winter weekday,16.6
2024-02-20 07:00:00,16.662000000000003,winter weekday,16.6
2024-02-20 08:00:00,16.923450000000003,winter weekday,16.6
2024-02-20 09:00:00,15.62775,winter weekday,16.6
2024-02-20 10:00:00,14.7132,winter weekday,12.89
2024-02-20 11:00:00,13.7724,winter weekday,12.89
2024-02-20 12:00:00,12.9996,winter weekday,12.89
2024-02-20 13:00:00,12.7791,winter weekday,12.89
2024-02-20 14:00:00,12.817950000000002,winter weekday,12.89
2024-02-20 15:00:00,13.2768,winter weekday,12.89
2024-02-20 16:00:00,14.0034,winter weekday,12.89
2024-02-20 17:00:00,14.786700000000002,winter weekday,16.6
2024-02-20 18:00:00,14.86125,winter weekday,16.6
2024-02-20 19:00:00,15.09435,winter weekday,16.6
2024-02-20 20:00:00,14.5704,winter weekday,12.89
2024-02-20 21:00:00,13.81965,winter weekday,12.89
2024-02-20 22:00:00,13.3503,winter weekday,12.89
2024-02-20 23:00:00,12.92085,winter weekday,12.89
2024-02-21 00:00:00,12.69825,winter weekday,12.89
2024-02-21 01:00:00,12.46935,winter weekday,12.89
2024-02-21 02:00:00,12.2982,winter weekday,12.89
2024-02-21 03:00:00,12.08085,winter weekday,12.89
2024-02-21 04:00:00,12.14595,winter weekday,12.89
2024-02-21 05:00:00,12.63315,winter weekday,12.89
2024-02-21 06:00:00,14.31,winter weekday,12.89
2024-02-21 07:00:00,15.920700000000002,winter weekday,16.6
2024-02-21 08:00:00,16.316550000000003,winter weekday,16.6
2024-02-21 09:00:00,14.7657,winter weekday,16.6
2024-02-21 10:00:00,14.1105,winter weekday,12.89
2024-02-21 11:00:00,13.72095,winter weekday,12.89
2024-02-21 12:00:00,12.94605,winter weekday,12.89
2024-02-21 13:00:00,12.7581,winter weekday,12.89
2024-02-21 14:00:00,13.02585,winter weekday,12.89
2024-02-21 15:00:00,14.268,winter weekday,12.89
2024-02-21 16:00:00,14.7216,winter weekday,12.89
2024-02-21 17:00:00,14.69115,winter weekday,12.89
2024-02-21 18:00:00,14.5809,winter weekday,12.89
2024-02-21 19:00:00,13.82595,winter weekday,12.89
2024-02-21 20:00:00,12.85155,winter weekday,12.89
2024-02-21 21:00:00,12.2079,winter weekday,12.89
2024-02-21 22:00:00,11.75955,winter weekday,12.89
2024-02-21 23:00:00,11.0781,winter weekday,12.89
2024-02-22 00:00:00,10.57935,winter weekday,12.89
2024-02-22 01:00:00,10.21605,winter weekday,12.89
2024-02-22 02:00:00,10.22235,winter weekday,12.89
2024-02-22 03:00:00,10.31475,winter weekday,12.89
2024-02-22 04:00:00,11.265,winter weekday,12.89
2024-02-22 05:00:00,12.42525,winter weekday,12.89
2024-02-22 06:00:00,14.31945,winter weekday,12.89
2024-02-22 07:00:00,15.41565,winter weekday,16.6
2024-02-22 08:00:00,15.98055,winter weekday,16.6
2024-02-22 09:00:00,15.15945,winter weekday,16.6
2024-02-22 10:00:00,14.93475,winter weekday,16.6
2024-02-22 11:00:00,14.57565,winter weekday,12.89
2024-02-22 12:00:00,14.60085,winter weekday,12.89
2024-02-22 13:00:00,14.6229,winter weekday,12.89
2024-02-22 14:00:00,14.168250000000002,winter weekday,12.89
2024-02-22 15:00:00,14.17875,winter weekday,12.89
2024-02-22 16:00:00,14.02125,winter weekday,12.89
2024-02-22 17:00:00,13.8648,winter weekday,12.89
2024-02-22 18:00:00,13.67055,winter weekday,12.89
2024-02-22 19:00:00,12.8841,winter weekday,12.89
2024-02-22 20:00:00,11.83725,winter weekday,12.89
2024-02-22 21:00:00,9.950399999999998,winter weekday,12.89
2024-02-22 22:00:00,8.6463,winter weekday,12.89
2024-02-22 23:00:00,7.580550000000001,winter weekday,12.89
2024-02-23 00:00:00,8.34915,winter weekday,12.89
2024-02-23 01:00:00,7.492350000000001,winter weekday,12.89
2024-02-23 02:00:00,7.504950000000001,winter weekday,12.89
2024-02-23 03:00:00,7.389450000000001,winter weekday,12.89
2024-02-23 04:00:00,7.382100000000001,winter weekday,12.89
2024-02-23 05:00:00,7.389450000000001,winter weekday,12.89
2024-02-23 06:00:00,11.5464,winter weekday,12.89
2024-02-23 07:00:00,13.3713,winter weekday,12.89
2024-02-23 08:00:00,13.61175,winter weekday,12.89
2024-02-23 09:00:00,12.80745,winter weekday,12.89
2024-02-23 10:00:00,12.2772,winter weekday,12.89
2024-02-23 11:00:00,11.75325,winter weekday,12.89
2024-02-23 12:00:00,11.2755,winter weekday,12.89
2024-02-23 13:00:00,10.908,winter weekday,12.89
2024-02-23 14:00:00,11.4834,winter weekday,12.89
2024-02-23 15:00:00,12.57855,winter weekday,12.89
2024-02-23 16:00:00,14.0034,winter weekday,12.89
2024-02-23 17:00:00,15.129,winter weekday,16.6
2024-02-23 18:00:00,16.456200000000003,winter weekday,16.6
2024-02-23 19:00:00,16.201050000000002,winter weekday,16.6
2024-02-23 20:00:00,15.04185,winter weekday,16.6
2024-02-23 21:00:00,14.6523,winter weekday,12.89
2024-02-23 22:00:00,14.5179,winter weekday,12.89
2024-02-23 23:00:00,14.2155,winter weekday,12.89
2024-02-24 00:00:00,14.35935,winter weekend,13.95
2024-02-24 01:00:00,14.0895,winter weekend,13.95
2024-02-24 02:00:00,13.6275,winter weekend,13.95
2024-02-24 03:00:00,13.176,winter weekend,13.95
2024-02-24 04:00:00,13.19595,winter weekend,13.95
2024-02-24 05:00:00,13.3755,winter weekend,13.95
2024-02-24 06:00:00,13.85535,winter weekend,13.95
2024-02-24 07:00:00,14.32155,winter weekend,13.95
2024-02-24 08:00:00,14.142,winter weekend,13.95
2024-02-24 09:00:00,13.428,winter weekend,13.95
2024-02-24 10:00:00,12.5418,winter weekend,13.95
2024-02-24 11:00:00,12.1932,winter weekend,13.95
2024-02-24 12:00:00,11.6136,winter weekend,13.95
2024-02-24 13:00:00,10.7631,winter weekend,8.8
2024-02-24 14:00:00,11.328,winter weekend,8.8
2024-02-24 15:00:00,12.105,winter weekend,13.95
2024-02-24 16:00:00,13.25475,winter weekend,13.95
2024-02-24 17:00:00,14.90535,winter weekend,13.95
2024-02-24 18:00:00,15.78,winter weekend,13.95
2024-02-24 19:00:00,15.16365,winter weekend,13.95
2024-02-24 20:00:00,14.22285,winter weekend,13.95
2024-02-24 21:00:00,13.6737,winter weekend,13.95
2024-02-24 22:00:00,13.2831,winter weekend,13.95
2024-02-24 23:00:00,12.861,winter weekend,13.95
2024-02-25 00:00:00,13.31985,winter weekend,13.95
2024-02-25 01:00:00,13.2012,winter weekend,13.95
2024-02-25 02:00:00,13.1949,winter weekend,13.95
2024-02-25 03:00:00,13.14345,winter weekend,13.95
2024-02-25 04:00:00,13.17495,winter weekend,13.95
2024-02-25 05:00:00,13.16235,winter weekend,13.95
2024-02-25 06:00:00,13.33455,winter weekend,13.95
2024-02-25 07:00:00,13.6716,winter weekend,13.95
2024-02-25 08:00:00,13.8459,winter weekend,13.95
2024-02-25 09:00:00,13.8711,winter weekend,13.95
2024-02-25 10:00:00,13.29255,winter weekend,13.95
2024-02-25 11:00:00,13.0626,winter weekend,13.95
2024-02-25 12:00:00,12.63,winter weekend,13.95
2024-02-25 13:00:00,12.21315,winter weekend,13.95
2024-02-25 14:00:00,12.6132,winter weekend,13.95
2024-02-25 15:00:00,13.155,winter weekend,13.95
2024-02-25 16:00:00,14.499,winter weekend,13.95
2024-02-25 17:00:00,16.00995,winter weekend,13.95
2024-02-25 18:00:00,17.217450000000003,winter weekend,18.28
2024-02-25 19:00:00,15.6939,winter weekend,13.95
2024-02-25 20:00:00,14.72895,winter weekend,13.95
2024-02-25 21:00:00,14.3016,winter weekend,13.95
2024-02-25 22:00:00,14.22915,winter weekend,13.95
2024-02-25 23:00:00,13.5099,winter weekend,13.95
2024-02-26 00:00:00,13.45215,winter weekday,12.89
2024-02-26 01:00:00,13.346100000000002,winter weekday,12.89
2024-02-26 02:00:00,13.2285,winter weekday,12.89
2024-02-26 03:00:00,12.819,winter weekday,12.89
2024-02-26 04:00:00,12.9765,winter weekday,12.89
2024-02-26 05:00:00,13.4616,winter weekday,12.89
2024-02-26 06:00:00,14.7321,winter weekday,12.89
2024-02-26 07:00:00,15.7695,winter weekday,16.6
2024-02-26 08:00:00,15.948000000000002,winter weekday,16.6
2024-02-26 09:00:00,15.13215,winter weekday,16.6
2024-02-26 10:00:00,14.37825,winter weekday,12.89
2024-02-26 11:00:00,14.208150000000002,winter weekday,12.89
2024-02-26 12:00:00,13.5141,winter weekday,12.89
2024-02-26 13:00:00,13.48995,winter weekday,12.89
2024-02-26 14:00:00,13.81545,winter weekday,12.89
2024-02-26 15:00:00,14.19975,winter weekday,12.89
2024-02-26 16:00:00,14.72895,winter weekday,12.89
2024-02-26 17:00:00,15.465000000000002,winter weekday,16.6
2024-02-26 18:00:00,16.338600000000003,winter weekday,16.6
2024-02-26 19:00:00,15.886050000000004,winter weekday,16.6
2024-02-26 20:00:00,14.96205,winter weekday,16.6
2024-02-26 21:00:00,14.27745,winter weekday,12.89
2024-02-26 22:00:00,14.22705,winter weekday,12.89
2024-02-26 23:00:00,13.7598,winter weekday,12.89
2024-02-27 00:00:00,13.4301,winter weekday,12.89
2024-02-27 01:00:00,13.42275,winter weekday,12.89
2024-02-27 02:00:00,13.401750000000002,winter weekday,12.89
2024-02-27 03:00:00,13.351349999999998,winter weekday,12.89
2024-02-27 04:00:00,13.401750000000002,winter weekday,12.89
2024-02-27 05:00:00,14.0055,winter weekday,12.89
2024-02-27 06:00:00,15.18255,winter weekday,16.6
2024-02-27 07:00:00,17.42115,winter weekday,16.6
2024-02-27 08:00:00,17.4369,winter weekday,16.6
2024-02-27 09:00:00,15.865049999999998,winter weekday,16.6
2024-02-27 10:00:00,14.59455,winter weekday,12.89
2024-02-27 11:00:00,14.19765,winter weekday,12.89
2024-02-27 12:00:00,13.6023,winter weekday,12.89
2024-02-27 13:00:00,13.60125,winter weekday,12.89
2024-02-27 14:00:00,14.174549999999998,winter weekday,12.89
2024-02-27 15:00:00,14.9463,winter weekday,16.6
2024-02-27 16:00:00,15.7611,winter weekday,16.6
2024-02-27 17:00:00,17.6721,winter weekday,16.6
2024-02-27 18:00:00,19.119000000000003,winter weekday,21.38
2024-02-27 19:00:00,18.42285,winter weekday,16.6
2024-02-27 20:00:00,16.237800000000004,winter weekday,16.6
2024-02-27 21:00:00,14.97885,winter weekday,16.6
2024-02-27 22:00:00,14.758349999999998,winter weekday,16.6
2024-02-27 23:00:00,14.20185,winter weekday,12.89
2024-02-28 00:00:00,13.7178,winter weekday,12.89
2024-02-28 01:00:00,13.617,winter weekday,12.89
2024-02-28 02:00:00,13.8207,winter weekday,12.89
2024-02-28 03:00:00,14.0433,winter weekday,12.89
2024-02-28 04:00:00,14.0727,winter weekday,12.89
2024-02-28 05:00:00,14.4612,winter weekday,12.89
2024-02-28 06:00:00,15.1815,winter weekday,16.6
2024-02-28 07:00:00,17.763450000000002,winter weekday,16.6
2024-02-28 08:00:00,18.351450000000003,winter weekday,16.6
2024-02-28 09:00:00,16.3533,winter weekday,16.6
2024-02-28 10:00:00,15.14895,winter weekday,16.6
2024-02-28 11:00:00,14.47275,winter weekday,12.89
2024-02-28 12:00:00,14.09265,winter weekday,12.89
2024-02-28 13:00:00,13.7556,winter weekday,12.89
2024-02-28 14:00:00,13.83855,winter weekday,12.89
2024-02-28 15:00:00,14.775150000000002,winter weekday,16.6
2024-02-28 16:00:00,15.2508,winter weekday,16.6
2024-02-28 17:00:00,17.149200000000004,winter weekday,16.6
2024-02-28 18:00:00,17.1702,winter weekday,16.6
2024-02-28 19:00:00,15.60045,winter weekday,16.6
2024-02-28 20:00:00,14.2512,winter weekday,12.89
2024-02-28 21:00:00,13.951950000000002,winter weekday,12.89
2024-02-28 22:00:00,14.102099999999998,winter weekday,12.89
2024-02-28 23:00:00,13.167599999999998,winter weekday,12.89
2024-02-29 00:00:00,13.16655,winter weekday,12.89
2024-02-29 01:00:00,12.97965,winter weekday,12.89
2024-02-29 02:00:00,12.6363,winter weekday,12.89
2024-02-29 03:00:00,12.31815,winter weekday,12.89
2024-02-29 04:00:00,12.33075,winter weekday,12.89
2024-02-29 05:00:00,12.9786,winter weekday,12.89
2024-02-29 06:00:00,13.89315,winter weekday,12.89
2024-02-29 07:00:00,15.1227,winter weekday,16.6
2024-02-29 08:00:00,15.13845,winter weekday,16.6
2024-02-29 09:00:00,14.77095,winter weekday,16.6
2024-02-29 10:00:00,13.72935,winter weekday,12.89
2024-02-29 11:00:00,13.15605,winter weekday,12.89
2024-02-29 12:00:00,13.0479,winter weekday,12.89
2024-02-29 13:00:00,13.2621,winter weekday,12.89
2024-02-29 14:00:00,13.16235,winter weekday,12.89
2024-02-29 15:00:00,14.2008,winter weekday,12.89
2024-02-29 16:00:00,14.8329,winter weekday,16.6
2024-02-29 17:00:00,15.9144,winter weekday,16.6
2024-02-29 18:00:00,16.437300000000004,winter weekday,16.6
2024-02-29 19:00:00,15.88395,winter weekday,16.6
2024-02-29 20:00:00,15.02085,winter weekday,16.6
2024-02-29 21:00:00,14.44125,winter weekday,12.89
2024-02-29 22:00:00,14.1945,winter weekday,12.89
2024-02-29 23:00:00,13.7745,winter weekday,12.89
2024-03-01 00:00:00,13.8942,winter weekday,12.89
2024-03-01 01:00:00,13.8291,winter weekday,12.89
2024-03-01 02:00:00,13.4847,winter weekday,12.89
2024-03-01 03:00:00,13.45215,winter weekday,12.89
2024-03-01 04:00:00,13.5015,winter weekday,12.89
2024-03-01 05:00:00,13.94145,winter weekday,12.89
2024-03-01 06:00:00,14.8959,winter weekday,16.6
2024-03-01 07:00:00,15.7128,winter weekday,16.6
2024-03-01 08:00:00,16.177950000000003,winter weekday,16.6
2024-03-01 09:00:00,15.3474,winter weekday,16.6
2024-03-01 10:00:00,14.3646,winter weekday,12.89
2024-03-01 11:00:00,14.179800000000002,winter weekday,12.89
2024-03-01 12:00:00,14.0034,winter weekday,12.89
2024-03-01 13:00:00,14.16615,winter weekday,12.89
2024-03-01 14:00:00,14.42655,winter weekday,12.89
2024-03-01 15:00:00,14.99985,winter weekday,16.6
2024-03-01 16:00:00,15.6687,winter weekday,16.6
2024-03-01 17:00:00,16.767000000000003,winter weekday,16.6
2024-03-01 18:00:00,17.221650000000004,winter weekday,16.6
2024-03-01 19:00:00,16.534950000000002,winter weekday,16.6
2024-03-01 20:00:00,15.51645,winter weekday,16.6
2024-03-01 21:00:00,14.9001,winter weekday,16.6
2024-03-01 22:00:00,14.736300000000002,winter weekday,12.89
2024-03-01 23:00:00,14.35095,winter weekday,12.89
2024-03-02 00:00:00,13.67475,winter weekend,13.95
2024-03-02 01:00:00,13.26315,winter weekend,13.95
2024-03-02 02:00:00,13.2621,winter weekend,13.95
2024-03-02 03:00:00,13.2054,winter weekend,13.95
2024-03-02 04:00:00,13.1424,winter weekend,13.95
2024-03-02 05:00:00,13.25895,winter weekend,13.95
2024-03-02 06:00:00,13.3209,winter weekend,13.95
2024-03-02 07:00:00,13.75035,winter weekend,13.95
2024-03-02 08:00:00,14.0748,winter weekend,13.95
2024-03-02 09:00:00,14.28375,winter weekend,13.95
2024-03-02 10:00:00,13.7262,winter weekend,13.95
2024-03-02 11:00:00,13.5939,winter weekend,13.95
2024-03-02 12:00:00,13.24215,winter weekend,13.95
2024-03-02 13:00:00,13.1445,winter weekend,13.95
2024-03-02 14:00:00,13.6653,winter weekend,13.95
2024-03-02 15:00:00,14.3184,winter weekend,13.95
2024-03-02 16:00:00,15.045,winter weekend,13.95
2024-03-02 17:00:00,15.84615,winter weekend,13.95
2024-03-02 18:00:00,17.208000000000002,winter weekend,18.28
2024-03-02 19:00:00,16.8195,winter weekend,18.28
2024-03-02 20:00:00,15.4629,winter weekend,13.95
2024-03-02 21:00:00,14.71005,winter weekend,13.95
2024-03-02 22:00:00,13.7787,winter weekend,13.95
2024-03-02 23:00:00,13.15395,winter weekend,13.95
2024-03-03 00:00:00,13.1025,winter weekend,13.95
2024-03-03 01:00:00,13.01115,winter weekend,13.95
2024-03-03 02:00:00,13.029,winter weekend,13.95
2024-03-03 03:00:00,13.21695,winter weekend,13.95
2024-03-03 04:00:00,13.18755,winter weekend,13.95
2024-03-03 05:00:00,13.2411,winter weekend,13.95
2024-03-03 06:00:00,13.26,winter weekend,13.95
2024-03-03 07:00:00,13.3524,winter weekend,13.95
2024-03-03 08:00:00,13.13085,winter weekend,13.95
2024-03-03 09:00:00,13.04895,winter weekend,13.95
2024-03-03 10:00:00,12.84105,winter weekend,13.95
2024-03-03 11:00:00,12.5733,winter weekend,13.95
2024-03-03 12:00:00,12.36855,winter weekend,13.95
2024-03-03 13:00:00,11.84355,winter weekend,13.95
2024-03-03 14:00:00,12.2982,winter weekend,13.95
2024-03-03 15:00:00,13.06365,winter weekend,13.95
2024-03-03 16:00:00,13.7094,winter weekend,13.95
2024-03-03 17:00:00,15.3159,winter weekend,13.95
2024-03-03 18:00:00,16.237800000000004,winter weekend,18.28
2024-03-03 19:00:00,16.510800000000003,winter weekend,18.28
2024-03-03 20:00:00,15.969,winter weekend,13.95
2024-03-03 21:00:00,15.255,winter weekend,13.95
2024-03-03 22:00:00,14.958900000000002,winter weekend,13.95
2024-03-03 23:00:00,14.9841,winter weekend,13.95
2024-03-04 00:00:00,14.63865,winter weekday,12.89
2024-03-04 01:00:00,14.5095,winter weekday,12.89
2024-03-04 02:00:00,14.45805,winter weekday,12.89
2024-03-04 03:00:00,14.3331,winter weekday,12.89
2024-03-04 04:00:00,14.26695,winter weekday,12.89
2024-03-04 05:00:00,14.81715,winter weekday,16.6
2024-03-04 06:00:00,15.903900000000002,winter weekday,16.6
2024-03-04 07:00:00,17.530350000000002,winter weekday,16.6
2024-03-04 08:00:00,18.19185,winter weekday,16.6
2024-03-04 09:00:00,16.307100000000002,winter weekday,16.6
2024-03-04 10:00:00,14.93265,winter weekday,16.6
2024-03-04 11:00:00,14.19345,winter weekday,12.89
2024-03-04 12:00:00,14.09265,winter weekday,12.89
2024-03-04 13:00:00,13.7955,winter weekday,12.89
2024-03-04 14:00:00,13.9425,winter weekday,12.89
2024-03-04 15:00:00,14.7153,winter weekday,12.89
2024-03-04 16:00:00,15.35475,winter weekday,16.6
2024-03-04 17:00:00,16.891950000000005,winter weekday,16.6
2024-03-04 18:00:00,18.423900000000003,winter weekday,16.6
2024-03-04 19:00:00,17.788650000000004,winter weekday,16.6
2024-03-04 20:00:00,15.8346,winter weekday,16.6
2024-03-04 21:00:00,14.87595,winter weekday,16.6
2024-03-04 22:00:00,14.46645,winter weekday,12.89
2024-03-04 23:00:00,14.09265,winter weekday,12.89
2024-03-05 00:00:00,13.8858,winter weekday,12.89
2024-03-05 01:00:00,13.85535,winter weekday,12.89
2024-03-05 02:00:00,13.81965,winter weekday,12.89
2024-03-05 03:00:00,13.6653,winter weekday,12.89
2024-03-05 04:00:00,13.7388,winter weekday,12.89
2024-03-05 05:00:00,13.85535,winter weekday,12.89
2024-03-05 06:00:00,14.89065,winter weekday,16.6
2024-03-05 07:00:00,15.7044,winter weekday,16.6
2024-03-05 08:00:00,16.0971,winter weekday,16.6
2024-03-05 09:00:00,15.465000000000002,winter weekday,16.6
2024-03-05 10:00:00,14.85075,winter weekday,16.6
2024-03-05 11:00:00,14.7006,winter weekday,12.89
2024-03-05 12:00:00,14.31105,winter weekday,12.89
2024-03-05 13:00:00,14.29215,winter weekday,12.89
2024-03-05 14:00:00,14.68905,winter weekday,12.89
2024-03-05 15:00:00,14.80035,winter weekday,16.6
2024-03-05 16:00:00,15.3894,winter weekday,16.6
2024-03-05 17:00:00,15.99735,winter weekday,16.6
2024-03-05 18:00:00,18.3399,winter weekday,16.6
2024-03-05 19:00:00,19.24395,winter weekday,21.38
2024-03-05 20:00:00,17.157600000000002,winter weekday,16.6
2024-03-05 21:00:00,16.07505,winter weekday,16.6
2024-03-05 22:00:00,15.3684,winter weekday,16.6
2024-03-05 23:00:00,14.92215,winter weekday,16.6
2024-03-06 00:00:00,14.835,winter weekday,16.6
2024-03-06 01:00:00,14.8035,winter weekday,16.6
2024-03-06 02:00:00,14.7783,winter weekday,16.6
2024-03-06 03:00:00,14.702699999999998,winter weekday,12.89
2024-03-06 04:00:00,14.7783,winter weekday,16.6
2024-03-06 05:00:00,15.14055,winter weekday,16.6
2024-03-06 06:00:00,16.1979,winter weekday,16.6
2024-03-06 07:00:00,18.5772,winter weekday,16.6
2024-03-06 08:00:00,18.7935,winter weekday,16.6
2024-03-06 09:00:00,16.53705,winter weekday,16.6
2024-03-06 10:00:00,15.3516,winter weekday,16.6
2024-03-06 11:00:00,14.9421,winter weekday,16.6
2024-03-06 12:00:00,14.66175,winter weekday,12.89
2024-03-06 13:00:00,14.65545,winter weekday,12.89
2024-03-06 14:00:00,14.7972,winter weekday,16.6
2024-03-06 15:00:00,14.9673,winter weekday,16.6
2024-03-06 16:00:00,15.8913,winter weekday,16.6
2024-03-06 17:00:00,17.880000000000003,winter weekday,16.6
2024-03-06 18:00:00,19.935900000000004,winter weekday,21.38
2024-03-06 19:00:00,19.901250000000005,winter weekday,21.38
2024-03-06 20:00:00,17.187,winter weekday,16.6
2024-03-06 21:00:00,15.79575,winter weekday,16.6
2024-03-06 22:00:00,15.5679,winter weekday,16.6
2024-03-06 23:00:00,15.1857,winter weekday,16.6
2024-03-07 00:00:00,15.07965,winter weekday,16.6
2024-03-07 01:00:00,14.9736,winter weekday,16.6
2024-03-07 02:00:00,14.7657,winter weekday,16.6
2024-03-07 03:00:00,14.59455,winter weekday,12.89
2024-03-07 04:00:00,14.71845,winter weekday,12.89
2024-03-07 05:00:00,15.05865,winter weekday,16.6
2024-03-07 06:00:00,16.228350000000002,winter weekday,16.6
2024-03-07 07:00:00,18.216,winter weekday,16.6
2024-03-07 08:00:00,17.533500000000004,winter weekday,16.6
2024-03-07 09:00:00,15.68445,winter weekday,16.6
2024-03-07 10:00:00,14.86755,winter weekday,16.6
2024-03-07 11:00:00,14.3268,winter weekday,12.89
2024-03-07 12:00:00,13.85745,winter weekday,12.89
2024-03-07 13:00:00,13.7073,winter weekday,12.89
2024-03-07 14:00:00,14.02965,winter weekday,12.89
2024-03-07 15:00:00,14.3142,winter weekday,12.89
2024-03-07 16:00:00,14.7216,winter weekday,12.89
2024-03-07 17:00:00,16.746000000000002,winter weekday,16.6
2024-03-07 18:00:00,18.479550000000003,winter weekday,16.6
2024-03-07 19:00:00,16.861500000000003,winter weekday,16.6
2024-03-07 20:00:00,16.04145,winter weekday,16.6
2024-03-07 21:00:00,15.08175,winter weekday,16.6
2024-03-07 22:00:00,15.0786,winter weekday,16.6
2024-03-07 23:00:00,14.4906,winter weekday,12.89
2024-03-08 00:00:00,14.56725,winter weekday,12.89
2024-03-08 01:00:00,14.4108,winter weekday,12.89
2024-03-08 02:00:00,14.41605,winter weekday,12.89
2024-03-08 03:00:00,14.30895,winter weekday,12.89
2024-03-08 04:00:00,14.3415,winter weekday,12.89
2024-03-08 05:00:00,14.42655,winter weekday,12.89
2024-03-08 06:00:00,16.08555,winter weekday,16.6
2024-03-08 07:00:00,17.361300000000004,winter weekday,16.6
2024-03-08 08:00:00,16.71345,winter weekday,16.6
2024-03-08 09:00:00,15.1878,winter weekday,16.6
2024-03-08 10:00:00,13.42695,winter weekday,12.89
2024-03-08 11:00:00,12.84525,winter weekday,12.89
2024-03-08 12:00:00,9.66585,winter weekday,12.89
2024-03-08 13:00:00,7.827300000000001,winter weekday,12.89
2024-03-08 14:00:00,9.920999999999998,winter weekday,12.89
2024-03-08 15:00:00,11.60625,winter weekday,12.89
2024-03-08 16:00:00,13.2327,winter weekday,12.89
2024-03-08 17:00:00,14.9379,winter weekday,16.6
2024-03-08 18:00:00,16.174800000000005,winter weekday,16.6
2024-03-08 19:00:00,15.7779,winter weekday,16.6
2024-03-08 20:00:00,14.8833,winter weekday,16.6
2024-03-08 21:00:00,14.1945,winter weekday,12.89
2024-03-08 22:00:00,14.208150000000002,winter weekday,12.89
2024-03-08 23:00:00,13.66845,winter weekday,12.89
2024-03-09 00:00:00,13.3188,winter weekend,13.95
2024-03-09 01:00:00,13.14555,winter weekend,13.95
2024-03-09 02:00:00,13.0206,winter weekend,13.95
2024-03-09 03:00:00,12.8988,winter weekend,13.95
2024-03-09 04:00:00,12.483,winter weekend,13.95
2024-03-09 05:00:00,12.39795,winter weekend,13.95
2024-03-09 06:00:00,12.67935,winter weekend,13.95
2024-03-09 07:00:00,12.9513,winter weekend,13.95
2024-03-09 08:00:00,12.9513,winter weekend,13.95
2024-03-09 09:00:00,12.4326,winter weekend,13.95
2024-03-09 10:00:00,10.8387,winter weekend,8.8
2024-03-09 11:00:00,7.401000000000001,winter weekend,8.8
2024-03-09 12:00:00,7.27075,winter weekend,8.8
2024-03-09 13:00:00,6.903100000000001,winter weekend,8.8
2024-03-09 14:00:00,7.376200000000001,winter weekend,8.8
2024-03-09 15:00:00,10.33995,winter weekend,8.8
2024-03-09 16:00:00,12.9072,winter weekend,13.95
2024-03-09 17:00:00,14.67645,winter weekend,13.95
2024-03-09 18:00:00,15.5721,winter weekend,13.95
2024-03-09 19:00:00,15.25395,winter weekend,13.95
2024-03-09 20:00:00,14.4423,winter weekend,13.95
2024-03-09 21:00:00,13.72935,winter weekend,13.95
2024-03-09 22:00:00,13.73565,winter weekend,13.95
2024-03-09 23:00:00,13.39545,winter weekend,13.95
2024-03-10 00:00:00,12.48825,winter weekend,13.95
2024-03-10 01:00:00,12.2163,winter weekend,13.95
2024-03-10 02:00:00,11.6829,winter weekend,13.95
2024-03-10 03:00:00,11.11275,winter weekend,8.8
2024-03-10 04:00:00,10.78095,winter weekend,8.8
2024-03-10 05:00:00,10.7694,winter weekend,8.8
2024-03-10 06:00:00,10.94055,winter weekend,8.8
2024-03-10 07:00:00,11.52645,winter weekend,13.95
2024-03-10 08:00:00,11.0361,winter weekend,8.8
2024-03-10 09:00:00,10.031249999999998,winter weekend,8.8
2024-03-10 10:00:00,7.62675,winter weekend,8.8
2024-03-10 11:00:00,7.370500000000001,winter weekend,8.8
2024-03-10 12:00:00,6.597200000000001,winter weekend,8.8
2024-03-10 13:00:00,6.431900000000001,winter weekend,8.8
2024-03-10 14:00:00,7.331550000000001,winter weekend,8.8
2024-03-10 15:00:00,8.89305,winter weekend,8.8
2024-03-10 16:00:00,12.4158,winter weekend,13.95
2024-03-10 17:00:00,13.25685,winter weekend,13.95
2024-03-10 18:00:00,14.34675,winter weekend,13.95
2024-03-10 19:00:00,13.9236,winter weekend,13.95
2024-03-10 20:00:00,13.3797,winter weekend,13.95
2024-03-10 21:00:00,13.0227,winter weekend,13.95
2024-03-10 22:00:00,12.9534,winter weekend,13.95
2024-03-10 23:00:00,12.84525,winter weekend,13.95
2024-03-11 00:00:00,12.51765,winter weekday,12.89
2024-03-11 01:00:00,12.55965,winter weekday,12.89
2024-03-11 02:00:00,12.65205,winter weekday,12.89
2024-03-11 03:00:00,12.5544,winter weekday,12.89
2024-03-11 04:00:00,12.62895,winter weekday,12.89
2024-03-11 05:00:00,13.2915,winter weekday,12.89
2024-03-11 06:00:00,15.4272,winter weekday,16.6
2024-03-11 07:00:00,16.053,winter weekday,16.6
2024-03-11 08:00:00,16.366950000000003,winter weekday,16.6
2024-03-11 09:00:00,15.82725,winter weekday,16.6
2024-03-11 10:00:00,14.856,winter weekday,16.6
2024-03-11 11:00:00,14.208150000000002,winter weekday,12.89
2024-03-11 12:00:00,13.76295,winter weekday,12.89
2024-03-11 13:00:00,14.33625,winter weekday,12.89
2024-03-11 14:00:00,14.415,winter weekday,12.89
2024-03-11 15:00:00,15.09435,winter weekday,16.6
2024-03-11 16:00:00,15.79995,winter weekday,16.6
2024-03-11 17:00:00,16.97595,winter weekday,16.6
2024-03-11 18:00:00,17.953500000000002,winter weekday,16.6
2024-03-11 19:00:00,18.72105,winter weekday,16.6
2024-03-11 20:00:00,16.61895,winter weekday,16.6
2024-03-11 21:00:00,15.43455,winter weekday,16.6
2024-03-11 22:00:00,15.259200000000002,winter weekday,16.6
2024-03-11 23:00:00,14.4234,winter weekday,12.89
2024-03-12 00:00:00,14.64495,winter weekday,12.89
2024-03-12 01:00:00,14.2638,winter weekday,12.89
2024-03-12 02:00:00,14.363550000000002,winter weekday,12.89
2024-03-12 03:00:00,14.226,winter weekday,12.89
2024-03-12 04:00:00,14.3709,winter weekday,12.89
2024-03-12 05:00:00,14.87385,winter weekday,16.6
2024-03-12 06:00:00,16.5213,winter weekday,16.6
2024-03-12 07:00:00,17.517750000000003,winter weekday,16.6
2024-03-12 08:00:00,17.9619,winter weekday,16.6
2024-03-12 09:00:00,17.230050000000002,winter weekday,16.6
2024-03-12 10:00:00,16.349100000000004,winter weekday,16.6
2024-03-12 11:00:00,15.851400000000003,winter weekday,16.6
2024-03-12 12:00:00,15.6162,winter weekday,16.6
2024-03-12 13:00:00,15.597300000000002,winter weekday,16.6
2024-03-12 14:00:00,15.6771,winter weekday,16.6
2024-03-12 15:00:00,16.445700000000002,winter weekday,16.6
2024-03-12 16:00:00,18.04905,winter weekday,16.6
2024-03-12 17:00:00,19.251300000000004,winter weekday,21.38
2024-03-12 18:00:00,21.5466,winter weekday,21.38
2024-03-12 19:00:00,20.45985,winter weekday,21.38
2024-03-12 20:00:00,17.615400000000005,winter weekday,16.6
2024-03-12 21:00:00,16.161150000000003,winter weekday,16.6
2024-03-12 22:00:00,15.66765,winter weekday,16.6
2024-03-12 23:00:00,14.76465,winter weekday,16.6
2024-03-13 00:00:00,14.09265,winter weekday,12.89
2024-03-13 01:00:00,13.9215,winter weekday,12.89
2024-03-13 02:00:00,13.86795,winter weekday,12.89
2024-03-13 03:00:00,13.823849999999998,winter weekday,12.89
2024-03-13 04:00:00,14.1,winter weekday,12.89
2024-03-13 05:00:00,14.394,winter weekday,12.89
2024-03-13 06:00:00,15.498599999999998,winter weekday,16.6
2024-03-13 07:00:00,16.64835,winter weekday,16.6
2024-03-13 08:00:00,16.82055,winter weekday,16.6
2024-03-13 09:00:00,15.53955,winter weekday,16.6
2024-03-13 10:00:00,14.52735,winter weekday,12.89
2024-03-13 11:00:00,14.18925,winter weekday,12.89
2024-03-13 12:00:00,14.16405,winter weekday,12.89
2024-03-13 13:00:00,14.18715,winter weekday,12.89
2024-03-13 14:00:00,14.0958,winter weekday,12.89
2024-03-13 15:00:00,14.5032,winter weekday,12.89
2024-03-13 16:00:00,15.10065,winter weekday,16.6
2024-03-13 17:00:00,16.82055,winter weekday,16.6
2024-03-13 18:00:00,17.649,winter weekday,16.6
2024-03-13 19:00:00,17.2878,winter weekday,16.6
2024-03-13 20:00:00,15.4629,winter weekday,16.6
2024-03-13 21:00:00,14.3961,winter weekday,12.89
2024-03-13 22:00:00,14.53155,winter weekday,12.89
2024-03-13 23:00:00,14.0874,winter weekday,12.89
2024-03-14 00:00:00,14.02545,winter weekday,12.89
2024-03-14 01:00:00,13.3545,winter weekday,12.89
2024-03-14 02:00:00,13.4196,winter weekday,12.89
2024-03-14 03:00:00,13.365,winter weekday,12.89
2024-03-14 04:00:00,13.827,winter weekday,12.89
2024-03-14 05:00:00,14.10735,winter weekday,12.89
2024-03-14 06:00:00,15.26025,winter weekday,16.6
2024-03-14 07:00:00,16.626300000000004,winter weekday,16.6
2024-03-14 08:00:00,15.98895,winter weekday,16.6
2024-03-14 09:00:00,14.27955,winter weekday,12.89
2024-03-14 10:00:00,13.0836,winter weekday,12.89
2024-03-14 11:00:00,12.87885,winter weekday,12.89
2024-03-14 12:00:00,12.92715,winter weekday,12.89
2024-03-14 13:00:00,12.5418,winter weekday,12.89
2024-03-14 14:00:00,12.928200000000002,winter weekday,12.89
2024-03-14 15:00:00,13.56555,winter weekday,12.89
2024-03-14 16:00:00,15.06705,winter weekday,16.6
2024-03-14 17:00:00,16.939200000000003,winter weekday,16.6
2024-03-14 18:00:00,19.430850000000003,winter weekday,21.38
2024-03-14 19:00:00,16.939200000000003,winter weekday,16.6
2024-03-14 20:00:00,15.15945,winter weekday,16.6
2024-03-14 21:00:00,13.95615,winter weekday,12.89
2024-03-14 22:00:00,13.6401,winter weekday,12.89
2024-03-14 23:00:00,12.8043,winter weekday,12.89
2024-03-15 00:00:00,12.46095,winter weekday,12.89
2024-03-15 01:00:00,12.2709,winter weekday,12.89
2024-03-15 02:00:00,12.16485,winter weekday,12.89
2024-03-15 03:00:00,11.994750000000002,winter weekday,12.89
2024-03-15 04:00:00,12.3108,winter weekday,12.89
2024-03-15 05:00:00,12.561750000000002,winter weekday,12.89
2024-03-15 06:00:00,13.9173,winter weekday,12.89
2024-03-15 07:00:00,14.680650000000002,winter weekday,12.89
2024-03-15 08:00:00,14.59875,winter weekday,12.89
2024-03-15 09:00:00,13.029,winter weekday,12.89
2024-03-15 10:00:00,12.2688,winter weekday,12.89
2024-03-15 11:00:00,11.50335,winter weekday,12.89
2024-03-15 12:00:00,11.4057,winter weekday,12.89
2024-03-15 13:00:00,11.25135,winter weekday,12.89
2024-03-15 14:00:00,12.09765,winter weekday,12.89
2024-03-15 15:00:00,12.79275,winter weekday,12.89
2024-03-15 16:00:00,14.3835,winter weekday,12.89
2024-03-15 17:00:00,16.506600000000002,winter weekday,16.6
2024-03-15 18:00:00,15.993149999999998,winter weekday,16.6
2024-03-15 19:00:00,16.61895,winter weekday,16.6
2024-03-15 20:00:00,14.1273,winter weekday,12.89
2024-03-15 21:00:00,13.1928,winter weekday,12.89
2024-03-15 22:00:00,13.29675,winter weekday,12.89
2024-03-15 23:00:00,12.55965,winter weekday,12.89
2024-03-16 00:00:00,12.0126,winter weekend,13.95
2024-03-16 01:00:00,11.79105,winter weekend,13.95
2024-03-16 02:00:00,11.65245,winter weekend,13.95
2024-03-16 03:00:00,11.4624,winter weekend,13.95
2024-03-16 04:00:00,11.44035,winter weekend,13.95
2024-03-16 05:00:00,11.615700000000002,winter weekend,13.95
2024-03-16 06:00:00,12.3423,winter weekend,13.95
2024-03-16 07:00:00,12.76755,winter weekend,13.95
2024-03-16 08:00:00,12.8652,winter weekend,13.95
2024-03-16 09:00:00,12.31605,winter weekend,13.95
2024-03-16 10:00:00,12.0924,winter weekend,13.95
2024-03-16 11:00:00,11.7501,winter weekend,13.95
2024-03-16 12:00:00,11.2335,winter weekend,8.8
2024-03-16 13:00:00,9.587099999999998,winter weekend,8.8
2024-03-16 14:00:00,8.533949999999999,winter weekend,8.8
2024-03-16 15:00:00,10.63605,winter weekend,8.8
2024-03-16 16:00:00,12.3129,winter weekend,13.95
2024-03-16 17:00:00,14.9484,winter weekend,13.95
2024-03-16 18:00:00,15.95745,winter weekend,13.95
2024-03-16 19:00:00,16.54755,winter weekend,18.28
2024-03-16 20:00:00,15.7233,winter weekend,13.95
2024-03-16 21:00:00,15.04395,winter weekend,13.95
2024-03-16 22:00:00,14.97255,winter weekend,13.95
2024-03-16 23:00:00,14.4255,winter weekend,13.95
2024-03-17 00:00:00,14.20395,winter weekend,13.95
2024-03-17 01:00:00,13.73145,winter weekend,13.95
2024-03-17 02:00:00,13.25685,winter weekend,13.95
2024-03-17 03:00:00,13.54875,winter weekend,13.95
2024-03-17 04:00:00,13.72725,winter weekend,13.95
2024-03-17 05:00:00,13.73145,winter weekend,13.95
2024-03-17 06:00:00,13.953,winter weekend,13.95
2024-03-17 07:00:00,13.323,winter weekend,13.95
2024-03-17 08:00:00,12.6909,winter weekend,13.95
2024-03-17 09:00:00,12.33075,winter weekend,13.95
2024-03-17 10:00:00,12.147,winter weekend,13.95
2024-03-17 11:00:00,12.20055,winter weekend,13.95
2024-03-17 12:00:00,11.77005,winter weekend,13.95
2024-03-17 13:00:00,11.59575,winter weekend,13.95
2024-03-17 14:00:00,12.4263,winter weekend,13.95
2024-03-17 15:00:00,13.2726,winter weekend,13.95
2024-03-17 16:00:00,14.9148,winter weekend,13.95
2024-03-17 17:00:00,16.351200000000002,winter weekend,18.28
2024-03-17 18:00:00,17.282550000000004,winter weekend,18.28
2024-03-17 19:00:00,16.650450000000003,winter weekend,18.28
2024-03-17 20:00:00,15.55845,winter weekend,13.95
2024-03-17 21:00:00,14.97465,winter weekend,13.95
2024-03-17 22:00:00,14.9505,winter weekend,13.95
2024-03-17 23:00:00,14.30055,winter weekend,13.95
2024-03-18 00:00:00,14.112600000000002,winter weekday,12.89
2024-03-18 01:00:00,13.3797,winter weekday,12.89
2024-03-18 02:00:00,13.50255,winter weekday,12.89
2024-03-18 03:00:00,13.6149,winter weekday,12.89
2024-03-18 04:00:00,14.1399,winter weekday,12.89
2024-03-18 05:00:00,14.814,winter weekday,16.6
2024-03-18 06:00:00,16.4436,winter weekday,16.6
2024-03-18 07:00:00,17.656350000000003,winter weekday,16.6
2024-03-18 08:00:00,17.297250000000002,winter weekday,16.6
2024-03-18 09:00:00,16.074,winter weekday,16.6
2024-03-18 10:00:00,15.0282,winter weekday,16.6
2024-03-18 11:00:00,14.3772,winter weekday,12.89
2024-03-18 12:00:00,14.4885,winter weekday,12.89
2024-03-18 13:00:00,14.5515,winter weekday,12.89
2024-03-18 14:00:00,14.6187,winter weekday,12.89
2024-03-18 15:00:00,15.087000000000002,winter weekday,16.6
2024-03-18 16:00:00,15.6729,winter weekday,16.6
2024-03-18 17:00:00,18.68325,winter weekday,16.6
2024-03-18 18:00:00,22.679550000000003,winter weekday,21.38
2024-03-18 19:00:00,20.665650000000003,winter weekday,21.38
2024-03-18 20:00:00,18.2706,winter weekday,16.6
2024-03-18 21:00:00,15.906,winter weekday,16.6
2024-03-18 22:00:00,15.609899999999998,winter weekday,16.6
2024-03-18 23:00:00,15.19725,winter weekday,16.6
2024-03-19 00:00:00,14.94,winter weekday,16.6
2024-03-19 01:00:00,14.8602,winter weekday,16.6
2024-03-19 02:00:00,14.903250000000002,winter weekday,16.6
2024-03-19 03:00:00,14.89275,winter weekday,16.6
2024-03-19 04:00:00,14.8602,winter weekday,16.6
2024-03-19 05:00:00,14.836050000000002,winter weekday,16.6
2024-03-19 06:00:00,16.7775,winter weekday,16.6
2024-03-19 07:00:00,19.0119,winter weekday,21.38
2024-03-19 08:00:00,17.446350000000002,winter weekday,16.6
2024-03-19 09:00:00,14.9421,winter weekday,16.6
2024-03-19 10:00:00,14.2428,winter weekday,12.89
2024-03-19 11:00:00,13.5561,winter weekday,12.89
2024-03-19 12:00:00,13.09935,winter weekday,12.89
2024-03-19 13:00:00,13.3356,winter weekday,12.89
2024-03-19 14:00:00,13.7304,winter weekday,12.89
2024-03-19 15:00:00,14.73525,winter weekday,12.89
2024-03-19 16:00:00,15.1185,winter weekday,16.6
2024-03-19 17:00:00,18.29475,winter weekday,16.6
2024-03-19 18:00:00,21.1791,winter weekday,21.38
2024-03-19 19:00:00,20.920800000000003,winter weekday,21.38
2024-03-19 20:00:00,18.930000000000003,winter weekday,16.6
2024-03-19 21:00:00,16.7271,winter weekday,16.6
2024-03-19 22:00:00,15.9606,winter weekday,16.6
2024-03-19 23:00:00,15.3705,winter weekday,16.6
2024-03-20 00:00:00,15.36105,winter weekday,16.6
2024-03-20 01:00:00,15.087000000000002,winter weekday,16.6
2024-03-20 02:00:00,15.2445,winter weekday,16.6
2024-03-20 03:00:00,15.3285,winter weekday,16.6
2024-03-20 04:00:00,15.397800000000002,winter weekday,16.6
2024-03-20 05:00:00,15.8745,winter weekday,16.6
2024-03-20 06:00:00,19.56,winter weekday,21.38
2024-03-20 07:00:00,19.5852,winter weekday,21.38
2024-03-20 08:00:00,17.70465,winter weekday,16.6
2024-03-20 09:00:00,14.79615,winter weekday,16.6
2024-03-20 10:00:00,14.31,winter weekday,12.89
2024-03-20 11:00:00,14.24595,winter weekday,12.89
2024-03-20 12:00:00,13.83015,winter weekday,12.89
2024-03-20 13:00:00,14.09475,winter weekday,12.89
2024-03-20 14:00:00,14.13675,winter weekday,12.89
2024-03-20 15:00:00,14.8119,winter weekday,16.6
2024-03-20 16:00:00,16.52235,winter weekday,16.6
2024-03-20 17:00:00,19.9464,winter weekday,21.38
2024-03-20 18:00:00,25.0767,winter weekday,21.38
2024-03-20 19:00:00,24.080250000000003,winter weekday,21.38
2024-03-20 20:00:00,20.49975,winter weekday,21.38
2024-03-20 21:00:00,18.5646,winter weekday,16.6
2024-03-20 22:00:00,17.46735,winter weekday,16.6
2024-03-20 23:00:00,15.7779,winter weekday,16.6
2024-03-21 00:00:00,15.3789,winter weekday,16.6
2024-03-21 01:00:00,15.08385,winter weekday,16.6
2024-03-21 02:00:00,14.89275,winter weekday,16.6
2024-03-21 03:00:00,14.8686,winter weekday,16.6
2024-03-21 04:00:00,14.835,winter weekday,16.6
2024-03-21 05:00:00,15.09855,winter weekday,16.6
2024-03-21 06:00:00,16.7523,winter weekday,16.6
2024-03-21 07:00:00,17.692050000000002,winter weekday,16.6
2024-03-21 08:00:00,18.12045,winter weekday,16.6
2024-03-21 09:00:00,15.78,winter weekday,16.6
2024-03-21 10:00:00,14.98305,winter weekday,16.6
2024-03-21 11:00:00,14.52315,winter weekday,12.89
2024-03-21 12:00:00,14.1672,winter weekday,12.89
2024-03-21 13:00:00,13.6758,winter weekday,12.89
2024-03-21 14:00:00,14.39925,winter weekday,12.89
2024-03-21 15:00:00,14.3394,winter weekday,12.89
2024-03-21 16:00:00,15.28335,winter weekday,16.6
2024-03-21 17:00:00,17.974500000000003,winter weekday,16.6
2024-03-21 18:00:00,20.72865,winter weekday,21.38
2024-03-21 19:00:00,20.27925,winter weekday,21.38
2024-03-21 20:00:00,17.2542,winter weekday,16.6
2024-03-21 21:00:00,15.737999999999998,winter weekday,16.6
2024-03-21 22:00:00,15.5154,winter weekday,16.6
2024-03-21 23:00:00,14.85915,winter weekday,16.6
2024-03-22 00:00:00,13.2957,winter weekday,12.89
2024-03-22 01:00:00,12.8652,winter weekday,12.89
2024-03-22 02:00:00,12.59745,winter weekday,12.89
2024-03-22 03:00:00,12.82215,winter weekday,12.89
2024-03-22 04:00:00,12.924,winter weekday,12.89
2024-03-22 05:00:00,13.66845,winter weekday,12.89
2024-03-22 06:00:00,15.1605,winter weekday,16.6
2024-03-22 07:00:00,14.45595,winter weekday,12.89
2024-03-22 08:00:00,14.52945,winter weekday,12.89
2024-03-22 09:00:00,13.2936,winter weekday,12.89
2024-03-22 10:00:00,12.82005,winter weekday,12.89
2024-03-22 11:00:00,12.61425,winter weekday,12.89
2024-03-22 12:00:00,12.6048,winter weekday,12.89
2024-03-22 13:00:00,12.78645,winter weekday,12.89
2024-03-22 14:00:00,12.88095,winter weekday,12.89
2024-03-22 15:00:00,13.67685,winter weekday,12.89
2024-03-22 16:00:00,15.45135,winter weekday,16.6
2024-03-22 17:00:00,16.722900000000003,winter weekday,16.6
2024-03-22 18:00:00,20.146950000000004,winter weekday,21.38
2024-03-22 19:00:00,19.84455,winter weekday,21.38
2024-03-22 20:00:00,17.355,winter weekday,16.6
2024-03-22 21:00:00,16.016250000000003,winter weekday,16.6
2024-03-22 22:00:00,15.79575,winter weekday,16.6
2024-03-22 23:00:00,15.51435,winter weekday,16.6
2024-03-23 00:00:00,15.54585,winter weekend,13.95
2024-03-23 01:00:00,14.98935,winter weekend,13.95
2024-03-23 02:00:00,14.3016,winter weekend,13.95
2024-03-23 03:00:00,14.0979,winter weekend,13.95
2024-03-23 04:00:00,13.6632,winter weekend,13.95
2024-03-23 05:00:00,13.8312,winter weekend,13.95
2024-03-23 06:00:00,13.5057,winter weekend,13.95
2024-03-23 07:00:00,12.9261,winter weekend,13.95
2024-03-23 08:00:00,11.4876,winter weekend,13.95
2024-03-23 09:00:00,8.766,winter weekend,8.8
2024-03-23 10:00:00,7.382100000000001,winter weekend,8.8
2024-03-23 11:00:00,7.375250000000001,winter weekend,8.8
2024-03-23 12:00:00,7.1957,winter weekend,8.8
2024-03-23 13:00:00,6.837550000000001,winter weekend,8.8
2024-03-23 14:00:00,6.577250000000001,winter weekend,8.8
2024-03-23 15:00:00,7.241300000000001,winter weekend,8.8
2024-03-23 16:00:00,7.38735,winter weekend,8.8
2024-03-23 17:00:00,12.399,winter weekend,13.95
2024-03-23 18:00:00,14.73945,winter weekend,13.95
2024-03-23 19:00:00,14.640750000000002,winter weekend,13.95
2024-03-23 20:00:00,12.9387,winter weekend,13.95
2024-03-23 21:00:00,12.1932,winter weekend,13.95
2024-03-23 22:00:00,11.6094,winter weekend,13.95
2024-03-23 23:00:00,10.36095,winter weekend,8.8
2024-03-24 00:00:00,10.7505,winter weekend,8.8
2024-03-24 01:00:00,8.7744,winter weekend,8.8
2024-03-24 02:00:00,8.44365,winter weekend,8.8
2024-03-24 03:00:00,9.165,winter weekend,8.8
2024-03-24 04:00:00,9.4716,winter weekend,8.8
2024-03-24 05:00:00,10.1961,winter weekend,8.8
2024-03-24 06:00:00,8.94135,winter weekend,8.8
2024-03-24 07:00:00,7.585800000000001,winter weekend,8.8
2024-03-24 08:00:00,7.380000000000001,winter weekend,8.8
2024-03-24 09:00:00,7.380000000000001,winter weekend,8.8
2024-03-24 10:00:00,7.380000000000001,winter weekend,8.8
2024-03-24 11:00:00,7.380000000000001,winter weekend,8.8
2024-03-24 12:00:00,7.380000000000001,winter weekend,8.8
2024-03-24 13:00:00,7.380000000000001,winter weekend,8.8
2024-03-24 14:00:00,7.380000000000001,winter weekend,8.8
2024-03-24 15:00:00,7.380000000000001,winter weekend,8.8
2024-03-24 16:00:00,9.13245,winter weekend,8.8
2024-03-24 17:00:00,13.617,winter weekend,13.95
2024-03-24 18:00:00,15.255,winter weekend,13.95
2024-03-24 19:00:00,15.2445,winter weekend,13.95
2024-03-24 20:00:00,14.4045,winter weekend,13.95
2024-03-24 21:00:00,14.18085,winter weekend,13.95
2024-03-24 22:00:00,14.12835,winter weekend,13.95
2024-03-24 23:00:00,13.99185,winter weekend,13.95
2024-03-25 00:00:00,13.94355,winter weekday,12.89
2024-03-25 01:00:00,13.92045,winter weekday,12.89
2024-03-25 02:00:00,13.9404,winter weekday,12.89
2024-03-25 03:00:00,14.15355,winter weekday,12.89
2024-03-25 04:00:00,14.4108,winter weekday,12.89
2024-03-25 05:00:00,15.4797,winter weekday,16.6
2024-03-25 06:00:00,16.66515,winter weekday,16.6
2024-03-25 07:00:00,19.336350000000003,winter weekday,21.38
2024-03-25 08:00:00,17.846400000000003,winter weekday,16.6
2024-03-25 09:00:00,15.51015,winter weekday,16.6
2024-03-25 10:00:00,14.73525,winter weekday,12.89
2024-03-25 11:00:00,14.0643,winter weekday,12.89
2024-03-25 12:00:00,13.874250000000002,winter weekday,12.89
2024-03-25 13:00:00,14.0181,winter weekday,12.89
2024-03-25 14:00:00,14.1546,winter weekday,12.89
2024-03-25 15:00:00,15.14685,winter weekday,16.6
2024-03-25 16:00:00,15.89025,winter weekday,16.6
2024-03-25 17:00:00,19.1274,winter weekday,21.38
2024-03-25 18:00:00,25.7235,winter weekday,21.38
2024-03-25 19:00:00,23.10375,winter weekday,21.38
2024-03-25 20:00:00,18.16665,winter weekday,16.6
2024-03-25 21:00:00,16.030950000000004,winter weekday,16.6
2024-03-25 22:00:00,15.7338,winter weekday,16.6
2024-03-25 23:00:00,15.2277,winter weekday,16.6
2024-03-26 00:00:00,15.7695,winter weekday,16.6
2024-03-26 01:00:00,15.0765,winter weekday,16.6
2024-03-26 02:00:00,14.61555,winter weekday,12.89
2024-03-26 03:00:00,14.5179,winter weekday,12.89
2024-03-26 04:00:00,14.73735,winter weekday,12.89
2024-03-26 05:00:00,14.9694,winter weekday,16.6
2024-03-26 06:00:00,15.819900000000002,winter weekday,16.6
2024-03-26 07:00:00,15.696,winter weekday,16.6
2024-03-26 08:00:00,14.9505,winter weekday,16.6
2024-03-26 09:00:00,13.89,winter weekday,12.89
2024-03-26 10:00:00,12.5775,winter weekday,12.89
2024-03-26 11:00:00,11.26815,winter weekday,12.89
2024-03-26 12:00:00,8.58645,winter weekday,12.89
2024-03-26 13:00:00,10.25175,winter weekday,12.89
2024-03-26 14:00:00,11.2755,winter weekday,12.89
2024-03-26 15:00:00,12.83265,winter weekday,12.89
2024-03-26 16:00:00,14.5263,winter weekday,12.89
2024-03-26 17:00:00,15.89025,winter weekday,16.6
2024-03-26 18:00:00,17.958750000000002,winter weekday,16.6
2024-03-26 19:00:00,17.9115,winter weekday,16.6
2024-03-26 20:00:00,15.78,winter weekday,16.6
2024-03-26 21:00:00,15.470250000000002,winter weekday,16.6
2024-03-26 22:00:00,15.0261,winter weekday,16.6
2024-03-26 23:00:00,14.4066,winter weekday,12.89
2024-03-27 00:00:00,13.50675,winter weekday,12.89
2024-03-27 01:00:00,13.37445,winter weekday,12.89
2024-03-27 02:00:00,13.3944,winter weekday,12.89
2024-03-27 03:00:00,13.44795,winter weekday,12.89
2024-03-27 04:00:00,13.68315,winter weekday,12.89
2024-03-27 05:00:00,14.9799,winter weekday,16.6
2024-03-27 06:00:00,15.902850000000004,winter weekday,16.6
2024-03-27 07:00:00,16.071900000000003,winter weekday,16.6
2024-03-27 08:00:00,15.781050000000002,winter weekday,16.6
2024-03-27 09:00:00,14.5326,winter weekday,12.89
2024-03-27 10:00:00,14.0895,winter weekday,12.89
2024-03-27 11:00:00,13.37865,winter weekday,12.89
2024-03-27 12:00:00,13.4343,winter weekday,12.89
2024-03-27 13:00:00,13.68,winter weekday,12.89
2024-03-27 14:00:00,14.499,winter weekday,12.89
2024-03-27 15:00:00,15.66765,winter weekday,16.6
2024-03-27 16:00:00,16.2147,winter weekday,16.6
2024-03-27 17:00:00,17.935650000000003,winter weekday,16.6
2024-03-27 18:00:00,20.60265,winter weekday,21.38
2024-03-27 19:00:00,19.868700000000004,winter weekday,21.38
2024-03-27 20:00:00,17.819100000000002,winter weekday,16.6
2024-03-27 21:00:00,16.226250000000004,winter weekday,16.6
2024-03-27 22:00:00,16.0971,winter weekday,16.6
2024-03-27 23:00:00,15.19935,winter weekday,16.6
2024-03-28 00:00:00,15.68445,winter weekday,16.6
2024-03-28 01:00:00,15.003,winter weekday,16.6
2024-03-28 02:00:00,14.230199999999998,winter weekday,12.89
2024-03-28 03:00:00,14.14305,winter weekday,12.89
2024-03-28 04:00:00,14.38245,winter weekday,12.89
2024-03-28 05:00:00,14.898,winter weekday,16.6
2024-03-28 06:00:00,15.99735,winter weekday,16.6
2024-03-28 07:00:00,16.11495,winter weekday,16.6
2024-03-28 08:00:00,15.876600000000002,winter weekday,16.6
2024-03-28 09:00:00,14.0202,winter weekday,12.89
2024-03-28 10:00:00,12.32235,winter weekday,12.89
2024-03-28 11:00:00,11.265,winter weekday,12.89
2024-03-28 12:00:00,8.0877,winter weekday,12.89
2024-03-28 13:00:00,7.385250000000001,winter weekday,12.89
2024-03-28 14:00:00,7.384200000000001,winter weekday,12.89
2024-03-28 15:00:00,8.4111,winter weekday,12.89
2024-03-28 16:00:00,10.86285,winter weekday,12.89
2024-03-28 17:00:00,12.9156,winter weekday,12.89
2024-03-28 18:00:00,15.14685,winter weekday,16.6
2024-03-28 19:00:00,14.76465,winter weekday,16.6
2024-03-28 20:00:00,13.9467,winter weekday,12.89
2024-03-28 21:00:00,12.82215,winter weekday,12.89
2024-03-28 22:00:00,10.85025,winter weekday,12.89
2024-03-28 23:00:00,10.005,winter weekday,12.89
2024-03-29 00:00:00,9.543,winter weekend,8.8
2024-03-29 01:00:00,9.35715,winter weekend,8.8
2024-03-29 02:00:00,8.68515,winter weekend,8.8
2024-03-29 03:00:00,8.4552,winter weekend,8.8
2024-03-29 04:00:00,8.70195,winter weekend,8.8
2024-03-29 05:00:00,8.8836,winter weekend,8.8
2024-03-29 06:00:00,9.692099999999998,winter weekend,8.8
2024-03-29 07:00:00,9.730949999999998,winter weekend,8.8
2024-03-29 08:00:00,9.0537,winter weekend,8.8
2024-03-29 09:00:00,8.7744,winter weekend,8.8
2024-03-29 10:00:00,9.1524,winter weekend,8.8
2024-03-29 11:00:00,9.35715,winter weekend,8.8
2024-03-29 12:00:00,8.745,winter weekend,8.8
2024-03-29 13:00:00,8.4153,winter weekend,8.8
2024-03-29 14:00:00,8.7912,winter weekend,8.8
2024-03-29 15:00:00,9.645899999999996,winter weekend,8.8
2024-03-29 16:00:00,12.5775,winter weekend,13.95
2024-03-29 17:00:00,15.77265,winter weekend,13.95
2024-03-29 18:00:00,18.08685,winter weekend,18.28
2024-03-29 19:00:00,18.452250000000003,winter weekend,18.28
2024-03-29 20:00:00,16.557000000000002,winter weekend,18.28
2024-03-29 21:00:00,15.77265,winter weekend,13.95
2024-03-29 22:00:00,15.34845,winter weekend,13.95
2024-03-29 23:00:00,14.73,winter weekend,13.95
2024-03-30 00:00:00,14.6565,winter weekend,13.95
2024-03-30 01:00:00,13.4868,winter weekend,13.95
2024-03-30 02:00:00,13.5624,winter weekend,13.95
2024-03-30 03:00:00,13.56975,winter weekend,13.95
2024-03-30 04:00:00,13.59915,winter weekend,13.95
2024-03-30 05:00:00,14.21025,winter weekend,13.95
2024-03-30 06:00:00,13.52985,winter weekend,13.95
2024-03-30 07:00:00,12.39795,winter weekend,13.95
2024-03-30 08:00:00,12.12915,winter weekend,13.95
2024-03-30 09:00:00,11.9349,winter weekend,13.95
2024-03-30 10:00:00,11.00145,winter weekend,8.8
2024-03-30 11:00:00,9.817049999999998,winter weekend,8.8
2024-03-30 12:00:00,8.9298,winter weekend,8.8
2024-03-30 13:00:00,8.09925,winter weekend,8.8
2024-03-30 14:00:00,9.04635,winter weekend,8.8
2024-03-30 15:00:00,10.971,winter weekend,8.8
2024-03-30 16:00:00,12.8946,winter weekend,13.95
2024-03-30 17:00:00,15.54375,winter weekend,13.95
2024-03-30 18:00:00,16.63155,winter weekend,18.28
2024-03-30 19:00:00,16.150650000000002,winter weekend,18.28
2024-03-30 20:00:00,15.16155,winter weekend,13.95
2024-03-30 21:00:00,14.88435,winter weekend,13.95
2024-03-30 22:00:00,14.81715,winter weekend,13.95
2024-03-30 23:00:00,14.2827,winter weekend,13.95
2024-03-31 00:00:00,15.3285,winter weekend,13.95
2024-03-31 01:00:00,14.38455,winter weekend,13.95
2024-03-31 02:00:00,14.2029,winter weekend,13.95
2024-03-31 03:00:00,13.7304,winter weekend,13.95
2024-03-31 04:00:00,13.5477,winter weekend,13.95
2024-03-31 05:00:00,14.1483,winter weekend,13.95
2024-03-31 06:00:00,14.88855,winter weekend,13.95
2024-03-31 07:00:00,14.208150000000002,winter weekend,13.95
2024-03-31 08:00:00,12.6636,winter weekend,13.95
2024-03-31 09:00:00,11.68815,winter weekend,13.95
2024-03-31 10:00:00,10.4796,winter weekend,8.8
2024-03-31 11:00:00,9.464249999999998,winter weekend,8.8
2024-03-31 12:00:00,7.701300000000001,winter weekend,8.8
2024-03-31 13:00:00,7.488150000000001,winter weekend,8.8
2024-03-31 14:00:00,8.98335,winter weekend,8.8
2024-03-31 15:00:00,11.69235,winter weekend,13.95
2024-03-31 16:00:00,14.3877,winter weekend,13.95
2024-03-31 17:00:00,16.7586,winter weekend,18.28
2024-03-31 18:00:00,19.695450000000005,winter weekend,18.28
2024-03-31 19:00:00,16.1706,winter weekend,18.28
2024-03-31 20:00:00,14.73,winter weekend,13.95
2024-03-31 21:00:00,14.15355,winter weekend,13.95
2024-03-31 22:00:00,13.1445,winter weekend,13.95
2024-03-31 23:00:00,12.62475,winter weekend,13.95
2024-04-01 00:00:00,12.5229,summer weekend,13.75
2024-04-01 01:00:00,12.2163,summer weekend,13.75
2024-04-01 02:00:00,11.9559,summer weekend,13.75
2024-04-01 03:00:00,12.566999999999998,summer weekend,13.75
2024-04-01 04:00:00,12.87675,summer weekend,13.75
2024-04-01 05:00:00,13.54455,summer weekend,13.75
2024-04-01 06:00:00,14.15145,summer weekend,13.75
2024-04-01 07:00:00,13.54455,summer weekend,13.75
2024-04-01 08:00:00,13.77345,summer weekend,13.75
2024-04-01 09:00:00,13.0878,summer weekend,13.75
2024-04-01 10:00:00,11.09595,summer weekend,13.75
2024-04-01 11:00:00,8.7492,summer weekend,7.47
2024-04-01 12:00:00,7.38315,summer weekend,7.47
2024-04-01 13:00:00,7.379050000000001,summer weekend,7.47
2024-04-01 14:00:00,7.379050000000001,summer weekend,7.47
2024-04-01 15:00:00,7.379050000000001,summer weekend,7.47
2024-04-01 16:00:00,7.98795,summer weekend,7.47
2024-04-01 17:00:00,11.78685,summer weekend,13.75
2024-04-01 18:00:00,12.47565,summer weekend,13.75
2024-04-01 19:00:00,12.617400000000002,summer weekend,13.75
2024-04-01 20:00:00,12.17745,summer weekend,13.75
2024-04-01 21:00:00,10.106849999999998,summer weekend,7.47
2024-04-01 22:00:00,8.164349999999999,summer weekend,7.47
2024-04-01 23:00:00,8.216849999999999,summer weekend,7.47
2024-04-02 00:00:00,7.514400000000001,summer weekday,9.67
2024-04-02 01:00:00,7.444050000000001,summer weekday,9.67
2024-04-02 02:00:00,7.471350000000001,summer weekday,9.67
2024-04-02 03:00:00,7.583700000000001,summer weekday,9.67
2024-04-02 04:00:00,8.14335,summer weekday,9.67
2024-04-02 05:00:00,13.3881,summer weekday,15.84
2024-04-02 06:00:00,15.1878,summer weekday,15.84
2024-04-02 07:00:00,14.61765,summer weekday,15.84
2024-04-02 08:00:00,12.3129,summer weekday,9.67
2024-04-02 09:00:00,7.659300000000001,summer weekday,9.67
2024-04-02 10:00:00,7.374300000000001,summer weekday,9.67
2024-04-02 11:00:00,7.27645,summer weekday,9.67
2024-04-02 12:00:00,7.287850000000001,summer weekday,9.67
2024-04-02 13:00:00,7.373350000000001,summer weekday,9.67
2024-04-02 14:00:00,7.380000000000001,summer weekday,9.67
2024-04-02 15:00:00,7.83255,summer weekday,9.67
2024-04-02 16:00:00,11.7333,summer weekday,9.67
2024-04-02 17:00:00,15.0135,summer weekday,15.84
2024-04-02 18:00:00,17.395950000000003,summer weekday,15.84
2024-04-02 19:00:00,17.3424,summer weekday,15.84
2024-04-02 20:00:00,15.58365,summer weekday,15.84
2024-04-02 21:00:00,15.2403,summer weekday,15.84
2024-04-02 22:00:00,14.8224,summer weekday,15.84
2024-04-02 23:00:00,15.16365,summer weekday,15.84
2024-04-03 00:00:00,14.91375,summer weekday,15.84
2024-04-03 01:00:00,14.73525,summer weekday,15.84
2024-04-03 02:00:00,14.99355,summer weekday,15.84
2024-04-03 03:00:00,14.9757,summer weekday,15.84
2024-04-03 04:00:00,15.64455,summer weekday,15.84
2024-04-03 05:00:00,17.345550000000003,summer weekday,15.84
2024-04-03 06:00:00,19.762650000000004,summer weekday,20.41
2024-04-03 07:00:00,19.762650000000004,summer weekday,20.41
2024-04-03 08:00:00,17.982900000000004,summer weekday,15.84
2024-04-03 09:00:00,18.65175,summer weekday,20.41
2024-04-03 10:00:00,16.91505,summer weekday,15.84
2024-04-03 11:00:00,15.993149999999998,summer weekday,15.84
2024-04-03 12:00:00,15.4524,summer weekday,15.84
2024-04-03 13:00:00,15.0492,summer weekday,15.84
2024-04-03 14:00:00,15.05235,summer weekday,15.84
2024-04-03 15:00:00,15.4335,summer weekday,15.84
2024-04-03 16:00:00,17.0862,summer weekday,15.84
2024-04-03 17:00:00,18.734700000000004,summer weekday,20.41
2024-04-03 18:00:00,20.326500000000003,summer weekday,20.41
2024-04-03 19:00:00,18.045900000000003,summer weekday,15.84
2024-04-03 20:00:00,15.881849999999998,summer weekday,15.84
2024-04-03 21:00:00,15.30855,summer weekday,15.84
2024-04-03 22:00:00,14.08845,summer weekday,15.84
2024-04-03 23:00:00,13.1046,summer weekday,15.84
2024-04-04 00:00:00,12.84105,summer weekday,15.84
2024-04-04 01:00:00,12.64785,summer weekday,9.67
2024-04-04 02:00:00,12.79485,summer weekday,15.84
2024-04-04 03:00:00,12.8337,summer weekday,15.84
2024-04-04 04:00:00,13.1655,summer weekday,15.84
2024-04-04 05:00:00,14.4696,summer weekday,15.84
2024-04-04 06:00:00,15.6918,summer weekday,15.84
2024-04-04 07:00:00,15.4839,summer weekday,15.84
2024-04-04 08:00:00,14.9337,summer weekday,15.84
2024-04-04 09:00:00,14.67225,summer weekday,15.84
2024-04-04 10:00:00,14.0013,summer weekday,15.84
2024-04-04 11:00:00,13.4784,summer weekday,15.84
2024-04-04 12:00:00,13.2831,summer weekday,15.84
2024-04-04 13:00:00,13.20645,summer weekday,15.84
2024-04-04 14:00:00,13.27785,summer weekday,15.84
2024-04-04 15:00:00,13.3734,summer weekday,15.84
2024-04-04 16:00:00,14.6334,summer weekday,15.84
2024-04-04 17:00:00,15.2928,summer weekday,15.84
2024-04-04 18:00:00,16.8993,summer weekday,15.84
2024-04-04 19:00:00,15.8409,summer weekday,15.84
2024-04-04 20:00:00,15.075450000000002,summer weekday,15.84
2024-04-04 21:00:00,14.88435,summer weekday,15.84
2024-04-04 22:00:00,13.840650000000002,summer weekday,15.84
2024-04-04 23:00:00,13.9656,summer weekday,15.84
2024-04-05 00:00:00,13.5834,summer weekday,15.84
2024-04-05 01:00:00,13.2558,summer weekday,15.84
2024-04-05 02:00:00,13.32195,summer weekday,15.84
2024-04-05 03:00:00,13.0395,summer weekday,15.84
2024-04-05 04:00:00,13.9425,summer weekday,15.84
2024-04-05 05:00:00,15.39045,summer weekday,15.84
2024-04-05 06:00:00,16.2252,summer weekday,15.84
2024-04-05 07:00:00,15.885,summer weekday,15.84
2024-04-05 08:00:00,14.47695,summer weekday,15.84
2024-04-05 09:00:00,12.6825,summer weekday,9.67
2024-04-05 10:00:00,10.106849999999998,summer weekday,9.67
2024-04-05 11:00:00,8.3418,summer weekday,9.67
2024-04-05 12:00:00,7.380000000000001,summer weekday,9.67
2024-04-05 13:00:00,7.370500000000001,summer weekday,9.67
2024-04-05 14:00:00,7.385250000000001,summer weekday,9.67
2024-04-05 15:00:00,8.22945,summer weekday,9.67
2024-04-05 16:00:00,11.3133,summer weekday,9.67
2024-04-05 17:00:00,12.59325,summer weekday,9.67
2024-04-05 18:00:00,13.2537,summer weekday,15.84
2024-04-05 19:00:00,13.2222,summer weekday,15.84
2024-04-05 20:00:00,13.12455,summer weekday,15.84
2024-04-05 21:00:00,13.273650000000002,summer weekday,15.84
2024-04-05 22:00:00,13.16235,summer weekday,15.84
2024-04-05 23:00:00,11.9034,summer weekday,9.67
2024-04-06 00:00:00,12.10605,summer weekend,13.75
2024-04-06 01:00:00,12.30345,summer weekend,13.75
2024-04-06 02:00:00,12.3738,summer weekend,13.75
2024-04-06 03:00:00,12.69825,summer weekend,13.75
2024-04-06 04:00:00,13.1424,summer weekend,13.75
2024-04-06 05:00:00,13.54665,summer weekend,13.75
2024-04-06 06:00:00,13.66635,summer weekend,13.75
2024-04-06 07:00:00,13.6002,summer weekend,13.75
2024-04-06 08:00:00,12.5187,summer weekend,13.75
2024-04-06 09:00:00,10.4691,summer weekend,7.47
2024-04-06 10:00:00,7.310650000000001,summer weekend,7.47
2024-04-06 11:00:00,5.822000000000001,summer weekend,7.47
2024-04-06 12:00:00,1.6876000000000004,summer weekend,7.47
2024-04-06 13:00:00,1.9089500000000004,summer weekend,7.47
2024-04-06 14:00:00,4.092050000000001,summer weekend,7.47
2024-04-06 15:00:00,6.9373000000000005,summer weekend,7.47
2024-04-06 16:00:00,9.04005,summer weekend,7.47
2024-04-06 17:00:00,14.4738,summer weekend,13.75
2024-04-06 18:00:00,15.14895,summer weekend,13.75
2024-04-06 19:00:00,14.58825,summer weekend,13.75
2024-04-06 20:00:00,12.2583,summer weekend,13.75
2024-04-06 21:00:00,12.11235,summer weekend,13.75
2024-04-06 22:00:00,10.0974,summer weekend,7.47
2024-04-06 23:00:00,8.53185,summer weekend,7.47
2024-04-07 00:00:00,7.389450000000001,summer weekend,7.47
2024-04-07 01:00:00,7.380000000000001,summer weekend,7.47
2024-04-07 02:00:00,7.380000000000001,summer weekend,7.47
2024-04-07 03:00:00,7.380000000000001,summer weekend,7.47
2024-04-07 04:00:00,7.380000000000001,summer weekend,7.47
2024-04-07 05:00:00,7.380000000000001,summer weekend,7.47
2024-04-07 06:00:00,7.380000000000001,summer weekend,7.47
2024-04-07 07:00:00,7.380000000000001,summer weekend,7.47
2024-04-07 08:00:00,7.379050000000001,summer weekend,7.47
2024-04-07 09:00:00,7.364800000000001,summer weekend,7.47
2024-04-07 10:00:00,7.071250000000001,summer weekend,7.47
2024-04-07 11:00:00,6.435700000000001,summer weekend,7.47
2024-04-07 12:00:00,4.834950000000001,summer weekend,7.47
2024-04-07 13:00:00,5.474300000000001,summer weekend,7.47
2024-04-07 14:00:00,6.901200000000001,summer weekend,7.47
2024-04-07 15:00:00,7.364800000000001,summer weekend,7.47
2024-04-07 16:00:00,8.1066,summer weekend,7.47
2024-04-07 17:00:00,16.9833,summer weekend,17.98
2024-04-07 18:00:00,18.76095,summer weekend,17.98
2024-04-07 19:00:00,18.552000000000003,summer weekend,17.98
2024-04-07 20:00:00,16.82475,summer weekend,17.98
2024-04-07 21:00:00,15.5133,summer weekend,13.75
2024-04-07 22:00:00,14.9463,summer weekend,13.75
2024-04-07 23:00:00,14.81085,summer weekend,13.75
2024-04-08 00:00:00,14.80455,summer weekday,15.84
2024-04-08 01:00:00,14.5326,summer weekday,15.84
2024-04-08 02:00:00,14.80455,summer weekday,15.84
2024-04-08 03:00:00,14.89485,summer weekday,15.84
2024-04-08 04:00:00,15.5112,summer weekday,15.84
2024-04-08 05:00:00,18.08895,summer weekday,15.84
2024-04-08 06:00:00,23.106900000000003,summer weekday,20.41
2024-04-08 07:00:00,20.8746,summer weekday,20.41
2024-04-08 08:00:00,16.35855,summer weekday,15.84
2024-04-08 09:00:00,15.842999999999998,summer weekday,15.84
2024-04-08 10:00:00,14.85915,summer weekday,15.84
2024-04-08 11:00:00,14.1735,summer weekday,15.84
2024-04-08 12:00:00,13.68,summer weekday,15.84
2024-04-08 13:00:00,13.45845,summer weekday,15.84
2024-04-08 14:00:00,14.037,summer weekday,15.84
2024-04-08 15:00:00,14.73,summer weekday,15.84
2024-04-08 16:00:00,15.25605,summer weekday,15.84
2024-04-08 17:00:00,18.3945,summer weekday,20.41
2024-04-08 18:00:00,21.7965,summer weekday,20.41
2024-04-08 19:00:00,20.484,summer weekday,20.41
2024-04-08 20:00:00,16.289250000000003,summer weekday,15.84
2024-04-08 21:00:00,15.465000000000002,summer weekday,15.84
2024-04-08 22:00:00,14.74995,summer weekday,15.84
2024-04-08 23:00:00,15.59205,summer weekday,15.84
2024-04-09 00:00:00,14.66595,summer weekday,15.84
2024-04-09 01:00:00,14.17665,summer weekday,15.84
2024-04-09 02:00:00,13.67475,summer weekday,15.84
2024-04-09 03:00:00,13.9404,summer weekday,15.84
2024-04-09 04:00:00,14.5557,summer weekday,15.84
2024-04-09 05:00:00,16.482450000000004,summer weekday,15.84
2024-04-09 06:00:00,16.924500000000002,summer weekday,15.84
2024-04-09 07:00:00,15.7569,summer weekday,15.84
2024-04-09 08:00:00,14.5515,summer weekday,15.84
2024-04-09 09:00:00,12.798,summer weekday,15.84
2024-04-09 10:00:00,11.9979,summer weekday,9.67
2024-04-09 11:00:00,11.16525,summer weekday,9.67
2024-04-09 12:00:00,8.439449999999999,summer weekday,9.67
2024-04-09 13:00:00,8.4825,summer weekday,9.67
2024-04-09 14:00:00,10.4292,summer weekday,9.67
2024-04-09 15:00:00,11.39835,summer weekday,9.67
2024-04-09 16:00:00,12.64575,summer weekday,9.67
2024-04-09 17:00:00,14.2995,summer weekday,15.84
2024-04-09 18:00:00,15.963750000000005,summer weekday,15.84
2024-04-09 19:00:00,15.9627,summer weekday,15.84
2024-04-09 20:00:00,14.5179,summer weekday,15.84
2024-04-09 21:00:00,13.73355,summer weekday,15.84
2024-04-09 22:00:00,11.10645,summer weekday,9.67
2024-04-09 23:00:00,9.783449999999998,summer weekday,9.67
2024-04-10 00:00:00,8.00475,summer weekday,9.67
2024-04-10 01:00:00,8.02995,summer weekday,9.67
2024-04-10 02:00:00,8.32395,summer weekday,9.67
2024-04-10 03:00:00,10.1415,summer weekday,9.67
2024-04-10 04:00:00,12.63315,summer weekday,9.67
2024-04-10 05:00:00,15.35055,summer weekday,15.84
2024-04-10 06:00:00,17.841150000000003,summer weekday,15.84
2024-04-10 07:00:00,18.512100000000004,summer weekday,20.41
2024-04-10 08:00:00,15.8283,summer weekday,15.84
2024-04-10 09:00:00,14.4843,summer weekday,15.84
2024-04-10 10:00:00,13.26525,summer weekday,15.84
2024-04-10 11:00:00,13.2201,summer weekday,15.84
2024-04-10 12:00:00,10.5636,summer weekday,9.67
2024-04-10 13:00:00,10.66545,summer weekday,9.67
2024-04-10 14:00:00,13.19175,summer weekday,15.84
2024-04-10 15:00:00,13.98555,summer weekday,15.84
2024-04-10 16:00:00,15.2886,summer weekday,15.84
2024-04-10 17:00:00,17.967150000000004,summer weekday,15.84
2024-04-10 18:00:00,27.450750000000006,summer weekday,20.41
2024-04-10 19:00:00,27.454950000000004,summer weekday,20.41
2024-04-10 20:00:00,19.516950000000005,summer weekday,20.41
2024-04-10 21:00:00,16.4205,summer weekday,15.84
2024-04-10 22:00:00,15.3705,summer weekday,15.84
2024-04-10 23:00:00,15.0009,summer weekday,15.84
2024-04-11 00:00:00,14.4528,summer weekday,15.84
2024-04-11 01:00:00,13.9152,summer weekday,15.84
2024-04-11 02:00:00,13.55505,summer weekday,15.84
2024-04-11 03:00:00,13.5834,summer weekday,15.84
2024-04-11 04:00:00,13.21485,summer weekday,15.84
2024-04-11 05:00:00,15.21615,summer weekday,15.84
2024-04-11 06:00:00,14.604,summer weekday,15.84
2024-04-11 07:00:00,12.861,summer weekday,15.84
2024-04-11 08:00:00,10.53,summer weekday,9.67
2024-04-11 09:00:00,8.43525,summer weekday,9.67
2024-04-11 10:00:00,7.470300000000001,summer weekday,9.67
2024-04-11 11:00:00,7.475550000000001,summer weekday,9.67
2024-04-11 12:00:00,7.495500000000001,summer weekday,9.67
2024-04-11 13:00:00,7.439850000000001,summer weekday,9.67
2024-04-11 14:00:00,10.48485,summer weekday,9.67
2024-04-11 15:00:00,13.6527,summer weekday,15.84
2024-04-11 16:00:00,15.4377,summer weekday,15.84
2024-04-11 17:00:00,17.953500000000002,summer weekday,15.84
2024-04-11 18:00:00,21.487800000000004,summer weekday,20.41
2024-04-11 19:00:00,21.8511,summer weekday,20.41
2024-04-11 20:00:00,17.752950000000002,summer weekday,15.84
2024-04-11 21:00:00,16.034100000000002,summer weekday,15.84
2024-04-11 22:00:00,15.413550000000004,summer weekday,15.84
2024-04-11 23:00:00,15.32955,summer weekday,15.84
2024-04-12 00:00:00,14.9127,summer weekday,15.84
2024-04-12 01:00:00,14.61345,summer weekday,15.84
2024-04-12 02:00:00,14.6523,summer weekday,15.84
2024-04-12 03:00:00,14.6796,summer weekday,15.84
2024-04-12 04:00:00,15.520650000000002,summer weekday,15.84
2024-04-12 05:00:00,16.959150000000005,summer weekday,15.84
2024-04-12 06:00:00,17.565,summer weekday,15.84
2024-04-12 07:00:00,16.49715,summer weekday,15.84
2024-04-12 08:00:00,14.8329,summer weekday,15.84
2024-04-12 09:00:00,11.8803,summer weekday,9.67
2024-04-12 10:00:00,9.3603,summer weekday,9.67
2024-04-12 11:00:00,7.380000000000001,summer weekday,9.67
2024-04-12 12:00:00,7.373350000000001,summer weekday,9.67
2024-04-12 13:00:00,7.381050000000001,summer weekday,9.67
2024-04-12 14:00:00,7.398900000000001,summer weekday,9.67
2024-04-12 15:00:00,7.403100000000001,summer weekday,9.67
2024-04-12 16:00:00,13.40385,summer weekday,15.84
2024-04-12 17:00:00,15.98265,summer weekday,15.84
2024-04-12 18:00:00,20.604750000000003,summer weekday,20.41
2024-04-12 19:00:00,20.413650000000004,summer weekday,20.41
2024-04-12 20:00:00,16.473000000000003,summer weekday,15.84
2024-04-12 21:00:00,15.56895,summer weekday,15.84
2024-04-12 22:00:00,14.5305,summer weekday,15.84
2024-04-12 23:00:00,13.7031,summer weekday,15.84
2024-04-13 00:00:00,12.53235,summer weekend,13.75
2024-04-13 01:00:00,9.943049999999998,summer weekend,7.47
2024-04-13 02:00:00,9.41805,summer weekend,7.47
2024-04-13 03:00:00,9.474749999999998,summer weekend,7.47
2024-04-13 04:00:00,10.0386,summer weekend,7.47
2024-04-13 05:00:00,10.5489,summer weekend,7.47
2024-04-13 06:00:00,11.0823,summer weekend,13.75
2024-04-13 07:00:00,9.752999999999998,summer weekend,7.47
2024-04-13 08:00:00,8.304,summer weekend,7.47
2024-04-13 09:00:00,7.378100000000001,summer weekend,7.47
2024-04-13 10:00:00,6.432850000000001,summer weekend,7.47
2024-04-13 11:00:00,4.9138,summer weekend,7.47
2024-04-13 12:00:00,2.6300000000000003,summer weekend,7.47
2024-04-13 13:00:00,2.154050000000001,summer weekend,7.47
2024-04-13 14:00:00,2.638550000000001,summer weekend,7.47
2024-04-13 15:00:00,5.559800000000001,summer weekend,7.47
2024-04-13 16:00:00,7.364800000000001,summer weekend,7.47
2024-04-13 17:00:00,11.57055,summer weekend,13.75
2024-04-13 18:00:00,15.0912,summer weekend,13.75
2024-04-13 19:00:00,14.2869,summer weekend,13.75
2024-04-13 20:00:00,11.51175,summer weekend,13.75
2024-04-13 21:00:00,9.59655,summer weekend,7.47
2024-04-13 22:00:00,8.120249999999999,summer weekend,7.47
2024-04-13 23:00:00,7.42515,summer weekend,7.47
2024-04-14 00:00:00,7.467150000000001,summer weekend,7.47
2024-04-14 01:00:00,7.477650000000001,summer weekend,7.47
2024-04-14 02:00:00,7.49865,summer weekend,7.47
2024-04-14 03:00:00,7.625700000000001,summer weekend,7.47
2024-04-14 04:00:00,8.00475,summer weekend,7.47
2024-04-14 05:00:00,8.7303,summer weekend,7.47
2024-04-14 06:00:00,8.745,summer weekend,7.47
2024-04-14 07:00:00,8.15805,summer weekend,7.47
2024-04-14 08:00:00,7.380000000000001,summer weekend,7.47
2024-04-14 09:00:00,7.154850000000001,summer weekend,7.47
2024-04-14 10:00:00,6.2238500000000005,summer weekend,7.47
2024-04-14 11:00:00,3.3643500000000004,summer weekend,7.47
2024-04-14 12:00:00,1.6752500000000008,summer weekend,7.47
2024-04-14 13:00:00,1.6733500000000008,summer weekend,7.47
2024-04-14 14:00:00,3.575250000000001,summer weekend,7.47
2024-04-14 15:00:00,6.786250000000001,summer weekend,7.47
2024-04-14 16:00:00,7.544850000000001,summer weekend,7.47
2024-04-14 17:00:00,14.43915,summer weekend,13.75
2024-04-14 18:00:00,16.599,summer weekend,17.98
2024-04-14 19:00:00,19.970550000000003,summer weekend,17.98
2024-04-14 20:00:00,19.20405,summer weekend,17.98
2024-04-14 21:00:00,18.29475,summer weekend,17.98
2024-04-14 22:00:00,16.540200000000002,summer weekend,17.98
2024-04-14 23:00:00,15.9858,summer weekend,17.98
2024-04-15 00:00:00,15.9123,summer weekday,15.84
2024-04-15 01:00:00,15.5217,summer weekday,15.84
2024-04-15 02:00:00,15.5889,summer weekday,15.84
2024-04-15 03:00:00,15.27915,summer weekday,15.84
2024-04-15 04:00:00,16.4877,summer weekday,15.84
2024-04-15 05:00:00,19.531650000000003,summer weekday,20.41
2024-04-15 06:00:00,25.140750000000004,summer weekday,20.41
2024-04-15 07:00:00,23.47020000000001,summer weekday,20.41
2024-04-15 08:00:00,16.993800000000004,summer weekday,15.84
2024-04-15 09:00:00,15.837750000000002,summer weekday,15.84
2024-04-15 10:00:00,14.01075,summer weekday,15.84
2024-04-15 11:00:00,12.01575,summer weekday,9.67
2024-04-15 12:00:00,10.7127,summer weekday,9.67
2024-04-15 13:00:00,8.7408,summer weekday,9.67
2024-04-15 14:00:00,8.199,summer weekday,9.67
2024-04-15 15:00:00,8.21895,summer weekday,9.67
2024-04-15 16:00:00,12.2415,summer weekday,9.67
2024-04-15 17:00:00,14.646,summer weekday,15.84
2024-04-15 18:00:00,15.6666,summer weekday,15.84
2024-04-15 19:00:00,15.4671,summer weekday,15.84
2024-04-15 20:00:00,14.34255,summer weekday,15.84
2024-04-15 21:00:00,13.02585,summer weekday,15.84
2024-04-15 22:00:00,10.96785,summer weekday,9.67
2024-04-15 23:00:00,7.592100000000001,summer weekday,9.67
2024-04-16 00:00:00,7.384200000000001,summer weekday,9.67
2024-04-16 01:00:00,7.394700000000001,summer weekday,9.67
2024-04-16 02:00:00,7.456650000000001,summer weekday,9.67
2024-04-16 03:00:00,9.21435,summer weekday,9.67
2024-04-16 04:00:00,11.1831,summer weekday,9.67
2024-04-16 05:00:00,14.0097,summer weekday,15.84
2024-04-16 06:00:00,15.1773,summer weekday,15.84
2024-04-16 07:00:00,15.1773,summer weekday,15.84
2024-04-16 08:00:00,14.18505,summer weekday,15.84
2024-04-16 09:00:00,12.73815,summer weekday,9.67
2024-04-16 10:00:00,11.8572,summer weekday,9.67
2024-04-16 11:00:00,11.58,summer weekday,9.67
2024-04-16 12:00:00,11.6031,summer weekday,9.67
2024-04-16 13:00:00,11.7984,summer weekday,9.67
2024-04-16 14:00:00,12.47565,summer weekday,9.67
2024-04-16 15:00:00,13.9782,summer weekday,15.84
2024-04-16 16:00:00,15.74535,summer weekday,15.84
2024-04-16 17:00:00,17.1366,summer weekday,15.84
2024-04-16 18:00:00,19.34895,summer weekday,20.41
2024-04-16 19:00:00,20.454600000000003,summer weekday,20.41
2024-04-16 20:00:00,18.3483,summer weekday,20.41
2024-04-16 21:00:00,16.840500000000002,summer weekday,15.84
2024-04-16 22:00:00,16.210500000000003,summer weekday,15.84
2024-04-16 23:00:00,16.183200000000003,summer weekday,15.84
2024-04-17 00:00:00,16.183200000000003,summer weekday,15.84
2024-04-17 01:00:00,15.92175,summer weekday,15.84
2024-04-17 02:00:00,16.032000000000004,summer weekday,15.84
2024-04-17 03:00:00,16.0908,summer weekday,15.84
2024-04-17 04:00:00,16.171650000000003,summer weekday,15.84
2024-04-17 05:00:00,18.86595,summer weekday,20.41
2024-04-17 06:00:00,25.22685,summer weekday,20.41
2024-04-17 07:00:00,23.672850000000004,summer weekday,20.41
2024-04-17 08:00:00,18.3651,summer weekday,20.41
2024-04-17 09:00:00,16.189500000000002,summer weekday,15.84
2024-04-17 10:00:00,15.7695,summer weekday,15.84
2024-04-17 11:00:00,16.092900000000004,summer weekday,15.84
2024-04-17 12:00:00,15.866099999999998,summer weekday,15.84
2024-04-17 13:00:00,15.53955,summer weekday,15.84
2024-04-17 14:00:00,15.46815,summer weekday,15.84
2024-04-17 15:00:00,15.78,summer weekday,15.84
2024-04-17 16:00:00,16.504500000000004,summer weekday,15.84
2024-04-17 17:00:00,19.45185,summer weekday,20.41
2024-04-17 18:00:00,24.1716,summer weekday,20.41
2024-04-17 19:00:00,25.219500000000007,summer weekday,20.41
2024-04-17 20:00:00,21.036300000000004,summer weekday,20.41
2024-04-17 21:00:00,17.779200000000003,summer weekday,15.84
2024-04-17 22:00:00,16.600050000000003,summer weekday,15.84
2024-04-17 23:00:00,17.022150000000003,summer weekday,15.84
2024-04-18 00:00:00,16.559100000000004,summer weekday,15.84
2024-04-18 01:00:00,16.67565,summer weekday,15.84
2024-04-18 02:00:00,16.594800000000003,summer weekday,15.84
2024-04-18 03:00:00,16.789050000000003,summer weekday,15.84
2024-04-18 04:00:00,17.19435,summer weekday,15.84
2024-04-18 05:00:00,20.1774,summer weekday,20.41
2024-04-18 06:00:00,23.739000000000004,summer weekday,20.41
2024-04-18 07:00:00,21.154950000000003,summer weekday,20.41
2024-04-18 08:00:00,17.997600000000002,summer weekday,15.84
2024-04-18 09:00:00,16.852050000000002,summer weekday,15.84
2024-04-18 10:00:00,16.18635,summer weekday,15.84
2024-04-18 11:00:00,15.8472,summer weekday,15.84
2024-04-18 12:00:00,15.486000000000002,summer weekday,15.84
2024-04-18 13:00:00,15.04605,summer weekday,15.84
2024-04-18 14:00:00,14.8035,summer weekday,15.84
2024-04-18 15:00:00,14.8224,summer weekday,15.84
2024-04-18 16:00:00,15.91965,summer weekday,15.84
2024-04-18 17:00:00,17.25315,summer weekday,15.84
2024-04-18 18:00:00,20.5302,summer weekday,20.41
2024-04-18 19:00:00,20.90715,summer weekday,20.41
2024-04-18 20:00:00,18.501600000000003,summer weekday,20.41
2024-04-18 21:00:00,16.818450000000002,summer weekday,15.84
2024-04-18 22:00:00,15.71385,summer weekday,15.84
2024-04-18 23:00:00,15.487049999999998,summer weekday,15.84
2024-04-19 00:00:00,13.76715,summer weekday,15.84
2024-04-19 01:00:00,12.68565,summer weekday,9.67
2024-04-19 02:00:00,12.57435,summer weekday,9.67
2024-04-19 03:00:00,12.41685,summer weekday,9.67
2024-04-19 04:00:00,12.5334,summer weekday,9.67
2024-04-19 05:00:00,13.6926,summer weekday,15.84
2024-04-19 06:00:00,14.6292,summer weekday,15.84
2024-04-19 07:00:00,15.36,summer weekday,15.84
2024-04-19 08:00:00,14.5515,summer weekday,15.84
2024-04-19 09:00:00,13.701,summer weekday,15.84
2024-04-19 10:00:00,13.2684,summer weekday,15.84
2024-04-19 11:00:00,12.72555,summer weekday,9.67
2024-04-19 12:00:00,12.315,summer weekday,9.67
2024-04-19 13:00:00,12.0987,summer weekday,9.67
2024-04-19 14:00:00,12.0588,summer weekday,9.67
2024-04-19 15:00:00,12.72555,summer weekday,9.67
2024-04-19 16:00:00,13.55085,summer weekday,15.84
2024-04-19 17:00:00,14.04645,summer weekday,15.84
2024-04-19 18:00:00,14.2386,summer weekday,15.84
2024-04-19 19:00:00,14.3394,summer weekday,15.84
2024-04-19 20:00:00,14.331,summer weekday,15.84
2024-04-19 21:00:00,14.23335,summer weekday,15.84
2024-04-19 22:00:00,14.01075,summer weekday,15.84
2024-04-19 23:00:00,13.7052,summer weekday,15.84
2024-04-20 00:00:00,13.46685,summer weekend,13.75
2024-04-20 01:00:00,13.39965,summer weekend,13.75
2024-04-20 02:00:00,13.44375,summer weekend,13.75
2024-04-20 03:00:00,13.7892,summer weekend,13.75
2024-04-20 04:00:00,13.97715,summer weekend,13.75
2024-04-20 05:00:00,14.0916,summer weekend,13.75
2024-04-20 06:00:00,14.5179,summer weekend,13.75
2024-04-20 07:00:00,14.2092,summer weekend,13.75
2024-04-20 08:00:00,13.6695,summer weekend,13.75
2024-04-20 09:00:00,12.63525,summer weekend,13.75
2024-04-20 10:00:00,11.41515,summer weekend,13.75
2024-04-20 11:00:00,10.42185,summer weekend,7.47
2024-04-20 12:00:00,8.67465,summer weekend,7.47
2024-04-20 13:00:00,8.48775,summer weekend,7.47
2024-04-20 14:00:00,9.30465,summer weekend,7.47
2024-04-20 15:00:00,11.30805,summer weekend,13.75
2024-04-20 16:00:00,13.97715,summer weekend,13.75
2024-04-20 17:00:00,15.664500000000002,summer weekend,13.75
2024-04-20 18:00:00,16.789050000000003,summer weekend,17.98
2024-04-20 19:00:00,17.569200000000002,summer weekend,17.98
2024-04-20 20:00:00,16.862550000000002,summer weekend,17.98
2024-04-20 21:00:00,16.417350000000003,summer weekend,17.98
2024-04-20 22:00:00,16.084500000000002,summer weekend,17.98
2024-04-20 23:00:00,15.97425,summer weekend,17.98
2024-04-21 00:00:00,14.791950000000002,summer weekend,13.75
2024-04-21 01:00:00,14.680650000000002,summer weekend,13.75
2024-04-21 02:00:00,14.142,summer weekend,13.75
2024-04-21 03:00:00,14.0874,summer weekend,13.75
2024-04-21 04:00:00,14.0601,summer weekend,13.75
2024-04-21 05:00:00,14.14515,summer weekend,13.75
2024-04-21 06:00:00,13.73565,summer weekend,13.75
2024-04-21 07:00:00,13.7724,summer weekend,13.75
2024-04-21 08:00:00,13.1949,summer weekend,13.75
2024-04-21 09:00:00,10.84395,summer weekend,13.75
2024-04-21 10:00:00,11.2608,summer weekend,13.75
2024-04-21 11:00:00,8.016300000000001,summer weekend,7.47
2024-04-21 12:00:00,7.409400000000001,summer weekend,7.47
2024-04-21 13:00:00,7.294500000000001,summer weekend,7.47
2024-04-21 14:00:00,7.458750000000001,summer weekend,7.47
2024-04-21 15:00:00,8.011050000000001,summer weekend,7.47
2024-04-21 16:00:00,13.4931,summer weekend,13.75
2024-04-21 17:00:00,15.213,summer weekend,13.75
2024-04-21 18:00:00,16.762800000000002,summer weekend,17.98
2024-04-21 19:00:00,17.3823,summer weekend,17.98
2024-04-21 20:00:00,16.94235,summer weekend,17.98
2024-04-21 21:00:00,16.768050000000002,summer weekend,17.98
2024-04-21 22:00:00,16.668300000000002,summer weekend,17.98
2024-04-21 23:00:00,15.67185,summer weekend,13.75
2024-04-22 00:00:00,15.57525,summer weekday,15.84
2024-04-22 01:00:00,15.6162,summer weekday,15.84
2024-04-22 02:00:00,15.7716,summer weekday,15.84
2024-04-22 03:00:00,15.757950000000005,summer weekday,15.84
2024-04-22 04:00:00,16.567500000000003,summer weekday,15.84
2024-04-22 05:00:00,18.4995,summer weekday,20.41
2024-04-22 06:00:00,21.11295,summer weekday,20.41
2024-04-22 07:00:00,19.7133,summer weekday,20.41
2024-04-22 08:00:00,17.57025,summer weekday,15.84
2024-04-22 09:00:00,15.9753,summer weekday,15.84
2024-04-22 10:00:00,15.910199999999998,summer weekday,15.84
2024-04-22 11:00:00,15.470250000000002,summer weekday,15.84
2024-04-22 12:00:00,15.11535,summer weekday,15.84
2024-04-22 13:00:00,15.16785,summer weekday,15.84
2024-04-22 14:00:00,15.620400000000002,summer weekday,15.84
2024-04-22 15:00:00,15.94485,summer weekday,15.84
2024-04-22 16:00:00,17.54295,summer weekday,15.84
2024-04-22 17:00:00,19.791000000000004,summer weekday,20.41
2024-04-22 18:00:00,24.605250000000005,summer weekday,20.41
2024-04-22 19:00:00,25.330800000000004,summer weekday,20.41
2024-04-22 20:00:00,21.03525,summer weekday,20.41
2024-04-22 21:00:00,18.485850000000003,summer weekday,20.41
2024-04-22 22:00:00,17.563950000000002,summer weekday,15.84
2024-04-22 23:00:00,16.6536,summer weekday,15.84
2024-04-23 00:00:00,16.482450000000004,summer weekday,15.84
2024-04-23 01:00:00,16.404750000000003,summer weekday,15.84
2024-04-23 02:00:00,16.349100000000004,summer weekday,15.84
2024-04-23 03:00:00,16.44675,summer weekday,15.84
2024-04-23 04:00:00,17.63745,summer weekday,15.84
2024-04-23 05:00:00,20.127,summer weekday,20.41
2024-04-23 06:00:00,26.4123,summer weekday,20.41
2024-04-23 07:00:00,21.689400000000003,summer weekday,20.41
2024-04-23 08:00:00,17.7099,summer weekday,15.84
2024-04-23 09:00:00,16.081350000000004,summer weekday,15.84
2024-04-23 10:00:00,15.492300000000002,summer weekday,15.84
2024-04-23 11:00:00,15.5133,summer weekday,15.84
2024-04-23 12:00:00,15.714899999999998,summer weekday,15.84
2024-04-23 13:00:00,15.6351,summer weekday,15.84
2024-04-23 14:00:00,15.782099999999998,summer weekday,15.84
2024-04-23 15:00:00,16.0971,summer weekday,15.84
2024-04-23 16:00:00,16.82685,summer weekday,15.84
2024-04-23 17:00:00,18.132,summer weekday,20.41
2024-04-23 18:00:00,20.29605,summer weekday,20.41
2024-04-23 19:00:00,20.51235,summer weekday,20.41
2024-04-23 20:00:00,18.4155,summer weekday,20.41
2024-04-23 21:00:00,17.116650000000003,summer weekday,15.84
2024-04-23 22:00:00,15.942749999999998,summer weekday,15.84
2024-04-23 23:00:00,15.969,summer weekday,15.84
2024-04-24 00:00:00,15.56685,summer weekday,15.84
2024-04-24 01:00:00,15.481799999999998,summer weekday,15.84
2024-04-24 02:00:00,15.2403,summer weekday,15.84
2024-04-24 03:00:00,15.503850000000002,summer weekday,15.84
2024-04-24 04:00:00,15.97215,summer weekday,15.84
2024-04-24 05:00:00,18.0543,summer weekday,15.84
2024-04-24 06:00:00,20.83785,summer weekday,20.41
2024-04-24 07:00:00,18.62235,summer weekday,20.41
2024-04-24 08:00:00,17.020050000000005,summer weekday,15.84
2024-04-24 09:00:00,16.907700000000002,summer weekday,15.84
2024-04-24 10:00:00,16.656750000000002,summer weekday,15.84
2024-04-24 11:00:00,16.053,summer weekday,15.84
2024-04-24 12:00:00,15.78945,summer weekday,15.84
2024-04-24 13:00:00,15.41565,summer weekday,15.84
2024-04-24 14:00:00,15.85455,summer weekday,15.84
2024-04-24 15:00:00,15.8976,summer weekday,15.84
2024-04-24 16:00:00,16.473000000000003,summer weekday,15.84
2024-04-24 17:00:00,18.0417,summer weekday,15.84
2024-04-24 18:00:00,21.576,summer weekday,20.41
2024-04-24 19:00:00,22.4412,summer weekday,20.41
2024-04-24 20:00:00,20.1018,summer weekday,20.41
2024-04-24 21:00:00,18.43755,summer weekday,20.41
2024-04-24 22:00:00,16.852050000000002,summer weekday,15.84
2024-04-24 23:00:00,16.1475,summer weekday,15.84
2024-04-25 00:00:00,15.78,summer weekday,15.84
2024-04-25 01:00:00,15.503850000000002,summer weekday,15.84
2024-04-25 02:00:00,15.36525,summer weekday,15.84
2024-04-25 03:00:00,15.2802,summer weekday,15.84
2024-04-25 04:00:00,16.2021,summer weekday,15.84
2024-04-25 05:00:00,18.1362,summer weekday,20.41
2024-04-25 06:00:00,20.930250000000004,summer weekday,20.41
2024-04-25 07:00:00,19.214550000000003,summer weekday,20.41
2024-04-25 08:00:00,17.0505,summer weekday,15.84
2024-04-25 09:00:00,15.781050000000002,summer weekday,15.84
2024-04-25 10:00:00,15.591,summer weekday,15.84
2024-04-25 11:00:00,15.1416,summer weekday,15.84
2024-04-25 12:00:00,14.59035,summer weekday,15.84
2024-04-25 13:00:00,14.35305,summer weekday,15.84
2024-04-25 14:00:00,14.6586,summer weekday,15.84
2024-04-25 15:00:00,15.025050000000002,summer weekday,15.84
2024-04-25 16:00:00,15.7674,summer weekday,15.84
2024-04-25 17:00:00,17.372850000000003,summer weekday,15.84
2024-04-25 18:00:00,22.194450000000003,summer weekday,20.41
2024-04-25 19:00:00,23.37045,summer weekday,20.41
2024-04-25 20:00:00,19.31955,summer weekday,20.41
2024-04-25 21:00:00,16.97175,summer weekday,15.84
2024-04-25 22:00:00,15.7527,summer weekday,15.84
2024-04-25 23:00:00,15.76635,summer weekday,15.84
2024-04-26 00:00:00,15.15,summer weekday,15.84
2024-04-26 01:00:00,15.2235,summer weekday,15.84
2024-04-26 02:00:00,15.15735,summer weekday,15.84
2024-04-26 03:00:00,15.475499999999998,summer weekday,15.84
2024-04-26 04:00:00,16.167450000000002,summer weekday,15.84
2024-04-26 05:00:00,17.1975,summer weekday,15.84
2024-04-26 06:00:00,18.306300000000004,summer weekday,20.41
2024-04-26 07:00:00,17.4663,summer weekday,15.84
2024-04-26 08:00:00,15.893400000000002,summer weekday,15.84
2024-04-26 09:00:00,15.55005,summer weekday,15.84
2024-04-26 10:00:00,15.03975,summer weekday,15.84
2024-04-26 11:00:00,14.76675,summer weekday,15.84
2024-04-26 12:00:00,14.5977,summer weekday,15.84
2024-04-26 13:00:00,14.24385,summer weekday,15.84
2024-04-26 14:00:00,14.7216,summer weekday,15.84
2024-04-26 15:00:00,14.9085,summer weekday,15.84
2024-04-26 16:00:00,15.8283,summer weekday,15.84
2024-04-26 17:00:00,17.3319,summer weekday,15.84
2024-04-26 18:00:00,21.229500000000005,summer weekday,20.41
2024-04-26 19:00:00,22.2459,summer weekday,20.41
2024-04-26 20:00:00,18.930000000000003,summer weekday,20.41
2024-04-26 21:00:00,17.11455,summer weekday,15.84
2024-04-26 22:00:00,16.6473,summer weekday,15.84
2024-04-26 23:00:00,16.860450000000004,summer weekday,15.84
2024-04-27 00:00:00,16.7145,summer weekend,17.98
2024-04-27 01:00:00,16.471950000000003,summer weekend,17.98
2024-04-27 02:00:00,16.728150000000003,summer weekend,17.98
2024-04-27 03:00:00,16.58745,summer weekend,17.98
2024-04-27 04:00:00,16.376400000000004,summer weekend,17.98
2024-04-27 05:00:00,16.418400000000002,summer weekend,17.98
2024-04-27 06:00:00,15.6792,summer weekend,13.75
2024-04-27 07:00:00,14.58825,summer weekend,13.75
2024-04-27 08:00:00,13.58235,summer weekend,13.75
2024-04-27 09:00:00,11.1621,summer weekend,13.75
2024-04-27 10:00:00,8.26515,summer weekend,7.47
2024-04-27 11:00:00,7.38315,summer weekend,7.47
2024-04-27 12:00:00,7.374300000000001,summer weekend,7.47
2024-04-27 13:00:00,7.380000000000001,summer weekend,7.47
2024-04-27 14:00:00,7.380000000000001,summer weekend,7.47
2024-04-27 15:00:00,9.474749999999998,summer weekend,7.47
2024-04-27 16:00:00,13.9089,summer weekend,13.75
2024-04-27 17:00:00,16.428900000000002,summer weekend,17.98
2024-04-27 18:00:00,19.969500000000004,summer weekend,17.98
2024-04-27 19:00:00,19.168350000000004,summer weekend,17.98
2024-04-27 20:00:00,16.305000000000003,summer weekend,17.98
2024-04-27 21:00:00,15.3495,summer weekend,13.75
2024-04-27 22:00:00,14.22915,summer weekend,13.75
2024-04-27 23:00:00,13.30095,summer weekend,13.75
2024-04-28 00:00:00,12.2247,summer weekend,13.75
2024-04-28 01:00:00,11.538,summer weekend,13.75
2024-04-28 02:00:00,10.69275,summer weekend,13.75
2024-04-28 03:00:00,10.278,summer weekend,7.47
2024-04-28 04:00:00,10.115249999999998,summer weekend,7.47
2024-04-28 05:00:00,8.4216,summer weekend,7.47
2024-04-28 06:00:00,7.390500000000001,summer weekend,7.47
2024-04-28 07:00:00,7.373350000000001,summer weekend,7.47
2024-04-28 08:00:00,7.283100000000001,summer weekend,7.47
2024-04-28 09:00:00,5.800150000000001,summer weekend,7.47
2024-04-28 10:00:00,3.891600000000001,summer weekend,7.47
2024-04-28 11:00:00,1.6752500000000008,summer weekend,7.47
2024-04-28 12:00:00,1.6714500000000008,summer weekend,7.47
2024-04-28 13:00:00,1.1993000000000007,summer weekend,7.47
2024-04-28 14:00:00,2.39915,summer weekend,7.47
2024-04-28 15:00:00,5.152250000000001,summer weekend,7.47
2024-04-28 16:00:00,7.378100000000001,summer weekend,7.47
2024-04-28 17:00:00,10.044899999999998,summer weekend,7.47
2024-04-28 18:00:00,14.6628,summer weekend,13.75
2024-04-28 19:00:00,15.51225,summer weekend,13.75
2024-04-28 20:00:00,15.6288,summer weekend,13.75
2024-04-28 21:00:00,14.96205,summer weekend,13.75
2024-04-28 22:00:00,14.4087,summer weekend,13.75
2024-04-28 23:00:00,14.01075,summer weekend,13.75
2024-04-29 00:00:00,13.68525,summer weekday,15.84
2024-04-29 01:00:00,13.56765,summer weekday,15.84
2024-04-29 02:00:00,13.9383,summer weekday,15.84
2024-04-29 03:00:00,15.4461,summer weekday,15.84
2024-04-29 04:00:00,16.323900000000002,summer weekday,15.84
2024-04-29 05:00:00,18.129900000000003,summer weekday,20.41
2024-04-29 06:00:00,19.764750000000003,summer weekday,20.41
2024-04-29 07:00:00,17.952450000000002,summer weekday,15.84
2024-04-29 08:00:00,15.27285,summer weekday,15.84
2024-04-29 09:00:00,13.59705,summer weekday,15.84
2024-04-29 10:00:00,11.2083,summer weekday,9.67
2024-04-29 11:00:00,11.1789,summer weekday,9.67
2024-04-29 12:00:00,11.11695,summer weekday,9.67
2024-04-29 13:00:00,10.91115,summer weekday,9.67
2024-04-29 14:00:00,11.11485,summer weekday,9.67
2024-04-29 15:00:00,12.3864,summer weekday,9.67
2024-04-29 16:00:00,16.383750000000003,summer weekday,15.84
2024-04-29 17:00:00,18.37665,summer weekday,20.41
2024-04-29 18:00:00,26.2842,summer weekday,20.41
2024-04-29 19:00:00,28.859850000000005,summer weekday,20.41
2024-04-29 20:00:00,18.77775,summer weekday,20.41
2024-04-29 21:00:00,16.545450000000002,summer weekday,15.84
2024-04-29 22:00:00,15.90075,summer weekday,15.84
2024-04-29 23:00:00,15.1248,summer weekday,15.84
2024-04-30 00:00:00,14.39085,summer weekday,15.84
2024-04-30 01:00:00,14.77305,summer weekday,15.84
2024-04-30 02:00:00,14.73,summer weekday,15.84
2024-04-30 03:00:00,14.73,summer weekday,15.84
2024-04-30 04:00:00,15.65085,summer weekday,15.84
2024-04-30 05:00:00,17.349750000000004,summer weekday,15.84
2024-04-30 06:00:00,18.084750000000003,summer weekday,15.84
2024-04-30 07:00:00,16.668300000000002,summer weekday,15.84
2024-04-30 08:00:00,15.465000000000002,summer weekday,15.84
2024-04-30 09:00:00,13.896300000000002,summer weekday,15.84
2024-04-30 10:00:00,12.3255,summer weekday,9.67
2024-04-30 11:00:00,10.32525,summer weekday,9.67
2024-04-30 12:00:00,8.5665,summer weekday,9.67
2024-04-30 13:00:00,8.43,summer weekday,9.67
2024-04-30 14:00:00,9.389699999999998,summer weekday,9.67
2024-04-30 15:00:00,12.1932,summer weekday,9.67
2024-04-30 16:00:00,14.40975,summer weekday,15.84
2024-04-30 17:00:00,16.431000000000004,summer weekday,15.84
2024-04-30 18:00:00,20.191050000000004,summer weekday,20.41
2024-04-30 19:00:00,21.283050000000003,summer weekday,20.41
2024-04-30 20:00:00,16.65885,summer weekday,15.84
2024-04-30 21:00:00,15.56685,summer weekday,15.84
2024-04-30 22:00:00,15.32745,summer weekday,15.84
2024-04-30 23:00:00,14.39505,summer weekday,15.84
2024-05-01 00:00:00,13.16445,summer weekend,13.75
2024-05-01 01:00:00,12.66255,summer weekend,13.75
2024-05-01 02:00:00,11.99895,summer weekend,13.75
2024-05-01 03:00:00,12.400050000000002,summer weekend,13.75
2024-05-01 04:00:00,12.07245,summer weekend,13.75
2024-05-01 05:00:00,11.8404,summer weekend,13.75
2024-05-01 06:00:00,10.3284,summer weekend,7.47
2024-05-01 07:00:00,8.267249999999999,summer weekend,7.47
2024-05-01 08:00:00,7.381050000000001,summer weekend,7.47
2024-05-01 09:00:00,7.287850000000001,summer weekend,7.47
2024-05-01 10:00:00,3.575250000000001,summer weekend,7.47
2024-05-01 11:00:00,-1.3505000000000007,summer weekend,7.47
2024-05-01 12:00:00,-4.019999999999998,summer weekend,7.47
2024-05-01 13:00:00,-4.026649999999998,summer weekend,7.47
2024-05-01 14:00:00,-0.2180999999999995,summer weekend,7.47
2024-05-01 15:00:00,4.529050000000001,summer weekend,7.47
2024-05-01 16:00:00,7.271700000000001,summer weekend,7.47
2024-05-01 17:00:00,8.9886,summer weekend,7.47
2024-05-01 18:00:00,12.672,summer weekend,13.75
2024-05-01 19:00:00,12.63,summer weekend,13.75
2024-05-01 20:00:00,10.95105,summer weekend,13.75
2024-05-01 21:00:00,10.5216,summer weekend,7.47
2024-05-01 22:00:00,9.69,summer weekend,7.47
2024-05-01 23:00:00,8.9088,summer weekend,7.47
2024-05-02 00:00:00,8.528699999999999,summer weekday,9.67
2024-05-02 01:00:00,8.43,summer weekday,9.67
2024-05-02 02:00:00,8.199,summer weekday,9.67
2024-05-02 03:00:00,8.49615,summer weekday,9.67
2024-05-02 04:00:00,10.7463,summer weekday,9.67
2024-05-02 05:00:00,15.0156,summer weekday,15.84
2024-05-02 06:00:00,15.5994,summer weekday,15.84
2024-05-02 07:00:00,13.9845,summer weekday,15.84
2024-05-02 08:00:00,10.68225,summer weekday,9.67
2024-05-02 09:00:00,7.915500000000001,summer weekday,9.67
2024-05-02 10:00:00,7.372400000000001,summer weekday,9.67
2024-05-02 11:00:00,7.215650000000001,summer weekday,9.67
2024-05-02 12:00:00,6.98195,summer weekday,9.67
2024-05-02 13:00:00,7.375250000000001,summer weekday,9.67
2024-05-02 14:00:00,7.247950000000001,summer weekday,9.67
2024-05-02 15:00:00,7.804200000000001,summer weekday,9.67
2024-05-02 16:00:00,13.1718,summer weekday,15.84
2024-05-02 17:00:00,15.9081,summer weekday,15.84
2024-05-02 18:00:00,16.6158,summer weekday,15.84
2024-05-02 19:00:00,16.3197,summer weekday,15.84
2024-05-02 20:00:00,16.022550000000003,summer weekday,15.84
2024-05-02 21:00:00,15.59205,summer weekday,15.84
2024-05-02 22:00:00,14.8371,summer weekday,15.84
2024-05-02 23:00:00,13.879499999999998,summer weekday,15.84
2024-05-03 00:00:00,13.5897,summer weekday,15.84
2024-05-03 01:00:00,13.46475,summer weekday,15.84
2024-05-03 02:00:00,13.5225,summer weekday,15.84
2024-05-03 03:00:00,13.5897,summer weekday,15.84
2024-05-03 04:00:00,14.64285,summer weekday,15.84
2024-05-03 05:00:00,16.174800000000005,summer weekday,15.84
2024-05-03 06:00:00,16.354350000000004,summer weekday,15.84
2024-05-03 07:00:00,17.072550000000003,summer weekday,15.84
2024-05-03 08:00:00,16.646250000000002,summer weekday,15.84
2024-05-03 09:00:00,15.564750000000002,summer weekday,15.84
2024-05-03 10:00:00,15.0009,summer weekday,15.84
2024-05-03 11:00:00,14.11155,summer weekday,15.84
2024-05-03 12:00:00,13.60965,summer weekday,15.84
2024-05-03 13:00:00,13.68525,summer weekday,15.84
2024-05-03 14:00:00,14.17245,summer weekday,15.84
2024-05-03 15:00:00,14.97045,summer weekday,15.84
2024-05-03 16:00:00,15.73275,summer weekday,15.84
2024-05-03 17:00:00,16.71345,summer weekday,15.84
2024-05-03 18:00:00,18.45645,summer weekday,20.41
2024-05-03 19:00:00,19.9737,summer weekday,20.41
2024-05-03 20:00:00,18.71475,summer weekday,20.41
2024-05-03 21:00:00,17.1933,summer weekday,15.84
2024-05-03 22:00:00,16.363800000000005,summer weekday,15.84
2024-05-03 23:00:00,16.914,summer weekday,15.84
2024-05-04 00:00:00,16.59795,summer weekend,17.98
2024-05-04 01:00:00,16.437300000000004,summer weekend,17.98
2024-05-04 02:00:00,16.590600000000002,summer weekend,17.98
2024-05-04 03:00:00,16.8972,summer weekend,17.98
2024-05-04 04:00:00,17.7057,summer weekend,17.98
2024-05-04 05:00:00,17.26995,summer weekend,17.98
2024-05-04 06:00:00,16.8321,summer weekend,17.98
2024-05-04 07:00:00,15.620400000000002,summer weekend,13.75
2024-05-04 08:00:00,13.929900000000002,summer weekend,13.75
2024-05-04 09:00:00,11.70285,summer weekend,13.75
2024-05-04 10:00:00,10.6539,summer weekend,13.75
2024-05-04 11:00:00,9.997649999999998,summer weekend,7.47
2024-05-04 12:00:00,8.90565,summer weekend,7.47
2024-05-04 13:00:00,8.7807,summer weekend,7.47
2024-05-04 14:00:00,10.11315,summer weekend,7.47
2024-05-04 15:00:00,14.0601,summer weekend,13.75
2024-05-04 16:00:00,15.7128,summer weekend,13.75
2024-05-04 17:00:00,17.67105,summer weekend,17.98
2024-05-04 18:00:00,20.181600000000003,summer weekend,17.98
2024-05-04 19:00:00,21.597000000000005,summer weekend,17.98
2024-05-04 20:00:00,19.303800000000003,summer weekend,17.98
2024-05-04 21:00:00,16.857300000000002,summer weekend,17.98
2024-05-04 22:00:00,16.158,summer weekend,17.98
2024-05-04 23:00:00,16.890900000000002,summer weekend,17.98
2024-05-05 00:00:00,16.2861,summer weekend,17.98
2024-05-05 01:00:00,16.149600000000003,summer weekend,17.98
2024-05-05 02:00:00,15.831449999999998,summer weekend,13.75
2024-05-05 03:00:00,15.2277,summer weekend,13.75
2024-05-05 04:00:00,14.84865,summer weekend,13.75
2024-05-05 05:00:00,13.9068,summer weekend,13.75
2024-05-05 06:00:00,13.1634,summer weekend,13.75
2024-05-05 07:00:00,11.71965,summer weekend,13.75
2024-05-05 08:00:00,10.122599999999998,summer weekend,7.47
2024-05-05 09:00:00,8.309249999999999,summer weekend,7.47
2024-05-05 10:00:00,7.426200000000001,summer weekend,7.47
2024-05-05 11:00:00,7.380000000000001,summer weekend,7.47
2024-05-05 12:00:00,7.376200000000001,summer weekend,7.47
2024-05-05 13:00:00,7.287850000000001,summer weekend,7.47
2024-05-05 14:00:00,7.370500000000001,summer weekend,7.47
2024-05-05 15:00:00,7.380000000000001,summer weekend,7.47
2024-05-05 16:00:00,10.74,summer weekend,13.75
2024-05-05 17:00:00,16.462500000000002,summer weekend,17.98
2024-05-05 18:00:00,17.485200000000003,summer weekend,17.98
2024-05-05 19:00:00,19.1316,summer weekend,17.98
2024-05-05 20:00:00,18.67065,summer weekend,17.98
2024-05-05 21:00:00,17.747700000000002,summer weekend,17.98
2024-05-05 22:00:00,16.690350000000002,summer weekend,17.98
2024-05-05 23:00:00,16.0803,summer weekend,17.98
2024-05-06 00:00:00,15.736950000000002,summer weekday,15.84
2024-05-06 01:00:00,15.82305,summer weekday,15.84
2024-05-06 02:00:00,15.77475,summer weekday,15.84
2024-05-06 03:00:00,15.95745,summer weekday,15.84
2024-05-06 04:00:00,16.701900000000002,summer weekday,15.84
2024-05-06 05:00:00,18.624450000000003,summer weekday,20.41
2024-05-06 06:00:00,21.0573,summer weekday,20.41
2024-05-06 07:00:00,18.02175,summer weekday,15.84
2024-05-06 08:00:00,16.725,summer weekday,15.84
2024-05-06 09:00:00,15.89655,summer weekday,15.84
2024-05-06 10:00:00,15.38415,summer weekday,15.84
2024-05-06 11:00:00,15.387300000000002,summer weekday,15.84
2024-05-06 12:00:00,15.22455,summer weekday,15.84
2024-05-06 13:00:00,15.24345,summer weekday,15.84
2024-05-06 14:00:00,15.89655,summer weekday,15.84
2024-05-06 15:00:00,15.9501,summer weekday,15.84
2024-05-06 16:00:00,17.182800000000004,summer weekday,15.84
2024-05-06 17:00:00,18.75885,summer weekday,20.41
2024-05-06 18:00:00,21.728250000000003,summer weekday,20.41
2024-05-06 19:00:00,22.498950000000004,summer weekday,20.41
2024-05-06 20:00:00,18.717900000000004,summer weekday,20.41
2024-05-06 21:00:00,17.310900000000004,summer weekday,15.84
2024-05-06 22:00:00,16.244100000000003,summer weekday,15.84
2024-05-06 23:00:00,15.96165,summer weekday,15.84
2024-05-07 00:00:00,15.692850000000002,summer weekday,15.84
2024-05-07 01:00:00,15.48915,summer weekday,15.84
2024-05-07 02:00:00,15.77895,summer weekday,15.84
2024-05-07 03:00:00,15.7884,summer weekday,15.84
2024-05-07 04:00:00,15.9963,summer weekday,15.84
2024-05-07 05:00:00,17.758200000000002,summer weekday,15.84
2024-05-07 06:00:00,20.158500000000004,summer weekday,20.41
2024-05-07 07:00:00,19.2093,summer weekday,20.41
2024-05-07 08:00:00,17.01375,summer weekday,15.84
2024-05-07 09:00:00,16.32705,summer weekday,15.84
2024-05-07 10:00:00,15.893400000000002,summer weekday,15.84
2024-05-07 11:00:00,15.22665,summer weekday,15.84
2024-05-07 12:00:00,14.775150000000002,summer weekday,15.84
2024-05-07 13:00:00,14.26065,summer weekday,15.84
2024-05-07 14:00:00,15.15525,summer weekday,15.84
2024-05-07 15:00:00,16.107600000000005,summer weekday,15.84
2024-05-07 16:00:00,16.9161,summer weekday,15.84
2024-05-07 17:00:00,18.495300000000004,summer weekday,20.41
2024-05-07 18:00:00,21.43425,summer weekday,20.41
2024-05-07 19:00:00,23.240250000000003,summer weekday,20.41
2024-05-07 20:00:00,20.1942,summer weekday,20.41
2024-05-07 21:00:00,18.0585,summer weekday,15.84
2024-05-07 22:00:00,16.6431,summer weekday,15.84
2024-05-07 23:00:00,16.19685,summer weekday,15.84
2024-05-08 00:00:00,15.8682,summer weekday,15.84
2024-05-08 01:00:00,15.8724,summer weekday,15.84
2024-05-08 02:00:00,16.039350000000002,summer weekday,15.84
2024-05-08 03:00:00,16.0404,summer weekday,15.84
2024-05-08 04:00:00,16.78695,summer weekday,15.84
2024-05-08 05:00:00,18.6654,summer weekday,20.41
2024-05-08 06:00:00,19.870800000000003,summer weekday,20.41
2024-05-08 07:00:00,18.9426,summer weekday,20.41
2024-05-08 08:00:00,17.08305,summer weekday,15.84
2024-05-08 09:00:00,16.347,summer weekday,15.84
2024-05-08 10:00:00,15.725400000000002,summer weekday,15.84
2024-05-08 11:00:00,15.03765,summer weekday,15.84
2024-05-08 12:00:00,14.602950000000002,summer weekday,15.84
2024-05-08 13:00:00,14.3709,summer weekday,15.84
2024-05-08 14:00:00,14.40975,summer weekday,15.84
2024-05-08 15:00:00,15.3306,summer weekday,15.84
2024-05-08 16:00:00,16.945500000000003,summer weekday,15.84
2024-05-08 17:00:00,18.562500000000004,summer weekday,20.41
2024-05-08 18:00:00,20.771700000000003,summer weekday,20.41
2024-05-08 19:00:00,21.4941,summer weekday,20.41
2024-05-08 20:00:00,19.41825,summer weekday,20.41
2024-05-08 21:00:00,17.516700000000004,summer weekday,15.84
2024-05-08 22:00:00,16.6158,summer weekday,15.84
2024-05-08 23:00:00,16.578000000000003,summer weekday,15.84
2024-05-09 00:00:00,16.626300000000004,summer weekend,17.98
2024-05-09 01:00:00,16.091850000000004,summer weekend,17.98
2024-05-09 02:00:00,16.089750000000002,summer weekend,17.98
2024-05-09 03:00:00,16.707150000000002,summer weekend,17.98
2024-05-09 04:00:00,16.87095,summer weekend,17.98
2024-05-09 05:00:00,16.63365,summer weekend,17.98
2024-05-09 06:00:00,15.848250000000002,summer weekend,13.75
2024-05-09 07:00:00,14.26065,summer weekend,13.75
2024-05-09 08:00:00,9.830699999999998,summer weekend,7.47
2024-05-09 09:00:00,7.912350000000001,summer weekend,7.47
2024-05-09 10:00:00,7.3306,summer weekend,7.47
2024-05-09 11:00:00,7.296400000000001,summer weekend,7.47
2024-05-09 12:00:00,7.25175,summer weekend,7.47
2024-05-09 13:00:00,7.187150000000001,summer weekend,7.47
2024-05-09 14:00:00,7.291650000000001,summer weekend,7.47
2024-05-09 15:00:00,7.4514,summer weekend,7.47
2024-05-09 16:00:00,14.1504,summer weekend,13.75
2024-05-09 17:00:00,16.800600000000003,summer weekend,17.98
2024-05-09 18:00:00,18.70425,summer weekend,17.98
2024-05-09 19:00:00,21.32295,summer weekend,17.98
2024-05-09 20:00:00,20.365350000000003,summer weekend,17.98
2024-05-09 21:00:00,17.873700000000003,summer weekend,17.98
2024-05-09 22:00:00,16.593750000000004,summer weekend,17.98
2024-05-09 23:00:00,17.05365,summer weekend,17.98
2024-05-10 00:00:00,16.29765,summer weekend,17.98
2024-05-10 01:00:00,15.47235,summer weekend,13.75
2024-05-10 02:00:00,15.2004,summer weekend,13.75
2024-05-10 03:00:00,15.2319,summer weekend,13.75
2024-05-10 04:00:00,16.877250000000004,summer weekend,17.98
2024-05-10 05:00:00,19.476000000000003,summer weekend,17.98
2024-05-10 06:00:00,18.87435,summer weekend,17.98
2024-05-10 07:00:00,17.418,summer weekend,17.98
2024-05-10 08:00:00,14.45595,summer weekend,13.75
2024-05-10 09:00:00,9.5682,summer weekend,7.47
2024-05-10 10:00:00,7.681350000000001,summer weekend,7.47
2024-05-10 11:00:00,7.4346,summer weekend,7.47
2024-05-10 12:00:00,7.382100000000001,summer weekend,7.47
2024-05-10 13:00:00,7.382100000000001,summer weekend,7.47
2024-05-10 14:00:00,9.5241,summer weekend,7.47
2024-05-10 15:00:00,14.2533,summer weekend,13.75
2024-05-10 16:00:00,16.3974,summer weekend,17.98
2024-05-10 17:00:00,18.50055,summer weekend,17.98
2024-05-10 18:00:00,21.6873,summer weekend,17.98
2024-05-10 19:00:00,25.3056,summer weekend,17.98
2024-05-10 20:00:00,21.692550000000004,summer weekend,17.98
2024-05-10 21:00:00,18.391350000000003,summer weekend,17.98
2024-05-10 22:00:00,17.056800000000003,summer weekend,17.98
2024-05-10 23:00:00,17.539800000000003,summer weekend,17.98
2024-05-11 00:00:00,17.268900000000002,summer weekend,17.98
2024-05-11 01:00:00,16.833150000000003,summer weekend,17.98
2024-05-11 02:00:00,16.734450000000002,summer weekend,17.98
2024-05-11 03:00:00,16.82055,summer weekend,17.98
2024-05-11 04:00:00,16.9035,summer weekend,17.98
2024-05-11 05:00:00,16.4856,summer weekend,17.98
2024-05-11 06:00:00,15.7632,summer weekend,13.75
2024-05-11 07:00:00,13.30935,summer weekend,13.75
2024-05-11 08:00:00,8.094,summer weekend,7.47
2024-05-11 09:00:00,7.380000000000001,summer weekend,7.47
2024-05-11 10:00:00,6.385350000000001,summer weekend,7.47
2024-05-11 11:00:00,5.365050000000001,summer weekend,7.47
2024-05-11 12:00:00,5.2909500000000005,summer weekend,7.47
2024-05-11 13:00:00,5.078150000000001,summer weekend,7.47
2024-05-11 14:00:00,6.291300000000001,summer weekend,7.47
2024-05-11 15:00:00,7.341050000000001,summer weekend,7.47
2024-05-11 16:00:00,10.82085,summer weekend,13.75
2024-05-11 17:00:00,15.97215,summer weekend,17.98
2024-05-11 18:00:00,18.056400000000004,summer weekend,17.98
2024-05-11 19:00:00,20.242500000000003,summer weekend,17.98
2024-05-11 20:00:00,18.245400000000004,summer weekend,17.98
2024-05-11 21:00:00,16.437300000000004,summer weekend,17.98
2024-05-11 22:00:00,14.55885,summer weekend,13.75
2024-05-11 23:00:00,14.25645,summer weekend,13.75
2024-05-12 00:00:00,13.1025,summer weekend,13.75
2024-05-12 01:00:00,12.0546,summer weekend,13.75
2024-05-12 02:00:00,11.7081,summer weekend,13.75
2024-05-12 03:00:00,12.24465,summer weekend,13.75
2024-05-12 04:00:00,11.9475,summer weekend,13.75
2024-05-12 05:00:00,9.22905,summer weekend,7.47
2024-05-12 06:00:00,7.882950000000001,summer weekend,7.47
2024-05-12 07:00:00,7.62675,summer weekend,7.47
2024-05-12 08:00:00,7.114000000000001,summer weekend,7.47
2024-05-12 09:00:00,5.005000000000001,summer weekend,7.47
2024-05-12 10:00:00,0.7642000000000003,summer weekend,7.47
2024-05-12 11:00:00,-2.125699999999999,summer weekend,7.47
2024-05-12 12:00:00,-5.487749999999997,summer weekend,7.47
2024-05-12 13:00:00,-5.240749999999999,summer weekend,7.47
2024-05-12 14:00:00,-0.7025999999999991,summer weekend,7.47
2024-05-12 15:00:00,4.530000000000001,summer weekend,7.47
2024-05-12 16:00:00,7.25365,summer weekend,7.47
2024-05-12 17:00:00,9.742499999999998,summer weekend,7.47
2024-05-12 18:00:00,14.5137,summer weekend,13.75
2024-05-12 19:00:00,15.3327,summer weekend,13.75
2024-05-12 20:00:00,13.4973,summer weekend,13.75
2024-05-12 21:00:00,12.063,summer weekend,13.75
2024-05-12 22:00:00,11.11905,summer weekend,13.75
2024-05-12 23:00:00,10.1982,summer weekend,7.47
2024-05-13 00:00:00,10.0974,summer weekday,9.67
2024-05-13 01:00:00,10.07955,summer weekday,9.67
2024-05-13 02:00:00,9.973499999999998,summer weekday,9.67
2024-05-13 03:00:00,10.215,summer weekday,9.67
2024-05-13 04:00:00,11.5464,summer weekday,9.67
2024-05-13 05:00:00,15.77685,summer weekday,15.84
2024-05-13 06:00:00,18.573000000000004,summer weekday,20.41
2024-05-13 07:00:00,15.61935,summer weekday,15.84
2024-05-13 08:00:00,11.94855,summer weekday,9.67
2024-05-13 09:00:00,8.469899999999999,summer weekday,9.67
2024-05-13 10:00:00,7.287850000000001,summer weekday,9.67
2024-05-13 11:00:00,7.12445,summer weekday,9.67
2024-05-13 12:00:00,7.164350000000001,summer weekday,9.67
2024-05-13 13:00:00,7.146300000000001,summer weekday,9.67
2024-05-13 14:00:00,7.310650000000001,summer weekday,9.67
2024-05-13 15:00:00,7.38735,summer weekday,9.67
2024-05-13 16:00:00,13.15605,summer weekday,15.84
2024-05-13 17:00:00,16.107600000000005,summer weekday,15.84
2024-05-13 18:00:00,22.728900000000003,summer weekday,20.41
2024-05-13 19:00:00,21.975,summer weekday,20.41
2024-05-13 20:00:00,16.693500000000004,summer weekday,15.84
2024-05-13 21:00:00,14.68275,summer weekday,15.84
2024-05-13 22:00:00,12.9135,summer weekday,15.84
2024-05-13 23:00:00,12.4809,summer weekday,9.67
2024-05-14 00:00:00,11.94015,summer weekday,9.67
2024-05-14 01:00:00,11.09175,summer weekday,9.67
2024-05-14 02:00:00,10.9584,summer weekday,9.67
2024-05-14 03:00:00,10.41345,summer weekday,9.67
2024-05-14 04:00:00,12.87675,summer weekday,15.84
2024-05-14 05:00:00,14.9274,summer weekday,15.84
2024-05-14 06:00:00,15.49965,summer weekday,15.84
2024-05-14 07:00:00,12.7875,summer weekday,15.84
2024-05-14 08:00:00,7.972200000000001,summer weekday,9.67
2024-05-14 09:00:00,7.158650000000001,summer weekday,9.67
2024-05-14 10:00:00,6.323600000000001,summer weekday,9.67
2024-05-14 11:00:00,3.9286500000000006,summer weekday,9.67
2024-05-14 12:00:00,3.299750000000001,summer weekday,9.67
2024-05-14 13:00:00,3.6123000000000007,summer weekday,9.67
2024-05-14 14:00:00,5.4933000000000005,summer weekday,9.67
2024-05-14 15:00:00,7.101650000000001,summer weekday,9.67
2024-05-14 16:00:00,7.376200000000001,summer weekday,9.67
2024-05-14 17:00:00,11.9727,summer weekday,9.67
2024-05-14 18:00:00,16.189500000000002,summer weekday,15.84
2024-05-14 19:00:00,17.19435,summer weekday,15.84
2024-05-14 20:00:00,15.40305,summer weekday,15.84
2024-05-14 21:00:00,12.14175,summer weekday,9.67
2024-05-14 22:00:00,10.28955,summer weekday,9.67
2024-05-14 23:00:00,10.5888,summer weekday,9.67
2024-05-15 00:00:00,10.7757,summer weekday,9.67
2024-05-15 01:00:00,11.5149,summer weekday,9.67
2024-05-15 02:00:00,11.769,summer weekday,9.67
2024-05-15 03:00:00,11.3658,summer weekday,9.67
2024-05-15 04:00:00,12.93135,summer weekday,15.84
2024-05-15 05:00:00,16.306050000000003,summer weekday,15.84
2024-05-15 06:00:00,16.6368,summer weekday,15.84
2024-05-15 07:00:00,16.24725,summer weekday,15.84
2024-05-15 08:00:00,12.4641,summer weekday,9.67
2024-05-15 09:00:00,8.1528,summer weekday,9.67
2024-05-15 10:00:00,7.372400000000001,summer weekday,9.67
2024-05-15 11:00:00,6.434750000000001,summer weekday,9.67
2024-05-15 12:00:00,6.317900000000001,summer weekday,9.67
2024-05-15 13:00:00,6.438550000000001,summer weekday,9.67
2024-05-15 14:00:00,7.371450000000001,summer weekday,9.67
2024-05-15 15:00:00,7.561650000000001,summer weekday,9.67
2024-05-15 16:00:00,10.56465,summer weekday,9.67
2024-05-15 17:00:00,15.1143,summer weekday,15.84
2024-05-15 18:00:00,18.0102,summer weekday,15.84
2024-05-15 19:00:00,18.951,summer weekday,20.41
2024-05-15 20:00:00,16.179000000000002,summer weekday,15.84
2024-05-15 21:00:00,14.0622,summer weekday,15.84
2024-05-15 22:00:00,12.49035,summer weekday,9.67
2024-05-15 23:00:00,12.7497,summer weekday,9.67
2024-05-16 00:00:00,12.3948,summer weekday,9.67
2024-05-16 01:00:00,11.5401,summer weekday,9.67
2024-05-16 02:00:00,12.57645,summer weekday,9.67
2024-05-16 03:00:00,12.0462,summer weekday,9.67
2024-05-16 04:00:00,13.4175,summer weekday,15.84
2024-05-16 05:00:00,15.92175,summer weekday,15.84
2024-05-16 06:00:00,17.440050000000003,summer weekday,15.84
2024-05-16 07:00:00,16.092900000000004,summer weekday,15.84
2024-05-16 08:00:00,12.9555,summer weekday,15.84
2024-05-16 09:00:00,8.5875,summer weekday,9.67
2024-05-16 10:00:00,7.388400000000001,summer weekday,9.67
2024-05-16 11:00:00,7.378100000000001,summer weekday,9.67
2024-05-16 12:00:00,7.312550000000001,summer weekday,9.67
2024-05-16 13:00:00,7.364800000000001,summer weekday,9.67
2024-05-16 14:00:00,7.381050000000001,summer weekday,9.67
2024-05-16 15:00:00,8.43,summer weekday,9.67
2024-05-16 16:00:00,12.09975,summer weekday,9.67
2024-05-16 17:00:00,15.2508,summer weekday,15.84
2024-05-16 18:00:00,17.4663,summer weekday,15.84
2024-05-16 19:00:00,18.92055,summer weekday,20.41
2024-05-16 20:00:00,16.60845,summer weekday,15.84
2024-05-16 21:00:00,16.049850000000003,summer weekday,15.84
2024-05-16 22:00:00,14.6439,summer weekday,15.84
2024-05-16 23:00:00,14.6796,summer weekday,15.84
2024-05-17 00:00:00,14.016,summer weekday,15.84
2024-05-17 01:00:00,14.0181,summer weekday,15.84
2024-05-17 02:00:00,13.9404,summer weekday,15.84
2024-05-17 03:00:00,14.14095,summer weekday,15.84
2024-05-17 04:00:00,14.0202,summer weekday,15.84
2024-05-17 05:00:00,16.171650000000003,summer weekday,15.84
2024-05-17 06:00:00,17.873700000000003,summer weekday,15.84
2024-05-17 07:00:00,17.324550000000002,summer weekday,15.84
2024-05-17 08:00:00,15.1395,summer weekday,15.84
2024-05-17 09:00:00,14.1483,summer weekday,15.84
2024-05-17 10:00:00,13.40805,summer weekday,15.84
2024-05-17 11:00:00,11.38155,summer weekday,9.67
2024-05-17 12:00:00,10.3452,summer weekday,9.67
2024-05-17 13:00:00,10.698,summer weekday,9.67
2024-05-17 14:00:00,11.3175,summer weekday,9.67
2024-05-17 15:00:00,12.84945,summer weekday,15.84
2024-05-17 16:00:00,14.786700000000002,summer weekday,15.84
2024-05-17 17:00:00,14.7174,summer weekday,15.84
2024-05-17 18:00:00,17.349750000000004,summer weekday,15.84
2024-05-17 19:00:00,18.713700000000003,summer weekday,20.41
2024-05-17 20:00:00,17.378100000000003,summer weekday,15.84
2024-05-17 21:00:00,16.765950000000004,summer weekday,15.84
2024-05-17 22:00:00,15.848250000000002,summer weekday,15.84
2024-05-17 23:00:00,14.47275,summer weekday,15.84
2024-05-18 00:00:00,14.05905,summer weekend,13.75
2024-05-18 01:00:00,14.0811,summer weekend,13.75
2024-05-18 02:00:00,14.223900000000002,summer weekend,13.75
2024-05-18 03:00:00,14.62605,summer weekend,13.75
2024-05-18 04:00:00,14.99355,summer weekend,13.75
2024-05-18 05:00:00,14.9253,summer weekend,13.75
2024-05-18 06:00:00,14.77095,summer weekend,13.75
2024-05-18 07:00:00,14.0853,summer weekend,13.75
2024-05-18 08:00:00,12.3528,summer weekend,13.75
2024-05-18 09:00:00,8.370149999999999,summer weekend,7.47
2024-05-18 10:00:00,7.454550000000001,summer weekend,7.47
2024-05-18 11:00:00,7.378100000000001,summer weekend,7.47
2024-05-18 12:00:00,7.256500000000001,summer weekend,7.47
2024-05-18 13:00:00,7.114950000000001,summer weekend,7.47
2024-05-18 14:00:00,7.1976,summer weekend,7.47
2024-05-18 15:00:00,7.376200000000001,summer weekend,7.47
2024-05-18 16:00:00,12.6993,summer weekend,13.75
2024-05-18 17:00:00,15.98055,summer weekend,17.98
2024-05-18 18:00:00,18.9237,summer weekend,17.98
2024-05-18 19:00:00,21.204300000000003,summer weekend,17.98
2024-05-18 20:00:00,20.2719,summer weekend,17.98
2024-05-18 21:00:00,17.5146,summer weekend,17.98
2024-05-18 22:00:00,16.473000000000003,summer weekend,17.98
2024-05-18 23:00:00,16.90245,summer weekend,17.98
2024-05-19 00:00:00,16.7313,summer weekend,17.98
2024-05-19 01:00:00,16.689300000000003,summer weekend,17.98
2024-05-19 02:00:00,16.50555,summer weekend,17.98
2024-05-19 03:00:00,16.423650000000002,summer weekend,17.98
2024-05-19 04:00:00,15.8388,summer weekend,13.75
2024-05-19 05:00:00,15.31485,summer weekend,13.75
2024-05-19 06:00:00,14.7552,summer weekend,13.75
2024-05-19 07:00:00,12.3108,summer weekend,13.75
2024-05-19 08:00:00,7.968000000000001,summer weekend,7.47
2024-05-19 09:00:00,7.377150000000001,summer weekend,7.47
2024-05-19 10:00:00,7.362900000000001,summer weekend,7.47
2024-05-19 11:00:00,7.1843,summer weekend,7.47
2024-05-19 12:00:00,6.676050000000001,summer weekend,7.47
2024-05-19 13:00:00,5.94265,summer weekend,7.47
2024-05-19 14:00:00,6.430000000000001,summer weekend,7.47
2024-05-19 15:00:00,7.019950000000001,summer weekend,7.47
2024-05-19 16:00:00,7.374300000000001,summer weekend,7.47
2024-05-19 17:00:00,14.11785,summer weekend,13.75
2024-05-19 18:00:00,16.78695,summer weekend,17.98
2024-05-19 19:00:00,19.314300000000003,summer weekend,17.98
2024-05-19 20:00:00,20.2803,summer weekend,17.98
2024-05-19 21:00:00,18.082650000000005,summer weekend,17.98
2024-05-19 22:00:00,16.4247,summer weekend,17.98
2024-05-19 23:00:00,16.944450000000003,summer weekend,17.98
2024-05-20 00:00:00,16.0572,summer weekend,17.98
2024-05-20 01:00:00,16.48665,summer weekend,17.98
2024-05-20 02:00:00,16.41945,summer weekend,17.98
2024-05-20 03:00:00,16.64205,summer weekend,17.98
2024-05-20 04:00:00,16.9833,summer weekend,17.98
2024-05-20 05:00:00,18.3756,summer weekend,17.98
2024-05-20 06:00:00,18.47745,summer weekend,17.98
2024-05-20 07:00:00,14.9652,summer weekend,13.75
2024-05-20 08:00:00,10.824,summer weekend,13.75
2024-05-20 09:00:00,8.68305,summer weekend,7.47
2024-05-20 10:00:00,8.016300000000001,summer weekend,7.47
2024-05-20 11:00:00,7.633050000000001,summer weekend,7.47
2024-05-20 12:00:00,7.380000000000001,summer weekend,7.47
2024-05-20 13:00:00,7.348650000000001,summer weekend,7.47
2024-05-20 14:00:00,7.373350000000001,summer weekend,7.47
2024-05-20 15:00:00,7.473450000000001,summer weekend,7.47
2024-05-20 16:00:00,14.11785,summer weekend,13.75
2024-05-20 17:00:00,16.4037,summer weekend,17.98
2024-05-20 18:00:00,19.31115,summer weekend,17.98
2024-05-20 19:00:00,21.649500000000003,summer weekend,17.98
2024-05-20 20:00:00,20.014650000000003,summer weekend,17.98
2024-05-20 21:00:00,17.52615,summer weekend,17.98
2024-05-20 22:00:00,15.765300000000002,summer weekend,13.75
2024-05-20 23:00:00,15.9333,summer weekend,17.98
2024-05-21 00:00:00,15.402,summer weekday,15.84
2024-05-21 01:00:00,15.38205,summer weekday,15.84
2024-05-21 02:00:00,15.5616,summer weekday,15.84
2024-05-21 03:00:00,15.24765,summer weekday,15.84
2024-05-21 04:00:00,15.7359,summer weekday,15.84
2024-05-21 05:00:00,19.167300000000004,summer weekday,20.41
2024-05-21 06:00:00,20.292900000000003,summer weekday,20.41
2024-05-21 07:00:00,17.601750000000003,summer weekday,15.84
2024-05-21 08:00:00,15.9753,summer weekday,15.84
2024-05-21 09:00:00,14.4129,summer weekday,15.84
2024-05-21 10:00:00,13.0941,summer weekday,15.84
2024-05-21 11:00:00,10.36935,summer weekday,9.67
2024-05-21 12:00:00,10.6707,summer weekday,9.67
2024-05-21 13:00:00,13.05945,summer weekday,15.84
2024-05-21 14:00:00,14.69325,summer weekday,15.84
2024-05-21 15:00:00,15.73905,summer weekday,15.84
2024-05-21 16:00:00,16.617900000000002,summer weekday,15.84
2024-05-21 17:00:00,18.241200000000003,summer weekday,20.41
2024-05-21 18:00:00,20.7129,summer weekday,20.41
2024-05-21 19:00:00,17.78235,summer weekday,15.84
2024-05-21 20:00:00,16.155900000000003,summer weekday,15.84
2024-05-21 21:00:00,16.100250000000003,summer weekday,15.84
2024-05-21 22:00:00,14.30055,summer weekday,15.84
2024-05-21 23:00:00,14.73315,summer weekday,15.84
2024-05-22 00:00:00,14.352000000000002,summer weekday,15.84
2024-05-22 01:00:00,14.1945,summer weekday,15.84
2024-05-22 02:00:00,13.0626,summer weekday,15.84
2024-05-22 03:00:00,13.9593,summer weekday,15.84
2024-05-22 04:00:00,14.751,summer weekday,15.84
2024-05-22 05:00:00,17.684700000000003,summer weekday,15.84
2024-05-22 06:00:00,18.207600000000003,summer weekday,20.41
2024-05-22 07:00:00,17.3529,summer weekday,15.84
2024-05-22 08:00:00,15.90705,summer weekday,15.84
2024-05-22 09:00:00,14.73,summer weekday,15.84
2024-05-22 10:00:00,14.7069,summer weekday,15.84
2024-05-22 11:00:00,14.27325,summer weekday,15.84
2024-05-22 12:00:00,13.35555,summer weekday,15.84
2024-05-22 13:00:00,13.2747,summer weekday,15.84
2024-05-22 14:00:00,14.43285,summer weekday,15.84
2024-05-22 15:00:00,15.52905,summer weekday,15.84
2024-05-22 16:00:00,17.087250000000004,summer weekday,15.84
2024-05-22 17:00:00,17.877900000000004,summer weekday,15.84
2024-05-22 18:00:00,22.817100000000003,summer weekday,20.41
2024-05-22 19:00:00,23.6424,summer weekday,20.41
2024-05-22 20:00:00,21.65895,summer weekday,20.41
2024-05-22 21:00:00,18.68955,summer weekday,20.41
2024-05-22 22:00:00,17.168100000000003,summer weekday,15.84
2024-05-22 23:00:00,15.70335,summer weekday,15.84
2024-05-23 00:00:00,15.61725,summer weekday,15.84
2024-05-23 01:00:00,15.24765,summer weekday,15.84
2024-05-23 02:00:00,15.431400000000002,summer weekday,15.84
2024-05-23 03:00:00,15.63825,summer weekday,15.84
2024-05-23 04:00:00,16.284000000000002,summer weekday,15.84
2024-05-23 05:00:00,18.717900000000004,summer weekday,20.41
2024-05-23 06:00:00,19.770000000000003,summer weekday,20.41
2024-05-23 07:00:00,17.653200000000002,summer weekday,15.84
2024-05-23 08:00:00,15.32325,summer weekday,15.84
2024-05-23 09:00:00,15.24345,summer weekday,15.84
2024-05-23 10:00:00,14.1105,summer weekday,15.84
2024-05-23 11:00:00,12.8925,summer weekday,15.84
2024-05-23 12:00:00,12.13755,summer weekday,9.67
2024-05-23 13:00:00,13.3629,summer weekday,15.84
2024-05-23 14:00:00,14.877,summer weekday,15.84
2024-05-23 15:00:00,16.17585,summer weekday,15.84
2024-05-23 16:00:00,17.5272,summer weekday,15.84
2024-05-23 17:00:00,19.086450000000003,summer weekday,20.41
2024-05-23 18:00:00,23.789400000000004,summer weekday,20.41
2024-05-23 19:00:00,26.286300000000004,summer weekday,20.41
2024-05-23 20:00:00,23.757900000000003,summer weekday,20.41
2024-05-23 21:00:00,20.625750000000004,summer weekday,20.41
2024-05-23 22:00:00,18.408150000000003,summer weekday,20.41
2024-05-23 23:00:00,18.212850000000003,summer weekday,20.41
2024-05-24 00:00:00,17.262600000000003,summer weekday,15.84
2024-05-24 01:00:00,16.80795,summer weekday,15.84
2024-05-24 02:00:00,16.6431,summer weekday,15.84
2024-05-24 03:00:00,17.019000000000002,summer weekday,15.84
2024-05-24 04:00:00,18.219150000000003,summer weekday,20.41
2024-05-24 05:00:00,20.3832,summer weekday,20.41
2024-05-24 06:00:00,20.19735,summer weekday,20.41
2024-05-24 07:00:00,19.5495,summer weekday,20.41
2024-05-24 08:00:00,18.5205,summer weekday,20.41
2024-05-24 09:00:00,17.4768,summer weekday,15.84
2024-05-24 10:00:00,16.83735,summer weekday,15.84
2024-05-24 11:00:00,16.722900000000003,summer weekday,15.84
2024-05-24 12:00:00,16.5927,summer weekday,15.84
2024-05-24 13:00:00,16.632600000000004,summer weekday,15.84
2024-05-24 14:00:00,16.638900000000003,summer weekday,15.84
2024-05-24 15:00:00,16.228350000000002,summer weekday,15.84
2024-05-24 16:00:00,17.752950000000002,summer weekday,15.84
2024-05-24 17:00:00,19.11585,summer weekday,20.41
2024-05-24 18:00:00,21.02895,summer weekday,20.41
2024-05-24 19:00:00,20.505000000000003,summer weekday,20.41
2024-05-24 20:00:00,19.5432,summer weekday,20.41
2024-05-24 21:00:00,18.895350000000004,summer weekday,20.41
2024-05-24 22:00:00,17.863200000000003,summer weekday,15.84
2024-05-24 23:00:00,17.3424,summer weekday,15.84
2024-05-25 00:00:00,17.022150000000003,summer weekend,17.98
2024-05-25 01:00:00,16.87515,summer weekend,17.98
2024-05-25 02:00:00,16.7418,summer weekend,17.98
2024-05-25 03:00:00,16.728150000000003,summer weekend,17.98
2024-05-25 04:00:00,16.857300000000002,summer weekend,17.98
2024-05-25 05:00:00,16.901400000000002,summer weekend,17.98
2024-05-25 06:00:00,16.434150000000002,summer weekend,17.98
2024-05-25 07:00:00,15.6309,summer weekend,13.75
2024-05-25 08:00:00,15.22875,summer weekend,13.75
2024-05-25 09:00:00,13.07415,summer weekend,13.75
2024-05-25 10:00:00,8.3607,summer weekend,7.47
2024-05-25 11:00:00,7.720200000000001,summer weekend,7.47
2024-05-25 12:00:00,7.384200000000001,summer weekend,7.47
2024-05-25 13:00:00,7.380000000000001,summer weekend,7.47
2024-05-25 14:00:00,7.382100000000001,summer weekend,7.47
2024-05-25 15:00:00,8.87415,summer weekend,7.47
2024-05-25 16:00:00,15.364200000000002,summer weekend,13.75
2024-05-25 17:00:00,17.484150000000003,summer weekend,17.98
2024-05-25 18:00:00,19.535850000000003,summer weekend,17.98
2024-05-25 19:00:00,21.2316,summer weekend,17.98
2024-05-25 20:00:00,21.75975,summer weekend,17.98
2024-05-25 21:00:00,19.535850000000003,summer weekend,17.98
2024-05-25 22:00:00,18.356700000000004,summer weekend,17.98
2024-05-25 23:00:00,18.652800000000003,summer weekend,17.98
2024-05-26 00:00:00,17.701500000000003,summer weekend,17.98
2024-05-26 01:00:00,16.910850000000003,summer weekend,17.98
2024-05-26 02:00:00,16.840500000000002,summer weekend,17.98
2024-05-26 03:00:00,16.951800000000002,summer weekend,17.98
2024-05-26 04:00:00,16.684050000000003,summer weekend,17.98
2024-05-26 05:00:00,16.14645,summer weekend,17.98
2024-05-26 06:00:00,14.9295,summer weekend,13.75
2024-05-26 07:00:00,8.77125,summer weekend,7.47
2024-05-26 08:00:00,7.382100000000001,summer weekend,7.47
2024-05-26 09:00:00,7.380000000000001,summer weekend,7.47
2024-05-26 10:00:00,7.371450000000001,summer weekend,7.47
2024-05-26 11:00:00,7.1786,summer weekend,7.47
2024-05-26 12:00:00,6.367300000000001,summer weekend,7.47
2024-05-26 13:00:00,5.111400000000001,summer weekend,7.47
2024-05-26 14:00:00,6.438550000000001,summer weekend,7.47
2024-05-26 15:00:00,7.323,summer weekend,7.47
2024-05-26 16:00:00,13.365,summer weekend,13.75
2024-05-26 17:00:00,17.172300000000003,summer weekend,17.98
2024-05-26 18:00:00,19.7784,summer weekend,17.98
2024-05-26 19:00:00,19.8477,summer weekend,17.98
2024-05-26 20:00:00,20.0955,summer weekend,17.98
2024-05-26 21:00:00,18.6087,summer weekend,17.98
2024-05-26 22:00:00,16.567500000000003,summer weekend,17.98
2024-05-26 23:00:00,15.6057,summer weekend,13.75
2024-05-27 00:00:00,15.26235,summer weekday,15.84
2024-05-27 01:00:00,15.1962,summer weekday,15.84
2024-05-27 02:00:00,15.19515,summer weekday,15.84
2024-05-27 03:00:00,15.55635,summer weekday,15.84
2024-05-27 04:00:00,16.204200000000004,summer weekday,15.84
2024-05-27 05:00:00,19.2387,summer weekday,20.41
2024-05-27 06:00:00,20.897700000000004,summer weekday,20.41
2024-05-27 07:00:00,20.45775,summer weekday,20.41
2024-05-27 08:00:00,18.6381,summer weekday,20.41
2024-05-27 09:00:00,16.6662,summer weekday,15.84
2024-05-27 10:00:00,16.437300000000004,summer weekday,15.84
2024-05-27 11:00:00,15.5007,summer weekday,15.84
2024-05-27 12:00:00,15.1983,summer weekday,15.84
2024-05-27 13:00:00,15.0408,summer weekday,15.84
2024-05-27 14:00:00,15.5469,summer weekday,15.84
2024-05-27 15:00:00,16.2693,summer weekday,15.84
2024-05-27 16:00:00,19.039200000000005,summer weekday,20.41
2024-05-27 17:00:00,21.177000000000003,summer weekday,20.41
2024-05-27 18:00:00,26.981400000000004,summer weekday,20.41
2024-05-27 19:00:00,30.63330000000001,summer weekday,20.41
2024-05-27 20:00:00,25.215300000000003,summer weekday,20.41
2024-05-27 21:00:00,21.177000000000003,summer weekday,20.41
2024-05-27 22:00:00,19.3269,summer weekday,20.41
2024-05-27 23:00:00,17.646900000000002,summer weekday,15.84
2024-05-28 00:00:00,16.882500000000004,summer weekday,15.84
2024-05-28 01:00:00,16.5822,summer weekday,15.84
2024-05-28 02:00:00,16.328100000000003,summer weekday,15.84
2024-05-28 03:00:00,16.195800000000002,summer weekday,15.84
2024-05-28 04:00:00,16.624200000000002,summer weekday,15.84
2024-05-28 05:00:00,18.9657,summer weekday,20.41
2024-05-28 06:00:00,19.9905,summer weekday,20.41
2024-05-28 07:00:00,18.11415,summer weekday,15.84
2024-05-28 08:00:00,16.350150000000003,summer weekday,15.84
2024-05-28 09:00:00,14.9946,summer weekday,15.84
2024-05-28 10:00:00,14.64285,summer weekday,15.84
2024-05-28 11:00:00,13.7955,summer weekday,15.84
2024-05-28 12:00:00,13.18125,summer weekday,15.84
2024-05-28 13:00:00,13.18335,summer weekday,15.84
2024-05-28 14:00:00,14.2743,summer weekday,15.84
2024-05-28 15:00:00,14.9946,summer weekday,15.84
2024-05-28 16:00:00,16.389000000000003,summer weekday,15.84
2024-05-28 17:00:00,18.1194,summer weekday,15.84
2024-05-28 18:00:00,21.03525,summer weekday,20.41
2024-05-28 19:00:00,22.532550000000004,summer weekday,20.41
2024-05-28 20:00:00,20.4,summer weekday,20.41
2024-05-28 21:00:00,17.889450000000004,summer weekday,15.84
2024-05-28 22:00:00,16.701900000000002,summer weekday,15.84
2024-05-28 23:00:00,14.9631,summer weekday,15.84
2024-05-29 00:00:00,13.4217,summer weekday,15.84
2024-05-29 01:00:00,13.0794,summer weekday,15.84
2024-05-29 02:00:00,12.69195,summer weekday,9.67
2024-05-29 03:00:00,12.61215,summer weekday,9.67
2024-05-29 04:00:00,12.20055,summer weekday,9.67
2024-05-29 05:00:00,14.95575,summer weekday,15.84
2024-05-29 06:00:00,16.457250000000002,summer weekday,15.84
2024-05-29 07:00:00,16.989600000000003,summer weekday,15.84
2024-05-29 08:00:00,14.63655,summer weekday,15.84
2024-05-29 09:00:00,14.50425,summer weekday,15.84
2024-05-29 10:00:00,13.9026,summer weekday,15.84
2024-05-29 11:00:00,13.58235,summer weekday,15.84
2024-05-29 12:00:00,13.91625,summer weekday,15.84
2024-05-29 13:00:00,13.9089,summer weekday,15.84
2024-05-29 14:00:00,14.67645,summer weekday,15.84
2024-05-29 15:00:00,15.01035,summer weekday,15.84
2024-05-29 16:00:00,16.749150000000004,summer weekday,15.84
2024-05-29 17:00:00,17.319300000000002,summer weekday,15.84
2024-05-29 18:00:00,19.081200000000003,summer weekday,20.41
2024-05-29 19:00:00,22.132500000000004,summer weekday,20.41
2024-05-29 20:00:00,22.4223,summer weekday,20.41
2024-05-29 21:00:00,20.020950000000003,summer weekday,20.41
2024-05-29 22:00:00,17.410650000000004,summer weekday,15.84
2024-05-29 23:00:00,17.925150000000002,summer weekday,15.84
2024-05-30 00:00:00,17.481,summer weekend,17.98
2024-05-30 01:00:00,16.957050000000002,summer weekend,17.98
2024-05-30 02:00:00,17.21115,summer weekend,17.98
2024-05-30 03:00:00,17.3088,summer weekend,17.98
2024-05-30 04:00:00,17.962950000000003,summer weekend,17.98
2024-05-30 05:00:00,18.23385,summer weekend,17.98
2024-05-30 06:00:00,18.580350000000003,summer weekend,17.98
2024-05-30 07:00:00,17.63955,summer weekend,17.98
2024-05-30 08:00:00,17.239500000000003,summer weekend,17.98
2024-05-30 09:00:00,16.305000000000003,summer weekend,17.98
2024-05-30 10:00:00,15.78,summer weekend,13.75
2024-05-30 11:00:00,14.8266,summer weekend,13.75
2024-05-30 12:00:00,13.99185,summer weekend,13.75
2024-05-30 13:00:00,13.99185,summer weekend,13.75
2024-05-30 14:00:00,14.48745,summer weekend,13.75
2024-05-30 15:00:00,16.173750000000002,summer weekend,17.98
2024-05-30 16:00:00,16.84365,summer weekend,17.98
2024-05-30 17:00:00,19.00035,summer weekend,17.98
2024-05-30 18:00:00,21.57915,summer weekend,17.98
2024-05-30 19:00:00,23.62665,summer weekend,17.98
2024-05-30 20:00:00,22.44225,summer weekend,17.98
2024-05-30 21:00:00,19.151550000000004,summer weekend,17.98
2024-05-30 22:00:00,17.95455,summer weekend,17.98
2024-05-30 23:00:00,17.48205,summer weekend,17.98
2024-05-31 00:00:00,15.85455,summer weekend,13.75
2024-05-31 01:00:00,15.726450000000002,summer weekend,13.75
2024-05-31 02:00:00,15.119549999999998,summer weekend,13.75
2024-05-31 03:00:00,15.20565,summer weekend,13.75
2024-05-31 04:00:00,16.8363,summer weekend,17.98
2024-05-31 05:00:00,18.53835,summer weekend,17.98
2024-05-31 06:00:00,18.836550000000003,summer weekend,17.98
2024-05-31 07:00:00,18.7956,summer weekend,17.98
2024-05-31 08:00:00,18.127800000000004,summer weekend,17.98
2024-05-31 09:00:00,17.03685,summer weekend,17.98
2024-05-31 10:00:00,15.9921,summer weekend,17.98
2024-05-31 11:00:00,15.24555,summer weekend,13.75
2024-05-31 12:00:00,14.5725,summer weekend,13.75
2024-05-31 13:00:00,14.2365,summer weekend,13.75
2024-05-31 14:00:00,14.4087,summer weekend,13.75
2024-05-31 15:00:00,15.26235,summer weekend,13.75
2024-05-31 16:00:00,16.210500000000003,summer weekend,17.98
2024-05-31 17:00:00,17.2983,summer weekend,17.98
2024-05-31 18:00:00,18.713700000000003,summer weekend,17.98
2024-05-31 19:00:00,19.455,summer weekend,17.98
2024-05-31 20:00:00,18.71055,summer weekend,17.98
2024-05-31 21:00:00,18.062700000000003,summer weekend,17.98
2024-05-31 22:00:00,16.2189,summer weekend,17.98
2024-05-31 23:00:00,16.6809,summer weekend,17.98
2024-06-01 00:00:00,16.706100000000003,summer weekend,17.98
2024-06-01 01:00:00,15.7443,summer weekend,13.75
2024-06-01 02:00:00,14.9547,summer weekend,13.75
2024-06-01 03:00:00,14.92635,summer weekend,13.75
2024-06-01 04:00:00,14.92215,summer weekend,13.75
2024-06-01 05:00:00,15.276000000000002,summer weekend,13.75
2024-06-01 06:00:00,15.192000000000002,summer weekend,13.75
2024-06-01 07:00:00,14.99145,summer weekend,13.75
2024-06-01 08:00:00,13.82175,summer weekend,13.75
2024-06-01 09:00:00,12.3318,summer weekend,13.75
2024-06-01 10:00:00,11.7753,summer weekend,13.75
2024-06-01 11:00:00,9.60705,summer weekend,7.47
2024-06-01 12:00:00,8.1612,summer weekend,7.47
2024-06-01 13:00:00,7.686600000000001,summer weekend,7.47
2024-06-01 14:00:00,7.989000000000001,summer weekend,7.47
2024-06-01 15:00:00,8.745,summer weekend,7.47
2024-06-01 16:00:00,12.8484,summer weekend,13.75
2024-06-01 17:00:00,14.4675,summer weekend,13.75
2024-06-01 18:00:00,15.979500000000003,summer weekend,17.98
2024-06-01 19:00:00,16.395300000000002,summer weekend,17.98
2024-06-01 20:00:00,15.964800000000002,summer weekend,17.98
2024-06-01 21:00:00,16.250400000000003,summer weekend,17.98
2024-06-01 22:00:00,14.24595,summer weekend,13.75
2024-06-01 23:00:00,11.12955,summer weekend,13.75
2024-06-02 00:00:00,10.6476,summer weekend,13.75
2024-06-02 01:00:00,9.04425,summer weekend,7.47
2024-06-02 02:00:00,8.1381,summer weekend,7.47
2024-06-02 03:00:00,8.3208,summer weekend,7.47
2024-06-02 04:00:00,7.91865,summer weekend,7.47
2024-06-02 05:00:00,7.895550000000001,summer weekend,7.47
2024-06-02 06:00:00,7.81155,summer weekend,7.47
2024-06-02 07:00:00,7.48185,summer weekend,7.47
2024-06-02 08:00:00,7.380000000000001,summer weekend,7.47
2024-06-02 09:00:00,7.543800000000001,summer weekend,7.47
2024-06-02 10:00:00,7.460850000000001,summer weekend,7.47
2024-06-02 11:00:00,7.370500000000001,summer weekend,7.47
2024-06-02 12:00:00,6.99905,summer weekend,7.47
2024-06-02 13:00:00,5.866650000000001,summer weekend,7.47
2024-06-02 14:00:00,5.519900000000001,summer weekend,7.47
2024-06-02 15:00:00,6.5269,summer weekend,7.47
2024-06-02 16:00:00,7.25935,summer weekend,7.47
2024-06-02 17:00:00,8.84475,summer weekend,7.47
2024-06-02 18:00:00,14.43915,summer weekend,13.75
2024-06-02 19:00:00,17.35395,summer weekend,17.98
2024-06-02 20:00:00,18.607650000000003,summer weekend,17.98
2024-06-02 21:00:00,18.82605,summer weekend,17.98
2024-06-02 22:00:00,17.791800000000002,summer weekend,17.98
2024-06-02 23:00:00,17.697300000000002,summer weekend,17.98
2024-06-03 00:00:00,16.260900000000003,summer weekday,15.84
2024-06-03 01:00:00,16.165350000000004,summer weekday,15.84
2024-06-03 02:00:00,16.18005,summer weekday,15.84
2024-06-03 03:00:00,16.00785,summer weekday,15.84
2024-06-03 04:00:00,17.477850000000004,summer weekday,15.84
2024-06-03 05:00:00,21.3744,summer weekday,20.41
2024-06-03 06:00:00,27.651300000000003,summer weekday,20.41
2024-06-03 07:00:00,24.650400000000005,summer weekday,20.41
2024-06-03 08:00:00,20.82840000000001,summer weekday,20.41
2024-06-03 09:00:00,17.780250000000002,summer weekday,15.84
2024-06-03 10:00:00,17.4495,summer weekday,15.84
2024-06-03 11:00:00,15.89445,summer weekday,15.84
2024-06-03 12:00:00,15.2445,summer weekday,15.84
2024-06-03 13:00:00,14.4465,summer weekday,15.84
2024-06-03 14:00:00,14.9421,summer weekday,15.84
2024-06-03 15:00:00,15.57,summer weekday,15.84
2024-06-03 16:00:00,18.50475,summer weekday,20.41
2024-06-03 17:00:00,20.748600000000003,summer weekday,20.41
2024-06-03 18:00:00,26.585550000000005,summer weekday,20.41
2024-06-03 19:00:00,29.9844,summer weekday,20.41
2024-06-03 20:00:00,28.25295,summer weekday,20.41
2024-06-03 21:00:00,23.05545,summer weekday,20.41
2024-06-03 22:00:00,19.564200000000003,summer weekday,20.41
2024-06-03 23:00:00,18.601350000000004,summer weekday,20.41
2024-06-04 00:00:00,17.877900000000004,summer weekday,15.84
2024-06-04 01:00:00,17.3991,summer weekday,15.84
2024-06-04 02:00:00,17.138700000000004,summer weekday,15.84
2024-06-04 03:00:00,17.06625,summer weekday,15.84
2024-06-04 04:00:00,18.37245,summer weekday,20.41
2024-06-04 05:00:00,24.390000000000004,summer weekday,20.41
2024-06-04 06:00:00,26.0343,summer weekday,20.41
2024-06-04 07:00:00,22.256400000000003,summer weekday,20.41
2024-06-04 08:00:00,19.17885,summer weekday,20.41
2024-06-04 09:00:00,16.998,summer weekday,15.84
2024-06-04 10:00:00,15.91755,summer weekday,15.84
2024-06-04 11:00:00,14.4507,summer weekday,15.84
2024-06-04 12:00:00,13.18335,summer weekday,15.84
2024-06-04 13:00:00,11.9853,summer weekday,9.67
2024-06-04 14:00:00,12.3213,summer weekday,9.67
2024-06-04 15:00:00,14.10315,summer weekday,15.84
2024-06-04 16:00:00,16.2924,summer weekday,15.84
2024-06-04 17:00:00,19.5831,summer weekday,20.41
2024-06-04 18:00:00,25.941900000000004,summer weekday,20.41
2024-06-04 19:00:00,32.10960000000001,summer weekday,20.41
2024-06-04 20:00:00,22.1514,summer weekday,20.41
2024-06-04 21:00:00,18.6507,summer weekday,20.41
2024-06-04 22:00:00,15.34005,summer weekday,15.84
2024-06-04 23:00:00,13.34925,summer weekday,15.84
2024-06-05 00:00:00,11.99265,summer weekday,9.67
2024-06-05 01:00:00,12.05775,summer weekday,9.67
2024-06-05 02:00:00,12.63525,summer weekday,9.67
2024-06-05 03:00:00,12.42945,summer weekday,9.67
2024-06-05 04:00:00,14.85495,summer weekday,15.84
2024-06-05 05:00:00,18.25275,summer weekday,20.41
2024-06-05 06:00:00,22.3698,summer weekday,20.41
2024-06-05 07:00:00,19.236600000000003,summer weekday,20.41
2024-06-05 08:00:00,16.216800000000003,summer weekday,15.84
2024-06-05 09:00:00,14.72265,summer weekday,15.84
2024-06-05 10:00:00,13.89315,summer weekday,15.84
2024-06-05 11:00:00,12.462,summer weekday,9.67
2024-06-05 12:00:00,10.54785,summer weekday,9.67
2024-06-05 13:00:00,10.1415,summer weekday,9.67
2024-06-05 14:00:00,10.5363,summer weekday,9.67
2024-06-05 15:00:00,13.94985,summer weekday,15.84
2024-06-05 16:00:00,15.825150000000002,summer weekday,15.84
2024-06-05 17:00:00,18.41445,summer weekday,20.41
2024-06-05 18:00:00,20.71185,summer weekday,20.41
2024-06-05 19:00:00,23.749500000000005,summer weekday,20.41
2024-06-05 20:00:00,23.972100000000005,summer weekday,20.41
2024-06-05 21:00:00,22.234350000000003,summer weekday,20.41
2024-06-05 22:00:00,18.50895,summer weekday,20.41
2024-06-05 23:00:00,17.1702,summer weekday,15.84
2024-06-06 00:00:00,16.821600000000004,summer weekday,15.84
2024-06-06 01:00:00,16.395300000000002,summer weekday,15.84
2024-06-06 02:00:00,16.34175,summer weekday,15.84
2024-06-06 03:00:00,16.646250000000002,summer weekday,15.84
2024-06-06 04:00:00,17.77185,summer weekday,15.84
2024-06-06 05:00:00,20.3895,summer weekday,20.41
2024-06-06 06:00:00,20.8116,summer weekday,20.41
2024-06-06 07:00:00,17.547150000000002,summer weekday,15.84
2024-06-06 08:00:00,14.92845,summer weekday,15.84
2024-06-06 09:00:00,13.449,summer weekday,15.84
2024-06-06 10:00:00,10.55625,summer weekday,9.67
2024-06-06 11:00:00,9.934649999999998,summer weekday,9.67
2024-06-06 12:00:00,9.427499999999998,summer weekday,9.67
2024-06-06 13:00:00,9.92415,summer weekday,9.67
2024-06-06 14:00:00,11.33325,summer weekday,9.67
2024-06-06 15:00:00,13.90155,summer weekday,15.84
2024-06-06 16:00:00,15.85035,summer weekday,15.84
2024-06-06 17:00:00,16.821600000000004,summer weekday,15.84
2024-06-06 18:00:00,19.52745,summer weekday,20.41
2024-06-06 19:00:00,24.597900000000003,summer weekday,20.41
2024-06-06 20:00:00,24.9906,summer weekday,20.41
2024-06-06 21:00:00,21.28725,summer weekday,20.41
2024-06-06 22:00:00,18.340950000000003,summer weekday,20.41
2024-06-06 23:00:00,17.985000000000003,summer weekday,15.84
2024-06-07 00:00:00,17.473650000000003,summer weekday,15.84
2024-06-07 01:00:00,17.0085,summer weekday,15.84
2024-06-07 02:00:00,16.57065,summer weekday,15.84
2024-06-07 03:00:00,16.226250000000004,summer weekday,15.84
2024-06-07 04:00:00,17.029500000000002,summer weekday,15.84
2024-06-07 05:00:00,19.34475,summer weekday,20.41
2024-06-07 06:00:00,19.88025,summer weekday,20.41
2024-06-07 07:00:00,18.1698,summer weekday,20.41
2024-06-07 08:00:00,15.6288,summer weekday,15.84
2024-06-07 09:00:00,13.7493,summer weekday,15.84
2024-06-07 10:00:00,11.72595,summer weekday,9.67
2024-06-07 11:00:00,10.94055,summer weekday,9.67
2024-06-07 12:00:00,10.042799999999998,summer weekday,9.67
2024-06-07 13:00:00,9.20805,summer weekday,9.67
2024-06-07 14:00:00,8.7534,summer weekday,9.67
2024-06-07 15:00:00,10.064849999999998,summer weekday,9.67
2024-06-07 16:00:00,14.1588,summer weekday,15.84
2024-06-07 17:00:00,16.32705,summer weekday,15.84
2024-06-07 18:00:00,20.880900000000004,summer weekday,20.41
2024-06-07 19:00:00,23.628750000000004,summer weekday,20.41
2024-06-07 20:00:00,23.534250000000004,summer weekday,20.41
2024-06-07 21:00:00,20.7024,summer weekday,20.41
2024-06-07 22:00:00,17.612250000000003,summer weekday,15.84
2024-06-07 23:00:00,17.707800000000002,summer weekday,15.84
2024-06-08 00:00:00,16.834200000000003,summer weekend,17.98
2024-06-08 01:00:00,16.127550000000003,summer weekend,17.98
2024-06-08 02:00:00,16.150650000000002,summer weekend,17.98
2024-06-08 03:00:00,15.742200000000002,summer weekend,13.75
2024-06-08 04:00:00,16.00155,summer weekend,17.98
2024-06-08 05:00:00,15.714899999999998,summer weekend,13.75
2024-06-08 06:00:00,13.9761,summer weekend,13.75
2024-06-08 07:00:00,11.811000000000002,summer weekend,13.75
2024-06-08 08:00:00,8.6652,summer weekend,7.47
2024-06-08 09:00:00,7.367650000000001,summer weekend,7.47
2024-06-08 10:00:00,7.164350000000001,summer weekend,7.47
2024-06-08 11:00:00,6.4053,summer weekend,7.47
2024-06-08 12:00:00,5.128500000000001,summer weekend,7.47
2024-06-08 13:00:00,4.527150000000001,summer weekend,7.47
2024-06-08 14:00:00,5.421100000000001,summer weekend,7.47
2024-06-08 15:00:00,6.59625,summer weekend,7.47
2024-06-08 16:00:00,7.381050000000001,summer weekend,7.47
2024-06-08 17:00:00,12.09555,summer weekend,13.75
2024-06-08 18:00:00,14.608200000000002,summer weekend,13.75
2024-06-08 19:00:00,17.808600000000002,summer weekend,17.98
2024-06-08 20:00:00,17.146050000000002,summer weekend,17.98
2024-06-08 21:00:00,17.880000000000003,summer weekend,17.98
2024-06-08 22:00:00,15.652950000000002,summer weekend,13.75
2024-06-08 23:00:00,15.1794,summer weekend,13.75
2024-06-09 00:00:00,14.05695,summer weekend,13.75
2024-06-09 01:00:00,11.844600000000002,summer weekend,13.75
2024-06-09 02:00:00,9.01485,summer weekend,7.47
2024-06-09 03:00:00,9.28995,summer weekend,7.47
2024-06-09 04:00:00,8.5938,summer weekend,7.47
2024-06-09 05:00:00,8.262,summer weekend,7.47
2024-06-09 06:00:00,7.613100000000001,summer weekend,7.47
2024-06-09 07:00:00,7.372400000000001,summer weekend,7.47
2024-06-09 08:00:00,7.189050000000001,summer weekend,7.47
2024-06-09 09:00:00,6.658,summer weekend,7.47
2024-06-09 10:00:00,5.955000000000001,summer weekend,7.47
2024-06-09 11:00:00,5.005000000000001,summer weekend,7.47
2024-06-09 12:00:00,4.274450000000001,summer weekend,7.47
2024-06-09 13:00:00,3.851700000000001,summer weekend,7.47
2024-06-09 14:00:00,4.655400000000001,summer weekend,7.47
2024-06-09 15:00:00,6.825200000000001,summer weekend,7.47
2024-06-09 16:00:00,7.3325,summer weekend,7.47
2024-06-09 17:00:00,11.8698,summer weekend,13.75
2024-06-09 18:00:00,17.54925,summer weekend,17.98
2024-06-09 19:00:00,19.5453,summer weekend,17.98
2024-06-09 20:00:00,19.0602,summer weekend,17.98
2024-06-09 21:00:00,18.764100000000003,summer weekend,17.98
2024-06-09 22:00:00,17.58705,summer weekend,17.98
2024-06-09 23:00:00,15.1458,summer weekend,13.75
2024-06-10 00:00:00,14.896950000000002,summer weekday,15.84
2024-06-10 01:00:00,14.59665,summer weekday,15.84
2024-06-10 02:00:00,14.54835,summer weekday,15.84
2024-06-10 03:00:00,14.625000000000002,summer weekday,15.84
2024-06-10 04:00:00,15.603599999999998,summer weekday,15.84
2024-06-10 05:00:00,19.707,summer weekday,20.41
2024-06-10 06:00:00,26.823900000000005,summer weekday,20.41
2024-06-10 07:00:00,22.732050000000005,summer weekday,20.41
2024-06-10 08:00:00,18.641250000000003,summer weekday,20.41
2024-06-10 09:00:00,16.773300000000003,summer weekday,15.84
2024-06-10 10:00:00,16.309200000000004,summer weekday,15.84
2024-06-10 11:00:00,15.1815,summer weekday,15.84
2024-06-10 12:00:00,15.10695,summer weekday,15.84
2024-06-10 13:00:00,14.42235,summer weekday,15.84
2024-06-10 14:00:00,14.2974,summer weekday,15.84
2024-06-10 15:00:00,14.73,summer weekday,15.84
2024-06-10 16:00:00,15.906,summer weekday,15.84
2024-06-10 17:00:00,17.72565,summer weekday,15.84
2024-06-10 18:00:00,19.831950000000003,summer weekday,20.41
2024-06-10 19:00:00,20.447250000000004,summer weekday,20.41
2024-06-10 20:00:00,19.2786,summer weekday,20.41
2024-06-10 21:00:00,17.713050000000003,summer weekday,15.84
2024-06-10 22:00:00,15.5448,summer weekday,15.84
2024-06-10 23:00:00,13.68735,summer weekday,15.84
2024-06-11 00:00:00,13.3608,summer weekday,15.84
2024-06-11 01:00:00,13.98975,summer weekday,15.84
2024-06-11 02:00:00,13.2411,summer weekday,15.84
2024-06-11 03:00:00,13.6863,summer weekday,15.84
2024-06-11 04:00:00,13.58655,summer weekday,15.84
2024-06-11 05:00:00,15.97215,summer weekday,15.84
2024-06-11 06:00:00,17.907300000000003,summer weekday,15.84
2024-06-11 07:00:00,16.9875,summer weekday,15.84
2024-06-11 08:00:00,14.54835,summer weekday,15.84
2024-06-11 09:00:00,12.6216,summer weekday,9.67
2024-06-11 10:00:00,10.75365,summer weekday,9.67
2024-06-11 11:00:00,8.5476,summer weekday,9.67
2024-06-11 12:00:00,7.4598,summer weekday,9.67
2024-06-11 13:00:00,7.380000000000001,summer weekday,9.67
2024-06-11 14:00:00,7.38315,summer weekday,9.67
2024-06-11 15:00:00,8.83845,summer weekday,9.67
2024-06-11 16:00:00,13.18335,summer weekday,15.84
2024-06-11 17:00:00,14.903250000000002,summer weekday,15.84
2024-06-11 18:00:00,17.880000000000003,summer weekday,15.84
2024-06-11 19:00:00,20.782200000000003,summer weekday,20.41
2024-06-11 20:00:00,20.22885,summer weekday,20.41
2024-06-11 21:00:00,18.5877,summer weekday,20.41
2024-06-11 22:00:00,16.9161,summer weekday,15.84
2024-06-11 23:00:00,16.70925,summer weekday,15.84
2024-06-12 00:00:00,16.34175,summer weekday,15.84
2024-06-12 01:00:00,15.81045,summer weekday,15.84
2024-06-12 02:00:00,16.00155,summer weekday,15.84
2024-06-12 03:00:00,16.421550000000003,summer weekday,15.84
2024-06-12 04:00:00,17.318250000000003,summer weekday,15.84
2024-06-12 05:00:00,20.4777,summer weekday,20.41
2024-06-12 06:00:00,21.702,summer weekday,20.41
2024-06-12 07:00:00,19.4151,summer weekday,20.41
2024-06-12 08:00:00,15.63825,summer weekday,15.84
2024-06-12 09:00:00,14.11995,summer weekday,15.84
2024-06-12 10:00:00,13.47,summer weekday,15.84
2024-06-12 11:00:00,11.79945,summer weekday,9.67
2024-06-12 12:00:00,11.6556,summer weekday,9.67
2024-06-12 13:00:00,11.5464,summer weekday,9.67
2024-06-12 14:00:00,12.1407,summer weekday,9.67
2024-06-12 15:00:00,13.995,summer weekday,15.84
2024-06-12 16:00:00,15.906,summer weekday,15.84
2024-06-12 17:00:00,17.874750000000002,summer weekday,15.84
2024-06-12 18:00:00,21.6285,summer weekday,20.41
2024-06-12 19:00:00,23.585700000000003,summer weekday,20.41
2024-06-12 20:00:00,23.619300000000003,summer weekday,20.41
2024-06-12 21:00:00,21.122400000000003,summer weekday,20.41
2024-06-12 22:00:00,18.62235,summer weekday,20.41
2024-06-12 23:00:00,17.775000000000002,summer weekday,15.84
2024-06-13 00:00:00,17.172300000000003,summer weekday,15.84
2024-06-13 01:00:00,16.219950000000004,summer weekday,15.84
2024-06-13 02:00:00,16.32705,summer weekday,15.84
2024-06-13 03:00:00,16.18215,summer weekday,15.84
2024-06-13 04:00:00,17.7708,summer weekday,15.84
2024-06-13 05:00:00,20.23305,summer weekday,20.41
2024-06-13 06:00:00,21.144450000000003,summer weekday,20.41
2024-06-13 07:00:00,19.4571,summer weekday,20.41
2024-06-13 08:00:00,16.179000000000002,summer weekday,15.84
2024-06-13 09:00:00,14.62605,summer weekday,15.84
2024-06-13 10:00:00,13.85955,summer weekday,15.84
2024-06-13 11:00:00,12.9828,summer weekday,15.84
2024-06-13 12:00:00,12.3108,summer weekday,9.67
2024-06-13 13:00:00,11.93175,summer weekday,9.67
2024-06-13 14:00:00,13.0227,summer weekday,15.84
2024-06-13 15:00:00,15.509100000000002,summer weekday,15.84
2024-06-13 16:00:00,15.7884,summer weekday,15.84
2024-06-13 17:00:00,18.60555,summer weekday,20.41
2024-06-13 18:00:00,22.0443,summer weekday,20.41
2024-06-13 19:00:00,27.15675000000001,summer weekday,20.41
2024-06-13 20:00:00,24.583200000000005,summer weekday,20.41
2024-06-13 21:00:00,18.75885,summer weekday,20.41
2024-06-13 22:00:00,16.323900000000002,summer weekday,15.84
2024-06-13 23:00:00,16.10865,summer weekday,15.84
2024-06-14 00:00:00,14.88225,summer weekday,15.84
2024-06-14 01:00:00,14.09265,summer weekday,15.84
2024-06-14 02:00:00,13.63065,summer weekday,15.84
2024-06-14 03:00:00,13.2411,summer weekday,15.84
2024-06-14 04:00:00,14.1231,summer weekday,15.84
2024-06-14 05:00:00,16.306050000000003,summer weekday,15.84
2024-06-14 06:00:00,17.979750000000003,summer weekday,15.84
2024-06-14 07:00:00,18.40395,summer weekday,20.41
2024-06-14 08:00:00,18.146700000000003,summer weekday,20.41
2024-06-14 09:00:00,16.0089,summer weekday,15.84
2024-06-14 10:00:00,14.5305,summer weekday,15.84
2024-06-14 11:00:00,13.7724,summer weekday,15.84
2024-06-14 12:00:00,12.3633,summer weekday,9.67
2024-06-14 13:00:00,11.6577,summer weekday,9.67
2024-06-14 14:00:00,11.685,summer weekday,9.67
2024-06-14 15:00:00,13.712550000000002,summer weekday,15.84
2024-06-14 16:00:00,15.255,summer weekday,15.84
2024-06-14 17:00:00,16.932900000000004,summer weekday,15.84
2024-06-14 18:00:00,21.66,summer weekday,20.41
2024-06-14 19:00:00,20.74755,summer weekday,20.41
2024-06-14 20:00:00,19.6776,summer weekday,20.41
2024-06-14 21:00:00,16.13805,summer weekday,15.84
2024-06-14 22:00:00,13.6191,summer weekday,15.84
2024-06-14 23:00:00,13.7514,summer weekday,15.84
2024-06-15 00:00:00,11.6892,summer weekend,13.75
2024-06-15 01:00:00,10.52685,summer weekend,7.47
2024-06-15 02:00:00,10.4103,summer weekend,7.47
2024-06-15 03:00:00,9.74355,summer weekend,7.47
2024-06-15 04:00:00,8.434199999999999,summer weekend,7.47
2024-06-15 05:00:00,7.5417,summer weekend,7.47
2024-06-15 06:00:00,7.389450000000001,summer weekend,7.47
2024-06-15 07:00:00,7.380000000000001,summer weekend,7.47
2024-06-15 08:00:00,7.374300000000001,summer weekend,7.47
2024-06-15 09:00:00,6.4224000000000006,summer weekend,7.47
2024-06-15 10:00:00,4.621200000000001,summer weekend,7.47
2024-06-15 11:00:00,3.112600000000001,summer weekend,7.47
2024-06-15 12:00:00,1.161300000000001,summer weekend,7.47
2024-06-15 13:00:00,-0.2209500000000008,summer weekend,7.47
2024-06-15 14:00:00,2.038150000000001,summer weekend,7.47
2024-06-15 15:00:00,4.57465,summer weekend,7.47
2024-06-15 16:00:00,6.9202,summer weekend,7.47
2024-06-15 17:00:00,7.379050000000001,summer weekend,7.47
2024-06-15 18:00:00,11.58,summer weekend,13.75
2024-06-15 19:00:00,16.229400000000002,summer weekend,17.98
2024-06-15 20:00:00,15.7716,summer weekend,13.75
2024-06-15 21:00:00,14.1315,summer weekend,13.75
2024-06-15 22:00:00,11.622,summer weekend,13.75
2024-06-15 23:00:00,9.995549999999998,summer weekend,7.47
2024-06-16 00:00:00,8.4678,summer weekend,7.47
2024-06-16 01:00:00,7.896600000000001,summer weekend,7.47
2024-06-16 02:00:00,7.686600000000001,summer weekend,7.47
2024-06-16 03:00:00,7.60995,summer weekend,7.47
2024-06-16 04:00:00,7.645650000000001,summer weekend,7.47
2024-06-16 05:00:00,7.689750000000001,summer weekend,7.47
2024-06-16 06:00:00,7.452450000000001,summer weekend,7.47
2024-06-16 07:00:00,7.378100000000001,summer weekend,7.47
2024-06-16 08:00:00,7.258400000000001,summer weekend,7.47
2024-06-16 09:00:00,6.430000000000001,summer weekend,7.47
2024-06-16 10:00:00,6.113650000000001,summer weekend,7.47
2024-06-16 11:00:00,5.479050000000001,summer weekend,7.47
2024-06-16 12:00:00,4.529050000000001,summer weekend,7.47
2024-06-16 13:00:00,3.99135,summer weekend,7.47
2024-06-16 14:00:00,4.621200000000001,summer weekend,7.47
2024-06-16 15:00:00,6.4167000000000005,summer weekend,7.47
2024-06-16 16:00:00,7.157700000000001,summer weekend,7.47
2024-06-16 17:00:00,13.2831,summer weekend,13.75
2024-06-16 18:00:00,17.84325,summer weekend,17.98
2024-06-16 19:00:00,19.890750000000004,summer weekend,17.98
2024-06-16 20:00:00,20.429400000000005,summer weekend,17.98
2024-06-16 21:00:00,20.0157,summer weekend,17.98
2024-06-16 22:00:00,17.296200000000002,summer weekend,17.98
2024-06-16 23:00:00,15.425100000000002,summer weekend,13.75
2024-06-17 00:00:00,14.38665,summer weekday,15.84
2024-06-17 01:00:00,14.60505,summer weekday,15.84
2024-06-17 02:00:00,14.920050000000002,summer weekday,15.84
2024-06-17 03:00:00,15.1038,summer weekday,15.84
2024-06-17 04:00:00,16.8321,summer weekday,15.84
2024-06-17 05:00:00,19.88865,summer weekday,20.41
2024-06-17 06:00:00,21.311400000000003,summer weekday,20.41
2024-06-17 07:00:00,19.584150000000005,summer weekday,20.41
2024-06-17 08:00:00,16.276650000000004,summer weekday,15.84
2024-06-17 09:00:00,13.90155,summer weekday,15.84
2024-06-17 10:00:00,13.15605,summer weekday,15.84
2024-06-17 11:00:00,11.7753,summer weekday,9.67
2024-06-17 12:00:00,11.52225,summer weekday,9.67
2024-06-17 13:00:00,12.2751,summer weekday,9.67
2024-06-17 14:00:00,13.1067,summer weekday,15.84
2024-06-17 15:00:00,14.12205,summer weekday,15.84
2024-06-17 16:00:00,16.6809,summer weekday,15.84
2024-06-17 17:00:00,19.3668,summer weekday,20.41
2024-06-17 18:00:00,23.90385,summer weekday,20.41
2024-06-17 19:00:00,29.446800000000003,summer weekday,20.41
2024-06-17 20:00:00,28.38105,summer weekday,20.41
2024-06-17 21:00:00,20.835750000000004,summer weekday,20.41
2024-06-17 22:00:00,18.04275,summer weekday,15.84
2024-06-17 23:00:00,17.556600000000003,summer weekday,15.84
2024-06-18 00:00:00,16.860450000000004,summer weekday,15.84
2024-06-18 01:00:00,16.57065,summer weekday,15.84
2024-06-18 02:00:00,16.755450000000003,summer weekday,15.84
2024-06-18 03:00:00,16.860450000000004,summer weekday,15.84
2024-06-18 04:00:00,17.4537,summer weekday,15.84
2024-06-18 05:00:00,21.50145000000001,summer weekday,20.41
2024-06-18 06:00:00,21.04785,summer weekday,20.41
2024-06-18 07:00:00,17.455800000000004,summer weekday,15.84
2024-06-18 08:00:00,15.8745,summer weekday,15.84
2024-06-18 09:00:00,14.72055,summer weekday,15.84
2024-06-18 10:00:00,13.13505,summer weekday,15.84
2024-06-18 11:00:00,12.7518,summer weekday,9.67
2024-06-18 12:00:00,12.73815,summer weekday,9.67
2024-06-18 13:00:00,13.3692,summer weekday,15.84
2024-06-18 14:00:00,15.0576,summer weekday,15.84
2024-06-18 15:00:00,15.3852,summer weekday,15.84
2024-06-18 16:00:00,16.8363,summer weekday,15.84
2024-06-18 17:00:00,21.37125,summer weekday,20.41
2024-06-18 18:00:00,23.989950000000004,summer weekday,20.41
2024-06-18 19:00:00,25.426350000000003,summer weekday,20.41
2024-06-18 20:00:00,21.49935,summer weekday,20.41
2024-06-18 21:00:00,18.321,summer weekday,20.41
2024-06-18 22:00:00,17.001150000000003,summer weekday,15.84
2024-06-18 23:00:00,17.874750000000002,summer weekday,15.84
2024-06-19 00:00:00,16.980150000000002,summer weekday,15.84
2024-06-19 01:00:00,16.49925,summer weekday,15.84
2024-06-19 02:00:00,16.3869,summer weekday,15.84
2024-06-19 03:00:00,16.144350000000003,summer weekday,15.84
2024-06-19 04:00:00,16.45305,summer weekday,15.84
2024-06-19 05:00:00,19.197750000000003,summer weekday,20.41
2024-06-19 06:00:00,19.647150000000003,summer weekday,20.41
2024-06-19 07:00:00,18.64965,summer weekday,20.41
2024-06-19 08:00:00,16.44255,summer weekday,15.84
2024-06-19 09:00:00,15.2655,summer weekday,15.84
2024-06-19 10:00:00,14.33415,summer weekday,15.84
2024-06-19 11:00:00,13.47315,summer weekday,15.84
2024-06-19 12:00:00,11.5632,summer weekday,9.67
2024-06-19 13:00:00,9.73305,summer weekday,9.67
2024-06-19 14:00:00,9.853799999999998,summer weekday,9.67
2024-06-19 15:00:00,13.6695,summer weekday,15.84
2024-06-19 16:00:00,14.73,summer weekday,15.84
2024-06-19 17:00:00,16.6662,summer weekday,15.84
2024-06-19 18:00:00,18.184500000000003,summer weekday,20.41
2024-06-19 19:00:00,22.4643,summer weekday,20.41
2024-06-19 20:00:00,19.4634,summer weekday,20.41
2024-06-19 21:00:00,18.747300000000003,summer weekday,20.41
2024-06-19 22:00:00,17.167050000000003,summer weekday,15.84
2024-06-19 23:00:00,16.398450000000004,summer weekday,15.84
2024-06-20 00:00:00,15.6351,summer weekday,15.84
2024-06-20 01:00:00,15.6624,summer weekday,15.84
2024-06-20 02:00:00,15.6561,summer weekday,15.84
2024-06-20 03:00:00,15.6351,summer weekday,15.84
2024-06-20 04:00:00,16.467750000000002,summer weekday,15.84
2024-06-20 05:00:00,19.36155,summer weekday,20.41
2024-06-20 06:00:00,19.228200000000005,summer weekday,20.41
2024-06-20 07:00:00,18.19395,summer weekday,20.41
2024-06-20 08:00:00,15.85245,summer weekday,15.84
2024-06-20 09:00:00,14.63865,summer weekday,15.84
2024-06-20 10:00:00,13.55085,summer weekday,15.84
2024-06-20 11:00:00,13.2033,summer weekday,15.84
2024-06-20 12:00:00,13.03005,summer weekday,15.84
2024-06-20 13:00:00,13.3839,summer weekday,15.84
2024-06-20 14:00:00,14.5809,summer weekday,15.84
2024-06-20 15:00:00,15.78,summer weekday,15.84
2024-06-20 16:00:00,17.69835,summer weekday,15.84
2024-06-20 17:00:00,19.907550000000004,summer weekday,20.41
2024-06-20 18:00:00,23.72010000000001,summer weekday,20.41
2024-06-20 19:00:00,28.389450000000004,summer weekday,20.41
2024-06-20 20:00:00,21.036300000000004,summer weekday,20.41
2024-06-20 21:00:00,19.12215,summer weekday,20.41
2024-06-20 22:00:00,17.36025,summer weekday,15.84
2024-06-20 23:00:00,17.96505,summer weekday,15.84
2024-06-21 00:00:00,16.910850000000003,summer weekday,15.84
2024-06-21 01:00:00,16.82475,summer weekday,15.84
2024-06-21 02:00:00,16.60215,summer weekday,15.84
2024-06-21 03:00:00,16.44255,summer weekday,15.84
2024-06-21 04:00:00,16.4247,summer weekday,15.84
2024-06-21 05:00:00,17.556600000000003,summer weekday,15.84
2024-06-21 06:00:00,20.274,summer weekday,20.41
2024-06-21 07:00:00,20.173200000000005,summer weekday,20.41
2024-06-21 08:00:00,19.10535,summer weekday,20.41
2024-06-21 09:00:00,17.948250000000005,summer weekday,15.84
2024-06-21 10:00:00,16.823700000000002,summer weekday,15.84
2024-06-21 11:00:00,16.676700000000004,summer weekday,15.84
2024-06-21 12:00:00,16.061400000000003,summer weekday,15.84
2024-06-21 13:00:00,15.593100000000002,summer weekday,15.84
2024-06-21 14:00:00,15.993149999999998,summer weekday,15.84
2024-06-21 15:00:00,16.70925,summer weekday,15.84
2024-06-21 16:00:00,17.948250000000005,summer weekday,15.84
2024-06-21 17:00:00,18.930000000000003,summer weekday,20.41
2024-06-21 18:00:00,19.657650000000004,summer weekday,20.41
2024-06-21 19:00:00,19.392000000000003,summer weekday,20.41
2024-06-21 20:00:00,18.4323,summer weekday,20.41
2024-06-21 21:00:00,17.45895,summer weekday,15.84
2024-06-21 22:00:00,16.004700000000003,summer weekday,15.84
2024-06-21 23:00:00,15.787349999999998,summer weekday,15.84
2024-06-22 00:00:00,14.75625,summer weekend,13.75
2024-06-22 01:00:00,13.93515,summer weekend,13.75
2024-06-22 02:00:00,12.6825,summer weekend,13.75
2024-06-22 03:00:00,12.5901,summer weekend,13.75
2024-06-22 04:00:00,12.25935,summer weekend,13.75
2024-06-22 05:00:00,13.7388,summer weekend,13.75
2024-06-22 06:00:00,12.51345,summer weekend,13.75
2024-06-22 07:00:00,12.0966,summer weekend,13.75
2024-06-22 08:00:00,11.01825,summer weekend,13.75
2024-06-22 09:00:00,8.6967,summer weekend,7.47
2024-06-22 10:00:00,7.756950000000001,summer weekend,7.47
2024-06-22 11:00:00,7.655100000000001,summer weekend,7.47
2024-06-22 12:00:00,7.38315,summer weekend,7.47
2024-06-22 13:00:00,7.379050000000001,summer weekend,7.47
2024-06-22 14:00:00,7.373350000000001,summer weekend,7.47
2024-06-22 15:00:00,7.82415,summer weekend,7.47
2024-06-22 16:00:00,11.85195,summer weekend,13.75
2024-06-22 17:00:00,15.831449999999998,summer weekend,13.75
2024-06-22 18:00:00,19.1568,summer weekend,17.98
2024-06-22 19:00:00,20.275050000000004,summer weekend,17.98
2024-06-22 20:00:00,20.40525,summer weekend,17.98
2024-06-22 21:00:00,18.947850000000003,summer weekend,17.98
2024-06-22 22:00:00,16.805850000000003,summer weekend,17.98
2024-06-22 23:00:00,16.88145,summer weekend,17.98
2024-06-23 00:00:00,15.70125,summer weekend,13.75
2024-06-23 01:00:00,14.8602,summer weekend,13.75
2024-06-23 02:00:00,14.80035,summer weekend,13.75
2024-06-23 03:00:00,14.4087,summer weekend,13.75
2024-06-23 04:00:00,13.89945,summer weekend,13.75
2024-06-23 05:00:00,13.4595,summer weekend,13.75
2024-06-23 06:00:00,12.24675,summer weekend,13.75
2024-06-23 07:00:00,9.455849999999998,summer weekend,7.47
2024-06-23 08:00:00,7.825200000000001,summer weekend,7.47
2024-06-23 09:00:00,7.380000000000001,summer weekend,7.47
2024-06-23 10:00:00,7.375250000000001,summer weekend,7.47
2024-06-23 11:00:00,7.370500000000001,summer weekend,7.47
2024-06-23 12:00:00,7.28025,summer weekend,7.47
2024-06-23 13:00:00,7.170050000000001,summer weekend,7.47
2024-06-23 14:00:00,7.185250000000001,summer weekend,7.47
2024-06-23 15:00:00,7.354350000000001,summer weekend,7.47
2024-06-23 16:00:00,9.75405,summer weekend,7.47
2024-06-23 17:00:00,14.8476,summer weekend,13.75
2024-06-23 18:00:00,17.8275,summer weekend,17.98
2024-06-23 19:00:00,19.469700000000003,summer weekend,17.98
2024-06-23 20:00:00,19.501200000000004,summer weekend,17.98
2024-06-23 21:00:00,19.38465,summer weekend,17.98
2024-06-23 22:00:00,17.857950000000002,summer weekend,17.98
2024-06-23 23:00:00,18.528900000000004,summer weekend,17.98
2024-06-24 00:00:00,17.05995,summer weekday,15.84
2024-06-24 01:00:00,16.29765,summer weekday,15.84
2024-06-24 02:00:00,16.2483,summer weekday,15.84
2024-06-24 03:00:00,16.300800000000002,summer weekday,15.84
2024-06-24 04:00:00,17.567100000000003,summer weekday,15.84
2024-06-24 05:00:00,21.666300000000003,summer weekday,20.41
2024-06-24 06:00:00,21.66,summer weekday,20.41
2024-06-24 07:00:00,18.19395,summer weekday,20.41
2024-06-24 08:00:00,15.7107,summer weekday,15.84
2024-06-24 09:00:00,13.0374,summer weekday,15.84
2024-06-24 10:00:00,11.35005,summer weekday,9.67
2024-06-24 11:00:00,10.65495,summer weekday,9.67
2024-06-24 12:00:00,10.5258,summer weekday,9.67
2024-06-24 13:00:00,10.62765,summer weekday,9.67
2024-06-24 14:00:00,12.40425,summer weekday,9.67
2024-06-24 15:00:00,14.3436,summer weekday,15.84
2024-06-24 16:00:00,16.04145,summer weekday,15.84
2024-06-24 17:00:00,17.710950000000004,summer weekday,15.84
2024-06-24 18:00:00,23.476500000000005,summer weekday,20.41
2024-06-24 19:00:00,29.358600000000003,summer weekday,20.41
2024-06-24 20:00:00,23.76,summer weekday,20.41
2024-06-24 21:00:00,19.62195,summer weekday,20.41
2024-06-24 22:00:00,17.028450000000003,summer weekday,15.84
2024-06-24 23:00:00,16.704,summer weekday,15.84
2024-06-25 00:00:00,16.284000000000002,summer weekday,15.84
2024-06-25 01:00:00,16.2819,summer weekday,15.84
2024-06-25 02:00:00,16.328100000000003,summer weekday,15.84
2024-06-25 03:00:00,16.3575,summer weekday,15.84
2024-06-25 04:00:00,17.344500000000004,summer weekday,15.84
2024-06-25 05:00:00,19.434,summer weekday,20.41
2024-06-25 06:00:00,20.19,summer weekday,20.41
2024-06-25 07:00:00,18.279,summer weekday,20.41
2024-06-25 08:00:00,15.2172,summer weekday,15.84
2024-06-25 09:00:00,12.4536,summer weekday,9.67
2024-06-25 10:00:00,8.72715,summer weekday,9.67
2024-06-25 11:00:00,7.380000000000001,summer weekday,9.67
2024-06-25 12:00:00,7.375250000000001,summer weekday,9.67
2024-06-25 13:00:00,7.376200000000001,summer weekday,9.67
2024-06-25 14:00:00,8.59695,summer weekday,9.67
2024-06-25 15:00:00,12.45885,summer weekday,9.67
2024-06-25 16:00:00,15.15,summer weekday,15.84
2024-06-25 17:00:00,17.4495,summer weekday,15.84
2024-06-25 18:00:00,20.914500000000004,summer weekday,20.41
2024-06-25 19:00:00,21.732450000000004,summer weekday,20.41
2024-06-25 20:00:00,20.19945,summer weekday,20.41
2024-06-25 21:00:00,18.56985,summer weekday,20.41
2024-06-25 22:00:00,16.82475,summer weekday,15.84
2024-06-25 23:00:00,18.630750000000003,summer weekday,20.41
2024-06-26 00:00:00,17.8674,summer weekday,15.84
2024-06-26 01:00:00,17.388600000000004,summer weekday,15.84
2024-06-26 02:00:00,17.4033,summer weekday,15.84
2024-06-26 03:00:00,17.006400000000003,summer weekday,15.84
2024-06-26 04:00:00,17.566050000000004,summer weekday,15.84
2024-06-26 05:00:00,18.6633,summer weekday,20.41
2024-06-26 06:00:00,21.03,summer weekday,20.41
2024-06-26 07:00:00,20.0955,summer weekday,20.41
2024-06-26 08:00:00,18.0648,summer weekday,15.84
2024-06-26 09:00:00,16.7754,summer weekday,15.84
2024-06-26 10:00:00,16.210500000000003,summer weekday,15.84
2024-06-26 11:00:00,15.637200000000002,summer weekday,15.84
2024-06-26 12:00:00,15.4167,summer weekday,15.84
2024-06-26 13:00:00,15.78,summer weekday,15.84
2024-06-26 14:00:00,16.877250000000004,summer weekday,15.84
2024-06-26 15:00:00,17.8653,summer weekday,15.84
2024-06-26 16:00:00,18.489,summer weekday,20.41
2024-06-26 17:00:00,18.418650000000003,summer weekday,20.41
2024-06-26 18:00:00,20.686650000000004,summer weekday,20.41
2024-06-26 19:00:00,21.49095,summer weekday,20.41
2024-06-26 20:00:00,20.909250000000004,summer weekday,20.41
2024-06-26 21:00:00,19.51275,summer weekday,20.41
2024-06-26 22:00:00,18.930000000000003,summer weekday,20.41
2024-06-26 23:00:00,17.46,summer weekday,15.84
2024-06-27 00:00:00,16.504500000000004,summer weekday,15.84
2024-06-27 01:00:00,15.822,summer weekday,15.84
2024-06-27 02:00:00,16.078200000000002,summer weekday,15.84
2024-06-27 03:00:00,15.652950000000002,summer weekday,15.84
2024-06-27 04:00:00,16.302900000000005,summer weekday,15.84
2024-06-27 05:00:00,19.718550000000004,summer weekday,20.41
2024-06-27 06:00:00,20.51655,summer weekday,20.41
2024-06-27 07:00:00,19.455,summer weekday,20.41
2024-06-27 08:00:00,16.711350000000003,summer weekday,15.84
2024-06-27 09:00:00,14.3877,summer weekday,15.84
2024-06-27 10:00:00,12.882,summer weekday,15.84
2024-06-27 11:00:00,12.5061,summer weekday,9.67
2024-06-27 12:00:00,12.13755,summer weekday,9.67
2024-06-27 13:00:00,12.0588,summer weekday,9.67
2024-06-27 14:00:00,12.46095,summer weekday,9.67
2024-06-27 15:00:00,13.8816,summer weekday,15.84
2024-06-27 16:00:00,15.31695,summer weekday,15.84
2024-06-27 17:00:00,15.73065,summer weekday,15.84
2024-06-27 18:00:00,18.9384,summer weekday,20.41
2024-06-27 19:00:00,28.3842,summer weekday,20.41
2024-06-27 20:00:00,26.92890000000001,summer weekday,20.41
2024-06-27 21:00:00,20.527050000000003,summer weekday,20.41
2024-06-27 22:00:00,18.069000000000003,summer weekday,15.84
2024-06-27 23:00:00,17.54925,summer weekday,15.84
2024-06-28 00:00:00,17.3991,summer weekday,15.84
2024-06-28 01:00:00,16.418400000000002,summer weekday,15.84
2024-06-28 02:00:00,15.77685,summer weekday,15.84
2024-06-28 03:00:00,16.159050000000004,summer weekday,15.84
2024-06-28 04:00:00,16.9644,summer weekday,15.84
2024-06-28 05:00:00,20.01045,summer weekday,20.41
2024-06-28 06:00:00,18.817650000000004,summer weekday,20.41
2024-06-28 07:00:00,16.293450000000004,summer weekday,15.84
2024-06-28 08:00:00,13.6695,summer weekday,15.84
2024-06-28 09:00:00,9.94725,summer weekday,9.67
2024-06-28 10:00:00,7.59315,summer weekday,9.67
2024-06-28 11:00:00,7.231800000000001,summer weekday,9.67
2024-06-28 12:00:00,6.896450000000001,summer weekday,9.67
2024-06-28 13:00:00,6.434750000000001,summer weekday,9.67
2024-06-28 14:00:00,6.438550000000001,summer weekday,9.67
2024-06-28 15:00:00,6.764400000000001,summer weekday,9.67
2024-06-28 16:00:00,7.7601,summer weekday,9.67
2024-06-28 17:00:00,11.7879,summer weekday,9.67
2024-06-28 18:00:00,16.2336,summer weekday,15.84
2024-06-28 19:00:00,18.817650000000004,summer weekday,20.41
2024-06-28 20:00:00,21.876300000000004,summer weekday,20.41
2024-06-28 21:00:00,20.669850000000004,summer weekday,20.41
2024-06-28 22:00:00,18.8271,summer weekday,20.41
2024-06-28 23:00:00,18.972000000000005,summer weekday,20.41
2024-06-29 00:00:00,18.92055,summer weekend,17.98
2024-06-29 01:00:00,18.918450000000004,summer weekend,17.98
2024-06-29 02:00:00,18.8838,summer weekend,17.98
2024-06-29 03:00:00,18.729450000000003,summer weekend,17.98
2024-06-29 04:00:00,18.20235,summer weekend,17.98
2024-06-29 05:00:00,17.525100000000002,summer weekend,17.98
2024-06-29 06:00:00,16.2147,summer weekend,17.98
2024-06-29 07:00:00,14.40555,summer weekend,13.75
2024-06-29 08:00:00,10.4859,summer weekend,7.47
2024-06-29 09:00:00,7.909200000000001,summer weekend,7.47
2024-06-29 10:00:00,7.384200000000001,summer weekend,7.47
2024-06-29 11:00:00,7.378100000000001,summer weekend,7.47
2024-06-29 12:00:00,7.358150000000001,summer weekend,7.47
2024-06-29 13:00:00,7.372400000000001,summer weekend,7.47
2024-06-29 14:00:00,7.516500000000001,summer weekend,7.47
2024-06-29 15:00:00,8.63055,summer weekend,7.47
2024-06-29 16:00:00,14.67855,summer weekend,13.75
2024-06-29 17:00:00,18.3315,summer weekend,17.98
2024-06-29 18:00:00,20.707650000000005,summer weekend,17.98
2024-06-29 19:00:00,21.996,summer weekend,17.98
2024-06-29 20:00:00,19.2765,summer weekend,17.98
2024-06-29 21:00:00,17.8884,summer weekend,17.98
2024-06-29 22:00:00,17.23215,summer weekend,17.98
2024-06-29 23:00:00,14.736300000000002,summer weekend,13.75
2024-06-30 00:00:00,13.85745,summer weekend,13.75
2024-06-30 01:00:00,14.38035,summer weekend,13.75
2024-06-30 02:00:00,14.42025,summer weekend,13.75
2024-06-30 03:00:00,14.1378,summer weekend,13.75
2024-06-30 04:00:00,12.77595,summer weekend,13.75
2024-06-30 05:00:00,12.7938,summer weekend,13.75
2024-06-30 06:00:00,9.5241,summer weekend,7.47
2024-06-30 07:00:00,8.097150000000001,summer weekend,7.47
2024-06-30 08:00:00,7.466100000000001,summer weekend,7.47
2024-06-30 09:00:00,7.380000000000001,summer weekend,7.47
2024-06-30 10:00:00,7.380000000000001,summer weekend,7.47
2024-06-30 11:00:00,7.378100000000001,summer weekend,7.47
2024-06-30 12:00:00,7.236550000000001,summer weekend,7.47
2024-06-30 13:00:00,7.27645,summer weekend,7.47
2024-06-30 14:00:00,7.380000000000001,summer weekend,7.47
2024-06-30 15:00:00,7.475550000000001,summer weekend,7.47
2024-06-30 16:00:00,11.2293,summer weekend,13.75
2024-06-30 17:00:00,14.7321,summer weekend,13.75
2024-06-30 18:00:00,16.542300000000004,summer weekend,17.98
2024-06-30 19:00:00,17.869500000000002,summer weekend,17.98
2024-06-30 20:00:00,18.13095,summer weekend,17.98
2024-06-30 21:00:00,18.1068,summer weekend,17.98
2024-06-30 22:00:00,17.146050000000002,summer weekend,17.98
2024-06-30 23:00:00,17.3424,summer weekend,17.98
2024-07-01 00:00:00,16.2336,summer weekday,15.84
2024-07-01 01:00:00,15.58995,summer weekday,15.84
2024-07-01 02:00:00,15.57105,summer weekday,15.84
2024-07-01 03:00:00,15.32115,summer weekday,15.84
2024-07-01 04:00:00,15.866099999999998,summer weekday,15.84
2024-07-01 05:00:00,20.209950000000003,summer weekday,20.41
2024-07-01 06:00:00,22.216500000000003,summer weekday,20.41
2024-07-01 07:00:00,22.327800000000003,summer weekday,20.41
2024-07-01 08:00:00,19.51485,summer weekday,20.41
2024-07-01 09:00:00,18.61605,summer weekday,20.41
2024-07-01 10:00:00,17.005350000000004,summer weekday,15.84
2024-07-01 11:00:00,15.5049,summer weekday,15.84
2024-07-01 12:00:00,14.7195,summer weekday,15.84
2024-07-01 13:00:00,11.5716,summer weekday,9.67
2024-07-01 14:00:00,11.01405,summer weekday,9.67
2024-07-01 15:00:00,11.33115,summer weekday,9.67
2024-07-01 16:00:00,13.911,summer weekday,15.84
2024-07-01 17:00:00,15.5742,summer weekday,15.84
2024-07-01 18:00:00,18.13935,summer weekday,20.41
2024-07-01 19:00:00,24.892950000000003,summer weekday,20.41
2024-07-01 20:00:00,20.9355,summer weekday,20.41
2024-07-01 21:00:00,18.668550000000003,summer weekday,20.41
2024-07-01 22:00:00,16.607400000000002,summer weekday,15.84
2024-07-01 23:00:00,15.94695,summer weekday,15.84
2024-07-02 00:00:00,15.77265,summer weekday,15.84
2024-07-02 01:00:00,15.99735,summer weekday,15.84
2024-07-02 02:00:00,15.87975,summer weekday,15.84
2024-07-02 03:00:00,15.98895,summer weekday,15.84
2024-07-02 04:00:00,15.98895,summer weekday,15.84
2024-07-02 05:00:00,17.512500000000003,summer weekday,15.84
2024-07-02 06:00:00,17.952450000000002,summer weekday,15.84
2024-07-02 07:00:00,18.013350000000003,summer weekday,15.84
2024-07-02 08:00:00,16.567500000000003,summer weekday,15.84
2024-07-02 09:00:00,16.106550000000002,summer weekday,15.84
2024-07-02 10:00:00,15.208800000000002,summer weekday,15.84
2024-07-02 11:00:00,15.0156,summer weekday,15.84
2024-07-02 12:00:00,14.6418,summer weekday,15.84
2024-07-02 13:00:00,13.77765,summer weekday,15.84
2024-07-02 14:00:00,13.96665,summer weekday,15.84
2024-07-02 15:00:00,15.1731,summer weekday,15.84
2024-07-02 16:00:00,15.3495,summer weekday,15.84
2024-07-02 17:00:00,16.282950000000003,summer weekday,15.84
2024-07-02 18:00:00,18.26115,summer weekday,20.41
2024-07-02 19:00:00,19.455,summer weekday,20.41
2024-07-02 20:00:00,18.9258,summer weekday,20.41
2024-07-02 21:00:00,18.830250000000003,summer weekday,20.41
2024-07-02 22:00:00,16.41,summer weekday,15.84
2024-07-02 23:00:00,14.53995,summer weekday,15.84
2024-07-03 00:00:00,14.2365,summer weekday,15.84
2024-07-03 01:00:00,14.0139,summer weekday,15.84
2024-07-03 02:00:00,14.2659,summer weekday,15.84
2024-07-03 03:00:00,14.8497,summer weekday,15.84
2024-07-03 04:00:00,15.66555,summer weekday,15.84
2024-07-03 05:00:00,17.906250000000004,summer weekday,15.84
2024-07-03 06:00:00,19.613550000000004,summer weekday,20.41
2024-07-03 07:00:00,19.455,summer weekday,20.41
2024-07-03 08:00:00,16.891950000000005,summer weekday,15.84
2024-07-03 09:00:00,15.426149999999998,summer weekday,15.84
2024-07-03 10:00:00,15.0555,summer weekday,15.84
2024-07-03 11:00:00,14.9148,summer weekday,15.84
2024-07-03 12:00:00,14.8497,summer weekday,15.84
2024-07-03 13:00:00,15.0576,summer weekday,15.84
2024-07-03 14:00:00,14.9379,summer weekday,15.84
2024-07-03 15:00:00,15.15105,summer weekday,15.84
2024-07-03 16:00:00,16.511850000000003,summer weekday,15.84
2024-07-03 17:00:00,17.838,summer weekday,15.84
2024-07-03 18:00:00,19.852950000000003,summer weekday,20.41
2024-07-03 19:00:00,24.58845,summer weekday,20.41
2024-07-03 20:00:00,19.5474,summer weekday,20.41
2024-07-03 21:00:00,17.388600000000004,summer weekday,15.84
2024-07-03 22:00:00,15.3705,summer weekday,15.84
2024-07-03 23:00:00,14.1252,summer weekday,15.84
2024-07-04 00:00:00,12.8337,summer weekday,15.84
2024-07-04 01:00:00,10.1583,summer weekday,9.67
2024-07-04 02:00:00,9.27105,summer weekday,9.67
2024-07-04 03:00:00,8.4384,summer weekday,9.67
2024-07-04 04:00:00,8.45835,summer weekday,9.67
2024-07-04 05:00:00,11.20515,summer weekday,9.67
2024-07-04 06:00:00,11.58,summer weekday,9.67
2024-07-04 07:00:00,10.9038,summer weekday,9.67
2024-07-04 08:00:00,9.75825,summer weekday,9.67
2024-07-04 09:00:00,7.5795,summer weekday,9.67
2024-07-04 10:00:00,7.380000000000001,summer weekday,9.67
2024-07-04 11:00:00,7.376200000000001,summer weekday,9.67
2024-07-04 12:00:00,6.902150000000001,summer weekday,9.67
2024-07-04 13:00:00,5.566450000000001,summer weekday,9.67
2024-07-04 14:00:00,5.66715,summer weekday,9.67
2024-07-04 15:00:00,6.5535000000000005,summer weekday,9.67
2024-07-04 16:00:00,7.377150000000001,summer weekday,9.67
2024-07-04 17:00:00,8.09085,summer weekday,9.67
2024-07-04 18:00:00,12.61425,summer weekday,9.67
2024-07-04 19:00:00,16.50555,summer weekday,15.84
2024-07-04 20:00:00,19.486500000000003,summer weekday,20.41
2024-07-04 21:00:00,16.50555,summer weekday,15.84
2024-07-04 22:00:00,14.10105,summer weekday,15.84
2024-07-04 23:00:00,10.67805,summer weekday,9.67
2024-07-05 00:00:00,9.49365,summer weekday,9.67
2024-07-05 01:00:00,9.541949999999998,summer weekday,9.67
2024-07-05 02:00:00,9.45795,summer weekday,9.67
2024-07-05 03:00:00,8.322899999999999,summer weekday,9.67
2024-07-05 04:00:00,8.431049999999999,summer weekday,9.67
2024-07-05 05:00:00,11.38995,summer weekday,9.67
2024-07-05 06:00:00,12.18375,summer weekday,9.67
2024-07-05 07:00:00,11.52015,summer weekday,9.67
2024-07-05 08:00:00,9.328799999999998,summer weekday,9.67
2024-07-05 09:00:00,7.689750000000001,summer weekday,9.67
2024-07-05 10:00:00,7.423050000000001,summer weekday,9.67
2024-07-05 11:00:00,7.375250000000001,summer weekday,9.67
2024-07-05 12:00:00,7.3192,summer weekday,9.67
2024-07-05 13:00:00,7.305900000000001,summer weekday,9.67
2024-07-05 14:00:00,7.377150000000001,summer weekday,9.67
2024-07-05 15:00:00,7.582650000000001,summer weekday,9.67
2024-07-05 16:00:00,9.14505,summer weekday,9.67
2024-07-05 17:00:00,14.13675,summer weekday,15.84
2024-07-05 18:00:00,16.839450000000003,summer weekday,15.84
2024-07-05 19:00:00,22.327800000000003,summer weekday,20.41
2024-07-05 20:00:00,21.069900000000004,summer weekday,20.41
2024-07-05 21:00:00,18.113100000000003,summer weekday,15.84
2024-07-05 22:00:00,16.299750000000003,summer weekday,15.84
2024-07-05 23:00:00,16.735500000000002,summer weekday,15.84
2024-07-06 00:00:00,14.80455,summer weekend,13.75
2024-07-06 01:00:00,14.0496,summer weekend,13.75
2024-07-06 02:00:00,12.2583,summer weekend,13.75
2024-07-06 03:00:00,11.4351,summer weekend,13.75
2024-07-06 04:00:00,9.02745,summer weekend,7.47
2024-07-06 05:00:00,7.981650000000001,summer weekend,7.47
2024-07-06 06:00:00,7.943850000000001,summer weekend,7.47
2024-07-06 07:00:00,7.735950000000001,summer weekend,7.47
2024-07-06 08:00:00,7.380000000000001,summer weekend,7.47
2024-07-06 09:00:00,6.437600000000001,summer weekend,7.47
2024-07-06 10:00:00,4.6373500000000005,summer weekend,7.47
2024-07-06 11:00:00,4.274450000000001,summer weekend,7.47
2024-07-06 12:00:00,3.190500000000001,summer weekend,7.47
2024-07-06 13:00:00,2.81335,summer weekend,7.47
2024-07-06 14:00:00,4.070200000000001,summer weekend,7.47
2024-07-06 15:00:00,6.080400000000001,summer weekend,7.47
2024-07-06 16:00:00,7.374300000000001,summer weekend,7.47
2024-07-06 17:00:00,7.577400000000001,summer weekend,7.47
2024-07-06 18:00:00,7.403100000000001,summer weekend,7.47
2024-07-06 19:00:00,8.08245,summer weekend,7.47
2024-07-06 20:00:00,8.366999999999999,summer weekend,7.47
2024-07-06 21:00:00,9.27,summer weekend,7.47
2024-07-06 22:00:00,8.8521,summer weekend,7.47
2024-07-06 23:00:00,7.377150000000001,summer weekend,7.47
2024-07-07 00:00:00,7.370500000000001,summer weekend,7.47
2024-07-07 01:00:00,7.304000000000001,summer weekend,7.47
2024-07-07 02:00:00,7.3344,summer weekend,7.47
2024-07-07 03:00:00,7.374300000000001,summer weekend,7.47
2024-07-07 04:00:00,7.379050000000001,summer weekend,7.47
2024-07-07 05:00:00,7.379050000000001,summer weekend,7.47
2024-07-07 06:00:00,7.379050000000001,summer weekend,7.47
2024-07-07 07:00:00,7.323,summer weekend,7.47
2024-07-07 08:00:00,6.763450000000001,summer weekend,7.47
2024-07-07 09:00:00,6.431900000000001,summer weekend,7.47
2024-07-07 10:00:00,6.236200000000001,summer weekend,7.47
2024-07-07 11:00:00,6.098450000000001,summer weekend,7.47
2024-07-07 12:00:00,5.25485,summer weekend,7.47
2024-07-07 13:00:00,5.386900000000001,summer weekend,7.47
2024-07-07 14:00:00,6.221000000000001,summer weekend,7.47
2024-07-07 15:00:00,6.794800000000001,summer weekend,7.47
2024-07-07 16:00:00,7.372400000000001,summer weekend,7.47
2024-07-07 17:00:00,14.09895,summer weekend,13.75
2024-07-07 18:00:00,16.85835,summer weekend,17.98
2024-07-07 19:00:00,20.5722,summer weekend,17.98
2024-07-07 20:00:00,21.36285,summer weekend,17.98
2024-07-07 21:00:00,19.476000000000003,summer weekend,17.98
2024-07-07 22:00:00,17.57865,summer weekend,17.98
2024-07-07 23:00:00,15.9501,summer weekend,17.98
2024-07-08 00:00:00,15.42825,summer weekday,15.84
2024-07-08 01:00:00,15.1584,summer weekday,15.84
2024-07-08 02:00:00,15.5406,summer weekday,15.84
2024-07-08 03:00:00,15.3894,summer weekday,15.84
2024-07-08 04:00:00,15.826200000000002,summer weekday,15.84
2024-07-08 05:00:00,19.158900000000003,summer weekday,20.41
2024-07-08 06:00:00,20.505000000000003,summer weekday,20.41
2024-07-08 07:00:00,17.947200000000002,summer weekday,15.84
2024-07-08 08:00:00,15.52905,summer weekday,15.84
2024-07-08 09:00:00,13.04265,summer weekday,15.84
2024-07-08 10:00:00,11.41515,summer weekday,9.67
2024-07-08 11:00:00,10.71795,summer weekday,9.67
2024-07-08 12:00:00,10.47225,summer weekday,9.67
2024-07-08 13:00:00,10.4838,summer weekday,9.67
2024-07-08 14:00:00,11.23875,summer weekday,9.67
2024-07-08 15:00:00,14.1,summer weekday,15.84
2024-07-08 16:00:00,15.801,summer weekday,15.84
2024-07-08 17:00:00,18.156150000000004,summer weekday,20.41
2024-07-08 18:00:00,21.711450000000003,summer weekday,20.41
2024-07-08 19:00:00,34.40175,summer weekday,20.41
2024-07-08 20:00:00,25.61745,summer weekday,20.41
2024-07-08 21:00:00,19.313250000000004,summer weekday,20.41
2024-07-08 22:00:00,17.0421,summer weekday,15.84
2024-07-08 23:00:00,18.4596,summer weekday,20.41
2024-07-09 00:00:00,17.455800000000004,summer weekday,15.84
2024-07-09 01:00:00,17.1534,summer weekday,15.84
2024-07-09 02:00:00,16.949700000000004,summer weekday,15.84
2024-07-09 03:00:00,16.584300000000002,summer weekday,15.84
2024-07-09 04:00:00,17.547150000000002,summer weekday,15.84
2024-07-09 05:00:00,19.074900000000003,summer weekday,20.41
2024-07-09 06:00:00,18.274800000000003,summer weekday,20.41
2024-07-09 07:00:00,17.250000000000004,summer weekday,15.84
2024-07-09 08:00:00,14.4423,summer weekday,15.84
2024-07-09 09:00:00,12.27615,summer weekday,9.67
2024-07-09 10:00:00,10.91955,summer weekday,9.67
2024-07-09 11:00:00,9.684749999999998,summer weekday,9.67
2024-07-09 12:00:00,7.909200000000001,summer weekday,9.67
2024-07-09 13:00:00,7.664550000000001,summer weekday,9.67
2024-07-09 14:00:00,8.5434,summer weekday,9.67
2024-07-09 15:00:00,13.02165,summer weekday,15.84
2024-07-09 16:00:00,15.95745,summer weekday,15.84
2024-07-09 17:00:00,17.803350000000002,summer weekday,15.84
2024-07-09 18:00:00,23.2875,summer weekday,20.41
2024-07-09 19:00:00,22.8822,summer weekday,20.41
2024-07-09 20:00:00,18.732600000000005,summer weekday,20.41
2024-07-09 21:00:00,16.417350000000003,summer weekday,15.84
2024-07-09 22:00:00,14.61345,summer weekday,15.84
2024-07-09 23:00:00,13.155,summer weekday,15.84
2024-07-10 00:00:00,13.1445,summer weekday,15.84
2024-07-10 01:00:00,13.0416,summer weekday,15.84
2024-07-10 02:00:00,13.1529,summer weekday,15.84
2024-07-10 03:00:00,13.6716,summer weekday,15.84
2024-07-10 04:00:00,14.3247,summer weekday,15.84
2024-07-10 05:00:00,16.2483,summer weekday,15.84
2024-07-10 06:00:00,18.558300000000003,summer weekday,20.41
2024-07-10 07:00:00,18.091050000000003,summer weekday,15.84
2024-07-10 08:00:00,16.29765,summer weekday,15.84
2024-07-10 09:00:00,14.205,summer weekday,15.84
2024-07-10 10:00:00,13.23585,summer weekday,15.84
2024-07-10 11:00:00,12.32865,summer weekday,9.67
2024-07-10 12:00:00,12.0609,summer weekday,9.67
2024-07-10 13:00:00,13.155,summer weekday,15.84
2024-07-10 14:00:00,13.51515,summer weekday,15.84
2024-07-10 15:00:00,14.4654,summer weekday,15.84
2024-07-10 16:00:00,15.7947,summer weekday,15.84
2024-07-10 17:00:00,15.85665,summer weekday,15.84
2024-07-10 18:00:00,17.8506,summer weekday,15.84
2024-07-10 19:00:00,22.984050000000003,summer weekday,20.41
2024-07-10 20:00:00,24.608400000000003,summer weekday,20.41
2024-07-10 21:00:00,19.346850000000003,summer weekday,20.41
2024-07-10 22:00:00,17.1366,summer weekday,15.84
2024-07-10 23:00:00,17.462100000000003,summer weekday,15.84
2024-07-11 00:00:00,15.77475,summer weekday,15.84
2024-07-11 01:00:00,15.4713,summer weekday,15.84
2024-07-11 02:00:00,15.737999999999998,summer weekday,15.84
2024-07-11 03:00:00,15.81255,summer weekday,15.84
2024-07-11 04:00:00,15.987900000000002,summer weekday,15.84
2024-07-11 05:00:00,18.68955,summer weekday,20.41
2024-07-11 06:00:00,19.980000000000004,summer weekday,20.41
2024-07-11 07:00:00,18.56565,summer weekday,20.41
2024-07-11 08:00:00,16.73655,summer weekday,15.84
2024-07-11 09:00:00,15.85245,summer weekday,15.84
2024-07-11 10:00:00,14.373,summer weekday,15.84
2024-07-11 11:00:00,13.4112,summer weekday,15.84
2024-07-11 12:00:00,12.3885,summer weekday,9.67
2024-07-11 13:00:00,12.0504,summer weekday,9.67
2024-07-11 14:00:00,12.6405,summer weekday,9.67
2024-07-11 15:00:00,13.7829,summer weekday,15.84
2024-07-11 16:00:00,15.98055,summer weekday,15.84
2024-07-11 17:00:00,16.995900000000002,summer weekday,15.84
2024-07-11 18:00:00,19.980000000000004,summer weekday,20.41
2024-07-11 19:00:00,26.73465,summer weekday,20.41
2024-07-11 20:00:00,24.8877,summer weekday,20.41
2024-07-11 21:00:00,20.146950000000004,summer weekday,20.41
2024-07-11 22:00:00,17.682600000000004,summer weekday,15.84
2024-07-11 23:00:00,18.134100000000004,summer weekday,20.41
2024-07-12 00:00:00,16.54755,summer weekday,15.84
2024-07-12 01:00:00,16.081350000000004,summer weekday,15.84
2024-07-12 02:00:00,16.098150000000004,summer weekday,15.84
2024-07-12 03:00:00,16.012050000000002,summer weekday,15.84
2024-07-12 04:00:00,16.226250000000004,summer weekday,15.84
2024-07-12 05:00:00,18.713700000000003,summer weekday,20.41
2024-07-12 06:00:00,18.9216,summer weekday,20.41
2024-07-12 07:00:00,18.888,summer weekday,20.41
2024-07-12 08:00:00,18.132,summer weekday,20.41
2024-07-12 09:00:00,17.446350000000002,summer weekday,15.84
2024-07-12 10:00:00,16.812150000000003,summer weekday,15.84
2024-07-12 11:00:00,16.12125,summer weekday,15.84
2024-07-12 12:00:00,15.633,summer weekday,15.84
2024-07-12 13:00:00,15.5742,summer weekday,15.84
2024-07-12 14:00:00,15.58995,summer weekday,15.84
2024-07-12 15:00:00,16.379550000000002,summer weekday,15.84
2024-07-12 16:00:00,16.361700000000003,summer weekday,15.84
2024-07-12 17:00:00,17.067300000000003,summer weekday,15.84
2024-07-12 18:00:00,18.13095,summer weekday,20.41
2024-07-12 19:00:00,17.17545,summer weekday,15.84
2024-07-12 20:00:00,17.31405,summer weekday,15.84
2024-07-12 21:00:00,16.3743,summer weekday,15.84
2024-07-12 22:00:00,15.68655,summer weekday,15.84
2024-07-12 23:00:00,12.69825,summer weekday,9.67
2024-07-13 00:00:00,12.6846,summer weekend,13.75
2024-07-13 01:00:00,11.2566,summer weekend,13.75
2024-07-13 02:00:00,11.33535,summer weekend,13.75
2024-07-13 03:00:00,10.8156,summer weekend,13.75
2024-07-13 04:00:00,10.64025,summer weekend,13.75
2024-07-13 05:00:00,10.5993,summer weekend,7.47
2024-07-13 06:00:00,10.3011,summer weekend,7.47
2024-07-13 07:00:00,10.173,summer weekend,7.47
2024-07-13 08:00:00,9.581849999999998,summer weekend,7.47
2024-07-13 09:00:00,7.921800000000001,summer weekend,7.47
2024-07-13 10:00:00,7.384200000000001,summer weekend,7.47
2024-07-13 11:00:00,7.379050000000001,summer weekend,7.47
2024-07-13 12:00:00,6.905000000000001,summer weekend,7.47
2024-07-13 13:00:00,5.964500000000001,summer weekend,7.47
2024-07-13 14:00:00,6.290350000000001,summer weekend,7.47
2024-07-13 15:00:00,7.049400000000001,summer weekend,7.47
2024-07-13 16:00:00,7.379050000000001,summer weekend,7.47
2024-07-13 17:00:00,10.40085,summer weekend,7.47
2024-07-13 18:00:00,12.66465,summer weekend,13.75
2024-07-13 19:00:00,15.30225,summer weekend,13.75
2024-07-13 20:00:00,15.387300000000002,summer weekend,13.75
2024-07-13 21:00:00,15.6582,summer weekend,13.75
2024-07-13 22:00:00,13.995,summer weekend,13.75
2024-07-13 23:00:00,16.71975,summer weekend,17.98
2024-07-14 00:00:00,14.01495,summer weekend,13.75
2024-07-14 01:00:00,13.20225,summer weekend,13.75
2024-07-14 02:00:00,12.0315,summer weekend,13.75
2024-07-14 03:00:00,11.36265,summer weekend,13.75
2024-07-14 04:00:00,11.24505,summer weekend,13.75
2024-07-14 05:00:00,10.7358,summer weekend,13.75
2024-07-14 06:00:00,8.8794,summer weekend,7.47
2024-07-14 07:00:00,7.410450000000001,summer weekend,7.47
2024-07-14 08:00:00,7.065550000000001,summer weekend,7.47
2024-07-14 09:00:00,5.372650000000001,summer weekend,7.47
2024-07-14 10:00:00,3.5724000000000005,summer weekend,7.47
2024-07-14 11:00:00,1.7303500000000012,summer weekend,7.47
2024-07-14 12:00:00,0.353800000000002,summer weekend,7.47
2024-07-14 13:00:00,0.353800000000002,summer weekend,7.47
2024-07-14 14:00:00,2.4571,summer weekend,7.47
2024-07-14 15:00:00,5.477150000000001,summer weekend,7.47
2024-07-14 16:00:00,7.375250000000001,summer weekend,7.47
2024-07-14 17:00:00,12.2667,summer weekend,13.75
2024-07-14 18:00:00,17.032650000000004,summer weekend,17.98
2024-07-14 19:00:00,19.539,summer weekend,17.98
2024-07-14 20:00:00,18.791400000000003,summer weekend,17.98
2024-07-14 21:00:00,18.4932,summer weekend,17.98
2024-07-14 22:00:00,16.5213,summer weekend,17.98
2024-07-14 23:00:00,15.71175,summer weekend,13.75
2024-07-15 00:00:00,14.3352,summer weekday,15.84
2024-07-15 01:00:00,13.48785,summer weekday,15.84
2024-07-15 02:00:00,13.99815,summer weekday,15.84
2024-07-15 03:00:00,14.5011,summer weekday,15.84
2024-07-15 04:00:00,15.787349999999998,summer weekday,15.84
2024-07-15 05:00:00,19.980000000000004,summer weekday,20.41
2024-07-15 06:00:00,22.510500000000004,summer weekday,20.41
2024-07-15 07:00:00,16.805850000000003,summer weekday,15.84
2024-07-15 08:00:00,13.60545,summer weekday,15.84
2024-07-15 09:00:00,11.1096,summer weekday,9.67
2024-07-15 10:00:00,8.56545,summer weekday,9.67
2024-07-15 11:00:00,7.38735,summer weekday,9.67
2024-07-15 12:00:00,7.379050000000001,summer weekday,9.67
2024-07-15 13:00:00,7.373350000000001,summer weekday,9.67
2024-07-15 14:00:00,7.7517,summer weekday,9.67
2024-07-15 15:00:00,12.03045,summer weekday,9.67
2024-07-15 16:00:00,15.99,summer weekday,15.84
2024-07-15 17:00:00,19.38675,summer weekday,20.41
2024-07-15 18:00:00,28.81995000000001,summer weekday,20.41
2024-07-15 19:00:00,31.000800000000005,summer weekday,20.41
2024-07-15 20:00:00,22.4538,summer weekday,20.41
2024-07-15 21:00:00,17.090400000000002,summer weekday,15.84
2024-07-15 22:00:00,15.7905,summer weekday,15.84
2024-07-15 23:00:00,15.42195,summer weekday,15.84
2024-07-16 00:00:00,14.07585,summer weekday,15.84
2024-07-16 01:00:00,12.89145,summer weekday,15.84
2024-07-16 02:00:00,11.2461,summer weekday,9.67
2024-07-16 03:00:00,11.3868,summer weekday,9.67
2024-07-16 04:00:00,12.6636,summer weekday,9.67
2024-07-16 05:00:00,15.81675,summer weekday,15.84
2024-07-16 06:00:00,16.929750000000002,summer weekday,15.84
2024-07-16 07:00:00,16.232550000000003,summer weekday,15.84
2024-07-16 08:00:00,13.97085,summer weekday,15.84
2024-07-16 09:00:00,9.636449999999998,summer weekday,9.67
2024-07-16 10:00:00,7.386300000000001,summer weekday,9.67
2024-07-16 11:00:00,6.6171500000000005,summer weekday,9.67
2024-07-16 12:00:00,6.332150000000001,summer weekday,9.67
2024-07-16 13:00:00,6.2894000000000005,summer weekday,9.67
2024-07-16 14:00:00,6.321700000000001,summer weekday,9.67
2024-07-16 15:00:00,7.161500000000001,summer weekday,9.67
2024-07-16 16:00:00,9.7026,summer weekday,9.67
2024-07-16 17:00:00,13.9971,summer weekday,15.84
2024-07-16 18:00:00,15.98895,summer weekday,15.84
2024-07-16 19:00:00,20.148000000000003,summer weekday,20.41
2024-07-16 20:00:00,19.379400000000004,summer weekday,20.41
2024-07-16 21:00:00,18.49005,summer weekday,20.41
2024-07-16 22:00:00,16.232550000000003,summer weekday,15.84
2024-07-16 23:00:00,16.557000000000002,summer weekday,15.84
2024-07-17 00:00:00,15.0429,summer weekday,15.84
2024-07-17 01:00:00,15.0261,summer weekday,15.84
2024-07-17 02:00:00,14.78565,summer weekday,15.84
2024-07-17 03:00:00,14.84025,summer weekday,15.84
2024-07-17 04:00:00,15.5112,summer weekday,15.84
2024-07-17 05:00:00,16.835250000000002,summer weekday,15.84
2024-07-17 06:00:00,17.854800000000004,summer weekday,15.84
2024-07-17 07:00:00,18.478500000000004,summer weekday,20.41
2024-07-17 08:00:00,15.4797,summer weekday,15.84
2024-07-17 09:00:00,13.48995,summer weekday,15.84
2024-07-17 10:00:00,11.76375,summer weekday,9.67
2024-07-17 11:00:00,10.80195,summer weekday,9.67
2024-07-17 12:00:00,9.67425,summer weekday,9.67
2024-07-17 13:00:00,8.514,summer weekday,9.67
2024-07-17 14:00:00,8.79435,summer weekday,9.67
2024-07-17 15:00:00,11.4624,summer weekday,9.67
2024-07-17 16:00:00,13.8564,summer weekday,15.84
2024-07-17 17:00:00,16.087650000000004,summer weekday,15.84
2024-07-17 18:00:00,18.60345,summer weekday,20.41
2024-07-17 19:00:00,27.11475,summer weekday,20.41
2024-07-17 20:00:00,22.444350000000004,summer weekday,20.41
2024-07-17 21:00:00,19.44555,summer weekday,20.41
2024-07-17 22:00:00,17.12505,summer weekday,15.84
2024-07-17 23:00:00,16.82685,summer weekday,15.84
2024-07-18 00:00:00,15.81045,summer weekday,15.84
2024-07-18 01:00:00,15.68025,summer weekday,15.84
2024-07-18 02:00:00,15.6267,summer weekday,15.84
2024-07-18 03:00:00,15.70335,summer weekday,15.84
2024-07-18 04:00:00,17.0505,summer weekday,15.84
2024-07-18 05:00:00,20.0724,summer weekday,20.41
2024-07-18 06:00:00,18.64335,summer weekday,20.41
2024-07-18 07:00:00,17.5377,summer weekday,15.84
2024-07-18 08:00:00,15.698099999999998,summer weekday,15.84
2024-07-18 09:00:00,14.0832,summer weekday,15.84
2024-07-18 10:00:00,12.32865,summer weekday,9.67
2024-07-18 11:00:00,11.05605,summer weekday,9.67
2024-07-18 12:00:00,10.9458,summer weekday,9.67
2024-07-18 13:00:00,11.26605,summer weekday,9.67
2024-07-18 14:00:00,12.5019,summer weekday,9.67
2024-07-18 15:00:00,14.4738,summer weekday,15.84
2024-07-18 16:00:00,16.355400000000003,summer weekday,15.84
2024-07-18 17:00:00,17.040000000000003,summer weekday,15.84
2024-07-18 18:00:00,21.048900000000003,summer weekday,20.41
2024-07-18 19:00:00,31.278,summer weekday,20.41
2024-07-18 20:00:00,26.748300000000004,summer weekday,20.41
2024-07-18 21:00:00,19.931700000000003,summer weekday,20.41
2024-07-18 22:00:00,18.0816,summer weekday,15.84
2024-07-18 23:00:00,16.84155,summer weekday,15.84
2024-07-19 00:00:00,15.82725,summer weekday,15.84
2024-07-19 01:00:00,15.770549999999998,summer weekday,15.84
2024-07-19 02:00:00,15.70545,summer weekday,15.84
2024-07-19 03:00:00,16.134900000000002,summer weekday,15.84
2024-07-19 04:00:00,16.9749,summer weekday,15.84
2024-07-19 05:00:00,19.518,summer weekday,20.41
2024-07-19 06:00:00,19.0056,summer weekday,20.41
2024-07-19 07:00:00,17.712000000000003,summer weekday,15.84
2024-07-19 08:00:00,15.93015,summer weekday,15.84
2024-07-19 09:00:00,14.73,summer weekday,15.84
2024-07-19 10:00:00,13.54875,summer weekday,15.84
2024-07-19 11:00:00,12.0357,summer weekday,9.67
2024-07-19 12:00:00,11.2125,summer weekday,9.67
2024-07-19 13:00:00,11.181,summer weekday,9.67
2024-07-19 14:00:00,11.8467,summer weekday,9.67
2024-07-19 15:00:00,14.07795,summer weekday,15.84
2024-07-19 16:00:00,15.5007,summer weekday,15.84
2024-07-19 17:00:00,16.99905,summer weekday,15.84
2024-07-19 18:00:00,20.087100000000003,summer weekday,20.41
2024-07-19 19:00:00,27.378300000000003,summer weekday,20.41
2024-07-19 20:00:00,19.980000000000004,summer weekday,20.41
2024-07-19 21:00:00,18.6003,summer weekday,20.41
2024-07-19 22:00:00,16.99275,summer weekday,15.84
2024-07-19 23:00:00,17.326650000000004,summer weekday,15.84
2024-07-20 00:00:00,16.768050000000002,summer weekend,17.98
2024-07-20 01:00:00,16.646250000000002,summer weekend,17.98
2024-07-20 02:00:00,16.817400000000003,summer weekend,17.98
2024-07-20 03:00:00,17.2752,summer weekend,17.98
2024-07-20 04:00:00,17.229000000000003,summer weekend,17.98
2024-07-20 05:00:00,16.98645,summer weekend,17.98
2024-07-20 06:00:00,16.40895,summer weekend,17.98
2024-07-20 07:00:00,14.541,summer weekend,13.75
2024-07-20 08:00:00,12.609,summer weekend,13.75
2024-07-20 09:00:00,7.920750000000001,summer weekend,7.47
2024-07-20 10:00:00,7.380000000000001,summer weekend,7.47
2024-07-20 11:00:00,6.938250000000001,summer weekend,7.47
2024-07-20 12:00:00,6.972450000000001,summer weekend,7.47
2024-07-20 13:00:00,7.106400000000001,summer weekend,7.47
2024-07-20 14:00:00,7.12255,summer weekend,7.47
2024-07-20 15:00:00,7.634100000000001,summer weekend,7.47
2024-07-20 16:00:00,12.87045,summer weekend,13.75
2024-07-20 17:00:00,16.305000000000003,summer weekend,17.98
2024-07-20 18:00:00,18.8838,summer weekend,17.98
2024-07-20 19:00:00,21.52875,summer weekend,17.98
2024-07-20 20:00:00,18.80505,summer weekend,17.98
2024-07-20 21:00:00,16.210500000000003,summer weekend,17.98
2024-07-20 22:00:00,15.203550000000002,summer weekend,13.75
2024-07-20 23:00:00,14.06115,summer weekend,13.75
2024-07-21 00:00:00,13.2915,summer weekend,13.75
2024-07-21 01:00:00,13.176,summer weekend,13.75
2024-07-21 02:00:00,13.7199,summer weekend,13.75
2024-07-21 03:00:00,14.58405,summer weekend,13.75
2024-07-21 04:00:00,15.2802,summer weekend,13.75
2024-07-21 05:00:00,15.92385,summer weekend,17.98
2024-07-21 06:00:00,13.712550000000002,summer weekend,13.75
2024-07-21 07:00:00,12.4914,summer weekend,13.75
2024-07-21 08:00:00,8.489849999999999,summer weekend,7.47
2024-07-21 09:00:00,7.38735,summer weekend,7.47
2024-07-21 10:00:00,7.381050000000001,summer weekend,7.47
2024-07-21 11:00:00,7.381050000000001,summer weekend,7.47
2024-07-21 12:00:00,7.372400000000001,summer weekend,7.47
2024-07-21 13:00:00,7.360050000000001,summer weekend,7.47
2024-07-21 14:00:00,7.384200000000001,summer weekend,7.47
2024-07-21 15:00:00,7.39155,summer weekend,7.47
2024-07-21 16:00:00,13.66005,summer weekend,13.75
2024-07-21 17:00:00,17.278350000000003,summer weekend,17.98
2024-07-21 18:00:00,18.74835,summer weekend,17.98
2024-07-21 19:00:00,20.786400000000004,summer weekend,17.98
2024-07-21 20:00:00,20.832600000000003,summer weekend,17.98
2024-07-21 21:00:00,19.12425,summer weekend,17.98
2024-07-21 22:00:00,17.218500000000002,summer weekend,17.98
2024-07-21 23:00:00,20.2005,summer weekend,17.98
2024-07-22 00:00:00,17.52615,summer weekday,15.84
2024-07-22 01:00:00,16.5024,summer weekday,15.84
2024-07-22 02:00:00,16.507650000000005,summer weekday,15.84
2024-07-22 03:00:00,16.4247,summer weekday,15.84
2024-07-22 04:00:00,16.017300000000002,summer weekday,15.84
2024-07-22 05:00:00,19.925400000000003,summer weekday,20.41
2024-07-22 06:00:00,21.2064,summer weekday,20.41
2024-07-22 07:00:00,20.615250000000003,summer weekday,20.41
2024-07-22 08:00:00,17.285700000000002,summer weekday,15.84
2024-07-22 09:00:00,15.2697,summer weekday,15.84
2024-07-22 10:00:00,15.0324,summer weekday,15.84
2024-07-22 11:00:00,14.3331,summer weekday,15.84
2024-07-22 12:00:00,11.92125,summer weekday,9.67
2024-07-22 13:00:00,9.41805,summer weekday,9.67
2024-07-22 14:00:00,9.519899999999998,summer weekday,9.67
2024-07-22 15:00:00,12.4683,summer weekday,9.67
2024-07-22 16:00:00,14.06745,summer weekday,15.84
2024-07-22 17:00:00,15.90075,summer weekday,15.84
2024-07-22 18:00:00,17.779200000000003,summer weekday,15.84
2024-07-22 19:00:00,26.935200000000005,summer weekday,20.41
2024-07-22 20:00:00,25.44420000000001,summer weekday,20.41
2024-07-22 21:00:00,19.039200000000005,summer weekday,20.41
2024-07-22 22:00:00,17.67,summer weekday,15.84
2024-07-22 23:00:00,16.13595,summer weekday,15.84
2024-07-23 00:00:00,15.339,summer weekday,15.84
2024-07-23 01:00:00,15.4335,summer weekday,15.84
2024-07-23 02:00:00,14.7825,summer weekday,15.84
2024-07-23 03:00:00,15.13215,summer weekday,15.84
2024-07-23 04:00:00,15.42405,summer weekday,15.84
2024-07-23 05:00:00,18.58665,summer weekday,20.41
2024-07-23 06:00:00,20.03355,summer weekday,20.41
2024-07-23 07:00:00,19.47705,summer weekday,20.41
2024-07-23 08:00:00,16.545450000000002,summer weekday,15.84
2024-07-23 09:00:00,14.61135,summer weekday,15.84
2024-07-23 10:00:00,13.823849999999998,summer weekday,15.84
2024-07-23 11:00:00,11.939100000000002,summer weekday,9.67
2024-07-23 12:00:00,11.40045,summer weekday,9.67
2024-07-23 13:00:00,11.16105,summer weekday,9.67
2024-07-23 14:00:00,11.7858,summer weekday,9.67
2024-07-23 15:00:00,14.1903,summer weekday,15.84
2024-07-23 16:00:00,15.73065,summer weekday,15.84
2024-07-23 17:00:00,15.7716,summer weekday,15.84
2024-07-23 18:00:00,17.463150000000002,summer weekday,15.84
2024-07-23 19:00:00,19.824600000000004,summer weekday,20.41
2024-07-23 20:00:00,18.091050000000003,summer weekday,15.84
2024-07-23 21:00:00,17.79915,summer weekday,15.84
2024-07-23 22:00:00,16.995900000000002,summer weekday,15.84
2024-07-23 23:00:00,16.15275,summer weekday,15.84
2024-07-24 00:00:00,15.60465,summer weekday,15.84
2024-07-24 01:00:00,14.9988,summer weekday,15.84
2024-07-24 02:00:00,15.23925,summer weekday,15.84
2024-07-24 03:00:00,15.25395,summer weekday,15.84
2024-07-24 04:00:00,15.33585,summer weekday,15.84
2024-07-24 05:00:00,18.20235,summer weekday,20.41
2024-07-24 06:00:00,20.914500000000004,summer weekday,20.41
2024-07-24 07:00:00,17.794950000000004,summer weekday,15.84
2024-07-24 08:00:00,15.03555,summer weekday,15.84
2024-07-24 09:00:00,13.1445,summer weekday,15.84
2024-07-24 10:00:00,9.60495,summer weekday,9.67
2024-07-24 11:00:00,7.5459,summer weekday,9.67
2024-07-24 12:00:00,7.365750000000001,summer weekday,9.67
2024-07-24 13:00:00,7.1843,summer weekday,9.67
2024-07-24 14:00:00,7.1938,summer weekday,9.67
2024-07-24 15:00:00,7.612050000000001,summer weekday,9.67
2024-07-24 16:00:00,11.50335,summer weekday,9.67
2024-07-24 17:00:00,14.6607,summer weekday,15.84
2024-07-24 18:00:00,17.4495,summer weekday,15.84
2024-07-24 19:00:00,18.92265,summer weekday,20.41
2024-07-24 20:00:00,20.1711,summer weekday,20.41
2024-07-24 21:00:00,18.885900000000003,summer weekday,20.41
2024-07-24 22:00:00,17.358150000000002,summer weekday,15.84
2024-07-24 23:00:00,17.09775,summer weekday,15.84
2024-07-25 00:00:00,16.536,summer weekday,15.84
2024-07-25 01:00:00,16.294500000000003,summer weekday,15.84
2024-07-25 02:00:00,15.7716,summer weekday,15.84
2024-07-25 03:00:00,15.402,summer weekday,15.84
2024-07-25 04:00:00,17.095650000000003,summer weekday,15.84
2024-07-25 05:00:00,18.5268,summer weekday,20.41
2024-07-25 06:00:00,19.6503,summer weekday,20.41
2024-07-25 07:00:00,16.932900000000004,summer weekday,15.84
2024-07-25 08:00:00,14.9379,summer weekday,15.84
2024-07-25 09:00:00,13.1634,summer weekday,15.84
2024-07-25 10:00:00,11.25975,summer weekday,9.67
2024-07-25 11:00:00,9.93255,summer weekday,9.67
2024-07-25 12:00:00,9.2028,summer weekday,9.67
2024-07-25 13:00:00,8.773349999999999,summer weekday,9.67
2024-07-25 14:00:00,10.130999999999998,summer weekday,9.67
2024-07-25 15:00:00,13.029,summer weekday,15.84
2024-07-25 16:00:00,15.78,summer weekday,15.84
2024-07-25 17:00:00,17.565,summer weekday,15.84
2024-07-25 18:00:00,20.707650000000005,summer weekday,20.41
2024-07-25 19:00:00,23.730600000000003,summer weekday,20.41
2024-07-25 20:00:00,21.199050000000003,summer weekday,20.41
2024-07-25 21:00:00,17.880000000000003,summer weekday,15.84
2024-07-25 22:00:00,16.299750000000003,summer weekday,15.84
2024-07-25 23:00:00,16.128600000000002,summer weekday,15.84
2024-07-26 00:00:00,15.1395,summer weekday,15.84
2024-07-26 01:00:00,15.6855,summer weekday,15.84
2024-07-26 02:00:00,15.949050000000002,summer weekday,15.84
2024-07-26 03:00:00,15.902850000000004,summer weekday,15.84
2024-07-26 04:00:00,16.117050000000003,summer weekday,15.84
2024-07-26 05:00:00,17.829600000000003,summer weekday,15.84
2024-07-26 06:00:00,19.618800000000004,summer weekday,20.41
2024-07-26 07:00:00,18.3105,summer weekday,20.41
2024-07-26 08:00:00,17.547150000000002,summer weekday,15.84
2024-07-26 09:00:00,16.885650000000002,summer weekday,15.84
2024-07-26 10:00:00,15.92175,summer weekday,15.84
2024-07-26 11:00:00,14.73,summer weekday,15.84
2024-07-26 12:00:00,14.007599999999998,summer weekday,15.84
2024-07-26 13:00:00,13.69995,summer weekday,15.84
2024-07-26 14:00:00,14.5347,summer weekday,15.84
2024-07-26 15:00:00,15.0282,summer weekday,15.84
2024-07-26 16:00:00,16.6746,summer weekday,15.84
2024-07-26 17:00:00,17.285700000000002,summer weekday,15.84
2024-07-26 18:00:00,18.69795,summer weekday,20.41
2024-07-26 19:00:00,22.42125,summer weekday,20.41
2024-07-26 20:00:00,21.975,summer weekday,20.41
2024-07-26 21:00:00,18.55095,summer weekday,20.41
2024-07-26 22:00:00,17.660550000000004,summer weekday,15.84
2024-07-26 23:00:00,18.2958,summer weekday,20.41
2024-07-27 00:00:00,18.23805,summer weekend,17.98
2024-07-27 01:00:00,17.605950000000004,summer weekend,17.98
2024-07-27 02:00:00,17.38125,summer weekend,17.98
2024-07-27 03:00:00,17.0883,summer weekend,17.98
2024-07-27 04:00:00,16.883550000000003,summer weekend,17.98
2024-07-27 05:00:00,16.557000000000002,summer weekend,17.98
2024-07-27 06:00:00,16.06875,summer weekend,17.98
2024-07-27 07:00:00,16.272450000000003,summer weekend,17.98
2024-07-27 08:00:00,14.48535,summer weekend,13.75
2024-07-27 09:00:00,13.7619,summer weekend,13.75
2024-07-27 10:00:00,11.5695,summer weekend,13.75
2024-07-27 11:00:00,10.32,summer weekend,7.47
2024-07-27 12:00:00,9.249,summer weekend,7.47
2024-07-27 13:00:00,9.2616,summer weekend,7.47
2024-07-27 14:00:00,11.0571,summer weekend,13.75
2024-07-27 15:00:00,14.4906,summer weekend,13.75
2024-07-27 16:00:00,17.326650000000004,summer weekend,17.98
2024-07-27 17:00:00,18.401850000000003,summer weekend,17.98
2024-07-27 18:00:00,19.63245,summer weekend,17.98
2024-07-27 19:00:00,20.3055,summer weekend,17.98
2024-07-27 20:00:00,20.1711,summer weekend,17.98
2024-07-27 21:00:00,18.7305,summer weekend,17.98
2024-07-27 22:00:00,17.663700000000002,summer weekend,17.98
2024-07-27 23:00:00,18.92895,summer weekend,17.98
2024-07-28 00:00:00,17.36655,summer weekend,17.98
2024-07-28 01:00:00,16.64205,summer weekend,17.98
2024-07-28 02:00:00,15.94065,summer weekend,17.98
2024-07-28 03:00:00,15.6267,summer weekend,13.75
2024-07-28 04:00:00,15.7023,summer weekend,13.75
2024-07-28 05:00:00,15.31065,summer weekend,13.75
2024-07-28 06:00:00,15.00405,summer weekend,13.75
2024-07-28 07:00:00,10.056449999999998,summer weekend,7.47
2024-07-28 08:00:00,7.896600000000001,summer weekend,7.47
2024-07-28 09:00:00,7.380000000000001,summer weekend,7.47
2024-07-28 10:00:00,7.149150000000001,summer weekend,7.47
2024-07-28 11:00:00,5.800150000000001,summer weekend,7.47
2024-07-28 12:00:00,3.588550000000001,summer weekend,7.47
2024-07-28 13:00:00,2.7544500000000007,summer weekend,7.47
2024-07-28 14:00:00,4.19465,summer weekend,7.47
2024-07-28 15:00:00,6.07185,summer weekend,7.47
2024-07-28 16:00:00,7.190950000000001,summer weekend,7.47
2024-07-28 17:00:00,11.67135,summer weekend,13.75
2024-07-28 18:00:00,17.090400000000002,summer weekend,17.98
2024-07-28 19:00:00,19.12425,summer weekend,17.98
2024-07-28 20:00:00,19.5243,summer weekend,17.98
2024-07-28 21:00:00,18.399750000000004,summer weekend,17.98
2024-07-28 22:00:00,16.2483,summer weekend,17.98
2024-07-28 23:00:00,15.736950000000002,summer weekend,13.75
2024-07-29 00:00:00,15.36315,summer weekday,15.84
2024-07-29 01:00:00,14.96625,summer weekday,15.84
2024-07-29 02:00:00,15.39045,summer weekday,15.84
2024-07-29 03:00:00,15.78,summer weekday,15.84
2024-07-29 04:00:00,18.0165,summer weekday,15.84
2024-07-29 05:00:00,21.555000000000003,summer weekday,20.41
2024-07-29 06:00:00,20.154300000000003,summer weekday,20.41
2024-07-29 07:00:00,17.718300000000003,summer weekday,15.84
2024-07-29 08:00:00,14.0643,summer weekday,15.84
2024-07-29 09:00:00,8.4909,summer weekday,9.67
2024-07-29 10:00:00,7.364800000000001,summer weekday,9.67
2024-07-29 11:00:00,7.361950000000001,summer weekday,9.67
2024-07-29 12:00:00,7.218500000000001,summer weekday,9.67
2024-07-29 13:00:00,7.286900000000001,summer weekday,9.67
2024-07-29 14:00:00,7.373350000000001,summer weekday,9.67
2024-07-29 15:00:00,8.8227,summer weekday,9.67
2024-07-29 16:00:00,14.1504,summer weekday,15.84
2024-07-29 17:00:00,17.55555,summer weekday,15.84
2024-07-29 18:00:00,20.320200000000003,summer weekday,20.41
2024-07-29 19:00:00,26.077350000000003,summer weekday,20.41
2024-07-29 20:00:00,21.315600000000003,summer weekday,20.41
2024-07-29 21:00:00,18.699,summer weekday,20.41
2024-07-29 22:00:00,16.851000000000003,summer weekday,15.84
2024-07-29 23:00:00,15.57105,summer weekday,15.84
2024-07-30 00:00:00,15.33585,summer weekday,15.84
2024-07-30 01:00:00,15.70335,summer weekday,15.84
2024-07-30 02:00:00,16.171650000000003,summer weekday,15.84
2024-07-30 03:00:00,16.68195,summer weekday,15.84
2024-07-30 04:00:00,18.07425,summer weekday,15.84
2024-07-30 05:00:00,19.5222,summer weekday,20.41
2024-07-30 06:00:00,19.295400000000004,summer weekday,20.41
2024-07-30 07:00:00,17.84325,summer weekday,15.84
2024-07-30 08:00:00,14.496900000000002,summer weekday,15.84
2024-07-30 09:00:00,11.3196,summer weekday,9.67
2024-07-30 10:00:00,8.203199999999999,summer weekday,9.67
2024-07-30 11:00:00,7.49445,summer weekday,9.67
2024-07-30 12:00:00,7.376200000000001,summer weekday,9.67
2024-07-30 13:00:00,7.374300000000001,summer weekday,9.67
2024-07-30 14:00:00,8.77125,summer weekday,9.67
2024-07-30 15:00:00,11.6514,summer weekday,9.67
2024-07-30 16:00:00,15.5805,summer weekday,15.84
2024-07-30 17:00:00,18.237,summer weekday,20.41
2024-07-30 18:00:00,20.9712,summer weekday,20.41
2024-07-30 19:00:00,25.978650000000005,summer weekday,20.41
2024-07-30 20:00:00,22.885350000000003,summer weekday,20.41
2024-07-30 21:00:00,19.452900000000003,summer weekday,20.41
2024-07-30 22:00:00,17.779200000000003,summer weekday,15.84
2024-07-30 23:00:00,17.75925,summer weekday,15.84
2024-07-31 00:00:00,16.545450000000002,summer weekday,15.84
2024-07-31 01:00:00,16.32495,summer weekday,15.84
2024-07-31 02:00:00,16.084500000000002,summer weekday,15.84
2024-07-31 03:00:00,16.893,summer weekday,15.84
2024-07-31 04:00:00,18.13095,summer weekday,20.41
2024-07-31 05:00:00,19.19355,summer weekday,20.41
2024-07-31 06:00:00,18.9447,summer weekday,20.41
2024-07-31 07:00:00,17.3823,summer weekday,15.84
2024-07-31 08:00:00,15.6771,summer weekday,15.84
2024-07-31 09:00:00,13.24845,summer weekday,15.84
2024-07-31 10:00:00,10.8933,summer weekday,9.67
2024-07-31 11:00:00,9.66375,summer weekday,9.67
2024-07-31 12:00:00,8.572799999999999,summer weekday,9.67
2024-07-31 13:00:00,9.22065,summer weekday,9.67
2024-07-31 14:00:00,10.7127,summer weekday,9.67
2024-07-31 15:00:00,12.21945,summer weekday,9.67
2024-07-31 16:00:00,15.34425,summer weekday,15.84
2024-07-31 17:00:00,17.791800000000002,summer weekday,15.84
2024-07-31 18:00:00,19.49595,summer weekday,20.41
2024-07-31 19:00:00,21.67575,summer weekday,20.41
2024-07-31 20:00:00,19.57995,summer weekday,20.41
2024-07-31 21:00:00,18.35355,summer weekday,20.41
2024-07-31 22:00:00,17.51145,summer weekday,15.84
2024-07-31 23:00:00,17.507250000000003,summer weekday,15.84
2024-08-01 00:00:00,17.082,summer weekday,15.84
2024-08-01 01:00:00,16.49925,summer weekday,15.84
2024-08-01 02:00:00,16.211550000000003,summer weekday,15.84
2024-08-01 03:00:00,17.1534,summer weekday,15.84
2024-08-01 04:00:00,19.214550000000003,summer weekday,20.41
2024-08-01 05:00:00,21.49095,summer weekday,20.41
2024-08-01 06:00:00,18.879600000000003,summer weekday,20.41
2024-08-01 07:00:00,18.50475,summer weekday,20.41
2024-08-01 08:00:00,16.840500000000002,summer weekday,15.84
2024-08-01 09:00:00,15.45975,summer weekday,15.84
2024-08-01 10:00:00,14.4822,summer weekday,15.84
2024-08-01 11:00:00,14.10315,summer weekday,15.84
2024-08-01 12:00:00,13.7199,summer weekday,15.84
2024-08-01 13:00:00,13.93095,summer weekday,15.84
2024-08-01 14:00:00,14.8581,summer weekday,15.84
2024-08-01 15:00:00,15.50595,summer weekday,15.84
2024-08-01 16:00:00,17.3718,summer weekday,15.84
2024-08-01 17:00:00,18.17715,summer weekday,20.41
2024-08-01 18:00:00,19.192500000000003,summer weekday,20.41
2024-08-01 19:00:00,21.87735,summer weekday,20.41
2024-08-01 20:00:00,20.403150000000004,summer weekday,20.41
2024-08-01 21:00:00,19.2387,summer weekday,20.41
2024-08-01 22:00:00,18.478500000000004,summer weekday,20.41
2024-08-01 23:00:00,17.24265,summer weekday,15.84
2024-08-02 00:00:00,16.74285,summer weekday,15.84
2024-08-02 01:00:00,16.63155,summer weekday,15.84
2024-08-02 02:00:00,16.091850000000004,summer weekday,15.84
2024-08-02 03:00:00,16.509750000000004,summer weekday,15.84
2024-08-02 04:00:00,17.524050000000003,summer weekday,15.84
2024-08-02 05:00:00,19.008750000000003,summer weekday,20.41
2024-08-02 06:00:00,20.124900000000004,summer weekday,20.41
2024-08-02 07:00:00,19.26495,summer weekday,20.41
2024-08-02 08:00:00,18.3441,summer weekday,20.41
2024-08-02 09:00:00,17.006400000000003,summer weekday,15.84
2024-08-02 10:00:00,15.537450000000002,summer weekday,15.84
2024-08-02 11:00:00,15.1059,summer weekday,15.84
2024-08-02 12:00:00,13.8837,summer weekday,15.84
2024-08-02 13:00:00,12.9912,summer weekday,15.84
2024-08-02 14:00:00,12.6909,summer weekday,9.67
2024-08-02 15:00:00,14.2491,summer weekday,15.84
2024-08-02 16:00:00,15.537450000000002,summer weekday,15.84
2024-08-02 17:00:00,18.113100000000003,summer weekday,15.84
2024-08-02 18:00:00,20.871450000000003,summer weekday,20.41
2024-08-02 19:00:00,22.72995,summer weekday,20.41
2024-08-02 20:00:00,20.154300000000003,summer weekday,20.41
2024-08-02 21:00:00,19.3941,summer weekday,20.41
2024-08-02 22:00:00,17.77605,summer weekday,15.84
2024-08-02 23:00:00,18.15825,summer weekday,20.41
2024-08-03 00:00:00,17.789700000000003,summer weekend,17.98
2024-08-03 01:00:00,17.1765,summer weekend,17.98
2024-08-03 02:00:00,16.735500000000002,summer weekend,17.98
2024-08-03 03:00:00,16.44255,summer weekend,17.98
2024-08-03 04:00:00,17.3424,summer weekend,17.98
2024-08-03 05:00:00,18.2727,summer weekend,17.98
2024-08-03 06:00:00,17.40855,summer weekend,17.98
2024-08-03 07:00:00,16.2525,summer weekend,17.98
2024-08-03 08:00:00,14.3163,summer weekend,13.75
2024-08-03 09:00:00,10.7862,summer weekend,13.75
2024-08-03 10:00:00,9.517799999999998,summer weekend,7.47
2024-08-03 11:00:00,8.9193,summer weekend,7.47
2024-08-03 12:00:00,8.05305,summer weekend,7.47
2024-08-03 13:00:00,7.810500000000001,summer weekend,7.47
2024-08-03 14:00:00,8.6799,summer weekend,7.47
2024-08-03 15:00:00,10.7862,summer weekend,13.75
2024-08-03 16:00:00,15.10905,summer weekend,13.75
2024-08-03 17:00:00,18.25275,summer weekend,17.98
2024-08-03 18:00:00,18.9321,summer weekend,17.98
2024-08-03 19:00:00,20.4672,summer weekend,17.98
2024-08-03 20:00:00,21.7272,summer weekend,17.98
2024-08-03 21:00:00,19.896,summer weekend,17.98
2024-08-03 22:00:00,18.0165,summer weekend,17.98
2024-08-03 23:00:00,18.95205,summer weekend,17.98
2024-08-04 00:00:00,18.0207,summer weekend,17.98
2024-08-04 01:00:00,17.554500000000004,summer weekend,17.98
2024-08-04 02:00:00,17.111400000000003,summer weekend,17.98
2024-08-04 03:00:00,16.852050000000002,summer weekend,17.98
2024-08-04 04:00:00,16.095000000000002,summer weekend,17.98
2024-08-04 05:00:00,15.5385,summer weekend,13.75
2024-08-04 06:00:00,15.066,summer weekend,13.75
2024-08-04 07:00:00,14.09265,summer weekend,13.75
2024-08-04 08:00:00,10.33155,summer weekend,7.47
2024-08-04 09:00:00,8.225249999999999,summer weekend,7.47
2024-08-04 10:00:00,7.595250000000001,summer weekend,7.47
2024-08-04 11:00:00,7.386300000000001,summer weekend,7.47
2024-08-04 12:00:00,7.376200000000001,summer weekend,7.47
2024-08-04 13:00:00,7.174800000000001,summer weekend,7.47
2024-08-04 14:00:00,7.379050000000001,summer weekend,7.47
2024-08-04 15:00:00,7.485000000000001,summer weekend,7.47
2024-08-04 16:00:00,9.7383,summer weekend,7.47
2024-08-04 17:00:00,15.06285,summer weekend,13.75
2024-08-04 18:00:00,18.4743,summer weekend,17.98
2024-08-04 19:00:00,19.9716,summer weekend,17.98
2024-08-04 20:00:00,20.50395,summer weekend,17.98
2024-08-04 21:00:00,19.2387,summer weekend,17.98
2024-08-04 22:00:00,18.38715,summer weekend,17.98
2024-08-04 23:00:00,18.2034,summer weekend,17.98
2024-08-05 00:00:00,16.338600000000003,summer weekday,15.84
2024-08-05 01:00:00,16.021500000000003,summer weekday,15.84
2024-08-05 02:00:00,16.34175,summer weekday,15.84
2024-08-05 03:00:00,16.156950000000002,summer weekday,15.84
2024-08-05 04:00:00,17.590200000000003,summer weekday,15.84
2024-08-05 05:00:00,19.8729,summer weekday,20.41
2024-08-05 06:00:00,21.738750000000003,summer weekday,20.41
2024-08-05 07:00:00,19.346850000000003,summer weekday,20.41
2024-08-05 08:00:00,18.17715,summer weekday,20.41
2024-08-05 09:00:00,15.2025,summer weekday,15.84
2024-08-05 10:00:00,14.1315,summer weekday,15.84
2024-08-05 11:00:00,13.3776,summer weekday,15.84
2024-08-05 12:00:00,11.79525,summer weekday,9.67
2024-08-05 13:00:00,11.19675,summer weekday,9.67
2024-08-05 14:00:00,12.78015,summer weekday,15.84
2024-08-05 15:00:00,14.7405,summer weekday,15.84
2024-08-05 16:00:00,16.347,summer weekday,15.84
2024-08-05 17:00:00,18.82185,summer weekday,20.41
2024-08-05 18:00:00,23.4198,summer weekday,20.41
2024-08-05 19:00:00,33.63105,summer weekday,20.41
2024-08-05 20:00:00,25.32765,summer weekday,20.41
2024-08-05 21:00:00,20.0115,summer weekday,20.41
2024-08-05 22:00:00,18.1866,summer weekday,20.41
2024-08-05 23:00:00,18.204450000000005,summer weekday,20.41
2024-08-06 00:00:00,17.41485,summer weekday,15.84
2024-08-06 01:00:00,16.750200000000003,summer weekday,15.84
2024-08-06 02:00:00,16.3302,summer weekday,15.84
2024-08-06 03:00:00,16.384800000000002,summer weekday,15.84
2024-08-06 04:00:00,17.435850000000002,summer weekday,15.84
2024-08-06 05:00:00,20.3853,summer weekday,20.41
2024-08-06 06:00:00,20.614200000000004,summer weekday,20.41
2024-08-06 07:00:00,16.33545,summer weekday,15.84
2024-08-06 08:00:00,15.203550000000002,summer weekday,15.84
2024-08-06 09:00:00,11.1642,summer weekday,9.67
2024-08-06 10:00:00,9.63015,summer weekday,9.67
2024-08-06 11:00:00,9.0453,summer weekday,9.67
2024-08-06 12:00:00,7.689750000000001,summer weekday,9.67
2024-08-06 13:00:00,7.882950000000001,summer weekday,9.67
2024-08-06 14:00:00,9.4212,summer weekday,9.67
2024-08-06 15:00:00,11.54955,summer weekday,9.67
2024-08-06 16:00:00,16.00995,summer weekday,15.84
2024-08-06 17:00:00,18.540450000000003,summer weekday,20.41
2024-08-06 18:00:00,25.71090000000001,summer weekday,20.41
2024-08-06 19:00:00,31.619250000000005,summer weekday,20.41
2024-08-06 20:00:00,25.27725,summer weekday,20.41
2024-08-06 21:00:00,19.8267,summer weekday,20.41
2024-08-06 22:00:00,17.88315,summer weekday,15.84
2024-08-06 23:00:00,16.97595,summer weekday,15.84
2024-08-07 00:00:00,16.1202,summer weekday,15.84
2024-08-07 01:00:00,15.70545,summer weekday,15.84
2024-08-07 02:00:00,16.1202,summer weekday,15.84
2024-08-07 03:00:00,16.455150000000003,summer weekday,15.84
2024-08-07 04:00:00,18.3378,summer weekday,20.41
2024-08-07 05:00:00,20.61735,summer weekday,20.41
2024-08-07 06:00:00,20.8179,summer weekday,20.41
2024-08-07 07:00:00,18.8313,summer weekday,20.41
2024-08-07 08:00:00,16.71555,summer weekday,15.84
2024-08-07 09:00:00,15.1038,summer weekday,15.84
2024-08-07 10:00:00,13.94145,summer weekday,15.84
2024-08-07 11:00:00,11.8047,summer weekday,9.67
2024-08-07 12:00:00,11.06025,summer weekday,9.67
2024-08-07 13:00:00,12.75495,summer weekday,9.67
2024-08-07 14:00:00,14.6544,summer weekday,15.84
2024-08-07 15:00:00,16.382700000000003,summer weekday,15.84
2024-08-07 16:00:00,18.426,summer weekday,20.41
2024-08-07 17:00:00,18.55305,summer weekday,20.41
2024-08-07 18:00:00,19.953750000000003,summer weekday,20.41
2024-08-07 19:00:00,23.054400000000005,summer weekday,20.41
2024-08-07 20:00:00,21.476250000000004,summer weekday,20.41
2024-08-07 21:00:00,19.2177,summer weekday,20.41
2024-08-07 22:00:00,18.171900000000004,summer weekday,20.41
2024-08-07 23:00:00,17.505150000000004,summer weekday,15.84
2024-08-08 00:00:00,16.626300000000004,summer weekday,15.84
2024-08-08 01:00:00,16.5528,summer weekday,15.84
2024-08-08 02:00:00,16.626300000000004,summer weekday,15.84
2024-08-08 03:00:00,16.64835,summer weekday,15.84
2024-08-08 04:00:00,17.471550000000004,summer weekday,15.84
2024-08-08 05:00:00,19.02765,summer weekday,20.41
2024-08-08 06:00:00,20.497650000000004,summer weekday,20.41
2024-08-08 07:00:00,19.39305,summer weekday,20.41
2024-08-08 08:00:00,18.5982,summer weekday,20.41
2024-08-08 09:00:00,16.4205,summer weekday,15.84
2024-08-08 10:00:00,14.898,summer weekday,15.84
2024-08-08 11:00:00,13.37445,summer weekday,15.84
2024-08-08 12:00:00,11.63145,summer weekday,9.67
2024-08-08 13:00:00,10.7589,summer weekday,9.67
2024-08-08 14:00:00,11.6052,summer weekday,9.67
2024-08-08 15:00:00,13.45005,summer weekday,15.84
2024-08-08 16:00:00,15.8346,summer weekday,15.84
2024-08-08 17:00:00,18.0816,summer weekday,15.84
2024-08-08 18:00:00,21.921450000000004,summer weekday,20.41
2024-08-08 19:00:00,28.097550000000005,summer weekday,20.41
2024-08-08 20:00:00,21.555000000000003,summer weekday,20.41
2024-08-08 21:00:00,18.09,summer weekday,15.84
2024-08-08 22:00:00,17.2038,summer weekday,15.84
2024-08-08 23:00:00,18.26955,summer weekday,20.41
2024-08-09 00:00:00,16.1916,summer weekday,15.84
2024-08-09 01:00:00,14.4507,summer weekday,15.84
2024-08-09 02:00:00,14.1315,summer weekday,15.84
2024-08-09 03:00:00,12.97755,summer weekday,15.84
2024-08-09 04:00:00,14.1378,summer weekday,15.84
2024-08-09 05:00:00,15.78,summer weekday,15.84
2024-08-09 06:00:00,16.663050000000002,summer weekday,15.84
2024-08-09 07:00:00,13.617,summer weekday,15.84
2024-08-09 08:00:00,10.66755,summer weekday,9.67
2024-08-09 09:00:00,8.322899999999999,summer weekday,9.67
2024-08-09 10:00:00,7.443,summer weekday,9.67
2024-08-09 11:00:00,7.377150000000001,summer weekday,9.67
2024-08-09 12:00:00,7.364800000000001,summer weekday,9.67
2024-08-09 13:00:00,7.304000000000001,summer weekday,9.67
2024-08-09 14:00:00,7.369550000000001,summer weekday,9.67
2024-08-09 15:00:00,7.379050000000001,summer weekday,9.67
2024-08-09 16:00:00,7.647750000000001,summer weekday,9.67
2024-08-09 17:00:00,11.7669,summer weekday,9.67
2024-08-09 18:00:00,15.8892,summer weekday,15.84
2024-08-09 19:00:00,20.50185,summer weekday,20.41
2024-08-09 20:00:00,19.775250000000003,summer weekday,20.41
2024-08-09 21:00:00,19.2933,summer weekday,20.41
2024-08-09 22:00:00,17.169150000000002,summer weekday,15.84
2024-08-09 23:00:00,16.31445,summer weekday,15.84
2024-08-10 00:00:00,17.05365,summer weekend,17.98
2024-08-10 01:00:00,16.544400000000003,summer weekend,17.98
2024-08-10 02:00:00,16.270350000000004,summer weekend,17.98
2024-08-10 03:00:00,16.087650000000004,summer weekend,17.98
2024-08-10 04:00:00,16.3596,summer weekend,17.98
2024-08-10 05:00:00,16.6914,summer weekend,17.98
2024-08-10 06:00:00,15.36105,summer weekend,13.75
2024-08-10 07:00:00,10.7253,summer weekend,13.75
2024-08-10 08:00:00,7.401000000000001,summer weekend,7.47
2024-08-10 09:00:00,7.095000000000001,summer weekend,7.47
2024-08-10 10:00:00,6.221000000000001,summer weekend,7.47
2024-08-10 11:00:00,5.243450000000001,summer weekend,7.47
2024-08-10 12:00:00,3.5068500000000005,summer weekend,7.47
2024-08-10 13:00:00,3.57145,summer weekend,7.47
2024-08-10 14:00:00,4.561350000000001,summer weekend,7.47
2024-08-10 15:00:00,6.601000000000001,summer weekend,7.47
2024-08-10 16:00:00,7.38735,summer weekend,7.47
2024-08-10 17:00:00,12.5082,summer weekend,13.75
2024-08-10 18:00:00,18.56775,summer weekend,17.98
2024-08-10 19:00:00,20.55015,summer weekend,17.98
2024-08-10 20:00:00,21.345,summer weekend,17.98
2024-08-10 21:00:00,19.754250000000003,summer weekend,17.98
2024-08-10 22:00:00,18.5772,summer weekend,17.98
2024-08-10 23:00:00,18.58455,summer weekend,17.98
2024-08-11 00:00:00,18.317850000000004,summer weekend,17.98
2024-08-11 01:00:00,17.8758,summer weekend,17.98
2024-08-11 02:00:00,17.3697,summer weekend,17.98
2024-08-11 03:00:00,17.51145,summer weekend,17.98
2024-08-11 04:00:00,19.45185,summer weekend,17.98
2024-08-11 05:00:00,18.556200000000004,summer weekend,17.98
2024-08-11 06:00:00,14.8371,summer weekend,13.75
2024-08-11 07:00:00,10.299,summer weekend,7.47
2024-08-11 08:00:00,7.380000000000001,summer weekend,7.47
2024-08-11 09:00:00,6.904050000000001,summer weekend,7.47
2024-08-11 10:00:00,5.9559500000000005,summer weekend,7.47
2024-08-11 11:00:00,4.336200000000001,summer weekend,7.47
2024-08-11 12:00:00,1.6838000000000004,summer weekend,7.47
2024-08-11 13:00:00,2.62145,summer weekend,7.47
2024-08-11 14:00:00,4.3951,summer weekend,7.47
2024-08-11 15:00:00,6.907850000000001,summer weekend,7.47
2024-08-11 16:00:00,7.5333,summer weekend,7.47
2024-08-11 17:00:00,16.634700000000002,summer weekend,17.98
2024-08-11 18:00:00,20.904000000000003,summer weekend,17.98
2024-08-11 19:00:00,21.783900000000003,summer weekend,17.98
2024-08-11 20:00:00,20.625750000000004,summer weekend,17.98
2024-08-11 21:00:00,18.92895,summer weekend,17.98
2024-08-11 22:00:00,17.5944,summer weekend,17.98
2024-08-11 23:00:00,18.4029,summer weekend,17.98
2024-08-12 00:00:00,17.3151,summer weekday,15.84
2024-08-12 01:00:00,16.3365,summer weekday,15.84
2024-08-12 02:00:00,16.473000000000003,summer weekday,15.84
2024-08-12 03:00:00,16.70925,summer weekday,15.84
2024-08-12 04:00:00,19.406700000000004,summer weekday,20.41
2024-08-12 05:00:00,23.5311,summer weekday,20.41
2024-08-12 06:00:00,23.5311,summer weekday,20.41
2024-08-12 07:00:00,19.481250000000003,summer weekday,20.41
2024-08-12 08:00:00,14.7195,summer weekday,15.84
2024-08-12 09:00:00,11.5926,summer weekday,9.67
2024-08-12 10:00:00,9.0642,summer weekday,9.67
2024-08-12 11:00:00,8.4363,summer weekday,9.67
2024-08-12 12:00:00,8.1129,summer weekday,9.67
2024-08-12 13:00:00,8.829,summer weekday,9.67
2024-08-12 14:00:00,10.30635,summer weekday,9.67
2024-08-12 15:00:00,12.48825,summer weekday,9.67
2024-08-12 16:00:00,16.755450000000003,summer weekday,15.84
2024-08-12 17:00:00,20.2719,summer weekday,20.41
2024-08-12 18:00:00,29.012100000000004,summer weekday,20.41
2024-08-12 19:00:00,30.98820000000001,summer weekday,20.41
2024-08-12 20:00:00,20.8557,summer weekday,20.41
2024-08-12 21:00:00,18.6024,summer weekday,20.41
2024-08-12 22:00:00,17.885250000000003,summer weekday,15.84
2024-08-12 23:00:00,17.842200000000002,summer weekday,15.84
2024-08-13 00:00:00,16.610550000000003,summer weekday,15.84
2024-08-13 01:00:00,16.473000000000003,summer weekday,15.84
2024-08-13 02:00:00,16.282950000000003,summer weekday,15.84
2024-08-13 03:00:00,16.2798,summer weekday,15.84
2024-08-13 04:00:00,18.023850000000003,summer weekday,15.84
2024-08-13 05:00:00,20.5743,summer weekday,20.41
2024-08-13 06:00:00,21.41955,summer weekday,20.41
2024-08-13 07:00:00,19.758450000000003,summer weekday,20.41
2024-08-13 08:00:00,16.600050000000003,summer weekday,15.84
2024-08-13 09:00:00,14.38035,summer weekday,15.84
2024-08-13 10:00:00,13.2537,summer weekday,15.84
2024-08-13 11:00:00,11.89605,summer weekday,9.67
2024-08-13 12:00:00,11.61885,summer weekday,9.67
2024-08-13 13:00:00,12.4158,summer weekday,9.67
2024-08-13 14:00:00,14.11575,summer weekday,15.84
2024-08-13 15:00:00,16.41,summer weekday,15.84
2024-08-13 16:00:00,18.405,summer weekday,20.41
2024-08-13 17:00:00,20.0892,summer weekday,20.41
2024-08-13 18:00:00,28.6656,summer weekday,20.41
2024-08-13 19:00:00,28.941750000000003,summer weekday,20.41
2024-08-13 20:00:00,20.914500000000004,summer weekday,20.41
2024-08-13 21:00:00,19.085400000000003,summer weekday,20.41
2024-08-13 22:00:00,18.40395,summer weekday,20.41
2024-08-13 23:00:00,16.59165,summer weekday,15.84
2024-08-14 00:00:00,16.912950000000002,summer weekday,15.84
2024-08-14 01:00:00,16.59165,summer weekday,15.84
2024-08-14 02:00:00,17.187,summer weekday,15.84
2024-08-14 03:00:00,17.208000000000002,summer weekday,15.84
2024-08-14 04:00:00,18.6255,summer weekday,20.41
2024-08-14 05:00:00,21.0027,summer weekday,20.41
2024-08-14 06:00:00,21.725100000000005,summer weekday,20.41
2024-08-14 07:00:00,20.080800000000004,summer weekday,20.41
2024-08-14 08:00:00,18.802950000000003,summer weekday,20.41
2024-08-14 09:00:00,16.1034,summer weekday,15.84
2024-08-14 10:00:00,15.4902,summer weekday,15.84
2024-08-14 11:00:00,15.02925,summer weekday,15.84
2024-08-14 12:00:00,15.2949,summer weekday,15.84
2024-08-14 13:00:00,15.22455,summer weekday,15.84
2024-08-14 14:00:00,15.9627,summer weekday,15.84
2024-08-14 15:00:00,17.2878,summer weekday,15.84
2024-08-14 16:00:00,18.466950000000004,summer weekday,20.41
2024-08-14 17:00:00,19.085400000000003,summer weekday,20.41
2024-08-14 18:00:00,24.32805,summer weekday,20.41
2024-08-14 19:00:00,30.3666,summer weekday,20.41
2024-08-14 20:00:00,22.9935,summer weekday,20.41
2024-08-14 21:00:00,20.025150000000004,summer weekday,20.41
2024-08-14 22:00:00,18.924750000000003,summer weekday,20.41
2024-08-14 23:00:00,18.96465,summer weekday,20.41
2024-08-15 00:00:00,18.8943,summer weekday,20.41
2024-08-15 01:00:00,18.4365,summer weekday,20.41
2024-08-15 02:00:00,17.327700000000004,summer weekday,15.84
2024-08-15 03:00:00,17.462100000000003,summer weekday,15.84
2024-08-15 04:00:00,18.81555,summer weekday,20.41
2024-08-15 05:00:00,19.953750000000003,summer weekday,20.41
2024-08-15 06:00:00,20.054550000000003,summer weekday,20.41
2024-08-15 07:00:00,19.45185,summer weekday,20.41
2024-08-15 08:00:00,16.9476,summer weekday,15.84
2024-08-15 09:00:00,13.5855,summer weekday,15.84
2024-08-15 10:00:00,9.4737,summer weekday,9.67
2024-08-15 11:00:00,8.4153,summer weekday,9.67
2024-08-15 12:00:00,7.381050000000001,summer weekday,9.67
2024-08-15 13:00:00,7.376200000000001,summer weekday,9.67
2024-08-15 14:00:00,7.826250000000001,summer weekday,9.67
2024-08-15 15:00:00,10.88805,summer weekday,9.67
2024-08-15 16:00:00,15.492300000000002,summer weekday,15.84
2024-08-15 17:00:00,19.97265,summer weekday,20.41
2024-08-15 18:00:00,22.34355,summer weekday,20.41
2024-08-15 19:00:00,24.211500000000004,summer weekday,20.41
2024-08-15 20:00:00,22.1682,summer weekday,20.41
2024-08-15 21:00:00,19.86135,summer weekday,20.41
2024-08-15 22:00:00,17.3487,summer weekday,15.84
2024-08-15 23:00:00,18.82185,summer weekday,20.41
2024-08-16 00:00:00,16.491900000000005,summer weekday,15.84
2024-08-16 01:00:00,16.365900000000003,summer weekday,15.84
2024-08-16 02:00:00,16.39215,summer weekday,15.84
2024-08-16 03:00:00,16.594800000000003,summer weekday,15.84
2024-08-16 04:00:00,17.045250000000003,summer weekday,15.84
2024-08-16 05:00:00,20.8641,summer weekday,20.41
2024-08-16 06:00:00,21.54555,summer weekday,20.41
2024-08-16 07:00:00,20.487150000000003,summer weekday,20.41
2024-08-16 08:00:00,17.979750000000003,summer weekday,15.84
2024-08-16 09:00:00,15.37575,summer weekday,15.84
2024-08-16 10:00:00,13.66215,summer weekday,15.84
2024-08-16 11:00:00,12.7014,summer weekday,9.67
2024-08-16 12:00:00,12.62265,summer weekday,9.67
2024-08-16 13:00:00,12.37485,summer weekday,9.67
2024-08-16 14:00:00,13.1718,summer weekday,15.84
2024-08-16 15:00:00,16.060350000000003,summer weekday,15.84
2024-08-16 16:00:00,18.274800000000003,summer weekday,20.41
2024-08-16 17:00:00,21.5466,summer weekday,20.41
2024-08-16 18:00:00,31.5846,summer weekday,20.41
2024-08-16 19:00:00,32.90760000000001,summer weekday,20.41
2024-08-16 20:00:00,25.42215,summer weekday,20.41
2024-08-16 21:00:00,21.5067,summer weekday,20.41
2024-08-16 22:00:00,19.57785,summer weekday,20.41
2024-08-16 23:00:00,18.62655,summer weekday,20.41
2024-08-17 00:00:00,18.852300000000003,summer weekend,17.98
2024-08-17 01:00:00,18.20865,summer weekend,17.98
2024-08-17 02:00:00,18.0711,summer weekend,17.98
2024-08-17 03:00:00,18.991950000000003,summer weekend,17.98
2024-08-17 04:00:00,19.0182,summer weekend,17.98
2024-08-17 05:00:00,18.5835,summer weekend,17.98
2024-08-17 06:00:00,18.296850000000003,summer weekend,17.98
2024-08-17 07:00:00,18.240150000000003,summer weekend,17.98
2024-08-17 08:00:00,16.200000000000003,summer weekend,17.98
2024-08-17 09:00:00,14.67645,summer weekend,13.75
2024-08-17 10:00:00,13.0794,summer weekend,13.75
2024-08-17 11:00:00,12.30765,summer weekend,13.75
2024-08-17 12:00:00,11.65455,summer weekend,13.75
2024-08-17 13:00:00,11.52015,summer weekend,13.75
2024-08-17 14:00:00,11.5338,summer weekend,13.75
2024-08-17 15:00:00,13.584450000000002,summer weekend,13.75
2024-08-17 16:00:00,16.662000000000003,summer weekend,17.98
2024-08-17 17:00:00,19.9464,summer weekend,17.98
2024-08-17 18:00:00,22.138800000000003,summer weekend,17.98
2024-08-17 19:00:00,23.043900000000004,summer weekend,17.98
2024-08-17 20:00:00,20.7129,summer weekend,17.98
2024-08-17 21:00:00,19.6335,summer weekend,17.98
2024-08-17 22:00:00,18.4911,summer weekend,17.98
2024-08-17 23:00:00,19.1211,summer weekend,17.98
2024-08-18 00:00:00,19.224,summer weekend,17.98
2024-08-18 01:00:00,18.527850000000004,summer weekend,17.98
2024-08-18 02:00:00,18.5331,summer weekend,17.98
2024-08-18 03:00:00,18.37875,summer weekend,17.98
2024-08-18 04:00:00,18.401850000000003,summer weekend,17.98
2024-08-18 05:00:00,17.830650000000002,summer weekend,17.98
2024-08-18 06:00:00,17.376,summer weekend,17.98
2024-08-18 07:00:00,16.641000000000002,summer weekend,17.98
2024-08-18 08:00:00,16.023600000000002,summer weekend,17.98
2024-08-18 09:00:00,14.952600000000002,summer weekend,13.75
2024-08-18 10:00:00,14.9946,summer weekend,13.75
2024-08-18 11:00:00,14.31315,summer weekend,13.75
2024-08-18 12:00:00,10.9122,summer weekend,13.75
2024-08-18 13:00:00,9.2406,summer weekend,7.47
2024-08-18 14:00:00,12.7644,summer weekend,13.75
2024-08-18 15:00:00,14.7153,summer weekend,13.75
2024-08-18 16:00:00,16.030950000000004,summer weekend,17.98
2024-08-18 17:00:00,17.234250000000003,summer weekend,17.98
2024-08-18 18:00:00,18.92265,summer weekend,17.98
2024-08-18 19:00:00,19.5264,summer weekend,17.98
2024-08-18 20:00:00,18.912150000000004,summer weekend,17.98
2024-08-18 21:00:00,19.077,summer weekend,17.98
2024-08-18 22:00:00,17.822250000000004,summer weekend,17.98
2024-08-18 23:00:00,17.605950000000004,summer weekend,17.98
2024-08-19 00:00:00,16.840500000000002,summer weekday,15.84
2024-08-19 01:00:00,16.693500000000004,summer weekday,15.84
2024-08-19 02:00:00,16.290300000000002,summer weekday,15.84
2024-08-19 03:00:00,16.2525,summer weekday,15.84
2024-08-19 04:00:00,16.616850000000003,summer weekday,15.84
2024-08-19 05:00:00,20.925000000000004,summer weekday,20.41
2024-08-19 06:00:00,23.374650000000003,summer weekday,20.41
2024-08-19 07:00:00,20.988,summer weekday,20.41
2024-08-19 08:00:00,19.2009,summer weekday,20.41
2024-08-19 09:00:00,17.554500000000004,summer weekday,15.84
2024-08-19 10:00:00,16.8027,summer weekday,15.84
2024-08-19 11:00:00,16.239900000000002,summer weekday,15.84
2024-08-19 12:00:00,15.66135,summer weekday,15.84
2024-08-19 13:00:00,15.80205,summer weekday,15.84
2024-08-19 14:00:00,15.7695,summer weekday,15.84
2024-08-19 15:00:00,16.205250000000003,summer weekday,15.84
2024-08-19 16:00:00,17.953500000000002,summer weekday,15.84
2024-08-19 17:00:00,19.346850000000003,summer weekday,20.41
2024-08-19 18:00:00,28.380000000000003,summer weekday,20.41
2024-08-19 19:00:00,28.782150000000005,summer weekday,20.41
2024-08-19 20:00:00,22.091550000000005,summer weekday,20.41
2024-08-19 21:00:00,17.9661,summer weekday,15.84
2024-08-19 22:00:00,16.431000000000004,summer weekday,15.84
2024-08-19 23:00:00,17.208000000000002,summer weekday,15.84
2024-08-20 00:00:00,16.782750000000004,summer weekday,15.84
2024-08-20 01:00:00,16.672500000000003,summer weekday,15.84
2024-08-20 02:00:00,16.757550000000002,summer weekday,15.84
2024-08-20 03:00:00,16.42995,summer weekday,15.84
2024-08-20 04:00:00,16.82685,summer weekday,15.84
2024-08-20 05:00:00,20.301300000000005,summer weekday,20.41
2024-08-20 06:00:00,21.36915,summer weekday,20.41
2024-08-20 07:00:00,20.291850000000004,summer weekday,20.41
2024-08-20 08:00:00,18.204450000000005,summer weekday,20.41
2024-08-20 09:00:00,15.25605,summer weekday,15.84
2024-08-20 10:00:00,12.64365,summer weekday,9.67
2024-08-20 11:00:00,11.33745,summer weekday,9.67
2024-08-20 12:00:00,9.2931,summer weekday,9.67
2024-08-20 13:00:00,9.517799999999998,summer weekday,9.67
2024-08-20 14:00:00,12.5145,summer weekday,9.67
2024-08-20 15:00:00,16.005750000000003,summer weekday,15.84
2024-08-20 16:00:00,18.352500000000003,summer weekday,20.41
2024-08-20 17:00:00,19.77735,summer weekday,20.41
2024-08-20 18:00:00,24.055050000000005,summer weekday,20.41
2024-08-20 19:00:00,23.624550000000003,summer weekday,20.41
2024-08-20 20:00:00,20.07345,summer weekday,20.41
2024-08-20 21:00:00,18.2811,summer weekday,20.41
2024-08-20 22:00:00,17.6658,summer weekday,15.84
2024-08-20 23:00:00,16.5528,summer weekday,15.84
2024-08-21 00:00:00,15.99,summer weekday,15.84
2024-08-21 01:00:00,14.302650000000002,summer weekday,15.84
2024-08-21 02:00:00,13.26945,summer weekday,15.84
2024-08-21 03:00:00,13.7241,summer weekday,15.84
2024-08-21 04:00:00,13.67475,summer weekday,15.84
2024-08-21 05:00:00,15.9165,summer weekday,15.84
2024-08-21 06:00:00,16.401600000000002,summer weekday,15.84
2024-08-21 07:00:00,16.5549,summer weekday,15.84
2024-08-21 08:00:00,12.9618,summer weekday,15.84
2024-08-21 09:00:00,7.396800000000001,summer weekday,9.67
2024-08-21 10:00:00,6.909750000000001,summer weekday,9.67
2024-08-21 11:00:00,6.144050000000001,summer weekday,9.67
2024-08-21 12:00:00,5.449600000000001,summer weekday,9.67
2024-08-21 13:00:00,5.3584000000000005,summer weekday,9.67
2024-08-21 14:00:00,5.855250000000001,summer weekday,9.67
2024-08-21 15:00:00,6.179200000000001,summer weekday,9.67
2024-08-21 16:00:00,7.591050000000001,summer weekday,9.67
2024-08-21 17:00:00,14.4423,summer weekday,15.84
2024-08-21 18:00:00,18.078450000000004,summer weekday,15.84
2024-08-21 19:00:00,22.116750000000003,summer weekday,20.41
2024-08-21 20:00:00,21.1308,summer weekday,20.41
2024-08-21 21:00:00,18.239100000000004,summer weekday,20.41
2024-08-21 22:00:00,16.373250000000002,summer weekday,15.84
2024-08-21 23:00:00,15.6687,summer weekday,15.84
2024-08-22 00:00:00,15.0492,summer weekday,15.84
2024-08-22 01:00:00,15.8283,summer weekday,15.84
2024-08-22 02:00:00,15.79785,summer weekday,15.84
2024-08-22 03:00:00,14.75415,summer weekday,15.84
2024-08-22 04:00:00,16.349100000000004,summer weekday,15.84
2024-08-22 05:00:00,17.874750000000002,summer weekday,15.84
2024-08-22 06:00:00,20.973300000000005,summer weekday,20.41
2024-08-22 07:00:00,19.25025,summer weekday,20.41
2024-08-22 08:00:00,15.0555,summer weekday,15.84
2024-08-22 09:00:00,8.934,summer weekday,9.67
2024-08-22 10:00:00,7.380000000000001,summer weekday,9.67
2024-08-22 11:00:00,7.3439,summer weekday,9.67
2024-08-22 12:00:00,7.136800000000001,summer weekday,9.67
2024-08-22 13:00:00,7.236550000000001,summer weekday,9.67
2024-08-22 14:00:00,6.966750000000001,summer weekday,9.67
2024-08-22 15:00:00,7.371450000000001,summer weekday,9.67
2024-08-22 16:00:00,9.993449999999998,summer weekday,9.67
2024-08-22 17:00:00,16.773300000000003,summer weekday,15.84
2024-08-22 18:00:00,19.2177,summer weekday,20.41
2024-08-22 19:00:00,19.0875,summer weekday,20.41
2024-08-22 20:00:00,18.92895,summer weekday,20.41
2024-08-22 21:00:00,17.405400000000004,summer weekday,15.84
2024-08-22 22:00:00,15.698099999999998,summer weekday,15.84
2024-08-22 23:00:00,12.8295,summer weekday,15.84
2024-08-23 00:00:00,12.19635,summer weekday,9.67
2024-08-23 01:00:00,11.42355,summer weekday,9.67
2024-08-23 02:00:00,10.1478,summer weekday,9.67
2024-08-23 03:00:00,10.1604,summer weekday,9.67
2024-08-23 04:00:00,10.59195,summer weekday,9.67
2024-08-23 05:00:00,14.1231,summer weekday,15.84
2024-08-23 06:00:00,13.746150000000002,summer weekday,15.84
2024-08-23 07:00:00,11.9622,summer weekday,9.67
2024-08-23 08:00:00,7.806300000000001,summer weekday,9.67
2024-08-23 09:00:00,7.379050000000001,summer weekday,9.67
2024-08-23 10:00:00,7.0028500000000005,summer weekday,9.67
2024-08-23 11:00:00,6.473700000000001,summer weekday,9.67
2024-08-23 12:00:00,5.924600000000001,summer weekday,9.67
2024-08-23 13:00:00,5.80775,summer weekday,9.67
2024-08-23 14:00:00,6.415750000000001,summer weekday,9.67
2024-08-23 15:00:00,6.507900000000001,summer weekday,9.67
2024-08-23 16:00:00,7.377150000000001,summer weekday,9.67
2024-08-23 17:00:00,12.651000000000002,summer weekday,9.67
2024-08-23 18:00:00,17.830650000000002,summer weekday,15.84
2024-08-23 19:00:00,19.82985,summer weekday,20.41
2024-08-23 20:00:00,20.31075,summer weekday,20.41
2024-08-23 21:00:00,19.931700000000003,summer weekday,20.41
2024-08-23 22:00:00,17.932500000000005,summer weekday,15.84
2024-08-23 23:00:00,18.97725,summer weekday,20.41
2024-08-24 00:00:00,18.2769,summer weekend,17.98
2024-08-24 01:00:00,17.924100000000003,summer weekend,17.98
2024-08-24 02:00:00,17.9094,summer weekend,17.98
2024-08-24 03:00:00,17.974500000000003,summer weekend,17.98
2024-08-24 04:00:00,18.447000000000003,summer weekend,17.98
2024-08-24 05:00:00,17.9871,summer weekend,17.98
2024-08-24 06:00:00,18.11415,summer weekend,17.98
2024-08-24 07:00:00,15.3831,summer weekend,13.75
2024-08-24 08:00:00,8.955,summer weekend,7.47
2024-08-24 09:00:00,7.377150000000001,summer weekend,7.47
2024-08-24 10:00:00,6.729250000000001,summer weekend,7.47
2024-08-24 11:00:00,5.605400000000001,summer weekend,7.47
2024-08-24 12:00:00,3.57145,summer weekend,7.47
2024-08-24 13:00:00,3.1829000000000005,summer weekend,7.47
2024-08-24 14:00:00,4.754200000000001,summer weekend,7.47
2024-08-24 15:00:00,6.6057500000000005,summer weekend,7.47
2024-08-24 16:00:00,7.285950000000001,summer weekend,7.47
2024-08-24 17:00:00,14.9064,summer weekend,13.75
2024-08-24 18:00:00,16.989600000000003,summer weekend,17.98
2024-08-24 19:00:00,15.7884,summer weekend,13.75
2024-08-24 20:00:00,14.61555,summer weekend,13.75
2024-08-24 21:00:00,14.1147,summer weekend,13.75
2024-08-24 22:00:00,12.63,summer weekend,13.75
2024-08-24 23:00:00,7.418850000000001,summer weekend,7.47
2024-08-25 00:00:00,7.378100000000001,summer weekend,7.47
2024-08-25 01:00:00,7.347700000000001,summer weekend,7.47
2024-08-25 02:00:00,7.285000000000001,summer weekend,7.47
2024-08-25 03:00:00,7.295450000000001,summer weekend,7.47
2024-08-25 04:00:00,7.3401,summer weekend,7.47
2024-08-25 05:00:00,7.375250000000001,summer weekend,7.47
2024-08-25 06:00:00,7.379050000000001,summer weekend,7.47
2024-08-25 07:00:00,7.379050000000001,summer weekend,7.47
2024-08-25 08:00:00,7.247950000000001,summer weekend,7.47
2024-08-25 09:00:00,6.803350000000001,summer weekend,7.47
2024-08-25 10:00:00,6.4205000000000005,summer weekend,7.47
2024-08-25 11:00:00,5.907500000000001,summer weekend,7.47
2024-08-25 12:00:00,5.479050000000001,summer weekend,7.47
2024-08-25 13:00:00,5.496150000000001,summer weekend,7.47
2024-08-25 14:00:00,6.415750000000001,summer weekend,7.47
2024-08-25 15:00:00,6.904050000000001,summer weekend,7.47
2024-08-25 16:00:00,7.485000000000001,summer weekend,7.47
2024-08-25 17:00:00,16.5192,summer weekend,17.98
2024-08-25 18:00:00,18.930000000000003,summer weekend,17.98
2024-08-25 19:00:00,19.92225,summer weekend,17.98
2024-08-25 20:00:00,18.45645,summer weekend,17.98
2024-08-25 21:00:00,17.8485,summer weekend,17.98
2024-08-25 22:00:00,17.090400000000002,summer weekend,17.98
2024-08-25 23:00:00,17.118750000000002,summer weekend,17.98
2024-08-26 00:00:00,16.373250000000002,summer weekday,15.84
2024-08-26 01:00:00,15.8787,summer weekday,15.84
2024-08-26 02:00:00,16.132800000000003,summer weekday,15.84
2024-08-26 03:00:00,16.03515,summer weekday,15.84
2024-08-26 04:00:00,16.145400000000002,summer weekday,15.84
2024-08-26 05:00:00,19.25655,summer weekday,20.41
2024-08-26 06:00:00,23.517450000000004,summer weekday,20.41
2024-08-26 07:00:00,21.13185,summer weekday,20.41
2024-08-26 08:00:00,17.767650000000003,summer weekday,15.84
2024-08-26 09:00:00,15.465000000000002,summer weekday,15.84
2024-08-26 10:00:00,14.23755,summer weekday,15.84
2024-08-26 11:00:00,9.80235,summer weekday,9.67
2024-08-26 12:00:00,9.22275,summer weekday,9.67
2024-08-26 13:00:00,11.8824,summer weekday,9.67
2024-08-26 14:00:00,14.84025,summer weekday,15.84
2024-08-26 15:00:00,16.620000000000005,summer weekday,15.84
2024-08-26 16:00:00,17.824350000000003,summer weekday,15.84
2024-08-26 17:00:00,19.6461,summer weekday,20.41
2024-08-26 18:00:00,27.36255,summer weekday,20.41
2024-08-26 19:00:00,31.641300000000005,summer weekday,20.41
2024-08-26 20:00:00,22.4811,summer weekday,20.41
2024-08-26 21:00:00,19.0203,summer weekday,20.41
2024-08-26 22:00:00,18.671700000000005,summer weekday,20.41
2024-08-26 23:00:00,17.713050000000003,summer weekday,15.84
2024-08-27 00:00:00,16.82055,summer weekday,15.84
2024-08-27 01:00:00,16.457250000000002,summer weekday,15.84
2024-08-27 02:00:00,16.5465,summer weekday,15.84
2024-08-27 03:00:00,16.735500000000002,summer weekday,15.84
2024-08-27 04:00:00,17.896800000000002,summer weekday,15.84
2024-08-27 05:00:00,20.5848,summer weekday,20.41
2024-08-27 06:00:00,21.868950000000005,summer weekday,20.41
2024-08-27 07:00:00,19.56105,summer weekday,20.41
2024-08-27 08:00:00,16.823700000000002,summer weekday,15.84
2024-08-27 09:00:00,15.1206,summer weekday,15.84
2024-08-27 10:00:00,10.43865,summer weekday,9.67
2024-08-27 11:00:00,7.912350000000001,summer weekday,9.67
2024-08-27 12:00:00,7.503900000000001,summer weekday,9.67
2024-08-27 13:00:00,7.624650000000001,summer weekday,9.67
2024-08-27 14:00:00,9.842249999999998,summer weekday,9.67
2024-08-27 15:00:00,12.8925,summer weekday,15.84
2024-08-27 16:00:00,16.69455,summer weekday,15.84
2024-08-27 17:00:00,19.5663,summer weekday,20.41
2024-08-27 18:00:00,31.766250000000007,summer weekday,20.41
2024-08-27 19:00:00,30.2616,summer weekday,20.41
2024-08-27 20:00:00,20.0346,summer weekday,20.41
2024-08-27 21:00:00,18.42705,summer weekday,20.41
2024-08-27 22:00:00,17.089350000000003,summer weekday,15.84
2024-08-27 23:00:00,16.879350000000002,summer weekday,15.84
2024-08-28 00:00:00,16.967550000000003,summer weekday,15.84
2024-08-28 01:00:00,16.565400000000004,summer weekday,15.84
2024-08-28 02:00:00,16.746000000000002,summer weekday,15.84
2024-08-28 03:00:00,17.012700000000002,summer weekday,15.84
2024-08-28 04:00:00,17.07675,summer weekday,15.84
2024-08-28 05:00:00,19.453950000000003,summer weekday,20.41
2024-08-28 06:00:00,20.87985,summer weekday,20.41
2024-08-28 07:00:00,20.085,summer weekday,20.41
2024-08-28 08:00:00,18.447000000000003,summer weekday,20.41
2024-08-28 09:00:00,16.573800000000002,summer weekday,15.84
2024-08-28 10:00:00,14.6019,summer weekday,15.84
2024-08-28 11:00:00,11.0697,summer weekday,9.67
2024-08-28 12:00:00,8.472,summer weekday,9.67
2024-08-28 13:00:00,8.23785,summer weekday,9.67
2024-08-28 14:00:00,13.1382,summer weekday,15.84
2024-08-28 15:00:00,15.6288,summer weekday,15.84
2024-08-28 16:00:00,17.078850000000003,summer weekday,15.84
2024-08-28 17:00:00,19.09485,summer weekday,20.41
2024-08-28 18:00:00,28.58055,summer weekday,20.41
2024-08-28 19:00:00,28.80315,summer weekday,20.41
2024-08-28 20:00:00,20.488200000000003,summer weekday,20.41
2024-08-28 21:00:00,19.1148,summer weekday,20.41
2024-08-28 22:00:00,17.8485,summer weekday,15.84
2024-08-28 23:00:00,17.200650000000003,summer weekday,15.84
2024-08-29 00:00:00,17.2479,summer weekday,15.84
2024-08-29 01:00:00,16.81005,summer weekday,15.84
2024-08-29 02:00:00,16.6914,summer weekday,15.84
2024-08-29 03:00:00,16.763850000000005,summer weekday,15.84
2024-08-29 04:00:00,18.00915,summer weekday,15.84
2024-08-29 05:00:00,20.5533,summer weekday,20.41
2024-08-29 06:00:00,21.49935,summer weekday,20.41
2024-08-29 07:00:00,20.6352,summer weekday,20.41
2024-08-29 08:00:00,18.79455,summer weekday,20.41
2024-08-29 09:00:00,17.05995,summer weekday,15.84
2024-08-29 10:00:00,16.242000000000004,summer weekday,15.84
2024-08-29 11:00:00,14.2869,summer weekday,15.84
2024-08-29 12:00:00,12.13125,summer weekday,9.67
2024-08-29 13:00:00,12.7686,summer weekday,15.84
2024-08-29 14:00:00,15.72225,summer weekday,15.84
2024-08-29 15:00:00,16.845750000000002,summer weekday,15.84
2024-08-29 16:00:00,18.444900000000004,summer weekday,20.41
2024-08-29 17:00:00,20.348550000000003,summer weekday,20.41
2024-08-29 18:00:00,31.26645000000001,summer weekday,20.41
2024-08-29 19:00:00,37.75335,summer weekday,20.41
2024-08-29 20:00:00,25.13445,summer weekday,20.41
2024-08-29 21:00:00,20.505000000000003,summer weekday,20.41
2024-08-29 22:00:00,18.940500000000004,summer weekday,20.41
2024-08-29 23:00:00,18.9174,summer weekday,20.41
2024-08-30 00:00:00,17.9115,summer weekday,15.84
2024-08-30 01:00:00,17.200650000000003,summer weekday,15.84
2024-08-30 02:00:00,17.174400000000002,summer weekday,15.84
2024-08-30 03:00:00,17.630100000000002,summer weekday,15.84
2024-08-30 04:00:00,18.65385,summer weekday,20.41
2024-08-30 05:00:00,21.747150000000005,summer weekday,20.41
2024-08-30 06:00:00,23.241300000000003,summer weekday,20.41
2024-08-30 07:00:00,21.40275,summer weekday,20.41
2024-08-30 08:00:00,19.318500000000004,summer weekday,20.41
2024-08-30 09:00:00,17.695200000000003,summer weekday,15.84
2024-08-30 10:00:00,16.82475,summer weekday,15.84
2024-08-30 11:00:00,16.423650000000002,summer weekday,15.84
2024-08-30 12:00:00,15.801,summer weekday,15.84
2024-08-30 13:00:00,15.6834,summer weekday,15.84
2024-08-30 14:00:00,15.987900000000002,summer weekday,15.84
2024-08-30 15:00:00,16.44675,summer weekday,15.84
2024-08-30 16:00:00,18.085800000000003,summer weekday,15.84
2024-08-30 17:00:00,19.97895,summer weekday,20.41
2024-08-30 18:00:00,23.771550000000005,summer weekday,20.41
2024-08-30 19:00:00,21.79545,summer weekday,20.41
2024-08-30 20:00:00,19.214550000000003,summer weekday,20.41
2024-08-30 21:00:00,17.547150000000002,summer weekday,15.84
2024-08-30 22:00:00,17.3928,summer weekday,15.84
2024-08-30 23:00:00,18.685350000000003,summer weekday,20.41
2024-08-31 00:00:00,18.451200000000004,summer weekend,17.98
2024-08-31 01:00:00,18.096300000000003,summer weekend,17.98
2024-08-31 02:00:00,17.779200000000003,summer weekend,17.98
2024-08-31 03:00:00,17.528250000000003,summer weekend,17.98
2024-08-31 04:00:00,17.67735,summer weekend,17.98
2024-08-31 05:00:00,18.92685,summer weekend,17.98
2024-08-31 06:00:00,19.008750000000003,summer weekend,17.98
2024-08-31 07:00:00,18.92685,summer weekend,17.98
2024-08-31 08:00:00,16.2966,summer weekend,17.98
2024-08-31 09:00:00,13.69365,summer weekend,13.75
2024-08-31 10:00:00,9.3057,summer weekend,7.47
2024-08-31 11:00:00,7.42935,summer weekend,7.47
2024-08-31 12:00:00,7.323950000000001,summer weekend,7.47
2024-08-31 13:00:00,7.304000000000001,summer weekend,7.47
2024-08-31 14:00:00,7.647750000000001,summer weekend,7.47
2024-08-31 15:00:00,9.869549999999998,summer weekend,7.47
2024-08-31 16:00:00,15.782099999999998,summer weekend,13.75
2024-08-31 17:00:00,19.696500000000004,summer weekend,17.98
2024-08-31 18:00:00,22.95045,summer weekend,17.98
2024-08-31 19:00:00,20.691900000000004,summer weekend,17.98
2024-08-31 20:00:00,18.645450000000004,summer weekend,17.98
2024-08-31 21:00:00,17.864250000000002,summer weekend,17.98
2024-08-31 22:00:00,16.749150000000004,summer weekend,17.98
2024-08-31 23:00:00,17.224800000000002,summer weekend,17.98
2024-09-01 00:00:00,16.4079,summer weekend,17.98
2024-09-01 01:00:00,15.81885,summer weekend,13.75
2024-09-01 02:00:00,15.7947,summer weekend,13.75
2024-09-01 03:00:00,15.906,summer weekend,17.98
2024-09-01 04:00:00,15.7968,summer weekend,13.75
2024-09-01 05:00:00,15.726450000000002,summer weekend,13.75
2024-09-01 06:00:00,15.0555,summer weekend,13.75
2024-09-01 07:00:00,13.746150000000002,summer weekend,13.75
2024-09-01 08:00:00,11.71335,summer weekend,13.75
2024-09-01 09:00:00,8.71665,summer weekend,7.47
2024-09-01 10:00:00,7.304950000000001,summer weekend,7.47
2024-09-01 11:00:00,6.508850000000001,summer weekend,7.47
2024-09-01 12:00:00,5.1000000000000005,summer weekend,7.47
2024-09-01 13:00:00,5.4857000000000005,summer weekend,7.47
2024-09-01 14:00:00,6.905950000000001,summer weekend,7.47
2024-09-01 15:00:00,10.0638,summer weekend,7.47
2024-09-01 16:00:00,15.5994,summer weekend,13.75
2024-09-01 17:00:00,18.836550000000003,summer weekend,17.98
2024-09-01 18:00:00,21.198000000000004,summer weekend,17.98
2024-09-01 19:00:00,20.39055,summer weekend,17.98
2024-09-01 20:00:00,18.68115,summer weekend,17.98
2024-09-01 21:00:00,18.0921,summer weekend,17.98
2024-09-01 22:00:00,16.9875,summer weekend,17.98
2024-09-01 23:00:00,16.9602,summer weekend,17.98
2024-09-02 00:00:00,17.33085,summer weekday,15.84
2024-09-02 01:00:00,17.08095,summer weekday,15.84
2024-09-02 02:00:00,17.093550000000004,summer weekday,15.84
2024-09-02 03:00:00,16.996950000000002,summer weekday,15.84
2024-09-02 04:00:00,18.0396,summer weekday,15.84
2024-09-02 05:00:00,19.42665,summer weekday,20.41
2024-09-02 06:00:00,21.549750000000003,summer weekday,20.41
2024-09-02 07:00:00,21.2337,summer weekday,20.41
2024-09-02 08:00:00,20.2572,summer weekday,20.41
2024-09-02 09:00:00,18.17715,summer weekday,20.41
2024-09-02 10:00:00,16.9161,summer weekday,15.84
2024-09-02 11:00:00,16.31025,summer weekday,15.84
2024-09-02 12:00:00,15.90495,summer weekday,15.84
2024-09-02 13:00:00,16.161150000000003,summer weekday,15.84
2024-09-02 14:00:00,16.645200000000003,summer weekday,15.84
2024-09-02 15:00:00,17.21115,summer weekday,15.84
2024-09-02 16:00:00,19.2324,summer weekday,20.41
2024-09-02 17:00:00,21.8469,summer weekday,20.41
2024-09-02 18:00:00,34.197,summer weekday,20.41
2024-09-02 19:00:00,29.646300000000004,summer weekday,20.41
2024-09-02 20:00:00,21.229500000000005,summer weekday,20.41
2024-09-02 21:00:00,19.375200000000003,summer weekday,20.41
2024-09-02 22:00:00,18.2832,summer weekday,20.41
2024-09-02 23:00:00,17.838,summer weekday,15.84
2024-09-03 00:00:00,17.1555,summer weekday,15.84
2024-09-03 01:00:00,16.993800000000004,summer weekday,15.84
2024-09-03 02:00:00,17.173350000000003,summer weekday,15.84
2024-09-03 03:00:00,17.485200000000003,summer weekday,15.84
2024-09-03 04:00:00,18.161400000000004,summer weekday,20.41
2024-09-03 05:00:00,21.78705,summer weekday,20.41
2024-09-03 06:00:00,23.241300000000003,summer weekday,20.41
2024-09-03 07:00:00,21.444750000000003,summer weekday,20.41
2024-09-03 08:00:00,19.557900000000004,summer weekday,20.41
2024-09-03 09:00:00,17.762400000000003,summer weekday,15.84
2024-09-03 10:00:00,16.8321,summer weekday,15.84
2024-09-03 11:00:00,16.284000000000002,summer weekday,15.84
2024-09-03 12:00:00,16.062450000000002,summer weekday,15.84
2024-09-03 13:00:00,16.21365,summer weekday,15.84
2024-09-03 14:00:00,16.48035,summer weekday,15.84
2024-09-03 15:00:00,16.957050000000002,summer weekday,15.84
2024-09-03 16:00:00,20.392650000000003,summer weekday,20.41
2024-09-03 17:00:00,38.88105,summer weekday,20.41
2024-09-03 18:00:00,76.29885,summer weekday,20.41
2024-09-03 19:00:00,62.0136,summer weekday,20.41
2024-09-03 20:00:00,30.16185,summer weekday,20.41
2024-09-03 21:00:00,21.366,summer weekday,20.41
2024-09-03 22:00:00,19.7238,summer weekday,20.41
2024-09-03 23:00:00,18.73785,summer weekday,20.41
2024-09-04 00:00:00,17.9871,summer weekday,15.84
2024-09-04 01:00:00,17.778150000000004,summer weekday,15.84
2024-09-04 02:00:00,17.877900000000004,summer weekday,15.84
2024-09-04 03:00:00,17.7813,summer weekday,15.84
2024-09-04 04:00:00,18.863850000000003,summer weekday,20.41
2024-09-04 05:00:00,22.5021,summer weekday,20.41
2024-09-04 06:00:00,26.4018,summer weekday,20.41
2024-09-04 07:00:00,23.74845,summer weekday,20.41
2024-09-04 08:00:00,20.53545,summer weekday,20.41
2024-09-04 09:00:00,18.63705,summer weekday,20.41
2024-09-04 10:00:00,17.4663,summer weekday,15.84
2024-09-04 11:00:00,17.040000000000003,summer weekday,15.84
2024-09-04 12:00:00,16.88145,summer weekday,15.84
2024-09-04 13:00:00,16.746000000000002,summer weekday,15.84
2024-09-04 14:00:00,17.1156,summer weekday,15.84
2024-09-04 15:00:00,18.07425,summer weekday,15.84
2024-09-04 16:00:00,20.396850000000004,summer weekday,20.41
2024-09-04 17:00:00,23.7285,summer weekday,20.41
2024-09-04 18:00:00,40.98734999999999,summer weekday,20.41
2024-09-04 19:00:00,27.24915,summer weekday,20.41
2024-09-04 20:00:00,21.0741,summer weekday,20.41
2024-09-04 21:00:00,18.78195,summer weekday,20.41
2024-09-04 22:00:00,17.835900000000002,summer weekday,15.84
2024-09-04 23:00:00,18.013350000000003,summer weekday,15.84
2024-09-05 00:00:00,17.313000000000002,summer weekday,15.84
2024-09-05 01:00:00,16.830000000000002,summer weekday,15.84
2024-09-05 02:00:00,16.526550000000004,summer weekday,15.84
2024-09-05 03:00:00,15.876600000000002,summer weekday,15.84
2024-09-05 04:00:00,16.273500000000002,summer weekday,15.84
2024-09-05 05:00:00,18.830250000000003,summer weekday,20.41
2024-09-05 06:00:00,19.308,summer weekday,20.41
2024-09-05 07:00:00,19.8792,summer weekday,20.41
2024-09-05 08:00:00,17.636400000000002,summer weekday,15.84
2024-09-05 09:00:00,14.8392,summer weekday,15.84
2024-09-05 10:00:00,7.39155,summer weekday,9.67
2024-09-05 11:00:00,7.090250000000001,summer weekday,9.67
2024-09-05 12:00:00,6.2685,summer weekday,9.67
2024-09-05 13:00:00,5.510400000000001,summer weekday,9.67
2024-09-05 14:00:00,6.713100000000001,summer weekday,9.67
2024-09-05 15:00:00,7.379050000000001,summer weekday,9.67
2024-09-05 16:00:00,11.17365,summer weekday,9.67
2024-09-05 17:00:00,16.299750000000003,summer weekday,15.84
2024-09-05 18:00:00,17.852700000000002,summer weekday,15.84
2024-09-05 19:00:00,17.137650000000004,summer weekday,15.84
2024-09-05 20:00:00,15.7905,summer weekday,15.84
2024-09-05 21:00:00,15.78315,summer weekday,15.84
2024-09-05 22:00:00,14.16405,summer weekday,15.84
2024-09-05 23:00:00,14.18295,summer weekday,15.84
2024-09-06 00:00:00,13.785,summer weekday,15.84
2024-09-06 01:00:00,12.7581,summer weekday,15.84
2024-09-06 02:00:00,12.4809,summer weekday,9.67
2024-09-06 03:00:00,13.44375,summer weekday,15.84
2024-09-06 04:00:00,14.7153,summer weekday,15.84
2024-09-06 05:00:00,17.17545,summer weekday,15.84
2024-09-06 06:00:00,19.925400000000003,summer weekday,20.41
2024-09-06 07:00:00,20.018850000000004,summer weekday,20.41
2024-09-06 08:00:00,17.889450000000004,summer weekday,15.84
2024-09-06 09:00:00,15.78,summer weekday,15.84
2024-09-06 10:00:00,13.62855,summer weekday,15.84
2024-09-06 11:00:00,10.6917,summer weekday,9.67
2024-09-06 12:00:00,8.6904,summer weekday,9.67
2024-09-06 13:00:00,8.90565,summer weekday,9.67
2024-09-06 14:00:00,10.5363,summer weekday,9.67
2024-09-06 15:00:00,14.8539,summer weekday,15.84
2024-09-06 16:00:00,16.573800000000002,summer weekday,15.84
2024-09-06 17:00:00,17.908350000000002,summer weekday,15.84
2024-09-06 18:00:00,20.925000000000004,summer weekday,20.41
2024-09-06 19:00:00,21.711450000000003,summer weekday,20.41
2024-09-06 20:00:00,17.854800000000004,summer weekday,15.84
2024-09-06 21:00:00,17.3928,summer weekday,15.84
2024-09-06 22:00:00,17.132400000000004,summer weekday,15.84
2024-09-06 23:00:00,18.13935,summer weekday,20.41
2024-09-07 00:00:00,17.554500000000004,summer weekend,17.98
2024-09-07 01:00:00,17.491500000000002,summer weekend,17.98
2024-09-07 02:00:00,17.38755,summer weekend,17.98
2024-09-07 03:00:00,17.700450000000004,summer weekend,17.98
2024-09-07 04:00:00,17.9871,summer weekend,17.98
2024-09-07 05:00:00,18.2874,summer weekend,17.98
2024-09-07 06:00:00,18.374550000000003,summer weekend,17.98
2024-09-07 07:00:00,17.401200000000003,summer weekend,17.98
2024-09-07 08:00:00,16.219950000000004,summer weekend,17.98
2024-09-07 09:00:00,12.7896,summer weekend,13.75
2024-09-07 10:00:00,8.867849999999999,summer weekend,7.47
2024-09-07 11:00:00,7.955400000000001,summer weekend,7.47
2024-09-07 12:00:00,7.487100000000001,summer weekend,7.47
2024-09-07 13:00:00,7.426200000000001,summer weekend,7.47
2024-09-07 14:00:00,8.26305,summer weekend,7.47
2024-09-07 15:00:00,12.5901,summer weekend,13.75
2024-09-07 16:00:00,18.027,summer weekend,17.98
2024-09-07 17:00:00,20.87985,summer weekend,17.98
2024-09-07 18:00:00,23.172000000000004,summer weekend,17.98
2024-09-07 19:00:00,21.345,summer weekend,17.98
2024-09-07 20:00:00,18.079500000000003,summer weekend,17.98
2024-09-07 21:00:00,17.073600000000003,summer weekend,17.98
2024-09-07 22:00:00,16.750200000000003,summer weekend,17.98
2024-09-07 23:00:00,17.240550000000002,summer weekend,17.98
2024-09-08 00:00:00,16.4583,summer weekend,17.98
2024-09-08 01:00:00,16.166400000000003,summer weekend,17.98
2024-09-08 02:00:00,15.99,summer weekend,17.98
2024-09-08 03:00:00,16.030950000000004,summer weekend,17.98
2024-09-08 04:00:00,16.3155,summer weekend,17.98
2024-09-08 05:00:00,16.132800000000003,summer weekend,17.98
2024-09-08 06:00:00,15.99735,summer weekend,17.98
2024-09-08 07:00:00,15.436650000000002,summer weekend,13.75
2024-09-08 08:00:00,11.6409,summer weekend,13.75
2024-09-08 09:00:00,8.250449999999999,summer weekend,7.47
2024-09-08 10:00:00,7.426200000000001,summer weekend,7.47
2024-09-08 11:00:00,7.384200000000001,summer weekend,7.47
2024-09-08 12:00:00,7.381050000000001,summer weekend,7.47
2024-09-08 13:00:00,7.501800000000001,summer weekend,7.47
2024-09-08 14:00:00,7.71285,summer weekend,7.47
2024-09-08 15:00:00,13.5351,summer weekend,13.75
2024-09-08 16:00:00,17.45895,summer weekend,17.98
2024-09-08 17:00:00,19.93275,summer weekend,17.98
2024-09-08 18:00:00,20.415750000000003,summer weekend,17.98
2024-09-08 19:00:00,20.832600000000003,summer weekend,17.98
2024-09-08 20:00:00,19.686000000000003,summer weekend,17.98
2024-09-08 21:00:00,18.489,summer weekend,17.98
2024-09-08 22:00:00,17.57865,summer weekend,17.98
2024-09-08 23:00:00,16.45305,summer weekend,17.98
2024-09-09 00:00:00,16.384800000000002,summer weekday,15.84
2024-09-09 01:00:00,16.210500000000003,summer weekday,15.84
2024-09-09 02:00:00,15.993149999999998,summer weekday,15.84
2024-09-09 03:00:00,16.316550000000003,summer weekday,15.84
2024-09-09 04:00:00,16.387950000000004,summer weekday,15.84
2024-09-09 05:00:00,19.81935,summer weekday,20.41
2024-09-09 06:00:00,22.145100000000003,summer weekday,20.41
2024-09-09 07:00:00,24.134850000000004,summer weekday,20.41
2024-09-09 08:00:00,20.9964,summer weekday,20.41
2024-09-09 09:00:00,19.02135,summer weekday,20.41
2024-09-09 10:00:00,17.957700000000003,summer weekday,15.84
2024-09-09 11:00:00,17.3529,summer weekday,15.84
2024-09-09 12:00:00,16.74285,summer weekday,15.84
2024-09-09 13:00:00,15.9963,summer weekday,15.84
2024-09-09 14:00:00,16.1979,summer weekday,15.84
2024-09-09 15:00:00,15.6414,summer weekday,15.84
2024-09-09 16:00:00,17.124000000000002,summer weekday,15.84
2024-09-09 17:00:00,19.260750000000005,summer weekday,20.41
2024-09-09 18:00:00,19.408800000000003,summer weekday,20.41
2024-09-09 19:00:00,19.090650000000004,summer weekday,20.41
2024-09-09 20:00:00,17.462100000000003,summer weekday,15.84
2024-09-09 21:00:00,16.6137,summer weekday,15.84
2024-09-09 22:00:00,15.7296,summer weekday,15.84
2024-09-09 23:00:00,14.4507,summer weekday,15.84
2024-09-10 00:00:00,13.65795,summer weekday,15.84
2024-09-10 01:00:00,13.83435,summer weekday,15.84
2024-09-10 02:00:00,13.8228,summer weekday,15.84
2024-09-10 03:00:00,14.4465,summer weekday,15.84
2024-09-10 04:00:00,15.876600000000002,summer weekday,15.84
2024-09-10 05:00:00,18.207600000000003,summer weekday,20.41
2024-09-10 06:00:00,21.0195,summer weekday,20.41
2024-09-10 07:00:00,19.4487,summer weekday,20.41
2024-09-10 08:00:00,17.880000000000003,summer weekday,15.84
2024-09-10 09:00:00,13.6716,summer weekday,15.84
2024-09-10 10:00:00,8.3796,summer weekday,9.67
2024-09-10 11:00:00,7.384200000000001,summer weekday,9.67
2024-09-10 12:00:00,7.373350000000001,summer weekday,9.67
2024-09-10 13:00:00,7.364800000000001,summer weekday,9.67
2024-09-10 14:00:00,7.376200000000001,summer weekday,9.67
2024-09-10 15:00:00,7.403100000000001,summer weekday,9.67
2024-09-10 16:00:00,9.66585,summer weekday,9.67
2024-09-10 17:00:00,15.822,summer weekday,15.84
2024-09-10 18:00:00,17.135550000000002,summer weekday,15.84
2024-09-10 19:00:00,16.12125,summer weekday,15.84
2024-09-10 20:00:00,15.9921,summer weekday,15.84
2024-09-10 21:00:00,15.426149999999998,summer weekday,15.84
2024-09-10 22:00:00,14.1399,summer weekday,15.84
2024-09-10 23:00:00,11.58,summer weekday,9.67
2024-09-11 00:00:00,11.57055,summer weekday,9.67
2024-09-11 01:00:00,10.84395,summer weekday,9.67
2024-09-11 02:00:00,10.92165,summer weekday,9.67
2024-09-11 03:00:00,11.46765,summer weekday,9.67
2024-09-11 04:00:00,13.8438,summer weekday,15.84
2024-09-11 05:00:00,16.492950000000004,summer weekday,15.84
2024-09-11 06:00:00,17.62275,summer weekday,15.84
2024-09-11 07:00:00,19.0056,summer weekday,20.41
2024-09-11 08:00:00,17.628,summer weekday,15.84
2024-09-11 09:00:00,15.44505,summer weekday,15.84
2024-09-11 10:00:00,14.46855,summer weekday,15.84
2024-09-11 11:00:00,13.93725,summer weekday,15.84
2024-09-11 12:00:00,14.08425,summer weekday,15.84
2024-09-11 13:00:00,14.625000000000002,summer weekday,15.84
2024-09-11 14:00:00,14.630249999999998,summer weekday,15.84
2024-09-11 15:00:00,15.43875,summer weekday,15.84
2024-09-11 16:00:00,18.02595,summer weekday,15.84
2024-09-11 17:00:00,19.469700000000003,summer weekday,20.41
2024-09-11 18:00:00,22.380300000000005,summer weekday,20.41
2024-09-11 19:00:00,21.907800000000005,summer weekday,20.41
2024-09-11 20:00:00,19.469700000000003,summer weekday,20.41
2024-09-11 21:00:00,18.19185,summer weekday,20.41
2024-09-11 22:00:00,18.03645,summer weekday,15.84
2024-09-11 23:00:00,16.8363,summer weekday,15.84
2024-09-12 00:00:00,16.210500000000003,summer weekday,15.84
2024-09-12 01:00:00,16.192650000000004,summer weekday,15.84
2024-09-12 02:00:00,16.142250000000004,summer weekday,15.84
2024-09-12 03:00:00,16.307100000000002,summer weekday,15.84
2024-09-12 04:00:00,16.506600000000002,summer weekday,15.84
2024-09-12 05:00:00,18.7158,summer weekday,20.41
2024-09-12 06:00:00,21.548700000000004,summer weekday,20.41
2024-09-12 07:00:00,21.6537,summer weekday,20.41
2024-09-12 08:00:00,18.2328,summer weekday,20.41
2024-09-12 09:00:00,16.305000000000003,summer weekday,15.84
2024-09-12 10:00:00,15.82305,summer weekday,15.84
2024-09-12 11:00:00,15.6351,summer weekday,15.84
2024-09-12 12:00:00,15.59415,summer weekday,15.84
2024-09-12 13:00:00,15.79155,summer weekday,15.84
2024-09-12 14:00:00,16.29765,summer weekday,15.84
2024-09-12 15:00:00,17.005350000000004,summer weekday,15.84
2024-09-12 16:00:00,18.902700000000003,summer weekday,20.41
2024-09-12 17:00:00,22.62495,summer weekday,20.41
2024-09-12 18:00:00,38.88105,summer weekday,20.41
2024-09-12 19:00:00,33.6321,summer weekday,20.41
2024-09-12 20:00:00,20.505000000000003,summer weekday,20.41
2024-09-12 21:00:00,17.824350000000003,summer weekday,15.84
2024-09-12 22:00:00,17.044200000000004,summer weekday,15.84
2024-09-12 23:00:00,17.87685,summer weekday,15.84
2024-09-13 00:00:00,16.989600000000003,summer weekday,15.84
2024-09-13 01:00:00,16.54755,summer weekday,15.84
2024-09-13 02:00:00,16.489800000000002,summer weekday,15.84
2024-09-13 03:00:00,16.26615,summer weekday,15.84
2024-09-13 04:00:00,16.611600000000003,summer weekday,15.84
2024-09-13 05:00:00,17.93145,summer weekday,15.84
2024-09-13 06:00:00,19.9758,summer weekday,20.41
2024-09-13 07:00:00,21.265200000000004,summer weekday,20.41
2024-09-13 08:00:00,19.5852,summer weekday,20.41
2024-09-13 09:00:00,18.146700000000003,summer weekday,20.41
2024-09-13 10:00:00,17.35395,summer weekday,15.84
2024-09-13 11:00:00,16.677750000000003,summer weekday,15.84
2024-09-13 12:00:00,15.5175,summer weekday,15.84
2024-09-13 13:00:00,14.4108,summer weekday,15.84
2024-09-13 14:00:00,14.961,summer weekday,15.84
2024-09-13 15:00:00,15.1815,summer weekday,15.84
2024-09-13 16:00:00,15.76425,summer weekday,15.84
2024-09-13 17:00:00,17.50935,summer weekday,15.84
2024-09-13 18:00:00,17.880000000000003,summer weekday,15.84
2024-09-13 19:00:00,17.276250000000005,summer weekday,15.84
2024-09-13 20:00:00,16.25985,summer weekday,15.84
2024-09-13 21:00:00,15.7065,summer weekday,15.84
2024-09-13 22:00:00,13.78395,summer weekday,15.84
2024-09-13 23:00:00,13.21905,summer weekday,15.84
2024-09-14 00:00:00,12.63105,summer weekend,13.75
2024-09-14 01:00:00,11.92965,summer weekend,13.75
2024-09-14 02:00:00,12.1239,summer weekend,13.75
2024-09-14 03:00:00,12.2835,summer weekend,13.75
2024-09-14 04:00:00,12.02835,summer weekend,13.75
2024-09-14 05:00:00,13.19175,summer weekend,13.75
2024-09-14 06:00:00,14.205,summer weekend,13.75
2024-09-14 07:00:00,15.3117,summer weekend,13.75
2024-09-14 08:00:00,14.373,summer weekend,13.75
2024-09-14 09:00:00,11.6871,summer weekend,13.75
2024-09-14 10:00:00,8.228399999999999,summer weekend,7.47
2024-09-14 11:00:00,7.470300000000001,summer weekend,7.47
2024-09-14 12:00:00,7.374300000000001,summer weekend,7.47
2024-09-14 13:00:00,7.3363,summer weekend,7.47
2024-09-14 14:00:00,7.373350000000001,summer weekend,7.47
2024-09-14 15:00:00,8.3817,summer weekend,7.47
2024-09-14 16:00:00,14.21445,summer weekend,13.75
2024-09-14 17:00:00,17.290950000000002,summer weekend,17.98
2024-09-14 18:00:00,20.670900000000003,summer weekend,17.98
2024-09-14 19:00:00,19.754250000000003,summer weekend,17.98
2024-09-14 20:00:00,18.204450000000005,summer weekend,17.98
2024-09-14 21:00:00,17.223750000000003,summer weekend,17.98
2024-09-14 22:00:00,16.2798,summer weekend,17.98
2024-09-14 23:00:00,15.581550000000002,summer weekend,13.75
2024-09-15 00:00:00,14.73735,summer weekend,13.75
2024-09-15 01:00:00,14.373,summer weekend,13.75
2024-09-15 02:00:00,14.430750000000002,summer weekend,13.75
2024-09-15 03:00:00,14.0643,summer weekend,13.75
2024-09-15 04:00:00,14.26905,summer weekend,13.75
2024-09-15 05:00:00,14.6439,summer weekend,13.75
2024-09-15 06:00:00,16.349100000000004,summer weekend,17.98
2024-09-15 07:00:00,15.4608,summer weekend,13.75
2024-09-15 08:00:00,13.05735,summer weekend,13.75
2024-09-15 09:00:00,8.5266,summer weekend,7.47
2024-09-15 10:00:00,7.38735,summer weekend,7.47
2024-09-15 11:00:00,7.380000000000001,summer weekend,7.47
2024-09-15 12:00:00,7.379050000000001,summer weekend,7.47
2024-09-15 13:00:00,7.341050000000001,summer weekend,7.47
2024-09-15 14:00:00,7.354350000000001,summer weekend,7.47
2024-09-15 15:00:00,9.4485,summer weekend,7.47
2024-09-15 16:00:00,16.016250000000003,summer weekend,17.98
2024-09-15 17:00:00,19.224,summer weekend,17.98
2024-09-15 18:00:00,21.3618,summer weekend,17.98
2024-09-15 19:00:00,20.358,summer weekend,17.98
2024-09-15 20:00:00,19.2114,summer weekend,17.98
2024-09-15 21:00:00,18.62655,summer weekend,17.98
2024-09-15 22:00:00,17.103,summer weekend,17.98
2024-09-15 23:00:00,17.14395,summer weekend,17.98
2024-09-16 00:00:00,16.634700000000002,summer weekday,15.84
2024-09-16 01:00:00,16.542300000000004,summer weekday,15.84
2024-09-16 02:00:00,16.29765,summer weekday,15.84
2024-09-16 03:00:00,16.235700000000005,summer weekday,15.84
2024-09-16 04:00:00,16.65255,summer weekday,15.84
2024-09-16 05:00:00,19.03185,summer weekday,20.41
2024-09-16 06:00:00,21.03,summer weekday,20.41
2024-09-16 07:00:00,22.716300000000004,summer weekday,20.41
2024-09-16 08:00:00,20.652000000000005,summer weekday,20.41
2024-09-16 09:00:00,19.20615,summer weekday,20.41
2024-09-16 10:00:00,18.4071,summer weekday,20.41
2024-09-16 11:00:00,17.462100000000003,summer weekday,15.84
2024-09-16 12:00:00,16.50345,summer weekday,15.84
2024-09-16 13:00:00,15.870300000000002,summer weekday,15.84
2024-09-16 14:00:00,15.29385,summer weekday,15.84
2024-09-16 15:00:00,15.3915,summer weekday,15.84
2024-09-16 16:00:00,16.512900000000002,summer weekday,15.84
2024-09-16 17:00:00,18.706350000000004,summer weekday,20.41
2024-09-16 18:00:00,19.19985,summer weekday,20.41
2024-09-16 19:00:00,18.82605,summer weekday,20.41
2024-09-16 20:00:00,16.840500000000002,summer weekday,15.84
2024-09-16 21:00:00,15.65505,summer weekday,15.84
2024-09-16 22:00:00,15.94065,summer weekday,15.84
2024-09-16 23:00:00,16.361700000000003,summer weekday,15.84
2024-09-17 00:00:00,16.021500000000003,summer weekday,15.84
2024-09-17 01:00:00,15.83355,summer weekday,15.84
2024-09-17 02:00:00,15.7632,summer weekday,15.84
2024-09-17 03:00:00,15.7842,summer weekday,15.84
2024-09-17 04:00:00,16.989600000000003,summer weekday,15.84
2024-09-17 05:00:00,18.7536,summer weekday,20.41
2024-09-17 06:00:00,21.443700000000003,summer weekday,20.41
2024-09-17 07:00:00,21.8196,summer weekday,20.41
2024-09-17 08:00:00,18.81555,summer weekday,20.41
2024-09-17 09:00:00,17.5146,summer weekday,15.84
2024-09-17 10:00:00,16.030950000000004,summer weekday,15.84
2024-09-17 11:00:00,13.66005,summer weekday,15.84
2024-09-17 12:00:00,11.76585,summer weekday,9.67
2024-09-17 13:00:00,10.0722,summer weekday,9.67
2024-09-17 14:00:00,12.0462,summer weekday,9.67
2024-09-17 15:00:00,15.18045,summer weekday,15.84
2024-09-17 16:00:00,17.1975,summer weekday,15.84
2024-09-17 17:00:00,19.24395,summer weekday,20.41
2024-09-17 18:00:00,21.29565,summer weekday,20.41
2024-09-17 19:00:00,19.0602,summer weekday,20.41
2024-09-17 20:00:00,17.472600000000003,summer weekday,15.84
2024-09-17 21:00:00,16.823700000000002,summer weekday,15.84
2024-09-17 22:00:00,16.183200000000003,summer weekday,15.84
2024-09-17 23:00:00,16.321800000000003,summer weekday,15.84
2024-09-18 00:00:00,15.8787,summer weekday,15.84
2024-09-18 01:00:00,16.16955,summer weekday,15.84
2024-09-18 02:00:00,16.165350000000004,summer weekday,15.84
2024-09-18 03:00:00,16.043550000000003,summer weekday,15.84
2024-09-18 04:00:00,16.821600000000004,summer weekday,15.84
2024-09-18 05:00:00,18.41445,summer weekday,20.41
2024-09-18 06:00:00,22.2816,summer weekday,20.41
2024-09-18 07:00:00,21.35235,summer weekday,20.41
2024-09-18 08:00:00,18.1362,summer weekday,20.41
2024-09-18 09:00:00,15.675,summer weekday,15.84
2024-09-18 10:00:00,13.1886,summer weekday,15.84
2024-09-18 11:00:00,7.956450000000001,summer weekday,9.67
2024-09-18 12:00:00,7.380000000000001,summer weekday,9.67
2024-09-18 13:00:00,7.371450000000001,summer weekday,9.67
2024-09-18 14:00:00,7.489200000000001,summer weekday,9.67
2024-09-18 15:00:00,11.58525,summer weekday,9.67
2024-09-18 16:00:00,16.5696,summer weekday,15.84
2024-09-18 17:00:00,19.340550000000004,summer weekday,20.41
2024-09-18 18:00:00,21.021600000000003,summer weekday,20.41
2024-09-18 19:00:00,18.741000000000003,summer weekday,20.41
2024-09-18 20:00:00,17.17125,summer weekday,15.84
2024-09-18 21:00:00,16.821600000000004,summer weekday,15.84
2024-09-18 22:00:00,15.726450000000002,summer weekday,15.84
2024-09-18 23:00:00,15.402,summer weekday,15.84
2024-09-19 00:00:00,15.520650000000002,summer weekday,15.84
2024-09-19 01:00:00,15.57315,summer weekday,15.84
2024-09-19 02:00:00,15.50175,summer weekday,15.84
2024-09-19 03:00:00,15.7023,summer weekday,15.84
2024-09-19 04:00:00,16.828950000000003,summer weekday,15.84
2024-09-19 05:00:00,19.29435,summer weekday,20.41
2024-09-19 06:00:00,22.420200000000005,summer weekday,20.41
2024-09-19 07:00:00,20.412600000000005,summer weekday,20.41
2024-09-19 08:00:00,17.6322,summer weekday,15.84
2024-09-19 09:00:00,15.23505,summer weekday,15.84
2024-09-19 10:00:00,12.67305,summer weekday,9.67
2024-09-19 11:00:00,7.90185,summer weekday,9.67
2024-09-19 12:00:00,7.374300000000001,summer weekday,9.67
2024-09-19 13:00:00,7.371450000000001,summer weekday,9.67
2024-09-19 14:00:00,8.525549999999999,summer weekday,9.67
2024-09-19 15:00:00,13.52775,summer weekday,15.84
2024-09-19 16:00:00,16.940250000000002,summer weekday,15.84
2024-09-19 17:00:00,19.40565,summer weekday,20.41
2024-09-19 18:00:00,21.481500000000004,summer weekday,20.41
2024-09-19 19:00:00,19.297500000000003,summer weekday,20.41
2024-09-19 20:00:00,16.945500000000003,summer weekday,15.84
2024-09-19 21:00:00,16.721850000000003,summer weekday,15.84
2024-09-19 22:00:00,15.66135,summer weekday,15.84
2024-09-19 23:00:00,15.00405,summer weekday,15.84
2024-09-20 00:00:00,15.1542,summer weekday,15.84
2024-09-20 01:00:00,15.0891,summer weekday,15.84
2024-09-20 02:00:00,15.06285,summer weekday,15.84
2024-09-20 03:00:00,15.2046,summer weekday,15.84
2024-09-20 04:00:00,16.734450000000002,summer weekday,15.84
2024-09-20 05:00:00,18.7263,summer weekday,20.41
2024-09-20 06:00:00,22.23225,summer weekday,20.41
2024-09-20 07:00:00,18.783,summer weekday,20.41
2024-09-20 08:00:00,16.716600000000003,summer weekday,15.84
2024-09-20 09:00:00,13.89525,summer weekday,15.84
2024-09-20 10:00:00,9.972449999999998,summer weekday,9.67
2024-09-20 11:00:00,8.245199999999999,summer weekday,9.67
2024-09-20 12:00:00,7.379050000000001,summer weekday,9.67
2024-09-20 13:00:00,7.38735,summer weekday,9.67
2024-09-20 14:00:00,8.1738,summer weekday,9.67
2024-09-20 15:00:00,11.9664,summer weekday,9.67
2024-09-20 16:00:00,16.212600000000002,summer weekday,15.84
2024-09-20 17:00:00,18.511050000000004,summer weekday,20.41
2024-09-20 18:00:00,22.6806,summer weekday,20.41
2024-09-20 19:00:00,18.808200000000003,summer weekday,20.41
2024-09-20 20:00:00,16.94235,summer weekday,15.84
2024-09-20 21:00:00,16.599,summer weekday,15.84
2024-09-20 22:00:00,16.523400000000002,summer weekday,15.84
2024-09-20 23:00:00,16.650450000000003,summer weekday,15.84
2024-09-21 00:00:00,16.3365,summer weekend,17.98
2024-09-21 01:00:00,15.99,summer weekend,17.98
2024-09-21 02:00:00,16.00995,summer weekend,17.98
2024-09-21 03:00:00,16.449900000000003,summer weekend,17.98
2024-09-21 04:00:00,16.7754,summer weekend,17.98
2024-09-21 05:00:00,17.847450000000002,summer weekend,17.98
2024-09-21 06:00:00,17.644800000000004,summer weekend,17.98
2024-09-21 07:00:00,16.3365,summer weekend,17.98
2024-09-21 08:00:00,13.78395,summer weekend,13.75
2024-09-21 09:00:00,9.69,summer weekend,7.47
2024-09-21 10:00:00,7.710750000000001,summer weekend,7.47
2024-09-21 11:00:00,7.380000000000001,summer weekend,7.47
2024-09-21 12:00:00,7.060800000000001,summer weekend,7.47
2024-09-21 13:00:00,7.0047500000000005,summer weekend,7.47
2024-09-21 14:00:00,7.49445,summer weekend,7.47
2024-09-21 15:00:00,12.3423,summer weekend,13.75
2024-09-21 16:00:00,17.584950000000003,summer weekend,17.98
2024-09-21 17:00:00,20.7675,summer weekend,17.98
2024-09-21 18:00:00,22.288950000000003,summer weekend,17.98
2024-09-21 19:00:00,19.192500000000003,summer weekend,17.98
2024-09-21 20:00:00,17.452650000000002,summer weekend,17.98
2024-09-21 21:00:00,17.208000000000002,summer weekend,17.98
2024-09-21 22:00:00,16.651500000000002,summer weekend,17.98
2024-09-21 23:00:00,17.641650000000002,summer weekend,17.98
2024-09-22 00:00:00,16.835250000000002,summer weekend,17.98
2024-09-22 01:00:00,16.828950000000003,summer weekend,17.98
2024-09-22 02:00:00,16.7775,summer weekend,17.98
2024-09-22 03:00:00,16.90875,summer weekend,17.98
2024-09-22 04:00:00,16.898250000000004,summer weekend,17.98
2024-09-22 05:00:00,17.3424,summer weekend,17.98
2024-09-22 06:00:00,17.597550000000002,summer weekend,17.98
2024-09-22 07:00:00,16.460400000000003,summer weekend,17.98
2024-09-22 08:00:00,13.97295,summer weekend,13.75
2024-09-22 09:00:00,10.12785,summer weekend,7.47
2024-09-22 10:00:00,8.54865,summer weekend,7.47
2024-09-22 11:00:00,8.18745,summer weekend,7.47
2024-09-22 12:00:00,7.372400000000001,summer weekend,7.47
2024-09-22 13:00:00,7.381050000000001,summer weekend,7.47
2024-09-22 14:00:00,8.3943,summer weekend,7.47
2024-09-22 15:00:00,13.848,summer weekend,13.75
2024-09-22 16:00:00,18.53835,summer weekend,17.98
2024-09-22 17:00:00,21.26415,summer weekend,17.98
2024-09-22 18:00:00,23.883900000000004,summer weekend,17.98
2024-09-22 19:00:00,20.621550000000003,summer weekend,17.98
2024-09-22 20:00:00,18.8817,summer weekend,17.98
2024-09-22 21:00:00,17.745600000000003,summer weekend,17.98
2024-09-22 22:00:00,17.040000000000003,summer weekend,17.98
2024-09-22 23:00:00,16.914,summer weekend,17.98
2024-09-23 00:00:00,16.2084,summer weekday,15.84
2024-09-23 01:00:00,16.326,summer weekday,15.84
2024-09-23 02:00:00,16.53075,summer weekday,15.84
2024-09-23 03:00:00,16.507650000000005,summer weekday,15.84
2024-09-23 04:00:00,17.596500000000002,summer weekday,15.84
2024-09-23 05:00:00,21.387,summer weekday,20.41
2024-09-23 06:00:00,28.77165,summer weekday,20.41
2024-09-23 07:00:00,23.26965,summer weekday,20.41
2024-09-23 08:00:00,18.92895,summer weekday,20.41
2024-09-23 09:00:00,17.319300000000002,summer weekday,15.84
2024-09-23 10:00:00,15.7968,summer weekday,15.84
2024-09-23 11:00:00,15.6687,summer weekday,15.84
2024-09-23 12:00:00,15.41775,summer weekday,15.84
2024-09-23 13:00:00,15.44085,summer weekday,15.84
2024-09-23 14:00:00,15.8829,summer weekday,15.84
2024-09-23 15:00:00,18.11625,summer weekday,15.84
2024-09-23 16:00:00,21.661050000000003,summer weekday,20.41
2024-09-23 17:00:00,32.6073,summer weekday,20.41
2024-09-23 18:00:00,41.86095,summer weekday,20.41
2024-09-23 19:00:00,26.1372,summer weekday,20.41
2024-09-23 20:00:00,19.63455,summer weekday,20.41
2024-09-23 21:00:00,17.97765,summer weekday,15.84
2024-09-23 22:00:00,16.9917,summer weekday,15.84
2024-09-23 23:00:00,16.641000000000002,summer weekday,15.84
2024-09-24 00:00:00,16.043550000000003,summer weekday,15.84
2024-09-24 01:00:00,16.167450000000002,summer weekday,15.84
2024-09-24 02:00:00,16.307100000000002,summer weekday,15.84
2024-09-24 03:00:00,16.122300000000003,summer weekday,15.84
2024-09-24 04:00:00,16.650450000000003,summer weekday,15.84
2024-09-24 05:00:00,19.008750000000003,summer weekday,20.41
2024-09-24 06:00:00,22.285800000000005,summer weekday,20.41
2024-09-24 07:00:00,20.757,summer weekday,20.41
2024-09-24 08:00:00,18.512100000000004,summer weekday,20.41
2024-09-24 09:00:00,17.10405,summer weekday,15.84
2024-09-24 10:00:00,16.18635,summer weekday,15.84
2024-09-24 11:00:00,15.33375,summer weekday,15.84
2024-09-24 12:00:00,14.62395,summer weekday,15.84
2024-09-24 13:00:00,13.84695,summer weekday,15.84
2024-09-24 14:00:00,15.2487,summer weekday,15.84
2024-09-24 15:00:00,16.123350000000002,summer weekday,15.84
2024-09-24 16:00:00,18.3042,summer weekday,20.41
2024-09-24 17:00:00,19.88025,summer weekday,20.41
2024-09-24 18:00:00,20.413650000000004,summer weekday,20.41
2024-09-24 19:00:00,18.0585,summer weekday,15.84
2024-09-24 20:00:00,15.826200000000002,summer weekday,15.84
2024-09-24 21:00:00,15.2004,summer weekday,15.84
2024-09-24 22:00:00,13.7409,summer weekday,15.84
2024-09-24 23:00:00,12.7854,summer weekday,15.84
2024-09-25 00:00:00,11.8089,summer weekday,9.67
2024-09-25 01:00:00,11.496,summer weekday,9.67
2024-09-25 02:00:00,11.52225,summer weekday,9.67
2024-09-25 03:00:00,13.13085,summer weekday,15.84
2024-09-25 04:00:00,14.09475,summer weekday,15.84
2024-09-25 05:00:00,15.6057,summer weekday,15.84
2024-09-25 06:00:00,16.17585,summer weekday,15.84
2024-09-25 07:00:00,16.635750000000005,summer weekday,15.84
2024-09-25 08:00:00,14.7636,summer weekday,15.84
2024-09-25 09:00:00,12.5733,summer weekday,9.67
2024-09-25 10:00:00,10.0302,summer weekday,9.67
2024-09-25 11:00:00,9.3855,summer weekday,9.67
2024-09-25 12:00:00,9.3519,summer weekday,9.67
2024-09-25 13:00:00,13.21065,summer weekday,15.84
2024-09-25 14:00:00,14.964150000000002,summer weekday,15.84
2024-09-25 15:00:00,16.79745,summer weekday,15.84
2024-09-25 16:00:00,18.70425,summer weekday,20.41
2024-09-25 17:00:00,23.781,summer weekday,20.41
2024-09-25 18:00:00,27.8991,summer weekday,20.41
2024-09-25 19:00:00,21.2232,summer weekday,20.41
2024-09-25 20:00:00,17.524050000000003,summer weekday,15.84
2024-09-25 21:00:00,17.002200000000002,summer weekday,15.84
2024-09-25 22:00:00,16.0131,summer weekday,15.84
2024-09-25 23:00:00,14.3121,summer weekday,15.84
2024-09-26 00:00:00,13.5519,summer weekday,15.84
2024-09-26 01:00:00,12.8757,summer weekday,15.84
2024-09-26 02:00:00,12.61635,summer weekday,9.67
2024-09-26 03:00:00,12.16065,summer weekday,9.67
2024-09-26 04:00:00,12.59955,summer weekday,9.67
2024-09-26 05:00:00,14.94315,summer weekday,15.84
2024-09-26 06:00:00,16.326,summer weekday,15.84
2024-09-26 07:00:00,16.137,summer weekday,15.84
2024-09-26 08:00:00,14.44965,summer weekday,15.84
2024-09-26 09:00:00,12.54915,summer weekday,9.67
2024-09-26 10:00:00,10.7001,summer weekday,9.67
2024-09-26 11:00:00,9.165,summer weekday,9.67
2024-09-26 12:00:00,8.648399999999999,summer weekday,9.67
2024-09-26 13:00:00,8.7114,summer weekday,9.67
2024-09-26 14:00:00,11.3595,summer weekday,9.67
2024-09-26 15:00:00,13.14555,summer weekday,15.84
2024-09-26 16:00:00,15.11325,summer weekday,15.84
2024-09-26 17:00:00,15.78,summer weekday,15.84
2024-09-26 18:00:00,16.725,summer weekday,15.84
2024-09-26 19:00:00,15.66765,summer weekday,15.84
2024-09-26 20:00:00,13.9782,summer weekday,15.84
2024-09-26 21:00:00,13.0206,summer weekday,15.84
2024-09-26 22:00:00,11.1915,summer weekday,9.67
2024-09-26 23:00:00,7.374300000000001,summer weekday,9.67
2024-09-27 00:00:00,7.384200000000001,summer weekday,9.67
2024-09-27 01:00:00,7.379050000000001,summer weekday,9.67
2024-09-27 02:00:00,7.323950000000001,summer weekday,9.67
2024-09-27 03:00:00,7.361000000000001,summer weekday,9.67
2024-09-27 04:00:00,7.377150000000001,summer weekday,9.67
2024-09-27 05:00:00,7.380000000000001,summer weekday,9.67
2024-09-27 06:00:00,10.101599999999998,summer weekday,9.67
2024-09-27 07:00:00,11.5716,summer weekday,9.67
2024-09-27 08:00:00,7.960650000000001,summer weekday,9.67
2024-09-27 09:00:00,7.371450000000001,summer weekday,9.67
2024-09-27 10:00:00,7.023750000000001,summer weekday,9.67
2024-09-27 11:00:00,6.851800000000001,summer weekday,9.67
2024-09-27 12:00:00,6.779600000000001,summer weekday,9.67
2024-09-27 13:00:00,6.900250000000001,summer weekday,9.67
2024-09-27 14:00:00,7.369550000000001,summer weekday,9.67
2024-09-27 15:00:00,7.380000000000001,summer weekday,9.67
2024-09-27 16:00:00,11.35215,summer weekday,9.67
2024-09-27 17:00:00,13.94775,summer weekday,15.84
2024-09-27 18:00:00,13.72935,summer weekday,15.84
2024-09-27 19:00:00,13.63485,summer weekday,15.84
2024-09-27 20:00:00,10.85445,summer weekday,9.67
2024-09-27 21:00:00,10.11315,summer weekday,9.67
2024-09-27 22:00:00,10.005,summer weekday,9.67
2024-09-27 23:00:00,7.565850000000001,summer weekday,9.67
2024-09-28 00:00:00,7.698150000000001,summer weekend,7.47
2024-09-28 01:00:00,7.725450000000001,summer weekend,7.47
2024-09-28 02:00:00,7.711800000000001,summer weekend,7.47
2024-09-28 03:00:00,7.723350000000001,summer weekend,7.47
2024-09-28 04:00:00,7.81575,summer weekend,7.47
2024-09-28 05:00:00,8.6358,summer weekend,7.47
2024-09-28 06:00:00,9.719399999999998,summer weekend,7.47
2024-09-28 07:00:00,10.132049999999998,summer weekend,7.47
2024-09-28 08:00:00,9.36555,summer weekend,7.47
2024-09-28 09:00:00,8.403749999999999,summer weekend,7.47
2024-09-28 10:00:00,7.7769,summer weekend,7.47
2024-09-28 11:00:00,7.448250000000001,summer weekend,7.47
2024-09-28 12:00:00,7.380000000000001,summer weekend,7.47
2024-09-28 13:00:00,7.380000000000001,summer weekend,7.47
2024-09-28 14:00:00,7.386300000000001,summer weekend,7.47
2024-09-28 15:00:00,8.4111,summer weekend,7.47
2024-09-28 16:00:00,14.01915,summer weekend,13.75
2024-09-28 17:00:00,15.809400000000002,summer weekend,13.75
2024-09-28 18:00:00,17.8884,summer weekend,17.98
2024-09-28 19:00:00,17.49255,summer weekend,17.98
2024-09-28 20:00:00,15.853500000000002,summer weekend,13.75
2024-09-28 21:00:00,15.809400000000002,summer weekend,13.75
2024-09-28 22:00:00,15.22665,summer weekend,13.75
2024-09-28 23:00:00,13.7493,summer weekend,13.75
2024-09-29 00:00:00,12.1575,summer weekend,13.75
2024-09-29 01:00:00,12.0168,summer weekend,13.75
2024-09-29 02:00:00,11.93175,summer weekend,13.75
2024-09-29 03:00:00,13.4427,summer weekend,13.75
2024-09-29 04:00:00,15.11115,summer weekend,13.75
2024-09-29 05:00:00,15.465000000000002,summer weekend,13.75
2024-09-29 06:00:00,17.67,summer weekend,17.98
2024-09-29 07:00:00,17.552400000000002,summer weekend,17.98
2024-09-29 08:00:00,13.09515,summer weekend,13.75
2024-09-29 09:00:00,7.51965,summer weekend,7.47
2024-09-29 10:00:00,7.380000000000001,summer weekend,7.47
2024-09-29 11:00:00,7.379050000000001,summer weekend,7.47
2024-09-29 12:00:00,7.3325,summer weekend,7.47
2024-09-29 13:00:00,7.337250000000001,summer weekend,7.47
2024-09-29 14:00:00,7.380000000000001,summer weekend,7.47
2024-09-29 15:00:00,11.9202,summer weekend,13.75
2024-09-29 16:00:00,17.251050000000003,summer weekend,17.98
2024-09-29 17:00:00,23.401950000000003,summer weekend,17.98
2024-09-29 18:00:00,24.948600000000003,summer weekend,17.98
2024-09-29 19:00:00,18.88905,summer weekend,17.98
2024-09-29 20:00:00,15.79365,summer weekend,13.75
2024-09-29 21:00:00,14.1315,summer weekend,13.75
2024-09-29 22:00:00,11.30595,summer weekend,13.75
2024-09-29 23:00:00,9.374999999999998,summer weekend,7.47
2024-09-30 00:00:00,8.58225,summer weekday,9.67
2024-09-30 01:00:00,8.262,summer weekday,9.67
2024-09-30 02:00:00,7.960650000000001,summer weekday,9.67
2024-09-30 03:00:00,7.969050000000001,summer weekday,9.67
2024-09-30 04:00:00,9.1629,summer weekday,9.67
2024-09-30 05:00:00,12.1722,summer weekday,9.67
2024-09-30 06:00:00,16.874100000000002,summer weekday,15.84
2024-09-30 07:00:00,17.20275,summer weekday,15.84
2024-09-30 08:00:00,14.5683,summer weekday,15.84
2024-09-30 09:00:00,12.04305,summer weekday,9.67
2024-09-30 10:00:00,9.575549999999998,summer weekday,9.67
2024-09-30 11:00:00,8.3544,summer weekday,9.67
2024-09-30 12:00:00,7.596300000000001,summer weekday,9.67
2024-09-30 13:00:00,8.181149999999999,summer weekday,9.67
2024-09-30 14:00:00,9.6858,summer weekday,9.67
2024-09-30 15:00:00,11.06865,summer weekday,9.67
2024-09-30 16:00:00,14.162999999999998,summer weekday,15.84
2024-09-30 17:00:00,14.7678,summer weekday,15.84
2024-09-30 18:00:00,14.1252,summer weekday,15.84
2024-09-30 19:00:00,11.82675,summer weekday,9.67
2024-09-30 20:00:00,9.68265,summer weekday,9.67
2024-09-30 21:00:00,9.481049999999998,summer weekday,9.67
2024-09-30 22:00:00,8.4132,summer weekday,9.67
2024-09-30 23:00:00,7.71705,summer weekday,9.67
2024-10-01 00:00:00,7.38735,summer weekday,9.67
2024-10-01 01:00:00,7.385250000000001,summer weekday,9.67
2024-10-01 02:00:00,7.382100000000001,summer weekday,9.67
2024-10-01 03:00:00,7.389450000000001,summer weekday,9.67
2024-10-01 04:00:00,8.094,summer weekday,9.67
2024-10-01 05:00:00,14.0958,summer weekday,15.84
2024-10-01 06:00:00,18.23175,summer weekday,20.41
2024-10-01 07:00:00,19.452900000000003,summer weekday,20.41
2024-10-01 08:00:00,17.923050000000003,summer weekday,15.84
2024-10-01 09:00:00,15.4104,summer weekday,15.84
2024-10-01 10:00:00,14.54205,summer weekday,15.84
2024-10-01 11:00:00,13.533,summer weekday,15.84
2024-10-01 12:00:00,13.2243,summer weekday,15.84
2024-10-01 13:00:00,13.31355,summer weekday,15.84
2024-10-01 14:00:00,13.9089,summer weekday,15.84
2024-10-01 15:00:00,17.768700000000003,summer weekday,15.84
2024-10-01 16:00:00,18.885900000000003,summer weekday,20.41
2024-10-01 17:00:00,21.4395,summer weekday,20.41
2024-10-01 18:00:00,21.71355,summer weekday,20.41
2024-10-01 19:00:00,19.8267,summer weekday,20.41
2024-10-01 20:00:00,17.071500000000004,summer weekday,15.84
2024-10-01 21:00:00,16.98225,summer weekday,15.84
2024-10-01 22:00:00,15.3852,summer weekday,15.84
2024-10-01 23:00:00,16.351200000000002,summer weekday,15.84
2024-10-02 00:00:00,15.8724,summer weekday,15.84
2024-10-02 01:00:00,15.47445,summer weekday,15.84
2024-10-02 02:00:00,15.24765,summer weekday,15.84
2024-10-02 03:00:00,15.4797,summer weekday,15.84
2024-10-02 04:00:00,15.8955,summer weekday,15.84
2024-10-02 05:00:00,17.51565,summer weekday,15.84
2024-10-02 06:00:00,19.85715,summer weekday,20.41
2024-10-02 07:00:00,21.6285,summer weekday,20.41
2024-10-02 08:00:00,19.72695,summer weekday,20.41
2024-10-02 09:00:00,18.21705,summer weekday,20.41
2024-10-02 10:00:00,17.5146,summer weekday,15.84
2024-10-02 11:00:00,16.877250000000004,summer weekday,15.84
2024-10-02 12:00:00,16.456200000000003,summer weekday,15.84
2024-10-02 13:00:00,15.66135,summer weekday,15.84
2024-10-02 14:00:00,15.99735,summer weekday,15.84
2024-10-02 15:00:00,15.93855,summer weekday,15.84
2024-10-02 16:00:00,17.890500000000003,summer weekday,15.84
2024-10-02 17:00:00,19.66605,summer weekday,20.41
2024-10-02 18:00:00,21.037350000000004,summer weekday,20.41
2024-10-02 19:00:00,19.388850000000005,summer weekday,20.41
2024-10-02 20:00:00,17.516700000000004,summer weekday,15.84
2024-10-02 21:00:00,17.1765,summer weekday,15.84
2024-10-02 22:00:00,16.305000000000003,summer weekday,15.84
2024-10-02 23:00:00,14.44965,summer weekday,15.84
2024-10-03 00:00:00,14.2953,summer weekend,13.75
2024-10-03 01:00:00,14.2197,summer weekend,13.75
2024-10-03 02:00:00,14.118900000000002,summer weekend,13.75
2024-10-03 03:00:00,14.0979,summer weekend,13.75
2024-10-03 04:00:00,14.142,summer weekend,13.75
2024-10-03 05:00:00,14.25015,summer weekend,13.75
2024-10-03 06:00:00,15.08385,summer weekend,13.75
2024-10-03 07:00:00,15.43035,summer weekend,13.75
2024-10-03 08:00:00,15.0345,summer weekend,13.75
2024-10-03 09:00:00,14.6544,summer weekend,13.75
2024-10-03 10:00:00,13.9992,summer weekend,13.75
2024-10-03 11:00:00,12.32445,summer weekend,13.75
2024-10-03 12:00:00,10.9479,summer weekend,13.75
2024-10-03 13:00:00,11.4897,summer weekend,13.75
2024-10-03 14:00:00,12.7728,summer weekend,13.75
2024-10-03 15:00:00,14.3142,summer weekend,13.75
2024-10-03 16:00:00,16.798500000000004,summer weekend,17.98
2024-10-03 17:00:00,18.93735,summer weekend,17.98
2024-10-03 18:00:00,19.4886,summer weekend,17.98
2024-10-03 19:00:00,18.7494,summer weekend,17.98
2024-10-03 20:00:00,17.749800000000004,summer weekend,17.98
2024-10-03 21:00:00,16.9308,summer weekend,17.98
2024-10-03 22:00:00,15.9333,summer weekend,17.98
2024-10-03 23:00:00,15.1395,summer weekend,13.75
2024-10-04 00:00:00,14.9946,summer weekend,13.75
2024-10-04 01:00:00,14.9505,summer weekend,13.75
2024-10-04 02:00:00,14.94,summer weekend,13.75
2024-10-04 03:00:00,14.97465,summer weekend,13.75
2024-10-04 04:00:00,15.475499999999998,summer weekend,13.75
2024-10-04 05:00:00,18.195000000000004,summer weekend,17.98
2024-10-04 06:00:00,20.6667,summer weekend,17.98
2024-10-04 07:00:00,22.229100000000003,summer weekend,17.98
2024-10-04 08:00:00,19.58835,summer weekend,17.98
2024-10-04 09:00:00,17.889450000000004,summer weekend,17.98
2024-10-04 10:00:00,16.305000000000003,summer weekend,17.98
2024-10-04 11:00:00,15.26235,summer weekend,13.75
2024-10-04 12:00:00,15.09645,summer weekend,13.75
2024-10-04 13:00:00,15.3411,summer weekend,13.75
2024-10-04 14:00:00,15.682349999999998,summer weekend,13.75
2024-10-04 15:00:00,16.809,summer weekend,17.98
2024-10-04 16:00:00,18.6255,summer weekend,17.98
2024-10-04 17:00:00,21.23685,summer weekend,17.98
2024-10-04 18:00:00,23.027100000000004,summer weekend,17.98
2024-10-04 19:00:00,20.368500000000004,summer weekend,17.98
2024-10-04 20:00:00,17.869500000000002,summer weekend,17.98
2024-10-04 21:00:00,17.869500000000002,summer weekend,17.98
2024-10-04 22:00:00,16.830000000000002,summer weekend,17.98
2024-10-04 23:00:00,17.1555,summer weekend,17.98
2024-10-05 00:00:00,16.267200000000003,summer weekend,17.98
2024-10-05 01:00:00,15.927,summer weekend,17.98
2024-10-05 02:00:00,15.3117,summer weekend,13.75
2024-10-05 03:00:00,15.3306,summer weekend,13.75
2024-10-05 04:00:00,15.7611,summer weekend,13.75
2024-10-05 05:00:00,16.431000000000004,summer weekend,17.98
2024-10-05 06:00:00,17.922000000000004,summer weekend,17.98
2024-10-05 07:00:00,18.995100000000004,summer weekend,17.98
2024-10-05 08:00:00,18.195000000000004,summer weekend,17.98
2024-10-05 09:00:00,16.034100000000002,summer weekend,17.98
2024-10-05 10:00:00,14.54835,summer weekend,13.75
2024-10-05 11:00:00,12.7812,summer weekend,13.75
2024-10-05 12:00:00,11.4624,summer weekend,13.75
2024-10-05 13:00:00,11.94645,summer weekend,13.75
2024-10-05 14:00:00,13.9866,summer weekend,13.75
2024-10-05 15:00:00,15.4776,summer weekend,13.75
2024-10-05 16:00:00,17.825400000000002,summer weekend,17.98
2024-10-05 17:00:00,22.988250000000004,summer weekend,17.98
2024-10-05 18:00:00,22.4244,summer weekend,17.98
2024-10-05 19:00:00,18.639150000000004,summer weekend,17.98
2024-10-05 20:00:00,17.518800000000002,summer weekend,17.98
2024-10-05 21:00:00,16.329150000000002,summer weekend,17.98
2024-10-05 22:00:00,14.415,summer weekend,13.75
2024-10-05 23:00:00,14.419200000000002,summer weekend,13.75
2024-10-06 00:00:00,14.096850000000002,summer weekend,13.75
2024-10-06 01:00:00,13.97715,summer weekend,13.75
2024-10-06 02:00:00,14.03175,summer weekend,13.75
2024-10-06 03:00:00,13.96455,summer weekend,13.75
2024-10-06 04:00:00,14.096850000000002,summer weekend,13.75
2024-10-06 05:00:00,14.03805,summer weekend,13.75
2024-10-06 06:00:00,15.025050000000002,summer weekend,13.75
2024-10-06 07:00:00,15.486000000000002,summer weekend,13.75
2024-10-06 08:00:00,14.3163,summer weekend,13.75
2024-10-06 09:00:00,11.0844,summer weekend,13.75
2024-10-06 10:00:00,9.1314,summer weekend,7.47
2024-10-06 11:00:00,7.931250000000001,summer weekend,7.47
2024-10-06 12:00:00,7.379050000000001,summer weekend,7.47
2024-10-06 13:00:00,7.379050000000001,summer weekend,7.47
2024-10-06 14:00:00,7.401000000000001,summer weekend,7.47
2024-10-06 15:00:00,13.638,summer weekend,13.75
2024-10-06 16:00:00,16.928700000000003,summer weekend,17.98
2024-10-06 17:00:00,18.541500000000003,summer weekend,17.98
2024-10-06 18:00:00,17.5881,summer weekend,17.98
2024-10-06 19:00:00,15.0429,summer weekend,13.75
2024-10-06 20:00:00,13.61385,summer weekend,13.75
2024-10-06 21:00:00,13.54245,summer weekend,13.75
2024-10-06 22:00:00,12.80955,summer weekend,13.75
2024-10-06 23:00:00,11.0109,summer weekend,13.75
2024-10-07 00:00:00,11.0907,summer weekday,9.67
2024-10-07 01:00:00,10.87125,summer weekday,9.67
2024-10-07 02:00:00,10.54575,summer weekday,9.67
2024-10-07 03:00:00,11.16945,summer weekday,9.67
2024-10-07 04:00:00,12.28665,summer weekday,9.67
2024-10-07 05:00:00,14.47695,summer weekday,15.84
2024-10-07 06:00:00,17.9766,summer weekday,15.84
2024-10-07 07:00:00,18.7536,summer weekday,20.41
2024-10-07 08:00:00,17.0253,summer weekday,15.84
2024-10-07 09:00:00,14.31945,summer weekday,15.84
2024-10-07 10:00:00,13.7031,summer weekday,15.84
2024-10-07 11:00:00,13.06155,summer weekday,15.84
2024-10-07 12:00:00,11.92545,summer weekday,9.67
2024-10-07 13:00:00,13.155,summer weekday,15.84
2024-10-07 14:00:00,14.41605,summer weekday,15.84
2024-10-07 15:00:00,17.6595,summer weekday,15.84
2024-10-07 16:00:00,20.054550000000003,summer weekday,20.41
2024-10-07 17:00:00,32.33325,summer weekday,20.41
2024-10-07 18:00:00,31.480650000000004,summer weekday,20.41
2024-10-07 19:00:00,20.187900000000003,summer weekday,20.41
2024-10-07 20:00:00,17.872650000000004,summer weekday,15.84
2024-10-07 21:00:00,17.03055,summer weekday,15.84
2024-10-07 22:00:00,15.687600000000002,summer weekday,15.84
2024-10-07 23:00:00,14.97465,summer weekday,15.84
2024-10-08 00:00:00,14.42235,summer weekday,15.84
2024-10-08 01:00:00,14.09895,summer weekday,15.84
2024-10-08 02:00:00,13.64535,summer weekday,15.84
2024-10-08 03:00:00,13.64745,summer weekday,15.84
2024-10-08 04:00:00,14.46015,summer weekday,15.84
2024-10-08 05:00:00,16.406850000000002,summer weekday,15.84
2024-10-08 06:00:00,18.968850000000003,summer weekday,20.41
2024-10-08 07:00:00,18.5352,summer weekday,20.41
2024-10-08 08:00:00,16.305000000000003,summer weekday,15.84
2024-10-08 09:00:00,15.81465,summer weekday,15.84
2024-10-08 10:00:00,15.8325,summer weekday,15.84
2024-10-08 11:00:00,15.36,summer weekday,15.84
2024-10-08 12:00:00,16.045650000000002,summer weekday,15.84
2024-10-08 13:00:00,16.660950000000003,summer weekday,15.84
2024-10-08 14:00:00,16.8384,summer weekday,15.84
2024-10-08 15:00:00,18.00495,summer weekday,15.84
2024-10-08 16:00:00,20.6457,summer weekday,20.41
2024-10-08 17:00:00,23.840850000000003,summer weekday,20.41
2024-10-08 18:00:00,25.041000000000004,summer weekday,20.41
2024-10-08 19:00:00,19.39305,summer weekday,20.41
2024-10-08 20:00:00,17.344500000000004,summer weekday,15.84
2024-10-08 21:00:00,16.473000000000003,summer weekday,15.84
2024-10-08 22:00:00,14.478,summer weekday,15.84
2024-10-08 23:00:00,13.88265,summer weekday,15.84
2024-10-09 00:00:00,13.68,summer weekday,15.84
2024-10-09 01:00:00,13.4154,summer weekday,15.84
2024-10-09 02:00:00,13.0836,summer weekday,15.84
2024-10-09 03:00:00,13.3986,summer weekday,15.84
2024-10-09 04:00:00,14.08635,summer weekday,15.84
2024-10-09 05:00:00,16.483500000000003,summer weekday,15.84
2024-10-09 06:00:00,19.05495,summer weekday,20.41
2024-10-09 07:00:00,19.0329,summer weekday,20.41
2024-10-09 08:00:00,16.515,summer weekday,15.84
2024-10-09 09:00:00,14.94945,summer weekday,15.84
2024-10-09 10:00:00,13.6695,summer weekday,15.84
2024-10-09 11:00:00,13.659,summer weekday,15.84
2024-10-09 12:00:00,13.66425,summer weekday,15.84
2024-10-09 13:00:00,14.48115,summer weekday,15.84
2024-10-09 14:00:00,15.48285,summer weekday,15.84
2024-10-09 15:00:00,17.355,summer weekday,15.84
2024-10-09 16:00:00,19.712250000000004,summer weekday,20.41
2024-10-09 17:00:00,20.24565,summer weekday,20.41
2024-10-09 18:00:00,20.7276,summer weekday,20.41
2024-10-09 19:00:00,19.040250000000004,summer weekday,20.41
2024-10-09 20:00:00,17.439000000000004,summer weekday,15.84
2024-10-09 21:00:00,17.3655,summer weekday,15.84
2024-10-09 22:00:00,16.0257,summer weekday,15.84
2024-10-09 23:00:00,13.80495,summer weekday,15.84
2024-10-10 00:00:00,12.30345,summer weekday,9.67
2024-10-10 01:00:00,11.34375,summer weekday,9.67
2024-10-10 02:00:00,10.74,summer weekday,9.67
2024-10-10 03:00:00,10.4922,summer weekday,9.67
2024-10-10 04:00:00,11.538,summer weekday,9.67
2024-10-10 05:00:00,13.9005,summer weekday,15.84
2024-10-10 06:00:00,16.294500000000003,summer weekday,15.84
2024-10-10 07:00:00,15.8283,summer weekday,15.84
2024-10-10 08:00:00,14.4675,summer weekday,15.84
2024-10-10 09:00:00,12.84105,summer weekday,15.84
2024-10-10 10:00:00,11.46765,summer weekday,9.67
2024-10-10 11:00:00,9.678449999999998,summer weekday,9.67
2024-10-10 12:00:00,9.0537,summer weekday,9.67
2024-10-10 13:00:00,9.481049999999998,summer weekday,9.67
2024-10-10 14:00:00,11.40885,summer weekday,9.67
2024-10-10 15:00:00,13.5225,summer weekday,15.84
2024-10-10 16:00:00,16.3911,summer weekday,15.84
2024-10-10 17:00:00,17.46735,summer weekday,15.84
2024-10-10 18:00:00,19.9086,summer weekday,20.41
2024-10-10 19:00:00,18.00495,summer weekday,15.84
2024-10-10 20:00:00,16.873050000000003,summer weekday,15.84
2024-10-10 21:00:00,16.111800000000002,summer weekday,15.84
2024-10-10 22:00:00,14.72265,summer weekday,15.84
2024-10-10 23:00:00,15.775799999999998,summer weekday,15.84
2024-10-11 00:00:00,15.06705,summer weekday,15.84
2024-10-11 01:00:00,14.9085,summer weekday,15.84
2024-10-11 02:00:00,14.51055,summer weekday,15.84
2024-10-11 03:00:00,14.6838,summer weekday,15.84
2024-10-11 04:00:00,15.08595,summer weekday,15.84
2024-10-11 05:00:00,17.874750000000002,summer weekday,15.84
2024-10-11 06:00:00,22.123050000000003,summer weekday,20.41
2024-10-11 07:00:00,23.706450000000004,summer weekday,20.41
2024-10-11 08:00:00,18.931050000000003,summer weekday,20.41
2024-10-11 09:00:00,16.830000000000002,summer weekday,15.84
2024-10-11 10:00:00,14.97675,summer weekday,15.84
2024-10-11 11:00:00,13.85325,summer weekday,15.84
2024-10-11 12:00:00,13.38285,summer weekday,15.84
2024-10-11 13:00:00,13.6338,summer weekday,15.84
2024-10-11 14:00:00,14.4108,summer weekday,15.84
2024-10-11 15:00:00,15.08175,summer weekday,15.84
2024-10-11 16:00:00,19.2219,summer weekday,20.41
2024-10-11 17:00:00,25.005300000000005,summer weekday,20.41
2024-10-11 18:00:00,25.675200000000004,summer weekday,20.41
2024-10-11 19:00:00,20.11755,summer weekday,20.41
2024-10-11 20:00:00,17.857950000000002,summer weekday,15.84
2024-10-11 21:00:00,17.713050000000003,summer weekday,15.84
2024-10-11 22:00:00,16.60215,summer weekday,15.84
2024-10-11 23:00:00,16.839450000000003,summer weekday,15.84
2024-10-12 00:00:00,15.7191,summer weekend,13.75
2024-10-12 01:00:00,15.3159,summer weekend,13.75
2024-10-12 02:00:00,15.2571,summer weekend,13.75
2024-10-12 03:00:00,14.9316,summer weekend,13.75
2024-10-12 04:00:00,14.5095,summer weekend,13.75
2024-10-12 05:00:00,14.90115,summer weekend,13.75
2024-10-12 06:00:00,14.59665,summer weekend,13.75
2024-10-12 07:00:00,14.61555,summer weekend,13.75
2024-10-12 08:00:00,11.7711,summer weekend,13.75
2024-10-12 09:00:00,11.0865,summer weekend,13.75
2024-10-12 10:00:00,10.9794,summer weekend,13.75
2024-10-12 11:00:00,9.98295,summer weekend,7.47
2024-10-12 12:00:00,8.884649999999999,summer weekend,7.47
2024-10-12 13:00:00,9.830699999999998,summer weekend,7.47
2024-10-12 14:00:00,12.24675,summer weekend,13.75
2024-10-12 15:00:00,14.0139,summer weekend,13.75
2024-10-12 16:00:00,15.3621,summer weekend,13.75
2024-10-12 17:00:00,15.870300000000002,summer weekend,17.98
2024-10-12 18:00:00,15.5301,summer weekend,13.75
2024-10-12 19:00:00,13.69995,summer weekend,13.75
2024-10-12 20:00:00,12.1491,summer weekend,13.75
2024-10-12 21:00:00,11.04135,summer weekend,13.75
2024-10-12 22:00:00,10.04385,summer weekend,7.47
2024-10-12 23:00:00,7.380000000000001,summer weekend,7.47
2024-10-13 00:00:00,7.379050000000001,summer weekend,7.47
2024-10-13 01:00:00,7.373350000000001,summer weekend,7.47
2024-10-13 02:00:00,7.344850000000001,summer weekend,7.47
2024-10-13 03:00:00,7.331550000000001,summer weekend,7.47
2024-10-13 04:00:00,7.371450000000001,summer weekend,7.47
2024-10-13 05:00:00,7.351500000000001,summer weekend,7.47
2024-10-13 06:00:00,7.376200000000001,summer weekend,7.47
2024-10-13 07:00:00,7.373350000000001,summer weekend,7.47
2024-10-13 08:00:00,7.298300000000001,summer weekend,7.47
2024-10-13 09:00:00,7.3192,summer weekend,7.47
2024-10-13 10:00:00,7.192850000000001,summer weekend,7.47
2024-10-13 11:00:00,6.668450000000001,summer weekend,7.47
2024-10-13 12:00:00,5.939800000000001,summer weekend,7.47
2024-10-13 13:00:00,5.889450000000001,summer weekend,7.47
2024-10-13 14:00:00,6.904050000000001,summer weekend,7.47
2024-10-13 15:00:00,7.190950000000001,summer weekend,7.47
2024-10-13 16:00:00,7.386300000000001,summer weekend,7.47
2024-10-13 17:00:00,11.14215,summer weekend,13.75
2024-10-13 18:00:00,13.05525,summer weekend,13.75
2024-10-13 19:00:00,11.52855,summer weekend,13.75
2024-10-13 20:00:00,11.41515,summer weekend,13.75
2024-10-13 21:00:00,11.59365,summer weekend,13.75
2024-10-13 22:00:00,11.24505,summer weekend,13.75
2024-10-13 23:00:00,11.2755,summer weekend,13.75
2024-10-14 00:00:00,11.08125,summer weekday,9.67
2024-10-14 01:00:00,11.07285,summer weekday,9.67
2024-10-14 02:00:00,10.9878,summer weekday,9.67
2024-10-14 03:00:00,11.50965,summer weekday,9.67
2024-10-14 04:00:00,13.911,summer weekday,15.84
2024-10-14 05:00:00,17.747700000000002,summer weekday,15.84
2024-10-14 06:00:00,21.33345,summer weekday,20.41
2024-10-14 07:00:00,23.50905000000001,summer weekday,20.41
2024-10-14 08:00:00,19.763700000000004,summer weekday,20.41
2024-10-14 09:00:00,17.979750000000003,summer weekday,15.84
2024-10-14 10:00:00,17.410650000000004,summer weekday,15.84
2024-10-14 11:00:00,16.6578,summer weekday,15.84
2024-10-14 12:00:00,16.053,summer weekday,15.84
2024-10-14 13:00:00,15.1668,summer weekday,15.84
2024-10-14 14:00:00,16.523400000000002,summer weekday,15.84
2024-10-14 15:00:00,18.48795,summer weekday,20.41
2024-10-14 16:00:00,24.13695,summer weekday,20.41
2024-10-14 17:00:00,34.3755,summer weekday,20.41
2024-10-14 18:00:00,35.7027,summer weekday,20.41
2024-10-14 19:00:00,23.97,summer weekday,20.41
2024-10-14 20:00:00,19.362600000000004,summer weekday,20.41
2024-10-14 21:00:00,17.8443,summer weekday,15.84
2024-10-14 22:00:00,17.334000000000003,summer weekday,15.84
2024-10-14 23:00:00,16.959150000000005,summer weekday,15.84
2024-10-15 00:00:00,16.461450000000003,summer weekday,15.84
2024-10-15 01:00:00,16.656750000000002,summer weekday,15.84
2024-10-15 02:00:00,16.204200000000004,summer weekday,15.84
2024-10-15 03:00:00,15.864,summer weekday,15.84
2024-10-15 04:00:00,16.778550000000003,summer weekday,15.84
2024-10-15 05:00:00,19.40565,summer weekday,20.41
2024-10-15 06:00:00,26.84595,summer weekday,20.41
2024-10-15 07:00:00,25.924050000000005,summer weekday,20.41
2024-10-15 08:00:00,18.986700000000003,summer weekday,20.41
2024-10-15 09:00:00,17.118750000000002,summer weekday,15.84
2024-10-15 10:00:00,16.100250000000003,summer weekday,15.84
2024-10-15 11:00:00,15.61935,summer weekday,15.84
2024-10-15 12:00:00,14.91375,summer weekday,15.84
2024-10-15 13:00:00,15.3495,summer weekday,15.84
2024-10-15 14:00:00,16.132800000000003,summer weekday,15.84
2024-10-15 15:00:00,16.728150000000003,summer weekday,15.84
2024-10-15 16:00:00,20.05245,summer weekday,20.41
2024-10-15 17:00:00,21.74295,summer weekday,20.41
2024-10-15 18:00:00,17.597550000000002,summer weekday,15.84
2024-10-15 19:00:00,15.387300000000002,summer weekday,15.84
2024-10-15 20:00:00,14.37825,summer weekday,15.84
2024-10-15 21:00:00,13.64325,summer weekday,15.84
2024-10-15 22:00:00,11.6619,summer weekday,9.67
2024-10-15 23:00:00,9.831749999999998,summer weekday,9.67
2024-10-16 00:00:00,8.724,summer weekday,9.67
2024-10-16 01:00:00,7.9365,summer weekday,9.67
2024-10-16 02:00:00,7.759050000000001,summer weekday,9.67
2024-10-16 03:00:00,7.711800000000001,summer weekday,9.67
2024-10-16 04:00:00,8.241,summer weekday,9.67
2024-10-16 05:00:00,11.85195,summer weekday,9.67
2024-10-16 06:00:00,14.44545,summer weekday,15.84
2024-10-16 07:00:00,14.3646,summer weekday,15.84
2024-10-16 08:00:00,13.08045,summer weekday,15.84
2024-10-16 09:00:00,10.1814,summer weekday,9.67
2024-10-16 10:00:00,8.8668,summer weekday,9.67
2024-10-16 11:00:00,7.809450000000001,summer weekday,9.67
2024-10-16 12:00:00,7.594200000000001,summer weekday,9.67
2024-10-16 13:00:00,7.800000000000001,summer weekday,9.67
2024-10-16 14:00:00,8.8689,summer weekday,9.67
2024-10-16 15:00:00,13.1466,summer weekday,15.84
2024-10-16 16:00:00,15.03975,summer weekday,15.84
2024-10-16 17:00:00,16.24935,summer weekday,15.84
2024-10-16 18:00:00,16.6599,summer weekday,15.84
2024-10-16 19:00:00,14.23755,summer weekday,15.84
2024-10-16 20:00:00,13.8753,summer weekday,15.84
2024-10-16 21:00:00,11.0697,summer weekday,9.67
2024-10-16 22:00:00,10.1667,summer weekday,9.67
2024-10-16 23:00:00,9.1692,summer weekday,9.67
2024-10-17 00:00:00,8.65575,summer weekday,9.67
2024-10-17 01:00:00,8.4804,summer weekday,9.67
2024-10-17 02:00:00,7.969050000000001,summer weekday,9.67
2024-10-17 03:00:00,8.431049999999999,summer weekday,9.67
2024-10-17 04:00:00,10.509,summer weekday,9.67
2024-10-17 05:00:00,14.78355,summer weekday,15.84
2024-10-17 06:00:00,18.02595,summer weekday,15.84
2024-10-17 07:00:00,17.095650000000003,summer weekday,15.84
2024-10-17 08:00:00,15.1248,summer weekday,15.84
2024-10-17 09:00:00,13.9131,summer weekday,15.84
2024-10-17 10:00:00,12.8421,summer weekday,15.84
2024-10-17 11:00:00,12.2667,summer weekday,9.67
2024-10-17 12:00:00,12.3696,summer weekday,9.67
2024-10-17 13:00:00,13.6842,summer weekday,15.84
2024-10-17 14:00:00,14.05275,summer weekday,15.84
2024-10-17 15:00:00,17.111400000000003,summer weekday,15.84
2024-10-17 16:00:00,20.358,summer weekday,20.41
2024-10-17 17:00:00,26.932050000000007,summer weekday,20.41
2024-10-17 18:00:00,25.459950000000006,summer weekday,20.41
2024-10-17 19:00:00,19.7175,summer weekday,20.41
2024-10-17 20:00:00,17.650050000000004,summer weekday,15.84
2024-10-17 21:00:00,16.73025,summer weekday,15.84
2024-10-17 22:00:00,16.012050000000002,summer weekday,15.84
2024-10-17 23:00:00,15.87975,summer weekday,15.84
2024-10-18 00:00:00,15.9018,summer weekday,15.84
2024-10-18 01:00:00,16.066650000000003,summer weekday,15.84
2024-10-18 02:00:00,15.6582,summer weekday,15.84
2024-10-18 03:00:00,15.90495,summer weekday,15.84
2024-10-18 04:00:00,16.235700000000005,summer weekday,15.84
2024-10-18 05:00:00,17.763450000000002,summer weekday,15.84
2024-10-18 06:00:00,23.106900000000003,summer weekday,20.41
2024-10-18 07:00:00,23.785200000000003,summer weekday,20.41
2024-10-18 08:00:00,19.035,summer weekday,20.41
2024-10-18 09:00:00,17.434800000000003,summer weekday,15.84
2024-10-18 10:00:00,16.3365,summer weekday,15.84
2024-10-18 11:00:00,16.0908,summer weekday,15.84
2024-10-18 12:00:00,15.801,summer weekday,15.84
2024-10-18 13:00:00,15.90495,summer weekday,15.84
2024-10-18 14:00:00,16.235700000000005,summer weekday,15.84
2024-10-18 15:00:00,18.22545,summer weekday,20.41
2024-10-18 16:00:00,21.41535,summer weekday,20.41
2024-10-18 17:00:00,26.414400000000004,summer weekday,20.41
2024-10-18 18:00:00,22.350900000000003,summer weekday,20.41
2024-10-18 19:00:00,18.22125,summer weekday,20.41
2024-10-18 20:00:00,17.547150000000002,summer weekday,15.84
2024-10-18 21:00:00,17.172300000000003,summer weekday,15.84
2024-10-18 22:00:00,16.361700000000003,summer weekday,15.84
2024-10-18 23:00:00,16.5213,summer weekday,15.84
2024-10-19 00:00:00,16.098150000000004,summer weekend,17.98
2024-10-19 01:00:00,15.770549999999998,summer weekend,13.75
2024-10-19 02:00:00,15.2823,summer weekend,13.75
2024-10-19 03:00:00,15.34635,summer weekend,13.75
2024-10-19 04:00:00,15.44085,summer weekend,13.75
2024-10-19 05:00:00,15.78,summer weekend,13.75
2024-10-19 06:00:00,17.03055,summer weekend,17.98
2024-10-19 07:00:00,16.7943,summer weekend,17.98
2024-10-19 08:00:00,16.263,summer weekend,17.98
2024-10-19 09:00:00,15.654000000000002,summer weekend,13.75
2024-10-19 10:00:00,15.0786,summer weekend,13.75
2024-10-19 11:00:00,14.3268,summer weekend,13.75
2024-10-19 12:00:00,13.7808,summer weekend,13.75
2024-10-19 13:00:00,14.08845,summer weekend,13.75
2024-10-19 14:00:00,15.682349999999998,summer weekend,13.75
2024-10-19 15:00:00,17.679450000000003,summer weekend,17.98
2024-10-19 16:00:00,18.8397,summer weekend,17.98
2024-10-19 17:00:00,21.6411,summer weekend,17.98
2024-10-19 18:00:00,19.86765,summer weekend,17.98
2024-10-19 19:00:00,17.544,summer weekend,17.98
2024-10-19 20:00:00,16.848900000000004,summer weekend,17.98
2024-10-19 21:00:00,16.18215,summer weekend,17.98
2024-10-19 22:00:00,15.07965,summer weekend,13.75
2024-10-19 23:00:00,13.21485,summer weekend,13.75
2024-10-20 00:00:00,13.1445,summer weekend,13.75
2024-10-20 01:00:00,13.38915,summer weekend,13.75
2024-10-20 02:00:00,13.6611,summer weekend,13.75
2024-10-20 03:00:00,13.9866,summer weekend,13.75
2024-10-20 04:00:00,14.40555,summer weekend,13.75
2024-10-20 05:00:00,14.12415,summer weekend,13.75
2024-10-20 06:00:00,15.2886,summer weekend,13.75
2024-10-20 07:00:00,14.5494,summer weekend,13.75
2024-10-20 08:00:00,12.18375,summer weekend,13.75
2024-10-20 09:00:00,8.04885,summer weekend,7.47
2024-10-20 10:00:00,7.388400000000001,summer weekend,7.47
2024-10-20 11:00:00,7.380000000000001,summer weekend,7.47
2024-10-20 12:00:00,7.286900000000001,summer weekend,7.47
2024-10-20 13:00:00,7.189050000000001,summer weekend,7.47
2024-10-20 14:00:00,7.380000000000001,summer weekend,7.47
2024-10-20 15:00:00,7.915500000000001,summer weekend,7.47
2024-10-20 16:00:00,13.43745,summer weekend,13.75
2024-10-20 17:00:00,13.7535,summer weekend,13.75
2024-10-20 18:00:00,12.1134,summer weekend,13.75
2024-10-20 19:00:00,10.98675,summer weekend,13.75
2024-10-20 20:00:00,9.57975,summer weekend,7.47
2024-10-20 21:00:00,8.65575,summer weekend,7.47
2024-10-20 22:00:00,7.582650000000001,summer weekend,7.47
2024-10-20 23:00:00,7.370500000000001,summer weekend,7.47
2024-10-21 00:00:00,7.370500000000001,summer weekday,9.67
2024-10-21 01:00:00,7.366700000000001,summer weekday,9.67
2024-10-21 02:00:00,7.372400000000001,summer weekday,9.67
2024-10-21 03:00:00,7.376200000000001,summer weekday,9.67
2024-10-21 04:00:00,7.742250000000001,summer weekday,9.67
2024-10-21 05:00:00,14.373,summer weekday,15.84
2024-10-21 06:00:00,18.4029,summer weekday,20.41
2024-10-21 07:00:00,20.020950000000003,summer weekday,20.41
2024-10-21 08:00:00,18.289500000000004,summer weekday,20.41
2024-10-21 09:00:00,16.729200000000002,summer weekday,15.84
2024-10-21 10:00:00,15.88815,summer weekday,15.84
2024-10-21 11:00:00,15.06495,summer weekday,15.84
2024-10-21 12:00:00,15.9228,summer weekday,15.84
2024-10-21 13:00:00,15.953250000000002,summer weekday,15.84
2024-10-21 14:00:00,17.73195,summer weekday,15.84
2024-10-21 15:00:00,20.3475,summer weekday,20.41
2024-10-21 16:00:00,21.1917,summer weekday,20.41
2024-10-21 17:00:00,30.701550000000005,summer weekday,20.41
2024-10-21 18:00:00,27.421350000000004,summer weekday,20.41
2024-10-21 19:00:00,20.866200000000003,summer weekday,20.41
2024-10-21 20:00:00,18.09,summer weekday,15.84
2024-10-21 21:00:00,17.649,summer weekday,15.84
2024-10-21 22:00:00,17.14185,summer weekday,15.84
2024-10-21 23:00:00,17.005350000000004,summer weekday,15.84
2024-10-22 00:00:00,16.770150000000005,summer weekday,15.84
2024-10-22 01:00:00,16.37745,summer weekday,15.84
2024-10-22 02:00:00,16.158,summer weekday,15.84
2024-10-22 03:00:00,16.11495,summer weekday,15.84
2024-10-22 04:00:00,16.82475,summer weekday,15.84
2024-10-22 05:00:00,17.940900000000003,summer weekday,15.84
2024-10-22 06:00:00,23.769450000000003,summer weekday,20.41
2024-10-22 07:00:00,25.242600000000003,summer weekday,20.41
2024-10-22 08:00:00,19.2912,summer weekday,20.41
2024-10-22 09:00:00,17.7981,summer weekday,15.84
2024-10-22 10:00:00,16.593750000000004,summer weekday,15.84
2024-10-22 11:00:00,15.47655,summer weekday,15.84
2024-10-22 12:00:00,14.8224,summer weekday,15.84
2024-10-22 13:00:00,15.10065,summer weekday,15.84
2024-10-22 14:00:00,16.523400000000002,summer weekday,15.84
2024-10-22 15:00:00,18.662250000000004,summer weekday,20.41
2024-10-22 16:00:00,18.92685,summer weekday,20.41
2024-10-22 17:00:00,22.117800000000003,summer weekday,20.41
2024-10-22 18:00:00,23.943750000000005,summer weekday,20.41
2024-10-22 19:00:00,19.3521,summer weekday,20.41
2024-10-22 20:00:00,17.817000000000004,summer weekday,15.84
2024-10-22 21:00:00,17.430600000000002,summer weekday,15.84
2024-10-22 22:00:00,16.656750000000002,summer weekday,15.84
2024-10-22 23:00:00,15.86715,summer weekday,15.84
2024-10-23 00:00:00,16.11915,summer weekday,15.84
2024-10-23 01:00:00,15.9921,summer weekday,15.84
2024-10-23 02:00:00,16.117050000000003,summer weekday,15.84
2024-10-23 03:00:00,16.389000000000003,summer weekday,15.84
2024-10-23 04:00:00,17.208000000000002,summer weekday,15.84
2024-10-23 05:00:00,18.73995,summer weekday,20.41
2024-10-23 06:00:00,25.52295,summer weekday,20.41
2024-10-23 07:00:00,26.60865,summer weekday,20.41
2024-10-23 08:00:00,20.8641,summer weekday,20.41
2024-10-23 09:00:00,18.3105,summer weekday,20.41
2024-10-23 10:00:00,17.235300000000002,summer weekday,15.84
2024-10-23 11:00:00,16.370100000000004,summer weekday,15.84
2024-10-23 12:00:00,15.88395,summer weekday,15.84
2024-10-23 13:00:00,15.67185,summer weekday,15.84
2024-10-23 14:00:00,16.685100000000002,summer weekday,15.84
2024-10-23 15:00:00,18.079500000000003,summer weekday,15.84
2024-10-23 16:00:00,22.83075,summer weekday,20.41
2024-10-23 17:00:00,30.288900000000005,summer weekday,20.41
2024-10-23 18:00:00,26.028,summer weekday,20.41
2024-10-23 19:00:00,19.10955,summer weekday,20.41
2024-10-23 20:00:00,18.03855,summer weekday,15.84
2024-10-23 21:00:00,18.229650000000003,summer weekday,20.41
2024-10-23 22:00:00,17.1618,summer weekday,15.84
2024-10-23 23:00:00,17.01375,summer weekday,15.84
2024-10-24 00:00:00,16.034100000000002,summer weekday,15.84
2024-10-24 01:00:00,15.85035,summer weekday,15.84
2024-10-24 02:00:00,15.81045,summer weekday,15.84
2024-10-24 03:00:00,15.82725,summer weekday,15.84
2024-10-24 04:00:00,16.1811,summer weekday,15.84
2024-10-24 05:00:00,18.21705,summer weekday,20.41
2024-10-24 06:00:00,22.95045,summer weekday,20.41
2024-10-24 07:00:00,25.363350000000008,summer weekday,20.41
2024-10-24 08:00:00,19.696500000000004,summer weekday,20.41
2024-10-24 09:00:00,18.08055,summer weekday,15.84
2024-10-24 10:00:00,17.150250000000003,summer weekday,15.84
2024-10-24 11:00:00,16.195800000000002,summer weekday,15.84
2024-10-24 12:00:00,15.69075,summer weekday,15.84
2024-10-24 13:00:00,15.93855,summer weekday,15.84
2024-10-24 14:00:00,17.428500000000003,summer weekday,15.84
2024-10-24 15:00:00,19.57785,summer weekday,20.41
2024-10-24 16:00:00,21.0195,summer weekday,20.41
2024-10-24 17:00:00,22.24065,summer weekday,20.41
2024-10-24 18:00:00,19.369950000000003,summer weekday,20.41
2024-10-24 19:00:00,17.524050000000003,summer weekday,15.84
2024-10-24 20:00:00,17.212200000000003,summer weekday,15.84
2024-10-24 21:00:00,16.8195,summer weekday,15.84
2024-10-24 22:00:00,16.159050000000004,summer weekday,15.84
2024-10-24 23:00:00,16.0425,summer weekday,15.84
2024-10-25 00:00:00,15.99735,summer weekday,15.84
2024-10-25 01:00:00,15.74745,summer weekday,15.84
2024-10-25 02:00:00,16.053,summer weekday,15.84
2024-10-25 03:00:00,16.24935,summer weekday,15.84
2024-10-25 04:00:00,17.311950000000003,summer weekday,15.84
2024-10-25 05:00:00,18.818700000000003,summer weekday,20.41
2024-10-25 06:00:00,20.37375,summer weekday,20.41
2024-10-25 07:00:00,23.19195,summer weekday,20.41
2024-10-25 08:00:00,20.23515,summer weekday,20.41
2024-10-25 09:00:00,18.735750000000003,summer weekday,20.41
2024-10-25 10:00:00,17.239500000000003,summer weekday,15.84
2024-10-25 11:00:00,15.893400000000002,summer weekday,15.84
2024-10-25 12:00:00,15.5889,summer weekday,15.84
2024-10-25 13:00:00,16.039350000000002,summer weekday,15.84
2024-10-25 14:00:00,17.80965,summer weekday,15.84
2024-10-25 15:00:00,19.773150000000005,summer weekday,20.41
2024-10-25 16:00:00,24.046650000000003,summer weekday,20.41
2024-10-25 17:00:00,31.248600000000003,summer weekday,20.41
2024-10-25 18:00:00,26.789250000000003,summer weekday,20.41
2024-10-25 19:00:00,20.3853,summer weekday,20.41
2024-10-25 20:00:00,19.590450000000004,summer weekday,20.41
2024-10-25 21:00:00,19.3458,summer weekday,20.41
2024-10-25 22:00:00,18.657000000000004,summer weekday,20.41
2024-10-25 23:00:00,19.485450000000004,summer weekday,20.41
2024-10-26 00:00:00,18.892200000000003,summer weekend,17.98
2024-10-26 01:00:00,18.60975,summer weekend,17.98
2024-10-26 02:00:00,18.69795,summer weekend,17.98
2024-10-26 03:00:00,18.478500000000004,summer weekend,17.98
2024-10-26 04:00:00,18.5961,summer weekend,17.98
2024-10-26 05:00:00,19.342650000000003,summer weekend,17.98
2024-10-26 06:00:00,20.57955,summer weekend,17.98
2024-10-26 07:00:00,20.610000000000003,summer weekend,17.98
2024-10-26 08:00:00,19.724850000000004,summer weekend,17.98
2024-10-26 09:00:00,18.02595,summer weekend,17.98
2024-10-26 10:00:00,15.9354,summer weekend,17.98
2024-10-26 11:00:00,14.55675,summer weekend,13.75
2024-10-26 12:00:00,14.0265,summer weekend,13.75
2024-10-26 13:00:00,14.15775,summer weekend,13.75
2024-10-26 14:00:00,15.9312,summer weekend,17.98
2024-10-26 15:00:00,17.943,summer weekend,17.98
2024-10-26 16:00:00,20.581650000000003,summer weekend,17.98
2024-10-26 17:00:00,23.224500000000003,summer weekend,17.98
2024-10-26 18:00:00,19.8477,summer weekend,17.98
2024-10-26 19:00:00,17.5104,summer weekend,17.98
2024-10-26 20:00:00,16.699800000000003,summer weekend,17.98
2024-10-26 21:00:00,16.567500000000003,summer weekend,17.98
2024-10-26 22:00:00,15.426149999999998,summer weekend,13.75
2024-10-26 23:00:00,17.063100000000002,summer weekend,17.98
2024-10-27 00:00:00,16.200000000000003,summer weekend,17.98
2024-10-27 01:00:00,16.014150000000004,summer weekend,17.98
2024-10-27 02:00:00,15.825150000000002,summer weekend,13.75
2024-10-27 03:00:00,15.71805,summer weekend,13.75
2024-10-27 04:00:00,15.652950000000002,summer weekend,13.75
2024-10-27 05:00:00,16.3197,summer weekend,17.98
2024-10-27 06:00:00,16.74705,summer weekend,17.98
2024-10-27 07:00:00,16.62525,summer weekend,17.98
2024-10-27 08:00:00,16.235700000000005,summer weekend,17.98
2024-10-27 09:00:00,14.3604,summer weekend,13.75
2024-10-27 10:00:00,13.1256,summer weekend,13.75
2024-10-27 11:00:00,11.8425,summer weekend,13.75
2024-10-27 12:00:00,11.57895,summer weekend,13.75
2024-10-27 13:00:00,11.58,summer weekend,13.75
2024-10-27 14:00:00,14.13465,summer weekend,13.75
2024-10-27 15:00:00,19.090650000000004,summer weekend,17.98
2024-10-27 16:00:00,20.365350000000003,summer weekend,17.98
2024-10-27 17:00:00,22.951500000000003,summer weekend,17.98
2024-10-27 18:00:00,22.679550000000003,summer weekend,17.98
2024-10-27 19:00:00,21.07935,summer weekend,17.98
2024-10-27 20:00:00,19.785750000000004,summer weekend,17.98
2024-10-27 21:00:00,19.141050000000003,summer weekend,17.98
2024-10-27 22:00:00,19.3164,summer weekend,17.98
2024-10-27 23:00:00,18.19395,summer weekend,17.98
2024-10-28 00:00:00,17.418,summer weekday,15.84
2024-10-28 01:00:00,17.288850000000004,summer weekday,15.84
2024-10-28 02:00:00,16.6977,summer weekday,15.84
2024-10-28 03:00:00,16.209450000000004,summer weekday,15.84
2024-10-28 04:00:00,16.437300000000004,summer weekday,15.84
2024-10-28 05:00:00,17.872650000000004,summer weekday,15.84
2024-10-28 06:00:00,18.9216,summer weekday,20.41
2024-10-28 07:00:00,21.03105,summer weekday,20.41
2024-10-28 08:00:00,20.754900000000003,summer weekday,20.41
2024-10-28 09:00:00,19.5789,summer weekday,20.41
2024-10-28 10:00:00,17.629050000000003,summer weekday,15.84
2024-10-28 11:00:00,17.702550000000002,summer weekday,15.84
2024-10-28 12:00:00,17.34765,summer weekday,15.84
2024-10-28 13:00:00,18.01965,summer weekday,15.84
2024-10-28 14:00:00,19.342650000000003,summer weekday,20.41
2024-10-28 15:00:00,20.1228,summer weekday,20.41
2024-10-28 16:00:00,20.421000000000003,summer weekday,20.41
2024-10-28 17:00:00,22.19655,summer weekday,20.41
2024-10-28 18:00:00,23.004000000000005,summer weekday,20.41
2024-10-28 19:00:00,22.722600000000003,summer weekday,20.41
2024-10-28 20:00:00,20.419950000000004,summer weekday,20.41
2024-10-28 21:00:00,19.516950000000005,summer weekday,20.41
2024-10-28 22:00:00,18.9258,summer weekday,20.41
2024-10-28 23:00:00,18.13305,summer weekday,20.41
2024-10-29 00:00:00,18.0207,summer weekday,15.84
2024-10-29 01:00:00,17.884200000000003,summer weekday,15.84
2024-10-29 02:00:00,17.757150000000003,summer weekday,15.84
2024-10-29 03:00:00,17.68785,summer weekday,15.84
2024-10-29 04:00:00,17.8821,summer weekday,15.84
2024-10-29 05:00:00,19.2555,summer weekday,20.41
2024-10-29 06:00:00,20.754900000000003,summer weekday,20.41
2024-10-29 07:00:00,23.941650000000003,summer weekday,20.41
2024-10-29 08:00:00,23.268600000000003,summer weekday,20.41
2024-10-29 09:00:00,20.99745,summer weekday,20.41
2024-10-29 10:00:00,20.053500000000003,summer weekday,20.41
2024-10-29 11:00:00,19.241850000000003,summer weekday,20.41
2024-10-29 12:00:00,18.452250000000003,summer weekday,20.41
2024-10-29 13:00:00,19.741650000000003,summer weekday,20.41
2024-10-29 14:00:00,21.6537,summer weekday,20.41
2024-10-29 15:00:00,25.4673,summer weekday,20.41
2024-10-29 16:00:00,29.7156,summer weekday,20.41
2024-10-29 17:00:00,37.389,summer weekday,20.41
2024-10-29 18:00:00,34.4112,summer weekday,20.41
2024-10-29 19:00:00,28.7811,summer weekday,20.41
2024-10-29 20:00:00,22.143,summer weekday,20.41
2024-10-29 21:00:00,20.40525,summer weekday,20.41
2024-10-29 22:00:00,19.7784,summer weekday,20.41
2024-10-29 23:00:00,18.204450000000005,summer weekday,20.41
2024-10-30 00:00:00,17.95455,summer weekday,15.84
2024-10-30 01:00:00,17.934600000000003,summer weekday,15.84
2024-10-30 02:00:00,17.6868,summer weekday,15.84
2024-10-30 03:00:00,17.675250000000002,summer weekday,15.84
2024-10-30 04:00:00,17.938800000000004,summer weekday,15.84
2024-10-30 05:00:00,18.5436,summer weekday,20.41
2024-10-30 06:00:00,20.351700000000005,summer weekday,20.41
2024-10-30 07:00:00,22.0464,summer weekday,20.41
2024-10-30 08:00:00,21.965550000000004,summer weekday,20.41
2024-10-30 09:00:00,20.435700000000004,summer weekday,20.41
2024-10-30 10:00:00,19.455,summer weekday,20.41
2024-10-30 11:00:00,18.896400000000003,summer weekday,20.41
2024-10-30 12:00:00,18.145650000000003,summer weekday,20.41
2024-10-30 13:00:00,18.60975,summer weekday,20.41
2024-10-30 14:00:00,19.06755,summer weekday,20.41
2024-10-30 15:00:00,20.626800000000003,summer weekday,20.41
2024-10-30 16:00:00,24.180000000000003,summer weekday,20.41
2024-10-30 17:00:00,27.7374,summer weekday,20.41
2024-10-30 18:00:00,27.63345,summer weekday,20.41
2024-10-30 19:00:00,24.1212,summer weekday,20.41
2024-10-30 20:00:00,21.4038,summer weekday,20.41
2024-10-30 21:00:00,20.260350000000003,summer weekday,20.41
2024-10-30 22:00:00,19.490700000000004,summer weekday,20.41
2024-10-30 23:00:00,19.17885,summer weekday,20.41
2024-10-31 00:00:00,18.4218,summer weekday,20.41
2024-10-31 01:00:00,17.723550000000003,summer weekday,15.84
2024-10-31 02:00:00,17.5209,summer weekday,15.84
2024-10-31 03:00:00,17.335050000000003,summer weekday,15.84
2024-10-31 04:00:00,17.673150000000003,summer weekday,15.84
2024-10-31 05:00:00,18.1257,summer weekday,20.41
2024-10-31 06:00:00,20.10075,summer weekday,20.41
2024-10-31 07:00:00,21.610650000000003,summer weekday,20.41
2024-10-31 08:00:00,21.394350000000003,summer weekday,20.41
2024-10-31 09:00:00,20.3244,summer weekday,20.41
2024-10-31 10:00:00,18.4197,summer weekday,20.41
2024-10-31 11:00:00,17.675250000000002,summer weekday,15.84
2024-10-31 12:00:00,16.71555,summer weekday,15.84
2024-10-31 13:00:00,17.09775,summer weekday,15.84
2024-10-31 14:00:00,17.8149,summer weekday,15.84
2024-10-31 15:00:00,19.0875,summer weekday,20.41
2024-10-31 16:00:00,20.31285,summer weekday,20.41
2024-10-31 17:00:00,20.925000000000004,summer weekday,20.41
2024-10-31 18:00:00,20.86305,summer weekday,20.41
2024-10-31 19:00:00,19.753200000000003,summer weekday,20.41
2024-10-31 20:00:00,18.489,summer weekday,20.41
2024-10-31 21:00:00,16.340700000000002,summer weekday,15.84
2024-10-31 22:00:00,15.826200000000002,summer weekday,15.84
2024-10-31 23:00:00,14.1588,summer weekday,15.84
2024-11-01 00:00:00,14.0307,winter weekend,13.95
2024-11-01 01:00:00,13.98975,winter weekend,13.95
2024-11-01 02:00:00,13.3755,winter weekend,13.95
2024-11-01 03:00:00,13.1067,winter weekend,13.95
2024-11-01 04:00:00,13.36395,winter weekend,13.95
2024-11-01 05:00:00,14.01705,winter weekend,13.95
2024-11-01 06:00:00,14.696400000000002,winter weekend,13.95
2024-11-01 07:00:00,14.76675,winter weekend,13.95
2024-11-01 08:00:00,14.118900000000002,winter weekend,13.95
2024-11-01 09:00:00,13.806,winter weekend,13.95
2024-11-01 10:00:00,13.15605,winter weekend,13.95
2024-11-01 11:00:00,10.7442,winter weekend,8.8
2024-11-01 12:00:00,10.47645,winter weekend,8.8
2024-11-01 13:00:00,11.0445,winter weekend,8.8
2024-11-01 14:00:00,14.08215,winter weekend,13.95
2024-11-01 15:00:00,16.75965,winter weekend,18.28
2024-11-01 16:00:00,19.557900000000004,winter weekend,18.28
2024-11-01 17:00:00,19.96635,winter weekend,18.28
2024-11-01 18:00:00,19.76685,winter weekend,18.28
2024-11-01 19:00:00,19.72695,winter weekend,18.28
2024-11-01 20:00:00,19.266,winter weekend,18.28
2024-11-01 21:00:00,18.367200000000004,winter weekend,18.28
2024-11-01 22:00:00,17.713050000000003,winter weekend,18.28
2024-11-01 23:00:00,16.372200000000003,winter weekend,18.28
2024-11-02 00:00:00,17.43375,winter weekend,18.28
2024-11-02 01:00:00,16.967550000000003,winter weekend,18.28
2024-11-02 02:00:00,16.699800000000003,winter weekend,18.28
2024-11-02 03:00:00,16.41,winter weekend,18.28
2024-11-02 04:00:00,16.49925,winter weekend,18.28
2024-11-02 05:00:00,17.05365,winter weekend,18.28
2024-11-02 06:00:00,17.56185,winter weekend,18.28
2024-11-02 07:00:00,17.891550000000002,winter weekend,18.28
2024-11-02 08:00:00,18.001800000000003,winter weekend,18.28
2024-11-02 09:00:00,18.892200000000003,winter weekend,18.28
2024-11-02 10:00:00,16.95495,winter weekend,18.28
2024-11-02 11:00:00,17.296200000000002,winter weekend,18.28
2024-11-02 12:00:00,16.6914,winter weekend,18.28
2024-11-02 13:00:00,16.988550000000004,winter weekend,18.28
2024-11-02 14:00:00,18.239100000000004,winter weekend,18.28
2024-11-02 15:00:00,20.2215,winter weekend,18.28
2024-11-02 16:00:00,21.82905,winter weekend,18.28
2024-11-02 17:00:00,24.028800000000004,winter weekend,18.28
2024-11-02 18:00:00,23.1216,winter weekend,18.28
2024-11-02 19:00:00,21.5508,winter weekend,18.28
2024-11-02 20:00:00,20.27295,winter weekend,18.28
2024-11-02 21:00:00,19.062300000000004,winter weekend,18.28
2024-11-02 22:00:00,18.5394,winter weekend,18.28
2024-11-02 23:00:00,17.94405,winter weekend,18.28
2024-11-03 00:00:00,18.00495,winter weekend,18.28
2024-11-03 01:00:00,17.52615,winter weekend,18.28
2024-11-03 02:00:00,16.73025,winter weekend,18.28
2024-11-03 03:00:00,16.31445,winter weekend,18.28
2024-11-03 04:00:00,16.560150000000004,winter weekend,18.28
2024-11-03 05:00:00,16.672500000000003,winter weekend,18.28
2024-11-03 06:00:00,17.413800000000002,winter weekend,18.28
2024-11-03 07:00:00,17.68155,winter weekend,18.28
2024-11-03 08:00:00,16.66935,winter weekend,18.28
2024-11-03 09:00:00,16.19685,winter weekend,18.28
2024-11-03 10:00:00,14.80455,winter weekend,13.95
2024-11-03 11:00:00,13.7619,winter weekend,13.95
2024-11-03 12:00:00,12.90615,winter weekend,13.95
2024-11-03 13:00:00,13.7934,winter weekend,13.95
2024-11-03 14:00:00,16.238850000000003,winter weekend,18.28
2024-11-03 15:00:00,17.979750000000003,winter weekend,18.28
2024-11-03 16:00:00,19.4718,winter weekend,18.28
2024-11-03 17:00:00,20.810550000000003,winter weekend,18.28
2024-11-03 18:00:00,20.61945,winter weekend,18.28
2024-11-03 19:00:00,20.0556,winter weekend,18.28
2024-11-03 20:00:00,19.014000000000003,winter weekend,18.28
2024-11-03 21:00:00,18.09,winter weekend,18.28
2024-11-03 22:00:00,17.952450000000002,winter weekend,18.28
2024-11-03 23:00:00,17.30565,winter weekend,18.28
2024-11-04 00:00:00,17.044200000000004,winter weekday,16.6
2024-11-04 01:00:00,16.8258,winter weekday,16.6
2024-11-04 02:00:00,16.83735,winter weekday,16.6
2024-11-04 03:00:00,16.815300000000004,winter weekday,16.6
2024-11-04 04:00:00,16.914,winter weekday,16.6
2024-11-04 05:00:00,17.724600000000002,winter weekday,16.6
2024-11-04 06:00:00,20.493450000000003,winter weekday,21.38
2024-11-04 07:00:00,22.595550000000003,winter weekday,21.38
2024-11-04 08:00:00,21.993900000000004,winter weekday,21.38
2024-11-04 09:00:00,20.04615,winter weekday,21.38
2024-11-04 10:00:00,17.880000000000003,winter weekday,16.6
2024-11-04 11:00:00,17.5776,winter weekday,16.6
2024-11-04 12:00:00,17.3718,winter weekday,16.6
2024-11-04 13:00:00,17.719350000000002,winter weekday,16.6
2024-11-04 14:00:00,18.212850000000003,winter weekday,16.6
2024-11-04 15:00:00,21.072000000000003,winter weekday,21.38
2024-11-04 16:00:00,26.43435,winter weekday,21.38
2024-11-04 17:00:00,37.85205,winter weekday,21.38
2024-11-04 18:00:00,32.68920000000001,winter weekday,21.38
2024-11-04 19:00:00,24.39945,winter weekday,21.38
2024-11-04 20:00:00,20.295,winter weekday,21.38
2024-11-04 21:00:00,19.168350000000004,winter weekday,21.38
2024-11-04 22:00:00,18.717900000000004,winter weekday,16.6
2024-11-04 23:00:00,17.628,winter weekday,16.6
2024-11-05 00:00:00,18.06585,winter weekday,16.6
2024-11-05 01:00:00,17.250000000000004,winter weekday,16.6
2024-11-05 02:00:00,16.956000000000003,winter weekday,16.6
2024-11-05 03:00:00,17.145000000000003,winter weekday,16.6
2024-11-05 04:00:00,17.395950000000003,winter weekday,16.6
2024-11-05 05:00:00,18.3924,winter weekday,16.6
2024-11-05 06:00:00,20.814750000000004,winter weekday,21.38
2024-11-05 07:00:00,23.0586,winter weekday,21.38
2024-11-05 08:00:00,21.99075,winter weekday,21.38
2024-11-05 09:00:00,19.79415,winter weekday,21.38
2024-11-05 10:00:00,18.496350000000003,winter weekday,16.6
2024-11-05 11:00:00,17.384400000000003,winter weekday,16.6
2024-11-05 12:00:00,17.346600000000002,winter weekday,16.6
2024-11-05 13:00:00,17.801250000000003,winter weekday,16.6
2024-11-05 14:00:00,18.96675,winter weekday,16.6
2024-11-05 15:00:00,23.75895,winter weekday,21.38
2024-11-05 16:00:00,42.22215,winter weekday,21.38
2024-11-05 17:00:00,60.43755,winter weekday,21.38
2024-11-05 18:00:00,56.5977,winter weekday,21.38
2024-11-05 19:00:00,43.2585,winter weekday,21.38
2024-11-05 20:00:00,25.454700000000003,winter weekday,21.38
2024-11-05 21:00:00,21.110850000000003,winter weekday,21.38
2024-11-05 22:00:00,19.74585,winter weekday,21.38
2024-11-05 23:00:00,18.93315,winter weekday,16.6
2024-11-06 00:00:00,18.55095,winter weekday,16.6
2024-11-06 01:00:00,17.780250000000002,winter weekday,16.6
2024-11-06 02:00:00,17.404350000000004,winter weekday,16.6
2024-11-06 03:00:00,17.569200000000002,winter weekday,16.6
2024-11-06 04:00:00,17.933550000000004,winter weekday,16.6
2024-11-06 05:00:00,18.956250000000004,winter weekday,16.6
2024-11-06 06:00:00,24.537000000000003,winter weekday,21.38
2024-11-06 07:00:00,38.87895,winter weekday,21.38
2024-11-06 08:00:00,32.636700000000005,winter weekday,21.38
2024-11-06 09:00:00,22.5987,winter weekday,21.38
2024-11-06 10:00:00,21.393300000000004,winter weekday,21.38
2024-11-06 11:00:00,20.316000000000003,winter weekday,21.38
2024-11-06 12:00:00,20.316000000000003,winter weekday,21.38
2024-11-06 13:00:00,20.56275,winter weekday,21.38
2024-11-06 14:00:00,22.2648,winter weekday,21.38
2024-11-06 15:00:00,35.73945,winter weekday,21.38
2024-11-06 16:00:00,62.42625,winter weekday,21.38
2024-11-06 17:00:00,93.49155,winter weekday,21.38
2024-11-06 18:00:00,91.9134,winter weekday,21.38
2024-11-06 19:00:00,54.63,winter weekday,21.38
2024-11-06 20:00:00,29.151750000000003,winter weekday,21.38
2024-11-06 21:00:00,21.3954,winter weekday,21.38
2024-11-06 22:00:00,19.91175,winter weekday,21.38
2024-11-06 23:00:00,19.11165,winter weekday,21.38
2024-11-07 00:00:00,18.8817,winter weekday,16.6
2024-11-07 01:00:00,18.1929,winter weekday,16.6
2024-11-07 02:00:00,17.852700000000002,winter weekday,16.6
2024-11-07 03:00:00,17.864250000000002,winter weekday,16.6
2024-11-07 04:00:00,18.16665,winter weekday,16.6
2024-11-07 05:00:00,19.653450000000003,winter weekday,21.38
2024-11-07 06:00:00,23.908050000000003,winter weekday,21.38
2024-11-07 07:00:00,30.4338,winter weekday,21.38
2024-11-07 08:00:00,27.538950000000003,winter weekday,21.38
2024-11-07 09:00:00,23.4366,winter weekday,21.38
2024-11-07 10:00:00,23.0145,winter weekday,21.38
2024-11-07 11:00:00,21.53505,winter weekday,21.38
2024-11-07 12:00:00,21.561300000000003,winter weekday,21.38
2024-11-07 13:00:00,21.33555,winter weekday,21.38
2024-11-07 14:00:00,22.0737,winter weekday,21.38
2024-11-07 15:00:00,27.269100000000005,winter weekday,21.38
2024-11-07 16:00:00,34.8018,winter weekday,21.38
2024-11-07 17:00:00,50.2473,winter weekday,21.38
2024-11-07 18:00:00,38.5419,winter weekday,21.38
2024-11-07 19:00:00,25.76655000000001,winter weekday,21.38
2024-11-07 20:00:00,20.96805,winter weekday,21.38
2024-11-07 21:00:00,19.341600000000003,winter weekday,21.38
2024-11-07 22:00:00,19.11585,winter weekday,21.38
2024-11-07 23:00:00,17.86635,winter weekday,16.6
2024-11-08 00:00:00,17.83485,winter weekday,16.6
2024-11-08 01:00:00,17.851650000000003,winter weekday,16.6
2024-11-08 02:00:00,17.666850000000004,winter weekday,16.6
2024-11-08 03:00:00,17.63745,winter weekday,16.6
2024-11-08 04:00:00,17.612250000000003,winter weekday,16.6
2024-11-08 05:00:00,17.692050000000002,winter weekday,16.6
2024-11-08 06:00:00,18.63495,winter weekday,16.6
2024-11-08 07:00:00,20.77275,winter weekday,21.38
2024-11-08 08:00:00,21.33555,winter weekday,21.38
2024-11-08 09:00:00,20.6646,winter weekday,21.38
2024-11-08 10:00:00,19.7007,winter weekday,21.38
2024-11-08 11:00:00,19.0287,winter weekday,21.38
2024-11-08 12:00:00,18.466950000000004,winter weekday,16.6
2024-11-08 13:00:00,18.595050000000004,winter weekday,16.6
2024-11-08 14:00:00,19.16625,winter weekday,21.38
2024-11-08 15:00:00,20.35695,winter weekday,21.38
2024-11-08 16:00:00,20.9355,winter weekday,21.38
2024-11-08 17:00:00,20.8788,winter weekday,21.38
2024-11-08 18:00:00,21.3345,winter weekday,21.38
2024-11-08 19:00:00,20.73495,winter weekday,21.38
2024-11-08 20:00:00,19.5327,winter weekday,21.38
2024-11-08 21:00:00,18.875400000000003,winter weekday,16.6
2024-11-08 22:00:00,19.245000000000005,winter weekday,21.38
2024-11-08 23:00:00,18.306300000000004,winter weekday,16.6
2024-11-09 00:00:00,18.4155,winter weekend,18.28
2024-11-09 01:00:00,17.8758,winter weekend,18.28
2024-11-09 02:00:00,17.67,winter weekend,18.28
2024-11-09 03:00:00,17.5314,winter weekend,18.28
2024-11-09 04:00:00,17.713050000000003,winter weekend,18.28
2024-11-09 05:00:00,17.952450000000002,winter weekend,18.28
2024-11-09 06:00:00,18.332550000000005,winter weekend,18.28
2024-11-09 07:00:00,18.91635,winter weekend,18.28
2024-11-09 08:00:00,19.3605,winter weekend,18.28
2024-11-09 09:00:00,19.413,winter weekend,18.28
2024-11-09 10:00:00,18.92685,winter weekend,18.28
2024-11-09 11:00:00,18.552000000000003,winter weekend,18.28
2024-11-09 12:00:00,18.6024,winter weekend,18.28
2024-11-09 13:00:00,18.72,winter weekend,18.28
2024-11-09 14:00:00,18.9489,winter weekend,18.28
2024-11-09 15:00:00,20.1333,winter weekend,18.28
2024-11-09 16:00:00,21.789150000000003,winter weekend,18.28
2024-11-09 17:00:00,22.80765,winter weekend,18.28
2024-11-09 18:00:00,22.899000000000004,winter weekend,18.28
2024-11-09 19:00:00,22.0695,winter weekend,18.28
2024-11-09 20:00:00,20.8536,winter weekend,18.28
2024-11-09 21:00:00,19.7658,winter weekend,18.28
2024-11-09 22:00:00,19.40565,winter weekend,18.28
2024-11-09 23:00:00,18.940500000000004,winter weekend,18.28
2024-11-10 00:00:00,18.40395,winter weekend,18.28
2024-11-10 01:00:00,18.1194,winter weekend,18.28
2024-11-10 02:00:00,18.091050000000003,winter weekend,18.28
2024-11-10 03:00:00,17.9703,winter weekend,18.28
2024-11-10 04:00:00,17.9724,winter weekend,18.28
2024-11-10 05:00:00,18.0879,winter weekend,18.28
2024-11-10 06:00:00,17.913600000000002,winter weekend,18.28
2024-11-10 07:00:00,18.13725,winter weekend,18.28
2024-11-10 08:00:00,18.444900000000004,winter weekend,18.28
2024-11-10 09:00:00,19.03395,winter weekend,18.28
2024-11-10 10:00:00,19.2051,winter weekend,18.28
2024-11-10 11:00:00,18.94365,winter weekend,18.28
2024-11-10 12:00:00,19.0266,winter weekend,18.28
2024-11-10 13:00:00,18.783,winter weekend,18.28
2024-11-10 14:00:00,19.1778,winter weekend,18.28
2024-11-10 15:00:00,20.6331,winter weekend,18.28
2024-11-10 16:00:00,21.452100000000005,winter weekend,18.28
2024-11-10 17:00:00,22.995600000000003,winter weekend,18.28
2024-11-10 18:00:00,22.71105,winter weekend,18.28
2024-11-10 19:00:00,21.934050000000003,winter weekend,18.28
2024-11-10 20:00:00,20.537550000000003,winter weekend,18.28
2024-11-10 21:00:00,19.484400000000004,winter weekend,18.28
2024-11-10 22:00:00,19.0455,winter weekend,18.28
2024-11-10 23:00:00,18.7221,winter weekend,18.28
2024-11-11 00:00:00,18.89325,winter weekday,16.6
2024-11-11 01:00:00,18.2664,winter weekday,16.6
2024-11-11 02:00:00,17.880000000000003,winter weekday,16.6
2024-11-11 03:00:00,17.6553,winter weekday,16.6
2024-11-11 04:00:00,17.617500000000003,winter weekday,16.6
2024-11-11 05:00:00,18.28845,winter weekday,16.6
2024-11-11 06:00:00,19.52745,winter weekday,21.38
2024-11-11 07:00:00,20.85675,winter weekday,21.38
2024-11-11 08:00:00,21.561300000000003,winter weekday,21.38
2024-11-11 09:00:00,21.338700000000003,winter weekday,21.38
2024-11-11 10:00:00,20.8725,winter weekday,21.38
2024-11-11 11:00:00,20.42205,winter weekday,21.38
2024-11-11 12:00:00,19.9632,winter weekday,21.38
2024-11-11 13:00:00,20.927100000000003,winter weekday,21.38
2024-11-11 14:00:00,21.076200000000004,winter weekday,21.38
2024-11-11 15:00:00,21.980250000000005,winter weekday,21.38
2024-11-11 16:00:00,22.178700000000003,winter weekday,21.38
2024-11-11 17:00:00,23.46390000000001,winter weekday,21.38
2024-11-11 18:00:00,22.82445,winter weekday,21.38
2024-11-11 19:00:00,21.4185,winter weekday,21.38
2024-11-11 20:00:00,20.1837,winter weekday,21.38
2024-11-11 21:00:00,19.2324,winter weekday,21.38
2024-11-11 22:00:00,19.0938,winter weekday,21.38
2024-11-11 23:00:00,18.447000000000003,winter weekday,16.6
2024-11-12 00:00:00,18.962550000000004,winter weekday,16.6
2024-11-12 01:00:00,18.367200000000004,winter weekday,16.6
2024-11-12 02:00:00,18.162450000000003,winter weekday,16.6
2024-11-12 03:00:00,18.29895,winter weekday,16.6
2024-11-12 04:00:00,18.6675,winter weekday,16.6
2024-11-12 05:00:00,19.77105,winter weekday,21.38
2024-11-12 06:00:00,22.885350000000003,winter weekday,21.38
2024-11-12 07:00:00,26.859600000000004,winter weekday,21.38
2024-11-12 08:00:00,28.552200000000003,winter weekday,21.38
2024-11-12 09:00:00,30.829650000000004,winter weekday,21.38
2024-11-12 10:00:00,27.355200000000004,winter weekday,21.38
2024-11-12 11:00:00,25.343400000000003,winter weekday,21.38
2024-11-12 12:00:00,24.346950000000003,winter weekday,21.38
2024-11-12 13:00:00,23.80935,winter weekday,21.38
2024-11-12 14:00:00,25.68885000000001,winter weekday,21.38
2024-11-12 15:00:00,30.351900000000004,winter weekday,21.38
2024-11-12 16:00:00,36.01665,winter weekday,21.38
2024-11-12 17:00:00,40.75845,winter weekday,21.38
2024-11-12 18:00:00,31.039650000000005,winter weekday,21.38
2024-11-12 19:00:00,25.37175,winter weekday,21.38
2024-11-12 20:00:00,23.037600000000005,winter weekday,21.38
2024-11-12 21:00:00,21.229500000000005,winter weekday,21.38
2024-11-12 22:00:00,20.527050000000003,winter weekday,21.38
2024-11-12 23:00:00,19.516950000000005,winter weekday,21.38
2024-11-13 00:00:00,19.680750000000003,winter weekday,21.38
2024-11-13 01:00:00,19.10955,winter weekday,21.38
2024-11-13 02:00:00,18.70425,winter weekday,16.6
2024-11-13 03:00:00,18.662250000000004,winter weekday,16.6
2024-11-13 04:00:00,18.99615,winter weekday,21.38
2024-11-13 05:00:00,19.875000000000004,winter weekday,21.38
2024-11-13 06:00:00,21.1455,winter weekday,21.38
2024-11-13 07:00:00,24.68190000000001,winter weekday,21.38
2024-11-13 08:00:00,31.05225,winter weekday,21.38
2024-11-13 09:00:00,31.260150000000007,winter weekday,21.38
2024-11-13 10:00:00,28.46400000000001,winter weekday,21.38
2024-11-13 11:00:00,26.038500000000003,winter weekday,21.38
2024-11-13 12:00:00,24.283950000000004,winter weekday,21.38
2024-11-13 13:00:00,24.397350000000003,winter weekday,21.38
2024-11-13 14:00:00,24.169500000000003,winter weekday,21.38
2024-11-13 15:00:00,24.768,winter weekday,21.38
2024-11-13 16:00:00,26.099400000000003,winter weekday,21.38
2024-11-13 17:00:00,26.115150000000003,winter weekday,21.38
2024-11-13 18:00:00,25.639500000000005,winter weekday,21.38
2024-11-13 19:00:00,24.36795,winter weekday,21.38
2024-11-13 20:00:00,20.5281,winter weekday,21.38
2024-11-13 21:00:00,19.440300000000004,winter weekday,21.38
2024-11-13 22:00:00,19.29855,winter weekday,21.38
2024-11-13 23:00:00,18.575100000000003,winter weekday,16.6
2024-11-14 00:00:00,18.0585,winter weekday,16.6
2024-11-14 01:00:00,17.862150000000003,winter weekday,16.6
2024-11-14 02:00:00,17.461050000000004,winter weekday,16.6
2024-11-14 03:00:00,17.06625,winter weekday,16.6
2024-11-14 04:00:00,16.978050000000003,winter weekday,16.6
2024-11-14 05:00:00,17.0652,winter weekday,16.6
2024-11-14 06:00:00,18.241200000000003,winter weekday,16.6
2024-11-14 07:00:00,19.519050000000004,winter weekday,21.38
2024-11-14 08:00:00,20.7297,winter weekday,21.38
2024-11-14 09:00:00,20.3916,winter weekday,21.38
2024-11-14 10:00:00,20.573250000000005,winter weekday,21.38
2024-11-14 11:00:00,20.488200000000003,winter weekday,21.38
2024-11-14 12:00:00,20.156400000000005,winter weekday,21.38
2024-11-14 13:00:00,20.757,winter weekday,21.38
2024-11-14 14:00:00,21.45105,winter weekday,21.38
2024-11-14 15:00:00,22.3089,winter weekday,21.38
2024-11-14 16:00:00,22.85805,winter weekday,21.38
2024-11-14 17:00:00,23.750550000000004,winter weekday,21.38
2024-11-14 18:00:00,23.559450000000005,winter weekday,21.38
2024-11-14 19:00:00,22.95045,winter weekday,21.38
2024-11-14 20:00:00,21.9309,winter weekday,21.38
2024-11-14 21:00:00,20.9712,winter weekday,21.38
2024-11-14 22:00:00,20.28345,winter weekday,21.38
2024-11-14 23:00:00,19.190400000000004,winter weekday,21.38
2024-11-15 00:00:00,18.9762,winter weekday,16.6
2024-11-15 01:00:00,18.58455,winter weekday,16.6
2024-11-15 02:00:00,18.61605,winter weekday,16.6
2024-11-15 03:00:00,18.2601,winter weekday,16.6
2024-11-15 04:00:00,18.3441,winter weekday,16.6
2024-11-15 05:00:00,18.783,winter weekday,16.6
2024-11-15 06:00:00,20.9523,winter weekday,21.38
2024-11-15 07:00:00,22.516800000000003,winter weekday,21.38
2024-11-15 08:00:00,23.945850000000004,winter weekday,21.38
2024-11-15 09:00:00,23.220300000000005,winter weekday,21.38
2024-11-15 10:00:00,21.9582,winter weekday,21.38
2024-11-15 11:00:00,21.5634,winter weekday,21.38
2024-11-15 12:00:00,20.1627,winter weekday,21.38
2024-11-15 13:00:00,20.169,winter weekday,21.38
2024-11-15 14:00:00,21.22845,winter weekday,21.38
2024-11-15 15:00:00,22.26375,winter weekday,21.38
2024-11-15 16:00:00,21.444750000000003,winter weekday,21.38
2024-11-15 17:00:00,21.6873,winter weekday,21.38
2024-11-15 18:00:00,21.53085,winter weekday,21.38
2024-11-15 19:00:00,20.860950000000003,winter weekday,21.38
2024-11-15 20:00:00,19.531650000000003,winter weekday,21.38
2024-11-15 21:00:00,19.007700000000003,winter weekday,21.38
2024-11-15 22:00:00,18.73995,winter weekday,16.6
2024-11-15 23:00:00,17.680500000000002,winter weekday,16.6
2024-11-16 00:00:00,18.0816,winter weekend,18.28
2024-11-16 01:00:00,17.400150000000004,winter weekend,18.28
2024-11-16 02:00:00,16.816350000000003,winter weekend,18.28
2024-11-16 03:00:00,16.46985,winter weekend,18.28
2024-11-16 04:00:00,16.705050000000004,winter weekend,18.28
2024-11-16 05:00:00,16.509750000000004,winter weekend,18.28
2024-11-16 06:00:00,15.1311,winter weekend,13.95
2024-11-16 07:00:00,16.840500000000002,winter weekend,18.28
2024-11-16 08:00:00,18.37875,winter weekend,18.28
2024-11-16 09:00:00,18.90585,winter weekend,18.28
2024-11-16 10:00:00,18.678,winter weekend,18.28
2024-11-16 11:00:00,17.778150000000004,winter weekend,18.28
2024-11-16 12:00:00,17.562900000000003,winter weekend,18.28
2024-11-16 13:00:00,17.56185,winter weekend,18.28
2024-11-16 14:00:00,17.2206,winter weekend,18.28
2024-11-16 15:00:00,17.903100000000002,winter weekend,18.28
2024-11-16 16:00:00,18.82395,winter weekend,18.28
2024-11-16 17:00:00,19.86765,winter weekend,18.28
2024-11-16 18:00:00,19.44975,winter weekend,18.28
2024-11-16 19:00:00,18.318900000000003,winter weekend,18.28
2024-11-16 20:00:00,16.060350000000003,winter weekend,13.95
2024-11-16 21:00:00,15.0261,winter weekend,13.95
2024-11-16 22:00:00,15.13215,winter weekend,13.95
2024-11-16 23:00:00,14.27535,winter weekend,13.95
2024-11-17 00:00:00,15.7905,winter weekend,13.95
2024-11-17 01:00:00,14.6544,winter weekend,13.95
2024-11-17 02:00:00,14.9904,winter weekend,13.95
2024-11-17 03:00:00,13.5456,winter weekend,13.95
2024-11-17 04:00:00,11.79,winter weekend,13.95
2024-11-17 05:00:00,11.03505,winter weekend,8.8
2024-11-17 06:00:00,11.8278,winter weekend,13.95
2024-11-17 07:00:00,13.75245,winter weekend,13.95
2024-11-17 08:00:00,14.184,winter weekend,13.95
2024-11-17 09:00:00,14.247000000000002,winter weekend,13.95
2024-11-17 10:00:00,14.5515,winter weekend,13.95
2024-11-17 11:00:00,14.18295,winter weekend,13.95
2024-11-17 12:00:00,13.1445,winter weekend,13.95
2024-11-17 13:00:00,12.3003,winter weekend,13.95
2024-11-17 14:00:00,13.81125,winter weekend,13.95
2024-11-17 15:00:00,14.184,winter weekend,13.95
2024-11-17 16:00:00,14.7405,winter weekend,13.95
2024-11-17 17:00:00,18.178200000000004,winter weekend,18.28
2024-11-17 18:00:00,15.853500000000002,winter weekend,13.95
2024-11-17 19:00:00,14.247000000000002,winter weekend,13.95
2024-11-17 20:00:00,13.40805,winter weekend,13.95
2024-11-17 21:00:00,14.18295,winter weekend,13.95
2024-11-17 22:00:00,14.5998,winter weekend,13.95
2024-11-17 23:00:00,13.8921,winter weekend,13.95
2024-11-18 00:00:00,14.2491,winter weekday,12.89
2024-11-18 01:00:00,14.14095,winter weekday,12.89
2024-11-18 02:00:00,13.6653,winter weekday,12.89
2024-11-18 03:00:00,11.83095,winter weekday,12.89
2024-11-18 04:00:00,13.48785,winter weekday,12.89
2024-11-18 05:00:00,15.17415,winter weekday,16.6
2024-11-18 06:00:00,17.412750000000003,winter weekday,16.6
2024-11-18 07:00:00,20.154300000000003,winter weekday,21.38
2024-11-18 08:00:00,20.18055,winter weekday,21.38
2024-11-18 09:00:00,19.9338,winter weekday,21.38
2024-11-18 10:00:00,19.08855,winter weekday,21.38
2024-11-18 11:00:00,17.1429,winter weekday,16.6
2024-11-18 12:00:00,15.7275,winter weekday,16.6
2024-11-18 13:00:00,17.263650000000002,winter weekday,16.6
2024-11-18 14:00:00,18.879600000000003,winter weekday,16.6
2024-11-18 15:00:00,19.9779,winter weekday,21.38
2024-11-18 16:00:00,21.2904,winter weekday,21.38
2024-11-18 17:00:00,24.169500000000003,winter weekday,21.38
2024-11-18 18:00:00,24.3711,winter weekday,21.38
2024-11-18 19:00:00,23.440800000000003,winter weekday,21.38
2024-11-18 20:00:00,20.9187,winter weekday,21.38
2024-11-18 21:00:00,19.730100000000004,winter weekday,21.38
2024-11-18 22:00:00,19.663950000000003,winter weekday,21.38
2024-11-18 23:00:00,18.7935,winter weekday,16.6
2024-11-19 00:00:00,18.6213,winter weekday,16.6
2024-11-19 01:00:00,18.027,winter weekday,16.6
2024-11-19 02:00:00,17.4159,winter weekday,16.6
2024-11-19 03:00:00,17.011650000000003,winter weekday,16.6
2024-11-19 04:00:00,17.384400000000003,winter weekday,16.6
2024-11-19 05:00:00,17.746650000000002,winter weekday,16.6
2024-11-19 06:00:00,19.58835,winter weekday,21.38
2024-11-19 07:00:00,21.196950000000005,winter weekday,21.38
2024-11-19 08:00:00,23.661300000000004,winter weekday,21.38
2024-11-19 09:00:00,23.924850000000003,winter weekday,21.38
2024-11-19 10:00:00,23.7873,winter weekday,21.38
2024-11-19 11:00:00,23.42505,winter weekday,21.38
2024-11-19 12:00:00,22.93995,winter weekday,21.38
2024-11-19 13:00:00,22.5147,winter weekday,21.38
2024-11-19 14:00:00,22.09575,winter weekday,21.38
2024-11-19 15:00:00,20.9019,winter weekday,21.38
2024-11-19 16:00:00,21.33345,winter weekday,21.38
2024-11-19 17:00:00,22.099950000000003,winter weekday,21.38
2024-11-19 18:00:00,21.51825,winter weekday,21.38
2024-11-19 19:00:00,20.60265,winter weekday,21.38
2024-11-19 20:00:00,19.6755,winter weekday,21.38
2024-11-19 21:00:00,18.863850000000003,winter weekday,16.6
2024-11-19 22:00:00,18.43125,winter weekday,16.6
2024-11-19 23:00:00,16.813200000000002,winter weekday,16.6
2024-11-20 00:00:00,17.8947,winter weekday,16.6
2024-11-20 01:00:00,17.040000000000003,winter weekday,16.6
2024-11-20 02:00:00,16.473000000000003,winter weekday,16.6
2024-11-20 03:00:00,15.9396,winter weekday,16.6
2024-11-20 04:00:00,15.9858,winter weekday,16.6
2024-11-20 05:00:00,17.17545,winter weekday,16.6
2024-11-20 06:00:00,18.67275,winter weekday,16.6
2024-11-20 07:00:00,21.620100000000004,winter weekday,21.38
2024-11-20 08:00:00,22.381350000000005,winter weekday,21.38
2024-11-20 09:00:00,22.089450000000003,winter weekday,21.38
2024-11-20 10:00:00,20.01675,winter weekday,21.38
2024-11-20 11:00:00,18.69585,winter weekday,16.6
2024-11-20 12:00:00,17.5923,winter weekday,16.6
2024-11-20 13:00:00,17.602800000000002,winter weekday,16.6
2024-11-20 14:00:00,18.5772,winter weekday,16.6
2024-11-20 15:00:00,21.1182,winter weekday,21.38
2024-11-20 16:00:00,21.564450000000004,winter weekday,21.38
2024-11-20 17:00:00,22.290000000000003,winter weekday,21.38
2024-11-20 18:00:00,22.350900000000003,winter weekday,21.38
2024-11-20 19:00:00,22.1073,winter weekday,21.38
2024-11-20 20:00:00,21.6579,winter weekday,21.38
2024-11-20 21:00:00,20.30025,winter weekday,21.38
2024-11-20 22:00:00,19.604100000000003,winter weekday,21.38
2024-11-20 23:00:00,18.2475,winter weekday,16.6
2024-11-21 00:00:00,17.245800000000003,winter weekday,16.6
2024-11-21 01:00:00,16.872000000000003,winter weekday,16.6
2024-11-21 02:00:00,16.494000000000003,winter weekday,16.6
2024-11-21 03:00:00,16.215750000000003,winter weekday,16.6
2024-11-21 04:00:00,16.22415,winter weekday,16.6
2024-11-21 05:00:00,17.090400000000002,winter weekday,16.6
2024-11-21 06:00:00,18.63285,winter weekday,16.6
2024-11-21 07:00:00,20.131200000000003,winter weekday,21.38
2024-11-21 08:00:00,21.343950000000003,winter weekday,21.38
2024-11-21 09:00:00,21.5529,winter weekday,21.38
2024-11-21 10:00:00,20.749650000000003,winter weekday,21.38
2024-11-21 11:00:00,19.50435,winter weekday,21.38
2024-11-21 12:00:00,19.30485,winter weekday,21.38
2024-11-21 13:00:00,20.06715,winter weekday,21.38
2024-11-21 14:00:00,22.250100000000003,winter weekday,21.38
2024-11-21 15:00:00,23.639250000000004,winter weekday,21.38
2024-11-21 16:00:00,25.751850000000005,winter weekday,21.38
2024-11-21 17:00:00,26.5173,winter weekday,21.38
2024-11-21 18:00:00,24.3207,winter weekday,21.38
2024-11-21 19:00:00,23.555250000000004,winter weekday,21.38
2024-11-21 20:00:00,21.169650000000004,winter weekday,21.38
2024-11-21 21:00:00,20.30025,winter weekday,21.38
2024-11-21 22:00:00,20.284500000000005,winter weekday,21.38
2024-11-21 23:00:00,18.6633,winter weekday,16.6
2024-11-22 00:00:00,19.5726,winter weekday,21.38
2024-11-22 01:00:00,18.53205,winter weekday,16.6
2024-11-22 02:00:00,17.65425,winter weekday,16.6
2024-11-22 03:00:00,16.973850000000002,winter weekday,16.6
2024-11-22 04:00:00,16.688250000000004,winter weekday,16.6
2024-11-22 05:00:00,17.056800000000003,winter weekday,16.6
2024-11-22 06:00:00,19.6713,winter weekday,21.38
2024-11-22 07:00:00,21.586500000000004,winter weekday,21.38
2024-11-22 08:00:00,22.508400000000005,winter weekday,21.38
2024-11-22 09:00:00,22.2459,winter weekday,21.38
2024-11-22 10:00:00,21.633750000000003,winter weekday,21.38
2024-11-22 11:00:00,19.648200000000003,winter weekday,21.38
2024-11-22 12:00:00,18.4197,winter weekday,16.6
2024-11-22 13:00:00,17.379150000000003,winter weekday,16.6
2024-11-22 14:00:00,17.478900000000003,winter weekday,16.6
2024-11-22 15:00:00,18.5352,winter weekday,16.6
2024-11-22 16:00:00,19.05705,winter weekday,21.38
2024-11-22 17:00:00,20.866200000000003,winter weekday,21.38
2024-11-22 18:00:00,21.4794,winter weekday,21.38
2024-11-22 19:00:00,20.904000000000003,winter weekday,21.38
2024-11-22 20:00:00,18.53205,winter weekday,16.6
2024-11-22 21:00:00,18.546750000000003,winter weekday,16.6
2024-11-22 22:00:00,17.17125,winter weekday,16.6
2024-11-22 23:00:00,15.465000000000002,winter weekday,16.6
2024-11-23 00:00:00,15.78,winter weekend,13.95
2024-11-23 01:00:00,15.45135,winter weekend,13.95
2024-11-23 02:00:00,15.5574,winter weekend,13.95
2024-11-23 03:00:00,15.6792,winter weekend,13.95
2024-11-23 04:00:00,15.71175,winter weekend,13.95
2024-11-23 05:00:00,16.046700000000005,winter weekend,13.95
2024-11-23 06:00:00,15.99525,winter weekend,13.95
2024-11-23 07:00:00,16.75335,winter weekend,18.28
2024-11-23 08:00:00,17.615400000000005,winter weekend,18.28
2024-11-23 09:00:00,16.370100000000004,winter weekend,18.28
2024-11-23 10:00:00,15.6267,winter weekend,13.95
2024-11-23 11:00:00,15.0975,winter weekend,13.95
2024-11-23 12:00:00,14.856,winter weekend,13.95
2024-11-23 13:00:00,15.34425,winter weekend,13.95
2024-11-23 14:00:00,16.376400000000004,winter weekend,18.28
2024-11-23 15:00:00,18.357750000000003,winter weekend,18.28
2024-11-23 16:00:00,16.54755,winter weekend,18.28
2024-11-23 17:00:00,17.413800000000002,winter weekend,18.28
2024-11-23 18:00:00,16.418400000000002,winter weekend,18.28
2024-11-23 19:00:00,14.835,winter weekend,13.95
2024-11-23 20:00:00,13.63275,winter weekend,13.95
2024-11-23 21:00:00,12.42315,winter weekend,13.95
2024-11-23 22:00:00,11.4855,winter weekend,13.95
2024-11-23 23:00:00,9.3183,winter weekend,8.8
2024-11-24 00:00:00,7.48605,winter weekend,8.8
2024-11-24 01:00:00,7.380000000000001,winter weekend,8.8
2024-11-24 02:00:00,7.380000000000001,winter weekend,8.8
2024-11-24 03:00:00,7.379050000000001,winter weekend,8.8
2024-11-24 04:00:00,7.378100000000001,winter weekend,8.8
2024-11-24 05:00:00,7.377150000000001,winter weekend,8.8
2024-11-24 06:00:00,7.375250000000001,winter weekend,8.8
2024-11-24 07:00:00,7.377150000000001,winter weekend,8.8
2024-11-24 08:00:00,7.52385,winter weekend,8.8
2024-11-24 09:00:00,7.773750000000001,winter weekend,8.8
2024-11-24 10:00:00,7.59735,winter weekend,8.8
2024-11-24 11:00:00,7.645650000000001,winter weekend,8.8
2024-11-24 12:00:00,7.48605,winter weekend,8.8
2024-11-24 13:00:00,7.48605,winter weekend,8.8
2024-11-24 14:00:00,7.706550000000001,winter weekend,8.8
2024-11-24 15:00:00,8.07405,winter weekend,8.8
2024-11-24 16:00:00,8.84895,winter weekend,8.8
2024-11-24 17:00:00,9.0096,winter weekend,8.8
2024-11-24 18:00:00,9.0789,winter weekend,8.8
2024-11-24 19:00:00,8.6421,winter weekend,8.8
2024-11-24 20:00:00,8.157,winter weekend,8.8
2024-11-24 21:00:00,7.852500000000001,winter weekend,8.8
2024-11-24 22:00:00,7.723350000000001,winter weekend,8.8
2024-11-24 23:00:00,7.381050000000001,winter weekend,8.8
2024-11-25 00:00:00,7.26125,winter weekday,12.89
2024-11-25 01:00:00,7.228950000000001,winter weekday,12.89
2024-11-25 02:00:00,7.245100000000001,winter weekday,12.89
2024-11-25 03:00:00,7.2033000000000005,winter weekday,12.89
2024-11-25 04:00:00,7.245100000000001,winter weekday,12.89
2024-11-25 05:00:00,7.353400000000001,winter weekday,12.89
2024-11-25 06:00:00,7.389450000000001,winter weekday,12.89
2024-11-25 07:00:00,13.089900000000002,winter weekday,12.89
2024-11-25 08:00:00,15.46605,winter weekday,16.6
2024-11-25 09:00:00,14.36985,winter weekday,12.89
2024-11-25 10:00:00,11.84775,winter weekday,12.89
2024-11-25 11:00:00,11.72385,winter weekday,12.89
2024-11-25 12:00:00,11.58,winter weekday,12.89
2024-11-25 13:00:00,13.3818,winter weekday,12.89
2024-11-25 14:00:00,14.51685,winter weekday,12.89
2024-11-25 15:00:00,17.35395,winter weekday,16.6
2024-11-25 16:00:00,17.100900000000003,winter weekday,16.6
2024-11-25 17:00:00,19.568400000000004,winter weekday,21.38
2024-11-25 18:00:00,20.820000000000004,winter weekday,21.38
2024-11-25 19:00:00,19.770000000000003,winter weekday,21.38
2024-11-25 20:00:00,17.326650000000004,winter weekday,16.6
2024-11-25 21:00:00,15.9123,winter weekday,16.6
2024-11-25 22:00:00,16.437300000000004,winter weekday,16.6
2024-11-25 23:00:00,14.64285,winter weekday,12.89
2024-11-26 00:00:00,16.78065,winter weekday,16.6
2024-11-26 01:00:00,15.56895,winter weekday,16.6
2024-11-26 02:00:00,15.5343,winter weekday,16.6
2024-11-26 03:00:00,14.78775,winter weekday,16.6
2024-11-26 04:00:00,15.0156,winter weekday,16.6
2024-11-26 05:00:00,16.017300000000002,winter weekday,16.6
2024-11-26 06:00:00,18.03225,winter weekday,16.6
2024-11-26 07:00:00,21.1245,winter weekday,21.38
2024-11-26 08:00:00,21.853200000000005,winter weekday,21.38
2024-11-26 09:00:00,20.72445,winter weekday,21.38
2024-11-26 10:00:00,19.14945,winter weekday,21.38
2024-11-26 11:00:00,17.880000000000003,winter weekday,16.6
2024-11-26 12:00:00,16.924500000000002,winter weekday,16.6
2024-11-26 13:00:00,18.09735,winter weekday,16.6
2024-11-26 14:00:00,19.570500000000003,winter weekday,21.38
2024-11-26 15:00:00,20.39475,winter weekday,21.38
2024-11-26 16:00:00,22.4055,winter weekday,21.38
2024-11-26 17:00:00,23.709600000000005,winter weekday,21.38
2024-11-26 18:00:00,24.27555000000001,winter weekday,21.38
2024-11-26 19:00:00,23.474400000000003,winter weekday,21.38
2024-11-26 20:00:00,20.6499,winter weekday,21.38
2024-11-26 21:00:00,19.79415,winter weekday,21.38
2024-11-26 22:00:00,20.20365,winter weekday,21.38
2024-11-26 23:00:00,19.280700000000003,winter weekday,21.38
2024-11-27 00:00:00,18.3777,winter weekday,16.6
2024-11-27 01:00:00,18.5394,winter weekday,16.6
2024-11-27 02:00:00,18.930000000000003,winter weekday,16.6
2024-11-27 03:00:00,19.0833,winter weekday,21.38
2024-11-27 04:00:00,19.4193,winter weekday,21.38
2024-11-27 05:00:00,20.3916,winter weekday,21.38
2024-11-27 06:00:00,22.132500000000004,winter weekday,21.38
2024-11-27 07:00:00,24.180000000000003,winter weekday,21.38
2024-11-27 08:00:00,26.788200000000007,winter weekday,21.38
2024-11-27 09:00:00,24.647250000000003,winter weekday,21.38
2024-11-27 10:00:00,23.4555,winter weekday,21.38
2024-11-27 11:00:00,23.130000000000003,winter weekday,21.38
2024-11-27 12:00:00,22.6743,winter weekday,21.38
2024-11-27 13:00:00,22.131450000000005,winter weekday,21.38
2024-11-27 14:00:00,21.03945,winter weekday,21.38
2024-11-27 15:00:00,21.2085,winter weekday,21.38
2024-11-27 16:00:00,19.7238,winter weekday,21.38
2024-11-27 17:00:00,18.9552,winter weekday,16.6
2024-11-27 18:00:00,19.17045,winter weekday,21.38
2024-11-27 19:00:00,18.073200000000003,winter weekday,16.6
2024-11-27 20:00:00,15.5847,winter weekday,16.6
2024-11-27 21:00:00,14.9253,winter weekday,16.6
2024-11-27 22:00:00,14.42025,winter weekday,12.89
2024-11-27 23:00:00,12.5019,winter weekday,12.89
2024-11-28 00:00:00,12.54705,winter weekday,12.89
2024-11-28 01:00:00,11.70705,winter weekday,12.89
2024-11-28 02:00:00,10.83975,winter weekday,12.89
2024-11-28 03:00:00,10.7484,winter weekday,12.89
2024-11-28 04:00:00,10.70745,winter weekday,12.89
2024-11-28 05:00:00,12.87045,winter weekday,12.89
2024-11-28 06:00:00,14.2029,winter weekday,12.89
2024-11-28 07:00:00,16.63365,winter weekday,16.6
2024-11-28 08:00:00,18.658050000000003,winter weekday,16.6
2024-11-28 09:00:00,18.658050000000003,winter weekday,16.6
2024-11-28 10:00:00,17.0505,winter weekday,16.6
2024-11-28 11:00:00,17.743500000000004,winter weekday,16.6
2024-11-28 12:00:00,17.4768,winter weekday,16.6
2024-11-28 13:00:00,17.5314,winter weekday,16.6
2024-11-28 14:00:00,17.6553,winter weekday,16.6
2024-11-28 15:00:00,19.096950000000003,winter weekday,21.38
2024-11-28 16:00:00,21.305100000000003,winter weekday,21.38
2024-11-28 17:00:00,23.059650000000005,winter weekday,21.38
2024-11-28 18:00:00,23.99415,winter weekday,21.38
2024-11-28 19:00:00,23.540550000000003,winter weekday,21.38
2024-11-28 20:00:00,22.49685,winter weekday,21.38
2024-11-28 21:00:00,21.29145,winter weekday,21.38
2024-11-28 22:00:00,20.2068,winter weekday,21.38
2024-11-28 23:00:00,19.203000000000003,winter weekday,21.38
2024-11-29 00:00:00,18.9615,winter weekday,16.6
2024-11-29 01:00:00,18.61605,winter weekday,16.6
2024-11-29 02:00:00,18.24435,winter weekday,16.6
2024-11-29 03:00:00,18.174000000000003,winter weekday,16.6
2024-11-29 04:00:00,18.4365,winter weekday,16.6
2024-11-29 05:00:00,19.484400000000004,winter weekday,21.38
2024-11-29 06:00:00,22.6155,winter weekday,21.38
2024-11-29 07:00:00,25.154400000000003,winter weekday,21.38
2024-11-29 08:00:00,26.421750000000003,winter weekday,21.38
2024-11-29 09:00:00,24.441450000000007,winter weekday,21.38
2024-11-29 10:00:00,22.39605,winter weekday,21.38
2024-11-29 11:00:00,21.702,winter weekday,21.38
2024-11-29 12:00:00,20.67195,winter weekday,21.38
2024-11-29 13:00:00,19.9275,winter weekday,21.38
2024-11-29 14:00:00,20.985900000000004,winter weekday,21.38
2024-11-29 15:00:00,22.1871,winter weekday,21.38
2024-11-29 16:00:00,23.341050000000003,winter weekday,21.38
2024-11-29 17:00:00,23.1762,winter weekday,21.38
2024-11-29 18:00:00,22.29315,winter weekday,21.38
2024-11-29 19:00:00,21.11505,winter weekday,21.38
2024-11-29 20:00:00,19.969500000000004,winter weekday,21.38
2024-11-29 21:00:00,19.4655,winter weekday,21.38
2024-11-29 22:00:00,19.32165,winter weekday,21.38
2024-11-29 23:00:00,18.24225,winter weekday,16.6
2024-11-30 00:00:00,17.757150000000003,winter weekend,18.28
2024-11-30 01:00:00,17.040000000000003,winter weekend,18.28
2024-11-30 02:00:00,16.79745,winter weekend,18.28
2024-11-30 03:00:00,16.504500000000004,winter weekend,18.28
2024-11-30 04:00:00,16.638900000000003,winter weekend,18.28
2024-11-30 05:00:00,16.848900000000004,winter weekend,18.28
2024-11-30 06:00:00,16.7145,winter weekend,18.28
2024-11-30 07:00:00,18.201300000000003,winter weekend,18.28
2024-11-30 08:00:00,18.655950000000004,winter weekend,18.28
2024-11-30 09:00:00,16.95285,winter weekend,18.28
2024-11-30 10:00:00,16.326,winter weekend,18.28
2024-11-30 11:00:00,16.422600000000003,winter weekend,18.28
2024-11-30 12:00:00,16.588500000000003,winter weekend,18.28
2024-11-30 13:00:00,16.833150000000003,winter weekend,18.28
2024-11-30 14:00:00,17.18175,winter weekend,18.28
2024-11-30 15:00:00,20.435700000000004,winter weekend,18.28
2024-11-30 16:00:00,21.33345,winter weekend,18.28
2024-11-30 17:00:00,21.7587,winter weekend,18.28
2024-11-30 18:00:00,21.649500000000003,winter weekend,18.28
2024-11-30 19:00:00,21.235800000000005,winter weekend,18.28
2024-11-30 20:00:00,20.453550000000003,winter weekend,18.28
2024-11-30 21:00:00,19.4634,winter weekend,18.28
2024-11-30 22:00:00,19.4319,winter weekend,18.28
2024-11-30 23:00:00,18.580350000000003,winter weekend,18.28
2024-12-01 00:00:00,17.8443,winter weekend,18.28
2024-12-01 01:00:00,16.831050000000005,winter weekend,18.28
2024-12-01 02:00:00,16.634700000000002,winter weekend,18.28
2024-12-01 03:00:00,16.378500000000003,winter weekend,18.28
2024-12-01 04:00:00,16.284000000000002,winter weekend,18.28
2024-12-01 05:00:00,16.337550000000004,winter weekend,18.28
2024-12-01 06:00:00,16.245150000000002,winter weekend,18.28
2024-12-01 07:00:00,16.82685,winter weekend,18.28
2024-12-01 08:00:00,17.842200000000002,winter weekend,18.28
2024-12-01 09:00:00,17.313000000000002,winter weekend,18.28
2024-12-01 10:00:00,16.756500000000003,winter weekend,18.28
2024-12-01 11:00:00,16.0299,winter weekend,13.95
2024-12-01 12:00:00,16.33125,winter weekend,18.28
2024-12-01 13:00:00,16.1034,winter weekend,13.95
2024-12-01 14:00:00,16.894050000000004,winter weekend,18.28
2024-12-01 15:00:00,18.785100000000003,winter weekend,18.28
2024-12-01 16:00:00,20.140650000000004,winter weekend,18.28
2024-12-01 17:00:00,19.74585,winter weekend,18.28
2024-12-01 18:00:00,20.13855,winter weekend,18.28
2024-12-01 19:00:00,18.95415,winter weekend,18.28
2024-12-01 20:00:00,16.97175,winter weekend,18.28
2024-12-01 21:00:00,16.237800000000004,winter weekend,18.28
2024-12-01 22:00:00,17.562900000000003,winter weekend,18.28
2024-12-01 23:00:00,16.305000000000003,winter weekend,18.28
2024-12-02 00:00:00,15.230849999999998,winter weekday,16.6
2024-12-02 01:00:00,14.2869,winter weekday,12.89
2024-12-02 02:00:00,13.80285,winter weekday,12.89
2024-12-02 03:00:00,12.256200000000002,winter weekday,12.89
2024-12-02 04:00:00,12.65205,winter weekday,12.89
2024-12-02 05:00:00,14.680650000000002,winter weekday,12.89
2024-12-02 06:00:00,17.0484,winter weekday,16.6
2024-12-02 07:00:00,20.531250000000004,winter weekday,21.38
2024-12-02 08:00:00,20.526000000000003,winter weekday,21.38
2024-12-02 09:00:00,20.36115,winter weekday,21.38
2024-12-02 10:00:00,20.11335,winter weekday,21.38
2024-12-02 11:00:00,19.539,winter weekday,21.38
2024-12-02 12:00:00,19.464450000000003,winter weekday,21.38
2024-12-02 13:00:00,20.778,winter weekday,21.38
2024-12-02 14:00:00,21.737700000000004,winter weekday,21.38
2024-12-02 15:00:00,22.5042,winter weekday,21.38
2024-12-02 16:00:00,22.578750000000003,winter weekday,21.38
2024-12-02 17:00:00,22.8864,winter weekday,21.38
2024-12-02 18:00:00,22.909500000000005,winter weekday,21.38
2024-12-02 19:00:00,21.870000000000005,winter weekday,21.38
2024-12-02 20:00:00,19.981050000000003,winter weekday,21.38
2024-12-02 21:00:00,19.2114,winter weekday,21.38
2024-12-02 22:00:00,19.1106,winter weekday,21.38
2024-12-02 23:00:00,18.112050000000004,winter weekday,16.6
2024-12-03 00:00:00,19.006650000000004,winter weekday,21.38
2024-12-03 01:00:00,18.20025,winter weekday,16.6
2024-12-03 02:00:00,17.489400000000003,winter weekday,16.6
2024-12-03 03:00:00,17.168100000000003,winter weekday,16.6
2024-12-03 04:00:00,17.930400000000002,winter weekday,16.6
2024-12-03 05:00:00,18.729450000000003,winter weekday,16.6
2024-12-03 06:00:00,20.164800000000003,winter weekday,21.38
2024-12-03 07:00:00,22.33095,winter weekday,21.38
2024-12-03 08:00:00,23.6151,winter weekday,21.38
2024-12-03 09:00:00,23.139450000000004,winter weekday,21.38
2024-12-03 10:00:00,22.22385,winter weekday,21.38
2024-12-03 11:00:00,21.99915,winter weekday,21.38
2024-12-03 12:00:00,21.620100000000004,winter weekday,21.38
2024-12-03 13:00:00,22.333050000000004,winter weekday,21.38
2024-12-03 14:00:00,23.132100000000005,winter weekday,21.38
2024-12-03 15:00:00,25.1187,winter weekday,21.38
2024-12-03 16:00:00,28.923900000000003,winter weekday,21.38
2024-12-03 17:00:00,29.430000000000003,winter weekday,21.38
2024-12-03 18:00:00,28.157400000000003,winter weekday,21.38
2024-12-03 19:00:00,27.312150000000003,winter weekday,21.38
2024-12-03 20:00:00,25.2342,winter weekday,21.38
2024-12-03 21:00:00,23.50905000000001,winter weekday,21.38
2024-12-03 22:00:00,22.298400000000004,winter weekday,21.38
2024-12-03 23:00:00,21.11505,winter weekday,21.38
2024-12-04 00:00:00,20.08395,winter weekday,21.38
2024-12-04 01:00:00,19.629300000000004,winter weekday,21.38
2024-12-04 02:00:00,19.22295,winter weekday,21.38
2024-12-04 03:00:00,18.94995,winter weekday,16.6
2024-12-04 04:00:00,19.167300000000004,winter weekday,21.38
2024-12-04 05:00:00,20.07555,winter weekday,21.38
2024-12-04 06:00:00,22.626,winter weekday,21.38
2024-12-04 07:00:00,29.4048,winter weekday,21.38
2024-12-04 08:00:00,36.429300000000005,winter weekday,21.38
2024-12-04 09:00:00,33.7098,winter weekday,21.38
2024-12-04 10:00:00,29.662050000000004,winter weekday,21.38
2024-12-04 11:00:00,28.26975,winter weekday,21.38
2024-12-04 12:00:00,27.566250000000004,winter weekday,21.38
2024-12-04 13:00:00,28.361100000000004,winter weekday,21.38
2024-12-04 14:00:00,30.31620000000001,winter weekday,21.38
2024-12-04 15:00:00,32.881350000000005,winter weekday,21.38
2024-12-04 16:00:00,35.451750000000004,winter weekday,21.38
2024-12-04 17:00:00,37.5948,winter weekday,21.38
2024-12-04 18:00:00,31.5531,winter weekday,21.38
2024-12-04 19:00:00,28.126950000000004,winter weekday,21.38
2024-12-04 20:00:00,24.77640000000001,winter weekday,21.38
2024-12-04 21:00:00,22.9557,winter weekday,21.38
2024-12-04 22:00:00,20.854650000000003,winter weekday,21.38
2024-12-04 23:00:00,19.27335,winter weekday,21.38
2024-12-05 00:00:00,19.430850000000003,winter weekday,21.38
2024-12-05 01:00:00,18.4827,winter weekday,16.6
2024-12-05 02:00:00,18.223350000000003,winter weekday,16.6
2024-12-05 03:00:00,18.352500000000003,winter weekday,16.6
2024-12-05 04:00:00,18.223350000000003,winter weekday,16.6
2024-12-05 05:00:00,18.312600000000003,winter weekday,16.6
2024-12-05 06:00:00,21.6474,winter weekday,21.38
2024-12-05 07:00:00,22.4517,winter weekday,21.38
2024-12-05 08:00:00,22.21545,winter weekday,21.38
2024-12-05 09:00:00,21.216900000000003,winter weekday,21.38
2024-12-05 10:00:00,20.496600000000004,winter weekday,21.38
2024-12-05 11:00:00,18.647550000000003,winter weekday,16.6
2024-12-05 12:00:00,18.16035,winter weekday,16.6
2024-12-05 13:00:00,18.187650000000005,winter weekday,16.6
2024-12-05 14:00:00,18.18345,winter weekday,16.6
2024-12-05 15:00:00,17.97135,winter weekday,16.6
2024-12-05 16:00:00,18.0375,winter weekday,16.6
2024-12-05 17:00:00,19.80255,winter weekday,21.38
2024-12-05 18:00:00,19.1568,winter weekday,21.38
2024-12-05 19:00:00,18.4428,winter weekday,16.6
2024-12-05 20:00:00,16.528650000000003,winter weekday,16.6
2024-12-05 21:00:00,15.4965,winter weekday,16.6
2024-12-05 22:00:00,15.16785,winter weekday,16.6
2024-12-05 23:00:00,11.9097,winter weekday,12.89
2024-12-06 00:00:00,8.4972,winter weekday,12.89
2024-12-06 01:00:00,7.863,winter weekday,12.89
2024-12-06 02:00:00,7.78635,winter weekday,12.89
2024-12-06 03:00:00,7.62255,winter weekday,12.89
2024-12-06 04:00:00,7.693950000000001,winter weekday,12.89
2024-12-06 05:00:00,8.46675,winter weekday,12.89
2024-12-06 06:00:00,14.04645,winter weekday,12.89
2024-12-06 07:00:00,17.11455,winter weekday,16.6
2024-12-06 08:00:00,18.947850000000003,winter weekday,16.6
2024-12-06 09:00:00,18.946800000000003,winter weekday,16.6
2024-12-06 10:00:00,18.3084,winter weekday,16.6
2024-12-06 11:00:00,17.70885,winter weekday,16.6
2024-12-06 12:00:00,17.029500000000002,winter weekday,16.6
2024-12-06 13:00:00,17.953500000000002,winter weekday,16.6
2024-12-06 14:00:00,18.825000000000003,winter weekday,16.6
2024-12-06 15:00:00,19.6566,winter weekday,21.38
2024-12-06 16:00:00,21.192750000000004,winter weekday,21.38
2024-12-06 17:00:00,22.393950000000004,winter weekday,21.38
2024-12-06 18:00:00,23.24235,winter weekday,21.38
2024-12-06 19:00:00,22.3404,winter weekday,21.38
2024-12-06 20:00:00,21.03,winter weekday,21.38
2024-12-06 21:00:00,19.919100000000004,winter weekday,21.38
2024-12-06 22:00:00,20.093400000000003,winter weekday,21.38
2024-12-06 23:00:00,18.1047,winter weekday,16.6
2024-12-07 00:00:00,16.478250000000003,winter weekend,18.28
2024-12-07 01:00:00,15.1836,winter weekend,13.95
2024-12-07 02:00:00,14.52,winter weekend,13.95
2024-12-07 03:00:00,14.08635,winter weekend,13.95
2024-12-07 04:00:00,13.47945,winter weekend,13.95
2024-12-07 05:00:00,12.6468,winter weekend,13.95
2024-12-07 06:00:00,11.5233,winter weekend,13.95
2024-12-07 07:00:00,11.9244,winter weekend,13.95
2024-12-07 08:00:00,13.4763,winter weekend,13.95
2024-12-07 09:00:00,13.9803,winter weekend,13.95
2024-12-07 10:00:00,14.1966,winter weekend,13.95
2024-12-07 11:00:00,14.1966,winter weekend,13.95
2024-12-07 12:00:00,14.52,winter weekend,13.95
2024-12-07 13:00:00,15.0282,winter weekend,13.95
2024-12-07 14:00:00,15.175199999999998,winter weekend,13.95
2024-12-07 15:00:00,16.0425,winter weekend,13.95
2024-12-07 16:00:00,17.507250000000003,winter weekend,18.28
2024-12-07 17:00:00,17.46,winter weekend,18.28
2024-12-07 18:00:00,16.611600000000003,winter weekend,18.28
2024-12-07 19:00:00,16.033050000000003,winter weekend,13.95
2024-12-07 20:00:00,15.6666,winter weekend,13.95
2024-12-07 21:00:00,16.30815,winter weekend,18.28
2024-12-07 22:00:00,16.0425,winter weekend,13.95
2024-12-07 23:00:00,15.234,winter weekend,13.95
2024-12-08 00:00:00,17.240550000000002,winter weekend,18.28
2024-12-08 01:00:00,16.49715,winter weekend,18.28
2024-12-08 02:00:00,16.48665,winter weekend,18.28
2024-12-08 03:00:00,16.194750000000003,winter weekend,18.28
2024-12-08 04:00:00,16.2462,winter weekend,18.28
2024-12-08 05:00:00,16.94865,winter weekend,18.28
2024-12-08 06:00:00,16.961250000000003,winter weekend,18.28
2024-12-08 07:00:00,16.965450000000004,winter weekend,18.28
2024-12-08 08:00:00,17.968200000000003,winter weekend,18.28
2024-12-08 09:00:00,18.867000000000004,winter weekend,18.28
2024-12-08 10:00:00,19.0182,winter weekend,18.28
2024-12-08 11:00:00,19.70595,winter weekend,18.28
2024-12-08 12:00:00,19.807800000000004,winter weekend,18.28
2024-12-08 13:00:00,19.6377,winter weekend,18.28
2024-12-08 14:00:00,19.13055,winter weekend,18.28
2024-12-08 15:00:00,20.124900000000004,winter weekend,18.28
2024-12-08 16:00:00,18.5037,winter weekend,18.28
2024-12-08 17:00:00,19.309050000000003,winter weekend,18.28
2024-12-08 18:00:00,17.727750000000004,winter weekend,18.28
2024-12-08 19:00:00,17.63745,winter weekend,18.28
2024-12-08 20:00:00,16.965450000000004,winter weekend,18.28
2024-12-08 21:00:00,16.888800000000003,winter weekend,18.28
2024-12-08 22:00:00,16.683,winter weekend,18.28
2024-12-08 23:00:00,15.25605,winter weekend,13.95
2024-12-09 00:00:00,14.8728,winter weekday,16.6
2024-12-09 01:00:00,13.24215,winter weekday,12.89
2024-12-09 02:00:00,11.06865,winter weekday,12.89
2024-12-09 03:00:00,10.992,winter weekday,12.89
2024-12-09 04:00:00,11.58105,winter weekday,12.89
2024-12-09 05:00:00,14.9652,winter weekday,16.6
2024-12-09 06:00:00,15.717,winter weekday,16.6
2024-12-09 07:00:00,19.280700000000003,winter weekday,21.38
2024-12-09 08:00:00,20.246700000000004,winter weekday,21.38
2024-12-09 09:00:00,20.307600000000004,winter weekday,21.38
2024-12-09 10:00:00,21.010050000000003,winter weekday,21.38
2024-12-09 11:00:00,20.893500000000003,winter weekday,21.38
2024-12-09 12:00:00,20.8536,winter weekday,21.38
2024-12-09 13:00:00,20.453550000000003,winter weekday,21.38
2024-12-09 14:00:00,20.12175,winter weekday,21.38
2024-12-09 15:00:00,19.647150000000003,winter weekday,21.38
2024-12-09 16:00:00,19.568400000000004,winter weekday,21.38
2024-12-09 17:00:00,20.03985,winter weekday,21.38
2024-12-09 18:00:00,20.36745,winter weekday,21.38
2024-12-09 19:00:00,20.5848,winter weekday,21.38
2024-12-09 20:00:00,19.45185,winter weekday,21.38
2024-12-09 21:00:00,17.982900000000004,winter weekday,16.6
2024-12-09 22:00:00,17.7204,winter weekday,16.6
2024-12-09 23:00:00,17.12085,winter weekday,16.6
2024-12-10 00:00:00,17.129250000000003,winter weekday,16.6
2024-12-10 01:00:00,16.75965,winter weekday,16.6
2024-12-10 02:00:00,16.462500000000002,winter weekday,16.6
2024-12-10 03:00:00,16.1685,winter weekday,16.6
2024-12-10 04:00:00,16.53705,winter weekday,16.6
2024-12-10 05:00:00,16.732350000000004,winter weekday,16.6
2024-12-10 06:00:00,19.1463,winter weekday,21.38
2024-12-10 07:00:00,21.5739,winter weekday,21.38
2024-12-10 08:00:00,25.2048,winter weekday,21.38
2024-12-10 09:00:00,26.504700000000003,winter weekday,21.38
2024-12-10 10:00:00,26.77875000000001,winter weekday,21.38
2024-12-10 11:00:00,26.9625,winter weekday,21.38
2024-12-10 12:00:00,26.34510000000001,winter weekday,21.38
2024-12-10 13:00:00,27.411900000000003,winter weekday,21.38
2024-12-10 14:00:00,27.26805,winter weekday,21.38
2024-12-10 15:00:00,28.1322,winter weekday,21.38
2024-12-10 16:00:00,28.398900000000005,winter weekday,21.38
2024-12-10 17:00:00,28.629900000000003,winter weekday,21.38
2024-12-10 18:00:00,26.385000000000005,winter weekday,21.38
2024-12-10 19:00:00,26.297850000000004,winter weekday,21.38
2024-12-10 20:00:00,24.873000000000005,winter weekday,21.38
2024-12-10 21:00:00,23.250750000000004,winter weekday,21.38
2024-12-10 22:00:00,21.8637,winter weekday,21.38
2024-12-10 23:00:00,20.123850000000004,winter weekday,21.38
2024-12-11 00:00:00,19.553700000000003,winter weekday,21.38
2024-12-11 01:00:00,18.7431,winter weekday,16.6
2024-12-11 02:00:00,18.647550000000003,winter weekday,16.6
2024-12-11 03:00:00,18.527850000000004,winter weekday,16.6
2024-12-11 04:00:00,18.79245,winter weekday,16.6
2024-12-11 05:00:00,20.537550000000003,winter weekday,21.38
2024-12-11 06:00:00,24.5391,winter weekday,21.38
2024-12-11 07:00:00,38.4075,winter weekday,21.38
2024-12-11 08:00:00,46.12185,winter weekday,21.38
2024-12-11 09:00:00,46.9776,winter weekday,21.38
2024-12-11 10:00:00,43.9872,winter weekday,21.38
2024-12-11 11:00:00,47.27895,winter weekday,21.38
2024-12-11 12:00:00,47.89635,winter weekday,21.38
2024-12-11 13:00:00,49.89555,winter weekday,21.38
2024-12-11 14:00:00,46.43579999999999,winter weekday,21.38
2024-12-11 15:00:00,47.3787,winter weekday,21.38
2024-12-11 16:00:00,53.35635,winter weekday,21.38
2024-12-11 17:00:00,54.11339999999999,winter weekday,21.38
2024-12-11 18:00:00,45.171600000000005,winter weekday,21.38
2024-12-11 19:00:00,43.21125,winter weekday,21.38
2024-12-11 20:00:00,29.096100000000003,winter weekday,21.38
2024-12-11 21:00:00,25.356,winter weekday,21.38
2024-12-11 22:00:00,23.130000000000003,winter weekday,21.38
2024-12-11 23:00:00,21.655800000000003,winter weekday,21.38
2024-12-12 00:00:00,20.215200000000003,winter weekday,21.38
2024-12-12 01:00:00,19.486500000000003,winter weekday,21.38
2024-12-12 02:00:00,18.9258,winter weekday,16.6
2024-12-12 03:00:00,18.65175,winter weekday,16.6
2024-12-12 04:00:00,19.19355,winter weekday,21.38
2024-12-12 05:00:00,20.365350000000003,winter weekday,21.38
2024-12-12 06:00:00,25.878900000000005,winter weekday,21.38
2024-12-12 07:00:00,70.37895,winter weekday,21.38
2024-12-12 08:00:00,76.218,winter weekday,21.38
2024-12-12 09:00:00,75.2898,winter weekday,21.38
2024-12-12 10:00:00,64.48215,winter weekday,21.38
2024-12-12 11:00:00,56.2428,winter weekday,21.38
2024-12-12 12:00:00,49.90395,winter weekday,21.38
2024-12-12 13:00:00,50.9865,winter weekday,21.38
2024-12-12 14:00:00,58.8657,winter weekday,21.38
2024-12-12 15:00:00,77.57145,winter weekday,21.38
2024-12-12 16:00:00,93.3729,winter weekday,21.38
2024-12-12 17:00:00,105.6894,winter weekday,21.38
2024-12-12 18:00:00,78.1689,winter weekday,21.38
2024-12-12 19:00:00,65.23605,winter weekday,21.38
2024-12-12 20:00:00,38.4243,winter weekday,21.38
2024-12-12 21:00:00,25.167000000000005,winter weekday,21.38
2024-12-12 22:00:00,23.130000000000003,winter weekday,21.38
2024-12-12 23:00:00,21.52875,winter weekday,21.38
2024-12-13 00:00:00,21.037350000000004,winter weekday,21.38
2024-12-13 01:00:00,20.284500000000005,winter weekday,21.38
2024-12-13 02:00:00,19.87185,winter weekday,21.38
2024-12-13 03:00:00,19.44975,winter weekday,21.38
2024-12-13 04:00:00,19.5222,winter weekday,21.38
2024-12-13 05:00:00,20.592150000000004,winter weekday,21.38
2024-12-13 06:00:00,23.815650000000005,winter weekday,21.38
2024-12-13 07:00:00,27.089550000000003,winter weekday,21.38
2024-12-13 08:00:00,33.945,winter weekday,21.38
2024-12-13 09:00:00,33.182700000000004,winter weekday,21.38
2024-12-13 10:00:00,29.264100000000003,winter weekday,21.38
2024-12-13 11:00:00,25.692000000000004,winter weekday,21.38
2024-12-13 12:00:00,24.816300000000005,winter weekday,21.38
2024-12-13 13:00:00,24.705,winter weekday,21.38
2024-12-13 14:00:00,26.7525,winter weekday,21.38
2024-12-13 15:00:00,30.56085000000001,winter weekday,21.38
2024-12-13 16:00:00,33.636300000000006,winter weekday,21.38
2024-12-13 17:00:00,37.22205,winter weekday,21.38
2024-12-13 18:00:00,34.68,winter weekday,21.38
2024-12-13 19:00:00,31.068,winter weekday,21.38
2024-12-13 20:00:00,25.755000000000003,winter weekday,21.38
2024-12-13 21:00:00,22.733100000000004,winter weekday,21.38
2024-12-13 22:00:00,21.564450000000004,winter weekday,21.38
2024-12-13 23:00:00,19.614600000000003,winter weekday,21.38
2024-12-14 00:00:00,19.6587,winter weekend,18.28
2024-12-14 01:00:00,19.0728,winter weekend,18.28
2024-12-14 02:00:00,18.724200000000003,winter weekend,18.28
2024-12-14 03:00:00,17.7771,winter weekend,18.28
2024-12-14 04:00:00,17.191200000000002,winter weekend,18.28
2024-12-14 05:00:00,16.99275,winter weekend,18.28
2024-12-14 06:00:00,17.07675,winter weekend,18.28
2024-12-14 07:00:00,18.05535,winter weekend,18.28
2024-12-14 08:00:00,19.32375,winter weekend,18.28
2024-12-14 09:00:00,20.502900000000004,winter weekend,18.28
2024-12-14 10:00:00,20.07765,winter weekend,18.28
2024-12-14 11:00:00,18.6654,winter weekend,18.28
2024-12-14 12:00:00,18.374550000000003,winter weekend,18.28
2024-12-14 13:00:00,18.190800000000003,winter weekend,18.28
2024-12-14 14:00:00,17.52615,winter weekend,18.28
2024-12-14 15:00:00,17.695200000000003,winter weekend,18.28
2024-12-14 16:00:00,18.47535,winter weekend,18.28
2024-12-14 17:00:00,20.097600000000003,winter weekend,18.28
2024-12-14 18:00:00,17.160750000000004,winter weekend,18.28
2024-12-14 19:00:00,17.418,winter weekend,18.28
2024-12-14 20:00:00,16.411050000000003,winter weekend,18.28
2024-12-14 21:00:00,16.071900000000003,winter weekend,13.95
2024-12-14 22:00:00,16.54125,winter weekend,18.28
2024-12-14 23:00:00,15.13005,winter weekend,13.95
2024-12-15 00:00:00,15.1059,winter weekend,13.95
2024-12-15 01:00:00,14.5704,winter weekend,13.95
2024-12-15 02:00:00,14.47905,winter weekend,13.95
2024-12-15 03:00:00,13.61595,winter weekend,13.95
2024-12-15 04:00:00,13.18965,winter weekend,13.95
2024-12-15 05:00:00,12.9177,winter weekend,13.95
2024-12-15 06:00:00,12.1701,winter weekend,13.95
2024-12-15 07:00:00,13.0416,winter weekend,13.95
2024-12-15 08:00:00,14.2365,winter weekend,13.95
2024-12-15 09:00:00,14.79825,winter weekend,13.95
2024-12-15 10:00:00,14.2323,winter weekend,13.95
2024-12-15 11:00:00,13.7745,winter weekend,13.95
2024-12-15 12:00:00,13.8375,winter weekend,13.95
2024-12-15 13:00:00,12.36855,winter weekend,13.95
2024-12-15 14:00:00,12.57435,winter weekend,13.95
2024-12-15 15:00:00,12.4116,winter weekend,13.95
2024-12-15 16:00:00,11.37,winter weekend,8.8
2024-12-15 17:00:00,11.939100000000002,winter weekend,13.95
2024-12-15 18:00:00,10.35465,winter weekend,8.8
2024-12-15 19:00:00,9.95775,winter weekend,8.8
2024-12-15 20:00:00,9.327749999999998,winter weekend,8.8
2024-12-15 21:00:00,8.8458,winter weekend,8.8
2024-12-15 22:00:00,8.4384,winter weekend,8.8
2024-12-15 23:00:00,7.620450000000001,winter weekend,8.8
2024-12-16 00:00:00,7.389450000000001,winter weekday,12.89
2024-12-16 01:00:00,7.390500000000001,winter weekday,12.89
2024-12-16 02:00:00,7.385250000000001,winter weekday,12.89
2024-12-16 03:00:00,7.38735,winter weekday,12.89
2024-12-16 04:00:00,7.379050000000001,winter weekday,12.89
2024-12-16 05:00:00,7.563750000000001,winter weekday,12.89
2024-12-16 06:00:00,8.19165,winter weekday,12.89
2024-12-16 07:00:00,13.6065,winter weekday,12.89
2024-12-16 08:00:00,14.91795,winter weekday,16.6
2024-12-16 09:00:00,15.35055,winter weekday,16.6
2024-12-16 10:00:00,15.303299999999998,winter weekday,16.6
2024-12-16 11:00:00,15.79365,winter weekday,16.6
2024-12-16 12:00:00,16.328100000000003,winter weekday,16.6
2024-12-16 13:00:00,15.9585,winter weekday,16.6
2024-12-16 14:00:00,15.9585,winter weekday,16.6
2024-12-16 15:00:00,15.9585,winter weekday,16.6
2024-12-16 16:00:00,15.15,winter weekday,16.6
2024-12-16 17:00:00,15.9438,winter weekday,16.6
2024-12-16 18:00:00,14.94105,winter weekday,16.6
2024-12-16 19:00:00,14.8287,winter weekday,16.6
2024-12-16 20:00:00,13.8375,winter weekday,12.89
2024-12-16 21:00:00,12.04305,winter weekday,12.89
2024-12-16 22:00:00,12.042,winter weekday,12.89
2024-12-16 23:00:00,9.12195,winter weekday,12.89
2024-12-17 00:00:00,11.31225,winter weekday,12.89
2024-12-17 01:00:00,9.644849999999998,winter weekday,12.89
2024-12-17 02:00:00,9.5787,winter weekday,12.89
2024-12-17 03:00:00,10.006049999999998,winter weekday,12.89
2024-12-17 04:00:00,10.4229,winter weekday,12.89
2024-12-17 05:00:00,13.39335,winter weekday,12.89
2024-12-17 06:00:00,14.49585,winter weekday,12.89
2024-12-17 07:00:00,18.3987,winter weekday,16.6
2024-12-17 08:00:00,19.551600000000004,winter weekday,21.38
2024-12-17 09:00:00,19.3542,winter weekday,21.38
2024-12-17 10:00:00,18.762,winter weekday,16.6
2024-12-17 11:00:00,18.129900000000003,winter weekday,16.6
2024-12-17 12:00:00,18.1656,winter weekday,16.6
2024-12-17 13:00:00,18.531,winter weekday,16.6
2024-12-17 14:00:00,18.89115,winter weekday,16.6
2024-12-17 15:00:00,19.604100000000003,winter weekday,21.38
2024-12-17 16:00:00,19.6755,winter weekday,21.38
2024-12-17 17:00:00,20.749650000000003,winter weekday,21.38
2024-12-17 18:00:00,20.148000000000003,winter weekday,21.38
2024-12-17 19:00:00,18.7305,winter weekday,16.6
2024-12-17 20:00:00,17.723550000000003,winter weekday,16.6
2024-12-17 21:00:00,17.4432,winter weekday,16.6
2024-12-17 22:00:00,17.0862,winter weekday,16.6
2024-12-17 23:00:00,14.7993,winter weekday,16.6
2024-12-18 00:00:00,14.6439,winter weekday,12.89
2024-12-18 01:00:00,12.87255,winter weekday,12.89
2024-12-18 02:00:00,12.46305,winter weekday,12.89
2024-12-18 03:00:00,12.105,winter weekday,12.89
2024-12-18 04:00:00,10.55625,winter weekday,12.89
2024-12-18 05:00:00,11.37,winter weekday,12.89
2024-12-18 06:00:00,12.62055,winter weekday,12.89
2024-12-18 07:00:00,13.4595,winter weekday,12.89
2024-12-18 08:00:00,15.525900000000002,winter weekday,16.6
2024-12-18 09:00:00,15.0261,winter weekday,16.6
2024-12-18 10:00:00,14.30895,winter weekday,12.89
2024-12-18 11:00:00,14.0034,winter weekday,12.89
2024-12-18 12:00:00,14.002350000000002,winter weekday,12.89
2024-12-18 13:00:00,14.0034,winter weekday,12.89
2024-12-18 14:00:00,14.0034,winter weekday,12.89
2024-12-18 15:00:00,13.22115,winter weekday,12.89
2024-12-18 16:00:00,12.29505,winter weekday,12.89
2024-12-18 17:00:00,13.4595,winter weekday,12.89
2024-12-18 18:00:00,14.0034,winter weekday,12.89
2024-12-18 19:00:00,14.0034,winter weekday,12.89
2024-12-18 20:00:00,13.4595,winter weekday,12.89
2024-12-18 21:00:00,12.70245,winter weekday,12.89
2024-12-18 22:00:00,11.9097,winter weekday,12.89
2024-12-18 23:00:00,9.631199999999998,winter weekday,12.89
2024-12-19 00:00:00,8.5644,winter weekday,12.89
2024-12-19 01:00:00,8.76915,winter weekday,12.89
2024-12-19 02:00:00,7.952250000000001,winter weekday,12.89
2024-12-19 03:00:00,7.51125,winter weekday,12.89
2024-12-19 04:00:00,7.41255,winter weekday,12.89
2024-12-19 05:00:00,7.590000000000001,winter weekday,12.89
2024-12-19 06:00:00,8.27985,winter weekday,12.89
2024-12-19 07:00:00,13.04475,winter weekday,12.89
2024-12-19 08:00:00,14.4612,winter weekday,12.89
2024-12-19 09:00:00,14.564100000000002,winter weekday,12.89
2024-12-19 10:00:00,14.2932,winter weekday,12.89
2024-12-19 11:00:00,14.4885,winter weekday,12.89
2024-12-19 12:00:00,14.7006,winter weekday,12.89
2024-12-19 13:00:00,14.772,winter weekday,16.6
2024-12-19 14:00:00,14.7006,winter weekday,12.89
2024-12-19 15:00:00,14.77935,winter weekday,16.6
2024-12-19 16:00:00,14.8833,winter weekday,16.6
2024-12-19 17:00:00,15.9396,winter weekday,16.6
2024-12-19 18:00:00,17.100900000000003,winter weekday,16.6
2024-12-19 19:00:00,16.5528,winter weekday,16.6
2024-12-19 20:00:00,15.29385,winter weekday,16.6
2024-12-19 21:00:00,14.73,winter weekday,12.89
2024-12-19 22:00:00,14.7006,winter weekday,12.89
2024-12-19 23:00:00,13.15605,winter weekday,12.89
2024-12-20 00:00:00,12.3906,winter weekday,12.89
2024-12-20 01:00:00,10.6854,winter weekday,12.89
2024-12-20 02:00:00,9.09255,winter weekday,12.89
2024-12-20 03:00:00,9.21015,winter weekday,12.89
2024-12-20 04:00:00,9.776099999999998,winter weekday,12.89
2024-12-20 05:00:00,12.47145,winter weekday,12.89
2024-12-20 06:00:00,14.32575,winter weekday,12.89
2024-12-20 07:00:00,18.132,winter weekday,16.6
2024-12-20 08:00:00,18.9006,winter weekday,16.6
2024-12-20 09:00:00,18.578250000000004,winter weekday,16.6
2024-12-20 10:00:00,18.2097,winter weekday,16.6
2024-12-20 11:00:00,17.6112,winter weekday,16.6
2024-12-20 12:00:00,16.573800000000002,winter weekday,16.6
2024-12-20 13:00:00,16.183200000000003,winter weekday,16.6
2024-12-20 14:00:00,16.623150000000003,winter weekday,16.6
2024-12-20 15:00:00,17.740350000000003,winter weekday,16.6
2024-12-20 16:00:00,18.430200000000003,winter weekday,16.6
2024-12-20 17:00:00,18.918450000000004,winter weekday,16.6
2024-12-20 18:00:00,18.0039,winter weekday,16.6
2024-12-20 19:00:00,17.73825,winter weekday,16.6
2024-12-20 20:00:00,16.801650000000002,winter weekday,16.6
2024-12-20 21:00:00,14.9211,winter weekday,16.6
2024-12-20 22:00:00,14.7657,winter weekday,16.6
2024-12-20 23:00:00,13.4973,winter weekday,12.89
2024-12-21 00:00:00,10.29375,winter weekend,8.8
2024-12-21 01:00:00,9.76875,winter weekend,8.8
2024-12-21 02:00:00,9.6438,winter weekend,8.8
2024-12-21 03:00:00,9.41805,winter weekend,8.8
2024-12-21 04:00:00,9.28155,winter weekend,8.8
2024-12-21 05:00:00,9.484199999999998,winter weekend,8.8
2024-12-21 06:00:00,9.48,winter weekend,8.8
2024-12-21 07:00:00,9.60705,winter weekend,8.8
2024-12-21 08:00:00,9.781349999999998,winter weekend,8.8
2024-12-21 09:00:00,10.45965,winter weekend,8.8
2024-12-21 10:00:00,10.68015,winter weekend,8.8
2024-12-21 11:00:00,10.63605,winter weekend,8.8
2024-12-21 12:00:00,10.65915,winter weekend,8.8
2024-12-21 13:00:00,10.5195,winter weekend,8.8
2024-12-21 14:00:00,10.101599999999998,winter weekend,8.8
2024-12-21 15:00:00,10.2444,winter weekend,8.8
2024-12-21 16:00:00,10.45755,winter weekend,8.8
2024-12-21 17:00:00,10.45335,winter weekend,8.8
2024-12-21 18:00:00,10.31475,winter weekend,8.8
2024-12-21 19:00:00,9.556649999999998,winter weekend,8.8
2024-12-21 20:00:00,8.9865,winter weekend,8.8
2024-12-21 21:00:00,7.894500000000001,winter weekend,8.8
2024-12-21 22:00:00,7.695000000000001,winter weekend,8.8
2024-12-21 23:00:00,7.485000000000001,winter weekend,8.8
2024-12-22 00:00:00,7.380000000000001,winter weekend,8.8
2024-12-22 01:00:00,7.377150000000001,winter weekend,8.8
2024-12-22 02:00:00,7.3363,winter weekend,8.8
2024-12-22 03:00:00,7.281200000000001,winter weekend,8.8
2024-12-22 04:00:00,7.1843,winter weekend,8.8
2024-12-22 05:00:00,7.335350000000001,winter weekend,8.8
2024-12-22 06:00:00,7.3154,winter weekend,8.8
2024-12-22 07:00:00,7.368600000000001,winter weekend,8.8
2024-12-22 08:00:00,7.7433,winter weekend,8.8
2024-12-22 09:00:00,9.543,winter weekend,8.8
2024-12-22 10:00:00,9.49785,winter weekend,8.8
2024-12-22 11:00:00,9.794999999999998,winter weekend,8.8
2024-12-22 12:00:00,9.60495,winter weekend,8.8
2024-12-22 13:00:00,9.62595,winter weekend,8.8
2024-12-22 14:00:00,10.3221,winter weekend,8.8
2024-12-22 15:00:00,11.76585,winter weekend,13.95
2024-12-22 16:00:00,12.30765,winter weekend,13.95
2024-12-22 17:00:00,14.25435,winter weekend,13.95
2024-12-22 18:00:00,13.76295,winter weekend,13.95
2024-12-22 19:00:00,13.49205,winter weekend,13.95
2024-12-22 20:00:00,12.30765,winter weekend,13.95
2024-12-22 21:00:00,11.2293,winter weekend,8.8
2024-12-22 22:00:00,11.181,winter weekend,8.8
2024-12-22 23:00:00,9.9525,winter weekend,8.8
2024-12-23 00:00:00,10.44495,winter weekday,12.89
2024-12-23 01:00:00,9.49365,winter weekday,12.89
2024-12-23 02:00:00,8.88255,winter weekday,12.89
2024-12-23 03:00:00,8.3376,winter weekday,12.89
2024-12-23 04:00:00,8.4069,winter weekday,12.89
2024-12-23 05:00:00,8.934,winter weekday,12.89
2024-12-23 06:00:00,9.20595,winter weekday,12.89
2024-12-23 07:00:00,12.84105,winter weekday,12.89
2024-12-23 08:00:00,13.6107,winter weekday,12.89
2024-12-23 09:00:00,13.6401,winter weekday,12.89
2024-12-23 10:00:00,12.91665,winter weekday,12.89
2024-12-23 11:00:00,12.840000000000002,winter weekday,12.89
2024-12-23 12:00:00,13.06785,winter weekday,12.89
2024-12-23 13:00:00,13.13505,winter weekday,12.89
2024-12-23 14:00:00,13.8438,winter weekday,12.89
2024-12-23 15:00:00,15.11745,winter weekday,16.6
2024-12-23 16:00:00,16.048800000000004,winter weekday,16.6
2024-12-23 17:00:00,17.696250000000003,winter weekday,16.6
2024-12-23 18:00:00,18.06375,winter weekday,16.6
2024-12-23 19:00:00,17.61435,winter weekday,16.6
2024-12-23 20:00:00,17.101950000000002,winter weekday,16.6
2024-12-23 21:00:00,18.750450000000004,winter weekday,16.6
2024-12-23 22:00:00,18.4911,winter weekday,16.6
2024-12-23 23:00:00,17.563950000000002,winter weekday,16.6
2024-12-24 00:00:00,16.41315,winter weekday,16.6
2024-12-24 01:00:00,16.078200000000002,winter weekday,16.6
2024-12-24 02:00:00,15.97845,winter weekday,16.6
2024-12-24 03:00:00,15.57,winter weekday,16.6
2024-12-24 04:00:00,15.6519,winter weekday,16.6
2024-12-24 05:00:00,15.842999999999998,winter weekday,16.6
2024-12-24 06:00:00,16.312350000000002,winter weekday,16.6
2024-12-24 07:00:00,17.967150000000004,winter weekday,16.6
2024-12-24 08:00:00,19.464450000000003,winter weekday,21.38
2024-12-24 09:00:00,20.079750000000004,winter weekday,21.38
2024-12-24 10:00:00,19.980000000000004,winter weekday,21.38
2024-12-24 11:00:00,19.7868,winter weekday,21.38
2024-12-24 12:00:00,19.71645,winter weekday,21.38
2024-12-24 13:00:00,19.4949,winter weekday,21.38
2024-12-24 14:00:00,19.7679,winter weekday,21.38
2024-12-24 15:00:00,19.9275,winter weekday,21.38
2024-12-24 16:00:00,20.00205,winter weekday,21.38
2024-12-24 17:00:00,19.770000000000003,winter weekday,21.38
2024-12-24 18:00:00,19.0329,winter weekday,21.38
2024-12-24 19:00:00,18.4743,winter weekday,16.6
2024-12-24 20:00:00,18.1488,winter weekday,16.6
2024-12-24 21:00:00,17.31615,winter weekday,16.6
2024-12-24 22:00:00,17.779200000000003,winter weekday,16.6
2024-12-24 23:00:00,16.830000000000002,winter weekday,16.6
2024-12-25 00:00:00,16.973850000000002,winter weekend,18.28
2024-12-25 01:00:00,16.456200000000003,winter weekend,18.28
2024-12-25 02:00:00,16.312350000000002,winter weekend,18.28
2024-12-25 03:00:00,15.865049999999998,winter weekend,13.95
2024-12-25 04:00:00,15.358949999999998,winter weekend,13.95
2024-12-25 05:00:00,15.865049999999998,winter weekend,13.95
2024-12-25 06:00:00,16.09605,winter weekend,13.95
2024-12-25 07:00:00,16.2987,winter weekend,18.28
2024-12-25 08:00:00,16.852050000000002,winter weekend,18.28
2024-12-25 09:00:00,17.8002,winter weekend,18.28
2024-12-25 10:00:00,17.2038,winter weekend,18.28
2024-12-25 11:00:00,17.09775,winter weekend,18.28
2024-12-25 12:00:00,17.29305,winter weekend,18.28
2024-12-25 13:00:00,16.93815,winter weekend,18.28
2024-12-25 14:00:00,17.79285,winter weekend,18.28
2024-12-25 15:00:00,19.212450000000004,winter weekend,18.28
2024-12-25 16:00:00,19.77105,winter weekend,18.28
2024-12-25 17:00:00,20.035650000000004,winter weekend,18.28
2024-12-25 18:00:00,19.886550000000003,winter weekend,18.28
2024-12-25 19:00:00,19.77105,winter weekend,18.28
2024-12-25 20:00:00,19.80465,winter weekend,18.28
2024-12-25 21:00:00,19.246050000000004,winter weekend,18.28
2024-12-25 22:00:00,19.357350000000004,winter weekend,18.28
2024-12-25 23:00:00,18.36615,winter weekend,18.28
2024-12-26 00:00:00,18.107850000000003,winter weekend,18.28
2024-12-26 01:00:00,17.361300000000004,winter weekend,18.28
2024-12-26 02:00:00,17.31405,winter weekend,18.28
2024-12-26 03:00:00,16.7922,winter weekend,18.28
2024-12-26 04:00:00,16.92135,winter weekend,18.28
2024-12-26 05:00:00,17.3655,winter weekend,18.28
2024-12-26 06:00:00,17.775000000000002,winter weekend,18.28
2024-12-26 07:00:00,19.20405,winter weekend,18.28
2024-12-26 08:00:00,19.885500000000004,winter weekend,18.28
2024-12-26 09:00:00,19.79415,winter weekend,18.28
2024-12-26 10:00:00,19.27125,winter weekend,18.28
2024-12-26 11:00:00,18.511050000000004,winter weekend,18.28
2024-12-26 12:00:00,18.68955,winter weekend,18.28
2024-12-26 13:00:00,18.289500000000004,winter weekend,18.28
2024-12-26 14:00:00,18.892200000000003,winter weekend,18.28
2024-12-26 15:00:00,20.05875,winter weekend,18.28
2024-12-26 16:00:00,20.9922,winter weekend,18.28
2024-12-26 17:00:00,21.859500000000004,winter weekend,18.28
2024-12-26 18:00:00,21.875250000000005,winter weekend,18.28
2024-12-26 19:00:00,21.629550000000005,winter weekend,18.28
2024-12-26 20:00:00,20.938650000000003,winter weekend,18.28
2024-12-26 21:00:00,20.06925,winter weekend,18.28
2024-12-26 22:00:00,20.3475,winter weekend,18.28
2024-12-26 23:00:00,19.662900000000004,winter weekend,18.28
2024-12-27 00:00:00,18.59295,winter weekend,18.28
2024-12-27 01:00:00,18.0396,winter weekend,18.28
2024-12-27 02:00:00,17.98815,winter weekend,18.28
2024-12-27 03:00:00,17.852700000000002,winter weekend,18.28
2024-12-27 04:00:00,17.835900000000002,winter weekend,18.28
2024-12-27 05:00:00,18.531,winter weekend,18.28
2024-12-27 06:00:00,19.5285,winter weekend,18.28
2024-12-27 07:00:00,20.430450000000004,winter weekend,18.28
2024-12-27 08:00:00,21.22425,winter weekend,18.28
2024-12-27 09:00:00,21.04575,winter weekend,18.28
2024-12-27 10:00:00,19.9905,winter weekend,18.28
2024-12-27 11:00:00,18.713700000000003,winter weekend,18.28
2024-12-27 12:00:00,18.700050000000005,winter weekend,18.28
2024-12-27 13:00:00,18.713700000000003,winter weekend,18.28
2024-12-27 14:00:00,20.153250000000003,winter weekend,18.28
2024-12-27 15:00:00,21.708300000000005,winter weekend,18.28
2024-12-27 16:00:00,22.73625,winter weekend,18.28
2024-12-27 17:00:00,23.319000000000003,winter weekend,18.28
2024-12-27 18:00:00,24.012000000000004,winter weekend,18.28
2024-12-27 19:00:00,22.755150000000004,winter weekend,18.28
2024-12-27 20:00:00,21.3597,winter weekend,18.28
2024-12-27 21:00:00,20.549100000000003,winter weekend,18.28
2024-12-27 22:00:00,20.6898,winter weekend,18.28
2024-12-27 23:00:00,19.35,winter weekend,18.28
2024-12-28 00:00:00,20.652000000000005,winter weekend,18.28
2024-12-28 01:00:00,19.626150000000003,winter weekend,18.28
2024-12-28 02:00:00,18.945750000000004,winter weekend,18.28
2024-12-28 03:00:00,18.501600000000003,winter weekend,18.28
2024-12-28 04:00:00,18.187650000000005,winter weekend,18.28
2024-12-28 05:00:00,18.4659,winter weekend,18.28
2024-12-28 06:00:00,18.89955,winter weekend,18.28
2024-12-28 07:00:00,20.4252,winter weekend,18.28
2024-12-28 08:00:00,20.820000000000004,winter weekend,18.28
2024-12-28 09:00:00,20.851500000000005,winter weekend,18.28
2024-12-28 10:00:00,20.27715,winter weekend,18.28
2024-12-28 11:00:00,19.287000000000003,winter weekend,18.28
2024-12-28 12:00:00,18.82185,winter weekend,18.28
2024-12-28 13:00:00,18.931050000000003,winter weekend,18.28
2024-12-28 14:00:00,19.75215,winter weekend,18.28
2024-12-28 15:00:00,21.853200000000005,winter weekend,18.28
2024-12-28 16:00:00,22.42125,winter weekend,18.28
2024-12-28 17:00:00,23.34,winter weekend,18.28
2024-12-28 18:00:00,22.868550000000003,winter weekend,18.28
2024-12-28 19:00:00,22.1304,winter weekend,18.28
2024-12-28 20:00:00,20.9523,winter weekend,18.28
2024-12-28 21:00:00,20.599500000000003,winter weekend,18.28
2024-12-28 22:00:00,20.11125,winter weekend,18.28
2024-12-28 23:00:00,19.447650000000003,winter weekend,18.28
2024-12-29 00:00:00,20.75595,winter weekend,18.28
2024-12-29 01:00:00,19.35945,winter weekend,18.28
2024-12-29 02:00:00,18.68955,winter weekend,18.28
2024-12-29 03:00:00,18.0585,winter weekend,18.28
2024-12-29 04:00:00,17.641650000000002,winter weekend,18.28
2024-12-29 05:00:00,17.734050000000003,winter weekend,18.28
2024-12-29 06:00:00,17.6868,winter weekend,18.28
2024-12-29 07:00:00,18.09945,winter weekend,18.28
2024-12-29 08:00:00,19.00455,winter weekend,18.28
2024-12-29 09:00:00,19.41825,winter weekend,18.28
2024-12-29 10:00:00,18.307350000000003,winter weekend,18.28
2024-12-29 11:00:00,17.899950000000004,winter weekend,18.28
2024-12-29 12:00:00,17.9556,winter weekend,18.28
2024-12-29 13:00:00,17.851650000000003,winter weekend,18.28
2024-12-29 14:00:00,17.7162,winter weekend,18.28
2024-12-29 15:00:00,18.301050000000004,winter weekend,18.28
2024-12-29 16:00:00,20.16165,winter weekend,18.28
2024-12-29 17:00:00,20.19,winter weekend,18.28
2024-12-29 18:00:00,20.621550000000003,winter weekend,18.28
2024-12-29 19:00:00,20.120700000000003,winter weekend,18.28
2024-12-29 20:00:00,18.9216,winter weekend,18.28
2024-12-29 21:00:00,16.852050000000002,winter weekend,18.28
2024-12-29 22:00:00,16.177950000000003,winter weekend,18.28
2024-12-29 23:00:00,14.90115,winter weekend,13.95
2024-12-30 00:00:00,14.91165,winter weekend,13.95
2024-12-30 01:00:00,14.583,winter weekend,13.95
2024-12-30 02:00:00,14.583,winter weekend,13.95
2024-12-30 03:00:00,14.168250000000002,winter weekend,13.95
2024-12-30 04:00:00,14.40345,winter weekend,13.95
2024-12-30 05:00:00,14.64285,winter weekend,13.95
2024-12-30 06:00:00,14.8497,winter weekend,13.95
2024-12-30 07:00:00,15.801,winter weekend,13.95
2024-12-30 08:00:00,16.4415,winter weekend,18.28
2024-12-30 09:00:00,16.5213,winter weekend,18.28
2024-12-30 10:00:00,16.16955,winter weekend,18.28
2024-12-30 11:00:00,15.6624,winter weekend,13.95
2024-12-30 12:00:00,16.0803,winter weekend,13.95
2024-12-30 13:00:00,15.8325,winter weekend,13.95
2024-12-30 14:00:00,16.1685,winter weekend,18.28
2024-12-30 15:00:00,17.084100000000003,winter weekend,18.28
2024-12-30 16:00:00,17.56185,winter weekend,18.28
2024-12-30 17:00:00,18.92685,winter weekend,18.28
2024-12-30 18:00:00,17.880000000000003,winter weekend,18.28
2024-12-30 19:00:00,16.4751,winter weekend,18.28
2024-12-30 20:00:00,15.23715,winter weekend,13.95
2024-12-30 21:00:00,14.5221,winter weekend,13.95
2024-12-30 22:00:00,14.4423,winter weekend,13.95
2024-12-30 23:00:00,11.1243,winter weekend,8.8
2024-12-31 00:00:00,12.68145,winter weekend,13.95
2024-12-31 01:00:00,12.1995,winter weekend,13.95
2024-12-31 02:00:00,13.30515,winter weekend,13.95
2024-12-31 03:00:00,13.3713,winter weekend,13.95
2024-12-31 04:00:00,14.0916,winter weekend,13.95
2024-12-31 05:00:00,14.0706,winter weekend,13.95
2024-12-31 06:00:00,14.0685,winter weekend,13.95
2024-12-31 07:00:00,14.90115,winter weekend,13.95
2024-12-31 08:00:00,15.615150000000002,winter weekend,13.95
2024-12-31 09:00:00,16.143300000000004,winter weekend,18.28
2024-12-31 10:00:00,16.039350000000002,winter weekend,13.95
2024-12-31 11:00:00,15.88815,winter weekend,13.95
2024-12-31 12:00:00,15.902850000000004,winter weekend,13.95
2024-12-31 13:00:00,15.66765,winter weekend,13.95
2024-12-31 14:00:00,15.448200000000002,winter weekend,13.95
2024-12-31 15:00:00,15.99735,winter weekend,13.95
2024-12-31 16:00:00,16.165350000000004,winter weekend,18.28
2024-12-31 17:00:00,16.12125,winter weekend,18.28
2024-12-31 18:00:00,15.536400000000002,winter weekend,13.95
2024-12-31 19:00:00,14.49585,winter weekend,13.95
2024-12-31 20:00:00,11.1138,winter weekend,8.8
2024-12-31 21:00:00,9.0285,winter weekend,8.8
2024-12-31 22:00:00,8.331299999999999,winter weekend,8.8
2024-12-31 23:00:00,7.4346,winter weekend,8.8
