,Time,Wholesale price corrected,group,tariff
0,2023-01-01 00:00:00.000,16.7835815,winter weekend,19.94
1,2023-01-01 01:00:00.000,17.247086499999998,winter weekend,19.94
2,2023-01-01 02:00:00.000,17.201866499999998,winter weekend,19.94
3,2023-01-01 03:00:00.000,16.793756000000002,winter weekend,19.94
4,2023-01-01 04:00:00.000,16.8604555,winter weekend,19.94
5,2023-01-01 05:00:00.000,16.75758,winter weekend,19.94
6,2023-01-01 06:00:00.000,16.800538999999997,winter weekend,19.94
7,2023-01-01 07:00:00.000,17.221085,winter weekend,19.94
8,2023-01-01 08:00:00.000,17.205258,winter weekend,19.94
9,2023-01-01 09:00:00.000,17.2448255,winter weekend,19.94
10,2023-01-01 10:00:00.000,17.247086499999998,winter weekend,19.94
11,2023-01-01 11:00:00.000,17.247086499999998,winter weekend,19.94
12,2023-01-01 12:00:00.000,17.2787405,winter weekend,19.94
13,2023-01-01 13:00:00.000,17.3375265,winter weekend,19.94
14,2023-01-01 14:00:00.000,17.474257499999997,winter weekend,19.94
15,2023-01-01 15:00:00.000,20.3081235,winter weekend,19.94
16,2023-01-01 16:00:00.000,21.933723,winter weekend,19.94
17,2023-01-01 17:00:00.000,23.1194985,winter weekend,19.94
18,2023-01-01 18:00:00.000,24.311521500000005,winter weekend,27.53
19,2023-01-01 19:00:00.000,24.234052500000004,winter weekend,27.53
20,2023-01-01 20:00:00.000,23.519338500000003,winter weekend,19.94
21,2023-01-01 21:00:00.000,22.989550500000004,winter weekend,19.94
22,2023-01-01 22:00:00.000,23.110752,winter weekend,19.94
23,2023-01-01 23:00:00.000,21.7413,winter weekend,19.94
24,2023-01-02 00:00:00.000,24.60390450000001,winter weekend,27.53
25,2023-01-02 01:00:00.000,23.8242165,winter weekend,27.53
26,2023-01-02 02:00:00.000,23.981653500000004,winter weekend,27.53
27,2023-01-02 03:00:00.000,22.877095500000003,winter weekend,19.94
28,2023-01-02 04:00:00.000,23.625546000000003,winter weekend,19.94
29,2023-01-02 05:00:00.000,26.079564000000005,winter weekend,27.53
30,2023-01-02 06:00:00.000,30.497796,winter weekend,32.84
31,2023-01-02 07:00:00.000,34.94101800000001,winter weekend,32.84
32,2023-01-02 08:00:00.000,35.608251,winter weekend,32.84
33,2023-01-02 09:00:00.000,35.74194750000001,winter weekend,32.84
34,2023-01-02 10:00:00.000,35.562019500000005,winter weekend,32.84
35,2023-01-02 11:00:00.000,35.279632500000005,winter weekend,32.84
36,2023-01-02 12:00:00.000,35.408331000000004,winter weekend,32.84
37,2023-01-02 13:00:00.000,35.330862,winter weekend,32.84
38,2023-01-02 14:00:00.000,35.88564,winter weekend,32.84
39,2023-01-02 15:00:00.000,36.77778300000001,winter weekend,32.84
40,2023-01-02 16:00:00.000,37.7211555,winter weekend,32.84
41,2023-01-02 17:00:00.000,38.60955,winter weekend,32.84
42,2023-01-02 18:00:00.000,39.201813,winter weekend,32.84
43,2023-01-02 19:00:00.000,37.91732700000001,winter weekend,32.84
44,2023-01-02 20:00:00.000,36.485400000000006,winter weekend,32.84
45,2023-01-02 21:00:00.000,35.069716500000006,winter weekend,32.84
46,2023-01-02 22:00:00.000,34.225054500000006,winter weekend,32.84
47,2023-01-02 23:00:00.000,32.88933900000001,winter weekend,32.84
48,2023-01-03 00:00:00.000,33.6127995,winter weekend,32.84
49,2023-01-03 01:00:00.000,32.36205,winter weekend,32.84
50,2023-01-03 02:00:00.000,32.207112,winter weekend,32.84
51,2023-01-03 03:00:00.000,31.737300000000005,winter weekend,32.84
52,2023-01-03 04:00:00.000,31.566118500000005,winter weekend,32.84
53,2023-01-03 05:00:00.000,31.895986500000006,winter weekend,32.84
54,2023-01-03 06:00:00.000,34.72610400000001,winter weekend,32.84
55,2023-01-03 07:00:00.000,37.35005400000001,winter weekend,32.84
56,2023-01-03 08:00:00.000,38.5058415,winter weekend,32.84
57,2023-01-03 09:00:00.000,38.756991000000006,winter weekend,32.84
58,2023-01-03 10:00:00.000,38.4308715,winter weekend,32.84
59,2023-01-03 11:00:00.000,38.54582550000001,winter weekend,32.84
60,2023-01-03 12:00:00.000,37.922325,winter weekend,32.84
61,2023-01-03 13:00:00.000,37.47375450000001,winter weekend,32.84
62,2023-01-03 14:00:00.000,37.742397,winter weekend,32.84
63,2023-01-03 15:00:00.000,38.325913500000006,winter weekend,32.84
64,2023-01-03 16:00:00.000,38.1859695,winter weekend,32.84
65,2023-01-03 17:00:00.000,38.699514,winter weekend,32.84
66,2023-01-03 18:00:00.000,38.4758535,winter weekend,32.84
67,2023-01-03 19:00:00.000,37.483750500000006,winter weekend,32.84
68,2023-01-03 20:00:00.000,36.063069000000006,winter weekend,32.84
69,2023-01-03 21:00:00.000,33.73525050000001,winter weekend,32.84
70,2023-01-03 22:00:00.000,31.646086500000003,winter weekend,32.84
71,2023-01-03 23:00:00.000,29.070867000000003,winter weekend,27.53
72,2023-01-04 00:00:00.000,27.475255500000006,winter weekend,27.53
73,2023-01-04 01:00:00.000,26.19826650000001,winter weekend,27.53
74,2023-01-04 02:00:00.000,22.366050000000005,winter weekend,19.94
75,2023-01-04 03:00:00.000,18.452616,winter weekend,19.94
76,2023-01-04 04:00:00.000,17.474257499999997,winter weekend,19.94
77,2023-01-04 05:00:00.000,18.744999,winter weekend,19.94
78,2023-01-04 06:00:00.000,24.99249900000001,winter weekend,27.53
79,2023-01-04 07:00:00.000,27.264090000000003,winter weekend,27.53
80,2023-01-04 08:00:00.000,27.88884,winter weekend,27.53
81,2023-01-04 09:00:00.000,27.778884000000005,winter weekend,27.53
82,2023-01-04 10:00:00.000,26.12329650000001,winter weekend,27.53
83,2023-01-04 11:00:00.000,27.331563000000003,winter weekend,27.53
84,2023-01-04 12:00:00.000,27.475255500000006,winter weekend,27.53
85,2023-01-04 13:00:00.000,27.32906400000001,winter weekend,27.53
86,2023-01-04 14:00:00.000,27.391539000000005,winter weekend,27.53
87,2023-01-04 15:00:00.000,27.331563000000003,winter weekend,27.53
88,2023-01-04 16:00:00.000,27.466509,winter weekend,27.53
89,2023-01-04 17:00:00.000,28.133742,winter weekend,27.53
90,2023-01-04 18:00:00.000,26.399436,winter weekend,27.53
91,2023-01-04 19:00:00.000,25.690969500000005,winter weekend,27.53
92,2023-01-04 20:00:00.000,22.76589,winter weekend,19.94
93,2023-01-04 21:00:00.000,21.2727375,winter weekend,19.94
94,2023-01-04 22:00:00.000,21.736302,winter weekend,19.94
95,2023-01-04 23:00:00.000,18.5038455,winter weekend,19.94
96,2023-01-05 00:00:00.000,17.374297499999997,winter weekend,19.94
97,2023-01-05 01:00:00.000,17.3767965,winter weekend,19.94
98,2023-01-05 02:00:00.000,17.3767965,winter weekend,19.94
99,2023-01-05 03:00:00.000,17.383044,winter weekend,19.94
100,2023-01-05 04:00:00.000,17.646688499999996,winter weekend,19.94
101,2023-01-05 05:00:00.000,18.6262965,winter weekend,19.94
102,2023-01-05 06:00:00.000,24.994998,winter weekend,27.53
103,2023-01-05 07:00:00.000,28.2624405,winter weekend,27.53
104,2023-01-05 08:00:00.000,29.343258,winter weekend,27.53
105,2023-01-05 09:00:00.000,33.0555225,winter weekend,32.84
106,2023-01-05 10:00:00.000,33.851454000000004,winter weekend,32.84
107,2023-01-05 11:00:00.000,35.2446465,winter weekend,32.84
108,2023-01-05 12:00:00.000,34.9747545,winter weekend,32.84
109,2023-01-05 13:00:00.000,35.183421,winter weekend,32.84
110,2023-01-05 14:00:00.000,36.2392485,winter weekend,32.84
111,2023-01-05 15:00:00.000,37.29507600000001,winter weekend,32.84
112,2023-01-05 16:00:00.000,38.9506635,winter weekend,32.84
113,2023-01-05 17:00:00.000,41.69581499999999,winter weekend,32.84
114,2023-01-05 18:00:00.000,41.69206649999999,winter weekend,32.84
115,2023-01-05 19:00:00.000,39.60665099999999,winter weekend,32.84
116,2023-01-05 20:00:00.000,37.85860050000001,winter weekend,32.84
117,2023-01-05 21:00:00.000,36.36045,winter weekend,32.84
118,2023-01-05 22:00:00.000,35.440818,winter weekend,32.84
119,2023-01-05 23:00:00.000,33.2367,winter weekend,32.84
120,2023-01-06 00:00:00.000,30.763939500000006,winter weekend,32.84
121,2023-01-06 01:00:00.000,30.000495,winter weekend,27.53
122,2023-01-06 02:00:00.000,29.454463500000006,winter weekend,27.53
123,2023-01-06 03:00:00.000,27.656433000000003,winter weekend,27.53
124,2023-01-06 04:00:00.000,27.605203500000005,winter weekend,27.53
125,2023-01-06 05:00:00.000,27.867598500000003,winter weekend,27.53
126,2023-01-06 06:00:00.000,29.5194375,winter weekend,27.53
127,2023-01-06 07:00:00.000,30.676474500000005,winter weekend,32.84
128,2023-01-06 08:00:00.000,32.449515000000005,winter weekend,32.84
129,2023-01-06 09:00:00.000,31.969707000000003,winter weekend,32.84
130,2023-01-06 10:00:00.000,31.46865750000001,winter weekend,32.84
131,2023-01-06 11:00:00.000,31.53363150000001,winter weekend,32.84
132,2023-01-06 12:00:00.000,31.737300000000005,winter weekend,32.84
133,2023-01-06 13:00:00.000,31.085061000000003,winter weekend,32.84
134,2023-01-06 14:00:00.000,32.32581450000001,winter weekend,32.84
135,2023-01-06 15:00:00.000,33.090508500000006,winter weekend,32.84
136,2023-01-06 16:00:00.000,34.80732150000001,winter weekend,32.84
137,2023-01-06 17:00:00.000,36.8515035,winter weekend,32.84
138,2023-01-06 18:00:00.000,37.797375,winter weekend,32.84
139,2023-01-06 19:00:00.000,35.703213000000005,winter weekend,32.84
140,2023-01-06 20:00:00.000,34.783581000000005,winter weekend,32.84
141,2023-01-06 21:00:00.000,33.83646000000001,winter weekend,32.84
142,2023-01-06 22:00:00.000,33.60405300000001,winter weekend,32.84
143,2023-01-06 23:00:00.000,32.524485,winter weekend,32.84
144,2023-01-07 00:00:00.000,29.506942500000005,winter weekend,27.53
145,2023-01-07 01:00:00.000,29.666878500000003,winter weekend,27.53
146,2023-01-07 02:00:00.000,29.369497500000005,winter weekend,27.53
147,2023-01-07 03:00:00.000,28.359901500000007,winter weekend,27.53
148,2023-01-07 04:00:00.000,27.737650500000008,winter weekend,27.53
149,2023-01-07 05:00:00.000,27.812620500000005,winter weekend,27.53
150,2023-01-07 06:00:00.000,28.708512,winter weekend,27.53
151,2023-01-07 07:00:00.000,30.2641395,winter weekend,32.84
152,2023-01-07 08:00:00.000,31.344957,winter weekend,32.84
153,2023-01-07 09:00:00.000,31.362450000000003,winter weekend,32.84
154,2023-01-07 10:00:00.000,29.86305,winter weekend,27.53
155,2023-01-07 11:00:00.000,28.403634000000004,winter weekend,27.53
156,2023-01-07 12:00:00.000,28.351155,winter weekend,27.53
157,2023-01-07 13:00:00.000,29.119597500000005,winter weekend,27.53
158,2023-01-07 14:00:00.000,28.486101,winter weekend,27.53
159,2023-01-07 15:00:00.000,28.058772000000005,winter weekend,27.53
160,2023-01-07 16:00:00.000,29.12584500000001,winter weekend,27.53
161,2023-01-07 17:00:00.000,29.464459500000004,winter weekend,27.53
162,2023-01-07 18:00:00.000,29.80307400000001,winter weekend,27.53
163,2023-01-07 19:00:00.000,29.185821000000004,winter weekend,27.53
164,2023-01-07 20:00:00.000,28.346157000000005,winter weekend,27.53
165,2023-01-07 21:00:00.000,25.048726500000004,winter weekend,27.53
166,2023-01-07 22:00:00.000,23.61555,winter weekend,19.94
167,2023-01-07 23:00:00.000,22.1473875,winter weekend,19.94
168,2023-01-08 00:00:00.000,18.7337535,winter weekend,19.94
169,2023-01-08 01:00:00.000,18.5013465,winter weekend,19.94
170,2023-01-08 02:00:00.000,18.505095,winter weekend,19.94
171,2023-01-08 03:00:00.000,17.887842,winter weekend,19.94
172,2023-01-08 04:00:00.000,18.065271,winter weekend,19.94
173,2023-01-08 05:00:00.000,18.607554,winter weekend,19.94
174,2023-01-08 06:00:00.000,18.495099,winter weekend,19.94
175,2023-01-08 07:00:00.000,19.4259765,winter weekend,19.94
176,2023-01-08 08:00:00.000,23.54307900000001,winter weekend,19.94
177,2023-01-08 09:00:00.000,27.71391000000001,winter weekend,27.53
178,2023-01-08 10:00:00.000,29.075865000000004,winter weekend,27.53
179,2023-01-08 11:00:00.000,30.346606500000007,winter weekend,32.84
180,2023-01-08 12:00:00.000,30.0742155,winter weekend,27.53
181,2023-01-08 13:00:00.000,29.738100000000006,winter weekend,27.53
182,2023-01-08 14:00:00.000,30.399085500000005,winter weekend,32.84
183,2023-01-08 15:00:00.000,30.317868000000008,winter weekend,32.84
184,2023-01-08 16:00:00.000,31.0013445,winter weekend,32.84
185,2023-01-08 17:00:00.000,32.11714800000001,winter weekend,32.84
186,2023-01-08 18:00:00.000,32.68816950000001,winter weekend,32.84
187,2023-01-08 19:00:00.000,31.0013445,winter weekend,32.84
188,2023-01-08 20:00:00.000,30.354103500000004,winter weekend,32.84
189,2023-01-08 21:00:00.000,29.666878500000003,winter weekend,27.53
190,2023-01-08 22:00:00.000,29.784331500000004,winter weekend,27.53
191,2023-01-08 23:00:00.000,27.531483,winter weekend,27.53
192,2023-01-09 00:00:00.000,26.755543500000005,winter weekday,26.43
193,2023-01-09 01:00:00.000,25.412331000000005,winter weekday,26.43
194,2023-01-09 02:00:00.000,24.900036000000007,winter weekday,26.43
195,2023-01-09 03:00:00.000,22.2923295,winter weekday,26.43
196,2023-01-09 04:00:00.000,23.2719375,winter weekday,26.43
197,2023-01-09 05:00:00.000,25.9983465,winter weekday,26.43
198,2023-01-09 06:00:00.000,30.7539435,winter weekday,30.5
199,2023-01-09 07:00:00.000,37.36005000000001,winter weekday,35.79
200,2023-01-09 08:00:00.000,39.85905,winter weekday,35.79
201,2023-01-09 09:00:00.000,39.501693,winter weekday,35.79
202,2023-01-09 10:00:00.000,37.2438465,winter weekday,35.79
203,2023-01-09 11:00:00.000,37.4312715,winter weekday,35.79
204,2023-01-09 12:00:00.000,34.931022000000006,winter weekday,35.79
205,2023-01-09 13:00:00.000,34.569916500000005,winter weekday,35.79
206,2023-01-09 14:00:00.000,35.3071215,winter weekday,35.79
207,2023-01-09 15:00:00.000,36.237999,winter weekday,35.79
208,2023-01-09 16:00:00.000,37.604952,winter weekday,35.79
209,2023-01-09 17:00:00.000,39.3679965,winter weekday,35.79
210,2023-01-09 18:00:00.000,40.131441,winter weekday,35.79
211,2023-01-09 19:00:00.000,38.7082605,winter weekday,35.79
212,2023-01-09 20:00:00.000,37.4237745,winter weekday,35.79
213,2023-01-09 21:00:00.000,34.72735350000001,winter weekday,35.79
214,2023-01-09 22:00:00.000,33.86145,winter weekday,35.79
215,2023-01-09 23:00:00.000,30.90138450000001,winter weekday,30.5
216,2023-01-10 00:00:00.000,30.615249,winter weekday,30.5
217,2023-01-10 01:00:00.000,29.451964500000003,winter weekday,30.5
218,2023-01-10 02:00:00.000,29.255793,winter weekday,30.5
219,2023-01-10 03:00:00.000,28.658532,winter weekday,30.5
220,2023-01-10 04:00:00.000,29.314519500000007,winter weekday,30.5
221,2023-01-10 05:00:00.000,30.937620000000003,winter weekday,30.5
222,2023-01-10 06:00:00.000,34.627393500000004,winter weekday,35.79
223,2023-01-10 07:00:00.000,36.701563500000006,winter weekday,35.79
224,2023-01-10 08:00:00.000,38.0260335,winter weekday,35.79
225,2023-01-10 09:00:00.000,37.412529,winter weekday,35.79
226,2023-01-10 10:00:00.000,36.701563500000006,winter weekday,35.79
227,2023-01-10 11:00:00.000,35.66697750000001,winter weekday,35.79
228,2023-01-10 12:00:00.000,35.01348900000001,winter weekday,35.79
229,2023-01-10 13:00:00.000,35.070966000000006,winter weekday,35.79
230,2023-01-10 14:00:00.000,35.5370295,winter weekday,35.79
231,2023-01-10 15:00:00.000,35.60075400000001,winter weekday,35.79
232,2023-01-10 16:00:00.000,34.923525000000005,winter weekday,35.79
233,2023-01-10 17:00:00.000,35.65323300000001,winter weekday,35.79
234,2023-01-10 18:00:00.000,34.917277500000004,winter weekday,35.79
235,2023-01-10 19:00:00.000,32.916828,winter weekday,30.5
236,2023-01-10 20:00:00.000,30.631492500000004,winter weekday,30.5
237,2023-01-10 21:00:00.000,28.179973500000003,winter weekday,26.43
238,2023-01-10 22:00:00.000,27.526485000000005,winter weekday,26.43
239,2023-01-10 23:00:00.000,22.735902000000006,winter weekday,26.43
240,2023-01-11 00:00:00.000,17.9928,winter weekday,26.43
241,2023-01-11 01:00:00.000,17.388042,winter weekday,26.43
242,2023-01-11 02:00:00.000,17.378046,winter weekday,26.43
243,2023-01-11 03:00:00.000,17.369299499999997,winter weekday,26.43
244,2023-01-11 04:00:00.000,17.373047999999997,winter weekday,26.43
245,2023-01-11 05:00:00.000,17.7116625,winter weekday,26.43
246,2023-01-11 06:00:00.000,24.600156,winter weekday,26.43
247,2023-01-11 07:00:00.000,28.752244500000007,winter weekday,30.5
248,2023-01-11 08:00:00.000,33.291678000000005,winter weekday,35.79
249,2023-01-11 09:00:00.000,33.579063000000005,winter weekday,35.79
250,2023-01-11 10:00:00.000,33.82521450000001,winter weekday,35.79
251,2023-01-11 11:00:00.000,33.61404900000001,winter weekday,35.79
252,2023-01-11 12:00:00.000,32.0459265,winter weekday,30.5
253,2023-01-11 13:00:00.000,31.18002300000001,winter weekday,30.5
254,2023-01-11 14:00:00.000,31.829763000000003,winter weekday,30.5
255,2023-01-11 15:00:00.000,32.074665,winter weekday,30.5
256,2023-01-11 16:00:00.000,32.26209,winter weekday,30.5
257,2023-01-11 17:00:00.000,33.9101805,winter weekday,35.79
258,2023-01-11 18:00:00.000,33.97140600000001,winter weekday,35.79
259,2023-01-11 19:00:00.000,33.33666000000001,winter weekday,35.79
260,2023-01-11 20:00:00.000,31.682322000000006,winter weekday,30.5
261,2023-01-11 21:00:00.000,29.047126500000005,winter weekday,30.5
262,2023-01-11 22:00:00.000,28.827214500000004,winter weekday,30.5
263,2023-01-11 23:00:00.000,25.932123000000004,winter weekday,26.43
264,2023-01-12 00:00:00.000,19.852056,winter weekday,26.43
265,2023-01-12 01:00:00.000,18.0615225,winter weekday,26.43
266,2023-01-12 02:00:00.000,17.9540655,winter weekday,26.43
267,2023-01-12 03:00:00.000,17.380544999999998,winter weekday,26.43
268,2023-01-12 04:00:00.000,17.6216985,winter weekday,26.43
269,2023-01-12 05:00:00.000,20.484303,winter weekday,26.43
270,2023-01-12 06:00:00.000,28.078764000000003,winter weekday,26.43
271,2023-01-12 07:00:00.000,31.3062225,winter weekday,30.5
272,2023-01-12 08:00:00.000,30.716458500000005,winter weekday,30.5
273,2023-01-12 09:00:00.000,29.59190850000001,winter weekday,30.5
274,2023-01-12 10:00:00.000,27.956313,winter weekday,26.43
275,2023-01-12 11:00:00.000,28.286181000000003,winter weekday,26.43
276,2023-01-12 12:00:00.000,26.849256000000004,winter weekday,26.43
277,2023-01-12 13:00:00.000,27.593958000000004,winter weekday,26.43
278,2023-01-12 14:00:00.000,28.38864000000001,winter weekday,26.43
279,2023-01-12 15:00:00.000,29.260791000000005,winter weekday,30.5
280,2023-01-12 16:00:00.000,29.748096000000004,winter weekday,30.5
281,2023-01-12 17:00:00.000,31.363699500000006,winter weekday,30.5
282,2023-01-12 18:00:00.000,32.298325500000004,winter weekday,30.5
283,2023-01-12 19:00:00.000,29.961760500000008,winter weekday,30.5
284,2023-01-12 20:00:00.000,29.781832500000004,winter weekday,30.5
285,2023-01-12 21:00:00.000,27.960061500000005,winter weekday,26.43
286,2023-01-12 22:00:00.000,26.168278500000003,winter weekday,26.43
287,2023-01-12 23:00:00.000,22.312321500000003,winter weekday,26.43
288,2023-01-13 00:00:00.000,21.446418,winter weekday,26.43
289,2023-01-13 01:00:00.000,19.4909505,winter weekday,26.43
290,2023-01-13 02:00:00.000,18.4926,winter weekday,26.43
291,2023-01-13 03:00:00.000,17.620448999999997,winter weekday,26.43
292,2023-01-13 04:00:00.000,17.6941695,winter weekday,26.43
293,2023-01-13 05:00:00.000,20.524287,winter weekday,26.43
294,2023-01-13 06:00:00.000,24.207813000000005,winter weekday,26.43
295,2023-01-13 07:00:00.000,28.348656000000005,winter weekday,26.43
296,2023-01-13 08:00:00.000,30.606502500000005,winter weekday,30.5
297,2023-01-13 09:00:00.000,29.943018,winter weekday,30.5
298,2023-01-13 10:00:00.000,29.219557500000004,winter weekday,30.5
299,2023-01-13 11:00:00.000,27.980053500000004,winter weekday,26.43
300,2023-01-13 12:00:00.000,26.930473500000005,winter weekday,26.43
301,2023-01-13 13:00:00.000,26.144538,winter weekday,26.43
302,2023-01-13 14:00:00.000,26.558122500000003,winter weekday,26.43
303,2023-01-13 15:00:00.000,27.345307500000004,winter weekday,26.43
304,2023-01-13 16:00:00.000,28.02753450000001,winter weekday,26.43
305,2023-01-13 17:00:00.000,29.475705000000005,winter weekday,30.5
306,2023-01-13 18:00:00.000,29.4844515,winter weekday,30.5
307,2023-01-13 19:00:00.000,29.352004500000003,winter weekday,30.5
308,2023-01-13 20:00:00.000,27.981303000000004,winter weekday,26.43
309,2023-01-13 21:00:00.000,26.9754555,winter weekday,26.43
310,2023-01-13 22:00:00.000,26.92797450000001,winter weekday,26.43
311,2023-01-13 23:00:00.000,25.902135000000005,winter weekday,26.43
312,2023-01-14 00:00:00.000,20.576766,winter weekend,19.94
313,2023-01-14 01:00:00.000,21.693819,winter weekend,19.94
314,2023-01-14 02:00:00.000,22.953315000000007,winter weekend,19.94
315,2023-01-14 03:00:00.000,22.519738500000003,winter weekend,19.94
316,2023-01-14 04:00:00.000,22.453515000000003,winter weekend,19.94
317,2023-01-14 05:00:00.000,22.451016000000003,winter weekend,19.94
318,2023-01-14 06:00:00.000,23.003295000000005,winter weekend,19.94
319,2023-01-14 07:00:00.000,24.007893000000006,winter weekend,27.53
320,2023-01-14 08:00:00.000,23.907933000000007,winter weekend,27.53
321,2023-01-14 09:00:00.000,24.135342000000005,winter weekend,27.53
322,2023-01-14 10:00:00.000,23.6742765,winter weekend,19.94
323,2023-01-14 11:00:00.000,24.241549500000005,winter weekend,27.53
324,2023-01-14 12:00:00.000,23.479354500000003,winter weekend,19.94
325,2023-01-14 13:00:00.000,20.5230375,winter weekend,19.94
326,2023-01-14 14:00:00.000,19.044879,winter weekend,19.94
327,2023-01-14 15:00:00.000,18.4988475,winter weekend,19.94
328,2023-01-14 16:00:00.000,18.497598,winter weekend,19.94
329,2023-01-14 17:00:00.000,18.747498,winter weekend,19.94
330,2023-01-14 18:00:00.000,19.0786155,winter weekend,19.94
331,2023-01-14 19:00:00.000,18.222708,winter weekend,19.94
332,2023-01-14 20:00:00.000,18.4963485,winter weekend,19.94
333,2023-01-14 21:00:00.000,18.5013465,winter weekend,19.94
334,2023-01-14 22:00:00.000,18.105255,winter weekend,19.94
335,2023-01-14 23:00:00.000,18.0165405,winter weekend,19.94
336,2023-01-15 00:00:00.000,17.860353,winter weekend,19.94
337,2023-01-15 01:00:00.000,17.5817145,winter weekend,19.94
338,2023-01-15 02:00:00.000,17.880345000000002,winter weekend,19.94
339,2023-01-15 03:00:00.000,17.699167499999998,winter weekend,19.94
340,2023-01-15 04:00:00.000,17.726656499999997,winter weekend,19.94
341,2023-01-15 05:00:00.000,17.8690995,winter weekend,19.94
342,2023-01-15 06:00:00.000,17.565471,winter weekend,19.94
343,2023-01-15 07:00:00.000,17.585462999999997,winter weekend,19.94
344,2023-01-15 08:00:00.000,18.502596,winter weekend,19.94
345,2023-01-15 09:00:00.000,18.6562845,winter weekend,19.94
346,2023-01-15 10:00:00.000,18.4938495,winter weekend,19.94
347,2023-01-15 11:00:00.000,18.3713985,winter weekend,19.94
348,2023-01-15 12:00:00.000,18.212712,winter weekend,19.94
349,2023-01-15 13:00:00.000,17.420529,winter weekend,19.94
350,2023-01-15 14:00:00.000,17.4042855,winter weekend,19.94
351,2023-01-15 15:00:00.000,17.408033999999997,winter weekend,19.94
352,2023-01-15 16:00:00.000,17.425527,winter weekend,19.94
353,2023-01-15 17:00:00.000,17.524237499999998,winter weekend,19.94
354,2023-01-15 18:00:00.000,20.7354525,winter weekend,19.94
355,2023-01-15 19:00:00.000,20.5255365,winter weekend,19.94
356,2023-01-15 20:00:00.000,18.8886915,winter weekend,19.94
357,2023-01-15 21:00:00.000,19.8283155,winter weekend,19.94
358,2023-01-15 22:00:00.000,21.383943,winter weekend,19.94
359,2023-01-15 23:00:00.000,22.0499265,winter weekend,19.94
360,2023-01-16 00:00:00.000,24.8662995,winter weekday,26.43
361,2023-01-16 01:00:00.000,24.8662995,winter weekday,26.43
362,2023-01-16 02:00:00.000,25.20491400000001,winter weekday,26.43
363,2023-01-16 03:00:00.000,24.377745000000004,winter weekday,26.43
364,2023-01-16 04:00:00.000,25.27738500000001,winter weekday,26.43
365,2023-01-16 05:00:00.000,28.238700000000005,winter weekday,26.43
366,2023-01-16 06:00:00.000,36.689068500000005,winter weekday,35.79
367,2023-01-16 07:00:00.000,39.248044500000006,winter weekday,35.79
368,2023-01-16 08:00:00.000,40.6075005,winter weekday,35.79
369,2023-01-16 09:00:00.000,38.60955,winter weekday,35.79
370,2023-01-16 10:00:00.000,36.13554,winter weekday,35.79
371,2023-01-16 11:00:00.000,36.2217555,winter weekday,35.79
372,2023-01-16 12:00:00.000,35.740698,winter weekday,35.79
373,2023-01-16 13:00:00.000,34.9697565,winter weekday,35.79
374,2023-01-16 14:00:00.000,35.01598800000001,winter weekday,35.79
375,2023-01-16 15:00:00.000,35.572015500000006,winter weekday,35.79
376,2023-01-16 16:00:00.000,36.21175950000001,winter weekday,35.79
377,2023-01-16 17:00:00.000,38.2084605,winter weekday,35.79
378,2023-01-16 18:00:00.000,39.074364,winter weekday,35.79
379,2023-01-16 19:00:00.000,36.173025,winter weekday,35.79
380,2023-01-16 20:00:00.000,34.4824515,winter weekday,35.79
381,2023-01-16 21:00:00.000,33.329163,winter weekday,35.79
382,2023-01-16 22:00:00.000,32.76688800000001,winter weekday,30.5
383,2023-01-16 23:00:00.000,31.03758,winter weekday,30.5
384,2023-01-17 00:00:00.000,29.643138000000008,winter weekday,30.5
385,2023-01-17 01:00:00.000,29.189569500000005,winter weekday,30.5
386,2023-01-17 02:00:00.000,28.852204500000006,winter weekday,30.5
387,2023-01-17 03:00:00.000,28.5523245,winter weekday,30.5
388,2023-01-17 04:00:00.000,28.834711500000004,winter weekday,30.5
389,2023-01-17 05:00:00.000,29.86305,winter weekday,30.5
390,2023-01-17 06:00:00.000,31.982202000000004,winter weekday,30.5
391,2023-01-17 07:00:00.000,34.96101000000001,winter weekday,35.79
392,2023-01-17 08:00:00.000,36.35545200000001,winter weekday,35.79
393,2023-01-17 09:00:00.000,34.37374500000001,winter weekday,35.79
394,2023-01-17 10:00:00.000,33.1329915,winter weekday,30.5
395,2023-01-17 11:00:00.000,32.7056625,winter weekday,30.5
396,2023-01-17 12:00:00.000,31.870996500000004,winter weekday,30.5
397,2023-01-17 13:00:00.000,33.556572,winter weekday,35.79
398,2023-01-17 14:00:00.000,35.616997500000004,winter weekday,35.79
399,2023-01-17 15:00:00.000,37.84110750000001,winter weekday,35.79
400,2023-01-17 16:00:00.000,39.8652975,winter weekday,35.79
401,2023-01-17 17:00:00.000,40.96235849999999,winter weekday,35.79
402,2023-01-17 18:00:00.000,39.471705,winter weekday,35.79
403,2023-01-17 19:00:00.000,39.304272000000005,winter weekday,35.79
404,2023-01-17 20:00:00.000,36.612849,winter weekday,35.79
405,2023-01-17 21:00:00.000,35.643237000000006,winter weekday,35.79
406,2023-01-17 22:00:00.000,34.853553,winter weekday,35.79
407,2023-01-17 23:00:00.000,33.3279135,winter weekday,35.79
408,2023-01-18 00:00:00.000,32.718157500000004,winter weekday,30.5
409,2023-01-18 01:00:00.000,32.946816,winter weekday,30.5
410,2023-01-18 02:00:00.000,32.941818000000005,winter weekday,30.5
411,2023-01-18 03:00:00.000,32.720656500000004,winter weekday,30.5
412,2023-01-18 04:00:00.000,32.3508045,winter weekday,30.5
413,2023-01-18 05:00:00.000,33.18672000000001,winter weekday,35.79
414,2023-01-18 06:00:00.000,36.450414,winter weekday,35.79
415,2023-01-18 07:00:00.000,38.8207155,winter weekday,35.79
416,2023-01-18 08:00:00.000,40.94236649999999,winter weekday,35.79
417,2023-01-18 09:00:00.000,40.2476445,winter weekday,35.79
418,2023-01-18 10:00:00.000,37.51623750000001,winter weekday,35.79
419,2023-01-18 11:00:00.000,36.4166775,winter weekday,35.79
420,2023-01-18 12:00:00.000,34.9697565,winter weekday,35.79
421,2023-01-18 13:00:00.000,35.01598800000001,winter weekday,35.79
422,2023-01-18 14:00:00.000,35.15218350000001,winter weekday,35.79
423,2023-01-18 15:00:00.000,36.44666550000001,winter weekday,35.79
424,2023-01-18 16:00:00.000,36.5866095,winter weekday,35.79
425,2023-01-18 17:00:00.000,37.939818,winter weekday,35.79
426,2023-01-18 18:00:00.000,37.230102,winter weekday,35.79
427,2023-01-18 19:00:00.000,34.0551225,winter weekday,35.79
428,2023-01-18 20:00:00.000,34.546176,winter weekday,35.79
429,2023-01-18 21:00:00.000,33.795226500000005,winter weekday,35.79
430,2023-01-18 22:00:00.000,33.4853505,winter weekday,35.79
431,2023-01-18 23:00:00.000,31.447416000000004,winter weekday,30.5
432,2023-01-19 00:00:00.000,31.303723500000004,winter weekday,30.5
433,2023-01-19 01:00:00.000,30.735201000000004,winter weekday,30.5
434,2023-01-19 02:00:00.000,30.484051500000003,winter weekday,30.5
435,2023-01-19 03:00:00.000,30.07796400000001,winter weekday,30.5
436,2023-01-19 04:00:00.000,29.755593,winter weekday,30.5
437,2023-01-19 05:00:00.000,31.231252500000007,winter weekday,30.5
438,2023-01-19 06:00:00.000,32.139639,winter weekday,30.5
439,2023-01-19 07:00:00.000,36.063069000000006,winter weekday,35.79
440,2023-01-19 08:00:00.000,37.3513035,winter weekday,35.79
441,2023-01-19 09:00:00.000,36.845256000000006,winter weekday,35.79
442,2023-01-19 10:00:00.000,36.71155950000001,winter weekday,35.79
443,2023-01-19 11:00:00.000,34.6898685,winter weekday,35.79
444,2023-01-19 12:00:00.000,36.1192965,winter weekday,35.79
445,2023-01-19 13:00:00.000,36.7190565,winter weekday,35.79
446,2023-01-19 14:00:00.000,37.4212755,winter weekday,35.79
447,2023-01-19 15:00:00.000,39.746595,winter weekday,35.79
448,2023-01-19 16:00:00.000,40.6449855,winter weekday,35.79
449,2023-01-19 17:00:00.000,42.19936349999999,winter weekday,35.79
450,2023-01-19 18:00:00.000,42.05442149999999,winter weekday,35.79
451,2023-01-19 19:00:00.000,40.6449855,winter weekday,35.79
452,2023-01-19 20:00:00.000,38.600803500000005,winter weekday,35.79
453,2023-01-19 21:00:00.000,37.331311500000005,winter weekday,35.79
454,2023-01-19 22:00:00.000,37.62744300000001,winter weekday,35.79
455,2023-01-19 23:00:00.000,34.798575,winter weekday,35.79
456,2023-01-20 00:00:00.000,35.72195550000001,winter weekday,35.79
457,2023-01-20 01:00:00.000,35.423325,winter weekday,35.79
458,2023-01-20 02:00:00.000,35.165928,winter weekday,35.79
459,2023-01-20 03:00:00.000,35.210910000000005,winter weekday,35.79
460,2023-01-20 04:00:00.000,35.483301000000004,winter weekday,35.79
461,2023-01-20 05:00:00.000,36.173025,winter weekday,35.79
462,2023-01-20 06:00:00.000,39.3604995,winter weekday,35.79
463,2023-01-20 07:00:00.000,43.36639649999999,winter weekday,35.79
464,2023-01-20 08:00:00.000,46.73879699999999,winter weekday,35.79
465,2023-01-20 09:00:00.000,45.06946499999999,winter weekday,35.79
466,2023-01-20 10:00:00.000,43.57881149999999,winter weekday,35.79
467,2023-01-20 11:00:00.000,42.547974,winter weekday,35.79
468,2023-01-20 12:00:00.000,41.01608699999999,winter weekday,35.79
469,2023-01-20 13:00:00.000,40.0627185,winter weekday,35.79
470,2023-01-20 14:00:00.000,40.153932000000005,winter weekday,35.79
471,2023-01-20 15:00:00.000,41.35844999999999,winter weekday,35.79
472,2023-01-20 16:00:00.000,42.35804999999999,winter weekday,35.79
473,2023-01-20 17:00:00.000,43.38513899999999,winter weekday,35.79
474,2023-01-20 18:00:00.000,43.40763,winter weekday,35.79
475,2023-01-20 19:00:00.000,41.98319999999999,winter weekday,35.79
476,2023-01-20 20:00:00.000,39.321765,winter weekday,35.79
477,2023-01-20 21:00:00.000,38.1559815,winter weekday,35.79
478,2023-01-20 22:00:00.000,37.747395,winter weekday,35.79
479,2023-01-20 23:00:00.000,35.8044225,winter weekday,35.79
480,2023-01-21 00:00:00.000,35.37709350000001,winter weekend,32.84
481,2023-01-21 01:00:00.000,34.86854700000001,winter weekend,32.84
482,2023-01-21 02:00:00.000,34.88479050000001,winter weekend,32.84
483,2023-01-21 03:00:00.000,34.078863000000005,winter weekend,32.84
484,2023-01-21 04:00:00.000,33.766488,winter weekend,32.84
485,2023-01-21 05:00:00.000,33.868947000000006,winter weekend,32.84
486,2023-01-21 06:00:00.000,33.67027650000001,winter weekend,32.84
487,2023-01-21 07:00:00.000,34.8922875,winter weekend,32.84
488,2023-01-21 08:00:00.000,36.420426000000006,winter weekend,32.84
489,2023-01-21 09:00:00.000,38.816967,winter weekend,32.84
490,2023-01-21 10:00:00.000,38.6107995,winter weekend,32.84
491,2023-01-21 11:00:00.000,36.977703000000005,winter weekend,32.84
492,2023-01-21 12:00:00.000,35.849404500000006,winter weekend,32.84
493,2023-01-21 13:00:00.000,34.488699000000004,winter weekend,32.84
494,2023-01-21 14:00:00.000,34.433721000000006,winter weekend,32.84
495,2023-01-21 15:00:00.000,34.348755000000004,winter weekend,32.84
496,2023-01-21 16:00:00.000,35.38833900000001,winter weekend,32.84
497,2023-01-21 17:00:00.000,39.099354,winter weekend,32.84
498,2023-01-21 18:00:00.000,39.7203555,winter weekend,32.84
499,2023-01-21 19:00:00.000,35.300874,winter weekend,32.84
500,2023-01-21 20:00:00.000,34.6773735,winter weekend,32.84
501,2023-01-21 21:00:00.000,34.366248000000006,winter weekend,32.84
502,2023-01-21 22:00:00.000,33.846456,winter weekend,32.84
503,2023-01-21 23:00:00.000,32.082162000000004,winter weekend,32.84
504,2023-01-22 00:00:00.000,33.31167000000001,winter weekend,32.84
505,2023-01-22 01:00:00.000,32.238349500000005,winter weekend,32.84
506,2023-01-22 02:00:00.000,31.9584615,winter weekend,32.84
507,2023-01-22 03:00:00.000,32.155882500000004,winter weekend,32.84
508,2023-01-22 04:00:00.000,32.626944,winter weekend,32.84
509,2023-01-22 05:00:00.000,32.085910500000004,winter weekend,32.84
510,2023-01-22 06:00:00.000,33.31167000000001,winter weekend,32.84
511,2023-01-22 07:00:00.000,33.31167000000001,winter weekend,32.84
512,2023-01-22 08:00:00.000,34.5499245,winter weekend,32.84
513,2023-01-22 09:00:00.000,35.58825900000001,winter weekend,32.84
514,2023-01-22 10:00:00.000,36.270486000000005,winter weekend,32.84
515,2023-01-22 11:00:00.000,37.5787125,winter weekend,32.84
516,2023-01-22 12:00:00.000,37.553722500000006,winter weekend,32.84
517,2023-01-22 13:00:00.000,36.11055,winter weekend,32.84
518,2023-01-22 14:00:00.000,36.72280500000001,winter weekend,32.84
519,2023-01-22 15:00:00.000,37.046425500000005,winter weekend,32.84
520,2023-01-22 16:00:00.000,38.7382485,winter weekend,32.84
521,2023-01-22 17:00:00.000,41.35720049999999,winter weekend,32.84
522,2023-01-22 18:00:00.000,42.61669649999999,winter weekend,32.84
523,2023-01-22 19:00:00.000,42.2568405,winter weekend,32.84
524,2023-01-22 20:00:00.000,39.7353495,winter weekend,32.84
525,2023-01-22 21:00:00.000,38.7057615,winter weekend,32.84
526,2023-01-22 22:00:00.000,37.71740700000001,winter weekend,32.84
527,2023-01-22 23:00:00.000,36.555372000000006,winter weekend,32.84
528,2023-01-23 00:00:00.000,35.980602000000005,winter weekday,35.79
529,2023-01-23 01:00:00.000,35.985600000000005,winter weekday,35.79
530,2023-01-23 02:00:00.000,35.910630000000005,winter weekday,35.79
531,2023-01-23 03:00:00.000,35.80942050000001,winter weekday,35.79
532,2023-01-23 04:00:00.000,36.095556,winter weekday,35.79
533,2023-01-23 05:00:00.000,36.150534,winter weekday,35.79
534,2023-01-23 06:00:00.000,41.10355199999999,winter weekday,35.79
535,2023-01-23 07:00:00.000,45.67422299999999,winter weekday,35.79
536,2023-01-23 08:00:00.000,49.59515399999999,winter weekday,35.79
537,2023-01-23 09:00:00.000,51.132039,winter weekday,35.79
538,2023-01-23 10:00:00.000,48.59805299999999,winter weekday,35.79
539,2023-01-23 11:00:00.000,46.1352885,winter weekday,35.79
540,2023-01-23 12:00:00.000,44.97575249999999,winter weekday,35.79
541,2023-01-23 13:00:00.000,44.75459099999999,winter weekday,35.79
542,2023-01-23 14:00:00.000,44.81831549999999,winter weekday,35.79
543,2023-01-23 15:00:00.000,44.7308505,winter weekday,35.79
544,2023-01-23 16:00:00.000,45.429321,winter weekday,35.79
545,2023-01-23 17:00:00.000,48.468105,winter weekday,35.79
546,2023-01-23 18:00:00.000,48.36439649999999,winter weekday,35.79
547,2023-01-23 19:00:00.000,45.25564049999999,winter weekday,35.79
548,2023-01-23 20:00:00.000,42.79912349999999,winter weekday,35.79
549,2023-01-23 21:00:00.000,40.3600995,winter weekday,35.79
550,2023-01-23 22:00:00.000,38.8706955,winter weekday,35.79
551,2023-01-23 23:00:00.000,37.794876,winter weekday,35.79
552,2023-01-24 00:00:00.000,37.9660575,winter weekday,35.79
553,2023-01-24 01:00:00.000,37.3687965,winter weekday,35.79
554,2023-01-24 02:00:00.000,36.7090605,winter weekday,35.79
555,2023-01-24 03:00:00.000,35.991847500000006,winter weekday,35.79
556,2023-01-24 04:00:00.000,36.56661750000001,winter weekday,35.79
557,2023-01-24 05:00:00.000,37.777383,winter weekday,35.79
558,2023-01-24 06:00:00.000,40.310119500000006,winter weekday,35.79
559,2023-01-24 07:00:00.000,43.617546,winter weekday,35.79
560,2023-01-24 08:00:00.000,48.74299499999999,winter weekday,35.79
561,2023-01-24 09:00:00.000,49.40897849999999,winter weekday,35.79
562,2023-01-24 10:00:00.000,47.18861699999999,winter weekday,35.79
563,2023-01-24 11:00:00.000,46.10405099999999,winter weekday,35.79
564,2023-01-24 12:00:00.000,44.59715399999999,winter weekday,35.79
565,2023-01-24 13:00:00.000,43.1139975,winter weekday,35.79
566,2023-01-24 14:00:00.000,44.267285999999984,winter weekday,35.79
567,2023-01-24 15:00:00.000,44.60465099999999,winter weekday,35.79
568,2023-01-24 16:00:00.000,45.429321,winter weekday,35.79
569,2023-01-24 17:00:00.000,48.60554999999999,winter weekday,35.79
570,2023-01-24 18:00:00.000,48.60554999999999,winter weekday,35.79
571,2023-01-24 19:00:00.000,46.2502425,winter weekday,35.79
572,2023-01-24 20:00:00.000,44.109849,winter weekday,35.79
573,2023-01-24 21:00:00.000,40.7799315,winter weekday,35.79
574,2023-01-24 22:00:00.000,38.9131785,winter weekday,35.79
575,2023-01-24 23:00:00.000,37.63993800000001,winter weekday,35.79
576,2023-01-25 00:00:00.000,36.0068415,winter weekday,35.79
577,2023-01-25 01:00:00.000,36.21425850000001,winter weekday,35.79
578,2023-01-25 02:00:00.000,36.199264500000005,winter weekday,35.79
579,2023-01-25 03:00:00.000,35.8069215,winter weekday,35.79
580,2023-01-25 04:00:00.000,35.698215000000005,winter weekday,35.79
581,2023-01-25 05:00:00.000,36.2167575,winter weekday,35.79
582,2023-01-25 06:00:00.000,38.68452,winter weekday,35.79
583,2023-01-25 07:00:00.000,42.36929549999999,winter weekday,35.79
584,2023-01-25 08:00:00.000,45.48679799999999,winter weekday,35.79
585,2023-01-25 09:00:00.000,45.48179999999999,winter weekday,35.79
586,2023-01-25 10:00:00.000,43.909928999999984,winter weekday,35.79
587,2023-01-25 11:00:00.000,42.48050099999999,winter weekday,35.79
588,2023-01-25 12:00:00.000,41.50838999999999,winter weekday,35.79
589,2023-01-25 13:00:00.000,40.508790000000005,winter weekday,35.79
590,2023-01-25 14:00:00.000,41.320965,winter weekday,35.79
591,2023-01-25 15:00:00.000,42.02068499999999,winter weekday,35.79
592,2023-01-25 16:00:00.000,42.2568405,winter weekday,35.79
593,2023-01-25 17:00:00.000,43.15148249999999,winter weekday,35.79
594,2023-01-25 18:00:00.000,43.43511899999999,winter weekday,35.79
595,2023-01-25 19:00:00.000,41.50963949999999,winter weekday,35.79
596,2023-01-25 20:00:00.000,39.1455855,winter weekday,35.79
597,2023-01-25 21:00:00.000,38.1035025,winter weekday,35.79
598,2023-01-25 22:00:00.000,37.8111195,winter weekday,35.79
599,2023-01-25 23:00:00.000,36.51413850000001,winter weekday,35.79
600,2023-01-26 00:00:00.000,36.11055,winter weekday,35.79
601,2023-01-26 01:00:00.000,34.9022835,winter weekday,35.79
602,2023-01-26 02:00:00.000,34.502443500000005,winter weekday,35.79
603,2023-01-26 03:00:00.000,34.1900685,winter weekday,35.79
604,2023-01-26 04:00:00.000,34.3624995,winter weekday,35.79
605,2023-01-26 05:00:00.000,35.342107500000004,winter weekday,35.79
606,2023-01-26 06:00:00.000,38.06976600000001,winter weekday,35.79
607,2023-01-26 07:00:00.000,40.731201000000006,winter weekday,35.79
608,2023-01-26 08:00:00.000,42.22685249999999,winter weekday,35.79
609,2023-01-26 09:00:00.000,42.72165449999999,winter weekday,35.79
610,2023-01-26 10:00:00.000,41.99694449999999,winter weekday,35.79
611,2023-01-26 11:00:00.000,41.63708849999999,winter weekday,35.79
612,2023-01-26 12:00:00.000,40.7574405,winter weekday,35.79
613,2023-01-26 13:00:00.000,40.448814,winter weekday,35.79
614,2023-01-26 14:00:00.000,40.018986000000005,winter weekday,35.79
615,2023-01-26 15:00:00.000,39.311769,winter weekday,35.79
616,2023-01-26 16:00:00.000,38.467107000000006,winter weekday,35.79
617,2023-01-26 17:00:00.000,40.63374,winter weekday,35.79
618,2023-01-26 18:00:00.000,39.950263500000005,winter weekday,35.79
619,2023-01-26 19:00:00.000,38.6782725,winter weekday,35.79
620,2023-01-26 20:00:00.000,37.2338505,winter weekday,35.79
621,2023-01-26 21:00:00.000,36.665328,winter weekday,35.79
622,2023-01-26 22:00:00.000,36.07931250000001,winter weekday,35.79
623,2023-01-26 23:00:00.000,34.5999045,winter weekday,35.79
624,2023-01-27 00:00:00.000,34.23630000000001,winter weekday,35.79
625,2023-01-27 01:00:00.000,33.8901885,winter weekday,35.79
626,2023-01-27 02:00:00.000,33.651534000000005,winter weekday,35.79
627,2023-01-27 03:00:00.000,33.000544500000004,winter weekday,30.5
628,2023-01-27 04:00:00.000,33.4003845,winter weekday,35.79
629,2023-01-27 05:00:00.000,34.126344,winter weekday,35.79
630,2023-01-27 06:00:00.000,36.2367495,winter weekday,35.79
631,2023-01-27 07:00:00.000,39.371745,winter weekday,35.79
632,2023-01-27 08:00:00.000,41.73329999999999,winter weekday,35.79
633,2023-01-27 09:00:00.000,42.2568405,winter weekday,35.79
634,2023-01-27 10:00:00.000,41.73329999999999,winter weekday,35.79
635,2023-01-27 11:00:00.000,41.10855,winter weekday,35.79
636,2023-01-27 12:00:00.000,40.241397000000006,winter weekday,35.79
637,2023-01-27 13:00:00.000,39.85905,winter weekday,35.79
638,2023-01-27 14:00:00.000,40.046475,winter weekday,35.79
639,2023-01-27 15:00:00.000,40.4838,winter weekday,35.79
640,2023-01-27 16:00:00.000,40.85864999999999,winter weekday,35.79
641,2023-01-27 17:00:00.000,42.11439749999999,winter weekday,35.79
642,2023-01-27 18:00:00.000,42.44551499999999,winter weekday,35.79
643,2023-01-27 19:00:00.000,41.57086499999999,winter weekday,35.79
644,2023-01-27 20:00:00.000,40.046475,winter weekday,35.79
645,2023-01-27 21:00:00.000,38.1409875,winter weekday,35.79
646,2023-01-27 22:00:00.000,36.750294,winter weekday,35.79
647,2023-01-27 23:00:00.000,35.61075,winter weekday,35.79
648,2023-01-28 00:00:00.000,34.848555000000005,winter weekend,32.84
649,2023-01-28 01:00:00.000,34.243797,winter weekend,32.84
650,2023-01-28 02:00:00.000,34.033881,winter weekend,32.84
651,2023-01-28 03:00:00.000,33.5603205,winter weekend,32.84
652,2023-01-28 04:00:00.000,33.021786000000006,winter weekend,32.84
653,2023-01-28 05:00:00.000,32.7156585,winter weekend,32.84
654,2023-01-28 06:00:00.000,33.46785750000001,winter weekend,32.84
655,2023-01-28 07:00:00.000,34.401234,winter weekend,32.84
656,2023-01-28 08:00:00.000,35.5395285,winter weekend,32.84
657,2023-01-28 09:00:00.000,37.380042,winter weekend,32.84
658,2023-01-28 10:00:00.000,37.55622150000001,winter weekend,32.84
659,2023-01-28 11:00:00.000,37.022685,winter weekend,32.84
660,2023-01-28 12:00:00.000,35.055972000000004,winter weekend,32.84
661,2023-01-28 13:00:00.000,34.276284000000004,winter weekend,32.84
662,2023-01-28 14:00:00.000,34.631142000000004,winter weekend,32.84
663,2023-01-28 15:00:00.000,35.753193,winter weekend,32.84
664,2023-01-28 16:00:00.000,36.64408650000001,winter weekend,32.84
665,2023-01-28 17:00:00.000,37.97605350000001,winter weekend,32.84
666,2023-01-28 18:00:00.000,39.11684699999999,winter weekend,32.84
667,2023-01-28 19:00:00.000,37.80487200000001,winter weekend,32.84
668,2023-01-28 20:00:00.000,36.105552,winter weekend,32.84
669,2023-01-28 21:00:00.000,35.626993500000005,winter weekend,32.84
670,2023-01-28 22:00:00.000,35.139688500000005,winter weekend,32.84
671,2023-01-28 23:00:00.000,34.833561,winter weekend,32.84
672,2023-01-29 00:00:00.000,36.7165575,winter weekend,32.84
673,2023-01-29 01:00:00.000,33.569067000000004,winter weekend,32.84
674,2023-01-29 02:00:00.000,33.140488500000004,winter weekend,32.84
675,2023-01-29 03:00:00.000,32.8156185,winter weekend,32.84
676,2023-01-29 04:00:00.000,32.84560650000001,winter weekend,32.84
677,2023-01-29 05:00:00.000,32.7531435,winter weekend,32.84
678,2023-01-29 06:00:00.000,33.329163,winter weekend,32.84
679,2023-01-29 07:00:00.000,34.018887,winter weekend,32.84
680,2023-01-29 08:00:00.000,35.8693965,winter weekend,32.84
681,2023-01-29 09:00:00.000,36.831511500000005,winter weekend,32.84
682,2023-01-29 10:00:00.000,32.956812000000006,winter weekend,32.84
683,2023-01-29 11:00:00.000,32.494497,winter weekend,32.84
684,2023-01-29 12:00:00.000,31.776034500000005,winter weekend,32.84
685,2023-01-29 13:00:00.000,31.733551500000004,winter weekend,32.84
686,2023-01-29 14:00:00.000,32.4907485,winter weekend,32.84
687,2023-01-29 15:00:00.000,33.049275,winter weekend,32.84
688,2023-01-29 16:00:00.000,33.6227955,winter weekend,32.84
689,2023-01-29 17:00:00.000,36.877743,winter weekend,32.84
690,2023-01-29 18:00:00.000,36.530382,winter weekend,32.84
691,2023-01-29 19:00:00.000,33.442867500000006,winter weekend,32.84
692,2023-01-29 20:00:00.000,29.843058000000006,winter weekend,27.53
693,2023-01-29 21:00:00.000,27.98880000000001,winter weekend,27.53
694,2023-01-29 22:00:00.000,27.342808500000004,winter weekend,27.53
695,2023-01-29 23:00:00.000,25.409832000000005,winter weekend,27.53
696,2023-01-30 00:00:00.000,22.990800000000004,winter weekday,26.43
697,2023-01-30 01:00:00.000,18.105255,winter weekday,26.43
698,2023-01-30 02:00:00.000,18.0015465,winter weekday,26.43
699,2023-01-30 03:00:00.000,17.6216985,winter weekday,26.43
700,2023-01-30 04:00:00.000,18.4963485,winter weekday,26.43
701,2023-01-30 05:00:00.000,22.0499265,winter weekday,26.43
702,2023-01-30 06:00:00.000,28.376145000000005,winter weekday,26.43
703,2023-01-30 07:00:00.000,30.135441000000004,winter weekday,30.5
704,2023-01-30 08:00:00.000,31.799775000000007,winter weekday,30.5
705,2023-01-30 09:00:00.000,29.963010000000004,winter weekday,30.5
706,2023-01-30 10:00:00.000,29.464459500000004,winter weekday,30.5
707,2023-01-30 11:00:00.000,28.392388500000003,winter weekday,26.43
708,2023-01-30 12:00:00.000,28.126245000000004,winter weekday,26.43
709,2023-01-30 13:00:00.000,27.786381,winter weekday,26.43
710,2023-01-30 14:00:00.000,28.408632000000004,winter weekday,26.43
711,2023-01-30 15:00:00.000,28.128744,winter weekday,26.43
712,2023-01-30 16:00:00.000,28.574815500000003,winter weekday,30.5
713,2023-01-30 17:00:00.000,29.690619,winter weekday,30.5
714,2023-01-30 18:00:00.000,29.399485500000004,winter weekday,30.5
715,2023-01-30 19:00:00.000,29.950515000000006,winter weekday,30.5
716,2023-01-30 20:00:00.000,28.607302500000003,winter weekday,30.5
717,2023-01-30 21:00:00.000,28.219957500000003,winter weekday,26.43
718,2023-01-30 22:00:00.000,28.38239250000001,winter weekday,26.43
719,2023-01-30 23:00:00.000,28.713510000000003,winter weekday,30.5
720,2023-01-31 00:00:00.000,29.114599500000008,winter weekday,30.5
721,2023-01-31 01:00:00.000,29.631892500000006,winter weekday,30.5
722,2023-01-31 02:00:00.000,29.631892500000006,winter weekday,30.5
723,2023-01-31 03:00:00.000,29.97675450000001,winter weekday,30.5
724,2023-01-31 04:00:00.000,30.524035500000004,winter weekday,30.5
725,2023-01-31 05:00:00.000,31.0538235,winter weekday,30.5
726,2023-01-31 06:00:00.000,35.403333,winter weekday,35.79
727,2023-01-31 07:00:00.000,38.78448,winter weekday,35.79
728,2023-01-31 08:00:00.000,40.23140099999999,winter weekday,35.79
729,2023-01-31 09:00:00.000,38.602053000000005,winter weekday,35.79
730,2023-01-31 10:00:00.000,38.2484445,winter weekday,35.79
731,2023-01-31 11:00:00.000,35.65198350000001,winter weekday,35.79
732,2023-01-31 12:00:00.000,34.639888500000005,winter weekday,35.79
733,2023-01-31 13:00:00.000,32.8256145,winter weekday,30.5
734,2023-01-31 14:00:00.000,30.69021900000001,winter weekday,30.5
735,2023-01-31 15:00:00.000,30.875145000000003,winter weekday,30.5
736,2023-01-31 16:00:00.000,30.07921350000001,winter weekday,30.5
737,2023-01-31 17:00:00.000,30.26039100000001,winter weekday,30.5
738,2023-01-31 18:00:00.000,30.982602000000004,winter weekday,30.5
739,2023-01-31 19:00:00.000,29.898036000000005,winter weekday,30.5
740,2023-01-31 20:00:00.000,29.228304000000005,winter weekday,30.5
741,2023-01-31 21:00:00.000,28.13749050000001,winter weekday,26.43
742,2023-01-31 22:00:00.000,28.126245000000004,winter weekday,26.43
743,2023-01-31 23:00:00.000,26.059572000000006,winter weekday,26.43
744,2023-02-01 00:00:00.000,27.356553000000005,winter weekday,26.43
745,2023-02-01 01:00:00.000,25.80842250000001,winter weekday,26.43
746,2023-02-01 02:00:00.000,25.576015500000004,winter weekday,26.43
747,2023-02-01 03:00:00.000,25.717209000000004,winter weekday,26.43
748,2023-02-01 04:00:00.000,24.563920500000005,winter weekday,26.43
749,2023-02-01 05:00:00.000,26.734302000000003,winter weekday,26.43
750,2023-02-01 06:00:00.000,29.360751000000004,winter weekday,30.5
751,2023-02-01 07:00:00.000,31.45616250000001,winter weekday,30.5
752,2023-02-01 08:00:00.000,32.454513000000006,winter weekday,30.5
753,2023-02-01 09:00:00.000,31.273735500000004,winter weekday,30.5
754,2023-02-01 10:00:00.000,30.491548500000007,winter weekday,30.5
755,2023-02-01 11:00:00.000,30.044227500000005,winter weekday,30.5
756,2023-02-01 12:00:00.000,29.780583000000004,winter weekday,30.5
757,2023-02-01 13:00:00.000,29.679373500000004,winter weekday,30.5
758,2023-02-01 14:00:00.000,29.3595015,winter weekday,30.5
759,2023-02-01 15:00:00.000,29.683122000000008,winter weekday,30.5
760,2023-02-01 16:00:00.000,30.199165500000007,winter weekday,30.5
761,2023-02-01 17:00:00.000,31.00259400000001,winter weekday,30.5
762,2023-02-01 18:00:00.000,31.309971000000004,winter weekday,30.5
763,2023-02-01 19:00:00.000,29.973006,winter weekday,30.5
764,2023-02-01 20:00:00.000,29.569417500000004,winter weekday,30.5
765,2023-02-01 21:00:00.000,29.207062500000006,winter weekday,30.5
766,2023-02-01 22:00:00.000,28.166229000000005,winter weekday,26.43
767,2023-02-01 23:00:00.000,27.1878705,winter weekday,26.43
768,2023-02-02 00:00:00.000,26.651835,winter weekday,26.43
769,2023-02-02 01:00:00.000,25.835911500000005,winter weekday,26.43
770,2023-02-02 02:00:00.000,26.283232500000004,winter weekday,26.43
771,2023-02-02 03:00:00.000,26.957962500000004,winter weekday,26.43
772,2023-02-02 04:00:00.000,28.432372500000003,winter weekday,26.43
773,2023-02-02 05:00:00.000,29.002144500000004,winter weekday,30.5
774,2023-02-02 06:00:00.000,31.8884895,winter weekday,30.5
775,2023-02-02 07:00:00.000,34.76358900000001,winter weekday,35.79
776,2023-02-02 08:00:00.000,38.5933065,winter weekday,35.79
777,2023-02-02 09:00:00.000,39.63414,winter weekday,35.79
778,2023-02-02 10:00:00.000,38.6207955,winter weekday,35.79
779,2023-02-02 11:00:00.000,38.2609395,winter weekday,35.79
780,2023-02-02 12:00:00.000,36.967707,winter weekday,35.79
781,2023-02-02 13:00:00.000,36.452913,winter weekday,35.79
782,2023-02-02 14:00:00.000,37.539978,winter weekday,35.79
783,2023-02-02 15:00:00.000,37.78363050000001,winter weekday,35.79
784,2023-02-02 16:00:00.000,38.26968600000001,winter weekday,35.79
785,2023-02-02 17:00:00.000,39.6303915,winter weekday,35.79
786,2023-02-02 18:00:00.000,40.248894,winter weekday,35.79
787,2023-02-02 19:00:00.000,38.881941000000005,winter weekday,35.79
788,2023-02-02 20:00:00.000,35.122195500000004,winter weekday,35.79
789,2023-02-02 21:00:00.000,35.303373,winter weekday,35.79
790,2023-02-02 22:00:00.000,33.6302925,winter weekday,35.79
791,2023-02-02 23:00:00.000,30.354103500000004,winter weekday,30.5
792,2023-02-03 00:00:00.000,30.90013500000001,winter weekday,30.5
793,2023-02-03 01:00:00.000,29.896786500000005,winter weekday,30.5
794,2023-02-03 02:00:00.000,29.090859000000005,winter weekday,30.5
795,2023-02-03 03:00:00.000,28.3424085,winter weekday,26.43
796,2023-02-03 04:00:00.000,27.867598500000003,winter weekday,26.43
797,2023-02-03 05:00:00.000,28.491099,winter weekday,30.5
798,2023-02-03 06:00:00.000,29.896786500000005,winter weekday,30.5
799,2023-02-03 07:00:00.000,30.8289135,winter weekday,30.5
800,2023-02-03 08:00:00.000,31.1612805,winter weekday,30.5
801,2023-02-03 09:00:00.000,31.11379950000001,winter weekday,30.5
802,2023-02-03 10:00:00.000,29.579413500000005,winter weekday,30.5
803,2023-02-03 11:00:00.000,30.214159500000004,winter weekday,30.5
804,2023-02-03 12:00:00.000,30.11295,winter weekday,30.5
805,2023-02-03 13:00:00.000,29.761840500000005,winter weekday,30.5
806,2023-02-03 14:00:00.000,29.601904500000007,winter weekday,30.5
807,2023-02-03 15:00:00.000,30.11295,winter weekday,30.5
808,2023-02-03 16:00:00.000,30.827664,winter weekday,30.5
809,2023-02-03 17:00:00.000,31.412430000000004,winter weekday,30.5
810,2023-02-03 18:00:00.000,31.552374000000004,winter weekday,30.5
811,2023-02-03 19:00:00.000,30.8713965,winter weekday,30.5
812,2023-02-03 20:00:00.000,30.325365000000005,winter weekday,30.5
813,2023-02-03 21:00:00.000,30.231652500000003,winter weekday,30.5
814,2023-02-03 22:00:00.000,31.511140500000007,winter weekday,30.5
815,2023-02-03 23:00:00.000,30.837660000000003,winter weekday,30.5
816,2023-02-04 00:00:00.000,29.783082,winter weekend,27.53
817,2023-02-04 01:00:00.000,30.6439875,winter weekend,32.84
818,2023-02-04 02:00:00.000,31.50614250000001,winter weekend,32.84
819,2023-02-04 03:00:00.000,32.583211500000004,winter weekend,32.84
820,2023-02-04 04:00:00.000,33.03428100000001,winter weekend,32.84
821,2023-02-04 05:00:00.000,33.291678000000005,winter weekend,32.84
822,2023-02-04 06:00:00.000,34.52868300000001,winter weekend,32.84
823,2023-02-04 07:00:00.000,36.898984500000005,winter weekend,32.84
824,2023-02-04 08:00:00.000,37.8835905,winter weekend,32.84
825,2023-02-04 09:00:00.000,38.5883085,winter weekend,32.84
826,2023-02-04 10:00:00.000,37.87359450000001,winter weekend,32.84
827,2023-02-04 11:00:00.000,36.908980500000006,winter weekend,32.84
828,2023-02-04 12:00:00.000,35.965608,winter weekend,32.84
829,2023-02-04 13:00:00.000,34.0326315,winter weekend,32.84
830,2023-02-04 14:00:00.000,34.1225955,winter weekend,32.84
831,2023-02-04 15:00:00.000,35.062219500000005,winter weekend,32.84
832,2023-02-04 16:00:00.000,36.78028200000001,winter weekend,32.84
833,2023-02-04 17:00:00.000,38.6457855,winter weekend,32.84
834,2023-02-04 18:00:00.000,40.378842,winter weekend,32.84
835,2023-02-04 19:00:00.000,39.85405200000001,winter weekend,32.84
836,2023-02-04 20:00:00.000,38.3459055,winter weekend,32.84
837,2023-02-04 21:00:00.000,37.126393500000006,winter weekend,32.84
838,2023-02-04 22:00:00.000,36.407931000000005,winter weekend,32.84
839,2023-02-04 23:00:00.000,34.4449665,winter weekend,32.84
840,2023-02-05 00:00:00.000,34.3000245,winter weekend,32.84
841,2023-02-05 01:00:00.000,34.4824515,winter weekend,32.84
842,2023-02-05 02:00:00.000,33.4903485,winter weekend,32.84
843,2023-02-05 03:00:00.000,33.696516,winter weekend,32.84
844,2023-02-05 04:00:00.000,31.88724000000001,winter weekend,32.84
845,2023-02-05 05:00:00.000,31.521136500000004,winter weekend,32.84
846,2023-02-05 06:00:00.000,31.6385895,winter weekend,32.84
847,2023-02-05 07:00:00.000,31.812270000000005,winter weekend,32.84
848,2023-02-05 08:00:00.000,32.42202600000001,winter weekend,32.84
849,2023-02-05 09:00:00.000,32.072166,winter weekend,32.84
850,2023-02-05 10:00:00.000,32.024685000000005,winter weekend,32.84
851,2023-02-05 11:00:00.000,32.62319550000001,winter weekend,32.84
852,2023-02-05 12:00:00.000,31.8734955,winter weekend,32.84
853,2023-02-05 13:00:00.000,30.738949500000004,winter weekend,32.84
854,2023-02-05 14:00:00.000,31.081312500000003,winter weekend,32.84
855,2023-02-05 15:00:00.000,31.902234,winter weekend,32.84
856,2023-02-05 16:00:00.000,33.006792000000004,winter weekend,32.84
857,2023-02-05 17:00:00.000,35.8069215,winter weekend,32.84
858,2023-02-05 18:00:00.000,38.789478,winter weekend,32.84
859,2023-02-05 19:00:00.000,38.724504,winter weekend,32.84
860,2023-02-05 20:00:00.000,38.097255,winter weekend,32.84
861,2023-02-05 21:00:00.000,36.56911650000001,winter weekend,32.84
862,2023-02-05 22:00:00.000,36.831511500000005,winter weekend,32.84
863,2023-02-05 23:00:00.000,35.383341,winter weekend,32.84
864,2023-02-06 00:00:00.000,35.485800000000005,winter weekday,35.79
865,2023-02-06 01:00:00.000,35.3271135,winter weekday,35.79
866,2023-02-06 02:00:00.000,35.5370295,winter weekday,35.79
867,2023-02-06 03:00:00.000,35.122195500000004,winter weekday,35.79
868,2023-02-06 04:00:00.000,34.87354500000001,winter weekday,35.79
869,2023-02-06 05:00:00.000,35.976853500000004,winter weekday,35.79
870,2023-02-06 06:00:00.000,39.318016500000006,winter weekday,35.79
871,2023-02-06 07:00:00.000,42.43926749999999,winter weekday,35.79
872,2023-02-06 08:00:00.000,44.0311305,winter weekday,35.79
873,2023-02-06 09:00:00.000,42.43926749999999,winter weekday,35.79
874,2023-02-06 10:00:00.000,40.493796,winter weekday,35.79
875,2023-02-06 11:00:00.000,39.839058,winter weekday,35.79
876,2023-02-06 12:00:00.000,38.449614,winter weekday,35.79
877,2023-02-06 13:00:00.000,37.50499200000001,winter weekday,35.79
878,2023-02-06 14:00:00.000,37.84735500000001,winter weekday,35.79
879,2023-02-06 15:00:00.000,38.69326650000001,winter weekday,35.79
880,2023-02-06 16:00:00.000,40.083960000000005,winter weekday,35.79
881,2023-02-06 17:00:00.000,42.22560299999999,winter weekday,35.79
882,2023-02-06 18:00:00.000,44.04487499999999,winter weekday,35.79
883,2023-02-06 19:00:00.000,43.03028099999999,winter weekday,35.79
884,2023-02-06 20:00:00.000,40.63498950000001,winter weekday,35.79
885,2023-02-06 21:00:00.000,38.169726,winter weekday,35.79
886,2023-02-06 22:00:00.000,37.337559000000006,winter weekday,35.79
887,2023-02-06 23:00:00.000,36.61035,winter weekday,35.79
888,2023-02-07 00:00:00.000,35.58326100000001,winter weekday,35.79
889,2023-02-07 01:00:00.000,35.137189500000005,winter weekday,35.79
890,2023-02-07 02:00:00.000,34.913529000000004,winter weekday,35.79
891,2023-02-07 03:00:00.000,34.791078000000006,winter weekday,35.79
892,2023-02-07 04:00:00.000,35.060970000000005,winter weekday,35.79
893,2023-02-07 05:00:00.000,35.5945065,winter weekday,35.79
894,2023-02-07 06:00:00.000,38.677023,winter weekday,35.79
895,2023-02-07 07:00:00.000,42.113148,winter weekday,35.79
896,2023-02-07 08:00:00.000,44.12734199999999,winter weekday,35.79
897,2023-02-07 09:00:00.000,41.33970749999999,winter weekday,35.79
898,2023-02-07 10:00:00.000,38.924424,winter weekday,35.79
899,2023-02-07 11:00:00.000,35.08970850000001,winter weekday,35.79
900,2023-02-07 12:00:00.000,34.9022835,winter weekday,35.79
901,2023-02-07 13:00:00.000,34.218807000000005,winter weekday,35.79
902,2023-02-07 14:00:00.000,35.903133000000004,winter weekday,35.79
903,2023-02-07 15:00:00.000,38.841957,winter weekday,35.79
904,2023-02-07 16:00:00.000,41.10605099999999,winter weekday,35.79
905,2023-02-07 17:00:00.000,45.13943699999999,winter weekday,35.79
906,2023-02-07 18:00:00.000,48.05577,winter weekday,35.79
907,2023-02-07 19:00:00.000,45.98159999999999,winter weekday,35.79
908,2023-02-07 20:00:00.000,42.23684849999999,winter weekday,35.79
909,2023-02-07 21:00:00.000,40.88114099999999,winter weekday,35.79
910,2023-02-07 22:00:00.000,39.029382,winter weekday,35.79
911,2023-02-07 23:00:00.000,37.744896,winter weekday,35.79
912,2023-02-08 00:00:00.000,37.36629750000001,winter weekday,35.79
913,2023-02-08 01:00:00.000,36.755292,winter weekday,35.79
914,2023-02-08 02:00:00.000,36.11055,winter weekday,35.79
915,2023-02-08 03:00:00.000,35.8569015,winter weekday,35.79
916,2023-02-08 04:00:00.000,35.6070015,winter weekday,35.79
917,2023-02-08 05:00:00.000,36.00809100000001,winter weekday,35.79
918,2023-02-08 06:00:00.000,39.3205155,winter weekday,35.79
919,2023-02-08 07:00:00.000,41.93821799999999,winter weekday,35.79
920,2023-02-08 08:00:00.000,44.38099049999999,winter weekday,35.79
921,2023-02-08 09:00:00.000,39.5779125,winter weekday,35.79
922,2023-02-08 10:00:00.000,33.361650000000004,winter weekday,35.79
923,2023-02-08 11:00:00.000,33.152983500000005,winter weekday,35.79
924,2023-02-08 12:00:00.000,32.98055250000001,winter weekday,30.5
925,2023-02-08 13:00:00.000,32.981802,winter weekday,30.5
926,2023-02-08 14:00:00.000,32.98055250000001,winter weekday,30.5
927,2023-02-08 15:00:00.000,34.17257550000001,winter weekday,35.79
928,2023-02-08 16:00:00.000,36.967707,winter weekday,35.79
929,2023-02-08 17:00:00.000,40.3576005,winter weekday,35.79
930,2023-02-08 18:00:00.000,41.41467749999999,winter weekday,35.79
931,2023-02-08 19:00:00.000,36.485400000000006,winter weekday,35.79
932,2023-02-08 20:00:00.000,35.5420275,winter weekday,35.79
933,2023-02-08 21:00:00.000,34.087609500000006,winter weekday,35.79
934,2023-02-08 22:00:00.000,33.3279135,winter weekday,35.79
935,2023-02-08 23:00:00.000,32.229603000000004,winter weekday,30.5
936,2023-02-09 00:00:00.000,31.057572000000004,winter weekday,30.5
937,2023-02-09 01:00:00.000,32.157132000000004,winter weekday,30.5
938,2023-02-09 02:00:00.000,31.752294000000003,winter weekday,30.5
939,2023-02-09 03:00:00.000,31.794777000000003,winter weekday,30.5
940,2023-02-09 04:00:00.000,32.42077650000001,winter weekday,30.5
941,2023-02-09 05:00:00.000,33.932671500000005,winter weekday,35.79
942,2023-02-09 06:00:00.000,36.765288000000005,winter weekday,35.79
943,2023-02-09 07:00:00.000,39.166827,winter weekday,35.79
944,2023-02-09 08:00:00.000,38.986899,winter weekday,35.79
945,2023-02-09 09:00:00.000,31.282482000000005,winter weekday,30.5
946,2023-02-09 10:00:00.000,31.613599500000003,winter weekday,30.5
947,2023-02-09 11:00:00.000,31.3337115,winter weekday,30.5
948,2023-02-09 12:00:00.000,31.259991000000007,winter weekday,30.5
949,2023-02-09 13:00:00.000,31.136290500000005,winter weekday,30.5
950,2023-02-09 14:00:00.000,32.54447700000001,winter weekday,30.5
951,2023-02-09 15:00:00.000,37.0989045,winter weekday,35.79
952,2023-02-09 16:00:00.000,37.989798,winter weekday,35.79
953,2023-02-09 17:00:00.000,39.0156375,winter weekday,35.79
954,2023-02-09 18:00:00.000,38.1509835,winter weekday,35.79
955,2023-02-09 19:00:00.000,34.222555500000006,winter weekday,35.79
956,2023-02-09 20:00:00.000,31.833511500000004,winter weekday,30.5
957,2023-02-09 21:00:00.000,34.3325115,winter weekday,35.79
958,2023-02-09 22:00:00.000,32.3533035,winter weekday,30.5
959,2023-02-09 23:00:00.000,32.105902500000006,winter weekday,30.5
960,2023-02-10 00:00:00.000,32.6981655,winter weekday,30.5
961,2023-02-10 01:00:00.000,32.74814550000001,winter weekday,30.5
962,2023-02-10 02:00:00.000,31.902234,winter weekday,30.5
963,2023-02-10 03:00:00.000,31.949715000000005,winter weekday,30.5
964,2023-02-10 04:00:00.000,32.175874500000006,winter weekday,30.5
965,2023-02-10 05:00:00.000,33.04552650000001,winter weekday,30.5
966,2023-02-10 06:00:00.000,36.6091005,winter weekday,35.79
967,2023-02-10 07:00:00.000,40.59750450000001,winter weekday,35.79
968,2023-02-10 08:00:00.000,41.88698849999999,winter weekday,35.79
969,2023-02-10 09:00:00.000,37.200114000000006,winter weekday,35.79
970,2023-02-10 10:00:00.000,34.9047825,winter weekday,35.79
971,2023-02-10 11:00:00.000,33.82146600000001,winter weekday,35.79
972,2023-02-10 12:00:00.000,32.217108,winter weekday,30.5
973,2023-02-10 13:00:00.000,32.104653000000006,winter weekday,30.5
974,2023-02-10 14:00:00.000,31.127544000000004,winter weekday,30.5
975,2023-02-10 15:00:00.000,33.355402500000004,winter weekday,35.79
976,2023-02-10 16:00:00.000,32.83186200000001,winter weekday,30.5
977,2023-02-10 17:00:00.000,37.22635350000001,winter weekday,35.79
978,2023-02-10 18:00:00.000,33.5553225,winter weekday,35.79
979,2023-02-10 19:00:00.000,30.89888550000001,winter weekday,30.5
980,2023-02-10 20:00:00.000,30.895137,winter weekday,30.5
981,2023-02-10 21:00:00.000,29.195817000000005,winter weekday,30.5
982,2023-02-10 22:00:00.000,28.5123405,winter weekday,30.5
983,2023-02-10 23:00:00.000,22.990800000000004,winter weekday,26.43
984,2023-02-11 00:00:00.000,28.59980550000001,winter weekend,27.53
985,2023-02-11 01:00:00.000,28.036281,winter weekend,27.53
986,2023-02-11 02:00:00.000,27.992548500000005,winter weekend,27.53
987,2023-02-11 03:00:00.000,27.597706500000005,winter weekend,27.53
988,2023-02-11 04:00:00.000,27.652684500000003,winter weekend,27.53
989,2023-02-11 05:00:00.000,27.474006000000006,winter weekend,27.53
990,2023-02-11 06:00:00.000,27.7326525,winter weekend,27.53
991,2023-02-11 07:00:00.000,28.187470500000007,winter weekend,27.53
992,2023-02-11 08:00:00.000,29.0046435,winter weekend,27.53
993,2023-02-11 09:00:00.000,29.107102500000003,winter weekend,27.53
994,2023-02-11 10:00:00.000,28.9896495,winter weekend,27.53
995,2023-02-11 11:00:00.000,28.604803500000003,winter weekend,27.53
996,2023-02-11 12:00:00.000,29.017138500000005,winter weekend,27.53
997,2023-02-11 13:00:00.000,28.728504000000008,winter weekend,27.53
998,2023-02-11 14:00:00.000,29.099605500000003,winter weekend,27.53
999,2023-02-11 15:00:00.000,30.004243500000005,winter weekend,27.53
1000,2023-02-11 16:00:00.000,32.157132000000004,winter weekend,32.84
1001,2023-02-11 17:00:00.000,36.60285300000001,winter weekend,32.84
1002,2023-02-11 18:00:00.000,36.45916050000001,winter weekend,32.84
1003,2023-02-11 19:00:00.000,34.95226350000001,winter weekend,32.84
1004,2023-02-11 20:00:00.000,34.913529000000004,winter weekend,32.84
1005,2023-02-11 21:00:00.000,34.646136000000006,winter weekend,32.84
1006,2023-02-11 22:00:00.000,35.330862,winter weekend,32.84
1007,2023-02-11 23:00:00.000,34.61864700000001,winter weekend,32.84
1008,2023-02-12 00:00:00.000,33.576564000000005,winter weekend,32.84
1009,2023-02-12 01:00:00.000,33.0480255,winter weekend,32.84
1010,2023-02-12 02:00:00.000,33.8352105,winter weekend,32.84
1011,2023-02-12 03:00:00.000,33.307921500000006,winter weekend,32.84
1012,2023-02-12 04:00:00.000,32.169627000000006,winter weekend,32.84
1013,2023-02-12 05:00:00.000,32.223355500000004,winter weekend,32.84
1014,2023-02-12 06:00:00.000,30.865149,winter weekend,32.84
1015,2023-02-12 07:00:00.000,31.883491500000005,winter weekend,32.84
1016,2023-02-12 08:00:00.000,36.03558000000001,winter weekend,32.84
1017,2023-02-12 09:00:00.000,35.39458650000001,winter weekend,32.84
1018,2023-02-12 10:00:00.000,35.555772000000005,winter weekend,32.84
1019,2023-02-12 11:00:00.000,34.86979650000001,winter weekend,32.84
1020,2023-02-12 12:00:00.000,33.5978055,winter weekend,32.84
1021,2023-02-12 13:00:00.000,32.36205,winter weekend,32.84
1022,2023-02-12 14:00:00.000,32.36205,winter weekend,32.84
1023,2023-02-12 15:00:00.000,32.940568500000005,winter weekend,32.84
1024,2023-02-12 16:00:00.000,34.256292,winter weekend,32.84
1025,2023-02-12 17:00:00.000,37.177623,winter weekend,32.84
1026,2023-02-12 18:00:00.000,38.2984245,winter weekend,32.84
1027,2023-02-12 19:00:00.000,38.54582550000001,winter weekend,32.84
1028,2023-02-12 20:00:00.000,37.36005000000001,winter weekend,32.84
1029,2023-02-12 21:00:00.000,34.9722555,winter weekend,32.84
1030,2023-02-12 22:00:00.000,36.3492045,winter weekend,32.84
1031,2023-02-12 23:00:00.000,34.608651,winter weekend,32.84
1032,2023-02-13 00:00:00.000,34.548675,winter weekday,35.79
1033,2023-02-13 01:00:00.000,33.946416000000006,winter weekday,35.79
1034,2023-02-13 02:00:00.000,33.941418,winter weekday,35.79
1035,2023-02-13 03:00:00.000,33.491598,winter weekday,35.79
1036,2023-02-13 04:00:00.000,33.716508000000005,winter weekday,35.79
1037,2023-02-13 05:00:00.000,34.531182,winter weekday,35.79
1038,2023-02-13 06:00:00.000,37.758640500000006,winter weekday,35.79
1039,2023-02-13 07:00:00.000,41.86824599999999,winter weekday,35.79
1040,2023-02-13 08:00:00.000,44.34100649999999,winter weekday,35.79
1041,2023-02-13 09:00:00.000,41.88323999999999,winter weekday,35.79
1042,2023-02-13 10:00:00.000,39.028132500000005,winter weekday,35.79
1043,2023-02-13 11:00:00.000,36.662829,winter weekday,35.79
1044,2023-02-13 12:00:00.000,34.861050000000006,winter weekday,35.79
1045,2023-02-13 13:00:00.000,34.4699565,winter weekday,35.79
1046,2023-02-13 14:00:00.000,34.861050000000006,winter weekday,35.79
1047,2023-02-13 15:00:00.000,37.041427500000005,winter weekday,35.79
1048,2023-02-13 16:00:00.000,38.117247,winter weekday,35.79
1049,2023-02-13 17:00:00.000,40.86614699999999,winter weekday,35.79
1050,2023-02-13 18:00:00.000,45.08195999999999,winter weekday,35.79
1051,2023-02-13 19:00:00.000,43.18272,winter weekday,35.79
1052,2023-02-13 20:00:00.000,40.841157,winter weekday,35.79
1053,2023-02-13 21:00:00.000,38.4783525,winter weekday,35.79
1054,2023-02-13 22:00:00.000,37.481251500000006,winter weekday,35.79
1055,2023-02-13 23:00:00.000,36.125544000000005,winter weekday,35.79
1056,2023-02-14 00:00:00.000,34.31376900000001,winter weekday,35.79
1057,2023-02-14 01:00:00.000,33.901434,winter weekday,35.79
1058,2023-02-14 02:00:00.000,33.88144200000001,winter weekday,35.79
1059,2023-02-14 03:00:00.000,33.876444000000006,winter weekday,35.79
1060,2023-02-14 04:00:00.000,33.901434,winter weekday,35.79
1061,2023-02-14 05:00:00.000,35.1022035,winter weekday,35.79
1062,2023-02-14 06:00:00.000,38.137239,winter weekday,35.79
1063,2023-02-14 07:00:00.000,42.3568005,winter weekday,35.79
1064,2023-02-14 08:00:00.000,43.23020099999999,winter weekday,35.79
1065,2023-02-14 09:00:00.000,39.93402,winter weekday,35.79
1066,2023-02-14 10:00:00.000,34.643637,winter weekday,35.79
1067,2023-02-14 11:00:00.000,34.756092,winter weekday,35.79
1068,2023-02-14 12:00:00.000,33.656532000000006,winter weekday,35.79
1069,2023-02-14 13:00:00.000,33.0380295,winter weekday,30.5
1070,2023-02-14 14:00:00.000,33.227953500000005,winter weekday,35.79
1071,2023-02-14 15:00:00.000,33.901434,winter weekday,35.79
1072,2023-02-14 16:00:00.000,36.44791500000001,winter weekday,35.79
1073,2023-02-14 17:00:00.000,39.9602595,winter weekday,35.79
1074,2023-02-14 18:00:00.000,42.3568005,winter weekday,35.79
1075,2023-02-14 19:00:00.000,41.47965149999999,winter weekday,35.79
1076,2023-02-14 20:00:00.000,39.3355095,winter weekday,35.79
1077,2023-02-14 21:00:00.000,37.37129550000001,winter weekday,35.79
1078,2023-02-14 22:00:00.000,36.2392485,winter weekday,35.79
1079,2023-02-14 23:00:00.000,35.0772135,winter weekday,35.79
1080,2023-02-15 00:00:00.000,34.212559500000005,winter weekday,35.79
1081,2023-02-15 01:00:00.000,33.7302525,winter weekday,35.79
1082,2023-02-15 02:00:00.000,33.61155,winter weekday,35.79
1083,2023-02-15 03:00:00.000,33.6127995,winter weekday,35.79
1084,2023-02-15 04:00:00.000,33.194217,winter weekday,35.79
1085,2023-02-15 05:00:00.000,34.427473500000005,winter weekday,35.79
1086,2023-02-15 06:00:00.000,37.50999,winter weekday,35.79
1087,2023-02-15 07:00:00.000,40.4838,winter weekday,35.79
1088,2023-02-15 08:00:00.000,40.95361199999999,winter weekday,35.79
1089,2023-02-15 09:00:00.000,38.761989,winter weekday,35.79
1090,2023-02-15 10:00:00.000,36.425424,winter weekday,35.79
1091,2023-02-15 11:00:00.000,33.88144200000001,winter weekday,35.79
1092,2023-02-15 12:00:00.000,32.460760500000006,winter weekday,30.5
1093,2023-02-15 13:00:00.000,32.54322750000001,winter weekday,30.5
1094,2023-02-15 14:00:00.000,32.534481,winter weekday,30.5
1095,2023-02-15 15:00:00.000,33.450364500000006,winter weekday,35.79
1096,2023-02-15 16:00:00.000,35.484550500000005,winter weekday,35.79
1097,2023-02-15 17:00:00.000,37.21011000000001,winter weekday,35.79
1098,2023-02-15 18:00:00.000,39.04937399999999,winter weekday,35.79
1099,2023-02-15 19:00:00.000,38.0160375,winter weekday,35.79
1100,2023-02-15 20:00:00.000,35.30962050000001,winter weekday,35.79
1101,2023-02-15 21:00:00.000,34.1076015,winter weekday,35.79
1102,2023-02-15 22:00:00.000,34.003893000000005,winter weekday,35.79
1103,2023-02-15 23:00:00.000,32.24959500000001,winter weekday,30.5
1104,2023-02-16 00:00:00.000,31.469907000000006,winter weekday,30.5
1105,2023-02-16 01:00:00.000,32.04717600000001,winter weekday,30.5
1106,2023-02-16 02:00:00.000,31.67732400000001,winter weekday,30.5
1107,2023-02-16 03:00:00.000,31.5311325,winter weekday,30.5
1108,2023-02-16 04:00:00.000,31.737300000000005,winter weekday,30.5
1109,2023-02-16 05:00:00.000,32.357052,winter weekday,30.5
1110,2023-02-16 06:00:00.000,35.560770000000005,winter weekday,35.79
1111,2023-02-16 07:00:00.000,38.172225,winter weekday,35.79
1112,2023-02-16 08:00:00.000,39.276783,winter weekday,35.79
1113,2023-02-16 09:00:00.000,38.164728,winter weekday,35.79
1114,2023-02-16 10:00:00.000,36.14553600000001,winter weekday,35.79
1115,2023-02-16 11:00:00.000,33.978903,winter weekday,35.79
1116,2023-02-16 12:00:00.000,32.134641,winter weekday,30.5
1117,2023-02-16 13:00:00.000,32.1908685,winter weekday,30.5
1118,2023-02-16 14:00:00.000,33.352903500000004,winter weekday,35.79
1119,2023-02-16 15:00:00.000,34.2300525,winter weekday,35.79
1120,2023-02-16 16:00:00.000,34.981002000000004,winter weekday,35.79
1121,2023-02-16 17:00:00.000,38.109750000000005,winter weekday,35.79
1122,2023-02-16 18:00:00.000,38.224704,winter weekday,35.79
1123,2023-02-16 19:00:00.000,37.4337705,winter weekday,35.79
1124,2023-02-16 20:00:00.000,35.3071215,winter weekday,35.79
1125,2023-02-16 21:00:00.000,34.60615200000001,winter weekday,35.79
1126,2023-02-16 22:00:00.000,33.301674000000006,winter weekday,35.79
1127,2023-02-16 23:00:00.000,30.8713965,winter weekday,30.5
1128,2023-02-17 00:00:00.000,30.61899750000001,winter weekday,30.5
1129,2023-02-17 01:00:00.000,29.6893695,winter weekday,30.5
1130,2023-02-17 02:00:00.000,28.9521645,winter weekday,30.5
1131,2023-02-17 03:00:00.000,28.128744,winter weekday,26.43
1132,2023-02-17 04:00:00.000,27.4427685,winter weekday,26.43
1133,2023-02-17 05:00:00.000,28.726005000000004,winter weekday,30.5
1134,2023-02-17 06:00:00.000,30.50279400000001,winter weekday,30.5
1135,2023-02-17 07:00:00.000,32.6931675,winter weekday,30.5
1136,2023-02-17 08:00:00.000,33.599055,winter weekday,35.79
1137,2023-02-17 09:00:00.000,31.67732400000001,winter weekday,30.5
1138,2023-02-17 10:00:00.000,30.057972000000003,winter weekday,30.5
1139,2023-02-17 11:00:00.000,28.858452,winter weekday,30.5
1140,2023-02-17 12:00:00.000,28.713510000000003,winter weekday,30.5
1141,2023-02-17 13:00:00.000,25.818418500000007,winter weekday,26.43
1142,2023-02-17 14:00:00.000,21.951216,winter weekday,26.43
1143,2023-02-17 15:00:00.000,21.5801145,winter weekday,26.43
1144,2023-02-17 16:00:00.000,26.068318500000004,winter weekday,26.43
1145,2023-02-17 17:00:00.000,27.354054000000005,winter weekday,26.43
1146,2023-02-17 18:00:00.000,28.679773500000007,winter weekday,30.5
1147,2023-02-17 19:00:00.000,27.9950475,winter weekday,26.43
1148,2023-02-17 20:00:00.000,24.860052000000007,winter weekday,26.43
1149,2023-02-17 21:00:00.000,23.228205000000003,winter weekday,26.43
1150,2023-02-17 22:00:00.000,22.843359000000003,winter weekday,26.43
1151,2023-02-17 23:00:00.000,20.144439,winter weekday,26.43
1152,2023-02-18 00:00:00.000,20.884143,winter weekend,19.94
1153,2023-02-18 01:00:00.000,21.921228,winter weekend,19.94
1154,2023-02-18 02:00:00.000,21.843759,winter weekend,19.94
1155,2023-02-18 03:00:00.000,22.917079500000003,winter weekend,19.94
1156,2023-02-18 04:00:00.000,25.23740100000001,winter weekend,27.53
1157,2023-02-18 05:00:00.000,26.127045000000003,winter weekend,27.53
1158,2023-02-18 06:00:00.000,27.64643700000001,winter weekend,27.53
1159,2023-02-18 07:00:00.000,29.034631500000007,winter weekend,27.53
1160,2023-02-18 08:00:00.000,31.106302500000005,winter weekend,32.84
1161,2023-02-18 09:00:00.000,31.727304000000004,winter weekend,32.84
1162,2023-02-18 10:00:00.000,30.817668,winter weekend,32.84
1163,2023-02-18 11:00:00.000,30.212910000000008,winter weekend,32.84
1164,2023-02-18 12:00:00.000,29.172076500000003,winter weekend,27.53
1165,2023-02-18 13:00:00.000,27.775135500000008,winter weekend,27.53
1166,2023-02-18 14:00:00.000,28.159981500000008,winter weekend,27.53
1167,2023-02-18 15:00:00.000,29.43822,winter weekend,27.53
1168,2023-02-18 16:00:00.000,31.11005100000001,winter weekend,32.84
1169,2023-02-18 17:00:00.000,33.46161,winter weekend,32.84
1170,2023-02-18 18:00:00.000,35.74569600000001,winter weekend,32.84
1171,2023-02-18 19:00:00.000,36.1043025,winter weekend,32.84
1172,2023-02-18 20:00:00.000,34.297525500000006,winter weekend,32.84
1173,2023-02-18 21:00:00.000,32.442018000000004,winter weekend,32.84
1174,2023-02-18 22:00:00.000,31.98595050000001,winter weekend,32.84
1175,2023-02-18 23:00:00.000,31.569867,winter weekend,32.84
1176,2023-02-19 00:00:00.000,30.992598000000008,winter weekend,32.84
1177,2023-02-19 01:00:00.000,30.377844000000003,winter weekend,32.84
1178,2023-02-19 02:00:00.000,29.80432350000001,winter weekend,27.53
1179,2023-02-19 03:00:00.000,28.9884,winter weekend,27.53
1180,2023-02-19 04:00:00.000,28.932172500000004,winter weekend,27.53
1181,2023-02-19 05:00:00.000,29.585661000000005,winter weekend,27.53
1182,2023-02-19 06:00:00.000,29.675625000000004,winter weekend,27.53
1183,2023-02-19 07:00:00.000,30.833911500000003,winter weekend,32.84
1184,2023-02-19 08:00:00.000,31.594857,winter weekend,32.84
1185,2023-02-19 09:00:00.000,32.152134000000004,winter weekend,32.84
1186,2023-02-19 10:00:00.000,31.883491500000005,winter weekend,32.84
1187,2023-02-19 11:00:00.000,31.5961065,winter weekend,32.84
1188,2023-02-19 12:00:00.000,30.927624000000005,winter weekend,32.84
1189,2023-02-19 13:00:00.000,30.010491000000005,winter weekend,27.53
1190,2023-02-19 14:00:00.000,29.680623000000008,winter weekend,27.53
1191,2023-02-19 15:00:00.000,30.825165000000005,winter weekend,32.84
1192,2023-02-19 16:00:00.000,32.452014000000005,winter weekend,32.84
1193,2023-02-19 17:00:00.000,34.999744500000006,winter weekend,32.84
1194,2023-02-19 18:00:00.000,37.197615,winter weekend,32.84
1195,2023-02-19 19:00:00.000,37.157631,winter weekend,32.84
1196,2023-02-19 20:00:00.000,34.649884500000006,winter weekend,32.84
1197,2023-02-19 21:00:00.000,33.249195,winter weekend,32.84
1198,2023-02-19 22:00:00.000,32.072166,winter weekend,32.84
1199,2023-02-19 23:00:00.000,29.219557500000004,winter weekend,27.53
1200,2023-02-20 00:00:00.000,27.22285650000001,winter weekday,26.43
1201,2023-02-20 01:00:00.000,23.747997,winter weekday,26.43
1202,2023-02-20 02:00:00.000,23.473107,winter weekday,26.43
1203,2023-02-20 03:00:00.000,21.61635,winter weekday,26.43
1204,2023-02-20 04:00:00.000,21.0078435,winter weekday,26.43
1205,2023-02-20 05:00:00.000,22.146138,winter weekday,26.43
1206,2023-02-20 06:00:00.000,26.401935000000005,winter weekday,26.43
1207,2023-02-20 07:00:00.000,27.136641000000004,winter weekday,26.43
1208,2023-02-20 08:00:00.000,26.83301250000001,winter weekday,26.43
1209,2023-02-20 09:00:00.000,23.605554000000005,winter weekday,26.43
1210,2023-02-20 10:00:00.000,22.610952000000005,winter weekday,26.43
1211,2023-02-20 11:00:00.000,20.3581035,winter weekday,26.43
1212,2023-02-20 12:00:00.000,20.3431095,winter weekday,26.43
1213,2023-02-20 13:00:00.000,20.1181995,winter weekday,26.43
1214,2023-02-20 14:00:00.000,22.555974000000003,winter weekday,26.43
1215,2023-02-20 15:00:00.000,23.907933000000007,winter weekday,26.43
1216,2023-02-20 16:00:00.000,24.508942500000003,winter weekday,26.43
1217,2023-02-20 17:00:00.000,29.23705050000001,winter weekday,30.5
1218,2023-02-20 18:00:00.000,31.42992300000001,winter weekday,30.5
1219,2023-02-20 19:00:00.000,30.992598000000008,winter weekday,30.5
1220,2023-02-20 20:00:00.000,28.934671500000004,winter weekday,30.5
1221,2023-02-20 21:00:00.000,28.329913500000004,winter weekday,26.43
1222,2023-02-20 22:00:00.000,28.547326500000004,winter weekday,30.5
1223,2023-02-20 23:00:00.000,25.944618,winter weekday,26.43
1224,2023-02-21 00:00:00.000,23.678025000000005,winter weekday,26.43
1225,2023-02-21 01:00:00.000,23.1169995,winter weekday,26.43
1226,2023-02-21 02:00:00.000,23.335662000000003,winter weekday,26.43
1227,2023-02-21 03:00:00.000,24.025386,winter weekday,26.43
1228,2023-02-21 04:00:00.000,26.008342500000005,winter weekday,26.43
1229,2023-02-21 05:00:00.000,29.222056500000004,winter weekday,30.5
1230,2023-02-21 06:00:00.000,33.32041650000001,winter weekday,35.79
1231,2023-02-21 07:00:00.000,35.9693565,winter weekday,35.79
1232,2023-02-21 08:00:00.000,36.605352,winter weekday,35.79
1233,2023-02-21 09:00:00.000,33.699015,winter weekday,35.79
1234,2023-02-21 10:00:00.000,33.516588000000006,winter weekday,35.79
1235,2023-02-21 11:00:00.000,31.9259745,winter weekday,30.5
1236,2023-02-21 12:00:00.000,31.4286735,winter weekday,30.5
1237,2023-02-21 13:00:00.000,31.629843000000005,winter weekday,30.5
1238,2023-02-21 14:00:00.000,32.274585,winter weekday,30.5
1239,2023-02-21 15:00:00.000,33.68152200000001,winter weekday,35.79
1240,2023-02-21 16:00:00.000,35.984350500000005,winter weekday,35.79
1241,2023-02-21 17:00:00.000,37.9660575,winter weekday,35.79
1242,2023-02-21 18:00:00.000,39.6253935,winter weekday,35.79
1243,2023-02-21 19:00:00.000,39.496695,winter weekday,35.79
1244,2023-02-21 20:00:00.000,38.60955,winter weekday,35.79
1245,2023-02-21 21:00:00.000,37.21011000000001,winter weekday,35.79
1246,2023-02-21 22:00:00.000,36.51039,winter weekday,35.79
1247,2023-02-21 23:00:00.000,35.183421,winter weekday,35.79
1248,2023-02-22 00:00:00.000,34.848555000000005,winter weekday,35.79
1249,2023-02-22 01:00:00.000,33.427873500000004,winter weekday,35.79
1250,2023-02-22 02:00:00.000,33.024285000000006,winter weekday,30.5
1251,2023-02-22 03:00:00.000,33.427873500000004,winter weekday,35.79
1252,2023-02-22 04:00:00.000,33.5528235,winter weekday,35.79
1253,2023-02-22 05:00:00.000,34.7598405,winter weekday,35.79
1254,2023-02-22 06:00:00.000,37.046425500000005,winter weekday,35.79
1255,2023-02-22 07:00:00.000,39.0006435,winter weekday,35.79
1256,2023-02-22 08:00:00.000,39.401733,winter weekday,35.79
1257,2023-02-22 09:00:00.000,37.92857250000001,winter weekday,35.79
1258,2023-02-22 10:00:00.000,36.4266735,winter weekday,35.79
1259,2023-02-22 11:00:00.000,34.48495050000001,winter weekday,35.79
1260,2023-02-22 12:00:00.000,33.556572,winter weekday,35.79
1261,2023-02-22 13:00:00.000,33.509091000000005,winter weekday,35.79
1262,2023-02-22 14:00:00.000,34.366248000000006,winter weekday,35.79
1263,2023-02-22 15:00:00.000,36.22425450000001,winter weekday,35.79
1264,2023-02-22 16:00:00.000,36.980202000000006,winter weekday,35.79
1265,2023-02-22 17:00:00.000,37.98604950000001,winter weekday,35.79
1266,2023-02-22 18:00:00.000,39.2343,winter weekday,35.79
1267,2023-02-22 19:00:00.000,38.9506635,winter weekday,35.79
1268,2023-02-22 20:00:00.000,37.617447000000006,winter weekday,35.79
1269,2023-02-22 21:00:00.000,36.612849,winter weekday,35.79
1270,2023-02-22 22:00:00.000,36.060570000000006,winter weekday,35.79
1271,2023-02-22 23:00:00.000,34.1700765,winter weekday,35.79
1272,2023-02-23 00:00:00.000,34.196316,winter weekday,35.79
1273,2023-02-23 01:00:00.000,33.786480000000005,winter weekday,35.79
1274,2023-02-23 02:00:00.000,33.4866,winter weekday,35.79
1275,2023-02-23 03:00:00.000,32.959311,winter weekday,30.5
1276,2023-02-23 04:00:00.000,33.008041500000004,winter weekday,30.5
1277,2023-02-23 05:00:00.000,33.60280350000001,winter weekday,35.79
1278,2023-02-23 06:00:00.000,36.607851,winter weekday,35.79
1279,2023-02-23 07:00:00.000,38.60955,winter weekday,35.79
1280,2023-02-23 08:00:00.000,39.61914599999999,winter weekday,35.79
1281,2023-02-23 09:00:00.000,38.55957000000001,winter weekday,35.79
1282,2023-02-23 10:00:00.000,36.6840705,winter weekday,35.79
1283,2023-02-23 11:00:00.000,36.08930850000001,winter weekday,35.79
1284,2023-02-23 12:00:00.000,35.138439000000005,winter weekday,35.79
1285,2023-02-23 13:00:00.000,34.448715,winter weekday,35.79
1286,2023-02-23 14:00:00.000,34.27378500000001,winter weekday,35.79
1287,2023-02-23 15:00:00.000,34.2850305,winter weekday,35.79
1288,2023-02-23 16:00:00.000,34.803573,winter weekday,35.79
1289,2023-02-23 17:00:00.000,36.405432000000005,winter weekday,35.79
1290,2023-02-23 18:00:00.000,38.012289,winter weekday,35.79
1291,2023-02-23 19:00:00.000,37.98480000000001,winter weekday,35.79
1292,2023-02-23 20:00:00.000,36.8490045,winter weekday,35.79
1293,2023-02-23 21:00:00.000,36.252993,winter weekday,35.79
1294,2023-02-23 22:00:00.000,35.562019500000005,winter weekday,35.79
1295,2023-02-23 23:00:00.000,33.793977000000005,winter weekday,35.79
1296,2023-02-24 00:00:00.000,34.071366000000005,winter weekday,35.79
1297,2023-02-24 01:00:00.000,32.134641,winter weekday,30.5
1298,2023-02-24 02:00:00.000,32.0559225,winter weekday,30.5
1299,2023-02-24 03:00:00.000,31.70731200000001,winter weekday,30.5
1300,2023-02-24 04:00:00.000,32.0559225,winter weekday,30.5
1301,2023-02-24 05:00:00.000,32.015938500000004,winter weekday,30.5
1302,2023-02-24 06:00:00.000,34.501194000000005,winter weekday,35.79
1303,2023-02-24 07:00:00.000,36.7415475,winter weekday,35.79
1304,2023-02-24 08:00:00.000,36.73530000000001,winter weekday,35.79
1305,2023-02-24 09:00:00.000,36.14303700000001,winter weekday,35.79
1306,2023-02-24 10:00:00.000,33.790228500000005,winter weekday,35.79
1307,2023-02-24 11:00:00.000,30.990099,winter weekday,30.5
1308,2023-02-24 12:00:00.000,31.457412000000005,winter weekday,30.5
1309,2023-02-24 13:00:00.000,30.847656000000008,winter weekday,30.5
1310,2023-02-24 14:00:00.000,30.0492255,winter weekday,30.5
1311,2023-02-24 15:00:00.000,30.997596000000005,winter weekday,30.5
1312,2023-02-24 16:00:00.000,31.1737755,winter weekday,30.5
1313,2023-02-24 17:00:00.000,32.3233155,winter weekday,30.5
1314,2023-02-24 18:00:00.000,34.4124795,winter weekday,35.79
1315,2023-02-24 19:00:00.000,31.982202000000004,winter weekday,30.5
1316,2023-02-24 20:00:00.000,28.782232500000003,winter weekday,30.5
1317,2023-02-24 21:00:00.000,30.43906950000001,winter weekday,30.5
1318,2023-02-24 22:00:00.000,29.0046435,winter weekday,30.5
1319,2023-02-24 23:00:00.000,27.186621,winter weekday,26.43
1320,2023-02-25 00:00:00.000,28.682272500000003,winter weekend,27.53
1321,2023-02-25 01:00:00.000,27.756393000000003,winter weekend,27.53
1322,2023-02-25 02:00:00.000,27.230353500000007,winter weekend,27.53
1323,2023-02-25 03:00:00.000,26.768038500000003,winter weekend,27.53
1324,2023-02-25 04:00:00.000,27.617698500000003,winter weekend,27.53
1325,2023-02-25 05:00:00.000,27.1104015,winter weekend,27.53
1326,2023-02-25 06:00:00.000,26.960461500000005,winter weekend,27.53
1327,2023-02-25 07:00:00.000,27.9225765,winter weekend,27.53
1328,2023-02-25 08:00:00.000,28.59980550000001,winter weekend,27.53
1329,2023-02-25 09:00:00.000,28.241199000000005,winter weekend,27.53
1330,2023-02-25 10:00:00.000,26.664330000000007,winter weekend,27.53
1331,2023-02-25 11:00:00.000,25.511041500000005,winter weekend,27.53
1332,2023-02-25 12:00:00.000,24.7938285,winter weekend,27.53
1333,2023-02-25 13:00:00.000,22.978305,winter weekend,19.94
1334,2023-02-25 14:00:00.000,25.199916000000005,winter weekend,27.53
1335,2023-02-25 15:00:00.000,27.595207500000004,winter weekend,27.53
1336,2023-02-25 16:00:00.000,29.430723000000008,winter weekend,27.53
1337,2023-02-25 17:00:00.000,32.786880000000004,winter weekend,32.84
1338,2023-02-25 18:00:00.000,34.421226000000004,winter weekend,32.84
1339,2023-02-25 19:00:00.000,33.717757500000005,winter weekend,32.84
1340,2023-02-25 20:00:00.000,31.942218,winter weekend,32.84
1341,2023-02-25 21:00:00.000,30.146686500000005,winter weekend,27.53
1342,2023-02-25 22:00:00.000,31.7285535,winter weekend,32.84
1343,2023-02-25 23:00:00.000,30.79142850000001,winter weekend,32.84
1344,2023-02-26 00:00:00.000,30.661480500000003,winter weekend,32.84
1345,2023-02-26 01:00:00.000,30.230403000000003,winter weekend,32.84
1346,2023-02-26 02:00:00.000,30.2091615,winter weekend,32.84
1347,2023-02-26 03:00:00.000,30.645237000000005,winter weekend,32.84
1348,2023-02-26 04:00:00.000,30.375345000000003,winter weekend,32.84
1349,2023-02-26 05:00:00.000,30.555273000000007,winter weekend,32.84
1350,2023-02-26 06:00:00.000,30.742698000000008,winter weekend,32.84
1351,2023-02-26 07:00:00.000,31.056322500000004,winter weekend,32.84
1352,2023-02-26 08:00:00.000,30.990099,winter weekend,32.84
1353,2023-02-26 09:00:00.000,30.555273000000007,winter weekend,32.84
1354,2023-02-26 10:00:00.000,29.530683000000003,winter weekend,27.53
1355,2023-02-26 11:00:00.000,28.98090300000001,winter weekend,27.53
1356,2023-02-26 12:00:00.000,27.98880000000001,winter weekend,27.53
1357,2023-02-26 13:00:00.000,24.240300000000005,winter weekend,27.53
1358,2023-02-26 14:00:00.000,24.275286000000005,winter weekend,27.53
1359,2023-02-26 15:00:00.000,27.993798,winter weekend,27.53
1360,2023-02-26 16:00:00.000,29.728104,winter weekend,27.53
1361,2023-02-26 17:00:00.000,33.599055,winter weekend,32.84
1362,2023-02-26 18:00:00.000,36.572865,winter weekend,32.84
1363,2023-02-26 19:00:00.000,36.9739545,winter weekend,32.84
1364,2023-02-26 20:00:00.000,36.56536800000001,winter weekend,32.84
1365,2023-02-26 21:00:00.000,35.065968,winter weekend,32.84
1366,2023-02-26 22:00:00.000,34.6473855,winter weekend,32.84
1367,2023-02-26 23:00:00.000,33.983901,winter weekend,32.84
1368,2023-02-27 00:00:00.000,32.7156585,winter weekday,30.5
1369,2023-02-27 01:00:00.000,33.9751545,winter weekday,35.79
1370,2023-02-27 02:00:00.000,33.973905,winter weekday,35.79
1371,2023-02-27 03:00:00.000,32.99054850000001,winter weekday,30.5
1372,2023-02-27 04:00:00.000,32.370796500000004,winter weekday,30.5
1373,2023-02-27 05:00:00.000,34.839808500000004,winter weekday,35.79
1374,2023-02-27 06:00:00.000,37.8885885,winter weekday,35.79
1375,2023-02-27 07:00:00.000,40.691217,winter weekday,35.79
1376,2023-02-27 08:00:00.000,40.7274525,winter weekday,35.79
1377,2023-02-27 09:00:00.000,38.1809715,winter weekday,35.79
1378,2023-02-27 10:00:00.000,36.4741545,winter weekday,35.79
1379,2023-02-27 11:00:00.000,34.345006500000004,winter weekday,35.79
1380,2023-02-27 12:00:00.000,34.6848705,winter weekday,35.79
1381,2023-02-27 13:00:00.000,34.30127400000001,winter weekday,35.79
1382,2023-02-27 14:00:00.000,33.800224500000006,winter weekday,35.79
1383,2023-02-27 15:00:00.000,33.88644,winter weekday,35.79
1384,2023-02-27 16:00:00.000,36.5416275,winter weekday,35.79
1385,2023-02-27 17:00:00.000,38.6957655,winter weekday,35.79
1386,2023-02-27 18:00:00.000,41.1097995,winter weekday,35.79
1387,2023-02-27 19:00:00.000,42.12689249999999,winter weekday,35.79
1388,2023-02-27 20:00:00.000,39.170575500000005,winter weekday,35.79
1389,2023-02-27 21:00:00.000,37.397535000000005,winter weekday,35.79
1390,2023-02-27 22:00:00.000,36.542877,winter weekday,35.79
1391,2023-02-27 23:00:00.000,36.043077,winter weekday,35.79
1392,2023-02-28 00:00:00.000,34.11135,winter weekday,35.79
1393,2023-02-28 01:00:00.000,32.964309,winter weekday,30.5
1394,2023-02-28 02:00:00.000,32.8406085,winter weekday,30.5
1395,2023-02-28 03:00:00.000,32.935570500000004,winter weekday,30.5
1396,2023-02-28 04:00:00.000,33.142987500000004,winter weekday,30.5
1397,2023-02-28 05:00:00.000,35.0372295,winter weekday,35.79
1398,2023-02-28 06:00:00.000,37.6686765,winter weekday,35.79
1399,2023-02-28 07:00:00.000,39.60790050000001,winter weekday,35.79
1400,2023-02-28 08:00:00.000,40.613748,winter weekday,35.79
1401,2023-02-28 09:00:00.000,37.398784500000005,winter weekday,35.79
1402,2023-02-28 10:00:00.000,33.659031000000006,winter weekday,35.79
1403,2023-02-28 11:00:00.000,32.88684000000001,winter weekday,30.5
1404,2023-02-28 12:00:00.000,31.950964500000005,winter weekday,30.5
1405,2023-02-28 13:00:00.000,32.26084050000001,winter weekday,30.5
1406,2023-02-28 14:00:00.000,32.788129500000004,winter weekday,30.5
1407,2023-02-28 15:00:00.000,34.01139,winter weekday,35.79
1408,2023-02-28 16:00:00.000,36.662829,winter weekday,35.79
1409,2023-02-28 17:00:00.000,39.0006435,winter weekday,35.79
1410,2023-02-28 18:00:00.000,41.59210649999999,winter weekday,35.79
1411,2023-02-28 19:00:00.000,41.58086099999999,winter weekday,35.79
1412,2023-02-28 20:00:00.000,39.2205555,winter weekday,35.79
1413,2023-02-28 21:00:00.000,37.14388650000001,winter weekday,35.79
1414,2023-02-28 22:00:00.000,36.582861,winter weekday,35.79
1415,2023-02-28 23:00:00.000,35.128443000000004,winter weekday,35.79
1416,2023-03-01 00:00:00.000,33.996396000000004,winter weekday,35.79
1417,2023-03-01 01:00:00.000,33.044277,winter weekday,30.5
1418,2023-03-01 02:00:00.000,32.981802,winter weekday,30.5
1419,2023-03-01 03:00:00.000,33.31916700000001,winter weekday,35.79
1420,2023-03-01 04:00:00.000,33.684021,winter weekday,35.79
1421,2023-03-01 05:00:00.000,35.02973250000001,winter weekday,35.79
1422,2023-03-01 06:00:00.000,37.7911275,winter weekday,35.79
1423,2023-03-01 07:00:00.000,40.6124985,winter weekday,35.79
1424,2023-03-01 08:00:00.000,40.6124985,winter weekday,35.79
1425,2023-03-01 09:00:00.000,36.472905,winter weekday,35.79
1426,2023-03-01 10:00:00.000,33.1979655,winter weekday,35.79
1427,2023-03-01 11:00:00.000,32.202114,winter weekday,30.5
1428,2023-03-01 12:00:00.000,31.836010500000004,winter weekday,30.5
1429,2023-03-01 13:00:00.000,31.627344000000008,winter weekday,30.5
1430,2023-03-01 14:00:00.000,31.8734955,winter weekday,30.5
1431,2023-03-01 15:00:00.000,32.71315950000001,winter weekday,30.5
1432,2023-03-01 16:00:00.000,34.293777000000006,winter weekday,35.79
1433,2023-03-01 17:00:00.000,37.70241300000001,winter weekday,35.79
1434,2023-03-01 18:00:00.000,40.3201155,winter weekday,35.79
1435,2023-03-01 19:00:00.000,40.168926,winter weekday,35.79
1436,2023-03-01 20:00:00.000,37.70241300000001,winter weekday,35.79
1437,2023-03-01 21:00:00.000,35.46705750000001,winter weekday,35.79
1438,2023-03-01 22:00:00.000,35.1171975,winter weekday,35.79
1439,2023-03-01 23:00:00.000,33.800224500000006,winter weekday,35.79
1440,2023-03-02 00:00:00.000,33.089259000000006,winter weekday,30.5
1441,2023-03-02 01:00:00.000,33.432871500000005,winter weekday,35.79
1442,2023-03-02 02:00:00.000,33.61529850000001,winter weekday,35.79
1443,2023-03-02 03:00:00.000,33.795226500000005,winter weekday,35.79
1444,2023-03-02 04:00:00.000,33.6127995,winter weekday,35.79
1445,2023-03-02 05:00:00.000,34.30877100000001,winter weekday,35.79
1446,2023-03-02 06:00:00.000,37.98355050000001,winter weekday,35.79
1447,2023-03-02 07:00:00.000,39.9977445,winter weekday,35.79
1448,2023-03-02 08:00:00.000,39.561669,winter weekday,35.79
1449,2023-03-02 09:00:00.000,35.040978,winter weekday,35.79
1450,2023-03-02 10:00:00.000,32.906832,winter weekday,30.5
1451,2023-03-02 11:00:00.000,31.96096050000001,winter weekday,30.5
1452,2023-03-02 12:00:00.000,31.786030500000003,winter weekday,30.5
1453,2023-03-02 13:00:00.000,31.567368,winter weekday,30.5
1454,2023-03-02 14:00:00.000,32.0734155,winter weekday,30.5
1455,2023-03-02 15:00:00.000,33.439119000000005,winter weekday,35.79
1456,2023-03-02 16:00:00.000,36.440418,winter weekday,35.79
1457,2023-03-02 17:00:00.000,38.157231,winter weekday,35.79
1458,2023-03-02 18:00:00.000,40.4725545,winter weekday,35.79
1459,2023-03-02 19:00:00.000,40.375093500000006,winter weekday,35.79
1460,2023-03-02 20:00:00.000,37.7886285,winter weekday,35.79
1461,2023-03-02 21:00:00.000,37.2738345,winter weekday,35.79
1462,2023-03-02 22:00:00.000,36.051823500000005,winter weekday,35.79
1463,2023-03-02 23:00:00.000,34.848555000000005,winter weekday,35.79
1464,2023-03-03 00:00:00.000,34.89853500000001,winter weekday,35.79
1465,2023-03-03 01:00:00.000,33.634041,winter weekday,35.79
1466,2023-03-03 02:00:00.000,33.6852705,winter weekday,35.79
1467,2023-03-03 03:00:00.000,33.41537850000001,winter weekday,35.79
1468,2023-03-03 04:00:00.000,33.33416100000001,winter weekday,35.79
1469,2023-03-03 05:00:00.000,34.23630000000001,winter weekday,35.79
1470,2023-03-03 06:00:00.000,37.63369050000001,winter weekday,35.79
1471,2023-03-03 07:00:00.000,40.7374485,winter weekday,35.79
1472,2023-03-03 08:00:00.000,41.78203049999999,winter weekday,35.79
1473,2023-03-03 09:00:00.000,38.169726,winter weekday,35.79
1474,2023-03-03 10:00:00.000,33.751494,winter weekday,35.79
1475,2023-03-03 11:00:00.000,32.738149500000006,winter weekday,30.5
1476,2023-03-03 12:00:00.000,31.698565500000004,winter weekday,30.5
1477,2023-03-03 13:00:00.000,31.374945000000004,winter weekday,30.5
1478,2023-03-03 14:00:00.000,31.223755500000003,winter weekday,30.5
1479,2023-03-03 15:00:00.000,31.698565500000004,winter weekday,30.5
1480,2023-03-03 16:00:00.000,33.52533450000001,winter weekday,35.79
1481,2023-03-03 17:00:00.000,36.85775100000001,winter weekday,35.79
1482,2023-03-03 18:00:00.000,37.98480000000001,winter weekday,35.79
1483,2023-03-03 19:00:00.000,36.477903000000005,winter weekday,35.79
1484,2023-03-03 20:00:00.000,34.02513450000001,winter weekday,35.79
1485,2023-03-03 21:00:00.000,32.63694,winter weekday,30.5
1486,2023-03-03 22:00:00.000,31.373695500000004,winter weekday,30.5
1487,2023-03-03 23:00:00.000,30.066718500000007,winter weekday,30.5
1488,2023-03-04 00:00:00.000,30.89638650000001,winter weekend,32.84
1489,2023-03-04 01:00:00.000,29.345757000000003,winter weekend,27.53
1490,2023-03-04 02:00:00.000,28.885941000000003,winter weekend,27.53
1491,2023-03-04 03:00:00.000,29.608152000000004,winter weekend,27.53
1492,2023-03-04 04:00:00.000,29.574415500000004,winter weekend,27.53
1493,2023-03-04 05:00:00.000,29.48570100000001,winter weekend,27.53
1494,2023-03-04 06:00:00.000,29.12584500000001,winter weekend,27.53
1495,2023-03-04 07:00:00.000,29.715609000000004,winter weekend,27.53
1496,2023-03-04 08:00:00.000,29.949265500000006,winter weekend,27.53
1497,2023-03-04 09:00:00.000,29.474455500000005,winter weekend,27.53
1498,2023-03-04 10:00:00.000,29.493198000000007,winter weekend,27.53
1499,2023-03-04 11:00:00.000,29.20206450000001,winter weekend,27.53
1500,2023-03-04 12:00:00.000,28.534831500000003,winter weekend,27.53
1501,2023-03-04 13:00:00.000,28.770987000000005,winter weekend,27.53
1502,2023-03-04 14:00:00.000,29.282032500000003,winter weekend,27.53
1503,2023-03-04 15:00:00.000,30.08421150000001,winter weekend,27.53
1504,2023-03-04 16:00:00.000,30.72520500000001,winter weekend,32.84
1505,2023-03-04 17:00:00.000,34.861050000000006,winter weekend,32.84
1506,2023-03-04 18:00:00.000,36.317967,winter weekend,32.84
1507,2023-03-04 19:00:00.000,35.485800000000005,winter weekend,32.84
1508,2023-03-04 20:00:00.000,34.696116,winter weekend,32.84
1509,2023-03-04 21:00:00.000,32.0759145,winter weekend,32.84
1510,2023-03-04 22:00:00.000,32.48949900000001,winter weekend,32.84
1511,2023-03-04 23:00:00.000,31.0388295,winter weekend,32.84
1512,2023-03-05 00:00:00.000,30.803923500000003,winter weekend,32.84
1513,2023-03-05 01:00:00.000,30.6439875,winter weekend,32.84
1514,2023-03-05 02:00:00.000,30.556522500000007,winter weekend,32.84
1515,2023-03-05 03:00:00.000,30.717708000000005,winter weekend,32.84
1516,2023-03-05 04:00:00.000,30.4865505,winter weekend,32.84
1517,2023-03-05 05:00:00.000,30.589009500000003,winter weekend,32.84
1518,2023-03-05 06:00:00.000,30.605253,winter weekend,32.84
1519,2023-03-05 07:00:00.000,30.911380500000003,winter weekend,32.84
1520,2023-03-05 08:00:00.000,30.827664,winter weekend,32.84
1521,2023-03-05 09:00:00.000,30.8289135,winter weekend,32.84
1522,2023-03-05 10:00:00.000,30.510291,winter weekend,32.84
1523,2023-03-05 11:00:00.000,30.806422500000004,winter weekend,32.84
1524,2023-03-05 12:00:00.000,31.1437875,winter weekend,32.84
1525,2023-03-05 13:00:00.000,30.8289135,winter weekend,32.84
1526,2023-03-05 14:00:00.000,31.140039000000005,winter weekend,32.84
1527,2023-03-05 15:00:00.000,31.754793000000003,winter weekend,32.84
1528,2023-03-05 16:00:00.000,33.53283150000001,winter weekend,32.84
1529,2023-03-05 17:00:00.000,35.503293,winter weekend,32.84
1530,2023-03-05 18:00:00.000,38.19346649999999,winter weekend,32.84
1531,2023-03-05 19:00:00.000,38.90568150000001,winter weekend,32.84
1532,2023-03-05 20:00:00.000,37.3887885,winter weekend,32.84
1533,2023-03-05 21:00:00.000,36.421675500000006,winter weekend,32.84
1534,2023-03-05 22:00:00.000,35.318367,winter weekend,32.84
1535,2023-03-05 23:00:00.000,33.6277935,winter weekend,32.84
1536,2023-03-06 00:00:00.000,34.37374500000001,winter weekday,35.79
1537,2023-03-06 01:00:00.000,32.9980455,winter weekday,30.5
1538,2023-03-06 02:00:00.000,32.7756345,winter weekday,30.5
1539,2023-03-06 03:00:00.000,32.75189400000001,winter weekday,30.5
1540,2023-03-06 04:00:00.000,32.8306125,winter weekday,30.5
1541,2023-03-06 05:00:00.000,34.54117800000001,winter weekday,35.79
1542,2023-03-06 06:00:00.000,37.335060000000006,winter weekday,35.79
1543,2023-03-06 07:00:00.000,40.4838,winter weekday,35.79
1544,2023-03-06 08:00:00.000,44.49344549999999,winter weekday,35.79
1545,2023-03-06 09:00:00.000,40.9023825,winter weekday,35.79
1546,2023-03-06 10:00:00.000,38.642037,winter weekday,35.79
1547,2023-03-06 11:00:00.000,37.465008000000005,winter weekday,35.79
1548,2023-03-06 12:00:00.000,36.100554,winter weekday,35.79
1549,2023-03-06 13:00:00.000,35.479552500000004,winter weekday,35.79
1550,2023-03-06 14:00:00.000,35.39833500000001,winter weekday,35.79
1551,2023-03-06 15:00:00.000,35.58326100000001,winter weekday,35.79
1552,2023-03-06 16:00:00.000,36.36045,winter weekday,35.79
1553,2023-03-06 17:00:00.000,37.611199500000005,winter weekday,35.79
1554,2023-03-06 18:00:00.000,40.46630700000001,winter weekday,35.79
1555,2023-03-06 19:00:00.000,39.1855695,winter weekday,35.79
1556,2023-03-06 20:00:00.000,35.854402500000006,winter weekday,35.79
1557,2023-03-06 21:00:00.000,33.6602805,winter weekday,35.79
1558,2023-03-06 22:00:00.000,32.443267500000005,winter weekday,30.5
1559,2023-03-06 23:00:00.000,30.93512100000001,winter weekday,30.5
1560,2023-03-07 00:00:00.000,29.620647000000005,winter weekday,30.5
1561,2023-03-07 01:00:00.000,29.145837000000004,winter weekday,30.5
1562,2023-03-07 02:00:00.000,27.98880000000001,winter weekday,26.43
1563,2023-03-07 03:00:00.000,27.234102000000004,winter weekday,26.43
1564,2023-03-07 04:00:00.000,27.179124000000005,winter weekday,26.43
1565,2023-03-07 05:00:00.000,28.060021500000005,winter weekday,26.43
1566,2023-03-07 06:00:00.000,29.701864500000003,winter weekday,30.5
1567,2023-03-07 07:00:00.000,29.809321500000003,winter weekday,30.5
1568,2023-03-07 08:00:00.000,30.561520500000004,winter weekday,30.5
1569,2023-03-07 09:00:00.000,28.853454000000003,winter weekday,30.5
1570,2023-03-07 10:00:00.000,29.095857,winter weekday,30.5
1571,2023-03-07 11:00:00.000,29.145837000000004,winter weekday,30.5
1572,2023-03-07 12:00:00.000,28.309921500000005,winter weekday,26.43
1573,2023-03-07 13:00:00.000,29.095857,winter weekday,30.5
1574,2023-03-07 14:00:00.000,29.247046500000007,winter weekday,30.5
1575,2023-03-07 15:00:00.000,29.563170000000003,winter weekday,30.5
1576,2023-03-07 16:00:00.000,31.015089000000007,winter weekday,30.5
1577,2023-03-07 17:00:00.000,35.23215150000001,winter weekday,35.79
1578,2023-03-07 18:00:00.000,37.869846,winter weekday,35.79
1579,2023-03-07 19:00:00.000,35.349604500000005,winter weekday,35.79
1580,2023-03-07 20:00:00.000,36.377943,winter weekday,35.79
1581,2023-03-07 21:00:00.000,34.414978500000004,winter weekday,35.79
1582,2023-03-07 22:00:00.000,32.6381895,winter weekday,30.5
1583,2023-03-07 23:00:00.000,31.798525500000004,winter weekday,30.5
1584,2023-03-08 00:00:00.000,31.649835000000003,winter weekday,30.5
1585,2023-03-08 01:00:00.000,31.374945000000004,winter weekday,30.5
1586,2023-03-08 02:00:00.000,31.364949000000006,winter weekday,30.5
1587,2023-03-08 03:00:00.000,31.237500000000004,winter weekday,30.5
1588,2023-03-08 04:00:00.000,31.237500000000004,winter weekday,30.5
1589,2023-03-08 05:00:00.000,32.1408885,winter weekday,30.5
1590,2023-03-08 06:00:00.000,34.94601600000001,winter weekday,35.79
1591,2023-03-08 07:00:00.000,37.1763735,winter weekday,35.79
1592,2023-03-08 08:00:00.000,38.996895,winter weekday,35.79
1593,2023-03-08 09:00:00.000,37.7349,winter weekday,35.79
1594,2023-03-08 10:00:00.000,36.484150500000005,winter weekday,35.79
1595,2023-03-08 11:00:00.000,35.3820915,winter weekday,35.79
1596,2023-03-08 12:00:00.000,34.5074415,winter weekday,35.79
1597,2023-03-08 13:00:00.000,34.352503500000005,winter weekday,35.79
1598,2023-03-08 14:00:00.000,34.54117800000001,winter weekday,35.79
1599,2023-03-08 15:00:00.000,34.997245500000005,winter weekday,35.79
1600,2023-03-08 16:00:00.000,35.419576500000005,winter weekday,35.79
1601,2023-03-08 17:00:00.000,36.486649500000006,winter weekday,35.79
1602,2023-03-08 18:00:00.000,38.2209555,winter weekday,35.79
1603,2023-03-08 19:00:00.000,38.612049000000006,winter weekday,35.79
1604,2023-03-08 20:00:00.000,36.58161150000001,winter weekday,35.79
1605,2023-03-08 21:00:00.000,34.191318,winter weekday,35.79
1606,2023-03-08 22:00:00.000,33.464109,winter weekday,35.79
1607,2023-03-08 23:00:00.000,32.237100000000005,winter weekday,30.5
1608,2023-03-09 00:00:00.000,31.569867,winter weekday,30.5
1609,2023-03-09 01:00:00.000,31.28623050000001,winter weekday,30.5
1610,2023-03-09 02:00:00.000,31.239999000000005,winter weekday,30.5
1611,2023-03-09 03:00:00.000,31.035081000000005,winter weekday,30.5
1612,2023-03-09 04:00:00.000,31.264989000000003,winter weekday,30.5
1613,2023-03-09 05:00:00.000,31.489899,winter weekday,30.5
1614,2023-03-09 06:00:00.000,34.5349305,winter weekday,35.79
1615,2023-03-09 07:00:00.000,36.11055,winter weekday,35.79
1616,2023-03-09 08:00:00.000,37.242597,winter weekday,35.79
1617,2023-03-09 09:00:00.000,36.2267535,winter weekday,35.79
1618,2023-03-09 10:00:00.000,35.155932,winter weekday,35.79
1619,2023-03-09 11:00:00.000,33.83770950000001,winter weekday,35.79
1620,2023-03-09 12:00:00.000,32.61195000000001,winter weekday,30.5
1621,2023-03-09 13:00:00.000,31.9184775,winter weekday,30.5
1622,2023-03-09 14:00:00.000,31.8859905,winter weekday,30.5
1623,2023-03-09 15:00:00.000,31.952214,winter weekday,30.5
1624,2023-03-09 16:00:00.000,32.157132000000004,winter weekday,30.5
1625,2023-03-09 17:00:00.000,34.3425075,winter weekday,35.79
1626,2023-03-09 18:00:00.000,35.763189000000004,winter weekday,35.79
1627,2023-03-09 19:00:00.000,35.490798000000005,winter weekday,35.79
1628,2023-03-09 20:00:00.000,34.24879500000001,winter weekday,35.79
1629,2023-03-09 21:00:00.000,32.9980455,winter weekday,30.5
1630,2023-03-09 22:00:00.000,32.839359,winter weekday,30.5
1631,2023-03-09 23:00:00.000,31.07506500000001,winter weekday,30.5
1632,2023-03-10 00:00:00.000,30.2241555,winter weekday,30.5
1633,2023-03-10 01:00:00.000,29.94801600000001,winter weekday,30.5
1634,2023-03-10 02:00:00.000,29.745597000000004,winter weekday,30.5
1635,2023-03-10 03:00:00.000,29.718108000000004,winter weekday,30.5
1636,2023-03-10 04:00:00.000,29.749345500000008,winter weekday,30.5
1637,2023-03-10 05:00:00.000,30.487800000000004,winter weekday,30.5
1638,2023-03-10 06:00:00.000,32.3383095,winter weekday,30.5
1639,2023-03-10 07:00:00.000,34.4749545,winter weekday,35.79
1640,2023-03-10 08:00:00.000,34.9747545,winter weekday,35.79
1641,2023-03-10 09:00:00.000,34.437469500000006,winter weekday,35.79
1642,2023-03-10 10:00:00.000,33.847705500000004,winter weekday,35.79
1643,2023-03-10 11:00:00.000,32.999295000000004,winter weekday,30.5
1644,2023-03-10 12:00:00.000,31.914729,winter weekday,30.5
1645,2023-03-10 13:00:00.000,31.46740800000001,winter weekday,30.5
1646,2023-03-10 14:00:00.000,31.726054500000004,winter weekday,30.5
1647,2023-03-10 15:00:00.000,31.439919000000003,winter weekday,30.5
1648,2023-03-10 16:00:00.000,31.125045000000007,winter weekday,30.5
1649,2023-03-10 17:00:00.000,33.52908300000001,winter weekday,35.79
1650,2023-03-10 18:00:00.000,34.296276,winter weekday,35.79
1651,2023-03-10 19:00:00.000,34.101354,winter weekday,35.79
1652,2023-03-10 20:00:00.000,31.788529500000006,winter weekday,30.5
1653,2023-03-10 21:00:00.000,30.982602000000004,winter weekday,30.5
1654,2023-03-10 22:00:00.000,29.90678250000001,winter weekday,30.5
1655,2023-03-10 23:00:00.000,28.3124205,winter weekday,26.43
1656,2023-03-11 00:00:00.000,26.142039000000004,winter weekend,27.53
1657,2023-03-11 01:00:00.000,26.253244500000005,winter weekend,27.53
1658,2023-03-11 02:00:00.000,26.499396000000004,winter weekend,27.53
1659,2023-03-11 03:00:00.000,27.666429000000004,winter weekend,27.53
1660,2023-03-11 04:00:00.000,28.347406500000005,winter weekend,27.53
1661,2023-03-11 05:00:00.000,29.385741000000003,winter weekend,27.53
1662,2023-03-11 06:00:00.000,30.392838,winter weekend,32.84
1663,2023-03-11 07:00:00.000,31.123795500000003,winter weekend,32.84
1664,2023-03-11 08:00:00.000,31.613599500000003,winter weekend,32.84
1665,2023-03-11 09:00:00.000,30.658981500000003,winter weekend,32.84
1666,2023-03-11 10:00:00.000,29.089609500000005,winter weekend,27.53
1667,2023-03-11 11:00:00.000,27.60770250000001,winter weekend,27.53
1668,2023-03-11 12:00:00.000,27.196617000000007,winter weekend,27.53
1669,2023-03-11 13:00:00.000,24.865050000000004,winter weekend,27.53
1670,2023-03-11 14:00:00.000,24.912531000000005,winter weekend,27.53
1671,2023-03-11 15:00:00.000,27.6926685,winter weekend,27.53
1672,2023-03-11 16:00:00.000,30.017988000000003,winter weekend,27.53
1673,2023-03-11 17:00:00.000,33.61404900000001,winter weekend,32.84
1674,2023-03-11 18:00:00.000,35.485800000000005,winter weekend,32.84
1675,2023-03-11 19:00:00.000,34.439968500000006,winter weekend,32.84
1676,2023-03-11 20:00:00.000,33.80897100000001,winter weekend,32.84
1677,2023-03-11 21:00:00.000,32.357052,winter weekend,32.84
1678,2023-03-11 22:00:00.000,32.432022,winter weekend,32.84
1679,2023-03-11 23:00:00.000,30.92637450000001,winter weekend,32.84
1680,2023-03-12 00:00:00.000,32.48824950000001,winter weekend,32.84
1681,2023-03-12 01:00:00.000,30.010491000000005,winter weekend,27.53
1682,2023-03-12 02:00:00.000,30.010491000000005,winter weekend,27.53
1683,2023-03-12 03:00:00.000,28.667278500000005,winter weekend,27.53
1684,2023-03-12 04:00:00.000,28.839709500000005,winter weekend,27.53
1685,2023-03-12 05:00:00.000,28.873446000000005,winter weekend,27.53
1686,2023-03-12 06:00:00.000,28.714759500000003,winter weekend,27.53
1687,2023-03-12 07:00:00.000,28.49484750000001,winter weekend,27.53
1688,2023-03-12 08:00:00.000,28.6472865,winter weekend,27.53
1689,2023-03-12 09:00:00.000,29.110851000000004,winter weekend,27.53
1690,2023-03-12 10:00:00.000,28.863450000000007,winter weekend,27.53
1691,2023-03-12 11:00:00.000,28.337410500000004,winter weekend,27.53
1692,2023-03-12 12:00:00.000,27.414030000000007,winter weekend,27.53
1693,2023-03-12 13:00:00.000,25.984602,winter weekend,27.53
1694,2023-03-12 14:00:00.000,26.114550000000005,winter weekend,27.53
1695,2023-03-12 15:00:00.000,26.72680500000001,winter weekend,27.53
1696,2023-03-12 16:00:00.000,27.9950475,winter weekend,27.53
1697,2023-03-12 17:00:00.000,29.97675450000001,winter weekend,27.53
1698,2023-03-12 18:00:00.000,32.3433075,winter weekend,32.84
1699,2023-03-12 19:00:00.000,34.990998000000005,winter weekend,32.84
1700,2023-03-12 20:00:00.000,33.6078015,winter weekend,32.84
1701,2023-03-12 21:00:00.000,30.449065500000003,winter weekend,32.84
1702,2023-03-12 22:00:00.000,29.222056500000004,winter weekend,27.53
1703,2023-03-12 23:00:00.000,27.43277250000001,winter weekend,27.53
1704,2023-03-13 00:00:00.000,23.114500500000005,winter weekday,26.43
1705,2023-03-13 01:00:00.000,22.0024455,winter weekday,26.43
1706,2023-03-13 02:00:00.000,21.536382,winter weekday,26.43
1707,2023-03-13 03:00:00.000,19.4784555,winter weekday,26.43
1708,2023-03-13 04:00:00.000,18.3064245,winter weekday,26.43
1709,2023-03-13 05:00:00.000,19.4784555,winter weekday,26.43
1710,2023-03-13 06:00:00.000,22.1773755,winter weekday,26.43
1711,2023-03-13 07:00:00.000,27.07791450000001,winter weekday,26.43
1712,2023-03-13 08:00:00.000,27.340309500000007,winter weekday,26.43
1713,2023-03-13 09:00:00.000,22.673427000000004,winter weekday,26.43
1714,2023-03-13 10:00:00.000,21.1802745,winter weekday,26.43
1715,2023-03-13 11:00:00.000,20.156934,winter weekday,26.43
1716,2023-03-13 12:00:00.000,17.626696499999998,winter weekday,26.43
1717,2023-03-13 13:00:00.000,17.365789,winter weekday,26.43
1718,2023-03-13 14:00:00.000,17.3646585,winter weekday,26.43
1719,2023-03-13 15:00:00.000,17.400537,winter weekday,26.43
1720,2023-03-13 16:00:00.000,18.4963485,winter weekday,26.43
1721,2023-03-13 17:00:00.000,24.0366315,winter weekday,26.43
1722,2023-03-13 18:00:00.000,28.437370500000004,winter weekday,26.43
1723,2023-03-13 19:00:00.000,29.2383,winter weekday,30.5
1724,2023-03-13 20:00:00.000,27.655183500000003,winter weekday,26.43
1725,2023-03-13 21:00:00.000,23.982903000000004,winter weekday,26.43
1726,2023-03-13 22:00:00.000,21.7975275,winter weekday,26.43
1727,2023-03-13 23:00:00.000,20.281884,winter weekday,26.43
1728,2023-03-14 00:00:00.000,18.5638215,winter weekday,26.43
1729,2023-03-14 01:00:00.000,17.925326999999996,winter weekday,26.43
1730,2023-03-14 02:00:00.000,17.86785,winter weekday,26.43
1731,2023-03-14 03:00:00.000,17.597958,winter weekday,26.43
1732,2023-03-14 04:00:00.000,17.805374999999998,winter weekday,26.43
1733,2023-03-14 05:00:00.000,18.4963485,winter weekday,26.43
1734,2023-03-14 06:00:00.000,22.69092000000001,winter weekday,26.43
1735,2023-03-14 07:00:00.000,28.666029000000005,winter weekday,30.5
1736,2023-03-14 08:00:00.000,29.218308000000004,winter weekday,30.5
1737,2023-03-14 09:00:00.000,27.7851315,winter weekday,26.43
1738,2023-03-14 10:00:00.000,26.58686100000001,winter weekday,26.43
1739,2023-03-14 11:00:00.000,24.982503000000005,winter weekday,26.43
1740,2023-03-14 12:00:00.000,24.022887000000004,winter weekday,26.43
1741,2023-03-14 13:00:00.000,24.998746500000006,winter weekday,26.43
1742,2023-03-14 14:00:00.000,25.546027500000005,winter weekday,26.43
1743,2023-03-14 15:00:00.000,24.842559000000005,winter weekday,26.43
1744,2023-03-14 16:00:00.000,27.21785850000001,winter weekday,26.43
1745,2023-03-14 17:00:00.000,32.718157500000004,winter weekday,30.5
1746,2023-03-14 18:00:00.000,35.468307,winter weekday,35.79
1747,2023-03-14 19:00:00.000,36.3866895,winter weekday,35.79
1748,2023-03-14 20:00:00.000,34.9772535,winter weekday,35.79
1749,2023-03-14 21:00:00.000,33.576564000000005,winter weekday,35.79
1750,2023-03-14 22:00:00.000,32.716908000000004,winter weekday,30.5
1751,2023-03-14 23:00:00.000,30.527784000000004,winter weekday,30.5
1752,2023-03-15 00:00:00.000,30.567768000000004,winter weekday,30.5
1753,2023-03-15 01:00:00.000,30.587760000000003,winter weekday,30.5
1754,2023-03-15 02:00:00.000,30.359101500000005,winter weekday,30.5
1755,2023-03-15 03:00:00.000,30.516538500000006,winter weekday,30.5
1756,2023-03-15 04:00:00.000,30.571516500000005,winter weekday,30.5
1757,2023-03-15 05:00:00.000,32.54072850000001,winter weekday,30.5
1758,2023-03-15 06:00:00.000,35.29462650000001,winter weekday,35.79
1759,2023-03-15 07:00:00.000,37.36005000000001,winter weekday,35.79
1760,2023-03-15 08:00:00.000,37.307571,winter weekday,35.79
1761,2023-03-15 09:00:00.000,33.61030050000001,winter weekday,35.79
1762,2023-03-15 10:00:00.000,31.631092500000005,winter weekday,30.5
1763,2023-03-15 11:00:00.000,29.488200000000003,winter weekday,30.5
1764,2023-03-15 12:00:00.000,28.719757500000004,winter weekday,30.5
1765,2023-03-15 13:00:00.000,28.718508000000007,winter weekday,30.5
1766,2023-03-15 14:00:00.000,29.394487500000004,winter weekday,30.5
1767,2023-03-15 15:00:00.000,30.216658500000005,winter weekday,30.5
1768,2023-03-15 16:00:00.000,31.98595050000001,winter weekday,30.5
1769,2023-03-15 17:00:00.000,36.210510000000006,winter weekday,35.79
1770,2023-03-15 18:00:00.000,40.146435,winter weekday,35.79
1771,2023-03-15 19:00:00.000,42.268086,winter weekday,35.79
1772,2023-03-15 20:00:00.000,38.48210099999999,winter weekday,35.79
1773,2023-03-15 21:00:00.000,35.780682000000006,winter weekday,35.79
1774,2023-03-15 22:00:00.000,34.779832500000005,winter weekday,35.79
1775,2023-03-15 23:00:00.000,33.3154185,winter weekday,35.79
1776,2023-03-16 00:00:00.000,32.035930500000006,winter weekday,30.5
1777,2023-03-16 01:00:00.000,30.813919500000004,winter weekday,30.5
1778,2023-03-16 02:00:00.000,30.337860000000003,winter weekday,30.5
1779,2023-03-16 03:00:00.000,29.86305,winter weekday,30.5
1780,2023-03-16 04:00:00.000,29.6218965,winter weekday,30.5
1781,2023-03-16 05:00:00.000,30.345357000000007,winter weekday,30.5
1782,2023-03-16 06:00:00.000,33.651534000000005,winter weekday,35.79
1783,2023-03-16 07:00:00.000,35.1546825,winter weekday,35.79
1784,2023-03-16 08:00:00.000,34.6148985,winter weekday,35.79
1785,2023-03-16 09:00:00.000,32.002194,winter weekday,30.5
1786,2023-03-16 10:00:00.000,30.26289,winter weekday,30.5
1787,2023-03-16 11:00:00.000,28.8022245,winter weekday,30.5
1788,2023-03-16 12:00:00.000,28.038780000000003,winter weekday,26.43
1789,2023-03-16 13:00:00.000,27.1753755,winter weekday,26.43
1790,2023-03-16 14:00:00.000,27.424026000000005,winter weekday,26.43
1791,2023-03-16 15:00:00.000,27.975055500000007,winter weekday,26.43
1792,2023-03-16 16:00:00.000,29.310771000000003,winter weekday,30.5
1793,2023-03-16 17:00:00.000,32.26458900000001,winter weekday,30.5
1794,2023-03-16 18:00:00.000,33.8427075,winter weekday,35.79
1795,2023-03-16 19:00:00.000,33.6078015,winter weekday,35.79
1796,2023-03-16 20:00:00.000,31.11255000000001,winter weekday,30.5
1797,2023-03-16 21:00:00.000,29.630643000000006,winter weekday,30.5
1798,2023-03-16 22:00:00.000,28.122496500000008,winter weekday,26.43
1799,2023-03-16 23:00:00.000,27.419028000000008,winter weekday,26.43
1800,2023-03-17 00:00:00.000,23.421877500000004,winter weekday,26.43
1801,2023-03-17 01:00:00.000,23.61180150000001,winter weekday,26.43
1802,2023-03-17 02:00:00.000,23.623047000000007,winter weekday,26.43
1803,2023-03-17 03:00:00.000,24.856303500000003,winter weekday,26.43
1804,2023-03-17 04:00:00.000,25.213660500000003,winter weekday,26.43
1805,2023-03-17 05:00:00.000,27.562720500000005,winter weekday,26.43
1806,2023-03-17 06:00:00.000,30.496546500000004,winter weekday,30.5
1807,2023-03-17 07:00:00.000,31.3836915,winter weekday,30.5
1808,2023-03-17 08:00:00.000,30.432822,winter weekday,30.5
1809,2023-03-17 09:00:00.000,28.649785500000007,winter weekday,30.5
1810,2023-03-17 10:00:00.000,27.868848000000007,winter weekday,26.43
1811,2023-03-17 11:00:00.000,27.357802500000005,winter weekday,26.43
1812,2023-03-17 12:00:00.000,26.83426200000001,winter weekday,26.43
1813,2023-03-17 13:00:00.000,26.6205975,winter weekday,26.43
1814,2023-03-17 14:00:00.000,28.369897500000004,winter weekday,26.43
1815,2023-03-17 15:00:00.000,29.741848500000003,winter weekday,30.5
1816,2023-03-17 16:00:00.000,31.055073000000004,winter weekday,30.5
1817,2023-03-17 17:00:00.000,33.2104605,winter weekday,35.79
1818,2023-03-17 18:00:00.000,34.156332000000006,winter weekday,35.79
1819,2023-03-17 19:00:00.000,34.1400885,winter weekday,35.79
1820,2023-03-17 20:00:00.000,33.155482500000005,winter weekday,35.79
1821,2023-03-17 21:00:00.000,31.10880150000001,winter weekday,30.5
1822,2023-03-17 22:00:00.000,30.7489455,winter weekday,30.5
1823,2023-03-17 23:00:00.000,30.144187500000005,winter weekday,30.5
1824,2023-03-18 00:00:00.000,30.656482500000003,winter weekend,32.84
1825,2023-03-18 01:00:00.000,29.644387500000008,winter weekend,27.53
1826,2023-03-18 02:00:00.000,29.468208000000008,winter weekend,27.53
1827,2023-03-18 03:00:00.000,29.2383,winter weekend,27.53
1828,2023-03-18 04:00:00.000,29.385741000000003,winter weekend,27.53
1829,2023-03-18 05:00:00.000,29.83806000000001,winter weekend,27.53
1830,2023-03-18 06:00:00.000,30.300375000000003,winter weekend,32.84
1831,2023-03-18 07:00:00.000,30.54152850000001,winter weekend,32.84
1832,2023-03-18 08:00:00.000,29.955513000000003,winter weekend,27.53
1833,2023-03-18 09:00:00.000,30.19416750000001,winter weekend,32.84
1834,2023-03-18 10:00:00.000,29.488200000000003,winter weekend,27.53
1835,2023-03-18 11:00:00.000,28.755993000000007,winter weekend,27.53
1836,2023-03-18 12:00:00.000,27.871347000000007,winter weekend,27.53
1837,2023-03-18 13:00:00.000,27.416529000000004,winter weekend,27.53
1838,2023-03-18 14:00:00.000,28.303674,winter weekend,27.53
1839,2023-03-18 15:00:00.000,28.873446000000005,winter weekend,27.53
1840,2023-03-18 16:00:00.000,30.416578500000004,winter weekend,32.84
1841,2023-03-18 17:00:00.000,33.70401300000001,winter weekend,32.84
1842,2023-03-18 18:00:00.000,36.978952500000005,winter weekend,32.84
1843,2023-03-18 19:00:00.000,38.552073,winter weekend,32.84
1844,2023-03-18 20:00:00.000,35.3795925,winter weekend,32.84
1845,2023-03-18 21:00:00.000,33.976404,winter weekend,32.84
1846,2023-03-18 22:00:00.000,33.6053025,winter weekend,32.84
1847,2023-03-18 23:00:00.000,32.169627000000006,winter weekend,32.84
1848,2023-03-19 00:00:00.000,31.116298500000003,winter weekend,32.84
1849,2023-03-19 01:00:00.000,30.612750000000005,winter weekend,32.84
1850,2023-03-19 02:00:00.000,29.813070000000003,winter weekend,27.53
1851,2023-03-19 03:00:00.000,29.76059100000001,winter weekend,27.53
1852,2023-03-19 04:00:00.000,29.705613,winter weekend,27.53
1853,2023-03-19 05:00:00.000,30.282882000000004,winter weekend,32.84
1854,2023-03-19 06:00:00.000,29.86305,winter weekend,27.53
1855,2023-03-19 07:00:00.000,30.169177500000004,winter weekend,27.53
1856,2023-03-19 08:00:00.000,30.042978000000005,winter weekend,27.53
1857,2023-03-19 09:00:00.000,30.14543700000001,winter weekend,27.53
1858,2023-03-19 10:00:00.000,29.914279500000003,winter weekend,27.53
1859,2023-03-19 11:00:00.000,29.76059100000001,winter weekend,27.53
1860,2023-03-19 12:00:00.000,29.536930500000008,winter weekend,27.53
1861,2023-03-19 13:00:00.000,29.118348000000005,winter weekend,27.53
1862,2023-03-19 14:00:00.000,29.23954950000001,winter weekend,27.53
1863,2023-03-19 15:00:00.000,29.69686650000001,winter weekend,27.53
1864,2023-03-19 16:00:00.000,30.623995500000007,winter weekend,32.84
1865,2023-03-19 17:00:00.000,34.0076415,winter weekend,32.84
1866,2023-03-19 18:00:00.000,35.485800000000005,winter weekend,32.84
1867,2023-03-19 19:00:00.000,36.4741545,winter weekend,32.84
1868,2023-03-19 20:00:00.000,35.44956450000001,winter weekend,32.84
1869,2023-03-19 21:00:00.000,34.2700365,winter weekend,32.84
1870,2023-03-19 22:00:00.000,33.973905,winter weekend,32.84
1871,2023-03-19 23:00:00.000,33.61155,winter weekend,32.84
1872,2023-03-20 00:00:00.000,32.861850000000004,winter weekday,30.5
1873,2023-03-20 01:00:00.000,31.729803,winter weekday,30.5
1874,2023-03-20 02:00:00.000,31.49489700000001,winter weekday,30.5
1875,2023-03-20 03:00:00.000,31.135041000000005,winter weekday,30.5
1876,2023-03-20 04:00:00.000,31.1437875,winter weekday,30.5
1877,2023-03-20 05:00:00.000,31.912230000000005,winter weekday,30.5
1878,2023-03-20 06:00:00.000,34.3325115,winter weekday,35.79
1879,2023-03-20 07:00:00.000,35.914378500000005,winter weekday,35.79
1880,2023-03-20 08:00:00.000,35.9243745,winter weekday,35.79
1881,2023-03-20 09:00:00.000,34.556172000000004,winter weekday,35.79
1882,2023-03-20 10:00:00.000,32.7056625,winter weekday,30.5
1883,2023-03-20 11:00:00.000,31.836010500000004,winter weekday,30.5
1884,2023-03-20 12:00:00.000,30.4365705,winter weekday,30.5
1885,2023-03-20 13:00:00.000,29.858052000000004,winter weekday,30.5
1886,2023-03-20 14:00:00.000,30.07921350000001,winter weekday,30.5
1887,2023-03-20 15:00:00.000,30.455313000000004,winter weekday,30.5
1888,2023-03-20 16:00:00.000,31.591108500000004,winter weekday,30.5
1889,2023-03-20 17:00:00.000,33.96640800000001,winter weekday,35.79
1890,2023-03-20 18:00:00.000,36.23050200000001,winter weekday,35.79
1891,2023-03-20 19:00:00.000,38.0435265,winter weekday,35.79
1892,2023-03-20 20:00:00.000,36.405432000000005,winter weekday,35.79
1893,2023-03-20 21:00:00.000,34.297525500000006,winter weekday,35.79
1894,2023-03-20 22:00:00.000,33.299175000000005,winter weekday,35.79
1895,2023-03-20 23:00:00.000,31.992198,winter weekday,30.5
1896,2023-03-21 00:00:00.000,32.460760500000006,winter weekday,30.5
1897,2023-03-21 01:00:00.000,31.397436000000003,winter weekday,30.5
1898,2023-03-21 02:00:00.000,31.307472000000004,winter weekday,30.5
1899,2023-03-21 03:00:00.000,30.943867500000003,winter weekday,30.5
1900,2023-03-21 04:00:00.000,31.11255000000001,winter weekday,30.5
1901,2023-03-21 05:00:00.000,32.1383895,winter weekday,30.5
1902,2023-03-21 06:00:00.000,33.587809500000006,winter weekday,35.79
1903,2023-03-21 07:00:00.000,35.547025500000004,winter weekday,35.79
1904,2023-03-21 08:00:00.000,35.2921275,winter weekday,35.79
1905,2023-03-21 09:00:00.000,33.427873500000004,winter weekday,35.79
1906,2023-03-21 10:00:00.000,31.738549500000005,winter weekday,30.5
1907,2023-03-21 11:00:00.000,30.702714000000007,winter weekday,30.5
1908,2023-03-21 12:00:00.000,30.110451000000005,winter weekday,30.5
1909,2023-03-21 13:00:00.000,29.808072000000003,winter weekday,30.5
1910,2023-03-21 14:00:00.000,29.69686650000001,winter weekday,30.5
1911,2023-03-21 15:00:00.000,29.653134,winter weekday,30.5
1912,2023-03-21 16:00:00.000,30.0142395,winter weekday,30.5
1913,2023-03-21 17:00:00.000,31.486150500000004,winter weekday,30.5
1914,2023-03-21 18:00:00.000,33.871446000000006,winter weekday,35.79
1915,2023-03-21 19:00:00.000,35.272135500000005,winter weekday,35.79
1916,2023-03-21 20:00:00.000,33.018037500000005,winter weekday,30.5
1917,2023-03-21 21:00:00.000,30.504043500000005,winter weekday,30.5
1918,2023-03-21 22:00:00.000,29.8243155,winter weekday,30.5
1919,2023-03-21 23:00:00.000,28.937170500000004,winter weekday,30.5
1920,2023-03-22 00:00:00.000,26.996697000000005,winter weekday,26.43
1921,2023-03-22 01:00:00.000,26.5131405,winter weekday,26.43
1922,2023-03-22 02:00:00.000,26.551875000000003,winter weekday,26.43
1923,2023-03-22 03:00:00.000,25.995847500000004,winter weekday,26.43
1924,2023-03-22 04:00:00.000,25.6984665,winter weekday,26.43
1925,2023-03-22 05:00:00.000,26.6180985,winter weekday,26.43
1926,2023-03-22 06:00:00.000,28.867198500000004,winter weekday,30.5
1927,2023-03-22 07:00:00.000,30.9888495,winter weekday,30.5
1928,2023-03-22 08:00:00.000,31.1387895,winter weekday,30.5
1929,2023-03-22 09:00:00.000,27.660181500000004,winter weekday,26.43
1930,2023-03-22 10:00:00.000,24.658882500000004,winter weekday,26.43
1931,2023-03-22 11:00:00.000,21.5276355,winter weekday,26.43
1932,2023-03-22 12:00:00.000,20.2331535,winter weekday,26.43
1933,2023-03-22 13:00:00.000,19.4909505,winter weekday,26.43
1934,2023-03-22 14:00:00.000,22.294828500000005,winter weekday,26.43
1935,2023-03-22 15:00:00.000,25.915879500000003,winter weekday,26.43
1936,2023-03-22 16:00:00.000,27.503994,winter weekday,26.43
1937,2023-03-22 17:00:00.000,29.940519,winter weekday,30.5
1938,2023-03-22 18:00:00.000,32.2683375,winter weekday,30.5
1939,2023-03-22 19:00:00.000,34.842307500000004,winter weekday,35.79
1940,2023-03-22 20:00:00.000,33.0255345,winter weekday,30.5
1941,2023-03-22 21:00:00.000,30.913879500000004,winter weekday,30.5
1942,2023-03-22 22:00:00.000,29.850555000000007,winter weekday,30.5
1943,2023-03-22 23:00:00.000,27.775135500000008,winter weekday,26.43
1944,2023-03-23 00:00:00.000,25.8708975,winter weekday,26.43
1945,2023-03-23 01:00:00.000,25.601005500000007,winter weekday,26.43
1946,2023-03-23 02:00:00.000,24.2765355,winter weekday,26.43
1947,2023-03-23 03:00:00.000,23.108253000000005,winter weekday,26.43
1948,2023-03-23 04:00:00.000,21.5126415,winter weekday,26.43
1949,2023-03-23 05:00:00.000,24.337761000000004,winter weekday,26.43
1950,2023-03-23 06:00:00.000,27.444018000000003,winter weekday,26.43
1951,2023-03-23 07:00:00.000,28.890939000000007,winter weekday,30.5
1952,2023-03-23 08:00:00.000,29.2383,winter weekday,30.5
1953,2023-03-23 09:00:00.000,26.464410000000004,winter weekday,26.43
1954,2023-03-23 10:00:00.000,22.458513000000007,winter weekday,26.43
1955,2023-03-23 11:00:00.000,21.826266,winter weekday,26.43
1956,2023-03-23 12:00:00.000,21.931224,winter weekday,26.43
1957,2023-03-23 13:00:00.000,22.0149405,winter weekday,26.43
1958,2023-03-23 14:00:00.000,23.775486000000004,winter weekday,26.43
1959,2023-03-23 15:00:00.000,24.275286000000005,winter weekday,26.43
1960,2023-03-23 16:00:00.000,28.60105500000001,winter weekday,30.5
1961,2023-03-23 17:00:00.000,32.293327500000004,winter weekday,30.5
1962,2023-03-23 18:00:00.000,34.46870700000001,winter weekday,35.79
1963,2023-03-23 19:00:00.000,35.408331000000004,winter weekday,35.79
1964,2023-03-23 20:00:00.000,32.626944,winter weekday,30.5
1965,2023-03-23 21:00:00.000,28.944667500000005,winter weekday,30.5
1966,2023-03-23 22:00:00.000,28.469857500000003,winter weekday,30.5
1967,2023-03-23 23:00:00.000,27.032932500000005,winter weekday,26.43
1968,2023-03-24 00:00:00.000,24.255294000000003,winter weekday,26.43
1969,2023-03-24 01:00:00.000,22.840860000000003,winter weekday,26.43
1970,2023-03-24 02:00:00.000,22.449766500000003,winter weekday,26.43
1971,2023-03-24 03:00:00.000,22.388541000000004,winter weekday,26.43
1972,2023-03-24 04:00:00.000,21.7500465,winter weekday,26.43
1973,2023-03-24 05:00:00.000,22.389790500000004,winter weekday,26.43
1974,2023-03-24 06:00:00.000,25.169928,winter weekday,26.43
1975,2023-03-24 07:00:00.000,27.517738500000004,winter weekday,26.43
1976,2023-03-24 08:00:00.000,27.517738500000004,winter weekday,26.43
1977,2023-03-24 09:00:00.000,25.159932000000005,winter weekday,26.43
1978,2023-03-24 10:00:00.000,21.9849525,winter weekday,26.43
1979,2023-03-24 11:00:00.000,20.526786,winter weekday,26.43
1980,2023-03-24 12:00:00.000,18.8012265,winter weekday,26.43
1981,2023-03-24 13:00:00.000,17.8666005,winter weekday,26.43
1982,2023-03-24 14:00:00.000,17.626696499999998,winter weekday,26.43
1983,2023-03-24 15:00:00.000,18.097758,winter weekday,26.43
1984,2023-03-24 16:00:00.000,21.0653205,winter weekday,26.43
1985,2023-03-24 17:00:00.000,27.305323500000004,winter weekday,26.43
1986,2023-03-24 18:00:00.000,29.990499000000003,winter weekday,30.5
1987,2023-03-24 19:00:00.000,31.89098850000001,winter weekday,30.5
1988,2023-03-24 20:00:00.000,29.478204,winter weekday,30.5
1989,2023-03-24 21:00:00.000,27.676425,winter weekday,26.43
1990,2023-03-24 22:00:00.000,26.889240000000008,winter weekday,26.43
1991,2023-03-24 23:00:00.000,25.477305000000005,winter weekday,26.43
1992,2023-03-25 00:00:00.000,19.279785,winter weekend,19.94
1993,2023-03-25 01:00:00.000,17.4892515,winter weekend,19.94
1994,2023-03-25 02:00:00.000,17.381794499999998,winter weekend,19.94
1995,2023-03-25 03:00:00.000,17.378046,winter weekend,19.94
1996,2023-03-25 04:00:00.000,17.4042855,winter weekend,19.94
1997,2023-03-25 05:00:00.000,17.380544999999998,winter weekend,19.94
1998,2023-03-25 06:00:00.000,17.8091235,winter weekend,19.94
1999,2023-03-25 07:00:00.000,18.332664,winter weekend,19.94
2000,2023-03-25 08:00:00.000,18.1090035,winter weekend,19.94
2001,2023-03-25 09:00:00.000,17.375546999999997,winter weekend,19.94
2002,2023-03-25 10:00:00.000,17.361267,winter weekend,19.94
2003,2023-03-25 11:00:00.000,17.234651,winter weekend,19.94
2004,2023-03-25 12:00:00.000,16.958809,winter weekend,19.94
2005,2023-03-25 13:00:00.000,16.687489,winter weekend,19.94
2006,2023-03-25 14:00:00.000,16.759840999999998,winter weekend,19.94
2007,2023-03-25 15:00:00.000,17.269696500000002,winter weekend,19.94
2008,2023-03-25 16:00:00.000,17.365789,winter weekend,19.94
2009,2023-03-25 17:00:00.000,20.354355,winter weekend,19.94
2010,2023-03-25 18:00:00.000,24.865050000000004,winter weekend,27.53
2011,2023-03-25 19:00:00.000,26.994198000000008,winter weekend,27.53
2012,2023-03-25 20:00:00.000,24.865050000000004,winter weekend,27.53
2013,2023-03-25 21:00:00.000,22.595958000000003,winter weekend,19.94
2014,2023-03-25 22:00:00.000,22.2298545,winter weekend,19.94
2015,2023-03-25 23:00:00.000,21.536382,winter weekend,19.94
2016,2023-03-26 00:00:00.000,22.323567000000004,winter weekend,19.94
2017,2023-03-26 01:00:00.000,22.2698385,winter weekend,19.94
2018,2023-03-26 02:00:00.000,22.381044000000003,winter weekend,19.94
2019,2023-03-26 03:00:00.000,22.476006,winter weekend,19.94
2020,2023-03-26 04:00:00.000,22.543479000000005,winter weekend,19.94
2021,2023-03-26 05:00:00.000,25.301125500000005,winter weekend,27.53
2022,2023-03-26 06:00:00.000,26.5006455,winter weekend,27.53
2023,2023-03-26 07:00:00.000,27.019188,winter weekend,27.53
2024,2023-03-26 08:00:00.000,27.31407,winter weekend,27.53
2025,2023-03-26 09:00:00.000,27.186621,winter weekend,27.53
2026,2023-03-26 10:00:00.000,26.86425,winter weekend,27.53
2027,2023-03-26 11:00:00.000,25.101205500000003,winter weekend,27.53
2028,2023-03-26 12:00:00.000,24.295278000000003,winter weekend,27.53
2029,2023-03-26 13:00:00.000,23.673027000000005,winter weekend,19.94
2030,2023-03-26 14:00:00.000,23.118249,winter weekend,19.94
2031,2023-03-26 15:00:00.000,23.409382500000003,winter weekend,19.94
2032,2023-03-26 16:00:00.000,27.000445500000005,winter weekend,27.53
2033,2023-03-26 17:00:00.000,30.693967500000003,winter weekend,32.84
2034,2023-03-26 18:00:00.000,32.094657000000005,winter weekend,32.84
2035,2023-03-26 19:00:00.000,31.436170500000003,winter weekend,32.84
2036,2023-03-26 20:00:00.000,30.4415685,winter weekend,32.84
2037,2023-03-26 21:00:00.000,29.790579000000005,winter weekend,27.53
2038,2023-03-26 22:00:00.000,29.193318000000005,winter weekend,27.53
2039,2023-03-26 23:00:00.000,29.363250000000004,winter weekend,27.53
2040,2023-03-27 00:00:00.000,29.007142500000008,winter weekday,30.5
2041,2023-03-27 01:00:00.000,28.298676000000004,winter weekday,26.43
2042,2023-03-27 02:00:00.000,27.862600500000003,winter weekday,26.43
2043,2023-03-27 03:00:00.000,27.976305000000007,winter weekday,26.43
2044,2023-03-27 04:00:00.000,28.969657500000007,winter weekday,30.5
2045,2023-03-27 05:00:00.000,31.737300000000005,winter weekday,30.5
2046,2023-03-27 06:00:00.000,35.2346505,winter weekday,35.79
2047,2023-03-27 07:00:00.000,36.274234500000006,winter weekday,35.79
2048,2023-03-27 08:00:00.000,32.207112,winter weekday,30.5
2049,2023-03-27 09:00:00.000,29.219557500000004,winter weekday,30.5
2050,2023-03-27 10:00:00.000,27.480253500000003,winter weekday,26.43
2051,2023-03-27 11:00:00.000,25.897137000000008,winter weekday,26.43
2052,2023-03-27 12:00:00.000,24.229054500000004,winter weekday,26.43
2053,2023-03-27 13:00:00.000,22.708413000000004,winter weekday,26.43
2054,2023-03-27 14:00:00.000,23.135742000000004,winter weekday,26.43
2055,2023-03-27 15:00:00.000,23.568069,winter weekday,26.43
2056,2023-03-27 16:00:00.000,26.660581500000006,winter weekday,26.43
2057,2023-03-27 17:00:00.000,29.357002500000004,winter weekday,30.5
2058,2023-03-27 18:00:00.000,32.909331,winter weekday,30.5
2059,2023-03-27 19:00:00.000,31.870996500000004,winter weekday,30.5
2060,2023-03-27 20:00:00.000,30.611500500000005,winter weekday,30.5
2061,2023-03-27 21:00:00.000,30.302874000000003,winter weekday,30.5
2062,2023-03-27 22:00:00.000,28.795977000000004,winter weekday,30.5
2063,2023-03-27 23:00:00.000,27.199116000000004,winter weekday,26.43
2064,2023-03-28 00:00:00.000,27.651435000000003,winter weekday,26.43
2065,2023-03-28 01:00:00.000,27.947566500000008,winter weekday,26.43
2066,2023-03-28 02:00:00.000,28.967158500000004,winter weekday,30.5
2067,2023-03-28 03:00:00.000,28.925925000000003,winter weekday,30.5
2068,2023-03-28 04:00:00.000,29.793078000000005,winter weekday,30.5
2069,2023-03-28 05:00:00.000,33.6177975,winter weekday,35.79
2070,2023-03-28 06:00:00.000,37.35005400000001,winter weekday,35.79
2071,2023-03-28 07:00:00.000,37.35005400000001,winter weekday,35.79
2072,2023-03-28 08:00:00.000,33.254193,winter weekday,35.79
2073,2023-03-28 09:00:00.000,30.397836000000005,winter weekday,30.5
2074,2023-03-28 10:00:00.000,29.224555500000005,winter weekday,30.5
2075,2023-03-28 11:00:00.000,29.218308000000004,winter weekday,30.5
2076,2023-03-28 12:00:00.000,28.9871505,winter weekday,30.5
2077,2023-03-28 13:00:00.000,28.833462000000004,winter weekday,30.5
2078,2023-03-28 14:00:00.000,29.197066500000005,winter weekday,30.5
2079,2023-03-28 15:00:00.000,29.390739000000004,winter weekday,30.5
2080,2023-03-28 16:00:00.000,30.93637050000001,winter weekday,30.5
2081,2023-03-28 17:00:00.000,34.4699565,winter weekday,35.79
2082,2023-03-28 18:00:00.000,37.482501000000006,winter weekday,35.79
2083,2023-03-28 19:00:00.000,37.485,winter weekday,35.79
2084,2023-03-28 20:00:00.000,33.988899,winter weekday,35.79
2085,2023-03-28 21:00:00.000,33.2479455,winter weekday,35.79
2086,2023-03-28 22:00:00.000,31.235001000000004,winter weekday,30.5
2087,2023-03-28 23:00:00.000,29.55442350000001,winter weekday,30.5
2088,2023-03-29 00:00:00.000,29.250795000000004,winter weekday,30.5
2089,2023-03-29 01:00:00.000,29.5044435,winter weekday,30.5
2090,2023-03-29 02:00:00.000,29.710611000000007,winter weekday,30.5
2091,2023-03-29 03:00:00.000,29.635641000000003,winter weekday,30.5
2092,2023-03-29 04:00:00.000,29.763090000000005,winter weekday,30.5
2093,2023-03-29 05:00:00.000,31.992198,winter weekday,30.5
2094,2023-03-29 06:00:00.000,35.37709350000001,winter weekday,35.79
2095,2023-03-29 07:00:00.000,36.36045,winter weekday,35.79
2096,2023-03-29 08:00:00.000,35.3820915,winter weekday,35.79
2097,2023-03-29 09:00:00.000,33.61529850000001,winter weekday,35.79
2098,2023-03-29 10:00:00.000,32.243347500000006,winter weekday,30.5
2099,2023-03-29 11:00:00.000,31.235001000000004,winter weekday,30.5
2100,2023-03-29 12:00:00.000,30.562770000000004,winter weekday,30.5
2101,2023-03-29 13:00:00.000,30.056722500000003,winter weekday,30.5
2102,2023-03-29 14:00:00.000,30.480303000000006,winter weekday,30.5
2103,2023-03-29 15:00:00.000,30.637740000000004,winter weekday,30.5
2104,2023-03-29 16:00:00.000,33.380392500000006,winter weekday,35.79
2105,2023-03-29 17:00:00.000,35.5370295,winter weekday,35.79
2106,2023-03-29 18:00:00.000,36.0943065,winter weekday,35.79
2107,2023-03-29 19:00:00.000,33.896436,winter weekday,35.79
2108,2023-03-29 20:00:00.000,31.727304000000004,winter weekday,30.5
2109,2023-03-29 21:00:00.000,31.100055000000005,winter weekday,30.5
2110,2023-03-29 22:00:00.000,29.213310000000003,winter weekday,30.5
2111,2023-03-29 23:00:00.000,28.577314500000004,winter weekday,30.5
2112,2023-03-30 00:00:00.000,27.64518750000001,winter weekday,26.43
2113,2023-03-30 01:00:00.000,27.457762500000005,winter weekday,26.43
2114,2023-03-30 02:00:00.000,27.210361500000005,winter weekday,26.43
2115,2023-03-30 03:00:00.000,27.102904500000005,winter weekday,26.43
2116,2023-03-30 04:00:00.000,26.96421,winter weekday,26.43
2117,2023-03-30 05:00:00.000,28.584811500000008,winter weekday,30.5
2118,2023-03-30 06:00:00.000,32.2833315,winter weekday,30.5
2119,2023-03-30 07:00:00.000,33.52408500000001,winter weekday,35.79
2120,2023-03-30 08:00:00.000,31.11255000000001,winter weekday,30.5
2121,2023-03-30 09:00:00.000,28.696017000000005,winter weekday,30.5
2122,2023-03-30 10:00:00.000,27.36405,winter weekday,26.43
2123,2023-03-30 11:00:00.000,25.4685585,winter weekday,26.43
2124,2023-03-30 12:00:00.000,20.5655205,winter weekday,26.43
2125,2023-03-30 13:00:00.000,18.0865125,winter weekday,26.43
2126,2023-03-30 14:00:00.000,18.6237975,winter weekday,26.43
2127,2023-03-30 15:00:00.000,22.318569,winter weekday,26.43
2128,2023-03-30 16:00:00.000,26.419428000000003,winter weekday,26.43
2129,2023-03-30 17:00:00.000,29.5569225,winter weekday,30.5
2130,2023-03-30 18:00:00.000,32.36205,winter weekday,30.5
2131,2023-03-30 19:00:00.000,32.2833315,winter weekday,30.5
2132,2023-03-30 20:00:00.000,30.272886000000003,winter weekday,30.5
2133,2023-03-30 21:00:00.000,29.869297500000005,winter weekday,30.5
2134,2023-03-30 22:00:00.000,28.708512,winter weekday,30.5
2135,2023-03-30 23:00:00.000,25.506043500000004,winter weekday,26.43
2136,2023-03-31 00:00:00.000,25.477305000000005,winter weekday,26.43
2137,2023-03-31 01:00:00.000,24.502695000000003,winter weekday,26.43
2138,2023-03-31 02:00:00.000,23.443119000000003,winter weekday,26.43
2139,2023-03-31 03:00:00.000,25.969608000000004,winter weekday,26.43
2140,2023-03-31 04:00:00.000,27.3603015,winter weekday,26.43
2141,2023-03-31 05:00:00.000,31.32746400000001,winter weekday,30.5
2142,2023-03-31 06:00:00.000,33.876444000000006,winter weekday,35.79
2143,2023-03-31 07:00:00.000,34.566168000000005,winter weekday,35.79
2144,2023-03-31 08:00:00.000,33.8851905,winter weekday,35.79
2145,2023-03-31 09:00:00.000,32.88684000000001,winter weekday,30.5
2146,2023-03-31 10:00:00.000,32.32081650000001,winter weekday,30.5
2147,2023-03-31 11:00:00.000,30.33411150000001,winter weekday,30.5
2148,2023-03-31 12:00:00.000,29.505693,winter weekday,30.5
2149,2023-03-31 13:00:00.000,28.994647500000006,winter weekday,30.5
2150,2023-03-31 14:00:00.000,29.20331400000001,winter weekday,30.5
2151,2023-03-31 15:00:00.000,30.099205500000004,winter weekday,30.5
2152,2023-03-31 16:00:00.000,30.30162450000001,winter weekday,30.5
2153,2023-03-31 17:00:00.000,31.733551500000004,winter weekday,30.5
2154,2023-03-31 18:00:00.000,31.807272,winter weekday,30.5
2155,2023-03-31 19:00:00.000,31.11005100000001,winter weekday,30.5
2156,2023-03-31 20:00:00.000,29.7168585,winter weekday,30.5
2157,2023-03-31 21:00:00.000,28.204963500000005,winter weekday,26.43
2158,2023-03-31 22:00:00.000,27.36405,winter weekday,26.43
2159,2023-03-31 23:00:00.000,27.6376905,winter weekday,26.43
2160,2023-04-01 00:00:00.000,25.352355000000003,summer weekend,27.0
2161,2023-04-01 01:00:00.000,24.095358000000004,summer weekend,27.0
2162,2023-04-01 02:00:00.000,22.2198585,summer weekend,19.7
2163,2023-04-01 03:00:00.000,21.8724975,summer weekend,19.7
2164,2023-04-01 04:00:00.000,21.7825335,summer weekend,19.7
2165,2023-04-01 05:00:00.000,21.661332,summer weekend,19.7
2166,2023-04-01 06:00:00.000,23.82921450000001,summer weekend,27.0
2167,2023-04-01 07:00:00.000,25.009992000000004,summer weekend,27.0
2168,2023-04-01 08:00:00.000,24.916279500000005,summer weekend,27.0
2169,2023-04-01 09:00:00.000,23.5618215,summer weekend,27.0
2170,2023-04-01 10:00:00.000,23.126995500000007,summer weekend,19.7
2171,2023-04-01 11:00:00.000,22.486002000000006,summer weekend,19.7
2172,2023-04-01 12:00:00.000,22.193619,summer weekend,19.7
2173,2023-04-01 13:00:00.000,21.553875,summer weekend,19.7
2174,2023-04-01 14:00:00.000,21.9124815,summer weekend,19.7
2175,2023-04-01 15:00:00.000,22.437271500000005,summer weekend,19.7
2176,2023-04-01 16:00:00.000,23.872947000000003,summer weekend,27.0
2177,2023-04-01 17:00:00.000,27.975055500000007,summer weekend,27.0
2178,2023-04-01 18:00:00.000,28.7247555,summer weekend,27.0
2179,2023-04-01 19:00:00.000,27.975055500000007,summer weekend,27.0
2180,2023-04-01 20:00:00.000,26.814270000000004,summer weekend,27.0
2181,2023-04-01 21:00:00.000,27.357802500000005,summer weekend,27.0
2182,2023-04-01 22:00:00.000,25.694718000000005,summer weekend,27.0
2183,2023-04-01 23:00:00.000,26.063320500000003,summer weekend,27.0
2184,2023-04-02 00:00:00.000,24.922527,summer weekend,27.0
2185,2023-04-02 01:00:00.000,24.678874500000003,summer weekend,27.0
2186,2023-04-02 02:00:00.000,24.922527,summer weekend,27.0
2187,2023-04-02 03:00:00.000,24.678874500000003,summer weekend,27.0
2188,2023-04-02 04:00:00.000,24.922527,summer weekend,27.0
2189,2023-04-02 05:00:00.000,24.705114,summer weekend,27.0
2190,2023-04-02 06:00:00.000,26.12454600000001,summer weekend,27.0
2191,2023-04-02 07:00:00.000,26.808022500000003,summer weekend,27.0
2192,2023-04-02 08:00:00.000,25.6259955,summer weekend,27.0
2193,2023-04-02 09:00:00.000,23.82296700000001,summer weekend,27.0
2194,2023-04-02 10:00:00.000,23.645538000000005,summer weekend,27.0
2195,2023-04-02 11:00:00.000,22.69591800000001,summer weekend,19.7
2196,2023-04-02 12:00:00.000,20.6254965,summer weekend,19.7
2197,2023-04-02 13:00:00.000,19.1435895,summer weekend,19.7
2198,2023-04-02 14:00:00.000,19.2160605,summer weekend,19.7
2199,2023-04-02 15:00:00.000,21.3477075,summer weekend,19.7
2200,2023-04-02 16:00:00.000,22.583463000000005,summer weekend,19.7
2201,2023-04-02 17:00:00.000,29.914279500000003,summer weekend,31.66
2202,2023-04-02 18:00:00.000,33.61155,summer weekend,31.66
2203,2023-04-02 19:00:00.000,33.798975000000006,summer weekend,31.66
2204,2023-04-02 20:00:00.000,32.437020000000004,summer weekend,31.66
2205,2023-04-02 21:00:00.000,31.447416000000004,summer weekend,31.66
2206,2023-04-02 22:00:00.000,31.00259400000001,summer weekend,31.66
2207,2023-04-02 23:00:00.000,30.928873500000005,summer weekend,31.66
2208,2023-04-03 00:00:00.000,30.822666000000005,summer weekday,30.1
2209,2023-04-03 01:00:00.000,30.867648000000003,summer weekday,30.1
2210,2023-04-03 02:00:00.000,30.350355000000004,summer weekday,30.1
2211,2023-04-03 03:00:00.000,29.916778500000007,summer weekday,30.1
2212,2023-04-03 04:00:00.000,31.1212965,summer weekday,30.1
2213,2023-04-03 05:00:00.000,34.76358900000001,summer weekday,34.9
2214,2023-04-03 06:00:00.000,38.302173,summer weekday,34.9
2215,2023-04-03 07:00:00.000,37.8336105,summer weekday,34.9
2216,2023-04-03 08:00:00.000,33.409131,summer weekday,34.9
2217,2023-04-03 09:00:00.000,30.337860000000003,summer weekday,30.1
2218,2023-04-03 10:00:00.000,28.45861200000001,summer weekday,30.1
2219,2023-04-03 11:00:00.000,27.486501000000008,summer weekday,25.44
2220,2023-04-03 12:00:00.000,26.72680500000001,summer weekday,25.44
2221,2023-04-03 13:00:00.000,26.321967000000008,summer weekday,25.44
2222,2023-04-03 14:00:00.000,27.227854500000003,summer weekday,25.44
2223,2023-04-03 15:00:00.000,27.613950000000003,summer weekday,25.44
2224,2023-04-03 16:00:00.000,29.90678250000001,summer weekday,30.1
2225,2023-04-03 17:00:00.000,34.082611500000006,summer weekday,34.9
2226,2023-04-03 18:00:00.000,37.123894500000006,summer weekday,34.9
2227,2023-04-03 19:00:00.000,36.8914875,summer weekday,34.9
2228,2023-04-03 20:00:00.000,35.22840300000001,summer weekday,34.9
2229,2023-04-03 21:00:00.000,33.863949000000005,summer weekday,34.9
2230,2023-04-03 22:00:00.000,31.502394,summer weekday,30.1
2231,2023-04-03 23:00:00.000,31.2187575,summer weekday,30.1
2232,2023-04-04 00:00:00.000,31.11255000000001,summer weekday,30.1
2233,2023-04-04 01:00:00.000,31.57236600000001,summer weekday,30.1
2234,2023-04-04 02:00:00.000,31.789779000000006,summer weekday,30.1
2235,2023-04-04 03:00:00.000,31.942218,summer weekday,30.1
2236,2023-04-04 04:00:00.000,32.600704500000006,summer weekday,34.9
2237,2023-04-04 05:00:00.000,35.5295325,summer weekday,34.9
2238,2023-04-04 06:00:00.000,39.906531,summer weekday,34.9
2239,2023-04-04 07:00:00.000,39.6753735,summer weekday,34.9
2240,2023-04-04 08:00:00.000,35.8144185,summer weekday,34.9
2241,2023-04-04 09:00:00.000,32.165878500000005,summer weekday,30.1
2242,2023-04-04 10:00:00.000,31.364949000000006,summer weekday,30.1
2243,2023-04-04 11:00:00.000,30.97010700000001,summer weekday,30.1
2244,2023-04-04 12:00:00.000,30.877644000000004,summer weekday,30.1
2245,2023-04-04 13:00:00.000,30.7764345,summer weekday,30.1
2246,2023-04-04 14:00:00.000,30.9513645,summer weekday,30.1
2247,2023-04-04 15:00:00.000,31.453663500000005,summer weekday,30.1
2248,2023-04-04 16:00:00.000,32.61195000000001,summer weekday,34.9
2249,2023-04-04 17:00:00.000,35.748195,summer weekday,34.9
2250,2023-04-04 18:00:00.000,39.85905,summer weekday,34.9
2251,2023-04-04 19:00:00.000,39.524184,summer weekday,34.9
2252,2023-04-04 20:00:00.000,36.805272,summer weekday,34.9
2253,2023-04-04 21:00:00.000,35.0097405,summer weekday,34.9
2254,2023-04-04 22:00:00.000,33.60280350000001,summer weekday,34.9
2255,2023-04-04 23:00:00.000,33.300424500000005,summer weekday,34.9
2256,2023-04-05 00:00:00.000,32.14463700000001,summer weekday,30.1
2257,2023-04-05 01:00:00.000,32.313319500000006,summer weekday,30.1
2258,2023-04-05 02:00:00.000,32.1433875,summer weekday,30.1
2259,2023-04-05 03:00:00.000,32.9855505,summer weekday,34.9
2260,2023-04-05 04:00:00.000,34.16882700000001,summer weekday,34.9
2261,2023-04-05 05:00:00.000,38.087259,summer weekday,34.9
2262,2023-04-05 06:00:00.000,43.34765399999999,summer weekday,34.9
2263,2023-04-05 07:00:00.000,39.826563,summer weekday,34.9
2264,2023-04-05 08:00:00.000,35.130942000000005,summer weekday,34.9
2265,2023-04-05 09:00:00.000,32.31207,summer weekday,30.1
2266,2023-04-05 10:00:00.000,31.737300000000005,summer weekday,30.1
2267,2023-04-05 11:00:00.000,31.561120500000005,summer weekday,30.1
2268,2023-04-05 12:00:00.000,31.592358000000004,summer weekday,30.1
2269,2023-04-05 13:00:00.000,31.588609500000008,summer weekday,30.1
2270,2023-04-05 14:00:00.000,31.561120500000005,summer weekday,30.1
2271,2023-04-05 15:00:00.000,31.899735000000003,summer weekday,30.1
2272,2023-04-05 16:00:00.000,34.31251950000001,summer weekday,34.9
2273,2023-04-05 17:00:00.000,36.92522400000001,summer weekday,34.9
2274,2023-04-05 18:00:00.000,42.30307199999999,summer weekday,34.9
2275,2023-04-05 19:00:00.000,41.318466,summer weekday,34.9
2276,2023-04-05 20:00:00.000,37.982301,summer weekday,34.9
2277,2023-04-05 21:00:00.000,36.2842305,summer weekday,34.9
2278,2023-04-05 22:00:00.000,34.75234350000001,summer weekday,34.9
2279,2023-04-05 23:00:00.000,34.303773,summer weekday,34.9
2280,2023-04-06 00:00:00.000,32.876844000000006,summer weekday,34.9
2281,2023-04-06 01:00:00.000,32.36205,summer weekday,30.1
2282,2023-04-06 02:00:00.000,31.778533500000005,summer weekday,30.1
2283,2023-04-06 03:00:00.000,31.718557500000003,summer weekday,30.1
2284,2023-04-06 04:00:00.000,32.9755545,summer weekday,34.9
2285,2023-04-06 05:00:00.000,35.1746745,summer weekday,34.9
2286,2023-04-06 06:00:00.000,37.5637185,summer weekday,34.9
2287,2023-04-06 07:00:00.000,36.85525200000001,summer weekday,34.9
2288,2023-04-06 08:00:00.000,33.5428275,summer weekday,34.9
2289,2023-04-06 09:00:00.000,31.6910685,summer weekday,30.1
2290,2023-04-06 10:00:00.000,30.500295000000005,summer weekday,30.1
2291,2023-04-06 11:00:00.000,30.365349,summer weekday,30.1
2292,2023-04-06 12:00:00.000,30.250395000000005,summer weekday,30.1
2293,2023-04-06 13:00:00.000,30.6139995,summer weekday,30.1
2294,2023-04-06 14:00:00.000,30.878893500000004,summer weekday,30.1
2295,2023-04-06 15:00:00.000,31.096306500000004,summer weekday,30.1
2296,2023-04-06 16:00:00.000,32.506992000000004,summer weekday,34.9
2297,2023-04-06 17:00:00.000,34.861050000000006,summer weekday,34.9
2298,2023-04-06 18:00:00.000,36.11055,summer weekday,34.9
2299,2023-04-06 19:00:00.000,35.37084600000001,summer weekday,34.9
2300,2023-04-06 20:00:00.000,33.5403285,summer weekday,34.9
2301,2023-04-06 21:00:00.000,31.784781,summer weekday,30.1
2302,2023-04-06 22:00:00.000,30.815169,summer weekday,30.1
2303,2023-04-06 23:00:00.000,29.9017845,summer weekday,30.1
2304,2023-04-07 00:00:00.000,29.704363500000007,summer weekend,31.66
2305,2023-04-07 01:00:00.000,29.87179650000001,summer weekend,31.66
2306,2023-04-07 02:00:00.000,30.0867105,summer weekend,31.66
2307,2023-04-07 03:00:00.000,30.256642500000005,summer weekend,31.66
2308,2023-04-07 04:00:00.000,30.731452500000003,summer weekend,31.66
2309,2023-04-07 05:00:00.000,30.230403000000003,summer weekend,31.66
2310,2023-04-07 06:00:00.000,30.695217000000003,summer weekend,31.66
2311,2023-04-07 07:00:00.000,31.205013000000008,summer weekend,31.66
2312,2023-04-07 08:00:00.000,30.356602500000005,summer weekend,31.66
2313,2023-04-07 09:00:00.000,30.08296200000001,summer weekend,31.66
2314,2023-04-07 10:00:00.000,29.975505000000005,summer weekend,31.66
2315,2023-04-07 11:00:00.000,28.858452,summer weekend,27.0
2316,2023-04-07 12:00:00.000,28.2099615,summer weekend,27.0
2317,2023-04-07 13:00:00.000,27.98880000000001,summer weekend,27.0
2318,2023-04-07 14:00:00.000,28.878444000000005,summer weekend,27.0
2319,2023-04-07 15:00:00.000,29.964259500000004,summer weekend,31.66
2320,2023-04-07 16:00:00.000,30.830163,summer weekend,31.66
2321,2023-04-07 17:00:00.000,33.33416100000001,summer weekend,31.66
2322,2023-04-07 18:00:00.000,34.6798725,summer weekend,31.66
2323,2023-04-07 19:00:00.000,34.2450465,summer weekend,31.66
2324,2023-04-07 20:00:00.000,34.23630000000001,summer weekend,31.66
2325,2023-04-07 21:00:00.000,34.436220000000006,summer weekend,31.66
2326,2023-04-07 22:00:00.000,33.833961,summer weekend,31.66
2327,2023-04-07 23:00:00.000,32.8431075,summer weekend,31.66
2328,2023-04-08 00:00:00.000,31.579863000000003,summer weekend,31.66
2329,2023-04-08 01:00:00.000,31.64483700000001,summer weekend,31.66
2330,2023-04-08 02:00:00.000,31.206262500000005,summer weekend,31.66
2331,2023-04-08 03:00:00.000,31.210011000000005,summer weekend,31.66
2332,2023-04-08 04:00:00.000,31.382442000000005,summer weekend,31.66
2333,2023-04-08 05:00:00.000,31.704813000000005,summer weekend,31.66
2334,2023-04-08 06:00:00.000,33.5303325,summer weekend,31.66
2335,2023-04-08 07:00:00.000,34.01139,summer weekend,31.66
2336,2023-04-08 08:00:00.000,33.5303325,summer weekend,31.66
2337,2023-04-08 09:00:00.000,31.704813000000005,summer weekend,31.66
2338,2023-04-08 10:00:00.000,30.731452500000003,summer weekend,31.66
2339,2023-04-08 11:00:00.000,30.092958000000007,summer weekend,31.66
2340,2023-04-08 12:00:00.000,29.738100000000006,summer weekend,31.66
2341,2023-04-08 13:00:00.000,29.283282000000003,summer weekend,27.0
2342,2023-04-08 14:00:00.000,29.16333000000001,summer weekend,27.0
2343,2023-04-08 15:00:00.000,29.62814400000001,summer weekend,31.66
2344,2023-04-08 16:00:00.000,30.7377,summer weekend,31.66
2345,2023-04-08 17:00:00.000,32.599455000000006,summer weekend,31.66
2346,2023-04-08 18:00:00.000,34.23754950000001,summer weekend,31.66
2347,2023-04-08 19:00:00.000,34.8323115,summer weekend,31.66
2348,2023-04-08 20:00:00.000,34.5249345,summer weekend,31.66
2349,2023-04-08 21:00:00.000,34.223805000000006,summer weekend,31.66
2350,2023-04-08 22:00:00.000,33.234201000000006,summer weekend,31.66
2351,2023-04-08 23:00:00.000,33.360400500000004,summer weekend,31.66
2352,2023-04-09 00:00:00.000,32.094657000000005,summer weekend,31.66
2353,2023-04-09 01:00:00.000,32.3408085,summer weekend,31.66
2354,2023-04-09 02:00:00.000,32.1109005,summer weekend,31.66
2355,2023-04-09 03:00:00.000,32.142138,summer weekend,31.66
2356,2023-04-09 04:00:00.000,32.094657000000005,summer weekend,31.66
2357,2023-04-09 05:00:00.000,32.36205,summer weekend,31.66
2358,2023-04-09 06:00:00.000,32.224605000000004,summer weekend,31.66
2359,2023-04-09 07:00:00.000,32.734401000000005,summer weekend,31.66
2360,2023-04-09 08:00:00.000,31.388689500000005,summer weekend,31.66
2361,2023-04-09 09:00:00.000,29.86305,summer weekend,31.66
2362,2023-04-09 10:00:00.000,28.238700000000005,summer weekend,27.0
2363,2023-04-09 11:00:00.000,27.60895200000001,summer weekend,27.0
2364,2023-04-09 12:00:00.000,24.8662995,summer weekend,27.0
2365,2023-04-09 13:00:00.000,24.240300000000005,summer weekend,27.0
2366,2023-04-09 14:00:00.000,24.365250000000003,summer weekend,27.0
2367,2023-04-09 15:00:00.000,26.614350000000005,summer weekend,27.0
2368,2023-04-09 16:00:00.000,28.157482500000004,summer weekend,27.0
2369,2023-04-09 17:00:00.000,31.762290000000007,summer weekend,31.66
2370,2023-04-09 18:00:00.000,33.6078015,summer weekend,31.66
2371,2023-04-09 19:00:00.000,34.043877,summer weekend,31.66
2372,2023-04-09 20:00:00.000,33.1604805,summer weekend,31.66
2373,2023-04-09 21:00:00.000,31.737300000000005,summer weekend,31.66
2374,2023-04-09 22:00:00.000,30.730203000000007,summer weekend,31.66
2375,2023-04-09 23:00:00.000,29.6393895,summer weekend,31.66
2376,2023-04-10 00:00:00.000,27.595207500000004,summer weekend,27.0
2377,2023-04-10 01:00:00.000,27.131643000000004,summer weekend,27.0
2378,2023-04-10 02:00:00.000,26.351955000000004,summer weekend,27.0
2379,2023-04-10 03:00:00.000,26.114550000000005,summer weekend,27.0
2380,2023-04-10 04:00:00.000,26.484402000000003,summer weekend,27.0
2381,2023-04-10 05:00:00.000,27.36405,summer weekend,27.0
2382,2023-04-10 06:00:00.000,27.065419500000004,summer weekend,27.0
2383,2023-04-10 07:00:00.000,26.04332850000001,summer weekend,27.0
2384,2023-04-10 08:00:00.000,24.225306000000007,summer weekend,27.0
2385,2023-04-10 09:00:00.000,20.1256965,summer weekend,19.7
2386,2023-04-10 10:00:00.000,17.39304,summer weekend,19.7
2387,2023-04-10 11:00:00.000,17.2538695,summer weekend,19.7
2388,2023-04-10 12:00:00.000,16.370949,summer weekend,19.7
2389,2023-04-10 13:00:00.000,16.4896515,summer weekend,19.7
2390,2023-04-10 14:00:00.000,16.907936499999998,summer weekend,19.7
2391,2023-04-10 15:00:00.000,17.360136499999996,summer weekend,19.7
2392,2023-04-10 16:00:00.000,19.8033255,summer weekend,19.7
2393,2023-04-10 17:00:00.000,22.938321,summer weekend,19.7
2394,2023-04-10 18:00:00.000,25.55727300000001,summer weekend,27.0
2395,2023-04-10 19:00:00.000,22.471008000000005,summer weekend,19.7
2396,2023-04-10 20:00:00.000,20.0932095,summer weekend,19.7
2397,2023-04-10 21:00:00.000,18.807474,summer weekend,19.7
2398,2023-04-10 22:00:00.000,17.380544999999998,summer weekend,19.7
2399,2023-04-10 23:00:00.000,17.5492275,summer weekend,19.7
2400,2023-04-11 00:00:00.000,17.4917505,summer weekday,25.44
2401,2023-04-11 01:00:00.000,17.458014,summer weekday,25.44
2402,2023-04-11 02:00:00.000,17.5042455,summer weekday,25.44
2403,2023-04-11 03:00:00.000,18.130245,summer weekday,25.44
2404,2023-04-11 04:00:00.000,21.618849,summer weekday,25.44
2405,2023-04-11 05:00:00.000,29.088360000000005,summer weekday,30.1
2406,2023-04-11 06:00:00.000,30.5665185,summer weekday,30.1
2407,2023-04-11 07:00:00.000,30.895137,summer weekday,30.1
2408,2023-04-11 08:00:00.000,29.088360000000005,summer weekday,30.1
2409,2023-04-11 09:00:00.000,24.14658750000001,summer weekday,25.44
2410,2023-04-11 10:00:00.000,18.4963485,summer weekday,25.44
2411,2023-04-11 11:00:00.000,17.3767965,summer weekday,25.44
2412,2023-04-11 12:00:00.000,17.356745,summer weekday,25.44
2413,2023-04-11 13:00:00.000,17.3578755,summer weekday,25.44
2414,2023-04-11 14:00:00.000,17.366919499999998,summer weekday,25.44
2415,2023-04-11 15:00:00.000,18.1939695,summer weekday,25.44
2416,2023-04-11 16:00:00.000,27.63894,summer weekday,25.44
2417,2023-04-11 17:00:00.000,33.711510000000004,summer weekday,34.9
2418,2023-04-11 18:00:00.000,37.667427,summer weekday,34.9
2419,2023-04-11 19:00:00.000,38.032281000000005,summer weekday,34.9
2420,2023-04-11 20:00:00.000,35.0347305,summer weekday,34.9
2421,2023-04-11 21:00:00.000,33.711510000000004,summer weekday,34.9
2422,2023-04-11 22:00:00.000,31.237500000000004,summer weekday,30.1
2423,2023-04-11 23:00:00.000,29.563170000000003,summer weekday,30.1
2424,2023-04-12 00:00:00.000,28.14248850000001,summer weekday,30.1
2425,2023-04-12 01:00:00.000,27.4427685,summer weekday,25.44
2426,2023-04-12 02:00:00.000,27.2028645,summer weekday,25.44
2427,2023-04-12 03:00:00.000,27.38904,summer weekday,25.44
2428,2023-04-12 04:00:00.000,28.08876,summer weekday,30.1
2429,2023-04-12 05:00:00.000,30.890139000000005,summer weekday,30.1
2430,2023-04-12 06:00:00.000,32.9705565,summer weekday,34.9
2431,2023-04-12 07:00:00.000,34.4124795,summer weekday,34.9
2432,2023-04-12 08:00:00.000,33.860200500000005,summer weekday,34.9
2433,2023-04-12 09:00:00.000,32.36205,summer weekday,30.1
2434,2023-04-12 10:00:00.000,31.307472000000004,summer weekday,30.1
2435,2023-04-12 11:00:00.000,29.953014000000003,summer weekday,30.1
2436,2023-04-12 12:00:00.000,29.533182000000004,summer weekday,30.1
2437,2023-04-12 13:00:00.000,29.565669000000007,summer weekday,30.1
2438,2023-04-12 14:00:00.000,29.496946500000004,summer weekday,30.1
2439,2023-04-12 15:00:00.000,29.90553300000001,summer weekday,30.1
2440,2023-04-12 16:00:00.000,31.102554000000005,summer weekday,30.1
2441,2023-04-12 17:00:00.000,34.193817,summer weekday,34.9
2442,2023-04-12 18:00:00.000,35.485800000000005,summer weekday,34.9
2443,2023-04-12 19:00:00.000,33.574065000000004,summer weekday,34.9
2444,2023-04-12 20:00:00.000,32.706912,summer weekday,34.9
2445,2023-04-12 21:00:00.000,31.025085000000004,summer weekday,30.1
2446,2023-04-12 22:00:00.000,29.606902500000004,summer weekday,30.1
2447,2023-04-12 23:00:00.000,29.5169385,summer weekday,30.1
2448,2023-04-13 00:00:00.000,28.0000455,summer weekday,30.1
2449,2023-04-13 01:00:00.000,27.2803335,summer weekday,25.44
2450,2023-04-13 02:00:00.000,26.471907,summer weekday,25.44
2451,2023-04-13 03:00:00.000,26.273236500000003,summer weekday,25.44
2452,2023-04-13 04:00:00.000,27.676425,summer weekday,25.44
2453,2023-04-13 05:00:00.000,30.12044700000001,summer weekday,30.1
2454,2023-04-13 06:00:00.000,31.742298000000005,summer weekday,30.1
2455,2023-04-13 07:00:00.000,32.232102000000005,summer weekday,30.1
2456,2023-04-13 08:00:00.000,30.214159500000004,summer weekday,30.1
2457,2023-04-13 09:00:00.000,28.111251000000003,summer weekday,30.1
2458,2023-04-13 10:00:00.000,28.516089000000008,summer weekday,30.1
2459,2023-04-13 11:00:00.000,28.628544000000005,summer weekday,30.1
2460,2023-04-13 12:00:00.000,29.0846115,summer weekday,30.1
2461,2023-04-13 13:00:00.000,28.923426000000006,summer weekday,30.1
2462,2023-04-13 14:00:00.000,30.490299000000004,summer weekday,30.1
2463,2023-04-13 15:00:00.000,29.017138500000005,summer weekday,30.1
2464,2023-04-13 16:00:00.000,31.130043000000004,summer weekday,30.1
2465,2023-04-13 17:00:00.000,33.594057,summer weekday,34.9
2466,2023-04-13 18:00:00.000,38.789478,summer weekday,34.9
2467,2023-04-13 19:00:00.000,39.9752535,summer weekday,34.9
2468,2023-04-13 20:00:00.000,37.4337705,summer weekday,34.9
2469,2023-04-13 21:00:00.000,34.771086000000004,summer weekday,34.9
2470,2023-04-13 22:00:00.000,33.951414,summer weekday,34.9
2471,2023-04-13 23:00:00.000,32.1233955,summer weekday,30.1
2472,2023-04-14 00:00:00.000,31.46241,summer weekday,30.1
2473,2023-04-14 01:00:00.000,31.929723000000003,summer weekday,30.1
2474,2023-04-14 02:00:00.000,31.46241,summer weekday,30.1
2475,2023-04-14 03:00:00.000,31.504893000000003,summer weekday,30.1
2476,2023-04-14 04:00:00.000,33.286680000000004,summer weekday,34.9
2477,2023-04-14 05:00:00.000,35.45331300000001,summer weekday,34.9
2478,2023-04-14 06:00:00.000,38.829462,summer weekday,34.9
2479,2023-04-14 07:00:00.000,39.3729945,summer weekday,34.9
2480,2023-04-14 08:00:00.000,36.220506,summer weekday,34.9
2481,2023-04-14 09:00:00.000,33.594057,summer weekday,34.9
2482,2023-04-14 10:00:00.000,32.194617,summer weekday,30.1
2483,2023-04-14 11:00:00.000,30.805173000000007,summer weekday,30.1
2484,2023-04-14 12:00:00.000,30.587760000000003,summer weekday,30.1
2485,2023-04-14 13:00:00.000,30.640239000000005,summer weekday,30.1
2486,2023-04-14 14:00:00.000,31.025085000000004,summer weekday,30.1
2487,2023-04-14 15:00:00.000,30.517788000000007,summer weekday,30.1
2488,2023-04-14 16:00:00.000,31.929723000000003,summer weekday,30.1
2489,2023-04-14 17:00:00.000,34.631142000000004,summer weekday,34.9
2490,2023-04-14 18:00:00.000,36.3217155,summer weekday,34.9
2491,2023-04-14 19:00:00.000,36.3866895,summer weekday,34.9
2492,2023-04-14 20:00:00.000,36.23550000000001,summer weekday,34.9
2493,2023-04-14 21:00:00.000,34.152583500000006,summer weekday,34.9
2494,2023-04-14 22:00:00.000,32.39828550000001,summer weekday,30.1
2495,2023-04-14 23:00:00.000,32.849355,summer weekday,34.9
2496,2023-04-15 00:00:00.000,31.362450000000003,summer weekend,31.66
2497,2023-04-15 01:00:00.000,31.659831000000004,summer weekend,31.66
2498,2023-04-15 02:00:00.000,30.86265000000001,summer weekend,31.66
2499,2023-04-15 03:00:00.000,30.505293000000005,summer weekend,31.66
2500,2023-04-15 04:00:00.000,30.306622500000007,summer weekend,31.66
2501,2023-04-15 05:00:00.000,30.557772000000007,summer weekend,31.66
2502,2023-04-15 06:00:00.000,30.4690575,summer weekend,31.66
2503,2023-04-15 07:00:00.000,30.638989500000005,summer weekend,31.66
2504,2023-04-15 08:00:00.000,30.091708500000003,summer weekend,31.66
2505,2023-04-15 09:00:00.000,29.608152000000004,summer weekend,31.66
2506,2023-04-15 10:00:00.000,29.107102500000003,summer weekend,27.0
2507,2023-04-15 11:00:00.000,28.432372500000003,summer weekend,27.0
2508,2023-04-15 12:00:00.000,27.817618500000005,summer weekend,27.0
2509,2023-04-15 13:00:00.000,27.635191500000005,summer weekend,27.0
2510,2023-04-15 14:00:00.000,27.976305000000007,summer weekend,27.0
2511,2023-04-15 15:00:00.000,28.984651500000005,summer weekend,27.0
2512,2023-04-15 16:00:00.000,29.714359500000004,summer weekend,31.66
2513,2023-04-15 17:00:00.000,31.444917000000007,summer weekend,31.66
2514,2023-04-15 18:00:00.000,33.96016050000001,summer weekend,31.66
2515,2023-04-15 19:00:00.000,34.1750745,summer weekend,31.66
2516,2023-04-15 20:00:00.000,33.33666000000001,summer weekend,31.66
2517,2023-04-15 21:00:00.000,33.32541450000001,summer weekend,31.66
2518,2023-04-15 22:00:00.000,32.274585,summer weekend,31.66
2519,2023-04-15 23:00:00.000,31.3062225,summer weekend,31.66
2520,2023-04-16 00:00:00.000,30.2991255,summer weekend,31.66
2521,2023-04-16 01:00:00.000,30.197916000000006,summer weekend,31.66
2522,2023-04-16 02:00:00.000,29.999245500000004,summer weekend,31.66
2523,2023-04-16 03:00:00.000,30.1916685,summer weekend,31.66
2524,2023-04-16 04:00:00.000,30.300375000000003,summer weekend,31.66
2525,2023-04-16 05:00:00.000,30.300375000000003,summer weekend,31.66
2526,2023-04-16 06:00:00.000,30.284131500000004,summer weekend,31.66
2527,2023-04-16 07:00:00.000,31.166278500000008,summer weekend,31.66
2528,2023-04-16 08:00:00.000,31.697316000000004,summer weekend,31.66
2529,2023-04-16 09:00:00.000,31.24249800000001,summer weekend,31.66
2530,2023-04-16 10:00:00.000,30.841408500000004,summer weekend,31.66
2531,2023-04-16 11:00:00.000,30.3690975,summer weekend,31.66
2532,2023-04-16 12:00:00.000,29.633142000000003,summer weekend,31.66
2533,2023-04-16 13:00:00.000,29.20206450000001,summer weekend,27.0
2534,2023-04-16 14:00:00.000,29.145837000000004,summer weekend,27.0
2535,2023-04-16 15:00:00.000,29.368248000000005,summer weekend,31.66
2536,2023-04-16 16:00:00.000,29.984251500000003,summer weekend,31.66
2537,2023-04-16 17:00:00.000,31.763539500000004,summer weekend,31.66
2538,2023-04-16 18:00:00.000,33.97140600000001,summer weekend,31.66
2539,2023-04-16 19:00:00.000,34.861050000000006,summer weekend,31.66
2540,2023-04-16 20:00:00.000,34.23630000000001,summer weekend,31.66
2541,2023-04-16 21:00:00.000,33.6078015,summer weekend,31.66
2542,2023-04-16 22:00:00.000,33.03053250000001,summer weekend,31.66
2543,2023-04-16 23:00:00.000,31.706062500000005,summer weekend,31.66
2544,2023-04-17 00:00:00.000,31.25499300000001,summer weekday,30.1
2545,2023-04-17 01:00:00.000,30.982602000000004,summer weekday,30.1
2546,2023-04-17 02:00:00.000,31.167528000000004,summer weekday,30.1
2547,2023-04-17 03:00:00.000,31.11255000000001,summer weekday,30.1
2548,2023-04-17 04:00:00.000,31.7410485,summer weekday,30.1
2549,2023-04-17 05:00:00.000,34.963509,summer weekday,34.9
2550,2023-04-17 06:00:00.000,39.694116,summer weekday,34.9
2551,2023-04-17 07:00:00.000,42.42177449999999,summer weekday,34.9
2552,2023-04-17 08:00:00.000,37.752393,summer weekday,34.9
2553,2023-04-17 09:00:00.000,34.31251950000001,summer weekday,34.9
2554,2023-04-17 10:00:00.000,32.134641,summer weekday,30.1
2555,2023-04-17 11:00:00.000,30.531532500000004,summer weekday,30.1
2556,2023-04-17 12:00:00.000,30.144187500000005,summer weekday,30.1
2557,2023-04-17 13:00:00.000,29.508192000000005,summer weekday,30.1
2558,2023-04-17 14:00:00.000,29.480703,summer weekday,30.1
2559,2023-04-17 15:00:00.000,29.458212000000007,summer weekday,30.1
2560,2023-04-17 16:00:00.000,29.986750500000007,summer weekday,30.1
2561,2023-04-17 17:00:00.000,32.653183500000004,summer weekday,34.9
2562,2023-04-17 18:00:00.000,35.3121195,summer weekday,34.9
2563,2023-04-17 19:00:00.000,35.208411000000005,summer weekday,34.9
2564,2023-04-17 20:00:00.000,34.142587500000005,summer weekday,34.9
2565,2023-04-17 21:00:00.000,32.714409,summer weekday,34.9
2566,2023-04-17 22:00:00.000,31.00759200000001,summer weekday,30.1
2567,2023-04-17 23:00:00.000,30.526534500000004,summer weekday,30.1
2568,2023-04-18 00:00:00.000,30.12169650000001,summer weekday,30.1
2569,2023-04-18 01:00:00.000,30.000495,summer weekday,30.1
2570,2023-04-18 02:00:00.000,30.024235500000007,summer weekday,30.1
2571,2023-04-18 03:00:00.000,29.931772500000005,summer weekday,30.1
2572,2023-04-18 04:00:00.000,30.021736500000003,summer weekday,30.1
2573,2023-04-18 05:00:00.000,33.2367,summer weekday,34.9
2574,2023-04-18 06:00:00.000,34.89478650000001,summer weekday,34.9
2575,2023-04-18 07:00:00.000,36.720306,summer weekday,34.9
2576,2023-04-18 08:00:00.000,34.1101005,summer weekday,34.9
2577,2023-04-18 09:00:00.000,30.638989500000005,summer weekday,30.1
2578,2023-04-18 10:00:00.000,30.310371000000004,summer weekday,30.1
2579,2023-04-18 11:00:00.000,29.230803000000005,summer weekday,30.1
2580,2023-04-18 12:00:00.000,27.983802,summer weekday,30.1
2581,2023-04-18 13:00:00.000,27.951315000000005,summer weekday,30.1
2582,2023-04-18 14:00:00.000,27.067918500000005,summer weekday,25.44
2583,2023-04-18 15:00:00.000,27.287830500000005,summer weekday,25.44
2584,2023-04-18 16:00:00.000,29.1620805,summer weekday,30.1
2585,2023-04-18 17:00:00.000,30.888889500000005,summer weekday,30.1
2586,2023-04-18 18:00:00.000,33.66902700000001,summer weekday,34.9
2587,2023-04-18 19:00:00.000,34.23754950000001,summer weekday,34.9
2588,2023-04-18 20:00:00.000,32.546976,summer weekday,34.9
2589,2023-04-18 21:00:00.000,30.957612000000005,summer weekday,30.1
2590,2023-04-18 22:00:00.000,29.858052000000004,summer weekday,30.1
2591,2023-04-18 23:00:00.000,30.150435000000005,summer weekday,30.1
2592,2023-04-19 00:00:00.000,29.555673,summer weekday,30.1
2593,2023-04-19 01:00:00.000,29.853054000000007,summer weekday,30.1
2594,2023-04-19 02:00:00.000,29.7318525,summer weekday,30.1
2595,2023-04-19 03:00:00.000,30.029233500000004,summer weekday,30.1
2596,2023-04-19 04:00:00.000,30.596506500000007,summer weekday,30.1
2597,2023-04-19 05:00:00.000,33.61155,summer weekday,34.9
2598,2023-04-19 06:00:00.000,34.731102,summer weekday,34.9
2599,2023-04-19 07:00:00.000,34.771086000000004,summer weekday,34.9
2600,2023-04-19 08:00:00.000,32.2158585,summer weekday,30.1
2601,2023-04-19 09:00:00.000,28.662280500000005,summer weekday,30.1
2602,2023-04-19 10:00:00.000,25.44981600000001,summer weekday,25.44
2603,2023-04-19 11:00:00.000,21.06657,summer weekday,25.44
2604,2023-04-19 12:00:00.000,18.0290355,summer weekday,25.44
2605,2023-04-19 13:00:00.000,17.379295499999998,summer weekday,25.44
2606,2023-04-19 14:00:00.000,17.7066645,summer weekday,25.44
2607,2023-04-19 15:00:00.000,20.209413,summer weekday,25.44
2608,2023-04-19 16:00:00.000,26.403184500000005,summer weekday,25.44
2609,2023-04-19 17:00:00.000,29.212060500000003,summer weekday,30.1
2610,2023-04-19 18:00:00.000,32.3233155,summer weekday,30.1
2611,2023-04-19 19:00:00.000,33.7027635,summer weekday,34.9
2612,2023-04-19 20:00:00.000,32.714409,summer weekday,34.9
2613,2023-04-19 21:00:00.000,31.100055000000005,summer weekday,30.1
2614,2023-04-19 22:00:00.000,30.070467000000004,summer weekday,30.1
2615,2023-04-19 23:00:00.000,29.886790500000004,summer weekday,30.1
2616,2023-04-20 00:00:00.000,29.157082500000005,summer weekday,30.1
2617,2023-04-20 01:00:00.000,29.458212000000007,summer weekday,30.1
2618,2023-04-20 02:00:00.000,29.23580100000001,summer weekday,30.1
2619,2023-04-20 03:00:00.000,29.51069100000001,summer weekday,30.1
2620,2023-04-20 04:00:00.000,30.210411000000008,summer weekday,30.1
2621,2023-04-20 05:00:00.000,33.357901500000004,summer weekday,34.9
2622,2023-04-20 06:00:00.000,35.420826000000005,summer weekday,34.9
2623,2023-04-20 07:00:00.000,35.448315,summer weekday,34.9
2624,2023-04-20 08:00:00.000,33.6202965,summer weekday,34.9
2625,2023-04-20 09:00:00.000,30.85890150000001,summer weekday,30.1
2626,2023-04-20 10:00:00.000,29.480703,summer weekday,30.1
2627,2023-04-20 11:00:00.000,29.142088500000007,summer weekday,30.1
2628,2023-04-20 12:00:00.000,28.5648195,summer weekday,30.1
2629,2023-04-20 13:00:00.000,28.4523645,summer weekday,30.1
2630,2023-04-20 14:00:00.000,28.198716000000008,summer weekday,30.1
2631,2023-04-20 15:00:00.000,28.8746955,summer weekday,30.1
2632,2023-04-20 16:00:00.000,30.33286200000001,summer weekday,30.1
2633,2023-04-20 17:00:00.000,33.4853505,summer weekday,34.9
2634,2023-04-20 18:00:00.000,35.123445000000004,summer weekday,34.9
2635,2023-04-20 19:00:00.000,35.66697750000001,summer weekday,34.9
2636,2023-04-20 20:00:00.000,34.1825715,summer weekday,34.9
2637,2023-04-20 21:00:00.000,33.509091000000005,summer weekday,34.9
2638,2023-04-20 22:00:00.000,30.638989500000005,summer weekday,30.1
2639,2023-04-20 23:00:00.000,29.665629000000006,summer weekday,30.1
2640,2023-04-21 00:00:00.000,28.848456,summer weekday,30.1
2641,2023-04-21 01:00:00.000,28.73974950000001,summer weekday,30.1
2642,2023-04-21 02:00:00.000,28.985901000000005,summer weekday,30.1
2643,2023-04-21 03:00:00.000,28.938420000000004,summer weekday,30.1
2644,2023-04-21 04:00:00.000,29.2670385,summer weekday,30.1
2645,2023-04-21 05:00:00.000,32.47700400000001,summer weekday,30.1
2646,2023-04-21 06:00:00.000,34.23630000000001,summer weekday,34.9
2647,2023-04-21 07:00:00.000,34.173825,summer weekday,34.9
2648,2023-04-21 08:00:00.000,30.6439875,summer weekday,30.1
2649,2023-04-21 09:00:00.000,28.613550000000004,summer weekday,30.1
2650,2023-04-21 10:00:00.000,27.0429285,summer weekday,25.44
2651,2023-04-21 11:00:00.000,20.9103825,summer weekday,25.44
2652,2023-04-21 12:00:00.000,17.379295499999998,summer weekday,25.44
2653,2023-04-21 13:00:00.000,17.374297499999997,summer weekday,25.44
2654,2023-04-21 14:00:00.000,18.0290355,summer weekday,25.44
2655,2023-04-21 15:00:00.000,24.686371500000003,summer weekday,25.44
2656,2023-04-21 16:00:00.000,28.622296500000004,summer weekday,30.1
2657,2023-04-21 17:00:00.000,32.736900000000006,summer weekday,34.9
2658,2023-04-21 18:00:00.000,34.9322715,summer weekday,34.9
2659,2023-04-21 19:00:00.000,35.345856000000005,summer weekday,34.9
2660,2023-04-21 20:00:00.000,33.139239,summer weekday,34.9
2661,2023-04-21 21:00:00.000,30.6164985,summer weekday,30.1
2662,2023-04-21 22:00:00.000,29.745597000000004,summer weekday,30.1
2663,2023-04-21 23:00:00.000,29.743098000000003,summer weekday,30.1
2664,2023-04-22 00:00:00.000,29.262040500000005,summer weekend,27.0
2665,2023-04-22 01:00:00.000,28.875945,summer weekend,27.0
2666,2023-04-22 02:00:00.000,28.982152500000005,summer weekend,27.0
2667,2023-04-22 03:00:00.000,28.7747355,summer weekend,27.0
2668,2023-04-22 04:00:00.000,29.362000500000004,summer weekend,31.66
2669,2023-04-22 05:00:00.000,29.840559,summer weekend,31.66
2670,2023-04-22 06:00:00.000,30.185421,summer weekend,31.66
2671,2023-04-22 07:00:00.000,29.750595000000004,summer weekend,31.66
2672,2023-04-22 08:00:00.000,28.113750000000003,summer weekend,27.0
2673,2023-04-22 09:00:00.000,26.915479500000004,summer weekend,27.0
2674,2023-04-22 10:00:00.000,22.998297000000004,summer weekend,19.7
2675,2023-04-22 11:00:00.000,20.64174,summer weekend,19.7
2676,2023-04-22 12:00:00.000,18.620049,summer weekend,19.7
2677,2023-04-22 13:00:00.000,18.070269,summer weekend,19.7
2678,2023-04-22 14:00:00.000,21.1103025,summer weekend,19.7
2679,2023-04-22 15:00:00.000,26.949216000000003,summer weekend,27.0
2680,2023-04-22 16:00:00.000,29.2383,summer weekend,27.0
2681,2023-04-22 17:00:00.000,31.483651500000008,summer weekend,31.66
2682,2023-04-22 18:00:00.000,33.841458,summer weekend,31.66
2683,2023-04-22 19:00:00.000,33.63903900000001,summer weekend,31.66
2684,2023-04-22 20:00:00.000,33.2367,summer weekend,31.66
2685,2023-04-22 21:00:00.000,30.487800000000004,summer weekend,31.66
2686,2023-04-22 22:00:00.000,30.010491000000005,summer weekend,31.66
2687,2023-04-22 23:00:00.000,30.500295000000005,summer weekend,31.66
2688,2023-04-23 00:00:00.000,29.526934500000007,summer weekend,31.66
2689,2023-04-23 01:00:00.000,29.23455150000001,summer weekend,27.0
2690,2023-04-23 02:00:00.000,28.537330500000003,summer weekend,27.0
2691,2023-04-23 03:00:00.000,28.192468500000004,summer weekend,27.0
2692,2023-04-23 04:00:00.000,28.45611300000001,summer weekend,27.0
2693,2023-04-23 05:00:00.000,28.59855600000001,summer weekend,27.0
2694,2023-04-23 06:00:00.000,29.085861000000005,summer weekend,27.0
2695,2023-04-23 07:00:00.000,29.0421285,summer weekend,27.0
2696,2023-04-23 08:00:00.000,28.664779500000005,summer weekend,27.0
2697,2023-04-23 09:00:00.000,27.2803335,summer weekend,27.0
2698,2023-04-23 10:00:00.000,23.385642000000004,summer weekend,27.0
2699,2023-04-23 11:00:00.000,21.803775,summer weekend,19.7
2700,2023-04-23 12:00:00.000,18.620049,summer weekend,19.7
2701,2023-04-23 13:00:00.000,17.977805999999998,summer weekend,19.7
2702,2023-04-23 14:00:00.000,21.7050645,summer weekend,19.7
2703,2023-04-23 15:00:00.000,25.38359250000001,summer weekend,27.0
2704,2023-04-23 16:00:00.000,29.894287500000008,summer weekend,31.66
2705,2023-04-23 17:00:00.000,33.079263000000005,summer weekend,31.66
2706,2023-04-23 18:00:00.000,34.628643000000004,summer weekend,31.66
2707,2023-04-23 19:00:00.000,34.502443500000005,summer weekend,31.66
2708,2023-04-23 20:00:00.000,32.989299,summer weekend,31.66
2709,2023-04-23 21:00:00.000,31.9809525,summer weekend,31.66
2710,2023-04-23 22:00:00.000,31.062570000000004,summer weekend,31.66
2711,2023-04-23 23:00:00.000,28.326165000000003,summer weekend,27.0
2712,2023-04-24 00:00:00.000,27.811371000000005,summer weekday,30.1
2713,2023-04-24 01:00:00.000,27.625195500000004,summer weekday,25.44
2714,2023-04-24 02:00:00.000,26.914230000000003,summer weekday,25.44
2715,2023-04-24 03:00:00.000,26.749296000000005,summer weekday,25.44
2716,2023-04-24 04:00:00.000,28.182472500000003,summer weekday,30.1
2717,2023-04-24 05:00:00.000,31.687320000000003,summer weekday,30.1
2718,2023-04-24 06:00:00.000,34.086360000000006,summer weekday,34.9
2719,2023-04-24 07:00:00.000,34.23630000000001,summer weekday,34.9
2720,2023-04-24 08:00:00.000,33.226704000000005,summer weekday,34.9
2721,2023-04-24 09:00:00.000,31.2137595,summer weekday,30.1
2722,2023-04-24 10:00:00.000,30.86389950000001,summer weekday,30.1
2723,2023-04-24 11:00:00.000,29.6218965,summer weekday,30.1
2724,2023-04-24 12:00:00.000,29.225805,summer weekday,30.1
2725,2023-04-24 13:00:00.000,28.238700000000005,summer weekday,30.1
2726,2023-04-24 14:00:00.000,27.977554500000004,summer weekday,30.1
2727,2023-04-24 15:00:00.000,28.1000055,summer weekday,30.1
2728,2023-04-24 16:00:00.000,29.564419500000007,summer weekday,30.1
2729,2023-04-24 17:00:00.000,32.0384295,summer weekday,30.1
2730,2023-04-24 18:00:00.000,34.1825715,summer weekday,34.9
2731,2023-04-24 19:00:00.000,34.357501500000005,summer weekday,34.9
2732,2023-04-24 20:00:00.000,33.8776935,summer weekday,34.9
2733,2023-04-24 21:00:00.000,32.3907885,summer weekday,30.1
2734,2023-04-24 22:00:00.000,30.019237500000003,summer weekday,30.1
2735,2023-04-24 23:00:00.000,29.41447950000001,summer weekday,30.1
2736,2023-04-25 00:00:00.000,29.2720365,summer weekday,30.1
2737,2023-04-25 01:00:00.000,29.067118500000003,summer weekday,30.1
2738,2023-04-25 02:00:00.000,28.865949000000004,summer weekday,30.1
2739,2023-04-25 03:00:00.000,28.840959000000005,summer weekday,30.1
2740,2023-04-25 04:00:00.000,29.539429500000004,summer weekday,30.1
2741,2023-04-25 05:00:00.000,32.56197,summer weekday,34.9
2742,2023-04-25 06:00:00.000,34.123845,summer weekday,34.9
2743,2023-04-25 07:00:00.000,34.227553500000006,summer weekday,34.9
2744,2023-04-25 08:00:00.000,31.082562000000003,summer weekday,30.1
2745,2023-04-25 09:00:00.000,29.393238000000007,summer weekday,30.1
2746,2023-04-25 10:00:00.000,27.9975465,summer weekday,30.1
2747,2023-04-25 11:00:00.000,27.18412200000001,summer weekday,25.44
2748,2023-04-25 12:00:00.000,26.503144500000005,summer weekday,25.44
2749,2023-04-25 13:00:00.000,25.424826000000003,summer weekday,25.44
2750,2023-04-25 14:00:00.000,25.45106550000001,summer weekday,25.44
2751,2023-04-25 15:00:00.000,26.636841000000008,summer weekday,25.44
2752,2023-04-25 16:00:00.000,27.830113500000007,summer weekday,30.1
2753,2023-04-25 17:00:00.000,30.01673850000001,summer weekday,30.1
2754,2023-04-25 18:00:00.000,33.876444000000006,summer weekday,34.9
2755,2023-04-25 19:00:00.000,35.380842,summer weekday,34.9
2756,2023-04-25 20:00:00.000,34.0526235,summer weekday,34.9
2757,2023-04-25 21:00:00.000,32.936820000000004,summer weekday,34.9
2758,2023-04-25 22:00:00.000,30.020487000000006,summer weekday,30.1
2759,2023-04-25 23:00:00.000,29.29827600000001,summer weekday,30.1
2760,2023-04-26 00:00:00.000,29.0196375,summer weekday,30.1
2761,2023-04-26 01:00:00.000,29.138340000000003,summer weekday,30.1
2762,2023-04-26 02:00:00.000,28.900935000000008,summer weekday,30.1
2763,2023-04-26 03:00:00.000,29.029633500000003,summer weekday,30.1
2764,2023-04-26 04:00:00.000,29.936770500000005,summer weekday,30.1
2765,2023-04-26 05:00:00.000,33.006792000000004,summer weekday,34.9
2766,2023-04-26 06:00:00.000,34.849804500000005,summer weekday,34.9
2767,2023-04-26 07:00:00.000,33.6078015,summer weekday,34.9
2768,2023-04-26 08:00:00.000,29.264539500000005,summer weekday,30.1
2769,2023-04-26 09:00:00.000,28.392388500000003,summer weekday,30.1
2770,2023-04-26 10:00:00.000,29.288280000000004,summer weekday,30.1
2771,2023-04-26 11:00:00.000,29.147086500000004,summer weekday,30.1
2772,2023-04-26 12:00:00.000,29.180823000000007,summer weekday,30.1
2773,2023-04-26 13:00:00.000,29.1595815,summer weekday,30.1
2774,2023-04-26 14:00:00.000,28.969657500000007,summer weekday,30.1
2775,2023-04-26 15:00:00.000,29.63814,summer weekday,30.1
2776,2023-04-26 16:00:00.000,31.3861905,summer weekday,30.1
2777,2023-04-26 17:00:00.000,33.346656,summer weekday,34.9
2778,2023-04-26 18:00:00.000,35.87439450000001,summer weekday,34.9
2779,2023-04-26 19:00:00.000,36.7315515,summer weekday,34.9
2780,2023-04-26 20:00:00.000,35.625744000000005,summer weekday,34.9
2781,2023-04-26 21:00:00.000,33.61155,summer weekday,34.9
2782,2023-04-26 22:00:00.000,32.458261500000006,summer weekday,30.1
2783,2023-04-26 23:00:00.000,30.752694000000005,summer weekday,30.1
2784,2023-04-27 00:00:00.000,29.935521000000005,summer weekday,30.1
2785,2023-04-27 01:00:00.000,29.613150000000005,summer weekday,30.1
2786,2023-04-27 02:00:00.000,29.420727000000007,summer weekday,30.1
2787,2023-04-27 03:00:00.000,29.540679000000004,summer weekday,30.1
2788,2023-04-27 04:00:00.000,30.761440500000003,summer weekday,30.1
2789,2023-04-27 05:00:00.000,33.12424500000001,summer weekday,34.9
2790,2023-04-27 06:00:00.000,35.209660500000005,summer weekday,34.9
2791,2023-04-27 07:00:00.000,34.31251950000001,summer weekday,34.9
2792,2023-04-27 08:00:00.000,30.928873500000005,summer weekday,30.1
2793,2023-04-27 09:00:00.000,29.193318000000005,summer weekday,30.1
2794,2023-04-27 10:00:00.000,29.137090500000003,summer weekday,30.1
2795,2023-04-27 11:00:00.000,28.960911000000003,summer weekday,30.1
2796,2023-04-27 12:00:00.000,28.734751500000005,summer weekday,30.1
2797,2023-04-27 13:00:00.000,28.932172500000004,summer weekday,30.1
2798,2023-04-27 14:00:00.000,29.193318000000005,summer weekday,30.1
2799,2023-04-27 15:00:00.000,29.398236000000004,summer weekday,30.1
2800,2023-04-27 16:00:00.000,30.15668250000001,summer weekday,30.1
2801,2023-04-27 17:00:00.000,33.10925100000001,summer weekday,34.9
2802,2023-04-27 18:00:00.000,36.59160750000001,summer weekday,34.9
2803,2023-04-27 19:00:00.000,37.8061215,summer weekday,34.9
2804,2023-04-27 20:00:00.000,35.048475,summer weekday,34.9
2805,2023-04-27 21:00:00.000,33.039279,summer weekday,34.9
2806,2023-04-27 22:00:00.000,30.055473000000006,summer weekday,30.1
2807,2023-04-27 23:00:00.000,30.116698500000005,summer weekday,30.1
2808,2023-04-28 00:00:00.000,28.984651500000005,summer weekday,30.1
2809,2023-04-28 01:00:00.000,28.6572825,summer weekday,30.1
2810,2023-04-28 02:00:00.000,28.948416,summer weekday,30.1
2811,2023-04-28 03:00:00.000,28.977154500000005,summer weekday,30.1
2812,2023-04-28 04:00:00.000,29.3445075,summer weekday,30.1
2813,2023-04-28 05:00:00.000,31.5836115,summer weekday,30.1
2814,2023-04-28 06:00:00.000,32.839359,summer weekday,34.9
2815,2023-04-28 07:00:00.000,33.212959500000004,summer weekday,34.9
2816,2023-04-28 08:00:00.000,32.448265500000005,summer weekday,30.1
2817,2023-04-28 09:00:00.000,31.509891000000007,summer weekday,30.1
2818,2023-04-28 10:00:00.000,30.633991500000008,summer weekday,30.1
2819,2023-04-28 11:00:00.000,30.11919750000001,summer weekday,30.1
2820,2023-04-28 12:00:00.000,28.999645500000003,summer weekday,30.1
2821,2023-04-28 13:00:00.000,28.63729050000001,summer weekday,30.1
2822,2023-04-28 14:00:00.000,28.488600000000005,summer weekday,30.1
2823,2023-04-28 15:00:00.000,28.689769500000008,summer weekday,30.1
2824,2023-04-28 16:00:00.000,29.893038000000004,summer weekday,30.1
2825,2023-04-28 17:00:00.000,31.824765000000003,summer weekday,30.1
2826,2023-04-28 18:00:00.000,32.36704800000001,summer weekday,30.1
2827,2023-04-28 19:00:00.000,33.03678,summer weekday,34.9
2828,2023-04-28 20:00:00.000,32.904333,summer weekday,34.9
2829,2023-04-28 21:00:00.000,31.950964500000005,summer weekday,30.1
2830,2023-04-28 22:00:00.000,30.547776,summer weekday,30.1
2831,2023-04-28 23:00:00.000,31.81102050000001,summer weekday,30.1
2832,2023-04-29 00:00:00.000,30.932622,summer weekend,31.66
2833,2023-04-29 01:00:00.000,30.625245000000007,summer weekend,31.66
2834,2023-04-29 02:00:00.000,30.487800000000004,summer weekend,31.66
2835,2023-04-29 03:00:00.000,30.017988000000003,summer weekend,31.66
2836,2023-04-29 04:00:00.000,30.2066625,summer weekend,31.66
2837,2023-04-29 05:00:00.000,30.267888000000006,summer weekend,31.66
2838,2023-04-29 06:00:00.000,31.03758,summer weekend,31.66
2839,2023-04-29 07:00:00.000,31.81726800000001,summer weekend,31.66
2840,2023-04-29 08:00:00.000,30.68896950000001,summer weekend,31.66
2841,2023-04-29 09:00:00.000,30.311620500000004,summer weekend,31.66
2842,2023-04-29 10:00:00.000,28.972156500000004,summer weekend,27.0
2843,2023-04-29 11:00:00.000,27.64268850000001,summer weekend,27.0
2844,2023-04-29 12:00:00.000,27.234102000000004,summer weekend,27.0
2845,2023-04-29 13:00:00.000,25.639740000000003,summer weekend,27.0
2846,2023-04-29 14:00:00.000,25.995847500000004,summer weekend,27.0
2847,2023-04-29 15:00:00.000,27.36405,summer weekend,27.0
2848,2023-04-29 16:00:00.000,27.98880000000001,summer weekend,27.0
2849,2023-04-29 17:00:00.000,29.875545,summer weekend,31.66
2850,2023-04-29 18:00:00.000,32.157132000000004,summer weekend,31.66
2851,2023-04-29 19:00:00.000,32.293327500000004,summer weekend,31.66
2852,2023-04-29 20:00:00.000,32.36205,summer weekend,31.66
2853,2023-04-29 21:00:00.000,31.8085215,summer weekend,31.66
2854,2023-04-29 22:00:00.000,31.11255000000001,summer weekend,31.66
2855,2023-04-29 23:00:00.000,29.77308600000001,summer weekend,31.66
2856,2023-04-30 00:00:00.000,28.749745500000003,summer weekend,27.0
2857,2023-04-30 01:00:00.000,28.411131000000005,summer weekend,27.0
2858,2023-04-30 02:00:00.000,28.065019500000005,summer weekend,27.0
2859,2023-04-30 03:00:00.000,28.053774000000004,summer weekend,27.0
2860,2023-04-30 04:00:00.000,28.397386500000003,summer weekend,27.0
2861,2023-04-30 05:00:00.000,28.093758000000005,summer weekend,27.0
2862,2023-04-30 06:00:00.000,27.613950000000003,summer weekend,27.0
2863,2023-04-30 07:00:00.000,26.7393,summer weekend,27.0
2864,2023-04-30 08:00:00.000,23.61555,summer weekend,27.0
2865,2023-04-30 09:00:00.000,20.829165,summer weekend,19.7
2866,2023-04-30 10:00:00.000,18.072768,summer weekend,19.7
2867,2023-04-30 11:00:00.000,17.0797725,summer weekend,19.7
2868,2023-04-30 12:00:00.000,16.7654935,summer weekend,19.7
2869,2023-04-30 13:00:00.000,17.019855999999997,summer weekend,19.7
2870,2023-04-30 14:00:00.000,17.5167405,summer weekend,19.7
2871,2023-04-30 15:00:00.000,19.11735,summer weekend,19.7
2872,2023-04-30 16:00:00.000,26.185771500000005,summer weekend,27.0
2873,2023-04-30 17:00:00.000,30.732702000000003,summer weekend,31.66
2874,2023-04-30 18:00:00.000,32.506992000000004,summer weekend,31.66
2875,2023-04-30 19:00:00.000,32.811870000000006,summer weekend,31.66
2876,2023-04-30 20:00:00.000,32.63694,summer weekend,31.66
2877,2023-04-30 21:00:00.000,32.002194,summer weekend,31.66
2878,2023-04-30 22:00:00.000,30.9513645,summer weekend,31.66
2879,2023-04-30 23:00:00.000,31.100055000000005,summer weekend,31.66
2880,2023-05-01 00:00:00.000,29.850555000000007,summer weekend,31.66
2881,2023-05-01 01:00:00.000,29.299525500000005,summer weekend,27.0
2882,2023-05-01 02:00:00.000,28.611051000000007,summer weekend,27.0
2883,2023-05-01 03:00:00.000,28.274935500000005,summer weekend,27.0
2884,2023-05-01 04:00:00.000,28.363650000000003,summer weekend,27.0
2885,2023-05-01 05:00:00.000,28.258692000000003,summer weekend,27.0
2886,2023-05-01 06:00:00.000,27.88884,summer weekend,27.0
2887,2023-05-01 07:00:00.000,27.756393000000003,summer weekend,27.0
2888,2023-05-01 08:00:00.000,27.868848000000007,summer weekend,27.0
2889,2023-05-01 09:00:00.000,26.6505855,summer weekend,27.0
2890,2023-05-01 10:00:00.000,25.863400500000004,summer weekend,27.0
2891,2023-05-01 11:00:00.000,24.194068500000004,summer weekend,27.0
2892,2023-05-01 12:00:00.000,21.7025655,summer weekend,19.7
2893,2023-05-01 13:00:00.000,21.1153005,summer weekend,19.7
2894,2023-05-01 14:00:00.000,22.5147405,summer weekend,19.7
2895,2023-05-01 15:00:00.000,26.895487500000005,summer weekend,27.0
2896,2023-05-01 16:00:00.000,29.310771000000003,summer weekend,27.0
2897,2023-05-01 17:00:00.000,31.908481500000004,summer weekend,31.66
2898,2023-05-01 18:00:00.000,32.941818000000005,summer weekend,31.66
2899,2023-05-01 19:00:00.000,33.086760000000005,summer weekend,31.66
2900,2023-05-01 20:00:00.000,32.576964000000004,summer weekend,31.66
2901,2023-05-01 21:00:00.000,32.099655000000006,summer weekend,31.66
2902,2023-05-01 22:00:00.000,31.24249800000001,summer weekend,31.66
2903,2023-05-01 23:00:00.000,29.673126000000003,summer weekend,31.66
2904,2023-05-02 00:00:00.000,28.06377,summer weekday,30.1
2905,2023-05-02 01:00:00.000,27.77638500000001,summer weekday,30.1
2906,2023-05-02 02:00:00.000,27.476505000000003,summer weekday,25.44
2907,2023-05-02 03:00:00.000,27.516489000000004,summer weekday,25.44
2908,2023-05-02 04:00:00.000,28.662280500000005,summer weekday,30.1
2909,2023-05-02 05:00:00.000,31.244997000000005,summer weekday,30.1
2910,2023-05-02 06:00:00.000,33.292927500000005,summer weekday,34.9
2911,2023-05-02 07:00:00.000,34.2575415,summer weekday,34.9
2912,2023-05-02 08:00:00.000,32.7356505,summer weekday,34.9
2913,2023-05-02 09:00:00.000,31.8235155,summer weekday,30.1
2914,2023-05-02 10:00:00.000,30.982602000000004,summer weekday,30.1
2915,2023-05-02 11:00:00.000,29.670627000000007,summer weekday,30.1
2916,2023-05-02 12:00:00.000,28.958412000000006,summer weekday,30.1
2917,2023-05-02 13:00:00.000,28.153734000000004,summer weekday,30.1
2918,2023-05-02 14:00:00.000,27.6102015,summer weekday,25.44
2919,2023-05-02 15:00:00.000,28.263690000000004,summer weekday,30.1
2920,2023-05-02 16:00:00.000,29.16707850000001,summer weekday,30.1
2921,2023-05-02 17:00:00.000,32.034681,summer weekday,30.1
2922,2023-05-02 18:00:00.000,33.61155,summer weekday,34.9
2923,2023-05-02 19:00:00.000,35.218407000000006,summer weekday,34.9
2924,2023-05-02 20:00:00.000,34.0726155,summer weekday,34.9
2925,2023-05-02 21:00:00.000,32.864349000000004,summer weekday,34.9
2926,2023-05-02 22:00:00.000,31.878493500000005,summer weekday,30.1
2927,2023-05-02 23:00:00.000,30.818917500000005,summer weekday,30.1
2928,2023-05-03 00:00:00.000,30.1916685,summer weekday,30.1
2929,2023-05-03 01:00:00.000,29.984251500000003,summer weekday,30.1
2930,2023-05-03 02:00:00.000,29.58816000000001,summer weekday,30.1
2931,2023-05-03 03:00:00.000,30.519037500000007,summer weekday,30.1
2932,2023-05-03 04:00:00.000,31.352454000000005,summer weekday,30.1
2933,2023-05-03 05:00:00.000,33.051774,summer weekday,34.9
2934,2023-05-03 06:00:00.000,34.02388500000001,summer weekday,34.9
2935,2023-05-03 07:00:00.000,32.999295000000004,summer weekday,34.9
2936,2023-05-03 08:00:00.000,31.125045000000007,summer weekday,30.1
2937,2023-05-03 09:00:00.000,28.758492000000004,summer weekday,30.1
2938,2023-05-03 10:00:00.000,27.883842000000005,summer weekday,30.1
2939,2023-05-03 11:00:00.000,27.092908500000004,summer weekday,25.44
2940,2023-05-03 12:00:00.000,27.366549000000003,summer weekday,25.44
2941,2023-05-03 13:00:00.000,26.755543500000005,summer weekday,25.44
2942,2023-05-03 14:00:00.000,26.551875000000003,summer weekday,25.44
2943,2023-05-03 15:00:00.000,27.846357000000005,summer weekday,30.1
2944,2023-05-03 16:00:00.000,29.561920500000003,summer weekday,30.1
2945,2023-05-03 17:00:00.000,32.873095500000005,summer weekday,34.9
2946,2023-05-03 18:00:00.000,34.87104600000001,summer weekday,34.9
2947,2023-05-03 19:00:00.000,38.806971,summer weekday,34.9
2948,2023-05-03 20:00:00.000,33.89268750000001,summer weekday,34.9
2949,2023-05-03 21:00:00.000,32.4807525,summer weekday,30.1
2950,2023-05-03 22:00:00.000,31.703563500000005,summer weekday,30.1
2951,2023-05-03 23:00:00.000,29.879293500000003,summer weekday,30.1
2952,2023-05-04 00:00:00.000,29.268288,summer weekday,30.1
2953,2023-05-04 01:00:00.000,29.133342000000003,summer weekday,30.1
2954,2023-05-04 02:00:00.000,29.270787,summer weekday,30.1
2955,2023-05-04 03:00:00.000,29.352004500000003,summer weekday,30.1
2956,2023-05-04 04:00:00.000,30.730203000000007,summer weekday,30.1
2957,2023-05-04 05:00:00.000,32.9868,summer weekday,34.9
2958,2023-05-04 06:00:00.000,33.61155,summer weekday,34.9
2959,2023-05-04 07:00:00.000,32.349555,summer weekday,30.1
2960,2023-05-04 08:00:00.000,30.415329000000003,summer weekday,30.1
2961,2023-05-04 09:00:00.000,28.613550000000004,summer weekday,30.1
2962,2023-05-04 10:00:00.000,27.31407,summer weekday,25.44
2963,2023-05-04 11:00:00.000,26.12204700000001,summer weekday,25.44
2964,2023-05-04 12:00:00.000,24.891289500000003,summer weekday,25.44
2965,2023-05-04 13:00:00.000,24.451465500000005,summer weekday,25.44
2966,2023-05-04 14:00:00.000,25.524786,summer weekday,25.44
2967,2023-05-04 15:00:00.000,27.22410600000001,summer weekday,25.44
2968,2023-05-04 16:00:00.000,29.813070000000003,summer weekday,30.1
2969,2023-05-04 17:00:00.000,31.8085215,summer weekday,30.1
2970,2023-05-04 18:00:00.000,32.6131995,summer weekday,34.9
2971,2023-05-04 19:00:00.000,32.454513000000006,summer weekday,30.1
2972,2023-05-04 20:00:00.000,31.708561500000005,summer weekday,30.1
2973,2023-05-04 21:00:00.000,30.550275000000003,summer weekday,30.1
2974,2023-05-04 22:00:00.000,29.12834400000001,summer weekday,30.1
2975,2023-05-04 23:00:00.000,28.800975000000005,summer weekday,30.1
2976,2023-05-05 00:00:00.000,27.588960000000004,summer weekday,25.44
2977,2023-05-05 01:00:00.000,27.1753755,summer weekday,25.44
2978,2023-05-05 02:00:00.000,27.302824500000007,summer weekday,25.44
2979,2023-05-05 03:00:00.000,27.1753755,summer weekday,25.44
2980,2023-05-05 04:00:00.000,28.303674,summer weekday,30.1
2981,2023-05-05 05:00:00.000,30.01548900000001,summer weekday,30.1
2982,2023-05-05 06:00:00.000,31.581112500000003,summer weekday,30.1
2983,2023-05-05 07:00:00.000,31.200015,summer weekday,30.1
2984,2023-05-05 08:00:00.000,29.523186000000003,summer weekday,30.1
2985,2023-05-05 09:00:00.000,28.628544000000005,summer weekday,30.1
2986,2023-05-05 10:00:00.000,27.481503,summer weekday,25.44
2987,2023-05-05 11:00:00.000,27.169128000000008,summer weekday,25.44
2988,2023-05-05 12:00:00.000,26.9904495,summer weekday,25.44
2989,2023-05-05 13:00:00.000,27.226605000000003,summer weekday,25.44
2990,2023-05-05 14:00:00.000,27.498996000000005,summer weekday,25.44
2991,2023-05-05 15:00:00.000,28.758492000000004,summer weekday,30.1
2992,2023-05-05 16:00:00.000,29.884291500000003,summer weekday,30.1
2993,2023-05-05 17:00:00.000,31.46241,summer weekday,30.1
2994,2023-05-05 18:00:00.000,32.429523,summer weekday,30.1
2995,2023-05-05 19:00:00.000,33.432871500000005,summer weekday,34.9
2996,2023-05-05 20:00:00.000,33.150484500000005,summer weekday,34.9
2997,2023-05-05 21:00:00.000,31.807272,summer weekday,30.1
2998,2023-05-05 22:00:00.000,30.280383000000004,summer weekday,30.1
2999,2023-05-05 23:00:00.000,30.701464500000004,summer weekday,30.1
3000,2023-05-06 00:00:00.000,29.815569000000007,summer weekend,31.66
3001,2023-05-06 01:00:00.000,29.327014500000004,summer weekend,27.0
3002,2023-05-06 02:00:00.000,28.825965000000004,summer weekend,27.0
3003,2023-05-06 03:00:00.000,28.604803500000003,summer weekend,27.0
3004,2023-05-06 04:00:00.000,28.825965000000004,summer weekend,27.0
3005,2023-05-06 05:00:00.000,29.513190000000005,summer weekend,31.66
3006,2023-05-06 06:00:00.000,29.740599000000003,summer weekend,31.66
3007,2023-05-06 07:00:00.000,29.2545435,summer weekend,27.0
3008,2023-05-06 08:00:00.000,29.02338600000001,summer weekend,27.0
3009,2023-05-06 09:00:00.000,27.68017350000001,summer weekend,27.0
3010,2023-05-06 10:00:00.000,26.666829000000007,summer weekend,27.0
3011,2023-05-06 11:00:00.000,26.241999000000003,summer weekend,27.0
3012,2023-05-06 12:00:00.000,24.334012500000004,summer weekend,27.0
3013,2023-05-06 13:00:00.000,23.61555,summer weekend,27.0
3014,2023-05-06 14:00:00.000,25.259892000000004,summer weekend,27.0
3015,2023-05-06 15:00:00.000,26.69431800000001,summer weekend,27.0
3016,2023-05-06 16:00:00.000,28.651035000000007,summer weekend,27.0
3017,2023-05-06 17:00:00.000,30.200415000000007,summer weekend,31.66
3018,2023-05-06 18:00:00.000,30.868897500000003,summer weekend,31.66
3019,2023-05-06 19:00:00.000,31.338709500000007,summer weekend,31.66
3020,2023-05-06 20:00:00.000,30.9513645,summer weekend,31.66
3021,2023-05-06 21:00:00.000,30.252894000000005,summer weekend,31.66
3022,2023-05-06 22:00:00.000,28.910931,summer weekend,27.0
3023,2023-05-06 23:00:00.000,28.944667500000005,summer weekend,27.0
3024,2023-05-07 00:00:00.000,28.134991500000005,summer weekend,27.0
3025,2023-05-07 01:00:00.000,27.696417000000004,summer weekend,27.0
3026,2023-05-07 02:00:00.000,27.802624500000007,summer weekend,27.0
3027,2023-05-07 03:00:00.000,27.731403000000004,summer weekend,27.0
3028,2023-05-07 04:00:00.000,27.872596500000004,summer weekend,27.0
3029,2023-05-07 05:00:00.000,27.756393000000003,summer weekend,27.0
3030,2023-05-07 06:00:00.000,27.597706500000005,summer weekend,27.0
3031,2023-05-07 07:00:00.000,26.848006500000004,summer weekend,27.0
3032,2023-05-07 08:00:00.000,25.814670000000003,summer weekend,27.0
3033,2023-05-07 09:00:00.000,21.603855,summer weekend,19.7
3034,2023-05-07 10:00:00.000,18.004045499999997,summer weekend,19.7
3035,2023-05-07 11:00:00.000,17.363528,summer weekend,19.7
3036,2023-05-07 12:00:00.000,17.256130499999998,summer weekend,19.7
3037,2023-05-07 13:00:00.000,17.3646585,summer weekend,19.7
3038,2023-05-07 14:00:00.000,19.297278,summer weekend,19.7
3039,2023-05-07 15:00:00.000,24.442719,summer weekend,27.0
3040,2023-05-07 16:00:00.000,26.860501500000005,summer weekend,27.0
3041,2023-05-07 17:00:00.000,29.230803000000005,summer weekend,27.0
3042,2023-05-07 18:00:00.000,29.783082,summer weekend,31.66
3043,2023-05-07 19:00:00.000,30.668977500000004,summer weekend,31.66
3044,2023-05-07 20:00:00.000,30.490299000000004,summer weekend,31.66
3045,2023-05-07 21:00:00.000,29.775585000000007,summer weekend,31.66
3046,2023-05-07 22:00:00.000,29.3719965,summer weekend,31.66
3047,2023-05-07 23:00:00.000,28.10375400000001,summer weekend,27.0
3048,2023-05-08 00:00:00.000,27.85510350000001,summer weekday,30.1
3049,2023-05-08 01:00:00.000,27.836361000000004,summer weekday,30.1
3050,2023-05-08 02:00:00.000,27.755143500000003,summer weekday,25.44
3051,2023-05-08 03:00:00.000,27.875095500000004,summer weekday,30.1
3052,2023-05-08 04:00:00.000,28.727254500000004,summer weekday,30.1
3053,2023-05-08 05:00:00.000,30.377844000000003,summer weekday,30.1
3054,2023-05-08 06:00:00.000,32.293327500000004,summer weekday,30.1
3055,2023-05-08 07:00:00.000,31.233751500000004,summer weekday,30.1
3056,2023-05-08 08:00:00.000,29.864299500000005,summer weekday,30.1
3057,2023-05-08 09:00:00.000,28.8422085,summer weekday,30.1
3058,2023-05-08 10:00:00.000,27.568968000000005,summer weekday,25.44
3059,2023-05-08 11:00:00.000,27.415279500000004,summer weekday,25.44
3060,2023-05-08 12:00:00.000,26.65433400000001,summer weekday,25.44
3061,2023-05-08 13:00:00.000,26.625595500000006,summer weekday,25.44
3062,2023-05-08 14:00:00.000,27.11415,summer weekday,25.44
3063,2023-05-08 15:00:00.000,27.8650995,summer weekday,30.1
3064,2023-05-08 16:00:00.000,29.494447500000003,summer weekday,30.1
3065,2023-05-08 17:00:00.000,31.117548000000003,summer weekday,30.1
3066,2023-05-08 18:00:00.000,33.973905,summer weekday,34.9
3067,2023-05-08 19:00:00.000,33.4128795,summer weekday,34.9
3068,2023-05-08 20:00:00.000,32.61070050000001,summer weekday,34.9
3069,2023-05-08 21:00:00.000,31.43242200000001,summer weekday,30.1
3070,2023-05-08 22:00:00.000,29.785581,summer weekday,30.1
3071,2023-05-08 23:00:00.000,29.358252000000004,summer weekday,30.1
3072,2023-05-09 00:00:00.000,28.303674,summer weekday,30.1
3073,2023-05-09 01:00:00.000,27.938820000000003,summer weekday,30.1
3074,2023-05-09 02:00:00.000,27.885091500000005,summer weekday,30.1
3075,2023-05-09 03:00:00.000,28.020037500000004,summer weekday,30.1
3076,2023-05-09 04:00:00.000,28.9196775,summer weekday,30.1
3077,2023-05-09 05:00:00.000,31.309971000000004,summer weekday,30.1
3078,2023-05-09 06:00:00.000,32.487,summer weekday,30.1
3079,2023-05-09 07:00:00.000,32.097156000000005,summer weekday,30.1
3080,2023-05-09 08:00:00.000,30.482802000000003,summer weekday,30.1
3081,2023-05-09 09:00:00.000,28.468608000000003,summer weekday,30.1
3082,2023-05-09 10:00:00.000,26.233252500000003,summer weekday,25.44
3083,2023-05-09 11:00:00.000,25.584762000000005,summer weekday,25.44
3084,2023-05-09 12:00:00.000,25.103704500000003,summer weekday,25.44
3085,2023-05-09 13:00:00.000,25.900885500000005,summer weekday,25.44
3086,2023-05-09 14:00:00.000,27.464010000000005,summer weekday,25.44
3087,2023-05-09 15:00:00.000,27.918828,summer weekday,30.1
3088,2023-05-09 16:00:00.000,29.87054700000001,summer weekday,30.1
3089,2023-05-09 17:00:00.000,31.904733000000004,summer weekday,30.1
3090,2023-05-09 18:00:00.000,32.603203500000006,summer weekday,34.9
3091,2023-05-09 19:00:00.000,32.4932475,summer weekday,30.1
3092,2023-05-09 20:00:00.000,31.233751500000004,summer weekday,30.1
3093,2023-05-09 21:00:00.000,30.446566500000007,summer weekday,30.1
3094,2023-05-09 22:00:00.000,28.604803500000003,summer weekday,30.1
3095,2023-05-09 23:00:00.000,29.212060500000003,summer weekday,30.1
3096,2023-05-10 00:00:00.000,28.6197975,summer weekday,30.1
3097,2023-05-10 01:00:00.000,28.411131000000005,summer weekday,30.1
3098,2023-05-10 02:00:00.000,28.13749050000001,summer weekday,30.1
3099,2023-05-10 03:00:00.000,28.41238050000001,summer weekday,30.1
3100,2023-05-10 04:00:00.000,28.63604100000001,summer weekday,30.1
3101,2023-05-10 05:00:00.000,30.808921500000007,summer weekday,30.1
3102,2023-05-10 06:00:00.000,32.437020000000004,summer weekday,30.1
3103,2023-05-10 07:00:00.000,33.9864,summer weekday,34.9
3104,2023-05-10 08:00:00.000,31.140039000000005,summer weekday,30.1
3105,2023-05-10 09:00:00.000,30.599005500000004,summer weekday,30.1
3106,2023-05-10 10:00:00.000,29.980503,summer weekday,30.1
3107,2023-05-10 11:00:00.000,29.4669585,summer weekday,30.1
3108,2023-05-10 12:00:00.000,28.977154500000005,summer weekday,30.1
3109,2023-05-10 13:00:00.000,28.828464000000004,summer weekday,30.1
3110,2023-05-10 14:00:00.000,29.400735,summer weekday,30.1
3111,2023-05-10 15:00:00.000,30.852654000000005,summer weekday,30.1
3112,2023-05-10 16:00:00.000,32.04717600000001,summer weekday,30.1
3113,2023-05-10 17:00:00.000,32.41078050000001,summer weekday,30.1
3114,2023-05-10 18:00:00.000,34.908531,summer weekday,34.9
3115,2023-05-10 19:00:00.000,35.79692550000001,summer weekday,34.9
3116,2023-05-10 20:00:00.000,34.16133000000001,summer weekday,34.9
3117,2023-05-10 21:00:00.000,32.0609205,summer weekday,30.1
3118,2023-05-10 22:00:00.000,31.092558000000004,summer weekday,30.1
3119,2023-05-10 23:00:00.000,29.86305,summer weekday,30.1
3120,2023-05-11 00:00:00.000,29.480703,summer weekday,30.1
3121,2023-05-11 01:00:00.000,29.363250000000004,summer weekday,30.1
3122,2023-05-11 02:00:00.000,29.523186000000003,summer weekday,30.1
3123,2023-05-11 03:00:00.000,29.600655000000003,summer weekday,30.1
3124,2023-05-11 04:00:00.000,30.3915885,summer weekday,30.1
3125,2023-05-11 05:00:00.000,32.50074450000001,summer weekday,34.9
3126,2023-05-11 06:00:00.000,35.90188350000001,summer weekday,34.9
3127,2023-05-11 07:00:00.000,38.332161,summer weekday,34.9
3128,2023-05-11 08:00:00.000,34.295026500000006,summer weekday,34.9
3129,2023-05-11 09:00:00.000,33.2004645,summer weekday,34.9
3130,2023-05-11 10:00:00.000,31.836010500000004,summer weekday,30.1
3131,2023-05-11 11:00:00.000,30.429073500000005,summer weekday,30.1
3132,2023-05-11 12:00:00.000,29.864299500000005,summer weekday,30.1
3133,2023-05-11 13:00:00.000,29.784331500000004,summer weekday,30.1
3134,2023-05-11 14:00:00.000,31.051324500000003,summer weekday,30.1
3135,2023-05-11 15:00:00.000,31.554873000000004,summer weekday,30.1
3136,2023-05-11 16:00:00.000,31.7710365,summer weekday,30.1
3137,2023-05-11 17:00:00.000,32.8156185,summer weekday,34.9
3138,2023-05-11 18:00:00.000,35.7357,summer weekday,34.9
3139,2023-05-11 19:00:00.000,33.96141000000001,summer weekday,34.9
3140,2023-05-11 20:00:00.000,32.162130000000005,summer weekday,30.1
3141,2023-05-11 21:00:00.000,31.6111005,summer weekday,30.1
3142,2023-05-11 22:00:00.000,30.070467000000004,summer weekday,30.1
3143,2023-05-11 23:00:00.000,29.679373500000004,summer weekday,30.1
3144,2023-05-12 00:00:00.000,28.682272500000003,summer weekday,30.1
3145,2023-05-12 01:00:00.000,28.593558000000005,summer weekday,30.1
3146,2023-05-12 02:00:00.000,28.613550000000004,summer weekday,30.1
3147,2023-05-12 03:00:00.000,28.718508000000007,summer weekday,30.1
3148,2023-05-12 04:00:00.000,29.736850500000006,summer weekday,30.1
3149,2023-05-12 05:00:00.000,31.98595050000001,summer weekday,30.1
3150,2023-05-12 06:00:00.000,33.61155,summer weekday,34.9
3151,2023-05-12 07:00:00.000,34.608651,summer weekday,34.9
3152,2023-05-12 08:00:00.000,31.524885000000005,summer weekday,30.1
3153,2023-05-12 09:00:00.000,30.062970000000004,summer weekday,30.1
3154,2023-05-12 10:00:00.000,29.54817600000001,summer weekday,30.1
3155,2023-05-12 11:00:00.000,27.791379000000006,summer weekday,30.1
3156,2023-05-12 12:00:00.000,26.947966500000003,summer weekday,25.44
3157,2023-05-12 13:00:00.000,26.483152500000006,summer weekday,25.44
3158,2023-05-12 14:00:00.000,26.850505500000008,summer weekday,25.44
3159,2023-05-12 15:00:00.000,27.481503,summer weekday,25.44
3160,2023-05-12 16:00:00.000,29.114599500000008,summer weekday,30.1
3161,2023-05-12 17:00:00.000,30.860151000000005,summer weekday,30.1
3162,2023-05-12 18:00:00.000,32.639439,summer weekday,34.9
3163,2023-05-12 19:00:00.000,32.984301,summer weekday,34.9
3164,2023-05-12 20:00:00.000,32.1109005,summer weekday,30.1
3165,2023-05-12 21:00:00.000,30.010491000000005,summer weekday,30.1
3166,2023-05-12 22:00:00.000,29.59065900000001,summer weekday,30.1
3167,2023-05-12 23:00:00.000,30.4765545,summer weekday,30.1
3168,2023-05-13 00:00:00.000,29.860551000000005,summer weekend,31.66
3169,2023-05-13 01:00:00.000,29.3445075,summer weekend,31.66
3170,2023-05-13 02:00:00.000,29.681872500000008,summer weekend,31.66
3171,2023-05-13 03:00:00.000,29.799325500000005,summer weekend,31.66
3172,2023-05-13 04:00:00.000,29.885541000000003,summer weekend,31.66
3173,2023-05-13 05:00:00.000,29.483202,summer weekend,31.66
3174,2023-05-13 06:00:00.000,29.20331400000001,summer weekend,27.0
3175,2023-05-13 07:00:00.000,29.172076500000003,summer weekend,27.0
3176,2023-05-13 08:00:00.000,28.498596000000003,summer weekend,27.0
3177,2023-05-13 09:00:00.000,26.501895,summer weekend,27.0
3178,2023-05-13 10:00:00.000,21.131544,summer weekend,19.7
3179,2023-05-13 11:00:00.000,19.3085235,summer weekend,19.7
3180,2023-05-13 12:00:00.000,18.0615225,summer weekend,19.7
3181,2023-05-13 13:00:00.000,18.000297,summer weekend,19.7
3182,2023-05-13 14:00:00.000,18.1389915,summer weekend,19.7
3183,2023-05-13 15:00:00.000,20.831664,summer weekend,19.7
3184,2023-05-13 16:00:00.000,27.021687000000007,summer weekend,27.0
3185,2023-05-13 17:00:00.000,30.610251000000005,summer weekend,31.66
3186,2023-05-13 18:00:00.000,31.252494,summer weekend,31.66
3187,2023-05-13 19:00:00.000,32.277084,summer weekend,31.66
3188,2023-05-13 20:00:00.000,31.66607850000001,summer weekend,31.66
3189,2023-05-13 21:00:00.000,31.107552,summer weekend,31.66
3190,2023-05-13 22:00:00.000,30.484051500000003,summer weekend,31.66
3191,2023-05-13 23:00:00.000,30.15918150000001,summer weekend,31.66
3192,2023-05-14 00:00:00.000,29.635641000000003,summer weekend,31.66
3193,2023-05-14 01:00:00.000,29.150835000000004,summer weekend,27.0
3194,2023-05-14 02:00:00.000,28.10750250000001,summer weekend,27.0
3195,2023-05-14 03:00:00.000,28.274935500000005,summer weekend,27.0
3196,2023-05-14 04:00:00.000,29.248296000000007,summer weekend,27.0
3197,2023-05-14 05:00:00.000,27.530233500000005,summer weekend,27.0
3198,2023-05-14 06:00:00.000,26.598106500000007,summer weekend,27.0
3199,2023-05-14 07:00:00.000,26.825515500000005,summer weekend,27.0
3200,2023-05-14 08:00:00.000,24.227805000000004,summer weekend,27.0
3201,2023-05-14 09:00:00.000,20.5030455,summer weekend,19.7
3202,2023-05-14 10:00:00.000,19.1036055,summer weekend,19.7
3203,2023-05-14 11:00:00.000,18.5838135,summer weekend,19.7
3204,2023-05-14 12:00:00.000,17.5992075,summer weekend,19.7
3205,2023-05-14 13:00:00.000,17.388042,summer weekend,19.7
3206,2023-05-14 14:00:00.000,17.590461,summer weekend,19.7
3207,2023-05-14 15:00:00.000,21.4026855,summer weekend,19.7
3208,2023-05-14 16:00:00.000,28.676025000000006,summer weekend,27.0
3209,2023-05-14 17:00:00.000,30.5665185,summer weekend,31.66
3210,2023-05-14 18:00:00.000,31.86225,summer weekend,31.66
3211,2023-05-14 19:00:00.000,33.2529435,summer weekend,31.66
3212,2023-05-14 20:00:00.000,33.360400500000004,summer weekend,31.66
3213,2023-05-14 21:00:00.000,32.25459300000001,summer weekend,31.66
3214,2023-05-14 22:00:00.000,30.852654000000005,summer weekend,31.66
3215,2023-05-14 23:00:00.000,32.242098000000006,summer weekend,31.66
3216,2023-05-15 00:00:00.000,30.813919500000004,summer weekday,30.1
3217,2023-05-15 01:00:00.000,30.305373000000007,summer weekday,30.1
3218,2023-05-15 02:00:00.000,30.9713565,summer weekday,30.1
3219,2023-05-15 03:00:00.000,30.866398500000003,summer weekday,30.1
3220,2023-05-15 04:00:00.000,33.1304925,summer weekday,34.9
3221,2023-05-15 05:00:00.000,36.2392485,summer weekday,34.9
3222,2023-05-15 06:00:00.000,38.45836049999999,summer weekday,34.9
3223,2023-05-15 07:00:00.000,36.00059400000001,summer weekday,34.9
3224,2023-05-15 08:00:00.000,32.96305950000001,summer weekday,34.9
3225,2023-05-15 09:00:00.000,30.560271000000004,summer weekday,30.1
3226,2023-05-15 10:00:00.000,29.815569000000007,summer weekday,30.1
3227,2023-05-15 11:00:00.000,29.207062500000006,summer weekday,30.1
3228,2023-05-15 12:00:00.000,28.709761500000003,summer weekday,30.1
3229,2023-05-15 13:00:00.000,28.541079000000003,summer weekday,30.1
3230,2023-05-15 14:00:00.000,28.681023000000003,summer weekday,30.1
3231,2023-05-15 15:00:00.000,28.787230500000003,summer weekday,30.1
3232,2023-05-15 16:00:00.000,29.869297500000005,summer weekday,30.1
3233,2023-05-15 17:00:00.000,32.092158000000005,summer weekday,30.1
3234,2023-05-15 18:00:00.000,32.984301,summer weekday,34.9
3235,2023-05-15 19:00:00.000,33.8352105,summer weekday,34.9
3236,2023-05-15 20:00:00.000,32.870596500000005,summer weekday,34.9
3237,2023-05-15 21:00:00.000,31.18627050000001,summer weekday,30.1
3238,2023-05-15 22:00:00.000,29.08711050000001,summer weekday,30.1
3239,2023-05-15 23:00:00.000,27.234102000000004,summer weekday,25.44
3240,2023-05-16 00:00:00.000,26.501895,summer weekday,25.44
3241,2023-05-16 01:00:00.000,26.1157995,summer weekday,25.44
3242,2023-05-16 02:00:00.000,25.309872,summer weekday,25.44
3243,2023-05-16 03:00:00.000,25.602255000000007,summer weekday,25.44
3244,2023-05-16 04:00:00.000,26.663080500000003,summer weekday,25.44
3245,2023-05-16 05:00:00.000,29.8343115,summer weekday,30.1
3246,2023-05-16 06:00:00.000,31.736050500000005,summer weekday,30.1
3247,2023-05-16 07:00:00.000,32.304573000000005,summer weekday,30.1
3248,2023-05-16 08:00:00.000,30.216658500000005,summer weekday,30.1
3249,2023-05-16 09:00:00.000,27.7101615,summer weekday,25.44
3250,2023-05-16 10:00:00.000,26.86425,summer weekday,25.44
3251,2023-05-16 11:00:00.000,25.719708,summer weekday,25.44
3252,2023-05-16 12:00:00.000,23.876695500000004,summer weekday,25.44
3253,2023-05-16 13:00:00.000,20.0232375,summer weekday,25.44
3254,2023-05-16 14:00:00.000,18.9411705,summer weekday,25.44
3255,2023-05-16 15:00:00.000,22.769638500000003,summer weekday,25.44
3256,2023-05-16 16:00:00.000,26.614350000000005,summer weekday,25.44
3257,2023-05-16 17:00:00.000,28.293678000000007,summer weekday,30.1
3258,2023-05-16 18:00:00.000,30.487800000000004,summer weekday,30.1
3259,2023-05-16 19:00:00.000,31.123795500000003,summer weekday,30.1
3260,2023-05-16 20:00:00.000,30.677724000000005,summer weekday,30.1
3261,2023-05-16 21:00:00.000,30.4865505,summer weekday,30.1
3262,2023-05-16 22:00:00.000,29.5169385,summer weekday,30.1
3263,2023-05-16 23:00:00.000,27.070417500000005,summer weekday,25.44
3264,2023-05-17 00:00:00.000,26.16328050000001,summer weekday,25.44
3265,2023-05-17 01:00:00.000,26.1957675,summer weekday,25.44
3266,2023-05-17 02:00:00.000,26.114550000000005,summer weekday,25.44
3267,2023-05-17 03:00:00.000,26.429424000000004,summer weekday,25.44
3268,2023-05-17 04:00:00.000,27.342808500000004,summer weekday,25.44
3269,2023-05-17 05:00:00.000,30.50779200000001,summer weekday,30.1
3270,2023-05-17 06:00:00.000,31.509891000000007,summer weekday,30.1
3271,2023-05-17 07:00:00.000,31.1113005,summer weekday,30.1
3272,2023-05-17 08:00:00.000,29.200815,summer weekday,30.1
3273,2023-05-17 09:00:00.000,26.874246000000003,summer weekday,25.44
3274,2023-05-17 10:00:00.000,24.6663795,summer weekday,25.44
3275,2023-05-17 11:00:00.000,20.8129215,summer weekday,25.44
3276,2023-05-17 12:00:00.000,19.319769,summer weekday,25.44
3277,2023-05-17 13:00:00.000,18.4388715,summer weekday,25.44
3278,2023-05-17 14:00:00.000,18.6262965,summer weekday,25.44
3279,2023-05-17 15:00:00.000,23.264440500000003,summer weekday,25.44
3280,2023-05-17 16:00:00.000,27.250345500000005,summer weekday,25.44
3281,2023-05-17 17:00:00.000,30.131692500000003,summer weekday,30.1
3282,2023-05-17 18:00:00.000,32.310820500000005,summer weekday,30.1
3283,2023-05-17 19:00:00.000,34.048875,summer weekday,34.9
3284,2023-05-17 20:00:00.000,33.631542,summer weekday,34.9
3285,2023-05-17 21:00:00.000,31.237500000000004,summer weekday,30.1
3286,2023-05-17 22:00:00.000,30.230403000000003,summer weekday,30.1
3287,2023-05-17 23:00:00.000,29.936770500000005,summer weekday,30.1
3288,2023-05-18 00:00:00.000,29.406982500000005,summer weekend,31.66
3289,2023-05-18 01:00:00.000,28.518588000000005,summer weekend,27.0
3290,2023-05-18 02:00:00.000,28.614799500000004,summer weekend,27.0
3291,2023-05-18 03:00:00.000,29.479453500000005,summer weekend,31.66
3292,2023-05-18 04:00:00.000,29.921776500000007,summer weekend,31.66
3293,2023-05-18 05:00:00.000,29.915529000000003,summer weekend,31.66
3294,2023-05-18 06:00:00.000,29.217058500000004,summer weekend,27.0
3295,2023-05-18 07:00:00.000,28.649785500000007,summer weekend,27.0
3296,2023-05-18 08:00:00.000,27.406533000000007,summer weekend,27.0
3297,2023-05-18 09:00:00.000,26.371947,summer weekend,27.0
3298,2023-05-18 10:00:00.000,25.493548500000003,summer weekend,27.0
3299,2023-05-18 11:00:00.000,25.2236565,summer weekend,27.0
3300,2023-05-18 12:00:00.000,22.805874000000003,summer weekend,19.7
3301,2023-05-18 13:00:00.000,21.0428295,summer weekend,19.7
3302,2023-05-18 14:00:00.000,22.750896000000004,summer weekend,19.7
3303,2023-05-18 15:00:00.000,26.309472000000007,summer weekend,27.0
3304,2023-05-18 16:00:00.000,27.937570500000007,summer weekend,27.0
3305,2023-05-18 17:00:00.000,30.247896,summer weekend,31.66
3306,2023-05-18 18:00:00.000,31.803523500000004,summer weekend,31.66
3307,2023-05-18 19:00:00.000,33.095506500000006,summer weekend,31.66
3308,2023-05-18 20:00:00.000,32.009691000000004,summer weekend,31.66
3309,2023-05-18 21:00:00.000,31.063819500000005,summer weekend,31.66
3310,2023-05-18 22:00:00.000,29.708112000000007,summer weekend,31.66
3311,2023-05-18 23:00:00.000,28.990899,summer weekend,27.0
3312,2023-05-19 00:00:00.000,27.763890000000007,summer weekend,27.0
3313,2023-05-19 01:00:00.000,27.392788500000005,summer weekend,27.0
3314,2023-05-19 02:00:00.000,26.992948500000004,summer weekend,27.0
3315,2023-05-19 03:00:00.000,27.883842000000005,summer weekend,27.0
3316,2023-05-19 04:00:00.000,29.779333500000003,summer weekend,31.66
3317,2023-05-19 05:00:00.000,31.237500000000004,summer weekend,31.66
3318,2023-05-19 06:00:00.000,31.10880150000001,summer weekend,31.66
3319,2023-05-19 07:00:00.000,30.612750000000005,summer weekend,31.66
3320,2023-05-19 08:00:00.000,29.099605500000003,summer weekend,27.0
3321,2023-05-19 09:00:00.000,26.16078150000001,summer weekend,27.0
3322,2023-05-19 10:00:00.000,24.935022000000004,summer weekend,27.0
3323,2023-05-19 11:00:00.000,24.9787545,summer weekend,27.0
3324,2023-05-19 12:00:00.000,24.5889105,summer weekend,27.0
3325,2023-05-19 13:00:00.000,24.606403500000003,summer weekend,27.0
3326,2023-05-19 14:00:00.000,25.317369000000006,summer weekend,27.0
3327,2023-05-19 15:00:00.000,26.383192500000003,summer weekend,27.0
3328,2023-05-19 16:00:00.000,28.2624405,summer weekend,27.0
3329,2023-05-19 17:00:00.000,30.321616500000005,summer weekend,31.66
3330,2023-05-19 18:00:00.000,31.898485500000003,summer weekend,31.66
3331,2023-05-19 19:00:00.000,31.85350350000001,summer weekend,31.66
3332,2023-05-19 20:00:00.000,30.490299000000004,summer weekend,31.66
3333,2023-05-19 21:00:00.000,29.83681050000001,summer weekend,31.66
3334,2023-05-19 22:00:00.000,28.086261000000004,summer weekend,27.0
3335,2023-05-19 23:00:00.000,27.206613000000004,summer weekend,27.0
3336,2023-05-20 00:00:00.000,26.614350000000005,summer weekend,27.0
3337,2023-05-20 01:00:00.000,25.87464600000001,summer weekend,27.0
3338,2023-05-20 02:00:00.000,25.59350850000001,summer weekend,27.0
3339,2023-05-20 03:00:00.000,25.496047500000007,summer weekend,27.0
3340,2023-05-20 04:00:00.000,25.577265000000004,summer weekend,27.0
3341,2023-05-20 05:00:00.000,25.124946000000005,summer weekend,27.0
3342,2023-05-20 06:00:00.000,25.17242700000001,summer weekend,27.0
3343,2023-05-20 07:00:00.000,24.835062000000004,summer weekend,27.0
3344,2023-05-20 08:00:00.000,22.371048,summer weekend,19.7
3345,2023-05-20 09:00:00.000,17.922828,summer weekend,19.7
3346,2023-05-20 10:00:00.000,17.403036,summer weekend,19.7
3347,2023-05-20 11:00:00.000,17.2063885,summer weekend,19.7
3348,2023-05-20 12:00:00.000,17.2244765,summer weekend,19.7
3349,2023-05-20 13:00:00.000,17.3578755,summer weekend,19.7
3350,2023-05-20 14:00:00.000,17.368049999999997,summer weekend,19.7
3351,2023-05-20 15:00:00.000,17.532984,summer weekend,19.7
3352,2023-05-20 16:00:00.000,20.609253,summer weekend,19.7
3353,2023-05-20 17:00:00.000,24.075366,summer weekend,27.0
3354,2023-05-20 18:00:00.000,27.169128000000008,summer weekend,27.0
3355,2023-05-20 19:00:00.000,28.324915500000003,summer weekend,27.0
3356,2023-05-20 20:00:00.000,27.496497000000005,summer weekend,27.0
3357,2023-05-20 21:00:00.000,27.189120000000003,summer weekend,27.0
3358,2023-05-20 22:00:00.000,26.491899000000004,summer weekend,27.0
3359,2023-05-20 23:00:00.000,23.890440000000005,summer weekend,27.0
3360,2023-05-21 00:00:00.000,22.371048,summer weekend,19.7
3361,2023-05-21 01:00:00.000,21.601356,summer weekend,19.7
3362,2023-05-21 02:00:00.000,20.961612,summer weekend,19.7
3363,2023-05-21 03:00:00.000,21.1103025,summer weekend,19.7
3364,2023-05-21 04:00:00.000,20.899137,summer weekend,19.7
3365,2023-05-21 05:00:00.000,21.2152605,summer weekend,19.7
3366,2023-05-21 06:00:00.000,20.8104225,summer weekend,19.7
3367,2023-05-21 07:00:00.000,19.86705,summer weekend,19.7
3368,2023-05-21 08:00:00.000,17.635443,summer weekend,19.7
3369,2023-05-21 09:00:00.000,17.368049999999997,summer weekend,19.7
3370,2023-05-21 10:00:00.000,17.313785999999997,summer weekend,19.7
3371,2023-05-21 11:00:00.000,16.472694,summer weekend,19.7
3372,2023-05-21 12:00:00.000,14.5384085,summer weekend,19.7
3373,2023-05-21 13:00:00.000,12.6911715,summer weekend,19.7
3374,2023-05-21 14:00:00.000,15.154531,summer weekend,19.7
3375,2023-05-21 15:00:00.000,17.321699499999998,summer weekend,19.7
3376,2023-05-21 16:00:00.000,17.645439,summer weekend,19.7
3377,2023-05-21 17:00:00.000,22.533483000000004,summer weekend,19.7
3378,2023-05-21 18:00:00.000,28.0500255,summer weekend,27.0
3379,2023-05-21 19:00:00.000,28.722256500000004,summer weekend,27.0
3380,2023-05-21 20:00:00.000,28.7385,summer weekend,27.0
3381,2023-05-21 21:00:00.000,28.606053000000003,summer weekend,27.0
3382,2023-05-21 22:00:00.000,27.801375000000004,summer weekend,27.0
3383,2023-05-21 23:00:00.000,28.399885500000007,summer weekend,27.0
3384,2023-05-22 00:00:00.000,27.371547000000003,summer weekday,25.44
3385,2023-05-22 01:00:00.000,27.152884500000003,summer weekday,25.44
3386,2023-05-22 02:00:00.000,27.089160000000007,summer weekday,25.44
3387,2023-05-22 03:00:00.000,27.489000000000004,summer weekday,25.44
3388,2023-05-22 04:00:00.000,29.741848500000003,summer weekday,30.1
3389,2023-05-22 05:00:00.000,31.834761,summer weekday,30.1
3390,2023-05-22 06:00:00.000,32.36205,summer weekday,30.1
3391,2023-05-22 07:00:00.000,31.539879000000003,summer weekday,30.1
3392,2023-05-22 08:00:00.000,30.40158450000001,summer weekday,30.1
3393,2023-05-22 09:00:00.000,28.609801500000003,summer weekday,30.1
3394,2023-05-22 10:00:00.000,27.1628805,summer weekday,25.44
3395,2023-05-22 11:00:00.000,25.912131,summer weekday,25.44
3396,2023-05-22 12:00:00.000,25.497297000000003,summer weekday,25.44
3397,2023-05-22 13:00:00.000,25.865899500000005,summer weekday,25.44
3398,2023-05-22 14:00:00.000,26.390689500000004,summer weekday,25.44
3399,2023-05-22 15:00:00.000,27.89633700000001,summer weekday,30.1
3400,2023-05-22 16:00:00.000,30.0467265,summer weekday,30.1
3401,2023-05-22 17:00:00.000,31.18127250000001,summer weekday,30.1
3402,2023-05-22 18:00:00.000,35.393337,summer weekday,34.9
3403,2023-05-22 19:00:00.000,37.1813715,summer weekday,34.9
3404,2023-05-22 20:00:00.000,32.99179800000001,summer weekday,34.9
3405,2023-05-22 21:00:00.000,31.153783500000007,summer weekday,30.1
3406,2023-05-22 22:00:00.000,30.044227500000005,summer weekday,30.1
3407,2023-05-22 23:00:00.000,28.787230500000003,summer weekday,30.1
3408,2023-05-23 00:00:00.000,27.190369500000003,summer weekday,25.44
3409,2023-05-23 01:00:00.000,27.000445500000005,summer weekday,25.44
3410,2023-05-23 02:00:00.000,26.062071000000003,summer weekday,25.44
3411,2023-05-23 03:00:00.000,26.114550000000005,summer weekday,25.44
3412,2023-05-23 04:00:00.000,27.194118000000007,summer weekday,25.44
3413,2023-05-23 05:00:00.000,29.999245500000004,summer weekday,30.1
3414,2023-05-23 06:00:00.000,30.5365305,summer weekday,30.1
3415,2023-05-23 07:00:00.000,29.988000000000007,summer weekday,30.1
3416,2023-05-23 08:00:00.000,28.84720650000001,summer weekday,30.1
3417,2023-05-23 09:00:00.000,27.938820000000003,summer weekday,30.1
3418,2023-05-23 10:00:00.000,26.680573500000005,summer weekday,25.44
3419,2023-05-23 11:00:00.000,22.850856000000004,summer weekday,25.44
3420,2023-05-23 12:00:00.000,20.371848,summer weekday,25.44
3421,2023-05-23 13:00:00.000,18.0615225,summer weekday,25.44
3422,2023-05-23 14:00:00.000,17.810373,summer weekday,25.44
3423,2023-05-23 15:00:00.000,18.9686595,summer weekday,25.44
3424,2023-05-23 16:00:00.000,25.079964000000004,summer weekday,25.44
3425,2023-05-23 17:00:00.000,27.125395500000003,summer weekday,25.44
3426,2023-05-23 18:00:00.000,29.2720365,summer weekday,30.1
3427,2023-05-23 19:00:00.000,29.98175250000001,summer weekday,30.1
3428,2023-05-23 20:00:00.000,30.280383000000004,summer weekday,30.1
3429,2023-05-23 21:00:00.000,29.8742955,summer weekday,30.1
3430,2023-05-23 22:00:00.000,29.085861000000005,summer weekday,30.1
3431,2023-05-23 23:00:00.000,27.738900000000005,summer weekday,25.44
3432,2023-05-24 00:00:00.000,26.875495500000003,summer weekday,25.44
3433,2023-05-24 01:00:00.000,26.755543500000005,summer weekday,25.44
3434,2023-05-24 02:00:00.000,26.90298450000001,summer weekday,25.44
3435,2023-05-24 03:00:00.000,26.936721,summer weekday,25.44
3436,2023-05-24 04:00:00.000,28.163730000000005,summer weekday,30.1
3437,2023-05-24 05:00:00.000,30.918877500000004,summer weekday,30.1
3438,2023-05-24 06:00:00.000,32.880592500000006,summer weekday,34.9
3439,2023-05-24 07:00:00.000,31.070067000000005,summer weekday,30.1
3440,2023-05-24 08:00:00.000,29.739349500000003,summer weekday,30.1
3441,2023-05-24 09:00:00.000,28.10375400000001,summer weekday,30.1
3442,2023-05-24 10:00:00.000,27.489000000000004,summer weekday,25.44
3443,2023-05-24 11:00:00.000,27.43652100000001,summer weekday,25.44
3444,2023-05-24 12:00:00.000,27.738900000000005,summer weekday,25.44
3445,2023-05-24 13:00:00.000,26.765539500000003,summer weekday,25.44
3446,2023-05-24 14:00:00.000,28.371147000000008,summer weekday,30.1
3447,2023-05-24 15:00:00.000,29.313270000000003,summer weekday,30.1
3448,2023-05-24 16:00:00.000,30.835161000000006,summer weekday,30.1
3449,2023-05-24 17:00:00.000,31.892238000000003,summer weekday,30.1
3450,2023-05-24 18:00:00.000,38.679522000000006,summer weekday,34.9
3451,2023-05-24 19:00:00.000,40.193916,summer weekday,34.9
3452,2023-05-24 20:00:00.000,36.5491245,summer weekday,34.9
3453,2023-05-24 21:00:00.000,31.892238000000003,summer weekday,30.1
3454,2023-05-24 22:00:00.000,30.287880000000005,summer weekday,30.1
3455,2023-05-24 23:00:00.000,30.140439,summer weekday,30.1
3456,2023-05-25 00:00:00.000,29.093358,summer weekday,30.1
3457,2023-05-25 01:00:00.000,28.732252500000005,summer weekday,30.1
3458,2023-05-25 02:00:00.000,28.473606,summer weekday,30.1
3459,2023-05-25 03:00:00.000,28.7022645,summer weekday,30.1
3460,2023-05-25 04:00:00.000,29.818068000000004,summer weekday,30.1
3461,2023-05-25 05:00:00.000,32.684421,summer weekday,34.9
3462,2023-05-25 06:00:00.000,32.921826,summer weekday,34.9
3463,2023-05-25 07:00:00.000,30.362850000000005,summer weekday,30.1
3464,2023-05-25 08:00:00.000,27.7826325,summer weekday,30.1
3465,2023-05-25 09:00:00.000,26.220757500000005,summer weekday,25.44
3466,2023-05-25 10:00:00.000,24.310272,summer weekday,25.44
3467,2023-05-25 11:00:00.000,22.525986000000003,summer weekday,25.44
3468,2023-05-25 12:00:00.000,19.454715,summer weekday,25.44
3469,2023-05-25 13:00:00.000,19.899537,summer weekday,25.44
3470,2023-05-25 14:00:00.000,18.6512865,summer weekday,25.44
3471,2023-05-25 15:00:00.000,22.489750500000003,summer weekday,25.44
3472,2023-05-25 16:00:00.000,26.530633500000004,summer weekday,25.44
3473,2023-05-25 17:00:00.000,29.133342000000003,summer weekday,30.1
3474,2023-05-25 18:00:00.000,31.192518000000007,summer weekday,30.1
3475,2023-05-25 19:00:00.000,32.96181000000001,summer weekday,34.9
3476,2023-05-25 20:00:00.000,30.9488655,summer weekday,30.1
3477,2023-05-25 21:00:00.000,29.923026000000007,summer weekday,30.1
3478,2023-05-25 22:00:00.000,28.731003000000005,summer weekday,30.1
3479,2023-05-25 23:00:00.000,28.377394500000005,summer weekday,30.1
3480,2023-05-26 00:00:00.000,26.914230000000003,summer weekday,25.44
3481,2023-05-26 01:00:00.000,26.6855715,summer weekday,25.44
3482,2023-05-26 02:00:00.000,26.693068500000003,summer weekday,25.44
3483,2023-05-26 03:00:00.000,27.237850500000004,summer weekday,25.44
3484,2023-05-26 04:00:00.000,28.56232050000001,summer weekday,30.1
3485,2023-05-26 05:00:00.000,30.480303000000006,summer weekday,30.1
3486,2023-05-26 06:00:00.000,30.562770000000004,summer weekday,30.1
3487,2023-05-26 07:00:00.000,29.94426750000001,summer weekday,30.1
3488,2023-05-26 08:00:00.000,27.543978000000003,summer weekday,25.44
3489,2023-05-26 09:00:00.000,24.396487500000003,summer weekday,25.44
3490,2023-05-26 10:00:00.000,21.511392,summer weekday,25.44
3491,2023-05-26 11:00:00.000,19.994499,summer weekday,25.44
3492,2023-05-26 12:00:00.000,17.4892515,summer weekday,25.44
3493,2023-05-26 13:00:00.000,17.368049999999997,summer weekday,25.44
3494,2023-05-26 14:00:00.000,17.3767965,summer weekday,25.44
3495,2023-05-26 15:00:00.000,20.231904,summer weekday,25.44
3496,2023-05-26 16:00:00.000,24.0641205,summer weekday,25.44
3497,2023-05-26 17:00:00.000,28.398636000000003,summer weekday,30.1
3498,2023-05-26 18:00:00.000,31.215009,summer weekday,30.1
3499,2023-05-26 19:00:00.000,31.814769000000005,summer weekday,30.1
3500,2023-05-26 20:00:00.000,31.11255000000001,summer weekday,30.1
3501,2023-05-26 21:00:00.000,29.800575,summer weekday,30.1
3502,2023-05-26 22:00:00.000,28.925925000000003,summer weekday,30.1
3503,2023-05-26 23:00:00.000,28.574815500000003,summer weekday,30.1
3504,2023-05-27 00:00:00.000,27.805123500000004,summer weekend,27.0
3505,2023-05-27 01:00:00.000,27.9550635,summer weekend,27.0
3506,2023-05-27 02:00:00.000,28.154983500000004,summer weekend,27.0
3507,2023-05-27 03:00:00.000,28.769737500000005,summer weekend,27.0
3508,2023-05-27 04:00:00.000,28.613550000000004,summer weekend,27.0
3509,2023-05-27 05:00:00.000,27.701415000000004,summer weekend,27.0
3510,2023-05-27 06:00:00.000,27.737650500000008,summer weekend,27.0
3511,2023-05-27 07:00:00.000,26.44066950000001,summer weekend,27.0
3512,2023-05-27 08:00:00.000,24.247797,summer weekend,27.0
3513,2023-05-27 09:00:00.000,19.4134815,summer weekend,19.7
3514,2023-05-27 10:00:00.000,17.5492275,summer weekend,19.7
3515,2023-05-27 11:00:00.000,17.368049999999997,summer weekend,19.7
3516,2023-05-27 12:00:00.000,16.6863585,summer weekend,19.7
3517,2023-05-27 13:00:00.000,17.0978605,summer weekend,19.7
3518,2023-05-27 14:00:00.000,17.4317745,summer weekend,19.7
3519,2023-05-27 15:00:00.000,17.650437,summer weekend,19.7
3520,2023-05-27 16:00:00.000,24.250296,summer weekend,27.0
3521,2023-05-27 17:00:00.000,27.970057500000003,summer weekend,27.0
3522,2023-05-27 18:00:00.000,29.91053100000001,summer weekend,31.66
3523,2023-05-27 19:00:00.000,32.97805350000001,summer weekend,31.66
3524,2023-05-27 20:00:00.000,31.49739600000001,summer weekend,31.66
3525,2023-05-27 21:00:00.000,29.866798500000005,summer weekend,31.66
3526,2023-05-27 22:00:00.000,29.20206450000001,summer weekend,27.0
3527,2023-05-27 23:00:00.000,28.24994550000001,summer weekend,27.0
3528,2023-05-28 00:00:00.000,27.863850000000003,summer weekend,27.0
3529,2023-05-28 01:00:00.000,27.60395400000001,summer weekend,27.0
3530,2023-05-28 02:00:00.000,27.097906500000004,summer weekend,27.0
3531,2023-05-28 03:00:00.000,27.096657,summer weekend,27.0
3532,2023-05-28 04:00:00.000,26.922976500000004,summer weekend,27.0
3533,2023-05-28 05:00:00.000,26.366949,summer weekend,27.0
3534,2023-05-28 06:00:00.000,25.469808000000004,summer weekend,27.0
3535,2023-05-28 07:00:00.000,22.078665,summer weekend,19.7
3536,2023-05-28 08:00:00.000,17.368049999999997,summer weekend,19.7
3537,2023-05-28 09:00:00.000,17.019855999999997,summer weekend,19.7
3538,2023-05-28 10:00:00.000,15.3274975,summer weekend,19.7
3539,2023-05-28 11:00:00.000,11.860254,summer weekend,19.7
3540,2023-05-28 12:00:00.000,2.6817245000000023,summer weekend,19.7
3541,2023-05-28 13:00:00.000,2.6760720000000005,summer weekend,19.7
3542,2023-05-28 14:00:00.000,6.280106000000002,summer weekend,19.7
3543,2023-05-28 15:00:00.000,15.256275999999998,summer weekend,19.7
3544,2023-05-28 16:00:00.000,17.361267,summer weekend,19.7
3545,2023-05-28 17:00:00.000,23.61555,summer weekend,27.0
3546,2023-05-28 18:00:00.000,26.47690500000001,summer weekend,27.0
3547,2023-05-28 19:00:00.000,27.36529950000001,summer weekend,27.0
3548,2023-05-28 20:00:00.000,27.094158000000004,summer weekend,27.0
3549,2023-05-28 21:00:00.000,26.589360000000003,summer weekend,27.0
3550,2023-05-28 22:00:00.000,26.05207500000001,summer weekend,27.0
3551,2023-05-28 23:00:00.000,24.768838500000005,summer weekend,27.0
3552,2023-05-29 00:00:00.000,24.102855,summer weekend,27.0
3553,2023-05-29 01:00:00.000,23.842959000000004,summer weekend,27.0
3554,2023-05-29 02:00:00.000,23.4293745,summer weekend,27.0
3555,2023-05-29 03:00:00.000,24.18032400000001,summer weekend,27.0
3556,2023-05-29 04:00:00.000,25.284882000000007,summer weekend,27.0
3557,2023-05-29 05:00:00.000,25.820917500000004,summer weekend,27.0
3558,2023-05-29 06:00:00.000,24.703864500000005,summer weekend,27.0
3559,2023-05-29 07:00:00.000,21.106554,summer weekend,19.7
3560,2023-05-29 08:00:00.000,17.368049999999997,summer weekend,19.7
3561,2023-05-29 09:00:00.000,17.1295145,summer weekend,19.7
3562,2023-05-29 10:00:00.000,14.984956,summer weekend,19.7
3563,2023-05-29 11:00:00.000,11.148039,summer weekend,19.7
3564,2023-05-29 12:00:00.000,6.615864500000002,summer weekend,19.7
3565,2023-05-29 13:00:00.000,4.994727500000001,summer weekend,19.7
3566,2023-05-29 14:00:00.000,8.246045500000001,summer weekend,19.7
3567,2023-05-29 15:00:00.000,15.1104415,summer weekend,19.7
3568,2023-05-29 16:00:00.000,16.805061,summer weekend,19.7
3569,2023-05-29 17:00:00.000,19.76709,summer weekend,19.7
3570,2023-05-29 18:00:00.000,26.37444600000001,summer weekend,27.0
3571,2023-05-29 19:00:00.000,27.832612500000003,summer weekend,27.0
3572,2023-05-29 20:00:00.000,28.098756000000005,summer weekend,27.0
3573,2023-05-29 21:00:00.000,27.424026000000005,summer weekend,27.0
3574,2023-05-29 22:00:00.000,26.646837000000005,summer weekend,27.0
3575,2023-05-29 23:00:00.000,26.741799000000004,summer weekend,27.0
3576,2023-05-30 00:00:00.000,26.245747500000004,summer weekday,25.44
3577,2023-05-30 01:00:00.000,25.977105000000005,summer weekday,25.44
3578,2023-05-30 02:00:00.000,26.118298500000005,summer weekday,25.44
3579,2023-05-30 03:00:00.000,26.949216000000003,summer weekday,25.44
3580,2023-05-30 04:00:00.000,27.9975465,summer weekday,30.1
3581,2023-05-30 05:00:00.000,29.601904500000007,summer weekday,30.1
3582,2023-05-30 06:00:00.000,32.107152000000006,summer weekday,30.1
3583,2023-05-30 07:00:00.000,30.942618000000007,summer weekday,30.1
3584,2023-05-30 08:00:00.000,28.621047000000004,summer weekday,30.1
3585,2023-05-30 09:00:00.000,27.660181500000004,summer weekday,25.44
3586,2023-05-30 10:00:00.000,26.148286500000005,summer weekday,25.44
3587,2023-05-30 11:00:00.000,25.426075500000003,summer weekday,25.44
3588,2023-05-30 12:00:00.000,24.535182,summer weekday,25.44
3589,2023-05-30 13:00:00.000,24.42522600000001,summer weekday,25.44
3590,2023-05-30 14:00:00.000,25.197417,summer weekday,25.44
3591,2023-05-30 15:00:00.000,26.3731965,summer weekday,25.44
3592,2023-05-30 16:00:00.000,28.432372500000003,summer weekday,30.1
3593,2023-05-30 17:00:00.000,29.609401500000004,summer weekday,30.1
3594,2023-05-30 18:00:00.000,32.97430500000001,summer weekday,34.9
3595,2023-05-30 19:00:00.000,36.680322,summer weekday,34.9
3596,2023-05-30 20:00:00.000,33.083011500000005,summer weekday,34.9
3597,2023-05-30 21:00:00.000,29.526934500000007,summer weekday,30.1
3598,2023-05-30 22:00:00.000,28.569817500000003,summer weekday,30.1
3599,2023-05-30 23:00:00.000,28.10375400000001,summer weekday,30.1
3600,2023-05-31 00:00:00.000,27.635191500000005,summer weekday,25.44
3601,2023-05-31 01:00:00.000,26.639340000000008,summer weekday,25.44
3602,2023-05-31 02:00:00.000,27.366549000000003,summer weekday,25.44
3603,2023-05-31 03:00:00.000,28.021287000000004,summer weekday,30.1
3604,2023-05-31 04:00:00.000,28.860951000000007,summer weekday,30.1
3605,2023-05-31 05:00:00.000,32.238349500000005,summer weekday,30.1
3606,2023-05-31 06:00:00.000,32.164629000000005,summer weekday,30.1
3607,2023-05-31 07:00:00.000,30.591508500000007,summer weekday,30.1
3608,2023-05-31 08:00:00.000,28.164979500000005,summer weekday,30.1
3609,2023-05-31 09:00:00.000,25.729704000000005,summer weekday,25.44
3610,2023-05-31 10:00:00.000,23.168229000000004,summer weekday,25.44
3611,2023-05-31 11:00:00.000,18.500097,summer weekday,25.44
3612,2023-05-31 12:00:00.000,17.365789,summer weekday,25.44
3613,2023-05-31 13:00:00.000,17.276479499999997,summer weekday,25.44
3614,2023-05-31 14:00:00.000,17.3488315,summer weekday,25.44
3615,2023-05-31 15:00:00.000,19.887042,summer weekday,25.44
3616,2023-05-31 16:00:00.000,26.045827500000005,summer weekday,25.44
3617,2023-05-31 17:00:00.000,28.1674785,summer weekday,30.1
3618,2023-05-31 18:00:00.000,30.895137,summer weekday,30.1
3619,2023-05-31 19:00:00.000,32.31207,summer weekday,30.1
3620,2023-05-31 20:00:00.000,30.3241155,summer weekday,30.1
3621,2023-05-31 21:00:00.000,29.148336000000004,summer weekday,30.1
3622,2023-05-31 22:00:00.000,27.755143500000003,summer weekday,25.44
3623,2023-05-31 23:00:00.000,27.88259250000001,summer weekday,30.1
3624,2023-06-01 00:00:00.000,26.651835,summer weekday,25.44
3625,2023-06-01 01:00:00.000,26.127045000000003,summer weekday,25.44
3626,2023-06-01 02:00:00.000,25.704714000000003,summer weekday,25.44
3627,2023-06-01 03:00:00.000,25.827165000000004,summer weekday,25.44
3628,2023-06-01 04:00:00.000,27.420277500000008,summer weekday,25.44
3629,2023-06-01 05:00:00.000,29.493198000000007,summer weekday,30.1
3630,2023-06-01 06:00:00.000,30.891388500000005,summer weekday,30.1
3631,2023-06-01 07:00:00.000,29.746846500000004,summer weekday,30.1
3632,2023-06-01 08:00:00.000,28.276185000000005,summer weekday,30.1
3633,2023-06-01 09:00:00.000,25.888390500000003,summer weekday,25.44
3634,2023-06-01 10:00:00.000,24.85505400000001,summer weekday,25.44
3635,2023-06-01 11:00:00.000,22.223607,summer weekday,25.44
3636,2023-06-01 12:00:00.000,18.5363325,summer weekday,25.44
3637,2023-06-01 13:00:00.000,17.7441495,summer weekday,25.44
3638,2023-06-01 14:00:00.000,19.0361325,summer weekday,25.44
3639,2023-06-01 15:00:00.000,24.382743,summer weekday,25.44
3640,2023-06-01 16:00:00.000,26.364450000000005,summer weekday,25.44
3641,2023-06-01 17:00:00.000,28.346157000000005,summer weekday,30.1
3642,2023-06-01 18:00:00.000,29.920527000000003,summer weekday,30.1
3643,2023-06-01 19:00:00.000,32.36704800000001,summer weekday,30.1
3644,2023-06-01 20:00:00.000,30.291628500000005,summer weekday,30.1
3645,2023-06-01 21:00:00.000,29.289529500000004,summer weekday,30.1
3646,2023-06-01 22:00:00.000,28.179973500000003,summer weekday,30.1
3647,2023-06-01 23:00:00.000,27.812620500000005,summer weekday,30.1
3648,2023-06-02 00:00:00.000,27.28908000000001,summer weekday,25.44
3649,2023-06-02 01:00:00.000,27.345307500000004,summer weekday,25.44
3650,2023-06-02 02:00:00.000,27.041679,summer weekday,25.44
3651,2023-06-02 03:00:00.000,27.503994,summer weekday,25.44
3652,2023-06-02 04:00:00.000,28.723506000000004,summer weekday,30.1
3653,2023-06-02 05:00:00.000,32.233351500000005,summer weekday,30.1
3654,2023-06-02 06:00:00.000,33.059271,summer weekday,34.9
3655,2023-06-02 07:00:00.000,29.3869905,summer weekday,30.1
3656,2023-06-02 08:00:00.000,27.910081500000008,summer weekday,30.1
3657,2023-06-02 09:00:00.000,26.37569550000001,summer weekday,25.44
3658,2023-06-02 10:00:00.000,25.258642500000004,summer weekday,25.44
3659,2023-06-02 11:00:00.000,24.372747000000004,summer weekday,25.44
3660,2023-06-02 12:00:00.000,22.69216950000001,summer weekday,25.44
3661,2023-06-02 13:00:00.000,21.968709,summer weekday,25.44
3662,2023-06-02 14:00:00.000,22.978305,summer weekday,25.44
3663,2023-06-02 15:00:00.000,24.648886500000007,summer weekday,25.44
3664,2023-06-02 16:00:00.000,26.94171900000001,summer weekday,25.44
3665,2023-06-02 17:00:00.000,28.10875200000001,summer weekday,30.1
3666,2023-06-02 18:00:00.000,30.002994000000005,summer weekday,30.1
3667,2023-06-02 19:00:00.000,31.175025000000005,summer weekday,30.1
3668,2023-06-02 20:00:00.000,30.026734500000007,summer weekday,30.1
3669,2023-06-02 21:00:00.000,28.933422000000004,summer weekday,30.1
3670,2023-06-02 22:00:00.000,27.996297,summer weekday,30.1
3671,2023-06-02 23:00:00.000,27.982552500000008,summer weekday,30.1
3672,2023-06-03 00:00:00.000,27.401535000000003,summer weekend,27.0
3673,2023-06-03 01:00:00.000,27.087910500000007,summer weekend,27.0
3674,2023-06-03 02:00:00.000,26.764290000000003,summer weekend,27.0
3675,2023-06-03 03:00:00.000,27.452764500000004,summer weekend,27.0
3676,2023-06-03 04:00:00.000,27.194118000000007,summer weekend,27.0
3677,2023-06-03 05:00:00.000,27.084162000000006,summer weekend,27.0
3678,2023-06-03 06:00:00.000,26.5681185,summer weekend,27.0
3679,2023-06-03 07:00:00.000,26.114550000000005,summer weekend,27.0
3680,2023-06-03 08:00:00.000,24.861301500000003,summer weekend,27.0
3681,2023-06-03 09:00:00.000,20.786682,summer weekend,19.7
3682,2023-06-03 10:00:00.000,17.9928,summer weekend,19.7
3683,2023-06-03 11:00:00.000,17.366919499999998,summer weekend,19.7
3684,2023-06-03 12:00:00.000,16.8129745,summer weekend,19.7
3685,2023-06-03 13:00:00.000,16.9848105,summer weekend,19.7
3686,2023-06-03 14:00:00.000,17.3623975,summer weekend,19.7
3687,2023-06-03 15:00:00.000,18.040281,summer weekend,19.7
3688,2023-06-03 16:00:00.000,23.073267,summer weekend,19.7
3689,2023-06-03 17:00:00.000,26.7393,summer weekend,27.0
3690,2023-06-03 18:00:00.000,27.983802,summer weekend,27.0
3691,2023-06-03 19:00:00.000,29.225805,summer weekend,27.0
3692,2023-06-03 20:00:00.000,29.225805,summer weekend,27.0
3693,2023-06-03 21:00:00.000,28.34990550000001,summer weekend,27.0
3694,2023-06-03 22:00:00.000,27.510241500000006,summer weekend,27.0
3695,2023-06-03 23:00:00.000,27.503994,summer weekend,27.0
3696,2023-06-04 00:00:00.000,26.72680500000001,summer weekend,27.0
3697,2023-06-04 01:00:00.000,26.428174500000004,summer weekend,27.0
3698,2023-06-04 02:00:00.000,26.320717500000008,summer weekend,27.0
3699,2023-06-04 03:00:00.000,26.506893000000005,summer weekend,27.0
3700,2023-06-04 04:00:00.000,26.393188500000004,summer weekend,27.0
3701,2023-06-04 05:00:00.000,25.9983465,summer weekend,27.0
3702,2023-06-04 06:00:00.000,25.461061500000003,summer weekend,27.0
3703,2023-06-04 07:00:00.000,23.71675950000001,summer weekend,27.0
3704,2023-06-04 08:00:00.000,20.1082035,summer weekend,19.7
3705,2023-06-04 09:00:00.000,18.0065445,summer weekend,19.7
3706,2023-06-04 10:00:00.000,17.368049999999997,summer weekend,19.7
3707,2023-06-04 11:00:00.000,16.805061,summer weekend,19.7
3708,2023-06-04 12:00:00.000,14.0387275,summer weekend,19.7
3709,2023-06-04 13:00:00.000,13.2586825,summer weekend,19.7
3710,2023-06-04 14:00:00.000,16.8785435,summer weekend,19.7
3711,2023-06-04 15:00:00.000,17.368049999999997,summer weekend,19.7
3712,2023-06-04 16:00:00.000,21.678825,summer weekend,19.7
3713,2023-06-04 17:00:00.000,27.140389500000005,summer weekend,27.0
3714,2023-06-04 18:00:00.000,29.730603,summer weekend,31.66
3715,2023-06-04 19:00:00.000,31.086310500000007,summer weekend,31.66
3716,2023-06-04 20:00:00.000,30.187920000000005,summer weekend,31.66
3717,2023-06-04 21:00:00.000,29.738100000000006,summer weekend,31.66
3718,2023-06-04 22:00:00.000,28.236201000000005,summer weekend,27.0
3719,2023-06-04 23:00:00.000,27.2028645,summer weekend,27.0
3720,2023-06-05 00:00:00.000,26.251995000000004,summer weekday,25.44
3721,2023-06-05 01:00:00.000,26.12329650000001,summer weekday,25.44
3722,2023-06-05 02:00:00.000,26.256993000000005,summer weekday,25.44
3723,2023-06-05 03:00:00.000,26.646837000000005,summer weekday,25.44
3724,2023-06-05 04:00:00.000,28.408632000000004,summer weekday,30.1
3725,2023-06-05 05:00:00.000,32.62319550000001,summer weekday,34.9
3726,2023-06-05 06:00:00.000,31.586110500000007,summer weekday,30.1
3727,2023-06-05 07:00:00.000,29.856802500000004,summer weekday,30.1
3728,2023-06-05 08:00:00.000,28.164979500000005,summer weekday,30.1
3729,2023-06-05 09:00:00.000,26.7393,summer weekday,25.44
3730,2023-06-05 10:00:00.000,26.12454600000001,summer weekday,25.44
3731,2023-06-05 11:00:00.000,26.035831500000004,summer weekday,25.44
3732,2023-06-05 12:00:00.000,26.030833500000007,summer weekday,25.44
3733,2023-06-05 13:00:00.000,25.873396500000005,summer weekday,25.44
3734,2023-06-05 14:00:00.000,26.095807500000003,summer weekday,25.44
3735,2023-06-05 15:00:00.000,27.225355500000003,summer weekday,25.44
3736,2023-06-05 16:00:00.000,28.588560000000005,summer weekday,30.1
3737,2023-06-05 17:00:00.000,29.958012000000004,summer weekday,30.1
3738,2023-06-05 18:00:00.000,34.280032500000004,summer weekday,34.9
3739,2023-06-05 19:00:00.000,37.0314315,summer weekday,34.9
3740,2023-06-05 20:00:00.000,33.41163,summer weekday,34.9
3741,2023-06-05 21:00:00.000,29.992998000000004,summer weekday,30.1
3742,2023-06-05 22:00:00.000,28.486101,summer weekday,30.1
3743,2023-06-05 23:00:00.000,27.392788500000005,summer weekday,25.44
3744,2023-06-06 00:00:00.000,27.285331500000005,summer weekday,25.44
3745,2023-06-06 01:00:00.000,27.272836500000004,summer weekday,25.44
3746,2023-06-06 02:00:00.000,27.64268850000001,summer weekday,25.44
3747,2023-06-06 03:00:00.000,28.13874000000001,summer weekday,30.1
3748,2023-06-06 04:00:00.000,28.682272500000003,summer weekday,30.1
3749,2023-06-06 05:00:00.000,35.66073000000001,summer weekday,34.9
3750,2023-06-06 06:00:00.000,36.520386,summer weekday,34.9
3751,2023-06-06 07:00:00.000,32.679423,summer weekday,34.9
3752,2023-06-06 08:00:00.000,29.225805,summer weekday,30.1
3753,2023-06-06 09:00:00.000,28.204963500000005,summer weekday,30.1
3754,2023-06-06 10:00:00.000,27.621447000000003,summer weekday,25.44
3755,2023-06-06 11:00:00.000,27.075415500000005,summer weekday,25.44
3756,2023-06-06 12:00:00.000,26.68807050000001,summer weekday,25.44
3757,2023-06-06 13:00:00.000,26.190769500000005,summer weekday,25.44
3758,2023-06-06 14:00:00.000,26.819268000000005,summer weekday,25.44
3759,2023-06-06 15:00:00.000,27.510241500000006,summer weekday,25.44
3760,2023-06-06 16:00:00.000,28.3524045,summer weekday,30.1
3761,2023-06-06 17:00:00.000,29.718108000000004,summer weekday,30.1
3762,2023-06-06 18:00:00.000,34.132591500000004,summer weekday,34.9
3763,2023-06-06 19:00:00.000,36.410430000000005,summer weekday,34.9
3764,2023-06-06 20:00:00.000,33.17797350000001,summer weekday,34.9
3765,2023-06-06 21:00:00.000,30.11794800000001,summer weekday,30.1
3766,2023-06-06 22:00:00.000,28.612300500000007,summer weekday,30.1
3767,2023-06-06 23:00:00.000,29.05837200000001,summer weekday,30.1
3768,2023-06-07 00:00:00.000,28.592308500000005,summer weekday,30.1
3769,2023-06-07 01:00:00.000,28.646037,summer weekday,30.1
3770,2023-06-07 02:00:00.000,28.63854000000001,summer weekday,30.1
3771,2023-06-07 03:00:00.000,28.698516000000005,summer weekday,30.1
3772,2023-06-07 04:00:00.000,29.600655000000003,summer weekday,30.1
3773,2023-06-07 05:00:00.000,33.31916700000001,summer weekday,34.9
3774,2023-06-07 06:00:00.000,35.6719755,summer weekday,34.9
3775,2023-06-07 07:00:00.000,31.694817000000004,summer weekday,30.1
3776,2023-06-07 08:00:00.000,29.679373500000004,summer weekday,30.1
3777,2023-06-07 09:00:00.000,29.0046435,summer weekday,30.1
3778,2023-06-07 10:00:00.000,28.188720000000007,summer weekday,30.1
3779,2023-06-07 11:00:00.000,27.357802500000005,summer weekday,25.44
3780,2023-06-07 12:00:00.000,27.101655000000008,summer weekday,25.44
3781,2023-06-07 13:00:00.000,26.920477500000004,summer weekday,25.44
3782,2023-06-07 14:00:00.000,27.245347500000005,summer weekday,25.44
3783,2023-06-07 15:00:00.000,27.32781450000001,summer weekday,25.44
3784,2023-06-07 16:00:00.000,29.140839000000007,summer weekday,30.1
3785,2023-06-07 17:00:00.000,29.9967465,summer weekday,30.1
3786,2023-06-07 18:00:00.000,34.676124,summer weekday,34.9
3787,2023-06-07 19:00:00.000,35.823165,summer weekday,34.9
3788,2023-06-07 20:00:00.000,33.3054225,summer weekday,34.9
3789,2023-06-07 21:00:00.000,30.590259000000003,summer weekday,30.1
3790,2023-06-07 22:00:00.000,29.225805,summer weekday,30.1
3791,2023-06-07 23:00:00.000,29.104603500000003,summer weekday,30.1
3792,2023-06-08 00:00:00.000,28.521087000000005,summer weekend,27.0
3793,2023-06-08 01:00:00.000,27.743898,summer weekend,27.0
3794,2023-06-08 02:00:00.000,27.351555000000005,summer weekend,27.0
3795,2023-06-08 03:00:00.000,27.618948000000007,summer weekend,27.0
3796,2023-06-08 04:00:00.000,28.418628,summer weekend,27.0
3797,2023-06-08 05:00:00.000,29.114599500000008,summer weekend,27.0
3798,2023-06-08 06:00:00.000,29.020887000000005,summer weekend,27.0
3799,2023-06-08 07:00:00.000,28.788480000000003,summer weekend,27.0
3800,2023-06-08 08:00:00.000,27.836361000000004,summer weekend,27.0
3801,2023-06-08 09:00:00.000,26.69431800000001,summer weekend,27.0
3802,2023-06-08 10:00:00.000,25.927125000000004,summer weekend,27.0
3803,2023-06-08 11:00:00.000,25.392339000000003,summer weekend,27.0
3804,2023-06-08 12:00:00.000,25.34485800000001,summer weekend,27.0
3805,2023-06-08 13:00:00.000,25.372347000000005,summer weekend,27.0
3806,2023-06-08 14:00:00.000,25.855903500000007,summer weekend,27.0
3807,2023-06-08 15:00:00.000,26.2607415,summer weekend,27.0
3808,2023-06-08 16:00:00.000,26.876745000000003,summer weekend,27.0
3809,2023-06-08 17:00:00.000,28.671027,summer weekend,27.0
3810,2023-06-08 18:00:00.000,30.116698500000005,summer weekend,31.66
3811,2023-06-08 19:00:00.000,31.592358000000004,summer weekend,31.66
3812,2023-06-08 20:00:00.000,30.487800000000004,summer weekend,31.66
3813,2023-06-08 21:00:00.000,29.435721000000004,summer weekend,31.66
3814,2023-06-08 22:00:00.000,28.7385,summer weekend,27.0
3815,2023-06-08 23:00:00.000,29.2383,summer weekend,27.0
3816,2023-06-09 00:00:00.000,28.576065000000003,summer weekend,27.0
3817,2023-06-09 01:00:00.000,27.33031350000001,summer weekend,27.0
3818,2023-06-09 02:00:00.000,26.86425,summer weekend,27.0
3819,2023-06-09 03:00:00.000,26.8979865,summer weekend,27.0
3820,2023-06-09 04:00:00.000,28.496097,summer weekend,27.0
3821,2023-06-09 05:00:00.000,30.330363,summer weekend,31.66
3822,2023-06-09 06:00:00.000,30.359101500000005,summer weekend,31.66
3823,2023-06-09 07:00:00.000,30.355353000000004,summer weekend,31.66
3824,2023-06-09 08:00:00.000,28.787230500000003,summer weekend,27.0
3825,2023-06-09 09:00:00.000,27.64643700000001,summer weekend,27.0
3826,2023-06-09 10:00:00.000,26.793028500000005,summer weekend,27.0
3827,2023-06-09 11:00:00.000,26.118298500000005,summer weekend,27.0
3828,2023-06-09 12:00:00.000,25.48980000000001,summer weekend,27.0
3829,2023-06-09 13:00:00.000,25.372347000000005,summer weekend,27.0
3830,2023-06-09 14:00:00.000,25.91338050000001,summer weekend,27.0
3831,2023-06-09 15:00:00.000,26.444418,summer weekend,27.0
3832,2023-06-09 16:00:00.000,27.4427685,summer weekend,27.0
3833,2023-06-09 17:00:00.000,29.2383,summer weekend,27.0
3834,2023-06-09 18:00:00.000,30.377844000000003,summer weekend,31.66
3835,2023-06-09 19:00:00.000,30.668977500000004,summer weekend,31.66
3836,2023-06-09 20:00:00.000,30.377844000000003,summer weekend,31.66
3837,2023-06-09 21:00:00.000,29.54817600000001,summer weekend,31.66
3838,2023-06-09 22:00:00.000,28.113750000000003,summer weekend,27.0
3839,2023-06-09 23:00:00.000,28.49234850000001,summer weekend,27.0
3840,2023-06-10 00:00:00.000,27.876345000000004,summer weekend,27.0
3841,2023-06-10 01:00:00.000,27.880093500000005,summer weekend,27.0
3842,2023-06-10 02:00:00.000,27.404034000000003,summer weekend,27.0
3843,2023-06-10 03:00:00.000,27.044178,summer weekend,27.0
3844,2023-06-10 04:00:00.000,27.3478065,summer weekend,27.0
3845,2023-06-10 05:00:00.000,27.2928285,summer weekend,27.0
3846,2023-06-10 06:00:00.000,27.98880000000001,summer weekend,27.0
3847,2023-06-10 07:00:00.000,27.588960000000004,summer weekend,27.0
3848,2023-06-10 08:00:00.000,25.363600500000004,summer weekend,27.0
3849,2023-06-10 09:00:00.000,20.7304545,summer weekend,19.7
3850,2023-06-10 10:00:00.000,18.9311745,summer weekend,19.7
3851,2023-06-10 11:00:00.000,17.378046,summer weekend,19.7
3852,2023-06-10 12:00:00.000,15.111571999999995,summer weekend,19.7
3853,2023-06-10 13:00:00.000,15.1036585,summer weekend,19.7
3854,2023-06-10 14:00:00.000,16.8061915,summer weekend,19.7
3855,2023-06-10 15:00:00.000,17.685422999999997,summer weekend,19.7
3856,2023-06-10 16:00:00.000,22.928325000000005,summer weekend,19.7
3857,2023-06-10 17:00:00.000,26.735551500000003,summer weekend,27.0
3858,2023-06-10 18:00:00.000,28.133742,summer weekend,27.0
3859,2023-06-10 19:00:00.000,28.122496500000008,summer weekend,27.0
3860,2023-06-10 20:00:00.000,27.192868500000003,summer weekend,27.0
3861,2023-06-10 21:00:00.000,27.487750500000004,summer weekend,27.0
3862,2023-06-10 22:00:00.000,26.058322500000006,summer weekend,27.0
3863,2023-06-10 23:00:00.000,25.461061500000003,summer weekend,27.0
3864,2023-06-11 00:00:00.000,24.623896500000004,summer weekend,27.0
3865,2023-06-11 01:00:00.000,23.975406000000003,summer weekend,27.0
3866,2023-06-11 02:00:00.000,23.6068035,summer weekend,27.0
3867,2023-06-11 03:00:00.000,23.855454000000005,summer weekend,27.0
3868,2023-06-11 04:00:00.000,23.5068435,summer weekend,27.0
3869,2023-06-11 05:00:00.000,23.61180150000001,summer weekend,27.0
3870,2023-06-11 06:00:00.000,23.205714,summer weekend,19.7
3871,2023-06-11 07:00:00.000,20.921628,summer weekend,19.7
3872,2023-06-11 08:00:00.000,19.354755,summer weekend,19.7
3873,2023-06-11 09:00:00.000,17.369299499999997,summer weekend,19.7
3874,2023-06-11 10:00:00.000,17.178126000000002,summer weekend,19.7
3875,2023-06-11 11:00:00.000,15.150009,summer weekend,19.7
3876,2023-06-11 12:00:00.000,13.4124305,summer weekend,19.7
3877,2023-06-11 13:00:00.000,13.4169525,summer weekend,19.7
3878,2023-06-11 14:00:00.000,16.132413500000002,summer weekend,19.7
3879,2023-06-11 15:00:00.000,17.3578755,summer weekend,19.7
3880,2023-06-11 16:00:00.000,20.856654,summer weekend,19.7
3881,2023-06-11 17:00:00.000,27.841359000000004,summer weekend,27.0
3882,2023-06-11 18:00:00.000,29.851804500000004,summer weekend,31.66
3883,2023-06-11 19:00:00.000,30.731452500000003,summer weekend,31.66
3884,2023-06-11 20:00:00.000,30.68772000000001,summer weekend,31.66
3885,2023-06-11 21:00:00.000,29.6568825,summer weekend,31.66
3886,2023-06-11 22:00:00.000,28.4748555,summer weekend,27.0
3887,2023-06-11 23:00:00.000,29.154583500000005,summer weekend,27.0
3888,2023-06-12 00:00:00.000,27.998796,summer weekday,30.1
3889,2023-06-12 01:00:00.000,27.991299000000005,summer weekday,30.1
3890,2023-06-12 02:00:00.000,27.567718500000005,summer weekday,25.44
3891,2023-06-12 03:00:00.000,27.85760250000001,summer weekday,30.1
3892,2023-06-12 04:00:00.000,29.248296000000007,summer weekday,30.1
3893,2023-06-12 05:00:00.000,30.79142850000001,summer weekday,30.1
3894,2023-06-12 06:00:00.000,33.216708000000004,summer weekday,34.9
3895,2023-06-12 07:00:00.000,32.9105805,summer weekday,34.9
3896,2023-06-12 08:00:00.000,30.6139995,summer weekday,30.1
3897,2023-06-12 09:00:00.000,28.609801500000003,summer weekday,30.1
3898,2023-06-12 10:00:00.000,26.859252,summer weekday,25.44
3899,2023-06-12 11:00:00.000,25.6934685,summer weekday,25.44
3900,2023-06-12 12:00:00.000,24.9912495,summer weekday,25.44
3901,2023-06-12 13:00:00.000,25.392339000000003,summer weekday,25.44
3902,2023-06-12 14:00:00.000,26.859252,summer weekday,25.44
3903,2023-06-12 15:00:00.000,27.966309000000003,summer weekday,30.1
3904,2023-06-12 16:00:00.000,29.563170000000003,summer weekday,30.1
3905,2023-06-12 17:00:00.000,31.072566000000005,summer weekday,30.1
3906,2023-06-12 18:00:00.000,33.991398000000004,summer weekday,34.9
3907,2023-06-12 19:00:00.000,35.2221555,summer weekday,34.9
3908,2023-06-12 20:00:00.000,31.978453500000004,summer weekday,30.1
3909,2023-06-12 21:00:00.000,30.7377,summer weekday,30.1
3910,2023-06-12 22:00:00.000,29.625645,summer weekday,30.1
3911,2023-06-12 23:00:00.000,28.502344500000003,summer weekday,30.1
3912,2023-06-13 00:00:00.000,27.711411000000005,summer weekday,25.44
3913,2023-06-13 01:00:00.000,27.775135500000008,summer weekday,30.1
3914,2023-06-13 02:00:00.000,27.707662500000005,summer weekday,25.44
3915,2023-06-13 03:00:00.000,27.960061500000005,summer weekday,30.1
3916,2023-06-13 04:00:00.000,28.618548000000008,summer weekday,30.1
3917,2023-06-13 05:00:00.000,31.754793000000003,summer weekday,30.1
3918,2023-06-13 06:00:00.000,32.303323500000005,summer weekday,30.1
3919,2023-06-13 07:00:00.000,32.36704800000001,summer weekday,30.1
3920,2023-06-13 08:00:00.000,30.252894000000005,summer weekday,30.1
3921,2023-06-13 09:00:00.000,27.998796,summer weekday,30.1
3922,2023-06-13 10:00:00.000,27.022936500000007,summer weekday,25.44
3923,2023-06-13 11:00:00.000,24.380244000000005,summer weekday,25.44
3924,2023-06-13 12:00:00.000,23.64054,summer weekday,25.44
3925,2023-06-13 13:00:00.000,23.428125,summer weekday,25.44
3926,2023-06-13 14:00:00.000,25.248646500000003,summer weekday,25.44
3927,2023-06-13 15:00:00.000,26.536881000000005,summer weekday,25.44
3928,2023-06-13 16:00:00.000,27.942568500000004,summer weekday,30.1
3929,2023-06-13 17:00:00.000,30.035481,summer weekday,30.1
3930,2023-06-13 18:00:00.000,31.3612005,summer weekday,30.1
3931,2023-06-13 19:00:00.000,32.372046000000005,summer weekday,30.1
3932,2023-06-13 20:00:00.000,31.737300000000005,summer weekday,30.1
3933,2023-06-13 21:00:00.000,30.487800000000004,summer weekday,30.1
3934,2023-06-13 22:00:00.000,29.66063100000001,summer weekday,30.1
3935,2023-06-13 23:00:00.000,29.398236000000004,summer weekday,30.1
3936,2023-06-14 00:00:00.000,28.448616000000005,summer weekday,30.1
3937,2023-06-14 01:00:00.000,28.236201000000005,summer weekday,30.1
3938,2023-06-14 02:00:00.000,28.144987500000003,summer weekday,30.1
3939,2023-06-14 03:00:00.000,28.397386500000003,summer weekday,30.1
3940,2023-06-14 04:00:00.000,29.630643000000006,summer weekday,30.1
3941,2023-06-14 05:00:00.000,33.227953500000005,summer weekday,34.9
3942,2023-06-14 06:00:00.000,34.3874895,summer weekday,34.9
3943,2023-06-14 07:00:00.000,33.361650000000004,summer weekday,34.9
3944,2023-06-14 08:00:00.000,30.277884000000004,summer weekday,30.1
3945,2023-06-14 09:00:00.000,28.32116700000001,summer weekday,30.1
3946,2023-06-14 10:00:00.000,27.165379500000004,summer weekday,25.44
3947,2023-06-14 11:00:00.000,26.630593500000003,summer weekday,25.44
3948,2023-06-14 12:00:00.000,26.770537500000007,summer weekday,25.44
3949,2023-06-14 13:00:00.000,27.105403500000005,summer weekday,25.44
3950,2023-06-14 14:00:00.000,27.171627000000004,summer weekday,25.44
3951,2023-06-14 15:00:00.000,27.803874000000008,summer weekday,30.1
3952,2023-06-14 16:00:00.000,29.683122000000008,summer weekday,30.1
3953,2023-06-14 17:00:00.000,31.708561500000005,summer weekday,30.1
3954,2023-06-14 18:00:00.000,35.1196965,summer weekday,34.9
3955,2023-06-14 19:00:00.000,36.382941,summer weekday,34.9
3956,2023-06-14 20:00:00.000,34.849804500000005,summer weekday,34.9
3957,2023-06-14 21:00:00.000,32.33331150000001,summer weekday,30.1
3958,2023-06-14 22:00:00.000,30.9713565,summer weekday,30.1
3959,2023-06-14 23:00:00.000,30.752694000000005,summer weekday,30.1
3960,2023-06-15 00:00:00.000,30.2091615,summer weekday,30.1
3961,2023-06-15 01:00:00.000,29.940519,summer weekday,30.1
3962,2023-06-15 02:00:00.000,29.91053100000001,summer weekday,30.1
3963,2023-06-15 03:00:00.000,29.90928150000001,summer weekday,30.1
3964,2023-06-15 04:00:00.000,31.607352,summer weekday,30.1
3965,2023-06-15 05:00:00.000,37.84985400000001,summer weekday,34.9
3966,2023-06-15 06:00:00.000,38.122245,summer weekday,34.9
3967,2023-06-15 07:00:00.000,34.86979650000001,summer weekday,34.9
3968,2023-06-15 08:00:00.000,31.86225,summer weekday,30.1
3969,2023-06-15 09:00:00.000,30.320367000000005,summer weekday,30.1
3970,2023-06-15 10:00:00.000,29.615649000000005,summer weekday,30.1
3971,2023-06-15 11:00:00.000,28.893438000000003,summer weekday,30.1
3972,2023-06-15 12:00:00.000,28.613550000000004,summer weekday,30.1
3973,2023-06-15 13:00:00.000,28.613550000000004,summer weekday,30.1
3974,2023-06-15 14:00:00.000,28.864699500000004,summer weekday,30.1
3975,2023-06-15 15:00:00.000,29.456962500000007,summer weekday,30.1
3976,2023-06-15 16:00:00.000,30.475305,summer weekday,30.1
3977,2023-06-15 17:00:00.000,33.03553050000001,summer weekday,34.9
3978,2023-06-15 18:00:00.000,36.900234000000005,summer weekday,34.9
3979,2023-06-15 19:00:00.000,39.769086,summer weekday,34.9
3980,2023-06-15 20:00:00.000,38.926923,summer weekday,34.9
3981,2023-06-15 21:00:00.000,36.105552,summer weekday,34.9
3982,2023-06-15 22:00:00.000,32.989299,summer weekday,34.9
3983,2023-06-15 23:00:00.000,33.131742,summer weekday,34.9
3984,2023-06-16 00:00:00.000,32.564469,summer weekday,34.9
3985,2023-06-16 01:00:00.000,31.81102050000001,summer weekday,30.1
3986,2023-06-16 02:00:00.000,31.449915,summer weekday,30.1
3987,2023-06-16 03:00:00.000,31.49739600000001,summer weekday,30.1
3988,2023-06-16 04:00:00.000,32.083411500000004,summer weekday,30.1
3989,2023-06-16 05:00:00.000,35.22340500000001,summer weekday,34.9
3990,2023-06-16 06:00:00.000,36.57786300000001,summer weekday,34.9
3991,2023-06-16 07:00:00.000,35.559520500000005,summer weekday,34.9
3992,2023-06-16 08:00:00.000,32.881842000000006,summer weekday,34.9
3993,2023-06-16 09:00:00.000,31.387440000000005,summer weekday,30.1
3994,2023-06-16 10:00:00.000,30.986350500000004,summer weekday,30.1
3995,2023-06-16 11:00:00.000,30.7814325,summer weekday,30.1
3996,2023-06-16 12:00:00.000,30.037980000000005,summer weekday,30.1
3997,2023-06-16 13:00:00.000,29.776834500000007,summer weekday,30.1
3998,2023-06-16 14:00:00.000,30.069217500000004,summer weekday,30.1
3999,2023-06-16 15:00:00.000,30.9213765,summer weekday,30.1
4000,2023-06-16 16:00:00.000,31.742298000000005,summer weekday,30.1
4001,2023-06-16 17:00:00.000,34.280032500000004,summer weekday,34.9
4002,2023-06-16 18:00:00.000,37.5087405,summer weekday,34.9
4003,2023-06-16 19:00:00.000,39.246795,summer weekday,34.9
4004,2023-06-16 20:00:00.000,38.6582805,summer weekday,34.9
4005,2023-06-16 21:00:00.000,36.365448,summer weekday,34.9
4006,2023-06-16 22:00:00.000,34.697365500000004,summer weekday,34.9
4007,2023-06-16 23:00:00.000,33.712759500000004,summer weekday,34.9
4008,2023-06-17 00:00:00.000,32.71191,summer weekend,31.66
4009,2023-06-17 01:00:00.000,32.363299500000004,summer weekend,31.66
4010,2023-06-17 02:00:00.000,31.9184775,summer weekend,31.66
4011,2023-06-17 03:00:00.000,31.246246500000005,summer weekend,31.66
4012,2023-06-17 04:00:00.000,31.11255000000001,summer weekend,31.66
4013,2023-06-17 05:00:00.000,31.151284500000006,summer weekend,31.66
4014,2023-06-17 06:00:00.000,30.868897500000003,summer weekend,31.66
4015,2023-06-17 07:00:00.000,29.988000000000007,summer weekend,31.66
4016,2023-06-17 08:00:00.000,29.313270000000003,summer weekend,27.0
4017,2023-06-17 09:00:00.000,27.98880000000001,summer weekend,27.0
4018,2023-06-17 10:00:00.000,26.113300500000005,summer weekend,27.0
4019,2023-06-17 11:00:00.000,24.785082000000003,summer weekend,27.0
4020,2023-06-17 12:00:00.000,23.415630000000004,summer weekend,27.0
4021,2023-06-17 13:00:00.000,22.288581,summer weekend,19.7
4022,2023-06-17 14:00:00.000,24.375246000000004,summer weekend,27.0
4023,2023-06-17 15:00:00.000,27.98880000000001,summer weekend,27.0
4024,2023-06-17 16:00:00.000,30.052974000000003,summer weekend,31.66
4025,2023-06-17 17:00:00.000,31.776034500000005,summer weekend,31.66
4026,2023-06-17 18:00:00.000,34.58491050000001,summer weekend,31.66
4027,2023-06-17 19:00:00.000,35.7319515,summer weekend,31.66
4028,2023-06-17 20:00:00.000,36.73530000000001,summer weekend,31.66
4029,2023-06-17 21:00:00.000,35.6569815,summer weekend,31.66
4030,2023-06-17 22:00:00.000,34.44246750000001,summer weekend,31.66
4031,2023-06-17 23:00:00.000,33.436620000000005,summer weekend,31.66
4032,2023-06-18 00:00:00.000,32.160880500000005,summer weekend,31.66
4033,2023-06-18 01:00:00.000,31.238749500000008,summer weekend,31.66
4034,2023-06-18 02:00:00.000,30.97010700000001,summer weekend,31.66
4035,2023-06-18 03:00:00.000,30.362850000000005,summer weekend,31.66
4036,2023-06-18 04:00:00.000,30.186670500000005,summer weekend,31.66
4037,2023-06-18 05:00:00.000,29.616898500000005,summer weekend,31.66
4038,2023-06-18 06:00:00.000,28.870947,summer weekend,27.0
4039,2023-06-18 07:00:00.000,27.98880000000001,summer weekend,27.0
4040,2023-06-18 08:00:00.000,27.130393500000004,summer weekend,27.0
4041,2023-06-18 09:00:00.000,25.284882000000007,summer weekend,27.0
4042,2023-06-18 10:00:00.000,24.0716175,summer weekend,27.0
4043,2023-06-18 11:00:00.000,23.089510500000003,summer weekend,19.7
4044,2023-06-18 12:00:00.000,21.039081,summer weekend,19.7
4045,2023-06-18 13:00:00.000,20.4905505,summer weekend,19.7
4046,2023-06-18 14:00:00.000,23.488101000000004,summer weekend,27.0
4047,2023-06-18 15:00:00.000,26.7393,summer weekend,27.0
4048,2023-06-18 16:00:00.000,29.067118500000003,summer weekend,27.0
4049,2023-06-18 17:00:00.000,30.766438500000007,summer weekend,31.66
4050,2023-06-18 18:00:00.000,33.74899500000001,summer weekend,31.66
4051,2023-06-18 19:00:00.000,34.8922875,summer weekend,31.66
4052,2023-06-18 20:00:00.000,34.5449265,summer weekend,31.66
4053,2023-06-18 21:00:00.000,34.5449265,summer weekend,31.66
4054,2023-06-18 22:00:00.000,32.06466900000001,summer weekend,31.66
4055,2023-06-18 23:00:00.000,29.865549,summer weekend,31.66
4056,2023-06-19 00:00:00.000,29.078364000000004,summer weekday,30.1
4057,2023-06-19 01:00:00.000,28.442368500000004,summer weekday,30.1
4058,2023-06-19 02:00:00.000,28.578564000000004,summer weekday,30.1
4059,2023-06-19 03:00:00.000,29.144587500000004,summer weekday,30.1
4060,2023-06-19 04:00:00.000,29.357002500000004,summer weekday,30.1
4061,2023-06-19 05:00:00.000,32.10840150000001,summer weekday,30.1
4062,2023-06-19 06:00:00.000,34.1275935,summer weekday,34.9
4063,2023-06-19 07:00:00.000,33.9401685,summer weekday,34.9
4064,2023-06-19 08:00:00.000,31.8185175,summer weekday,30.1
4065,2023-06-19 09:00:00.000,30.377844000000003,summer weekday,30.1
4066,2023-06-19 10:00:00.000,29.5219365,summer weekday,30.1
4067,2023-06-19 11:00:00.000,29.028384000000003,summer weekday,30.1
4068,2023-06-19 12:00:00.000,28.621047000000004,summer weekday,30.1
4069,2023-06-19 13:00:00.000,28.417378500000005,summer weekday,30.1
4070,2023-06-19 14:00:00.000,29.142088500000007,summer weekday,30.1
4071,2023-06-19 15:00:00.000,29.634391500000003,summer weekday,30.1
4072,2023-06-19 16:00:00.000,31.122546,summer weekday,30.1
4073,2023-06-19 17:00:00.000,34.486200000000004,summer weekday,34.9
4074,2023-06-19 18:00:00.000,38.6482845,summer weekday,34.9
4075,2023-06-19 19:00:00.000,42.07941149999999,summer weekday,34.9
4076,2023-06-19 20:00:00.000,39.669126,summer weekday,34.9
4077,2023-06-19 21:00:00.000,36.1492845,summer weekday,34.9
4078,2023-06-19 22:00:00.000,34.2525435,summer weekday,34.9
4079,2023-06-19 23:00:00.000,32.510740500000004,summer weekday,34.9
4080,2023-06-20 00:00:00.000,31.202514000000004,summer weekday,30.1
4081,2023-06-20 01:00:00.000,30.386590500000004,summer weekday,30.1
4082,2023-06-20 02:00:00.000,30.0342315,summer weekday,30.1
4083,2023-06-20 03:00:00.000,30.000495,summer weekday,30.1
4084,2023-06-20 04:00:00.000,30.698965500000003,summer weekday,30.1
4085,2023-06-20 05:00:00.000,33.6053025,summer weekday,34.9
4086,2023-06-20 06:00:00.000,35.53328100000001,summer weekday,34.9
4087,2023-06-20 07:00:00.000,35.709460500000006,summer weekday,34.9
4088,2023-06-20 08:00:00.000,33.729003,summer weekday,34.9
4089,2023-06-20 09:00:00.000,31.623595500000004,summer weekday,30.1
4090,2023-06-20 10:00:00.000,30.5640195,summer weekday,30.1
4091,2023-06-20 11:00:00.000,29.878044000000006,summer weekday,30.1
4092,2023-06-20 12:00:00.000,29.319517500000007,summer weekday,30.1
4093,2023-06-20 13:00:00.000,29.190819000000005,summer weekday,30.1
4094,2023-06-20 14:00:00.000,30.010491000000005,summer weekday,30.1
4095,2023-06-20 15:00:00.000,30.534031500000005,summer weekday,30.1
4096,2023-06-20 16:00:00.000,32.19211800000001,summer weekday,30.1
4097,2023-06-20 17:00:00.000,34.861050000000006,summer weekday,34.9
4098,2023-06-20 18:00:00.000,37.4337705,summer weekday,34.9
4099,2023-06-20 19:00:00.000,37.99479600000001,summer weekday,34.9
4100,2023-06-20 20:00:00.000,36.11055,summer weekday,34.9
4101,2023-06-20 21:00:00.000,34.61115,summer weekday,34.9
4102,2023-06-20 22:00:00.000,32.3957865,summer weekday,30.1
4103,2023-06-20 23:00:00.000,32.32456500000001,summer weekday,30.1
4104,2023-06-21 00:00:00.000,31.2112605,summer weekday,30.1
4105,2023-06-21 01:00:00.000,30.467808000000005,summer weekday,30.1
4106,2023-06-21 02:00:00.000,30.354103500000004,summer weekday,30.1
4107,2023-06-21 03:00:00.000,30.33411150000001,summer weekday,30.1
4108,2023-06-21 04:00:00.000,30.741448500000004,summer weekday,30.1
4109,2023-06-21 05:00:00.000,33.25794150000001,summer weekday,34.9
4110,2023-06-21 06:00:00.000,34.569916500000005,summer weekday,34.9
4111,2023-06-21 07:00:00.000,35.432071500000006,summer weekday,34.9
4112,2023-06-21 08:00:00.000,33.13674000000001,summer weekday,34.9
4113,2023-06-21 09:00:00.000,31.105053,summer weekday,30.1
4114,2023-06-21 10:00:00.000,30.239149500000007,summer weekday,30.1
4115,2023-06-21 11:00:00.000,29.6393895,summer weekday,30.1
4116,2023-06-21 12:00:00.000,29.212060500000003,summer weekday,30.1
4117,2023-06-21 13:00:00.000,28.908432,summer weekday,30.1
4118,2023-06-21 14:00:00.000,29.598156000000003,summer weekday,30.1
4119,2023-06-21 15:00:00.000,29.8892895,summer weekday,30.1
4120,2023-06-21 16:00:00.000,31.569867,summer weekday,30.1
4121,2023-06-21 17:00:00.000,34.637389500000005,summer weekday,34.9
4122,2023-06-21 18:00:00.000,38.2984245,summer weekday,34.9
4123,2023-06-21 19:00:00.000,41.1972645,summer weekday,34.9
4124,2023-06-21 20:00:00.000,40.011489,summer weekday,34.9
4125,2023-06-21 21:00:00.000,36.73530000000001,summer weekday,34.9
4126,2023-06-21 22:00:00.000,34.221306000000006,summer weekday,34.9
4127,2023-06-21 23:00:00.000,33.9801525,summer weekday,34.9
4128,2023-06-22 00:00:00.000,32.801874000000005,summer weekday,34.9
4129,2023-06-22 01:00:00.000,31.798525500000004,summer weekday,30.1
4130,2023-06-22 02:00:00.000,31.279983000000005,summer weekday,30.1
4131,2023-06-22 03:00:00.000,30.740199000000004,summer weekday,30.1
4132,2023-06-22 04:00:00.000,31.831012500000003,summer weekday,30.1
4133,2023-06-22 05:00:00.000,34.563669000000004,summer weekday,34.9
4134,2023-06-22 06:00:00.000,36.450414,summer weekday,34.9
4135,2023-06-22 07:00:00.000,36.60285300000001,summer weekday,34.9
4136,2023-06-22 08:00:00.000,33.62654400000001,summer weekday,34.9
4137,2023-06-22 09:00:00.000,31.86225,summer weekday,30.1
4138,2023-06-22 10:00:00.000,30.830163,summer weekday,30.1
4139,2023-06-22 11:00:00.000,30.702714000000007,summer weekday,30.1
4140,2023-06-22 12:00:00.000,30.711460500000005,summer weekday,30.1
4141,2023-06-22 13:00:00.000,30.670227,summer weekday,30.1
4142,2023-06-22 14:00:00.000,30.71395950000001,summer weekday,30.1
4143,2023-06-22 15:00:00.000,30.886390500000005,summer weekday,30.1
4144,2023-06-22 16:00:00.000,33.083011500000005,summer weekday,34.9
4145,2023-06-22 17:00:00.000,34.52368500000001,summer weekday,34.9
4146,2023-06-22 18:00:00.000,37.03892850000001,summer weekday,34.9
4147,2023-06-22 19:00:00.000,36.73530000000001,summer weekday,34.9
4148,2023-06-22 20:00:00.000,35.758191000000004,summer weekday,34.9
4149,2023-06-22 21:00:00.000,34.153833000000006,summer weekday,34.9
4150,2023-06-22 22:00:00.000,32.4707565,summer weekday,30.1
4151,2023-06-22 23:00:00.000,30.337860000000003,summer weekday,30.1
4152,2023-06-23 00:00:00.000,29.263290000000005,summer weekday,30.1
4153,2023-06-23 01:00:00.000,28.837210500000005,summer weekday,30.1
4154,2023-06-23 02:00:00.000,28.773486000000005,summer weekday,30.1
4155,2023-06-23 03:00:00.000,28.731003000000005,summer weekday,30.1
4156,2023-06-23 04:00:00.000,29.183322000000004,summer weekday,30.1
4157,2023-06-23 05:00:00.000,31.74854550000001,summer weekday,30.1
4158,2023-06-23 06:00:00.000,33.479103,summer weekday,34.9
4159,2023-06-23 07:00:00.000,33.720256500000005,summer weekday,34.9
4160,2023-06-23 08:00:00.000,32.56821750000001,summer weekday,34.9
4161,2023-06-23 09:00:00.000,30.6464865,summer weekday,30.1
4162,2023-06-23 10:00:00.000,29.625645,summer weekday,30.1
4163,2023-06-23 11:00:00.000,28.9884,summer weekday,30.1
4164,2023-06-23 12:00:00.000,28.222456500000007,summer weekday,30.1
4165,2023-06-23 13:00:00.000,27.361551,summer weekday,25.44
4166,2023-06-23 14:00:00.000,27.276585000000004,summer weekday,25.44
4167,2023-06-23 15:00:00.000,28.222456500000007,summer weekday,30.1
4168,2023-06-23 16:00:00.000,29.488200000000003,summer weekday,30.1
4169,2023-06-23 17:00:00.000,30.798925500000003,summer weekday,30.1
4170,2023-06-23 18:00:00.000,33.569067000000004,summer weekday,34.9
4171,2023-06-23 19:00:00.000,34.498695000000005,summer weekday,34.9
4172,2023-06-23 20:00:00.000,34.23505050000001,summer weekday,34.9
4173,2023-06-23 21:00:00.000,33.696516,summer weekday,34.9
4174,2023-06-23 22:00:00.000,32.651934000000004,summer weekday,34.9
4175,2023-06-23 23:00:00.000,32.029683000000006,summer weekday,30.1
4176,2023-06-24 00:00:00.000,31.077564,summer weekend,31.66
4177,2023-06-24 01:00:00.000,30.222906000000005,summer weekend,31.66
4178,2023-06-24 02:00:00.000,29.9017845,summer weekend,31.66
4179,2023-06-24 03:00:00.000,29.154583500000005,summer weekend,27.0
4180,2023-06-24 04:00:00.000,28.927174500000007,summer weekend,27.0
4181,2023-06-24 05:00:00.000,28.899685500000007,summer weekend,27.0
4182,2023-06-24 06:00:00.000,28.900935000000008,summer weekend,27.0
4183,2023-06-24 07:00:00.000,28.6847715,summer weekend,27.0
4184,2023-06-24 08:00:00.000,27.57521550000001,summer weekend,27.0
4185,2023-06-24 09:00:00.000,24.57016800000001,summer weekend,27.0
4186,2023-06-24 10:00:00.000,20.4918,summer weekend,19.7
4187,2023-06-24 11:00:00.000,19.2410505,summer weekend,19.7
4188,2023-06-24 12:00:00.000,17.605455,summer weekend,19.7
4189,2023-06-24 13:00:00.000,17.406784499999997,summer weekend,19.7
4190,2023-06-24 14:00:00.000,18.61755,summer weekend,19.7
4191,2023-06-24 15:00:00.000,20.89164,summer weekend,19.7
4192,2023-06-24 16:00:00.000,27.486501000000008,summer weekend,27.0
4193,2023-06-24 17:00:00.000,29.8343115,summer weekend,31.66
4194,2023-06-24 18:00:00.000,33.6053025,summer weekend,31.66
4195,2023-06-24 19:00:00.000,35.040978,summer weekend,31.66
4196,2023-06-24 20:00:00.000,36.200514000000005,summer weekend,31.66
4197,2023-06-24 21:00:00.000,33.66902700000001,summer weekend,31.66
4198,2023-06-24 22:00:00.000,32.150884500000004,summer weekend,31.66
4199,2023-06-24 23:00:00.000,32.494497,summer weekend,31.66
4200,2023-06-25 00:00:00.000,31.487400000000004,summer weekend,31.66
4201,2023-06-25 01:00:00.000,30.8564025,summer weekend,31.66
4202,2023-06-25 02:00:00.000,30.673975500000005,summer weekend,31.66
4203,2023-06-25 03:00:00.000,30.099205500000004,summer weekend,31.66
4204,2023-06-25 04:00:00.000,30.104203500000008,summer weekend,31.66
4205,2023-06-25 05:00:00.000,28.446117,summer weekend,27.0
4206,2023-06-25 06:00:00.000,27.285331500000005,summer weekend,27.0
4207,2023-06-25 07:00:00.000,24.115350000000003,summer weekend,27.0
4208,2023-06-25 08:00:00.000,21.4351725,summer weekend,19.7
4209,2023-06-25 09:00:00.000,18.5788155,summer weekend,19.7
4210,2023-06-25 10:00:00.000,17.380544999999998,summer weekend,19.7
4211,2023-06-25 11:00:00.000,17.368049999999997,summer weekend,19.7
4212,2023-06-25 12:00:00.000,17.356745,summer weekend,19.7
4213,2023-06-25 13:00:00.000,17.356745,summer weekend,19.7
4214,2023-06-25 14:00:00.000,17.366919499999998,summer weekend,19.7
4215,2023-06-25 15:00:00.000,18.5788155,summer weekend,19.7
4216,2023-06-25 16:00:00.000,26.26948800000001,summer weekend,27.0
4217,2023-06-25 17:00:00.000,30.680223000000005,summer weekend,31.66
4218,2023-06-25 18:00:00.000,33.1229955,summer weekend,31.66
4219,2023-06-25 19:00:00.000,36.5866095,summer weekend,31.66
4220,2023-06-25 20:00:00.000,37.789878,summer weekend,31.66
4221,2023-06-25 21:00:00.000,35.523285,summer weekend,31.66
4222,2023-06-25 22:00:00.000,32.238349500000005,summer weekend,31.66
4223,2023-06-25 23:00:00.000,32.248345500000006,summer weekend,31.66
4224,2023-06-26 00:00:00.000,30.941368500000006,summer weekday,30.1
4225,2023-06-26 01:00:00.000,29.313270000000003,summer weekday,30.1
4226,2023-06-26 02:00:00.000,28.548576000000004,summer weekday,30.1
4227,2023-06-26 03:00:00.000,28.3174185,summer weekday,30.1
4228,2023-06-26 04:00:00.000,30.109201500000005,summer weekday,30.1
4229,2023-06-26 05:00:00.000,33.361650000000004,summer weekday,34.9
4230,2023-06-26 06:00:00.000,33.867697500000006,summer weekday,34.9
4231,2023-06-26 07:00:00.000,32.434521000000004,summer weekday,30.1
4232,2023-06-26 08:00:00.000,30.052974000000003,summer weekday,30.1
4233,2023-06-26 09:00:00.000,28.351155,summer weekday,30.1
4234,2023-06-26 10:00:00.000,27.71890800000001,summer weekday,25.44
4235,2023-06-26 11:00:00.000,26.729304000000003,summer weekday,25.44
4236,2023-06-26 12:00:00.000,24.71011200000001,summer weekday,25.44
4237,2023-06-26 13:00:00.000,23.731753500000003,summer weekday,25.44
4238,2023-06-26 14:00:00.000,24.119098500000007,summer weekday,25.44
4239,2023-06-26 15:00:00.000,25.404834000000005,summer weekday,25.44
4240,2023-06-26 16:00:00.000,27.798876000000007,summer weekday,30.1
4241,2023-06-26 17:00:00.000,29.488200000000003,summer weekday,30.1
4242,2023-06-26 18:00:00.000,31.04132850000001,summer weekday,30.1
4243,2023-06-26 19:00:00.000,32.11215,summer weekday,30.1
4244,2023-06-26 20:00:00.000,33.131742,summer weekday,34.9
4245,2023-06-26 21:00:00.000,33.53283150000001,summer weekday,34.9
4246,2023-06-26 22:00:00.000,32.11964700000001,summer weekday,30.1
4247,2023-06-26 23:00:00.000,31.64108850000001,summer weekday,30.1
4248,2023-06-27 00:00:00.000,29.960511000000004,summer weekday,30.1
4249,2023-06-27 01:00:00.000,29.015889,summer weekday,30.1
4250,2023-06-27 02:00:00.000,29.12834400000001,summer weekday,30.1
4251,2023-06-27 03:00:00.000,28.522336500000005,summer weekday,30.1
4252,2023-06-27 04:00:00.000,28.88469150000001,summer weekday,30.1
4253,2023-06-27 05:00:00.000,31.77353550000001,summer weekday,30.1
4254,2023-06-27 06:00:00.000,33.61155,summer weekday,34.9
4255,2023-06-27 07:00:00.000,33.24294750000001,summer weekday,34.9
4256,2023-06-27 08:00:00.000,30.142938000000004,summer weekday,30.1
4257,2023-06-27 09:00:00.000,28.613550000000004,summer weekday,30.1
4258,2023-06-27 10:00:00.000,27.3977865,summer weekday,25.44
4259,2023-06-27 11:00:00.000,26.398186500000005,summer weekday,25.44
4260,2023-06-27 12:00:00.000,25.297377000000004,summer weekday,25.44
4261,2023-06-27 13:00:00.000,25.87964400000001,summer weekday,25.44
4262,2023-06-27 14:00:00.000,27.1079025,summer weekday,25.44
4263,2023-06-27 15:00:00.000,28.49484750000001,summer weekday,30.1
4264,2023-06-27 16:00:00.000,29.41323000000001,summer weekday,30.1
4265,2023-06-27 17:00:00.000,31.5586215,summer weekday,30.1
4266,2023-06-27 18:00:00.000,33.662779500000006,summer weekday,34.9
4267,2023-06-27 19:00:00.000,34.210060500000004,summer weekday,34.9
4268,2023-06-27 20:00:00.000,33.71525850000001,summer weekday,34.9
4269,2023-06-27 21:00:00.000,32.994297,summer weekday,34.9
4270,2023-06-27 22:00:00.000,31.882242000000005,summer weekday,30.1
4271,2023-06-27 23:00:00.000,29.623146,summer weekday,30.1
4272,2023-06-28 00:00:00.000,28.687270500000007,summer weekday,30.1
4273,2023-06-28 01:00:00.000,28.24994550000001,summer weekday,30.1
4274,2023-06-28 02:00:00.000,28.149985500000007,summer weekday,30.1
4275,2023-06-28 03:00:00.000,28.268688000000004,summer weekday,30.1
4276,2023-06-28 04:00:00.000,29.1620805,summer weekday,30.1
4277,2023-06-28 05:00:00.000,31.865998500000003,summer weekday,30.1
4278,2023-06-28 06:00:00.000,33.798975000000006,summer weekday,34.9
4279,2023-06-28 07:00:00.000,33.380392500000006,summer weekday,34.9
4280,2023-06-28 08:00:00.000,31.5686175,summer weekday,30.1
4281,2023-06-28 09:00:00.000,30.099205500000004,summer weekday,30.1
4282,2023-06-28 10:00:00.000,29.775585000000007,summer weekday,30.1
4283,2023-06-28 11:00:00.000,30.010491000000005,summer weekday,30.1
4284,2023-06-28 12:00:00.000,29.540679000000004,summer weekday,30.1
4285,2023-06-28 13:00:00.000,29.312020500000006,summer weekday,30.1
4286,2023-06-28 14:00:00.000,29.287030500000007,summer weekday,30.1
4287,2023-06-28 15:00:00.000,29.563170000000003,summer weekday,30.1
4288,2023-06-28 16:00:00.000,30.747696,summer weekday,30.1
4289,2023-06-28 17:00:00.000,33.476604,summer weekday,34.9
4290,2023-06-28 18:00:00.000,36.757791000000005,summer weekday,34.9
4291,2023-06-28 19:00:00.000,38.312169,summer weekday,34.9
4292,2023-06-28 20:00:00.000,37.247595,summer weekday,34.9
4293,2023-06-28 21:00:00.000,34.861050000000006,summer weekday,34.9
4294,2023-06-28 22:00:00.000,32.499495,summer weekday,30.1
4295,2023-06-28 23:00:00.000,32.294577000000004,summer weekday,30.1
4296,2023-06-29 00:00:00.000,31.120047000000003,summer weekday,30.1
4297,2023-06-29 01:00:00.000,30.07796400000001,summer weekday,30.1
4298,2023-06-29 02:00:00.000,29.623146,summer weekday,30.1
4299,2023-06-29 03:00:00.000,29.853054000000007,summer weekday,30.1
4300,2023-06-29 04:00:00.000,30.427824000000005,summer weekday,30.1
4301,2023-06-29 05:00:00.000,32.588209500000005,summer weekday,34.9
4302,2023-06-29 06:00:00.000,33.68027250000001,summer weekday,34.9
4303,2023-06-29 07:00:00.000,33.650284500000005,summer weekday,34.9
4304,2023-06-29 08:00:00.000,31.910980500000004,summer weekday,30.1
4305,2023-06-29 09:00:00.000,30.606502500000005,summer weekday,30.1
4306,2023-06-29 10:00:00.000,29.688120000000005,summer weekday,30.1
4307,2023-06-29 11:00:00.000,29.843058000000006,summer weekday,30.1
4308,2023-06-29 12:00:00.000,29.643138000000008,summer weekday,30.1
4309,2023-06-29 13:00:00.000,29.688120000000005,summer weekday,30.1
4310,2023-06-29 14:00:00.000,29.86305,summer weekday,30.1
4311,2023-06-29 15:00:00.000,30.002994000000005,summer weekday,30.1
4312,2023-06-29 16:00:00.000,31.366198500000007,summer weekday,30.1
4313,2023-06-29 17:00:00.000,33.768987,summer weekday,34.9
4314,2023-06-29 18:00:00.000,38.1409875,summer weekday,34.9
4315,2023-06-29 19:00:00.000,38.806971,summer weekday,34.9
4316,2023-06-29 20:00:00.000,36.701563500000006,summer weekday,34.9
4317,2023-06-29 21:00:00.000,35.08720950000001,summer weekday,34.9
4318,2023-06-29 22:00:00.000,32.50074450000001,summer weekday,34.9
4319,2023-06-29 23:00:00.000,31.812270000000005,summer weekday,30.1
4320,2023-06-30 00:00:00.000,30.287880000000005,summer weekday,30.1
4321,2023-06-30 01:00:00.000,29.433222000000004,summer weekday,30.1
4322,2023-06-30 02:00:00.000,29.568168000000004,summer weekday,30.1
4323,2023-06-30 03:00:00.000,29.37699450000001,summer weekday,30.1
4324,2023-06-30 04:00:00.000,30.823915500000005,summer weekday,30.1
4325,2023-06-30 05:00:00.000,33.2054625,summer weekday,34.9
4326,2023-06-30 06:00:00.000,34.7323515,summer weekday,34.9
4327,2023-06-30 07:00:00.000,34.0376295,summer weekday,34.9
4328,2023-06-30 08:00:00.000,33.150484500000005,summer weekday,34.9
4329,2023-06-30 09:00:00.000,31.095057000000004,summer weekday,30.1
4330,2023-06-30 10:00:00.000,30.267888000000006,summer weekday,30.1
4331,2023-06-30 11:00:00.000,29.970507000000005,summer weekday,30.1
4332,2023-06-30 12:00:00.000,28.824715500000007,summer weekday,30.1
4333,2023-06-30 13:00:00.000,28.42112700000001,summer weekday,30.1
4334,2023-06-30 14:00:00.000,28.613550000000004,summer weekday,30.1
4335,2023-06-30 15:00:00.000,28.864699500000004,summer weekday,30.1
4336,2023-06-30 16:00:00.000,29.658132000000005,summer weekday,30.1
4337,2023-06-30 17:00:00.000,31.078813500000003,summer weekday,30.1
4338,2023-06-30 18:00:00.000,32.107152000000006,summer weekday,30.1
4339,2023-06-30 19:00:00.000,34.0401285,summer weekday,34.9
4340,2023-06-30 20:00:00.000,33.70401300000001,summer weekday,34.9
4341,2023-06-30 21:00:00.000,32.660680500000005,summer weekday,34.9
4342,2023-06-30 22:00:00.000,31.046326500000003,summer weekday,30.1
4343,2023-06-30 23:00:00.000,31.080063000000003,summer weekday,30.1
4344,2023-07-01 00:00:00.000,30.976354500000006,summer weekend,31.66
4345,2023-07-01 01:00:00.000,30.40158450000001,summer weekend,31.66
4346,2023-07-01 02:00:00.000,29.755593,summer weekend,31.66
4347,2023-07-01 03:00:00.000,29.62689450000001,summer weekend,31.66
4348,2023-07-01 04:00:00.000,27.8775945,summer weekend,27.0
4349,2023-07-01 05:00:00.000,27.192868500000003,summer weekend,27.0
4350,2023-07-01 06:00:00.000,28.082512500000007,summer weekend,27.0
4351,2023-07-01 07:00:00.000,27.11789850000001,summer weekend,27.0
4352,2023-07-01 08:00:00.000,25.477305000000005,summer weekend,27.0
4353,2023-07-01 09:00:00.000,22.839610500000003,summer weekend,19.7
4354,2023-07-01 10:00:00.000,20.4430695,summer weekend,19.7
4355,2023-07-01 11:00:00.000,19.4709585,summer weekend,19.7
4356,2023-07-01 12:00:00.000,17.9215785,summer weekend,19.7
4357,2023-07-01 13:00:00.000,17.3767965,summer weekend,19.7
4358,2023-07-01 14:00:00.000,17.4892515,summer weekend,19.7
4359,2023-07-01 15:00:00.000,18.9061845,summer weekend,19.7
4360,2023-07-01 16:00:00.000,24.189070500000003,summer weekend,27.0
4361,2023-07-01 17:00:00.000,27.00669300000001,summer weekend,27.0
4362,2023-07-01 18:00:00.000,27.658932000000007,summer weekend,27.0
4363,2023-07-01 19:00:00.000,28.56357,summer weekend,27.0
4364,2023-07-01 20:00:00.000,28.962160500000003,summer weekend,27.0
4365,2023-07-01 21:00:00.000,28.984651500000005,summer weekend,27.0
4366,2023-07-01 22:00:00.000,28.59605700000001,summer weekend,27.0
4367,2023-07-01 23:00:00.000,19.4234775,summer weekend,19.7
4368,2023-07-02 00:00:00.000,17.764141499999997,summer weekend,19.7
4369,2023-07-02 01:00:00.000,17.369299499999997,summer weekend,19.7
4370,2023-07-02 02:00:00.000,17.368049999999997,summer weekend,19.7
4371,2023-07-02 03:00:00.000,17.3646585,summer weekend,19.7
4372,2023-07-02 04:00:00.000,17.3623975,summer weekend,19.7
4373,2023-07-02 05:00:00.000,17.3623975,summer weekend,19.7
4374,2023-07-02 06:00:00.000,17.311525,summer weekend,19.7
4375,2023-07-02 07:00:00.000,17.0345525,summer weekend,19.7
4376,2023-07-02 08:00:00.000,15.6643865,summer weekend,19.7
4377,2023-07-02 09:00:00.000,13.1852,summer weekend,19.7
4378,2023-07-02 10:00:00.000,6.2767145000000015,summer weekend,19.7
4379,2023-07-02 11:00:00.000,-1.619827999999998,summer weekend,19.7
4380,2023-07-02 12:00:00.000,-12.807256,summer weekend,19.7
4381,2023-07-02 13:00:00.000,-39.15695000000001,summer weekend,19.7
4382,2023-07-02 14:00:00.000,-27.73889999999999,summer weekend,19.7
4383,2023-07-02 15:00:00.000,3.326109500000001,summer weekend,19.7
4384,2023-07-02 16:00:00.000,13.390951,summer weekend,19.7
4385,2023-07-02 17:00:00.000,16.688619499999998,summer weekend,19.7
4386,2023-07-02 18:00:00.000,17.971558499999997,summer weekend,19.7
4387,2023-07-02 19:00:00.000,26.000845500000004,summer weekend,27.0
4388,2023-07-02 20:00:00.000,28.065019500000005,summer weekend,27.0
4389,2023-07-02 21:00:00.000,29.225805,summer weekend,27.0
4390,2023-07-02 22:00:00.000,28.123746000000004,summer weekend,27.0
4391,2023-07-02 23:00:00.000,25.61475,summer weekend,27.0
4392,2023-07-03 00:00:00.000,22.80337500000001,summer weekday,25.44
4393,2023-07-03 01:00:00.000,20.3780955,summer weekday,25.44
4394,2023-07-03 02:00:00.000,18.650037,summer weekday,25.44
4395,2023-07-03 03:00:00.000,19.34226,summer weekday,25.44
4396,2023-07-03 04:00:00.000,24.115350000000003,summer weekday,25.44
4397,2023-07-03 05:00:00.000,28.113750000000003,summer weekday,30.1
4398,2023-07-03 06:00:00.000,31.223755500000003,summer weekday,30.1
4399,2023-07-03 07:00:00.000,30.4765545,summer weekday,30.1
4400,2023-07-03 08:00:00.000,25.078714500000007,summer weekday,25.44
4401,2023-07-03 09:00:00.000,17.493,summer weekday,25.44
4402,2023-07-03 10:00:00.000,17.361267,summer weekday,25.44
4403,2023-07-03 11:00:00.000,17.040205,summer weekday,25.44
4404,2023-07-03 12:00:00.000,16.725925999999998,summer weekday,25.44
4405,2023-07-03 13:00:00.000,16.8039305,summer weekday,25.44
4406,2023-07-03 14:00:00.000,17.057162499999997,summer weekday,25.44
4407,2023-07-03 15:00:00.000,17.360136499999996,summer weekday,25.44
4408,2023-07-03 16:00:00.000,20.179425,summer weekday,25.44
4409,2023-07-03 17:00:00.000,28.4073825,summer weekday,30.1
4410,2023-07-03 18:00:00.000,31.909731000000004,summer weekday,30.1
4411,2023-07-03 19:00:00.000,32.929323000000004,summer weekday,34.9
4412,2023-07-03 20:00:00.000,33.372895500000006,summer weekday,34.9
4413,2023-07-03 21:00:00.000,32.515738500000005,summer weekday,34.9
4414,2023-07-03 22:00:00.000,31.674825,summer weekday,30.1
4415,2023-07-03 23:00:00.000,29.421976500000003,summer weekday,30.1
4416,2023-07-04 00:00:00.000,27.464010000000005,summer weekday,25.44
4417,2023-07-04 01:00:00.000,26.239500000000003,summer weekday,25.44
4418,2023-07-04 02:00:00.000,25.412331000000005,summer weekday,25.44
4419,2023-07-04 03:00:00.000,26.30322450000001,summer weekday,25.44
4420,2023-07-04 04:00:00.000,28.0000455,summer weekday,30.1
4421,2023-07-04 05:00:00.000,31.578613500000003,summer weekday,30.1
4422,2023-07-04 06:00:00.000,32.3583015,summer weekday,30.1
4423,2023-07-04 07:00:00.000,31.523635500000005,summer weekday,30.1
4424,2023-07-04 08:00:00.000,26.874246000000003,summer weekday,25.44
4425,2023-07-04 09:00:00.000,21.571368,summer weekday,25.44
4426,2023-07-04 10:00:00.000,18.627546,summer weekday,25.44
4427,2023-07-04 11:00:00.000,17.3767965,summer weekday,25.44
4428,2023-07-04 12:00:00.000,17.375546999999997,summer weekday,25.44
4429,2023-07-04 13:00:00.000,18.6063045,summer weekday,25.44
4430,2023-07-04 14:00:00.000,22.268589,summer weekday,25.44
4431,2023-07-04 15:00:00.000,27.843858000000008,summer weekday,30.1
4432,2023-07-04 16:00:00.000,29.073366000000007,summer weekday,30.1
4433,2023-07-04 17:00:00.000,31.974705000000004,summer weekday,30.1
4434,2023-07-04 18:00:00.000,35.88564,summer weekday,34.9
4435,2023-07-04 19:00:00.000,39.1081005,summer weekday,34.9
4436,2023-07-04 20:00:00.000,38.85070350000001,summer weekday,34.9
4437,2023-07-04 21:00:00.000,35.489548500000005,summer weekday,34.9
4438,2023-07-04 22:00:00.000,32.873095500000005,summer weekday,34.9
4439,2023-07-04 23:00:00.000,32.90183400000001,summer weekday,34.9
4440,2023-07-05 00:00:00.000,31.163779500000008,summer weekday,30.1
4441,2023-07-05 01:00:00.000,29.208312000000006,summer weekday,30.1
4442,2023-07-05 02:00:00.000,28.21495950000001,summer weekday,30.1
4443,2023-07-05 03:00:00.000,25.777185000000003,summer weekday,25.44
4444,2023-07-05 04:00:00.000,25.848406500000003,summer weekday,25.44
4445,2023-07-05 05:00:00.000,26.944218000000006,summer weekday,25.44
4446,2023-07-05 06:00:00.000,28.937170500000004,summer weekday,30.1
4447,2023-07-05 07:00:00.000,29.6568825,summer weekday,30.1
4448,2023-07-05 08:00:00.000,27.663930000000004,summer weekday,25.44
4449,2023-07-05 09:00:00.000,26.544378000000005,summer weekday,25.44
4450,2023-07-05 10:00:00.000,22.14114,summer weekday,25.44
4451,2023-07-05 11:00:00.000,17.374297499999997,summer weekday,25.44
4452,2023-07-05 12:00:00.000,17.0187255,summer weekday,25.44
4453,2023-07-05 13:00:00.000,16.2454635,summer weekday,25.44
4454,2023-07-05 14:00:00.000,16.248855,summer weekday,25.44
4455,2023-07-05 15:00:00.000,16.970114,summer weekday,25.44
4456,2023-07-05 16:00:00.000,20.2831335,summer weekday,25.44
4457,2023-07-05 17:00:00.000,27.763890000000007,summer weekday,25.44
4458,2023-07-05 18:00:00.000,30.43906950000001,summer weekday,30.1
4459,2023-07-05 19:00:00.000,32.167128,summer weekday,30.1
4460,2023-07-05 20:00:00.000,32.7056625,summer weekday,34.9
4461,2023-07-05 21:00:00.000,32.529483000000006,summer weekday,34.9
4462,2023-07-05 22:00:00.000,31.7135595,summer weekday,30.1
4463,2023-07-05 23:00:00.000,28.815969000000003,summer weekday,30.1
4464,2023-07-06 00:00:00.000,27.863850000000003,summer weekday,30.1
4465,2023-07-06 01:00:00.000,27.663930000000004,summer weekday,25.44
4466,2023-07-06 02:00:00.000,27.7451475,summer weekday,25.44
4467,2023-07-06 03:00:00.000,27.990049500000005,summer weekday,30.1
4468,2023-07-06 04:00:00.000,29.1595815,summer weekday,30.1
4469,2023-07-06 05:00:00.000,31.581112500000003,summer weekday,30.1
4470,2023-07-06 06:00:00.000,33.14798550000001,summer weekday,34.9
4471,2023-07-06 07:00:00.000,32.96805750000001,summer weekday,34.9
4472,2023-07-06 08:00:00.000,31.233751500000004,summer weekday,30.1
4473,2023-07-06 09:00:00.000,29.242048500000006,summer weekday,30.1
4474,2023-07-06 10:00:00.000,28.149985500000007,summer weekday,30.1
4475,2023-07-06 11:00:00.000,27.1353915,summer weekday,25.44
4476,2023-07-06 12:00:00.000,26.916729000000007,summer weekday,25.44
4477,2023-07-06 13:00:00.000,27.132892500000004,summer weekday,25.44
4478,2023-07-06 14:00:00.000,27.870097500000007,summer weekday,30.1
4479,2023-07-06 15:00:00.000,28.376145000000005,summer weekday,30.1
4480,2023-07-06 16:00:00.000,29.7168585,summer weekday,30.1
4481,2023-07-06 17:00:00.000,31.914729,summer weekday,30.1
4482,2023-07-06 18:00:00.000,36.18552,summer weekday,34.9
4483,2023-07-06 19:00:00.000,40.375093500000006,summer weekday,34.9
4484,2023-07-06 20:00:00.000,40.341357,summer weekday,34.9
4485,2023-07-06 21:00:00.000,34.557421500000004,summer weekday,34.9
4486,2023-07-06 22:00:00.000,32.234601000000005,summer weekday,30.1
4487,2023-07-06 23:00:00.000,31.612350000000003,summer weekday,30.1
4488,2023-07-07 00:00:00.000,30.347856000000004,summer weekday,30.1
4489,2023-07-07 01:00:00.000,29.563170000000003,summer weekday,30.1
4490,2023-07-07 02:00:00.000,29.354503500000003,summer weekday,30.1
4491,2023-07-07 03:00:00.000,29.614399500000005,summer weekday,30.1
4492,2023-07-07 04:00:00.000,30.105453000000004,summer weekday,30.1
4493,2023-07-07 05:00:00.000,34.295026500000006,summer weekday,34.9
4494,2023-07-07 06:00:00.000,32.574465000000004,summer weekday,34.9
4495,2023-07-07 07:00:00.000,30.9663585,summer weekday,30.1
4496,2023-07-07 08:00:00.000,28.837210500000005,summer weekday,30.1
4497,2023-07-07 09:00:00.000,27.863850000000003,summer weekday,30.1
4498,2023-07-07 10:00:00.000,27.254094,summer weekday,25.44
4499,2023-07-07 11:00:00.000,26.72680500000001,summer weekday,25.44
4500,2023-07-07 12:00:00.000,25.6859715,summer weekday,25.44
4501,2023-07-07 13:00:00.000,25.48730100000001,summer weekday,25.44
4502,2023-07-07 14:00:00.000,25.637241000000003,summer weekday,25.44
4503,2023-07-07 15:00:00.000,27.400285500000003,summer weekday,25.44
4504,2023-07-07 16:00:00.000,28.613550000000004,summer weekday,30.1
4505,2023-07-07 17:00:00.000,32.0684175,summer weekday,30.1
4506,2023-07-07 18:00:00.000,35.708211000000006,summer weekday,34.9
4507,2023-07-07 19:00:00.000,39.014388,summer weekday,34.9
4508,2023-07-07 20:00:00.000,34.803573,summer weekday,34.9
4509,2023-07-07 21:00:00.000,32.020936500000005,summer weekday,30.1
4510,2023-07-07 22:00:00.000,30.057972000000003,summer weekday,30.1
4511,2023-07-07 23:00:00.000,29.896786500000005,summer weekday,30.1
4512,2023-07-08 00:00:00.000,28.880943,summer weekend,27.0
4513,2023-07-08 01:00:00.000,28.609801500000003,summer weekend,27.0
4514,2023-07-08 02:00:00.000,28.246197,summer weekend,27.0
4515,2023-07-08 03:00:00.000,28.468608000000003,summer weekend,27.0
4516,2023-07-08 04:00:00.000,28.4348715,summer weekend,27.0
4517,2023-07-08 05:00:00.000,27.981303000000004,summer weekend,27.0
4518,2023-07-08 06:00:00.000,28.021287000000004,summer weekend,27.0
4519,2023-07-08 07:00:00.000,27.835111500000004,summer weekend,27.0
4520,2023-07-08 08:00:00.000,26.869248,summer weekend,27.0
4521,2023-07-08 09:00:00.000,24.977505000000004,summer weekend,27.0
4522,2023-07-08 10:00:00.000,23.155734,summer weekend,19.7
4523,2023-07-08 11:00:00.000,21.768789,summer weekend,19.7
4524,2023-07-08 12:00:00.000,19.4559645,summer weekend,19.7
4525,2023-07-08 13:00:00.000,19.4584635,summer weekend,19.7
4526,2023-07-08 14:00:00.000,22.366050000000005,summer weekend,19.7
4527,2023-07-08 15:00:00.000,24.977505000000004,summer weekend,27.0
4528,2023-07-08 16:00:00.000,27.78888,summer weekend,27.0
4529,2023-07-08 17:00:00.000,30.775185000000004,summer weekend,31.66
4530,2023-07-08 18:00:00.000,32.487,summer weekend,31.66
4531,2023-07-08 19:00:00.000,33.45661200000001,summer weekend,31.66
4532,2023-07-08 20:00:00.000,33.96890700000001,summer weekend,31.66
4533,2023-07-08 21:00:00.000,33.576564000000005,summer weekend,31.66
4534,2023-07-08 22:00:00.000,31.85225400000001,summer weekend,31.66
4535,2023-07-08 23:00:00.000,31.042578,summer weekend,31.66
4536,2023-07-09 00:00:00.000,30.080463000000005,summer weekend,31.66
4537,2023-07-09 01:00:00.000,30.090459,summer weekend,31.66
4538,2023-07-09 02:00:00.000,29.293278,summer weekend,27.0
4539,2023-07-09 03:00:00.000,29.33701050000001,summer weekend,31.66
4540,2023-07-09 04:00:00.000,29.478204,summer weekend,31.66
4541,2023-07-09 05:00:00.000,29.198316,summer weekend,27.0
4542,2023-07-09 06:00:00.000,28.763490000000008,summer weekend,27.0
4543,2023-07-09 07:00:00.000,28.143738,summer weekend,27.0
4544,2023-07-09 08:00:00.000,27.0029445,summer weekend,27.0
4545,2023-07-09 09:00:00.000,24.8837925,summer weekend,27.0
4546,2023-07-09 10:00:00.000,23.630544000000004,summer weekend,27.0
4547,2023-07-09 11:00:00.000,23.0770155,summer weekend,19.7
4548,2023-07-09 12:00:00.000,21.9899505,summer weekend,19.7
4549,2023-07-09 13:00:00.000,22.9720575,summer weekend,19.7
4550,2023-07-09 14:00:00.000,24.259042500000007,summer weekend,27.0
4551,2023-07-09 15:00:00.000,26.4881505,summer weekend,27.0
4552,2023-07-09 16:00:00.000,27.663930000000004,summer weekend,27.0
4553,2023-07-09 17:00:00.000,30.500295000000005,summer weekend,31.66
4554,2023-07-09 18:00:00.000,32.6381895,summer weekend,31.66
4555,2023-07-09 19:00:00.000,33.876444000000006,summer weekend,31.66
4556,2023-07-09 20:00:00.000,34.123845,summer weekend,31.66
4557,2023-07-09 21:00:00.000,33.876444000000006,summer weekend,31.66
4558,2023-07-09 22:00:00.000,32.31207,summer weekend,31.66
4559,2023-07-09 23:00:00.000,31.4236755,summer weekend,31.66
4560,2023-07-10 00:00:00.000,30.11295,summer weekday,30.1
4561,2023-07-10 01:00:00.000,29.150835000000004,summer weekday,30.1
4562,2023-07-10 02:00:00.000,28.855953000000003,summer weekday,30.1
4563,2023-07-10 03:00:00.000,29.027134500000003,summer weekday,30.1
4564,2023-07-10 04:00:00.000,30.505293000000005,summer weekday,30.1
4565,2023-07-10 05:00:00.000,32.5707165,summer weekday,34.9
4566,2023-07-10 06:00:00.000,33.95891100000001,summer weekday,34.9
4567,2023-07-10 07:00:00.000,34.145086500000005,summer weekday,34.9
4568,2023-07-10 08:00:00.000,32.105902500000006,summer weekday,30.1
4569,2023-07-10 09:00:00.000,30.522786000000004,summer weekday,30.1
4570,2023-07-10 10:00:00.000,29.23705050000001,summer weekday,30.1
4571,2023-07-10 11:00:00.000,28.517338500000008,summer weekday,30.1
4572,2023-07-10 12:00:00.000,27.384042000000004,summer weekday,25.44
4573,2023-07-10 13:00:00.000,26.674326000000004,summer weekday,25.44
4574,2023-07-10 14:00:00.000,26.391939000000004,summer weekday,25.44
4575,2023-07-10 15:00:00.000,27.546477000000003,summer weekday,25.44
4576,2023-07-10 16:00:00.000,28.755993000000007,summer weekday,30.1
4577,2023-07-10 17:00:00.000,32.6956665,summer weekday,34.9
4578,2023-07-10 18:00:00.000,38.046025500000006,summer weekday,34.9
4579,2023-07-10 19:00:00.000,39.3604995,summer weekday,34.9
4580,2023-07-10 20:00:00.000,39.8677965,summer weekday,34.9
4581,2023-07-10 21:00:00.000,37.724904,summer weekday,34.9
4582,2023-07-10 22:00:00.000,34.073865,summer weekday,34.9
4583,2023-07-10 23:00:00.000,32.9130795,summer weekday,34.9
4584,2023-07-11 00:00:00.000,31.829763000000003,summer weekday,30.1
4585,2023-07-11 01:00:00.000,30.524035500000004,summer weekday,30.1
4586,2023-07-11 02:00:00.000,29.94801600000001,summer weekday,30.1
4587,2023-07-11 03:00:00.000,29.825565000000005,summer weekday,30.1
4588,2023-07-11 04:00:00.000,31.454913000000005,summer weekday,30.1
4589,2023-07-11 05:00:00.000,32.805622500000005,summer weekday,34.9
4590,2023-07-11 06:00:00.000,33.03553050000001,summer weekday,34.9
4591,2023-07-11 07:00:00.000,32.4807525,summer weekday,30.1
4592,2023-07-11 08:00:00.000,30.500295000000005,summer weekday,30.1
4593,2023-07-11 09:00:00.000,29.090859000000005,summer weekday,30.1
4594,2023-07-11 10:00:00.000,27.500245500000005,summer weekday,25.44
4595,2023-07-11 11:00:00.000,24.585162000000004,summer weekday,25.44
4596,2023-07-11 12:00:00.000,23.164480500000003,summer weekday,25.44
4597,2023-07-11 13:00:00.000,23.2894305,summer weekday,25.44
4598,2023-07-11 14:00:00.000,25.695967500000005,summer weekday,25.44
4599,2023-07-11 15:00:00.000,28.391139000000003,summer weekday,30.1
4600,2023-07-11 16:00:00.000,29.289529500000004,summer weekday,30.1
4601,2023-07-11 17:00:00.000,32.559471,summer weekday,34.9
4602,2023-07-11 18:00:00.000,38.8606995,summer weekday,34.9
4603,2023-07-11 19:00:00.000,39.9827505,summer weekday,34.9
4604,2023-07-11 20:00:00.000,34.23630000000001,summer weekday,34.9
4605,2023-07-11 21:00:00.000,32.35580250000001,summer weekday,30.1
4606,2023-07-11 22:00:00.000,30.26039100000001,summer weekday,30.1
4607,2023-07-11 23:00:00.000,29.671876500000007,summer weekday,30.1
4608,2023-07-12 00:00:00.000,28.7385,summer weekday,30.1
4609,2023-07-12 01:00:00.000,28.613550000000004,summer weekday,30.1
4610,2023-07-12 02:00:00.000,27.625195500000004,summer weekday,25.44
4611,2023-07-12 03:00:00.000,27.811371000000005,summer weekday,30.1
4612,2023-07-12 04:00:00.000,28.005043500000006,summer weekday,30.1
4613,2023-07-12 05:00:00.000,30.11919750000001,summer weekday,30.1
4614,2023-07-12 06:00:00.000,32.11714800000001,summer weekday,30.1
4615,2023-07-12 07:00:00.000,32.36205,summer weekday,30.1
4616,2023-07-12 08:00:00.000,30.467808000000005,summer weekday,30.1
4617,2023-07-12 09:00:00.000,28.158732000000004,summer weekday,30.1
4618,2023-07-12 10:00:00.000,26.085811500000005,summer weekday,25.44
4619,2023-07-12 11:00:00.000,19.3510065,summer weekday,25.44
4620,2023-07-12 12:00:00.000,18.982404,summer weekday,25.44
4621,2023-07-12 13:00:00.000,19.7833335,summer weekday,25.44
4622,2023-07-12 14:00:00.000,20.7454485,summer weekday,25.44
4623,2023-07-12 15:00:00.000,24.111601500000003,summer weekday,25.44
4624,2023-07-12 16:00:00.000,27.678924,summer weekday,25.44
4625,2023-07-12 17:00:00.000,29.783082,summer weekday,30.1
4626,2023-07-12 18:00:00.000,32.284581,summer weekday,30.1
4627,2023-07-12 19:00:00.000,35.643237000000006,summer weekday,34.9
4628,2023-07-12 20:00:00.000,36.346705500000006,summer weekday,34.9
4629,2023-07-12 21:00:00.000,33.162979500000006,summer weekday,34.9
4630,2023-07-12 22:00:00.000,31.60110450000001,summer weekday,30.1
4631,2023-07-12 23:00:00.000,30.499045500000005,summer weekday,30.1
4632,2023-07-13 00:00:00.000,29.491948500000003,summer weekday,30.1
4633,2023-07-13 01:00:00.000,29.24329800000001,summer weekday,30.1
4634,2023-07-13 02:00:00.000,28.894687500000003,summer weekday,30.1
4635,2023-07-13 03:00:00.000,28.875945,summer weekday,30.1
4636,2023-07-13 04:00:00.000,29.067118500000003,summer weekday,30.1
4637,2023-07-13 05:00:00.000,30.786430500000005,summer weekday,30.1
4638,2023-07-13 06:00:00.000,32.648185500000004,summer weekday,34.9
4639,2023-07-13 07:00:00.000,32.24959500000001,summer weekday,30.1
4640,2023-07-13 08:00:00.000,30.426574500000005,summer weekday,30.1
4641,2023-07-13 09:00:00.000,28.759741500000004,summer weekday,30.1
4642,2023-07-13 10:00:00.000,27.881343000000005,summer weekday,30.1
4643,2023-07-13 11:00:00.000,27.026685000000004,summer weekday,25.44
4644,2023-07-13 12:00:00.000,24.962511000000003,summer weekday,25.44
4645,2023-07-13 13:00:00.000,23.618049000000003,summer weekday,25.44
4646,2023-07-13 14:00:00.000,25.1311935,summer weekday,25.44
4647,2023-07-13 15:00:00.000,26.901735,summer weekday,25.44
4648,2023-07-13 16:00:00.000,28.309921500000005,summer weekday,30.1
4649,2023-07-13 17:00:00.000,29.075865000000004,summer weekday,30.1
4650,2023-07-13 18:00:00.000,32.032182000000006,summer weekday,30.1
4651,2023-07-13 19:00:00.000,33.719007000000005,summer weekday,34.9
4652,2023-07-13 20:00:00.000,34.5974055,summer weekday,34.9
4653,2023-07-13 21:00:00.000,33.570316500000004,summer weekday,34.9
4654,2023-07-13 22:00:00.000,32.07716400000001,summer weekday,30.1
4655,2023-07-13 23:00:00.000,29.988000000000007,summer weekday,30.1
4656,2023-07-14 00:00:00.000,29.408232000000005,summer weekday,30.1
4657,2023-07-14 01:00:00.000,28.977154500000005,summer weekday,30.1
4658,2023-07-14 02:00:00.000,29.114599500000008,summer weekday,30.1
4659,2023-07-14 03:00:00.000,29.032132500000003,summer weekday,30.1
4660,2023-07-14 04:00:00.000,29.781832500000004,summer weekday,30.1
4661,2023-07-14 05:00:00.000,31.612350000000003,summer weekday,30.1
4662,2023-07-14 06:00:00.000,31.612350000000003,summer weekday,30.1
4663,2023-07-14 07:00:00.000,30.33286200000001,summer weekday,30.1
4664,2023-07-14 08:00:00.000,27.9975465,summer weekday,30.1
4665,2023-07-14 09:00:00.000,27.32781450000001,summer weekday,25.44
4666,2023-07-14 10:00:00.000,26.931723000000005,summer weekday,25.44
4667,2023-07-14 11:00:00.000,26.608102500000005,summer weekday,25.44
4668,2023-07-14 12:00:00.000,26.113300500000005,summer weekday,25.44
4669,2023-07-14 13:00:00.000,26.755543500000005,summer weekday,25.44
4670,2023-07-14 14:00:00.000,27.370297500000003,summer weekday,25.44
4671,2023-07-14 15:00:00.000,28.001295,summer weekday,30.1
4672,2023-07-14 16:00:00.000,29.545677,summer weekday,30.1
4673,2023-07-14 17:00:00.000,31.7685375,summer weekday,30.1
4674,2023-07-14 18:00:00.000,34.88479050000001,summer weekday,34.9
4675,2023-07-14 19:00:00.000,34.851054000000005,summer weekday,34.9
4676,2023-07-14 20:00:00.000,32.851854,summer weekday,34.9
4677,2023-07-14 21:00:00.000,29.26953750000001,summer weekday,30.1
4678,2023-07-14 22:00:00.000,27.481503,summer weekday,25.44
4679,2023-07-14 23:00:00.000,26.399436,summer weekday,25.44
4680,2023-07-15 00:00:00.000,24.047877000000003,summer weekend,27.0
4681,2023-07-15 01:00:00.000,21.0103425,summer weekend,19.7
4682,2023-07-15 02:00:00.000,19.8608025,summer weekend,19.7
4683,2023-07-15 03:00:00.000,19.489701,summer weekend,19.7
4684,2023-07-15 04:00:00.000,19.0786155,summer weekend,19.7
4685,2023-07-15 05:00:00.000,19.854555,summer weekend,19.7
4686,2023-07-15 06:00:00.000,20.19192,summer weekend,19.7
4687,2023-07-15 07:00:00.000,21.1103025,summer weekend,19.7
4688,2023-07-15 08:00:00.000,19.5434295,summer weekend,19.7
4689,2023-07-15 09:00:00.000,17.942819999999998,summer weekend,19.7
4690,2023-07-15 10:00:00.000,17.368049999999997,summer weekend,19.7
4691,2023-07-15 11:00:00.000,17.365789,summer weekend,19.7
4692,2023-07-15 12:00:00.000,17.3533535,summer weekend,19.7
4693,2023-07-15 13:00:00.000,17.2516085,summer weekend,19.7
4694,2023-07-15 14:00:00.000,17.356745,summer weekend,19.7
4695,2023-07-15 15:00:00.000,17.370549,summer weekend,19.7
4696,2023-07-15 16:00:00.000,19.309773,summer weekend,19.7
4697,2023-07-15 17:00:00.000,26.678074500000008,summer weekend,27.0
4698,2023-07-15 18:00:00.000,27.886341000000005,summer weekend,27.0
4699,2023-07-15 19:00:00.000,28.408632000000004,summer weekend,27.0
4700,2023-07-15 20:00:00.000,27.817618500000005,summer weekend,27.0
4701,2023-07-15 21:00:00.000,27.741399000000005,summer weekend,27.0
4702,2023-07-15 22:00:00.000,26.341959000000003,summer weekend,27.0
4703,2023-07-15 23:00:00.000,24.482703,summer weekend,27.0
4704,2023-07-16 00:00:00.000,19.829565,summer weekend,19.7
4705,2023-07-16 01:00:00.000,17.702916,summer weekend,19.7
4706,2023-07-16 02:00:00.000,17.3767965,summer weekend,19.7
4707,2023-07-16 03:00:00.000,17.368049999999997,summer weekend,19.7
4708,2023-07-16 04:00:00.000,17.320569,summer weekend,19.7
4709,2023-07-16 05:00:00.000,17.1340365,summer weekend,19.7
4710,2023-07-16 06:00:00.000,17.243695,summer weekend,19.7
4711,2023-07-16 07:00:00.000,17.1317755,summer weekend,19.7
4712,2023-07-16 08:00:00.000,16.246593999999998,summer weekend,19.7
4713,2023-07-16 09:00:00.000,15.181663,summer weekend,19.7
4714,2023-07-16 10:00:00.000,14.56441,summer weekend,19.7
4715,2023-07-16 11:00:00.000,13.0280605,summer weekend,19.7
4716,2023-07-16 12:00:00.000,11.7053755,summer weekend,19.7
4717,2023-07-16 13:00:00.000,10.580528,summer weekend,19.7
4718,2023-07-16 14:00:00.000,11.9066045,summer weekend,19.7
4719,2023-07-16 15:00:00.000,14.3643115,summer weekend,19.7
4720,2023-07-16 16:00:00.000,16.801669500000003,summer weekend,19.7
4721,2023-07-16 17:00:00.000,21.1927695,summer weekend,19.7
4722,2023-07-16 18:00:00.000,28.927174500000007,summer weekend,27.0
4723,2023-07-16 19:00:00.000,29.958012000000004,summer weekend,31.66
4724,2023-07-16 20:00:00.000,31.013839500000003,summer weekend,31.66
4725,2023-07-16 21:00:00.000,31.659831000000004,summer weekend,31.66
4726,2023-07-16 22:00:00.000,31.11255000000001,summer weekend,31.66
4727,2023-07-16 23:00:00.000,31.020087000000007,summer weekend,31.66
4728,2023-07-17 00:00:00.000,30.134191500000007,summer weekday,30.1
4729,2023-07-17 01:00:00.000,29.262040500000005,summer weekday,30.1
4730,2023-07-17 02:00:00.000,28.376145000000005,summer weekday,30.1
4731,2023-07-17 03:00:00.000,28.687270500000007,summer weekday,30.1
4732,2023-07-17 04:00:00.000,29.5169385,summer weekday,30.1
4733,2023-07-17 05:00:00.000,32.364549000000004,summer weekday,30.1
4734,2023-07-17 06:00:00.000,33.569067000000004,summer weekday,34.9
4735,2023-07-17 07:00:00.000,31.421176500000005,summer weekday,30.1
4736,2023-07-17 08:00:00.000,29.13084300000001,summer weekday,30.1
4737,2023-07-17 09:00:00.000,27.101655000000008,summer weekday,25.44
4738,2023-07-17 10:00:00.000,22.9995465,summer weekday,25.44
4739,2023-07-17 11:00:00.000,17.478006,summer weekday,25.44
4740,2023-07-17 12:00:00.000,17.446768499999997,summer weekday,25.44
4741,2023-07-17 13:00:00.000,17.368049999999997,summer weekday,25.44
4742,2023-07-17 14:00:00.000,18.265191,summer weekday,25.44
4743,2023-07-17 15:00:00.000,23.455614000000004,summer weekday,25.44
4744,2023-07-17 16:00:00.000,26.803024500000003,summer weekday,25.44
4745,2023-07-17 17:00:00.000,28.023786000000005,summer weekday,30.1
4746,2023-07-17 18:00:00.000,30.677724000000005,summer weekday,30.1
4747,2023-07-17 19:00:00.000,32.334561,summer weekday,30.1
4748,2023-07-17 20:00:00.000,32.90058450000001,summer weekday,34.9
4749,2023-07-17 21:00:00.000,32.9868,summer weekday,34.9
4750,2023-07-17 22:00:00.000,31.167528000000004,summer weekday,30.1
4751,2023-07-17 23:00:00.000,29.869297500000005,summer weekday,30.1
4752,2023-07-18 00:00:00.000,29.400735,summer weekday,30.1
4753,2023-07-18 01:00:00.000,28.337410500000004,summer weekday,30.1
4754,2023-07-18 02:00:00.000,28.228704000000004,summer weekday,30.1
4755,2023-07-18 03:00:00.000,28.368648000000004,summer weekday,30.1
4756,2023-07-18 04:00:00.000,29.406982500000005,summer weekday,30.1
4757,2023-07-18 05:00:00.000,30.286630500000005,summer weekday,30.1
4758,2023-07-18 06:00:00.000,31.64358750000001,summer weekday,30.1
4759,2023-07-18 07:00:00.000,31.11255000000001,summer weekday,30.1
4760,2023-07-18 08:00:00.000,29.015889,summer weekday,30.1
4761,2023-07-18 09:00:00.000,27.706413,summer weekday,25.44
4762,2023-07-18 10:00:00.000,27.2153595,summer weekday,25.44
4763,2023-07-18 11:00:00.000,27.259092000000003,summer weekday,25.44
4764,2023-07-18 12:00:00.000,27.511491000000007,summer weekday,25.44
4765,2023-07-18 13:00:00.000,28.617298500000004,summer weekday,30.1
4766,2023-07-18 14:00:00.000,28.606053000000003,summer weekday,30.1
4767,2023-07-18 15:00:00.000,28.301175,summer weekday,30.1
4768,2023-07-18 16:00:00.000,29.460711000000003,summer weekday,30.1
4769,2023-07-18 17:00:00.000,32.564469,summer weekday,34.9
4770,2023-07-18 18:00:00.000,38.392137000000005,summer weekday,34.9
4771,2023-07-18 19:00:00.000,40.85864999999999,summer weekday,34.9
4772,2023-07-18 20:00:00.000,37.834860000000006,summer weekday,34.9
4773,2023-07-18 21:00:00.000,34.768587000000004,summer weekday,34.9
4774,2023-07-18 22:00:00.000,31.332462,summer weekday,30.1
4775,2023-07-18 23:00:00.000,30.876394500000004,summer weekday,30.1
4776,2023-07-19 00:00:00.000,29.988000000000007,summer weekday,30.1
4777,2023-07-19 01:00:00.000,29.5194375,summer weekday,30.1
4778,2023-07-19 02:00:00.000,29.469457500000004,summer weekday,30.1
4779,2023-07-19 03:00:00.000,29.623146,summer weekday,30.1
4780,2023-07-19 04:00:00.000,30.416578500000004,summer weekday,30.1
4781,2023-07-19 05:00:00.000,33.166728000000006,summer weekday,34.9
4782,2023-07-19 06:00:00.000,32.9855505,summer weekday,34.9
4783,2023-07-19 07:00:00.000,32.088409500000004,summer weekday,30.1
4784,2023-07-19 08:00:00.000,29.850555000000007,summer weekday,30.1
4785,2023-07-19 09:00:00.000,28.42362600000001,summer weekday,30.1
4786,2023-07-19 10:00:00.000,27.456513000000005,summer weekday,25.44
4787,2023-07-19 11:00:00.000,26.967958500000005,summer weekday,25.44
4788,2023-07-19 12:00:00.000,25.94711700000001,summer weekday,25.44
4789,2023-07-19 13:00:00.000,25.173676500000003,summer weekday,25.44
4790,2023-07-19 14:00:00.000,25.144938000000007,summer weekday,25.44
4791,2023-07-19 15:00:00.000,26.308222500000003,summer weekday,25.44
4792,2023-07-19 16:00:00.000,26.841759000000003,summer weekday,25.44
4793,2023-07-19 17:00:00.000,29.153334,summer weekday,30.1
4794,2023-07-19 18:00:00.000,31.4636595,summer weekday,30.1
4795,2023-07-19 19:00:00.000,33.434121000000005,summer weekday,34.9
4796,2023-07-19 20:00:00.000,32.84560650000001,summer weekday,34.9
4797,2023-07-19 21:00:00.000,31.586110500000007,summer weekday,30.1
4798,2023-07-19 22:00:00.000,29.936770500000005,summer weekday,30.1
4799,2023-07-19 23:00:00.000,29.629393500000003,summer weekday,30.1
4800,2023-07-20 00:00:00.000,29.157082500000005,summer weekday,30.1
4801,2023-07-20 01:00:00.000,27.775135500000008,summer weekday,30.1
4802,2023-07-20 02:00:00.000,27.721407000000003,summer weekday,25.44
4803,2023-07-20 03:00:00.000,28.124995500000004,summer weekday,30.1
4804,2023-07-20 04:00:00.000,28.158732000000004,summer weekday,30.1
4805,2023-07-20 05:00:00.000,29.80182450000001,summer weekday,30.1
4806,2023-07-20 06:00:00.000,31.60610250000001,summer weekday,30.1
4807,2023-07-20 07:00:00.000,31.2937275,summer weekday,30.1
4808,2023-07-20 08:00:00.000,29.72185650000001,summer weekday,30.1
4809,2023-07-20 09:00:00.000,28.203714000000005,summer weekday,30.1
4810,2023-07-20 10:00:00.000,27.259092000000003,summer weekday,25.44
4811,2023-07-20 11:00:00.000,27.066669000000005,summer weekday,25.44
4812,2023-07-20 12:00:00.000,26.040829500000005,summer weekday,25.44
4813,2023-07-20 13:00:00.000,26.110801500000004,summer weekday,25.44
4814,2023-07-20 14:00:00.000,26.628094500000007,summer weekday,25.44
4815,2023-07-20 15:00:00.000,26.92797450000001,summer weekday,25.44
4816,2023-07-20 16:00:00.000,28.045027500000003,summer weekday,30.1
4817,2023-07-20 17:00:00.000,30.180423000000005,summer weekday,30.1
4818,2023-07-20 18:00:00.000,33.1304925,summer weekday,34.9
4819,2023-07-20 19:00:00.000,35.30462250000001,summer weekday,34.9
4820,2023-07-20 20:00:00.000,34.773585000000004,summer weekday,34.9
4821,2023-07-20 21:00:00.000,32.54447700000001,summer weekday,34.9
4822,2023-07-20 22:00:00.000,31.03758,summer weekday,30.1
4823,2023-07-20 23:00:00.000,30.12169650000001,summer weekday,30.1
4824,2023-07-21 00:00:00.000,29.821816500000004,summer weekday,30.1
4825,2023-07-21 01:00:00.000,29.401984500000005,summer weekday,30.1
4826,2023-07-21 02:00:00.000,29.170827000000003,summer weekday,30.1
4827,2023-07-21 03:00:00.000,29.458212000000007,summer weekday,30.1
4828,2023-07-21 04:00:00.000,29.94676650000001,summer weekday,30.1
4829,2023-07-21 05:00:00.000,32.6281935,summer weekday,34.9
4830,2023-07-21 06:00:00.000,36.58161150000001,summer weekday,34.9
4831,2023-07-21 07:00:00.000,32.769387,summer weekday,34.9
4832,2023-07-21 08:00:00.000,30.249145500000008,summer weekday,30.1
4833,2023-07-21 09:00:00.000,29.600655000000003,summer weekday,30.1
4834,2023-07-21 10:00:00.000,28.97965350000001,summer weekday,30.1
4835,2023-07-21 11:00:00.000,28.91592900000001,summer weekday,30.1
4836,2023-07-21 12:00:00.000,27.925075500000005,summer weekday,30.1
4837,2023-07-21 13:00:00.000,27.85760250000001,summer weekday,30.1
4838,2023-07-21 14:00:00.000,27.853854000000005,summer weekday,30.1
4839,2023-07-21 15:00:00.000,28.522336500000005,summer weekday,30.1
4840,2023-07-21 16:00:00.000,29.420727000000007,summer weekday,30.1
4841,2023-07-21 17:00:00.000,30.245397000000004,summer weekday,30.1
4842,2023-07-21 18:00:00.000,32.97430500000001,summer weekday,34.9
4843,2023-07-21 19:00:00.000,33.908931,summer weekday,34.9
4844,2023-07-21 20:00:00.000,32.9855505,summer weekday,34.9
4845,2023-07-21 21:00:00.000,31.10880150000001,summer weekday,30.1
4846,2023-07-21 22:00:00.000,29.459461500000007,summer weekday,30.1
4847,2023-07-21 23:00:00.000,29.5219365,summer weekday,30.1
4848,2023-07-22 00:00:00.000,29.665629000000006,summer weekend,31.66
4849,2023-07-22 01:00:00.000,28.9884,summer weekend,27.0
4850,2023-07-22 02:00:00.000,29.158332000000005,summer weekend,27.0
4851,2023-07-22 03:00:00.000,28.604803500000003,summer weekend,27.0
4852,2023-07-22 04:00:00.000,28.363650000000003,summer weekend,27.0
4853,2023-07-22 05:00:00.000,28.463610000000003,summer weekend,27.0
4854,2023-07-22 06:00:00.000,28.136241000000005,summer weekend,27.0
4855,2023-07-22 07:00:00.000,27.730153500000004,summer weekend,27.0
4856,2023-07-22 08:00:00.000,26.365699500000005,summer weekend,27.0
4857,2023-07-22 09:00:00.000,24.750096000000003,summer weekend,27.0
4858,2023-07-22 10:00:00.000,23.185722000000005,summer weekend,19.7
4859,2023-07-22 11:00:00.000,22.384792500000003,summer weekend,19.7
4860,2023-07-22 12:00:00.000,20.159433,summer weekend,19.7
4861,2023-07-22 13:00:00.000,19.807074,summer weekend,19.7
4862,2023-07-22 14:00:00.000,20.9978475,summer weekend,19.7
4863,2023-07-22 15:00:00.000,23.230704000000003,summer weekend,19.7
4864,2023-07-22 16:00:00.000,26.19826650000001,summer weekend,27.0
4865,2023-07-22 17:00:00.000,28.114999500000003,summer weekend,27.0
4866,2023-07-22 18:00:00.000,29.853054000000007,summer weekend,31.66
4867,2023-07-22 19:00:00.000,30.716458500000005,summer weekend,31.66
4868,2023-07-22 20:00:00.000,32.2058625,summer weekend,31.66
4869,2023-07-22 21:00:00.000,30.666478500000004,summer weekend,31.66
4870,2023-07-22 22:00:00.000,29.674375500000004,summer weekend,31.66
4871,2023-07-22 23:00:00.000,28.276185000000005,summer weekend,27.0
4872,2023-07-23 00:00:00.000,27.272836500000004,summer weekend,27.0
4873,2023-07-23 01:00:00.000,25.850905500000003,summer weekend,27.0
4874,2023-07-23 02:00:00.000,21.518889,summer weekend,19.7
4875,2023-07-23 03:00:00.000,19.339761,summer weekend,19.7
4876,2023-07-23 04:00:00.000,18.7537455,summer weekend,19.7
4877,2023-07-23 05:00:00.000,18.002795999999996,summer weekend,19.7
4878,2023-07-23 06:00:00.000,17.727906,summer weekend,19.7
4879,2023-07-23 07:00:00.000,17.795379,summer weekend,19.7
4880,2023-07-23 08:00:00.000,17.379295499999998,summer weekend,19.7
4881,2023-07-23 09:00:00.000,17.368049999999997,summer weekend,19.7
4882,2023-07-23 10:00:00.000,17.3646585,summer weekend,19.7
4883,2023-07-23 11:00:00.000,17.3623975,summer weekend,19.7
4884,2023-07-23 12:00:00.000,16.488521,summer weekend,19.7
4885,2023-07-23 13:00:00.000,15.992231499999995,summer weekend,19.7
4886,2023-07-23 14:00:00.000,16.5733085,summer weekend,19.7
4887,2023-07-23 15:00:00.000,16.937329499999997,summer weekend,19.7
4888,2023-07-23 16:00:00.000,17.368049999999997,summer weekend,19.7
4889,2023-07-23 17:00:00.000,20.9828535,summer weekend,19.7
4890,2023-07-23 18:00:00.000,25.712211000000003,summer weekend,27.0
4891,2023-07-23 19:00:00.000,28.268688000000004,summer weekend,27.0
4892,2023-07-23 20:00:00.000,28.833462000000004,summer weekend,27.0
4893,2023-07-23 21:00:00.000,29.820567000000004,summer weekend,31.66
4894,2023-07-23 22:00:00.000,28.943418000000005,summer weekend,27.0
4895,2023-07-23 23:00:00.000,27.00669300000001,summer weekend,27.0
4896,2023-07-24 00:00:00.000,26.117049,summer weekday,25.44
4897,2023-07-24 01:00:00.000,25.988350500000003,summer weekday,25.44
4898,2023-07-24 02:00:00.000,26.365699500000005,summer weekday,25.44
4899,2023-07-24 03:00:00.000,26.37569550000001,summer weekday,25.44
4900,2023-07-24 04:00:00.000,28.252444500000006,summer weekday,30.1
4901,2023-07-24 05:00:00.000,30.186670500000005,summer weekday,30.1
4902,2023-07-24 06:00:00.000,31.6086015,summer weekday,30.1
4903,2023-07-24 07:00:00.000,31.747296,summer weekday,30.1
4904,2023-07-24 08:00:00.000,30.487800000000004,summer weekday,30.1
4905,2023-07-24 09:00:00.000,29.855553000000008,summer weekday,30.1
4906,2023-07-24 10:00:00.000,29.190819000000005,summer weekday,30.1
4907,2023-07-24 11:00:00.000,28.294927500000007,summer weekday,30.1
4908,2023-07-24 12:00:00.000,27.562720500000005,summer weekday,25.44
4909,2023-07-24 13:00:00.000,26.735551500000003,summer weekday,25.44
4910,2023-07-24 14:00:00.000,25.773436500000003,summer weekday,25.44
4911,2023-07-24 15:00:00.000,25.3311135,summer weekday,25.44
4912,2023-07-24 16:00:00.000,26.996697000000005,summer weekday,25.44
4913,2023-07-24 17:00:00.000,29.573166000000004,summer weekday,30.1
4914,2023-07-24 18:00:00.000,30.732702000000003,summer weekday,30.1
4915,2023-07-24 19:00:00.000,32.169627000000006,summer weekday,30.1
4916,2023-07-24 20:00:00.000,31.6111005,summer weekday,30.1
4917,2023-07-24 21:00:00.000,30.234151500000007,summer weekday,30.1
4918,2023-07-24 22:00:00.000,30.116698500000005,summer weekday,30.1
4919,2023-07-24 23:00:00.000,29.363250000000004,summer weekday,30.1
4920,2023-07-25 00:00:00.000,28.182472500000003,summer weekday,30.1
4921,2023-07-25 01:00:00.000,27.982552500000008,summer weekday,30.1
4922,2023-07-25 02:00:00.000,28.217458500000003,summer weekday,30.1
4923,2023-07-25 03:00:00.000,28.372396500000004,summer weekday,30.1
4924,2023-07-25 04:00:00.000,29.5494255,summer weekday,30.1
4925,2023-07-25 05:00:00.000,31.618597500000003,summer weekday,30.1
4926,2023-07-25 06:00:00.000,36.1667775,summer weekday,34.9
4927,2023-07-25 07:00:00.000,36.347955000000006,summer weekday,34.9
4928,2023-07-25 08:00:00.000,31.579863000000003,summer weekday,30.1
4929,2023-07-25 09:00:00.000,30.19416750000001,summer weekday,30.1
4930,2023-07-25 10:00:00.000,29.97800400000001,summer weekday,30.1
4931,2023-07-25 11:00:00.000,29.646886500000004,summer weekday,30.1
4932,2023-07-25 12:00:00.000,28.628544000000005,summer weekday,30.1
4933,2023-07-25 13:00:00.000,28.311171000000005,summer weekday,30.1
4934,2023-07-25 14:00:00.000,28.473606,summer weekday,30.1
4935,2023-07-25 15:00:00.000,28.628544000000005,summer weekday,30.1
4936,2023-07-25 16:00:00.000,28.9521645,summer weekday,30.1
4937,2023-07-25 17:00:00.000,31.363699500000006,summer weekday,30.1
4938,2023-07-25 18:00:00.000,32.734401000000005,summer weekday,34.9
4939,2023-07-25 19:00:00.000,32.242098000000006,summer weekday,30.1
4940,2023-07-25 20:00:00.000,31.930972500000003,summer weekday,30.1
4941,2023-07-25 21:00:00.000,31.031332500000005,summer weekday,30.1
4942,2023-07-25 22:00:00.000,29.675625000000004,summer weekday,30.1
4943,2023-07-25 23:00:00.000,29.608152000000004,summer weekday,30.1
4944,2023-07-26 00:00:00.000,28.52733450000001,summer weekday,30.1
4945,2023-07-26 01:00:00.000,28.146237000000006,summer weekday,30.1
4946,2023-07-26 02:00:00.000,27.3203175,summer weekday,25.44
4947,2023-07-26 03:00:00.000,27.319068000000005,summer weekday,25.44
4948,2023-07-26 04:00:00.000,28.217458500000003,summer weekday,30.1
4949,2023-07-26 05:00:00.000,30.08421150000001,summer weekday,30.1
4950,2023-07-26 06:00:00.000,31.724805000000003,summer weekday,30.1
4951,2023-07-26 07:00:00.000,32.455762500000006,summer weekday,30.1
4952,2023-07-26 08:00:00.000,30.344107500000007,summer weekday,30.1
4953,2023-07-26 09:00:00.000,29.323266000000007,summer weekday,30.1
4954,2023-07-26 10:00:00.000,28.553574,summer weekday,30.1
4955,2023-07-26 11:00:00.000,28.118748000000007,summer weekday,30.1
4956,2023-07-26 12:00:00.000,27.192868500000003,summer weekday,25.44
4957,2023-07-26 13:00:00.000,26.698066500000003,summer weekday,25.44
4958,2023-07-26 14:00:00.000,26.04332850000001,summer weekday,25.44
4959,2023-07-26 15:00:00.000,27.466509,summer weekday,25.44
4960,2023-07-26 16:00:00.000,28.4848515,summer weekday,30.1
4961,2023-07-26 17:00:00.000,29.87054700000001,summer weekday,30.1
4962,2023-07-26 18:00:00.000,31.764789000000004,summer weekday,30.1
4963,2023-07-26 19:00:00.000,32.434521000000004,summer weekday,30.1
4964,2023-07-26 20:00:00.000,32.11714800000001,summer weekday,30.1
4965,2023-07-26 21:00:00.000,31.141288500000005,summer weekday,30.1
4966,2023-07-26 22:00:00.000,29.495697000000003,summer weekday,30.1
4967,2023-07-26 23:00:00.000,29.658132000000005,summer weekday,30.1
4968,2023-07-27 00:00:00.000,27.700165500000004,summer weekday,25.44
4969,2023-07-27 01:00:00.000,26.86425,summer weekday,25.44
4970,2023-07-27 02:00:00.000,26.246997000000004,summer weekday,25.44
4971,2023-07-27 03:00:00.000,26.364450000000005,summer weekday,25.44
4972,2023-07-27 04:00:00.000,27.424026000000005,summer weekday,25.44
4973,2023-07-27 05:00:00.000,29.475705000000005,summer weekday,30.1
4974,2023-07-27 06:00:00.000,30.310371000000004,summer weekday,30.1
4975,2023-07-27 07:00:00.000,30.400335000000005,summer weekday,30.1
4976,2023-07-27 08:00:00.000,29.753094000000004,summer weekday,30.1
4977,2023-07-27 09:00:00.000,29.463210000000004,summer weekday,30.1
4978,2023-07-27 10:00:00.000,28.726005000000004,summer weekday,30.1
4979,2023-07-27 11:00:00.000,28.1699775,summer weekday,30.1
4980,2023-07-27 12:00:00.000,27.36529950000001,summer weekday,25.44
4981,2023-07-27 13:00:00.000,27.155383500000006,summer weekday,25.44
4982,2023-07-27 14:00:00.000,27.5327325,summer weekday,25.44
4983,2023-07-27 15:00:00.000,29.099605500000003,summer weekday,30.1
4984,2023-07-27 16:00:00.000,30.770187000000007,summer weekday,30.1
4985,2023-07-27 17:00:00.000,31.726054500000004,summer weekday,30.1
4986,2023-07-27 18:00:00.000,31.9809525,summer weekday,30.1
4987,2023-07-27 19:00:00.000,31.10880150000001,summer weekday,30.1
4988,2023-07-27 20:00:00.000,30.877644000000004,summer weekday,30.1
4989,2023-07-27 21:00:00.000,30.557772000000007,summer weekday,30.1
4990,2023-07-27 22:00:00.000,29.723106000000005,summer weekday,30.1
4991,2023-07-27 23:00:00.000,28.442368500000004,summer weekday,30.1
4992,2023-07-28 00:00:00.000,27.312820500000008,summer weekday,25.44
4993,2023-07-28 01:00:00.000,27.130393500000004,summer weekday,25.44
4994,2023-07-28 02:00:00.000,27.264090000000003,summer weekday,25.44
4995,2023-07-28 03:00:00.000,27.366549000000003,summer weekday,25.44
4996,2023-07-28 04:00:00.000,28.554823500000005,summer weekday,30.1
4997,2023-07-28 05:00:00.000,29.8742955,summer weekday,30.1
4998,2023-07-28 06:00:00.000,31.252494,summer weekday,30.1
4999,2023-07-28 07:00:00.000,31.486150500000004,summer weekday,30.1
5000,2023-07-28 08:00:00.000,30.846406500000008,summer weekday,30.1
5001,2023-07-28 09:00:00.000,29.80557300000001,summer weekday,30.1
5002,2023-07-28 10:00:00.000,28.9884,summer weekday,30.1
5003,2023-07-28 11:00:00.000,28.101255,summer weekday,30.1
5004,2023-07-28 12:00:00.000,27.36405,summer weekday,25.44
5005,2023-07-28 13:00:00.000,26.820517500000005,summer weekday,25.44
5006,2023-07-28 14:00:00.000,26.876745000000003,summer weekday,25.44
5007,2023-07-28 15:00:00.000,27.36405,summer weekday,25.44
5008,2023-07-28 16:00:00.000,29.147086500000004,summer weekday,30.1
5009,2023-07-28 17:00:00.000,30.311620500000004,summer weekday,30.1
5010,2023-07-28 18:00:00.000,32.666928000000006,summer weekday,34.9
5011,2023-07-28 19:00:00.000,33.61155,summer weekday,34.9
5012,2023-07-28 20:00:00.000,32.584461000000005,summer weekday,34.9
5013,2023-07-28 21:00:00.000,31.248745500000005,summer weekday,30.1
5014,2023-07-28 22:00:00.000,30.05422350000001,summer weekday,30.1
5015,2023-07-28 23:00:00.000,30.249145500000008,summer weekday,30.1
5016,2023-07-29 00:00:00.000,29.173326000000003,summer weekend,27.0
5017,2023-07-29 01:00:00.000,28.759741500000004,summer weekend,27.0
5018,2023-07-29 02:00:00.000,28.07126700000001,summer weekend,27.0
5019,2023-07-29 03:00:00.000,28.4848515,summer weekend,27.0
5020,2023-07-29 04:00:00.000,28.242448500000005,summer weekend,27.0
5021,2023-07-29 05:00:00.000,28.076265000000003,summer weekend,27.0
5022,2023-07-29 06:00:00.000,28.3524045,summer weekend,27.0
5023,2023-07-29 07:00:00.000,28.087510500000004,summer weekend,27.0
5024,2023-07-29 08:00:00.000,27.577714500000003,summer weekend,27.0
5025,2023-07-29 09:00:00.000,26.801775000000003,summer weekend,27.0
5026,2023-07-29 10:00:00.000,25.333612500000005,summer weekend,27.0
5027,2023-07-29 11:00:00.000,24.697617000000005,summer weekend,27.0
5028,2023-07-29 12:00:00.000,22.426026000000004,summer weekend,19.7
5029,2023-07-29 13:00:00.000,19.64214,summer weekend,19.7
5030,2023-07-29 14:00:00.000,19.8258165,summer weekend,19.7
5031,2023-07-29 15:00:00.000,23.513091000000003,summer weekend,27.0
5032,2023-07-29 16:00:00.000,24.697617000000005,summer weekend,27.0
5033,2023-07-29 17:00:00.000,27.306573000000004,summer weekend,27.0
5034,2023-07-29 18:00:00.000,28.898436000000004,summer weekend,27.0
5035,2023-07-29 19:00:00.000,29.854303500000007,summer weekend,31.66
5036,2023-07-29 20:00:00.000,29.955513000000003,summer weekend,31.66
5037,2023-07-29 21:00:00.000,29.854303500000007,summer weekend,31.66
5038,2023-07-29 22:00:00.000,28.885941000000003,summer weekend,27.0
5039,2023-07-29 23:00:00.000,27.92632500000001,summer weekend,27.0
5040,2023-07-30 00:00:00.000,26.72680500000001,summer weekend,27.0
5041,2023-07-30 01:00:00.000,25.84090950000001,summer weekend,27.0
5042,2023-07-30 02:00:00.000,24.5889105,summer weekend,27.0
5043,2023-07-30 03:00:00.000,23.815470000000005,summer weekend,27.0
5044,2023-07-30 04:00:00.000,23.82796500000001,summer weekend,27.0
5045,2023-07-30 05:00:00.000,23.283183,summer weekend,19.7
5046,2023-07-30 06:00:00.000,21.9912,summer weekend,19.7
5047,2023-07-30 07:00:00.000,21.094059,summer weekend,19.7
5048,2023-07-30 08:00:00.000,18.427626,summer weekend,19.7
5049,2023-07-30 09:00:00.000,17.366919499999998,summer weekend,19.7
5050,2023-07-30 10:00:00.000,17.338656999999998,summer weekend,19.7
5051,2023-07-30 11:00:00.000,15.4812455,summer weekend,19.7
5052,2023-07-30 12:00:00.000,12.2887135,summer weekend,19.7
5053,2023-07-30 13:00:00.000,12.0987895,summer weekend,19.7
5054,2023-07-30 14:00:00.000,12.843789,summer weekend,19.7
5055,2023-07-30 15:00:00.000,15.113832999999998,summer weekend,19.7
5056,2023-07-30 16:00:00.000,17.255,summer weekend,19.7
5057,2023-07-30 17:00:00.000,19.394739,summer weekend,19.7
5058,2023-07-30 18:00:00.000,26.660581500000006,summer weekend,27.0
5059,2023-07-30 19:00:00.000,27.9225765,summer weekend,27.0
5060,2023-07-30 20:00:00.000,28.42112700000001,summer weekend,27.0
5061,2023-07-30 21:00:00.000,28.246197,summer weekend,27.0
5062,2023-07-30 22:00:00.000,26.1207975,summer weekend,27.0
5063,2023-07-30 23:00:00.000,24.99374850000001,summer weekend,27.0
5064,2023-07-31 00:00:00.000,23.6792745,summer weekday,25.44
5065,2023-07-31 01:00:00.000,22.877095500000003,summer weekday,25.44
5066,2023-07-31 02:00:00.000,21.154035,summer weekday,25.44
5067,2023-07-31 03:00:00.000,20.9803545,summer weekday,25.44
5068,2023-07-31 04:00:00.000,23.654284500000003,summer weekday,25.44
5069,2023-07-31 05:00:00.000,27.136641000000004,summer weekday,25.44
5070,2023-07-31 06:00:00.000,28.186221000000003,summer weekday,30.1
5071,2023-07-31 07:00:00.000,28.383642000000005,summer weekday,30.1
5072,2023-07-31 08:00:00.000,28.113750000000003,summer weekday,30.1
5073,2023-07-31 09:00:00.000,26.634342,summer weekday,25.44
5074,2023-07-31 10:00:00.000,25.800925500000005,summer weekday,25.44
5075,2023-07-31 11:00:00.000,25.51229100000001,summer weekday,25.44
5076,2023-07-31 12:00:00.000,24.821317500000006,summer weekday,25.44
5077,2023-07-31 13:00:00.000,24.757593000000004,summer weekday,25.44
5078,2023-07-31 14:00:00.000,24.857553000000003,summer weekday,25.44
5079,2023-07-31 15:00:00.000,25.822167000000004,summer weekday,25.44
5080,2023-07-31 16:00:00.000,26.860501500000005,summer weekday,25.44
5081,2023-07-31 17:00:00.000,28.573566000000007,summer weekday,30.1
5082,2023-07-31 18:00:00.000,29.6393895,summer weekday,30.1
5083,2023-07-31 19:00:00.000,29.859301500000004,summer weekday,30.1
5084,2023-07-31 20:00:00.000,29.7693375,summer weekday,30.1
5085,2023-07-31 21:00:00.000,29.270787,summer weekday,30.1
5086,2023-07-31 22:00:00.000,28.3174185,summer weekday,30.1
5087,2023-07-31 23:00:00.000,25.865899500000005,summer weekday,25.44
5088,2023-08-01 00:00:00.000,24.722607000000004,summer weekday,25.44
5089,2023-08-01 01:00:00.000,24.597657000000005,summer weekday,25.44
5090,2023-08-01 02:00:00.000,24.482703,summer weekday,25.44
5091,2023-08-01 03:00:00.000,24.60265500000001,summer weekday,25.44
5092,2023-08-01 04:00:00.000,25.28988,summer weekday,25.44
5093,2023-08-01 05:00:00.000,28.838460000000005,summer weekday,30.1
5094,2023-08-01 06:00:00.000,29.16832800000001,summer weekday,30.1
5095,2023-08-01 07:00:00.000,29.738100000000006,summer weekday,30.1
5096,2023-08-01 08:00:00.000,28.887190500000003,summer weekday,30.1
5097,2023-08-01 09:00:00.000,28.953414,summer weekday,30.1
5098,2023-08-01 10:00:00.000,28.2724365,summer weekday,30.1
5099,2023-08-01 11:00:00.000,27.266589000000003,summer weekday,25.44
5100,2023-08-01 12:00:00.000,26.104554000000004,summer weekday,25.44
5101,2023-08-01 13:00:00.000,24.880044,summer weekday,25.44
5102,2023-08-01 14:00:00.000,24.523936500000005,summer weekday,25.44
5103,2023-08-01 15:00:00.000,24.485202000000005,summer weekday,25.44
5104,2023-08-01 16:00:00.000,25.927125000000004,summer weekday,25.44
5105,2023-08-01 17:00:00.000,27.581463000000007,summer weekday,25.44
5106,2023-08-01 18:00:00.000,29.369497500000005,summer weekday,30.1
5107,2023-08-01 19:00:00.000,30.9663585,summer weekday,30.1
5108,2023-08-01 20:00:00.000,31.354953000000005,summer weekday,30.1
5109,2023-08-01 21:00:00.000,30.1816725,summer weekday,30.1
5110,2023-08-01 22:00:00.000,28.960911000000003,summer weekday,30.1
5111,2023-08-01 23:00:00.000,28.536081000000003,summer weekday,30.1
5112,2023-08-02 00:00:00.000,27.056673000000004,summer weekday,25.44
5113,2023-08-02 01:00:00.000,26.067069000000004,summer weekday,25.44
5114,2023-08-02 02:00:00.000,25.7484465,summer weekday,25.44
5115,2023-08-02 03:00:00.000,26.143288500000008,summer weekday,25.44
5116,2023-08-02 04:00:00.000,28.258692000000003,summer weekday,30.1
5117,2023-08-02 05:00:00.000,30.314119500000004,summer weekday,30.1
5118,2023-08-02 06:00:00.000,31.357452,summer weekday,30.1
5119,2023-08-02 07:00:00.000,29.65938150000001,summer weekday,30.1
5120,2023-08-02 08:00:00.000,28.536081000000003,summer weekday,30.1
5121,2023-08-02 09:00:00.000,27.2478465,summer weekday,25.44
5122,2023-08-02 10:00:00.000,25.427325000000003,summer weekday,25.44
5123,2023-08-02 11:00:00.000,23.867949000000007,summer weekday,25.44
5124,2023-08-02 12:00:00.000,21.501396,summer weekday,25.44
5125,2023-08-02 13:00:00.000,20.476806,summer weekday,25.44
5126,2023-08-02 14:00:00.000,20.021988,summer weekday,25.44
5127,2023-08-02 15:00:00.000,21.0103425,summer weekday,25.44
5128,2023-08-02 16:00:00.000,23.93542200000001,summer weekday,25.44
5129,2023-08-02 17:00:00.000,26.022087000000003,summer weekday,25.44
5130,2023-08-02 18:00:00.000,27.853854000000005,summer weekday,30.1
5131,2023-08-02 19:00:00.000,27.597706500000005,summer weekday,25.44
5132,2023-08-02 20:00:00.000,27.210361500000005,summer weekday,25.44
5133,2023-08-02 21:00:00.000,25.577265000000004,summer weekday,25.44
5134,2023-08-02 22:00:00.000,22.1873715,summer weekday,25.44
5135,2023-08-02 23:00:00.000,19.8633015,summer weekday,25.44
5136,2023-08-03 00:00:00.000,18.5563245,summer weekday,25.44
5137,2023-08-03 01:00:00.000,17.797877999999997,summer weekday,25.44
5138,2023-08-03 02:00:00.000,18.0690195,summer weekday,25.44
5139,2023-08-03 03:00:00.000,18.26769,summer weekday,25.44
5140,2023-08-03 04:00:00.000,20.46681,summer weekday,25.44
5141,2023-08-03 05:00:00.000,23.288181000000005,summer weekday,25.44
5142,2023-08-03 06:00:00.000,25.23990000000001,summer weekday,25.44
5143,2023-08-03 07:00:00.000,26.114550000000005,summer weekday,25.44
5144,2023-08-03 08:00:00.000,24.727605,summer weekday,25.44
5145,2023-08-03 09:00:00.000,23.04702750000001,summer weekday,25.44
5146,2023-08-03 10:00:00.000,21.681324,summer weekday,25.44
5147,2023-08-03 11:00:00.000,20.7429495,summer weekday,25.44
5148,2023-08-03 12:00:00.000,20.0232375,summer weekday,25.44
5149,2023-08-03 13:00:00.000,19.5459285,summer weekday,25.44
5150,2023-08-03 14:00:00.000,19.579665,summer weekday,25.44
5151,2023-08-03 15:00:00.000,20.109453,summer weekday,25.44
5152,2023-08-03 16:00:00.000,22.992049500000004,summer weekday,25.44
5153,2023-08-03 17:00:00.000,27.336561000000003,summer weekday,25.44
5154,2023-08-03 18:00:00.000,29.270787,summer weekday,30.1
5155,2023-08-03 19:00:00.000,29.43822,summer weekday,30.1
5156,2023-08-03 20:00:00.000,29.464459500000004,summer weekday,30.1
5157,2023-08-03 21:00:00.000,29.160831,summer weekday,30.1
5158,2023-08-03 22:00:00.000,28.238700000000005,summer weekday,30.1
5159,2023-08-03 23:00:00.000,28.631043,summer weekday,30.1
5160,2023-08-04 00:00:00.000,27.845107500000005,summer weekday,30.1
5161,2023-08-04 01:00:00.000,27.479004000000003,summer weekday,25.44
5162,2023-08-04 02:00:00.000,27.270337500000004,summer weekday,25.44
5163,2023-08-04 03:00:00.000,27.7101615,summer weekday,25.44
5164,2023-08-04 04:00:00.000,28.38614100000001,summer weekday,30.1
5165,2023-08-04 05:00:00.000,30.947616000000004,summer weekday,30.1
5166,2023-08-04 06:00:00.000,32.83186200000001,summer weekday,34.9
5167,2023-08-04 07:00:00.000,32.445766500000005,summer weekday,30.1
5168,2023-08-04 08:00:00.000,30.496546500000004,summer weekday,30.1
5169,2023-08-04 09:00:00.000,29.258292000000004,summer weekday,30.1
5170,2023-08-04 10:00:00.000,28.698516000000005,summer weekday,30.1
5171,2023-08-04 11:00:00.000,28.228704000000004,summer weekday,30.1
5172,2023-08-04 12:00:00.000,27.4652595,summer weekday,25.44
5173,2023-08-04 13:00:00.000,27.094158000000004,summer weekday,25.44
5174,2023-08-04 14:00:00.000,26.999196000000005,summer weekday,25.44
5175,2023-08-04 15:00:00.000,27.725155500000007,summer weekday,25.44
5176,2023-08-04 16:00:00.000,29.24329800000001,summer weekday,30.1
5177,2023-08-04 17:00:00.000,30.29537700000001,summer weekday,30.1
5178,2023-08-04 18:00:00.000,34.218807000000005,summer weekday,34.9
5179,2023-08-04 19:00:00.000,34.83606,summer weekday,34.9
5180,2023-08-04 20:00:00.000,33.4803525,summer weekday,34.9
5181,2023-08-04 21:00:00.000,31.237500000000004,summer weekday,30.1
5182,2023-08-04 22:00:00.000,29.674375500000004,summer weekday,30.1
5183,2023-08-04 23:00:00.000,30.056722500000003,summer weekday,30.1
5184,2023-08-05 00:00:00.000,29.225805,summer weekend,27.0
5185,2023-08-05 01:00:00.000,28.935921,summer weekend,27.0
5186,2023-08-05 02:00:00.000,28.651035000000007,summer weekend,27.0
5187,2023-08-05 03:00:00.000,28.643538000000003,summer weekend,27.0
5188,2023-08-05 04:00:00.000,28.681023000000003,summer weekend,27.0
5189,2023-08-05 05:00:00.000,29.200815,summer weekend,27.0
5190,2023-08-05 06:00:00.000,28.99214850000001,summer weekend,27.0
5191,2023-08-05 07:00:00.000,29.012140500000005,summer weekend,27.0
5192,2023-08-05 08:00:00.000,28.488600000000005,summer weekend,27.0
5193,2023-08-05 09:00:00.000,27.376545000000004,summer weekend,27.0
5194,2023-08-05 10:00:00.000,26.76179100000001,summer weekend,27.0
5195,2023-08-05 11:00:00.000,25.491049500000003,summer weekend,27.0
5196,2023-08-05 12:00:00.000,24.728854500000004,summer weekend,27.0
5197,2023-08-05 13:00:00.000,24.620148000000004,summer weekend,27.0
5198,2023-08-05 14:00:00.000,25.59600750000001,summer weekend,27.0
5199,2023-08-05 15:00:00.000,27.33031350000001,summer weekend,27.0
5200,2023-08-05 16:00:00.000,29.758092000000005,summer weekend,31.66
5201,2023-08-05 17:00:00.000,30.815169,summer weekend,31.66
5202,2023-08-05 18:00:00.000,32.749395,summer weekend,31.66
5203,2023-08-05 19:00:00.000,33.4853505,summer weekend,31.66
5204,2023-08-05 20:00:00.000,31.016338500000003,summer weekend,31.66
5205,2023-08-05 21:00:00.000,29.748096000000004,summer weekend,31.66
5206,2023-08-05 22:00:00.000,28.28118300000001,summer weekend,27.0
5207,2023-08-05 23:00:00.000,28.501095000000007,summer weekend,27.0
5208,2023-08-06 00:00:00.000,28.374895500000004,summer weekend,27.0
5209,2023-08-06 01:00:00.000,27.2478465,summer weekend,27.0
5210,2023-08-06 02:00:00.000,27.249096000000005,summer weekend,27.0
5211,2023-08-06 03:00:00.000,26.746797000000004,summer weekend,27.0
5212,2023-08-06 04:00:00.000,27.863850000000003,summer weekend,27.0
5213,2023-08-06 05:00:00.000,26.751795,summer weekend,27.0
5214,2023-08-06 06:00:00.000,25.940869500000005,summer weekend,27.0
5215,2023-08-06 07:00:00.000,25.797177000000005,summer weekend,27.0
5216,2023-08-06 08:00:00.000,25.003744500000003,summer weekend,27.0
5217,2023-08-06 09:00:00.000,23.5018455,summer weekend,27.0
5218,2023-08-06 10:00:00.000,22.847107500000003,summer weekend,19.7
5219,2023-08-06 11:00:00.000,21.606354,summer weekend,19.7
5220,2023-08-06 12:00:00.000,18.8761965,summer weekend,19.7
5221,2023-08-06 13:00:00.000,18.862452,summer weekend,19.7
5222,2023-08-06 14:00:00.000,18.5038455,summer weekend,19.7
5223,2023-08-06 15:00:00.000,18.879945,summer weekend,19.7
5224,2023-08-06 16:00:00.000,21.7625415,summer weekend,19.7
5225,2023-08-06 17:00:00.000,25.118698500000004,summer weekend,27.0
5226,2023-08-06 18:00:00.000,26.44066950000001,summer weekend,27.0
5227,2023-08-06 19:00:00.000,26.97045750000001,summer weekend,27.0
5228,2023-08-06 20:00:00.000,27.00794250000001,summer weekend,27.0
5229,2023-08-06 21:00:00.000,26.346957000000003,summer weekend,27.0
5230,2023-08-06 22:00:00.000,24.290280000000003,summer weekend,27.0
5231,2023-08-06 23:00:00.000,24.16533,summer weekend,27.0
5232,2023-08-07 00:00:00.000,23.3119215,summer weekday,25.44
5233,2023-08-07 01:00:00.000,21.2202585,summer weekday,25.44
5234,2023-08-07 02:00:00.000,18.2439495,summer weekday,25.44
5235,2023-08-07 03:00:00.000,17.8116225,summer weekday,25.44
5236,2023-08-07 04:00:00.000,17.3717985,summer weekday,25.44
5237,2023-08-07 05:00:00.000,25.654734,summer weekday,25.44
5238,2023-08-07 06:00:00.000,26.536881000000005,summer weekday,25.44
5239,2023-08-07 07:00:00.000,25.507293,summer weekday,25.44
5240,2023-08-07 08:00:00.000,22.983303000000003,summer weekday,25.44
5241,2023-08-07 09:00:00.000,17.914081499999998,summer weekday,25.44
5242,2023-08-07 10:00:00.000,17.493,summer weekday,25.44
5243,2023-08-07 11:00:00.000,17.366919499999998,summer weekday,25.44
5244,2023-08-07 12:00:00.000,17.276479499999997,summer weekday,25.44
5245,2023-08-07 13:00:00.000,16.8808045,summer weekday,25.44
5246,2023-08-07 14:00:00.000,16.238680499999997,summer weekday,25.44
5247,2023-08-07 15:00:00.000,16.879673999999998,summer weekday,25.44
5248,2023-08-07 16:00:00.000,17.363528,summer weekday,25.44
5249,2023-08-07 17:00:00.000,17.388042,summer weekday,25.44
5250,2023-08-07 18:00:00.000,19.0786155,summer weekday,25.44
5251,2023-08-07 19:00:00.000,21.2052645,summer weekday,25.44
5252,2023-08-07 20:00:00.000,22.594708500000003,summer weekday,25.44
5253,2023-08-07 21:00:00.000,17.501746499999996,summer weekday,25.44
5254,2023-08-07 22:00:00.000,17.360136499999996,summer weekday,25.44
5255,2023-08-07 23:00:00.000,16.884196,summer weekday,25.44
5256,2023-08-08 00:00:00.000,16.6863585,summer weekday,25.44
5257,2023-08-08 01:00:00.000,16.66714,summer weekday,25.44
5258,2023-08-08 02:00:00.000,16.698793999999996,summer weekday,25.44
5259,2023-08-08 03:00:00.000,16.945242999999998,summer weekday,25.44
5260,2023-08-08 04:00:00.000,17.1317755,summer weekday,25.44
5261,2023-08-08 05:00:00.000,17.379295499999998,summer weekday,25.44
5262,2023-08-08 06:00:00.000,19.157334,summer weekday,25.44
5263,2023-08-08 07:00:00.000,17.3578755,summer weekday,25.44
5264,2023-08-08 08:00:00.000,17.062815,summer weekday,25.44
5265,2023-08-08 09:00:00.000,16.6027015,summer weekday,25.44
5266,2023-08-08 10:00:00.000,15.878051,summer weekday,25.44
5267,2023-08-08 11:00:00.000,15.5897735,summer weekday,25.44
5268,2023-08-08 12:00:00.000,15.0968755,summer weekday,25.44
5269,2023-08-08 13:00:00.000,14.906951499999998,summer weekday,25.44
5270,2023-08-08 14:00:00.000,15.547945,summer weekday,25.44
5271,2023-08-08 15:00:00.000,16.361905,summer weekday,25.44
5272,2023-08-08 16:00:00.000,17.275349,summer weekday,25.44
5273,2023-08-08 17:00:00.000,17.501746499999996,summer weekday,25.44
5274,2023-08-08 18:00:00.000,28.3124205,summer weekday,30.1
5275,2023-08-08 19:00:00.000,27.85885200000001,summer weekday,30.1
5276,2023-08-08 20:00:00.000,28.511091000000004,summer weekday,30.1
5277,2023-08-08 21:00:00.000,28.3124205,summer weekday,30.1
5278,2023-08-08 22:00:00.000,24.862551000000003,summer weekday,25.44
5279,2023-08-08 23:00:00.000,27.351555000000005,summer weekday,25.44
5280,2023-08-09 00:00:00.000,26.384442000000004,summer weekday,25.44
5281,2023-08-09 01:00:00.000,26.118298500000005,summer weekday,25.44
5282,2023-08-09 02:00:00.000,25.84090950000001,summer weekday,25.44
5283,2023-08-09 03:00:00.000,26.629344000000003,summer weekday,25.44
5284,2023-08-09 04:00:00.000,27.85760250000001,summer weekday,30.1
5285,2023-08-09 05:00:00.000,29.633142000000003,summer weekday,30.1
5286,2023-08-09 06:00:00.000,30.575265,summer weekday,30.1
5287,2023-08-09 07:00:00.000,30.667728000000004,summer weekday,30.1
5288,2023-08-09 08:00:00.000,29.819317500000004,summer weekday,30.1
5289,2023-08-09 09:00:00.000,28.4848515,summer weekday,30.1
5290,2023-08-09 10:00:00.000,27.5702175,summer weekday,25.44
5291,2023-08-09 11:00:00.000,25.192419000000005,summer weekday,25.44
5292,2023-08-09 12:00:00.000,25.053724500000005,summer weekday,25.44
5293,2023-08-09 13:00:00.000,22.618449000000005,summer weekday,25.44
5294,2023-08-09 14:00:00.000,24.551425500000004,summer weekday,25.44
5295,2023-08-09 15:00:00.000,25.827165000000004,summer weekday,25.44
5296,2023-08-09 16:00:00.000,28.363650000000003,summer weekday,30.1
5297,2023-08-09 17:00:00.000,29.7943275,summer weekday,30.1
5298,2023-08-09 18:00:00.000,32.225854500000004,summer weekday,30.1
5299,2023-08-09 19:00:00.000,34.74609600000001,summer weekday,34.9
5300,2023-08-09 20:00:00.000,33.81396900000001,summer weekday,34.9
5301,2023-08-09 21:00:00.000,32.670676500000006,summer weekday,34.9
5302,2023-08-09 22:00:00.000,29.98300200000001,summer weekday,30.1
5303,2023-08-09 23:00:00.000,29.396986500000004,summer weekday,30.1
5304,2023-08-10 00:00:00.000,28.862200500000007,summer weekday,30.1
5305,2023-08-10 01:00:00.000,28.507342500000004,summer weekday,30.1
5306,2023-08-10 02:00:00.000,27.361551,summer weekday,25.44
5307,2023-08-10 03:00:00.000,28.466109000000007,summer weekday,30.1
5308,2023-08-10 04:00:00.000,28.9884,summer weekday,30.1
5309,2023-08-10 05:00:00.000,34.145086500000005,summer weekday,34.9
5310,2023-08-10 06:00:00.000,41.4346695,summer weekday,34.9
5311,2023-08-10 07:00:00.000,31.1387895,summer weekday,30.1
5312,2023-08-10 08:00:00.000,29.475705000000005,summer weekday,30.1
5313,2023-08-10 09:00:00.000,27.6376905,summer weekday,25.44
5314,2023-08-10 10:00:00.000,25.744698000000003,summer weekday,25.44
5315,2023-08-10 11:00:00.000,25.745947500000003,summer weekday,25.44
5316,2023-08-10 12:00:00.000,22.2498465,summer weekday,25.44
5317,2023-08-10 13:00:00.000,22.980804000000006,summer weekday,25.44
5318,2023-08-10 14:00:00.000,25.561021500000003,summer weekday,25.44
5319,2023-08-10 15:00:00.000,27.36529950000001,summer weekday,25.44
5320,2023-08-10 16:00:00.000,29.035881000000007,summer weekday,30.1
5321,2023-08-10 17:00:00.000,30.222906000000005,summer weekday,30.1
5322,2023-08-10 18:00:00.000,38.829462,summer weekday,34.9
5323,2023-08-10 19:00:00.000,42.83286,summer weekday,34.9
5324,2023-08-10 20:00:00.000,35.422075500000005,summer weekday,34.9
5325,2023-08-10 21:00:00.000,31.798525500000004,summer weekday,30.1
5326,2023-08-10 22:00:00.000,30.024235500000007,summer weekday,30.1
5327,2023-08-10 23:00:00.000,31.276234500000005,summer weekday,30.1
5328,2023-08-11 00:00:00.000,30.661480500000003,summer weekday,30.1
5329,2023-08-11 01:00:00.000,30.459061500000004,summer weekday,30.1
5330,2023-08-11 02:00:00.000,29.831812500000005,summer weekday,30.1
5331,2023-08-11 03:00:00.000,30.149185500000005,summer weekday,30.1
5332,2023-08-11 04:00:00.000,30.712710000000005,summer weekday,30.1
5333,2023-08-11 05:00:00.000,35.272135500000005,summer weekday,34.9
5334,2023-08-11 06:00:00.000,35.272135500000005,summer weekday,34.9
5335,2023-08-11 07:00:00.000,31.7460465,summer weekday,30.1
5336,2023-08-11 08:00:00.000,29.888040000000004,summer weekday,30.1
5337,2023-08-11 09:00:00.000,27.9275745,summer weekday,30.1
5338,2023-08-11 10:00:00.000,26.575615500000005,summer weekday,25.44
5339,2023-08-11 11:00:00.000,22.543479000000005,summer weekday,25.44
5340,2023-08-11 12:00:00.000,21.1402905,summer weekday,25.44
5341,2023-08-11 13:00:00.000,21.392689500000003,summer weekday,25.44
5342,2023-08-11 14:00:00.000,24.616399500000004,summer weekday,25.44
5343,2023-08-11 15:00:00.000,27.936321000000007,summer weekday,30.1
5344,2023-08-11 16:00:00.000,29.610651,summer weekday,30.1
5345,2023-08-11 17:00:00.000,31.459911000000005,summer weekday,30.1
5346,2023-08-11 18:00:00.000,34.9622595,summer weekday,34.9
5347,2023-08-11 19:00:00.000,38.19221700000001,summer weekday,34.9
5348,2023-08-11 20:00:00.000,33.9864,summer weekday,34.9
5349,2023-08-11 21:00:00.000,32.097156000000005,summer weekday,30.1
5350,2023-08-11 22:00:00.000,30.335361,summer weekday,30.1
5351,2023-08-11 23:00:00.000,30.305373000000007,summer weekday,30.1
5352,2023-08-12 00:00:00.000,29.63814,summer weekend,31.66
5353,2023-08-12 01:00:00.000,29.575665000000004,summer weekend,31.66
5354,2023-08-12 02:00:00.000,29.353254000000007,summer weekend,31.66
5355,2023-08-12 03:00:00.000,29.102104500000006,summer weekend,27.0
5356,2023-08-12 04:00:00.000,29.728104,summer weekend,31.66
5357,2023-08-12 05:00:00.000,29.299525500000005,summer weekend,27.0
5358,2023-08-12 06:00:00.000,29.86305,summer weekend,31.66
5359,2023-08-12 07:00:00.000,29.80557300000001,summer weekend,31.66
5360,2023-08-12 08:00:00.000,28.301175,summer weekend,27.0
5361,2023-08-12 09:00:00.000,26.895487500000005,summer weekend,27.0
5362,2023-08-12 10:00:00.000,25.747197000000007,summer weekend,27.0
5363,2023-08-12 11:00:00.000,23.820468,summer weekend,27.0
5364,2023-08-12 12:00:00.000,20.4305745,summer weekend,19.7
5365,2023-08-12 13:00:00.000,18.11775,summer weekend,19.7
5366,2023-08-12 14:00:00.000,18.232704,summer weekend,19.7
5367,2023-08-12 15:00:00.000,19.91703,summer weekend,19.7
5368,2023-08-12 16:00:00.000,25.812171000000003,summer weekend,27.0
5369,2023-08-12 17:00:00.000,28.930923000000003,summer weekend,27.0
5370,2023-08-12 18:00:00.000,30.671476500000004,summer weekend,31.66
5371,2023-08-12 19:00:00.000,31.257492000000003,summer weekend,31.66
5372,2023-08-12 20:00:00.000,31.397436000000003,summer weekend,31.66
5373,2023-08-12 21:00:00.000,30.868897500000003,summer weekend,31.66
5374,2023-08-12 22:00:00.000,30.070467000000004,summer weekend,31.66
5375,2023-08-12 23:00:00.000,28.626045000000005,summer weekend,27.0
5376,2023-08-13 00:00:00.000,27.938820000000003,summer weekend,27.0
5377,2023-08-13 01:00:00.000,27.21411,summer weekend,27.0
5378,2023-08-13 02:00:00.000,26.072067000000004,summer weekend,27.0
5379,2023-08-13 03:00:00.000,25.989600000000006,summer weekend,27.0
5380,2023-08-13 04:00:00.000,26.366949,summer weekend,27.0
5381,2023-08-13 05:00:00.000,27.075415500000005,summer weekend,27.0
5382,2023-08-13 06:00:00.000,26.956713000000008,summer weekend,27.0
5383,2023-08-13 07:00:00.000,26.215759500000008,summer weekend,27.0
5384,2023-08-13 08:00:00.000,23.664280500000004,summer weekend,27.0
5385,2023-08-13 09:00:00.000,20.8928895,summer weekend,19.7
5386,2023-08-13 10:00:00.000,19.1335935,summer weekend,19.7
5387,2023-08-13 11:00:00.000,18.1015065,summer weekend,19.7
5388,2023-08-13 12:00:00.000,17.500497,summer weekend,19.7
5389,2023-08-13 13:00:00.000,17.550477,summer weekend,19.7
5390,2023-08-13 14:00:00.000,18.212712,summer weekend,19.7
5391,2023-08-13 15:00:00.000,19.5484275,summer weekend,19.7
5392,2023-08-13 16:00:00.000,26.446917000000003,summer weekend,27.0
5393,2023-08-13 17:00:00.000,29.759341500000005,summer weekend,31.66
5394,2023-08-13 18:00:00.000,30.883891500000004,summer weekend,31.66
5395,2023-08-13 19:00:00.000,31.864749000000003,summer weekend,31.66
5396,2023-08-13 20:00:00.000,32.36205,summer weekend,31.66
5397,2023-08-13 21:00:00.000,32.380792500000005,summer weekend,31.66
5398,2023-08-13 22:00:00.000,31.623595500000004,summer weekend,31.66
5399,2023-08-13 23:00:00.000,29.614399500000005,summer weekend,31.66
5400,2023-08-14 00:00:00.000,28.5673185,summer weekday,30.1
5401,2023-08-14 01:00:00.000,27.92632500000001,summer weekday,30.1
5402,2023-08-14 02:00:00.000,28.409881500000004,summer weekday,30.1
5403,2023-08-14 03:00:00.000,29.189569500000005,summer weekday,30.1
5404,2023-08-14 04:00:00.000,31.160031,summer weekday,30.1
5405,2023-08-14 05:00:00.000,33.73525050000001,summer weekday,34.9
5406,2023-08-14 06:00:00.000,35.219656500000006,summer weekday,34.9
5407,2023-08-14 07:00:00.000,31.969707000000003,summer weekday,30.1
5408,2023-08-14 08:00:00.000,29.746846500000004,summer weekday,30.1
5409,2023-08-14 09:00:00.000,27.8226165,summer weekday,30.1
5410,2023-08-14 10:00:00.000,27.027934500000004,summer weekday,25.44
5411,2023-08-14 11:00:00.000,26.105803500000004,summer weekday,25.44
5412,2023-08-14 12:00:00.000,25.324866000000004,summer weekday,25.44
5413,2023-08-14 13:00:00.000,25.753444500000004,summer weekday,25.44
5414,2023-08-14 14:00:00.000,26.626845000000007,summer weekday,25.44
5415,2023-08-14 15:00:00.000,27.676425,summer weekday,25.44
5416,2023-08-14 16:00:00.000,30.0742155,summer weekday,30.1
5417,2023-08-14 17:00:00.000,32.84560650000001,summer weekday,34.9
5418,2023-08-14 18:00:00.000,39.5829105,summer weekday,34.9
5419,2023-08-14 19:00:00.000,37.49374650000001,summer weekday,34.9
5420,2023-08-14 20:00:00.000,33.719007000000005,summer weekday,34.9
5421,2023-08-14 21:00:00.000,31.236250500000004,summer weekday,30.1
5422,2023-08-14 22:00:00.000,29.995497,summer weekday,30.1
5423,2023-08-14 23:00:00.000,29.813070000000003,summer weekday,30.1
5424,2023-08-15 00:00:00.000,28.944667500000005,summer weekday,30.1
5425,2023-08-15 01:00:00.000,28.883442,summer weekday,30.1
5426,2023-08-15 02:00:00.000,28.608552,summer weekday,30.1
5427,2023-08-15 03:00:00.000,28.322416500000006,summer weekday,30.1
5428,2023-08-15 04:00:00.000,28.9521645,summer weekday,30.1
5429,2023-08-15 05:00:00.000,31.57236600000001,summer weekday,30.1
5430,2023-08-15 06:00:00.000,34.23630000000001,summer weekday,34.9
5431,2023-08-15 07:00:00.000,32.434521000000004,summer weekday,30.1
5432,2023-08-15 08:00:00.000,29.200815,summer weekday,30.1
5433,2023-08-15 09:00:00.000,27.3603015,summer weekday,25.44
5434,2023-08-15 10:00:00.000,26.61185100000001,summer weekday,25.44
5435,2023-08-15 11:00:00.000,25.157433,summer weekday,25.44
5436,2023-08-15 12:00:00.000,21.239001,summer weekday,25.44
5437,2023-08-15 13:00:00.000,20.309373,summer weekday,25.44
5438,2023-08-15 14:00:00.000,23.097007500000004,summer weekday,25.44
5439,2023-08-15 15:00:00.000,26.147037000000005,summer weekday,25.44
5440,2023-08-15 16:00:00.000,29.365749000000008,summer weekday,30.1
5441,2023-08-15 17:00:00.000,30.946366500000003,summer weekday,30.1
5442,2023-08-15 18:00:00.000,33.119247,summer weekday,34.9
5443,2023-08-15 19:00:00.000,35.18716950000001,summer weekday,34.9
5444,2023-08-15 20:00:00.000,33.991398000000004,summer weekday,34.9
5445,2023-08-15 21:00:00.000,33.04177800000001,summer weekday,34.9
5446,2023-08-15 22:00:00.000,30.848905500000004,summer weekday,30.1
5447,2023-08-15 23:00:00.000,30.712710000000005,summer weekday,30.1
5448,2023-08-16 00:00:00.000,29.544427500000005,summer weekday,30.1
5449,2023-08-16 01:00:00.000,29.035881000000007,summer weekday,30.1
5450,2023-08-16 02:00:00.000,29.172076500000003,summer weekday,30.1
5451,2023-08-16 03:00:00.000,29.488200000000003,summer weekday,30.1
5452,2023-08-16 04:00:00.000,29.800575,summer weekday,30.1
5453,2023-08-16 05:00:00.000,32.248345500000006,summer weekday,30.1
5454,2023-08-16 06:00:00.000,35.6119995,summer weekday,34.9
5455,2023-08-16 07:00:00.000,33.55907100000001,summer weekday,34.9
5456,2023-08-16 08:00:00.000,31.051324500000003,summer weekday,30.1
5457,2023-08-16 09:00:00.000,29.776834500000007,summer weekday,30.1
5458,2023-08-16 10:00:00.000,29.16832800000001,summer weekday,30.1
5459,2023-08-16 11:00:00.000,28.818468,summer weekday,30.1
5460,2023-08-16 12:00:00.000,28.227454500000004,summer weekday,30.1
5461,2023-08-16 13:00:00.000,28.592308500000005,summer weekday,30.1
5462,2023-08-16 14:00:00.000,29.002144500000004,summer weekday,30.1
5463,2023-08-16 15:00:00.000,29.514439500000005,summer weekday,30.1
5464,2023-08-16 16:00:00.000,31.2112605,summer weekday,30.1
5465,2023-08-16 17:00:00.000,33.763989,summer weekday,34.9
5466,2023-08-16 18:00:00.000,36.872745,summer weekday,34.9
5467,2023-08-16 19:00:00.000,37.3637985,summer weekday,34.9
5468,2023-08-16 20:00:00.000,34.37374500000001,summer weekday,34.9
5469,2023-08-16 21:00:00.000,32.349555,summer weekday,30.1
5470,2023-08-16 22:00:00.000,29.8618005,summer weekday,30.1
5471,2023-08-16 23:00:00.000,30.472806,summer weekday,30.1
5472,2023-08-17 00:00:00.000,29.66063100000001,summer weekday,30.1
5473,2023-08-17 01:00:00.000,29.606902500000004,summer weekday,30.1
5474,2023-08-17 02:00:00.000,29.255793,summer weekday,30.1
5475,2023-08-17 03:00:00.000,29.255793,summer weekday,30.1
5476,2023-08-17 04:00:00.000,30.162930000000003,summer weekday,30.1
5477,2023-08-17 05:00:00.000,34.201314,summer weekday,34.9
5478,2023-08-17 06:00:00.000,34.41123,summer weekday,34.9
5479,2023-08-17 07:00:00.000,34.1250945,summer weekday,34.9
5480,2023-08-17 08:00:00.000,31.762290000000007,summer weekday,30.1
5481,2023-08-17 09:00:00.000,30.2466465,summer weekday,30.1
5482,2023-08-17 10:00:00.000,29.264539500000005,summer weekday,30.1
5483,2023-08-17 11:00:00.000,28.815969000000003,summer weekday,30.1
5484,2023-08-17 12:00:00.000,28.611051000000007,summer weekday,30.1
5485,2023-08-17 13:00:00.000,28.611051000000007,summer weekday,30.1
5486,2023-08-17 14:00:00.000,29.124595500000005,summer weekday,30.1
5487,2023-08-17 15:00:00.000,29.86305,summer weekday,30.1
5488,2023-08-17 16:00:00.000,31.543627500000007,summer weekday,30.1
5489,2023-08-17 17:00:00.000,33.851454000000004,summer weekday,34.9
5490,2023-08-17 18:00:00.000,36.1892685,summer weekday,34.9
5491,2023-08-17 19:00:00.000,35.563269000000005,summer weekday,34.9
5492,2023-08-17 20:00:00.000,33.471606,summer weekday,34.9
5493,2023-08-17 21:00:00.000,31.9409685,summer weekday,30.1
5494,2023-08-17 22:00:00.000,30.775185000000004,summer weekday,30.1
5495,2023-08-17 23:00:00.000,30.499045500000005,summer weekday,30.1
5496,2023-08-18 00:00:00.000,30.08296200000001,summer weekday,30.1
5497,2023-08-18 01:00:00.000,29.991748500000003,summer weekday,30.1
5498,2023-08-18 02:00:00.000,30.2591415,summer weekday,30.1
5499,2023-08-18 03:00:00.000,30.111700500000005,summer weekday,30.1
5500,2023-08-18 04:00:00.000,30.414079500000003,summer weekday,30.1
5501,2023-08-18 05:00:00.000,32.46201000000001,summer weekday,30.1
5502,2023-08-18 06:00:00.000,34.93976850000001,summer weekday,34.9
5503,2023-08-18 07:00:00.000,32.668177500000006,summer weekday,34.9
5504,2023-08-18 08:00:00.000,30.718957500000005,summer weekday,30.1
5505,2023-08-18 09:00:00.000,29.3445075,summer weekday,30.1
5506,2023-08-18 10:00:00.000,28.49484750000001,summer weekday,30.1
5507,2023-08-18 11:00:00.000,28.148736000000007,summer weekday,30.1
5508,2023-08-18 12:00:00.000,27.72015750000001,summer weekday,25.44
5509,2023-08-18 13:00:00.000,27.883842000000005,summer weekday,30.1
5510,2023-08-18 14:00:00.000,28.509841500000004,summer weekday,30.1
5511,2023-08-18 15:00:00.000,29.282032500000003,summer weekday,30.1
5512,2023-08-18 16:00:00.000,30.895137,summer weekday,30.1
5513,2023-08-18 17:00:00.000,33.361650000000004,summer weekday,34.9
5514,2023-08-18 18:00:00.000,37.532481,summer weekday,34.9
5515,2023-08-18 19:00:00.000,36.14053800000001,summer weekday,34.9
5516,2023-08-18 20:00:00.000,33.295426500000005,summer weekday,34.9
5517,2023-08-18 21:00:00.000,31.023835500000004,summer weekday,30.1
5518,2023-08-18 22:00:00.000,29.891788500000004,summer weekday,30.1
5519,2023-08-18 23:00:00.000,29.763090000000005,summer weekday,30.1
5520,2023-08-19 00:00:00.000,29.348256,summer weekend,31.66
5521,2023-08-19 01:00:00.000,29.16333000000001,summer weekend,27.0
5522,2023-08-19 02:00:00.000,29.068368000000007,summer weekend,27.0
5523,2023-08-19 03:00:00.000,29.350755000000003,summer weekend,31.66
5524,2023-08-19 04:00:00.000,29.350755000000003,summer weekend,31.66
5525,2023-08-19 05:00:00.000,29.850555000000007,summer weekend,31.66
5526,2023-08-19 06:00:00.000,28.639789500000006,summer weekend,27.0
5527,2023-08-19 07:00:00.000,27.741399000000005,summer weekend,27.0
5528,2023-08-19 08:00:00.000,27.285331500000005,summer weekend,27.0
5529,2023-08-19 09:00:00.000,26.039580000000004,summer weekend,27.0
5530,2023-08-19 10:00:00.000,22.594708500000003,summer weekend,19.7
5531,2023-08-19 11:00:00.000,20.5480275,summer weekend,19.7
5532,2023-08-19 12:00:00.000,19.224807,summer weekend,19.7
5533,2023-08-19 13:00:00.000,18.9411705,summer weekend,19.7
5534,2023-08-19 14:00:00.000,20.4930495,summer weekend,19.7
5535,2023-08-19 15:00:00.000,26.666829000000007,summer weekend,27.0
5536,2023-08-19 16:00:00.000,29.919277500000003,summer weekend,31.66
5537,2023-08-19 17:00:00.000,31.794777000000003,summer weekend,31.66
5538,2023-08-19 18:00:00.000,33.6302925,summer weekend,31.66
5539,2023-08-19 19:00:00.000,33.510340500000005,summer weekend,31.66
5540,2023-08-19 20:00:00.000,33.927673500000004,summer weekend,31.66
5541,2023-08-19 21:00:00.000,32.8256145,summer weekend,31.66
5542,2023-08-19 22:00:00.000,31.42992300000001,summer weekend,31.66
5543,2023-08-19 23:00:00.000,31.6111005,summer weekend,31.66
5544,2023-08-20 00:00:00.000,31.18627050000001,summer weekend,31.66
5545,2023-08-20 01:00:00.000,30.5090415,summer weekend,31.66
5546,2023-08-20 02:00:00.000,30.490299000000004,summer weekend,31.66
5547,2023-08-20 03:00:00.000,30.239149500000007,summer weekend,31.66
5548,2023-08-20 04:00:00.000,30.43906950000001,summer weekend,31.66
5549,2023-08-20 05:00:00.000,30.452814000000004,summer weekend,31.66
5550,2023-08-20 06:00:00.000,29.8243155,summer weekend,31.66
5551,2023-08-20 07:00:00.000,29.736850500000006,summer weekend,31.66
5552,2023-08-20 08:00:00.000,28.191219000000004,summer weekend,27.0
5553,2023-08-20 09:00:00.000,26.528134500000007,summer weekend,27.0
5554,2023-08-20 10:00:00.000,22.86585,summer weekend,19.7
5555,2023-08-20 11:00:00.000,19.7708385,summer weekend,19.7
5556,2023-08-20 12:00:00.000,19.0236375,summer weekend,19.7
5557,2023-08-20 13:00:00.000,19.097358,summer weekend,19.7
5558,2023-08-20 14:00:00.000,21.5926095,summer weekend,19.7
5559,2023-08-20 15:00:00.000,27.236601000000004,summer weekend,27.0
5560,2023-08-20 16:00:00.000,29.250795000000004,summer weekend,27.0
5561,2023-08-20 17:00:00.000,31.362450000000003,summer weekend,31.66
5562,2023-08-20 18:00:00.000,33.46161,summer weekend,31.66
5563,2023-08-20 19:00:00.000,34.861050000000006,summer weekend,31.66
5564,2023-08-20 20:00:00.000,34.803573,summer weekend,31.66
5565,2023-08-20 21:00:00.000,33.2004645,summer weekend,31.66
5566,2023-08-20 22:00:00.000,31.3562025,summer weekend,31.66
5567,2023-08-20 23:00:00.000,31.3562025,summer weekend,31.66
5568,2023-08-21 00:00:00.000,30.071716500000004,summer weekday,30.1
5569,2023-08-21 01:00:00.000,29.701864500000003,summer weekday,30.1
5570,2023-08-21 02:00:00.000,29.247046500000007,summer weekday,30.1
5571,2023-08-21 03:00:00.000,29.5769145,summer weekday,30.1
5572,2023-08-21 04:00:00.000,30.640239000000005,summer weekday,30.1
5573,2023-08-21 05:00:00.000,34.716108000000006,summer weekday,34.9
5574,2023-08-21 06:00:00.000,37.476253500000006,summer weekday,34.9
5575,2023-08-21 07:00:00.000,34.5199365,summer weekday,34.9
5576,2023-08-21 08:00:00.000,31.753543500000003,summer weekday,30.1
5577,2023-08-21 09:00:00.000,30.36784800000001,summer weekday,30.1
5578,2023-08-21 10:00:00.000,29.459461500000007,summer weekday,30.1
5579,2023-08-21 11:00:00.000,28.943418000000005,summer weekday,30.1
5580,2023-08-21 12:00:00.000,28.608552,summer weekday,30.1
5581,2023-08-21 13:00:00.000,29.250795000000004,summer weekday,30.1
5582,2023-08-21 14:00:00.000,29.3095215,summer weekday,30.1
5583,2023-08-21 15:00:00.000,29.86305,summer weekday,30.1
5584,2023-08-21 16:00:00.000,32.19586650000001,summer weekday,30.1
5585,2023-08-21 17:00:00.000,35.208411000000005,summer weekday,34.9
5586,2023-08-21 18:00:00.000,40.6999635,summer weekday,34.9
5587,2023-08-21 19:00:00.000,42.78912749999999,summer weekday,34.9
5588,2023-08-21 20:00:00.000,38.1534825,summer weekday,34.9
5589,2023-08-21 21:00:00.000,34.3624995,summer weekday,34.9
5590,2023-08-21 22:00:00.000,31.737300000000005,summer weekday,30.1
5591,2023-08-21 23:00:00.000,31.5736155,summer weekday,30.1
5592,2023-08-22 00:00:00.000,30.480303000000006,summer weekday,30.1
5593,2023-08-22 01:00:00.000,30.2966265,summer weekday,30.1
5594,2023-08-22 02:00:00.000,30.314119500000004,summer weekday,30.1
5595,2023-08-22 03:00:00.000,30.64898550000001,summer weekday,30.1
5596,2023-08-22 04:00:00.000,31.426174500000005,summer weekday,30.1
5597,2023-08-22 05:00:00.000,34.424974500000005,summer weekday,34.9
5598,2023-08-22 06:00:00.000,36.2192565,summer weekday,34.9
5599,2023-08-22 07:00:00.000,34.4799525,summer weekday,34.9
5600,2023-08-22 08:00:00.000,31.851004500000005,summer weekday,30.1
5601,2023-08-22 09:00:00.000,30.162930000000003,summer weekday,30.1
5602,2023-08-22 10:00:00.000,29.821816500000004,summer weekday,30.1
5603,2023-08-22 11:00:00.000,29.0596215,summer weekday,30.1
5604,2023-08-22 12:00:00.000,28.935921,summer weekday,30.1
5605,2023-08-22 13:00:00.000,28.91842800000001,summer weekday,30.1
5606,2023-08-22 14:00:00.000,29.508192000000005,summer weekday,30.1
5607,2023-08-22 15:00:00.000,29.856802500000004,summer weekday,30.1
5608,2023-08-22 16:00:00.000,30.980103000000007,summer weekday,30.1
5609,2023-08-22 17:00:00.000,35.50829100000001,summer weekday,34.9
5610,2023-08-22 18:00:00.000,41.4621585,summer weekday,34.9
5611,2023-08-22 19:00:00.000,43.167726,summer weekday,34.9
5612,2023-08-22 20:00:00.000,38.14723500000001,summer weekday,34.9
5613,2023-08-22 21:00:00.000,35.58576000000001,summer weekday,34.9
5614,2023-08-22 22:00:00.000,33.31167000000001,summer weekday,34.9
5615,2023-08-22 23:00:00.000,32.8481055,summer weekday,34.9
5616,2023-08-23 00:00:00.000,31.446166500000004,summer weekday,30.1
5617,2023-08-23 01:00:00.000,31.100055000000005,summer weekday,30.1
5618,2023-08-23 02:00:00.000,30.660231000000003,summer weekday,30.1
5619,2023-08-23 03:00:00.000,31.137540000000005,summer weekday,30.1
5620,2023-08-23 04:00:00.000,31.75104450000001,summer weekday,30.1
5621,2023-08-23 05:00:00.000,34.999744500000006,summer weekday,34.9
5622,2023-08-23 06:00:00.000,37.609950000000005,summer weekday,34.9
5623,2023-08-23 07:00:00.000,37.0364295,summer weekday,34.9
5624,2023-08-23 08:00:00.000,34.423725000000005,summer weekday,34.9
5625,2023-08-23 09:00:00.000,32.3433075,summer weekday,30.1
5626,2023-08-23 10:00:00.000,31.331212500000003,summer weekday,30.1
5627,2023-08-23 11:00:00.000,30.15543300000001,summer weekday,30.1
5628,2023-08-23 12:00:00.000,29.720607000000005,summer weekday,30.1
5629,2023-08-23 13:00:00.000,29.5569225,summer weekday,30.1
5630,2023-08-23 14:00:00.000,30.4415685,summer weekday,30.1
5631,2023-08-23 15:00:00.000,31.997196,summer weekday,30.1
5632,2023-08-23 16:00:00.000,35.38584,summer weekday,34.9
5633,2023-08-23 17:00:00.000,45.54427499999999,summer weekday,34.9
5634,2023-08-23 18:00:00.000,51.869244,summer weekday,34.9
5635,2023-08-23 19:00:00.000,53.84470349999999,summer weekday,34.9
5636,2023-08-23 20:00:00.000,47.4547605,summer weekday,34.9
5637,2023-08-23 21:00:00.000,38.961909,summer weekday,34.9
5638,2023-08-23 22:00:00.000,34.6948665,summer weekday,34.9
5639,2023-08-23 23:00:00.000,34.08885900000001,summer weekday,34.9
5640,2023-08-24 00:00:00.000,32.98055250000001,summer weekday,34.9
5641,2023-08-24 01:00:00.000,32.11839750000001,summer weekday,30.1
5642,2023-08-24 02:00:00.000,31.684821000000003,summer weekday,30.1
5643,2023-08-24 03:00:00.000,32.578213500000004,summer weekday,34.9
5644,2023-08-24 04:00:00.000,34.39623600000001,summer weekday,34.9
5645,2023-08-24 05:00:00.000,37.972305000000006,summer weekday,34.9
5646,2023-08-24 06:00:00.000,38.06226900000001,summer weekday,34.9
5647,2023-08-24 07:00:00.000,37.8136185,summer weekday,34.9
5648,2023-08-24 08:00:00.000,33.857701500000005,summer weekday,34.9
5649,2023-08-24 09:00:00.000,31.551124500000004,summer weekday,30.1
5650,2023-08-24 10:00:00.000,30.980103000000007,summer weekday,30.1
5651,2023-08-24 11:00:00.000,30.986350500000004,summer weekday,30.1
5652,2023-08-24 12:00:00.000,30.797676000000006,summer weekday,30.1
5653,2023-08-24 13:00:00.000,31.28623050000001,summer weekday,30.1
5654,2023-08-24 14:00:00.000,31.865998500000003,summer weekday,30.1
5655,2023-08-24 15:00:00.000,32.721906000000004,summer weekday,34.9
5656,2023-08-24 16:00:00.000,37.2313515,summer weekday,34.9
5657,2023-08-24 17:00:00.000,43.829961,summer weekday,34.9
5658,2023-08-24 18:00:00.000,50.4685545,summer weekday,34.9
5659,2023-08-24 19:00:00.000,48.51683549999999,summer weekday,34.9
5660,2023-08-24 20:00:00.000,40.813668,summer weekday,34.9
5661,2023-08-24 21:00:00.000,37.268836500000006,summer weekday,34.9
5662,2023-08-24 22:00:00.000,33.6227955,summer weekday,34.9
5663,2023-08-24 23:00:00.000,30.517788000000007,summer weekday,30.1
5664,2023-08-25 00:00:00.000,29.405733000000005,summer weekday,30.1
5665,2023-08-25 01:00:00.000,29.327014500000004,summer weekday,30.1
5666,2023-08-25 02:00:00.000,29.350755000000003,summer weekday,30.1
5667,2023-08-25 03:00:00.000,29.458212000000007,summer weekday,30.1
5668,2023-08-25 04:00:00.000,30.237900000000007,summer weekday,30.1
5669,2023-08-25 05:00:00.000,32.88933900000001,summer weekday,34.9
5670,2023-08-25 06:00:00.000,34.25129400000001,summer weekday,34.9
5671,2023-08-25 07:00:00.000,34.788579,summer weekday,34.9
5672,2023-08-25 08:00:00.000,33.4903485,summer weekday,34.9
5673,2023-08-25 09:00:00.000,31.945966500000008,summer weekday,30.1
5674,2023-08-25 10:00:00.000,31.188769500000003,summer weekday,30.1
5675,2023-08-25 11:00:00.000,30.106702500000008,summer weekday,30.1
5676,2023-08-25 12:00:00.000,29.86305,summer weekday,30.1
5677,2023-08-25 13:00:00.000,29.310771000000003,summer weekday,30.1
5678,2023-08-25 14:00:00.000,29.02213650000001,summer weekday,30.1
5679,2023-08-25 15:00:00.000,29.965509000000004,summer weekday,30.1
5680,2023-08-25 16:00:00.000,32.614449,summer weekday,34.9
5681,2023-08-25 17:00:00.000,35.11095,summer weekday,34.9
5682,2023-08-25 18:00:00.000,37.517487,summer weekday,34.9
5683,2023-08-25 19:00:00.000,36.28922850000001,summer weekday,34.9
5684,2023-08-25 20:00:00.000,34.627393500000004,summer weekday,34.9
5685,2023-08-25 21:00:00.000,33.3479055,summer weekday,34.9
5686,2023-08-25 22:00:00.000,30.848905500000004,summer weekday,30.1
5687,2023-08-25 23:00:00.000,31.100055000000005,summer weekday,30.1
5688,2023-08-26 00:00:00.000,30.375345000000003,summer weekend,31.66
5689,2023-08-26 01:00:00.000,30.1017045,summer weekend,31.66
5690,2023-08-26 02:00:00.000,29.80307400000001,summer weekend,31.66
5691,2023-08-26 03:00:00.000,29.37824400000001,summer weekend,31.66
5692,2023-08-26 04:00:00.000,29.067118500000003,summer weekend,27.0
5693,2023-08-26 05:00:00.000,29.29827600000001,summer weekend,27.0
5694,2023-08-26 06:00:00.000,29.350755000000003,summer weekend,31.66
5695,2023-08-26 07:00:00.000,29.650635,summer weekend,31.66
5696,2023-08-26 08:00:00.000,28.943418000000005,summer weekend,27.0
5697,2023-08-26 09:00:00.000,28.00254450000001,summer weekend,27.0
5698,2023-08-26 10:00:00.000,27.411531000000004,summer weekend,27.0
5699,2023-08-26 11:00:00.000,26.103304500000004,summer weekend,27.0
5700,2023-08-26 12:00:00.000,23.1494865,summer weekend,19.7
5701,2023-08-26 13:00:00.000,24.412731000000004,summer weekend,27.0
5702,2023-08-26 14:00:00.000,27.43027350000001,summer weekend,27.0
5703,2023-08-26 15:00:00.000,28.222456500000007,summer weekend,27.0
5704,2023-08-26 16:00:00.000,29.2383,summer weekend,27.0
5705,2023-08-26 17:00:00.000,30.33286200000001,summer weekend,31.66
5706,2023-08-26 18:00:00.000,32.839359,summer weekend,31.66
5707,2023-08-26 19:00:00.000,33.88768950000001,summer weekend,31.66
5708,2023-08-26 20:00:00.000,34.23879900000001,summer weekend,31.66
5709,2023-08-26 21:00:00.000,32.734401000000005,summer weekend,31.66
5710,2023-08-26 22:00:00.000,31.191268500000003,summer weekend,31.66
5711,2023-08-26 23:00:00.000,30.161680500000006,summer weekend,31.66
5712,2023-08-27 00:00:00.000,29.6518845,summer weekend,31.66
5713,2023-08-27 01:00:00.000,29.4769545,summer weekend,31.66
5714,2023-08-27 02:00:00.000,29.363250000000004,summer weekend,31.66
5715,2023-08-27 03:00:00.000,29.758092000000005,summer weekend,31.66
5716,2023-08-27 04:00:00.000,29.6218965,summer weekend,31.66
5717,2023-08-27 05:00:00.000,29.758092000000005,summer weekend,31.66
5718,2023-08-27 06:00:00.000,29.403234000000005,summer weekend,31.66
5719,2023-08-27 07:00:00.000,29.12584500000001,summer weekend,27.0
5720,2023-08-27 08:00:00.000,29.228304000000005,summer weekend,27.0
5721,2023-08-27 09:00:00.000,29.018388000000005,summer weekend,27.0
5722,2023-08-27 10:00:00.000,29.110851000000004,summer weekend,27.0
5723,2023-08-27 11:00:00.000,29.020887000000005,summer weekend,27.0
5724,2023-08-27 12:00:00.000,28.31367,summer weekend,27.0
5725,2023-08-27 13:00:00.000,28.347406500000005,summer weekend,27.0
5726,2023-08-27 14:00:00.000,28.496097,summer weekend,27.0
5727,2023-08-27 15:00:00.000,29.4044835,summer weekend,31.66
5728,2023-08-27 16:00:00.000,30.565269000000004,summer weekend,31.66
5729,2023-08-27 17:00:00.000,32.354553,summer weekend,31.66
5730,2023-08-27 18:00:00.000,33.502843500000004,summer weekend,31.66
5731,2023-08-27 19:00:00.000,32.996796,summer weekend,31.66
5732,2023-08-27 20:00:00.000,33.254193,summer weekend,31.66
5733,2023-08-27 21:00:00.000,32.237100000000005,summer weekend,31.66
5734,2023-08-27 22:00:00.000,30.236650500000003,summer weekend,31.66
5735,2023-08-27 23:00:00.000,29.027134500000003,summer weekend,27.0
5736,2023-08-28 00:00:00.000,28.428624000000006,summer weekday,30.1
5737,2023-08-28 01:00:00.000,27.98880000000001,summer weekday,30.1
5738,2023-08-28 02:00:00.000,27.446517000000004,summer weekday,25.44
5739,2023-08-28 03:00:00.000,28.018788000000004,summer weekday,30.1
5740,2023-08-28 04:00:00.000,29.032132500000003,summer weekday,30.1
5741,2023-08-28 05:00:00.000,31.259991000000007,summer weekday,30.1
5742,2023-08-28 06:00:00.000,34.924774500000005,summer weekday,34.9
5743,2023-08-28 07:00:00.000,35.568267,summer weekday,34.9
5744,2023-08-28 08:00:00.000,32.930572500000004,summer weekday,34.9
5745,2023-08-28 09:00:00.000,31.934721000000007,summer weekday,30.1
5746,2023-08-28 10:00:00.000,31.719807000000007,summer weekday,30.1
5747,2023-08-28 11:00:00.000,30.496546500000004,summer weekday,30.1
5748,2023-08-28 12:00:00.000,29.894287500000008,summer weekday,30.1
5749,2023-08-28 13:00:00.000,29.936770500000005,summer weekday,30.1
5750,2023-08-28 14:00:00.000,32.059671,summer weekday,30.1
5751,2023-08-28 15:00:00.000,31.920976500000005,summer weekday,30.1
5752,2023-08-28 16:00:00.000,36.129292500000005,summer weekday,34.9
5753,2023-08-28 17:00:00.000,37.71615750000001,summer weekday,34.9
5754,2023-08-28 18:00:00.000,39.229302,summer weekday,34.9
5755,2023-08-28 19:00:00.000,38.2009635,summer weekday,34.9
5756,2023-08-28 20:00:00.000,35.16093000000001,summer weekday,34.9
5757,2023-08-28 21:00:00.000,32.826864,summer weekday,34.9
5758,2023-08-28 22:00:00.000,30.855153,summer weekday,30.1
5759,2023-08-28 23:00:00.000,30.249145500000008,summer weekday,30.1
5760,2023-08-29 00:00:00.000,29.4844515,summer weekday,30.1
5761,2023-08-29 01:00:00.000,29.24329800000001,summer weekday,30.1
5762,2023-08-29 02:00:00.000,29.24329800000001,summer weekday,30.1
5763,2023-08-29 03:00:00.000,29.244547500000003,summer weekday,30.1
5764,2023-08-29 04:00:00.000,29.714359500000004,summer weekday,30.1
5765,2023-08-29 05:00:00.000,32.596956000000006,summer weekday,34.9
5766,2023-08-29 06:00:00.000,35.755692,summer weekday,34.9
5767,2023-08-29 07:00:00.000,38.457111000000005,summer weekday,34.9
5768,2023-08-29 08:00:00.000,36.215508,summer weekday,34.9
5769,2023-08-29 09:00:00.000,33.83271150000001,summer weekday,34.9
5770,2023-08-29 10:00:00.000,31.98470100000001,summer weekday,30.1
5771,2023-08-29 11:00:00.000,31.261240500000003,summer weekday,30.1
5772,2023-08-29 12:00:00.000,30.2191575,summer weekday,30.1
5773,2023-08-29 13:00:00.000,29.881792500000007,summer weekday,30.1
5774,2023-08-29 14:00:00.000,30.817668,summer weekday,30.1
5775,2023-08-29 15:00:00.000,31.623595500000004,summer weekday,30.1
5776,2023-08-29 16:00:00.000,34.93976850000001,summer weekday,34.9
5777,2023-08-29 17:00:00.000,36.8415075,summer weekday,34.9
5778,2023-08-29 18:00:00.000,38.8357095,summer weekday,34.9
5779,2023-08-29 19:00:00.000,37.672425,summer weekday,34.9
5780,2023-08-29 20:00:00.000,34.44621600000001,summer weekday,34.9
5781,2023-08-29 21:00:00.000,32.62194600000001,summer weekday,34.9
5782,2023-08-29 22:00:00.000,30.214159500000004,summer weekday,30.1
5783,2023-08-29 23:00:00.000,29.878044000000006,summer weekday,30.1
5784,2023-08-30 00:00:00.000,29.688120000000005,summer weekday,30.1
5785,2023-08-30 01:00:00.000,29.408232000000005,summer weekday,30.1
5786,2023-08-30 02:00:00.000,29.184571500000004,summer weekday,30.1
5787,2023-08-30 03:00:00.000,29.464459500000004,summer weekday,30.1
5788,2023-08-30 04:00:00.000,29.573166000000004,summer weekday,30.1
5789,2023-08-30 05:00:00.000,33.380392500000006,summer weekday,34.9
5790,2023-08-30 06:00:00.000,35.37709350000001,summer weekday,34.9
5791,2023-08-30 07:00:00.000,34.849804500000005,summer weekday,34.9
5792,2023-08-30 08:00:00.000,32.949315000000006,summer weekday,34.9
5793,2023-08-30 09:00:00.000,31.14878550000001,summer weekday,30.1
5794,2023-08-30 10:00:00.000,29.775585000000007,summer weekday,30.1
5795,2023-08-30 11:00:00.000,29.580663000000005,summer weekday,30.1
5796,2023-08-30 12:00:00.000,29.310771000000003,summer weekday,30.1
5797,2023-08-30 13:00:00.000,29.12584500000001,summer weekday,30.1
5798,2023-08-30 14:00:00.000,29.444467500000005,summer weekday,30.1
5799,2023-08-30 15:00:00.000,29.330763000000005,summer weekday,30.1
5800,2023-08-30 16:00:00.000,31.778533500000005,summer weekday,30.1
5801,2023-08-30 17:00:00.000,34.851054000000005,summer weekday,34.9
5802,2023-08-30 18:00:00.000,38.4858495,summer weekday,34.9
5803,2023-08-30 19:00:00.000,38.3708955,summer weekday,34.9
5804,2023-08-30 20:00:00.000,34.16133000000001,summer weekday,34.9
5805,2023-08-30 21:00:00.000,32.298325500000004,summer weekday,30.1
5806,2023-08-30 22:00:00.000,30.061720500000007,summer weekday,30.1
5807,2023-08-30 23:00:00.000,29.401984500000005,summer weekday,30.1
5808,2023-08-31 00:00:00.000,28.833462000000004,summer weekday,30.1
5809,2023-08-31 01:00:00.000,28.792228500000004,summer weekday,30.1
5810,2023-08-31 02:00:00.000,28.714759500000003,summer weekday,30.1
5811,2023-08-31 03:00:00.000,28.42237650000001,summer weekday,30.1
5812,2023-08-31 04:00:00.000,28.792228500000004,summer weekday,30.1
5813,2023-08-31 05:00:00.000,30.539029500000005,summer weekday,30.1
5814,2023-08-31 06:00:00.000,35.0497245,summer weekday,34.9
5815,2023-08-31 07:00:00.000,33.326664,summer weekday,34.9
5816,2023-08-31 08:00:00.000,31.628593500000008,summer weekday,30.1
5817,2023-08-31 09:00:00.000,29.471956500000005,summer weekday,30.1
5818,2023-08-31 10:00:00.000,28.863450000000007,summer weekday,30.1
5819,2023-08-31 11:00:00.000,28.621047000000004,summer weekday,30.1
5820,2023-08-31 12:00:00.000,28.368648000000004,summer weekday,30.1
5821,2023-08-31 13:00:00.000,28.146237000000006,summer weekday,30.1
5822,2023-08-31 14:00:00.000,28.239949500000005,summer weekday,30.1
5823,2023-08-31 15:00:00.000,28.489849500000005,summer weekday,30.1
5824,2023-08-31 16:00:00.000,29.828064,summer weekday,30.1
5825,2023-08-31 17:00:00.000,32.243347500000006,summer weekday,30.1
5826,2023-08-31 18:00:00.000,35.92937250000001,summer weekday,34.9
5827,2023-08-31 19:00:00.000,34.7548425,summer weekday,34.9
5828,2023-08-31 20:00:00.000,33.049275,summer weekday,34.9
5829,2023-08-31 21:00:00.000,30.6164985,summer weekday,30.1
5830,2023-08-31 22:00:00.000,29.474455500000005,summer weekday,30.1
5831,2023-08-31 23:00:00.000,29.725605000000005,summer weekday,30.1
5832,2023-09-01 00:00:00.000,29.3595015,summer weekday,30.1
5833,2023-09-01 01:00:00.000,29.02463550000001,summer weekday,30.1
5834,2023-09-01 02:00:00.000,28.997146500000007,summer weekday,30.1
5835,2023-09-01 03:00:00.000,29.123346,summer weekday,30.1
5836,2023-09-01 04:00:00.000,29.513190000000005,summer weekday,30.1
5837,2023-09-01 05:00:00.000,31.367448000000003,summer weekday,30.1
5838,2023-09-01 06:00:00.000,33.41537850000001,summer weekday,34.9
5839,2023-09-01 07:00:00.000,33.5403285,summer weekday,34.9
5840,2023-09-01 08:00:00.000,31.274985000000004,summer weekday,30.1
5841,2023-09-01 09:00:00.000,30.140439,summer weekday,30.1
5842,2023-09-01 10:00:00.000,29.428224,summer weekday,30.1
5843,2023-09-01 11:00:00.000,28.865949000000004,summer weekday,30.1
5844,2023-09-01 12:00:00.000,28.476105000000004,summer weekday,30.1
5845,2023-09-01 13:00:00.000,28.517338500000008,summer weekday,30.1
5846,2023-09-01 14:00:00.000,28.865949000000004,summer weekday,30.1
5847,2023-09-01 15:00:00.000,29.434471500000004,summer weekday,30.1
5848,2023-09-01 16:00:00.000,30.813919500000004,summer weekday,30.1
5849,2023-09-01 17:00:00.000,33.2554425,summer weekday,34.9
5850,2023-09-01 18:00:00.000,36.30047400000001,summer weekday,34.9
5851,2023-09-01 19:00:00.000,35.778183000000006,summer weekday,34.9
5852,2023-09-01 20:00:00.000,33.32416500000001,summer weekday,34.9
5853,2023-09-01 21:00:00.000,32.18212200000001,summer weekday,30.1
5854,2023-09-01 22:00:00.000,31.693567500000004,summer weekday,30.1
5855,2023-09-01 23:00:00.000,30.795177,summer weekday,30.1
5856,2023-09-02 00:00:00.000,30.200415000000007,summer weekend,31.66
5857,2023-09-02 01:00:00.000,29.86305,summer weekend,31.66
5858,2023-09-02 02:00:00.000,29.350755000000003,summer weekend,31.66
5859,2023-09-02 03:00:00.000,29.41323000000001,summer weekend,31.66
5860,2023-09-02 04:00:00.000,29.888040000000004,summer weekend,31.66
5861,2023-09-02 05:00:00.000,29.990499000000003,summer weekend,31.66
5862,2023-09-02 06:00:00.000,29.999245500000004,summer weekend,31.66
5863,2023-09-02 07:00:00.000,29.890539000000004,summer weekend,31.66
5864,2023-09-02 08:00:00.000,29.185821000000004,summer weekend,27.0
5865,2023-09-02 09:00:00.000,28.584811500000008,summer weekend,27.0
5866,2023-09-02 10:00:00.000,27.351555000000005,summer weekend,27.0
5867,2023-09-02 11:00:00.000,26.86425,summer weekend,27.0
5868,2023-09-02 12:00:00.000,25.23865050000001,summer weekend,27.0
5869,2023-09-02 13:00:00.000,24.2840325,summer weekend,27.0
5870,2023-09-02 14:00:00.000,26.039580000000004,summer weekend,27.0
5871,2023-09-02 15:00:00.000,27.36529950000001,summer weekend,27.0
5872,2023-09-02 16:00:00.000,29.044627500000004,summer weekend,27.0
5873,2023-09-02 17:00:00.000,31.11255000000001,summer weekend,31.66
5874,2023-09-02 18:00:00.000,32.585710500000005,summer weekend,31.66
5875,2023-09-02 19:00:00.000,33.211710000000004,summer weekend,31.66
5876,2023-09-02 20:00:00.000,31.761040500000007,summer weekend,31.66
5877,2023-09-02 21:00:00.000,30.567768000000004,summer weekend,31.66
5878,2023-09-02 22:00:00.000,29.530683000000003,summer weekend,31.66
5879,2023-09-02 23:00:00.000,30.522786000000004,summer weekend,31.66
5880,2023-09-03 00:00:00.000,29.991748500000003,summer weekend,31.66
5881,2023-09-03 01:00:00.000,30.105453000000004,summer weekend,31.66
5882,2023-09-03 02:00:00.000,30.067968000000008,summer weekend,31.66
5883,2023-09-03 03:00:00.000,29.90928150000001,summer weekend,31.66
5884,2023-09-03 04:00:00.000,29.741848500000003,summer weekend,31.66
5885,2023-09-03 05:00:00.000,29.635641000000003,summer weekend,31.66
5886,2023-09-03 06:00:00.000,29.16707850000001,summer weekend,27.0
5887,2023-09-03 07:00:00.000,28.55607300000001,summer weekend,27.0
5888,2023-09-03 08:00:00.000,27.71391000000001,summer weekend,27.0
5889,2023-09-03 09:00:00.000,24.902535000000004,summer weekend,27.0
5890,2023-09-03 10:00:00.000,22.7946285,summer weekend,19.7
5891,2023-09-03 11:00:00.000,20.0382315,summer weekend,19.7
5892,2023-09-03 12:00:00.000,18.7837335,summer weekend,19.7
5893,2023-09-03 13:00:00.000,17.985303000000002,summer weekend,19.7
5894,2023-09-03 14:00:00.000,19.3310145,summer weekend,19.7
5895,2023-09-03 15:00:00.000,24.072867,summer weekend,27.0
5896,2023-09-03 16:00:00.000,29.16707850000001,summer weekend,27.0
5897,2023-09-03 17:00:00.000,31.116298500000003,summer weekend,31.66
5898,2023-09-03 18:00:00.000,33.010540500000005,summer weekend,31.66
5899,2023-09-03 19:00:00.000,34.6848705,summer weekend,31.66
5900,2023-09-03 20:00:00.000,32.277084,summer weekend,31.66
5901,2023-09-03 21:00:00.000,31.091308500000004,summer weekend,31.66
5902,2023-09-03 22:00:00.000,30.009241500000005,summer weekend,31.66
5903,2023-09-03 23:00:00.000,29.9692575,summer weekend,31.66
5904,2023-09-04 00:00:00.000,29.174575500000003,summer weekday,30.1
5905,2023-09-04 01:00:00.000,29.005893000000004,summer weekday,30.1
5906,2023-09-04 02:00:00.000,29.06212050000001,summer weekday,30.1
5907,2023-09-04 03:00:00.000,29.012140500000005,summer weekday,30.1
5908,2023-09-04 04:00:00.000,30.285381,summer weekday,30.1
5909,2023-09-04 05:00:00.000,33.2779335,summer weekday,34.9
5910,2023-09-04 06:00:00.000,35.4020835,summer weekday,34.9
5911,2023-09-04 07:00:00.000,33.60155400000001,summer weekday,34.9
5912,2023-09-04 08:00:00.000,31.03258200000001,summer weekday,30.1
5913,2023-09-04 09:00:00.000,28.973406000000004,summer weekday,30.1
5914,2023-09-04 10:00:00.000,27.622696500000004,summer weekday,25.44
5915,2023-09-04 11:00:00.000,27.070417500000005,summer weekday,25.44
5916,2023-09-04 12:00:00.000,26.428174500000004,summer weekday,25.44
5917,2023-09-04 13:00:00.000,26.36944800000001,summer weekday,25.44
5918,2023-09-04 14:00:00.000,27.414030000000007,summer weekday,25.44
5919,2023-09-04 15:00:00.000,28.734751500000005,summer weekday,30.1
5920,2023-09-04 16:00:00.000,31.060071000000008,summer weekday,30.1
5921,2023-09-04 17:00:00.000,34.666128,summer weekday,34.9
5922,2023-09-04 18:00:00.000,42.14313599999999,summer weekday,34.9
5923,2023-09-04 19:00:00.000,38.9556615,summer weekday,34.9
5924,2023-09-04 20:00:00.000,32.98055250000001,summer weekday,34.9
5925,2023-09-04 21:00:00.000,30.489049500000007,summer weekday,30.1
5926,2023-09-04 22:00:00.000,29.30827200000001,summer weekday,30.1
5927,2023-09-04 23:00:00.000,29.173326000000003,summer weekday,30.1
5928,2023-09-05 00:00:00.000,28.879693500000005,summer weekday,30.1
5929,2023-09-05 01:00:00.000,28.780983000000003,summer weekday,30.1
5930,2023-09-05 02:00:00.000,28.748496000000003,summer weekday,30.1
5931,2023-09-05 03:00:00.000,28.819717500000003,summer weekday,30.1
5932,2023-09-05 04:00:00.000,29.313270000000003,summer weekday,30.1
5933,2023-09-05 05:00:00.000,32.36205,summer weekday,30.1
5934,2023-09-05 06:00:00.000,33.11175000000001,summer weekday,34.9
5935,2023-09-05 07:00:00.000,32.132142,summer weekday,30.1
5936,2023-09-05 08:00:00.000,29.585661000000005,summer weekday,30.1
5937,2023-09-05 09:00:00.000,28.363650000000003,summer weekday,30.1
5938,2023-09-05 10:00:00.000,27.595207500000004,summer weekday,25.44
5939,2023-09-05 11:00:00.000,26.851755000000004,summer weekday,25.44
5940,2023-09-05 12:00:00.000,26.745547500000008,summer weekday,25.44
5941,2023-09-05 13:00:00.000,27.0054435,summer weekday,25.44
5942,2023-09-05 14:00:00.000,27.738900000000005,summer weekday,25.44
5943,2023-09-05 15:00:00.000,28.42737450000001,summer weekday,30.1
5944,2023-09-05 16:00:00.000,30.270387000000003,summer weekday,30.1
5945,2023-09-05 17:00:00.000,33.499095000000004,summer weekday,34.9
5946,2023-09-05 18:00:00.000,40.4675565,summer weekday,34.9
5947,2023-09-05 19:00:00.000,36.6765735,summer weekday,34.9
5948,2023-09-05 20:00:00.000,32.60570250000001,summer weekday,34.9
5949,2023-09-05 21:00:00.000,30.813919500000004,summer weekday,30.1
5950,2023-09-05 22:00:00.000,29.366998500000005,summer weekday,30.1
5951,2023-09-05 23:00:00.000,28.4748555,summer weekday,30.1
5952,2023-09-06 00:00:00.000,28.053774000000004,summer weekday,30.1
5953,2023-09-06 01:00:00.000,28.679773500000007,summer weekday,30.1
5954,2023-09-06 02:00:00.000,28.878444000000005,summer weekday,30.1
5955,2023-09-06 03:00:00.000,28.923426000000006,summer weekday,30.1
5956,2023-09-06 04:00:00.000,30.235401000000003,summer weekday,30.1
5957,2023-09-06 05:00:00.000,32.7006645,summer weekday,34.9
5958,2023-09-06 06:00:00.000,35.10970050000001,summer weekday,34.9
5959,2023-09-06 07:00:00.000,32.26084050000001,summer weekday,30.1
5960,2023-09-06 08:00:00.000,29.579413500000005,summer weekday,30.1
5961,2023-09-06 09:00:00.000,28.444867500000004,summer weekday,30.1
5962,2023-09-06 10:00:00.000,27.626445,summer weekday,25.44
5963,2023-09-06 11:00:00.000,26.76054150000001,summer weekday,25.44
5964,2023-09-06 12:00:00.000,26.543128500000005,summer weekday,25.44
5965,2023-09-06 13:00:00.000,26.79927600000001,summer weekday,25.44
5966,2023-09-06 14:00:00.000,27.676425,summer weekday,25.44
5967,2023-09-06 15:00:00.000,28.793478000000004,summer weekday,30.1
5968,2023-09-06 16:00:00.000,30.596506500000007,summer weekday,30.1
5969,2023-09-06 17:00:00.000,35.5895085,summer weekday,34.9
5970,2023-09-06 18:00:00.000,41.08730849999999,summer weekday,34.9
5971,2023-09-06 19:00:00.000,38.114748,summer weekday,34.9
5972,2023-09-06 20:00:00.000,32.7531435,summer weekday,34.9
5973,2023-09-06 21:00:00.000,30.550275000000003,summer weekday,30.1
5974,2023-09-06 22:00:00.000,29.328264000000004,summer weekday,30.1
5975,2023-09-06 23:00:00.000,29.290779000000004,summer weekday,30.1
5976,2023-09-07 00:00:00.000,28.784731500000007,summer weekday,30.1
5977,2023-09-07 01:00:00.000,28.498596000000003,summer weekday,30.1
5978,2023-09-07 02:00:00.000,27.8650995,summer weekday,30.1
5979,2023-09-07 03:00:00.000,28.343658000000005,summer weekday,30.1
5980,2023-09-07 04:00:00.000,28.8746955,summer weekday,30.1
5981,2023-09-07 05:00:00.000,31.864749000000003,summer weekday,30.1
5982,2023-09-07 06:00:00.000,33.61155,summer weekday,34.9
5983,2023-09-07 07:00:00.000,33.11175000000001,summer weekday,34.9
5984,2023-09-07 08:00:00.000,30.197916000000006,summer weekday,30.1
5985,2023-09-07 09:00:00.000,28.391139000000003,summer weekday,30.1
5986,2023-09-07 10:00:00.000,27.701415000000004,summer weekday,25.44
5987,2023-09-07 11:00:00.000,26.555623500000006,summer weekday,25.44
5988,2023-09-07 12:00:00.000,25.514790000000005,summer weekday,25.44
5989,2023-09-07 13:00:00.000,26.137041000000007,summer weekday,25.44
5990,2023-09-07 14:00:00.000,27.613950000000003,summer weekday,25.44
5991,2023-09-07 15:00:00.000,28.401135000000007,summer weekday,30.1
5992,2023-09-07 16:00:00.000,30.255393000000005,summer weekday,30.1
5993,2023-09-07 17:00:00.000,34.0526235,summer weekday,34.9
5994,2023-09-07 18:00:00.000,38.2684365,summer weekday,34.9
5995,2023-09-07 19:00:00.000,35.7019635,summer weekday,34.9
5996,2023-09-07 20:00:00.000,32.11215,summer weekday,30.1
5997,2023-09-07 21:00:00.000,30.037980000000005,summer weekday,30.1
5998,2023-09-07 22:00:00.000,28.482352500000005,summer weekday,30.1
5999,2023-09-07 23:00:00.000,27.941319000000004,summer weekday,30.1
6000,2023-09-08 00:00:00.000,27.553974000000004,summer weekday,25.44
6001,2023-09-08 01:00:00.000,27.621447000000003,summer weekday,25.44
6002,2023-09-08 02:00:00.000,27.626445,summer weekday,25.44
6003,2023-09-08 03:00:00.000,28.291179000000007,summer weekday,30.1
6004,2023-09-08 04:00:00.000,29.05712250000001,summer weekday,30.1
6005,2023-09-08 05:00:00.000,31.473655500000003,summer weekday,30.1
6006,2023-09-08 06:00:00.000,34.081362000000006,summer weekday,34.9
6007,2023-09-08 07:00:00.000,32.67692400000001,summer weekday,34.9
6008,2023-09-08 08:00:00.000,29.885541000000003,summer weekday,30.1
6009,2023-09-08 09:00:00.000,28.59730650000001,summer weekday,30.1
6010,2023-09-08 10:00:00.000,27.673926000000005,summer weekday,25.44
6011,2023-09-08 11:00:00.000,26.751795,summer weekday,25.44
6012,2023-09-08 12:00:00.000,26.2282545,summer weekday,25.44
6013,2023-09-08 13:00:00.000,26.4356715,summer weekday,25.44
6014,2023-09-08 14:00:00.000,27.392788500000005,summer weekday,25.44
6015,2023-09-08 15:00:00.000,28.414879500000005,summer weekday,30.1
6016,2023-09-08 16:00:00.000,30.850155000000004,summer weekday,30.1
6017,2023-09-08 17:00:00.000,38.836959,summer weekday,34.9
6018,2023-09-08 18:00:00.000,46.10654999999999,summer weekday,34.9
6019,2023-09-08 19:00:00.000,41.80202249999999,summer weekday,34.9
6020,2023-09-08 20:00:00.000,33.871446000000006,summer weekday,34.9
6021,2023-09-08 21:00:00.000,31.60360350000001,summer weekday,30.1
6022,2023-09-08 22:00:00.000,30.610251000000005,summer weekday,30.1
6023,2023-09-08 23:00:00.000,30.512790000000003,summer weekday,30.1
6024,2023-09-09 00:00:00.000,30.171676500000004,summer weekend,31.66
6025,2023-09-09 01:00:00.000,29.864299500000005,summer weekend,31.66
6026,2023-09-09 02:00:00.000,29.86305,summer weekend,31.66
6027,2023-09-09 03:00:00.000,29.9692575,summer weekend,31.66
6028,2023-09-09 04:00:00.000,30.029233500000004,summer weekend,31.66
6029,2023-09-09 05:00:00.000,30.3416085,summer weekend,31.66
6030,2023-09-09 06:00:00.000,30.36784800000001,summer weekend,31.66
6031,2023-09-09 07:00:00.000,29.374495500000005,summer weekend,31.66
6032,2023-09-09 08:00:00.000,28.584811500000008,summer weekend,27.0
6033,2023-09-09 09:00:00.000,27.212860500000005,summer weekend,27.0
6034,2023-09-09 10:00:00.000,25.55602350000001,summer weekend,27.0
6035,2023-09-09 11:00:00.000,19.932024,summer weekend,19.7
6036,2023-09-09 12:00:00.000,18.0165405,summer weekend,19.7
6037,2023-09-09 13:00:00.000,18.666280500000003,summer weekend,19.7
6038,2023-09-09 14:00:00.000,24.6014055,summer weekend,27.0
6039,2023-09-09 15:00:00.000,27.21411,summer weekend,27.0
6040,2023-09-09 16:00:00.000,29.581912500000005,summer weekend,31.66
6041,2023-09-09 17:00:00.000,32.524485,summer weekend,31.66
6042,2023-09-09 18:00:00.000,36.63658950000001,summer weekend,31.66
6043,2023-09-09 19:00:00.000,36.92397450000001,summer weekend,31.66
6044,2023-09-09 20:00:00.000,33.833961,summer weekend,31.66
6045,2023-09-09 21:00:00.000,31.225005000000003,summer weekend,31.66
6046,2023-09-09 22:00:00.000,30.257892,summer weekend,31.66
6047,2023-09-09 23:00:00.000,30.594007500000004,summer weekend,31.66
6048,2023-09-10 00:00:00.000,30.4040835,summer weekend,31.66
6049,2023-09-10 01:00:00.000,30.316618500000004,summer weekend,31.66
6050,2023-09-10 02:00:00.000,29.961760500000008,summer weekend,31.66
6051,2023-09-10 03:00:00.000,29.464459500000004,summer weekend,31.66
6052,2023-09-10 04:00:00.000,29.703114000000003,summer weekend,31.66
6053,2023-09-10 05:00:00.000,29.781832500000004,summer weekend,31.66
6054,2023-09-10 06:00:00.000,29.5194375,summer weekend,31.66
6055,2023-09-10 07:00:00.000,29.032132500000003,summer weekend,27.0
6056,2023-09-10 08:00:00.000,28.496097,summer weekend,27.0
6057,2023-09-10 09:00:00.000,24.375246000000004,summer weekend,27.0
6058,2023-09-10 10:00:00.000,19.61715,summer weekend,19.7
6059,2023-09-10 11:00:00.000,18.402636,summer weekend,19.7
6060,2023-09-10 12:00:00.000,17.3717985,summer weekend,19.7
6061,2023-09-10 13:00:00.000,17.368049999999997,summer weekend,19.7
6062,2023-09-10 14:00:00.000,20.6579835,summer weekend,19.7
6063,2023-09-10 15:00:00.000,27.239100000000004,summer weekend,27.0
6064,2023-09-10 16:00:00.000,29.893038000000004,summer weekend,31.66
6065,2023-09-10 17:00:00.000,32.510740500000004,summer weekend,31.66
6066,2023-09-10 18:00:00.000,36.18552,summer weekend,31.66
6067,2023-09-10 19:00:00.000,36.347955000000006,summer weekend,31.66
6068,2023-09-10 20:00:00.000,33.8077215,summer weekend,31.66
6069,2023-09-10 21:00:00.000,31.60360350000001,summer weekend,31.66
6070,2023-09-10 22:00:00.000,29.970507000000005,summer weekend,31.66
6071,2023-09-10 23:00:00.000,30.487800000000004,summer weekend,31.66
6072,2023-09-11 00:00:00.000,29.535681000000004,summer weekday,30.1
6073,2023-09-11 01:00:00.000,29.366998500000005,summer weekday,30.1
6074,2023-09-11 02:00:00.000,28.994647500000006,summer weekday,30.1
6075,2023-09-11 03:00:00.000,29.207062500000006,summer weekday,30.1
6076,2023-09-11 04:00:00.000,30.389089500000004,summer weekday,30.1
6077,2023-09-11 05:00:00.000,35.686969500000004,summer weekday,34.9
6078,2023-09-11 06:00:00.000,39.7603395,summer weekday,34.9
6079,2023-09-11 07:00:00.000,34.416228000000004,summer weekday,34.9
6080,2023-09-11 08:00:00.000,31.487400000000004,summer weekday,30.1
6081,2023-09-11 09:00:00.000,29.258292000000004,summer weekday,30.1
6082,2023-09-11 10:00:00.000,28.509841500000004,summer weekday,30.1
6083,2023-09-11 11:00:00.000,28.322416500000006,summer weekday,30.1
6084,2023-09-11 12:00:00.000,28.1699775,summer weekday,30.1
6085,2023-09-11 13:00:00.000,28.488600000000005,summer weekday,30.1
6086,2023-09-11 14:00:00.000,28.929673500000007,summer weekday,30.1
6087,2023-09-11 15:00:00.000,29.885541000000003,summer weekday,30.1
6088,2023-09-11 16:00:00.000,33.9776535,summer weekday,34.9
6089,2023-09-11 17:00:00.000,50.69346449999999,summer weekday,34.9
6090,2023-09-11 18:00:00.000,82.87558649999998,summer weekday,34.9
6091,2023-09-11 19:00:00.000,73.3618935,summer weekday,34.9
6092,2023-09-11 20:00:00.000,45.2456445,summer weekday,34.9
6093,2023-09-11 21:00:00.000,35.839408500000005,summer weekday,34.9
6094,2023-09-11 22:00:00.000,32.354553,summer weekday,30.1
6095,2023-09-11 23:00:00.000,30.657732000000003,summer weekday,30.1
6096,2023-09-12 00:00:00.000,30.505293000000005,summer weekday,30.1
6097,2023-09-12 01:00:00.000,30.596506500000007,summer weekday,30.1
6098,2023-09-12 02:00:00.000,30.5665185,summer weekday,30.1
6099,2023-09-12 03:00:00.000,30.657732000000003,summer weekday,30.1
6100,2023-09-12 04:00:00.000,31.87974300000001,summer weekday,30.1
6101,2023-09-12 05:00:00.000,36.556621500000006,summer weekday,34.9
6102,2023-09-12 06:00:00.000,45.98035049999999,summer weekday,34.9
6103,2023-09-12 07:00:00.000,35.73320100000001,summer weekday,34.9
6104,2023-09-12 08:00:00.000,32.764389,summer weekday,34.9
6105,2023-09-12 09:00:00.000,31.403683500000007,summer weekday,30.1
6106,2023-09-12 10:00:00.000,30.061720500000007,summer weekday,30.1
6107,2023-09-12 11:00:00.000,29.420727000000007,summer weekday,30.1
6108,2023-09-12 12:00:00.000,29.06212050000001,summer weekday,30.1
6109,2023-09-12 13:00:00.000,29.498196000000007,summer weekday,30.1
6110,2023-09-12 14:00:00.000,29.850555000000007,summer weekday,30.1
6111,2023-09-12 15:00:00.000,31.00884150000001,summer weekday,30.1
6112,2023-09-12 16:00:00.000,34.912279500000004,summer weekday,34.9
6113,2023-09-12 17:00:00.000,41.17477349999999,summer weekday,34.9
6114,2023-09-12 18:00:00.000,52.85634899999999,summer weekday,34.9
6115,2023-09-12 19:00:00.000,40.561269,summer weekday,34.9
6116,2023-09-12 20:00:00.000,34.438719000000006,summer weekday,34.9
6117,2023-09-12 21:00:00.000,31.806022500000005,summer weekday,30.1
6118,2023-09-12 22:00:00.000,29.0846115,summer weekday,30.1
6119,2023-09-12 23:00:00.000,30.668977500000004,summer weekday,30.1
6120,2023-09-13 00:00:00.000,29.850555000000007,summer weekday,30.1
6121,2023-09-13 01:00:00.000,29.595657000000003,summer weekday,30.1
6122,2023-09-13 02:00:00.000,29.083362000000005,summer weekday,30.1
6123,2023-09-13 03:00:00.000,29.049625500000005,summer weekday,30.1
6124,2023-09-13 04:00:00.000,29.603154000000007,summer weekday,30.1
6125,2023-09-13 05:00:00.000,32.954313000000006,summer weekday,34.9
6126,2023-09-13 06:00:00.000,34.8248145,summer weekday,34.9
6127,2023-09-13 07:00:00.000,34.576164000000006,summer weekday,34.9
6128,2023-09-13 08:00:00.000,32.9755545,summer weekday,34.9
6129,2023-09-13 09:00:00.000,30.2641395,summer weekday,30.1
6130,2023-09-13 10:00:00.000,29.470707000000008,summer weekday,30.1
6131,2023-09-13 11:00:00.000,29.109601500000004,summer weekday,30.1
6132,2023-09-13 12:00:00.000,28.967158500000004,summer weekday,30.1
6133,2023-09-13 13:00:00.000,28.865949000000004,summer weekday,30.1
6134,2023-09-13 14:00:00.000,29.27578500000001,summer weekday,30.1
6135,2023-09-13 15:00:00.000,29.365749000000008,summer weekday,30.1
6136,2023-09-13 16:00:00.000,30.411580500000007,summer weekday,30.1
6137,2023-09-13 17:00:00.000,32.984301,summer weekday,34.9
6138,2023-09-13 18:00:00.000,36.547875,summer weekday,34.9
6139,2023-09-13 19:00:00.000,35.069716500000006,summer weekday,34.9
6140,2023-09-13 20:00:00.000,32.7106605,summer weekday,34.9
6141,2023-09-13 21:00:00.000,30.663979500000007,summer weekday,30.1
6142,2023-09-13 22:00:00.000,29.6218965,summer weekday,30.1
6143,2023-09-13 23:00:00.000,29.400735,summer weekday,30.1
6144,2023-09-14 00:00:00.000,29.223306000000004,summer weekday,30.1
6145,2023-09-14 01:00:00.000,29.705613,summer weekday,30.1
6146,2023-09-14 02:00:00.000,29.925525000000004,summer weekday,30.1
6147,2023-09-14 03:00:00.000,29.774335500000007,summer weekday,30.1
6148,2023-09-14 04:00:00.000,30.455313000000004,summer weekday,30.1
6149,2023-09-14 05:00:00.000,35.129692500000004,summer weekday,34.9
6150,2023-09-14 06:00:00.000,40.011489,summer weekday,34.9
6151,2023-09-14 07:00:00.000,36.831511500000005,summer weekday,34.9
6152,2023-09-14 08:00:00.000,32.114649,summer weekday,30.1
6153,2023-09-14 09:00:00.000,29.465709,summer weekday,30.1
6154,2023-09-14 10:00:00.000,28.81222050000001,summer weekday,30.1
6155,2023-09-14 11:00:00.000,28.769737500000005,summer weekday,30.1
6156,2023-09-14 12:00:00.000,28.571067000000003,summer weekday,30.1
6157,2023-09-14 13:00:00.000,28.381143,summer weekday,30.1
6158,2023-09-14 14:00:00.000,28.576065000000003,summer weekday,30.1
6159,2023-09-14 15:00:00.000,29.133342000000003,summer weekday,30.1
6160,2023-09-14 16:00:00.000,31.967208000000007,summer weekday,30.1
6161,2023-09-14 17:00:00.000,38.9856495,summer weekday,34.9
6162,2023-09-14 18:00:00.000,46.82376299999999,summer weekday,34.9
6163,2023-09-14 19:00:00.000,40.583760000000005,summer weekday,34.9
6164,2023-09-14 20:00:00.000,34.028883,summer weekday,34.9
6165,2023-09-14 21:00:00.000,31.629843000000005,summer weekday,30.1
6166,2023-09-14 22:00:00.000,29.784331500000004,summer weekday,30.1
6167,2023-09-14 23:00:00.000,29.974255500000005,summer weekday,30.1
6168,2023-09-15 00:00:00.000,29.489449500000003,summer weekday,30.1
6169,2023-09-15 01:00:00.000,29.41323000000001,summer weekday,30.1
6170,2023-09-15 02:00:00.000,29.568168000000004,summer weekday,30.1
6171,2023-09-15 03:00:00.000,29.763090000000005,summer weekday,30.1
6172,2023-09-15 04:00:00.000,29.791828500000005,summer weekday,30.1
6173,2023-09-15 05:00:00.000,34.691118,summer weekday,34.9
6174,2023-09-15 06:00:00.000,36.2192565,summer weekday,34.9
6175,2023-09-15 07:00:00.000,32.9955465,summer weekday,34.9
6176,2023-09-15 08:00:00.000,30.410331000000003,summer weekday,30.1
6177,2023-09-15 09:00:00.000,29.06087100000001,summer weekday,30.1
6178,2023-09-15 10:00:00.000,28.546077000000007,summer weekday,30.1
6179,2023-09-15 11:00:00.000,27.18537150000001,summer weekday,25.44
6180,2023-09-15 12:00:00.000,25.226155500000004,summer weekday,25.44
6181,2023-09-15 13:00:00.000,26.2632405,summer weekday,25.44
6182,2023-09-15 14:00:00.000,27.973806000000003,summer weekday,30.1
6183,2023-09-15 15:00:00.000,29.038380000000004,summer weekday,30.1
6184,2023-09-15 16:00:00.000,31.696066500000004,summer weekday,30.1
6185,2023-09-15 17:00:00.000,36.761539500000005,summer weekday,34.9
6186,2023-09-15 18:00:00.000,41.09230649999999,summer weekday,34.9
6187,2023-09-15 19:00:00.000,35.204662500000005,summer weekday,34.9
6188,2023-09-15 20:00:00.000,31.443667500000007,summer weekday,30.1
6189,2023-09-15 21:00:00.000,30.11794800000001,summer weekday,30.1
6190,2023-09-15 22:00:00.000,29.3345115,summer weekday,30.1
6191,2023-09-15 23:00:00.000,29.393238000000007,summer weekday,30.1
6192,2023-09-16 00:00:00.000,29.115849000000004,summer weekend,27.0
6193,2023-09-16 01:00:00.000,28.928424000000003,summer weekend,27.0
6194,2023-09-16 02:00:00.000,28.80847200000001,summer weekend,27.0
6195,2023-09-16 03:00:00.000,29.20331400000001,summer weekend,27.0
6196,2023-09-16 04:00:00.000,28.95716250000001,summer weekend,27.0
6197,2023-09-16 05:00:00.000,30.2966265,summer weekend,31.66
6198,2023-09-16 06:00:00.000,31.222506000000003,summer weekend,31.66
6199,2023-09-16 07:00:00.000,30.071716500000004,summer weekend,31.66
6200,2023-09-16 08:00:00.000,28.712260500000006,summer weekend,27.0
6201,2023-09-16 09:00:00.000,27.239100000000004,summer weekend,27.0
6202,2023-09-16 10:00:00.000,25.4860515,summer weekend,27.0
6203,2023-09-16 11:00:00.000,24.175326,summer weekend,27.0
6204,2023-09-16 12:00:00.000,21.421428,summer weekend,19.7
6205,2023-09-16 13:00:00.000,21.66633,summer weekend,19.7
6206,2023-09-16 14:00:00.000,26.671827000000004,summer weekend,27.0
6207,2023-09-16 15:00:00.000,28.293678000000007,summer weekend,27.0
6208,2023-09-16 16:00:00.000,30.882642,summer weekend,31.66
6209,2023-09-16 17:00:00.000,34.056372,summer weekend,31.66
6210,2023-09-16 18:00:00.000,40.013988000000005,summer weekend,31.66
6211,2023-09-16 19:00:00.000,35.313369,summer weekend,31.66
6212,2023-09-16 20:00:00.000,32.0484255,summer weekend,31.66
6213,2023-09-16 21:00:00.000,30.491548500000007,summer weekend,31.66
6214,2023-09-16 22:00:00.000,29.850555000000007,summer weekend,31.66
6215,2023-09-16 23:00:00.000,30.986350500000004,summer weekend,31.66
6216,2023-09-17 00:00:00.000,30.531532500000004,summer weekend,31.66
6217,2023-09-17 01:00:00.000,30.446566500000007,summer weekend,31.66
6218,2023-09-17 02:00:00.000,29.935521000000005,summer weekend,31.66
6219,2023-09-17 03:00:00.000,30.075465,summer weekend,31.66
6220,2023-09-17 04:00:00.000,29.758092000000005,summer weekend,31.66
6221,2023-09-17 05:00:00.000,29.7343515,summer weekend,31.66
6222,2023-09-17 06:00:00.000,30.279133500000007,summer weekend,31.66
6223,2023-09-17 07:00:00.000,29.090859000000005,summer weekend,27.0
6224,2023-09-17 08:00:00.000,27.758892000000003,summer weekend,27.0
6225,2023-09-17 09:00:00.000,26.213260500000004,summer weekend,27.0
6226,2023-09-17 10:00:00.000,22.3423095,summer weekend,19.7
6227,2023-09-17 11:00:00.000,20.0182395,summer weekend,19.7
6228,2023-09-17 12:00:00.000,17.877845999999998,summer weekend,19.7
6229,2023-09-17 13:00:00.000,17.905334999999997,summer weekend,19.7
6230,2023-09-17 14:00:00.000,22.203615,summer weekend,19.7
6231,2023-09-17 15:00:00.000,27.156633000000006,summer weekend,27.0
6232,2023-09-17 16:00:00.000,30.957612000000005,summer weekend,31.66
6233,2023-09-17 17:00:00.000,33.86145,summer weekend,31.66
6234,2023-09-17 18:00:00.000,36.347955000000006,summer weekend,31.66
6235,2023-09-17 19:00:00.000,33.212959500000004,summer weekend,31.66
6236,2023-09-17 20:00:00.000,32.1433875,summer weekend,31.66
6237,2023-09-17 21:00:00.000,30.976354500000006,summer weekend,31.66
6238,2023-09-17 22:00:00.000,29.76059100000001,summer weekend,31.66
6239,2023-09-17 23:00:00.000,29.109601500000004,summer weekend,27.0
6240,2023-09-18 00:00:00.000,28.42237650000001,summer weekday,30.1
6241,2023-09-18 01:00:00.000,27.580213500000006,summer weekday,25.44
6242,2023-09-18 02:00:00.000,27.991299000000005,summer weekday,30.1
6243,2023-09-18 03:00:00.000,28.341159,summer weekday,30.1
6244,2023-09-18 04:00:00.000,29.072116500000007,summer weekday,30.1
6245,2023-09-18 05:00:00.000,32.013439500000004,summer weekday,30.1
6246,2023-09-18 06:00:00.000,34.0476255,summer weekday,34.9
6247,2023-09-18 07:00:00.000,33.4628595,summer weekday,34.9
6248,2023-09-18 08:00:00.000,30.594007500000004,summer weekday,30.1
6249,2023-09-18 09:00:00.000,28.694767500000005,summer weekday,30.1
6250,2023-09-18 10:00:00.000,26.651835,summer weekday,25.44
6251,2023-09-18 11:00:00.000,24.39024000000001,summer weekday,25.44
6252,2023-09-18 12:00:00.000,21.171528,summer weekday,25.44
6253,2023-09-18 13:00:00.000,22.173627,summer weekday,25.44
6254,2023-09-18 14:00:00.000,26.599356000000007,summer weekday,25.44
6255,2023-09-18 15:00:00.000,28.6972665,summer weekday,30.1
6256,2023-09-18 16:00:00.000,31.863499500000003,summer weekday,30.1
6257,2023-09-18 17:00:00.000,34.789828500000006,summer weekday,34.9
6258,2023-09-18 18:00:00.000,37.58246100000001,summer weekday,34.9
6259,2023-09-18 19:00:00.000,33.0655185,summer weekday,34.9
6260,2023-09-18 20:00:00.000,30.6839715,summer weekday,30.1
6261,2023-09-18 21:00:00.000,29.037130500000004,summer weekday,30.1
6262,2023-09-18 22:00:00.000,26.590609500000003,summer weekday,25.44
6263,2023-09-18 23:00:00.000,17.4942495,summer weekday,25.44
6264,2023-09-19 00:00:00.000,17.366919499999998,summer weekday,25.44
6265,2023-09-19 01:00:00.000,17.363528,summer weekday,25.44
6266,2023-09-19 02:00:00.000,17.3623975,summer weekday,25.44
6267,2023-09-19 03:00:00.000,17.365789,summer weekday,25.44
6268,2023-09-19 04:00:00.000,17.4717585,summer weekday,25.44
6269,2023-09-19 05:00:00.000,26.148286500000005,summer weekday,25.44
6270,2023-09-19 06:00:00.000,30.3965865,summer weekday,30.1
6271,2023-09-19 07:00:00.000,31.052574000000003,summer weekday,30.1
6272,2023-09-19 08:00:00.000,28.1000055,summer weekday,30.1
6273,2023-09-19 09:00:00.000,18.430125,summer weekday,25.44
6274,2023-09-19 10:00:00.000,17.359005999999997,summer weekday,25.44
6275,2023-09-19 11:00:00.000,16.973505499999998,summer weekday,25.44
6276,2023-09-19 12:00:00.000,16.764362999999996,summer weekday,25.44
6277,2023-09-19 13:00:00.000,16.719143000000003,summer weekday,25.44
6278,2023-09-19 14:00:00.000,17.0345525,summer weekday,25.44
6279,2023-09-19 15:00:00.000,17.359005999999997,summer weekday,25.44
6280,2023-09-19 16:00:00.000,23.22570600000001,summer weekday,25.44
6281,2023-09-19 17:00:00.000,29.508192000000005,summer weekday,30.1
6282,2023-09-19 18:00:00.000,31.664829000000005,summer weekday,30.1
6283,2023-09-19 19:00:00.000,31.067568000000005,summer weekday,30.1
6284,2023-09-19 20:00:00.000,28.21246050000001,summer weekday,30.1
6285,2023-09-19 21:00:00.000,25.715959500000004,summer weekday,25.44
6286,2023-09-19 22:00:00.000,19.4109825,summer weekday,25.44
6287,2023-09-19 23:00:00.000,17.366919499999998,summer weekday,25.44
6288,2023-09-20 00:00:00.000,17.356745,summer weekday,25.44
6289,2023-09-20 01:00:00.000,17.356745,summer weekday,25.44
6290,2023-09-20 02:00:00.000,17.3717985,summer weekday,25.44
6291,2023-09-20 03:00:00.000,17.4942495,summer weekday,25.44
6292,2023-09-20 04:00:00.000,18.61755,summer weekday,25.44
6293,2023-09-20 05:00:00.000,28.399885500000007,summer weekday,30.1
6294,2023-09-20 06:00:00.000,30.12044700000001,summer weekday,30.1
6295,2023-09-20 07:00:00.000,30.567768000000004,summer weekday,30.1
6296,2023-09-20 08:00:00.000,27.50774250000001,summer weekday,25.44
6297,2023-09-20 09:00:00.000,18.3189195,summer weekday,25.44
6298,2023-09-20 10:00:00.000,17.3623975,summer weekday,25.44
6299,2023-09-20 11:00:00.000,16.991593499999997,summer weekday,25.44
6300,2023-09-20 12:00:00.000,16.764362999999996,summer weekday,25.44
6301,2023-09-20 13:00:00.000,16.832193,summer weekday,25.44
6302,2023-09-20 14:00:00.000,17.1385585,summer weekday,25.44
6303,2023-09-20 15:00:00.000,17.859103499999996,summer weekday,25.44
6304,2023-09-20 16:00:00.000,28.416129000000005,summer weekday,30.1
6305,2023-09-20 17:00:00.000,34.6923675,summer weekday,34.9
6306,2023-09-20 18:00:00.000,41.840757,summer weekday,34.9
6307,2023-09-20 19:00:00.000,32.661930000000005,summer weekday,34.9
6308,2023-09-20 20:00:00.000,29.27578500000001,summer weekday,30.1
6309,2023-09-20 21:00:00.000,28.133742,summer weekday,30.1
6310,2023-09-20 22:00:00.000,26.886741000000004,summer weekday,25.44
6311,2023-09-20 23:00:00.000,26.880493500000004,summer weekday,25.44
6312,2023-09-21 00:00:00.000,26.4731565,summer weekday,25.44
6313,2023-09-21 01:00:00.000,24.468958500000003,summer weekday,25.44
6314,2023-09-21 02:00:00.000,22.294828500000005,summer weekday,25.44
6315,2023-09-21 03:00:00.000,24.468958500000003,summer weekday,25.44
6316,2023-09-21 04:00:00.000,26.564370000000004,summer weekday,25.44
6317,2023-09-21 05:00:00.000,29.809321500000003,summer weekday,30.1
6318,2023-09-21 06:00:00.000,32.072166,summer weekday,30.1
6319,2023-09-21 07:00:00.000,31.839759000000004,summer weekday,30.1
6320,2023-09-21 08:00:00.000,30.22540500000001,summer weekday,30.1
6321,2023-09-21 09:00:00.000,28.870947,summer weekday,30.1
6322,2023-09-21 10:00:00.000,26.989200000000004,summer weekday,25.44
6323,2023-09-21 11:00:00.000,26.526885000000004,summer weekday,25.44
6324,2023-09-21 12:00:00.000,26.86674900000001,summer weekday,25.44
6325,2023-09-21 13:00:00.000,27.978804000000004,summer weekday,30.1
6326,2023-09-21 14:00:00.000,29.088360000000005,summer weekday,30.1
6327,2023-09-21 15:00:00.000,30.590259000000003,summer weekday,30.1
6328,2023-09-21 16:00:00.000,32.866848000000005,summer weekday,34.9
6329,2023-09-21 17:00:00.000,41.84450549999999,summer weekday,34.9
6330,2023-09-21 18:00:00.000,51.656829,summer weekday,34.9
6331,2023-09-21 19:00:00.000,36.71031000000001,summer weekday,34.9
6332,2023-09-21 20:00:00.000,31.71231,summer weekday,30.1
6333,2023-09-21 21:00:00.000,29.875545,summer weekday,30.1
6334,2023-09-21 22:00:00.000,29.207062500000006,summer weekday,30.1
6335,2023-09-21 23:00:00.000,28.402384500000004,summer weekday,30.1
6336,2023-09-22 00:00:00.000,28.258692000000003,summer weekday,30.1
6337,2023-09-22 01:00:00.000,28.369897500000004,summer weekday,30.1
6338,2023-09-22 02:00:00.000,28.45861200000001,summer weekday,30.1
6339,2023-09-22 03:00:00.000,28.7372505,summer weekday,30.1
6340,2023-09-22 04:00:00.000,28.820967000000007,summer weekday,30.1
6341,2023-09-22 05:00:00.000,31.439919000000003,summer weekday,30.1
6342,2023-09-22 06:00:00.000,34.6148985,summer weekday,34.9
6343,2023-09-22 07:00:00.000,34.331262,summer weekday,34.9
6344,2023-09-22 08:00:00.000,32.150884500000004,summer weekday,30.1
6345,2023-09-22 09:00:00.000,29.818068000000004,summer weekday,30.1
6346,2023-09-22 10:00:00.000,28.729753500000008,summer weekday,30.1
6347,2023-09-22 11:00:00.000,28.07001750000001,summer weekday,30.1
6348,2023-09-22 12:00:00.000,27.086661000000003,summer weekday,25.44
6349,2023-09-22 13:00:00.000,26.639340000000008,summer weekday,25.44
6350,2023-09-22 14:00:00.000,27.240349500000004,summer weekday,25.44
6351,2023-09-22 15:00:00.000,28.393638000000003,summer weekday,30.1
6352,2023-09-22 16:00:00.000,30.7377,summer weekday,30.1
6353,2023-09-22 17:00:00.000,34.417477500000004,summer weekday,34.9
6354,2023-09-22 18:00:00.000,37.34755500000001,summer weekday,34.9
6355,2023-09-22 19:00:00.000,34.0426275,summer weekday,34.9
6356,2023-09-22 20:00:00.000,31.686070500000003,summer weekday,30.1
6357,2023-09-22 21:00:00.000,30.6040035,summer weekday,30.1
6358,2023-09-22 22:00:00.000,30.245397000000004,summer weekday,30.1
6359,2023-09-22 23:00:00.000,30.992598000000008,summer weekday,30.1
6360,2023-09-23 00:00:00.000,30.041728500000005,summer weekend,31.66
6361,2023-09-23 01:00:00.000,29.494447500000003,summer weekend,31.66
6362,2023-09-23 02:00:00.000,28.828464000000004,summer weekend,27.0
6363,2023-09-23 03:00:00.000,28.542328500000007,summer weekend,27.0
6364,2023-09-23 04:00:00.000,28.835961000000008,summer weekend,27.0
6365,2023-09-23 05:00:00.000,29.723106000000005,summer weekend,31.66
6366,2023-09-23 06:00:00.000,30.762690000000006,summer weekend,31.66
6367,2023-09-23 07:00:00.000,31.1113005,summer weekend,31.66
6368,2023-09-23 08:00:00.000,30.447816000000003,summer weekend,31.66
6369,2023-09-23 09:00:00.000,28.70726250000001,summer weekend,27.0
6370,2023-09-23 10:00:00.000,27.976305000000007,summer weekend,27.0
6371,2023-09-23 11:00:00.000,27.350305500000005,summer weekend,27.0
6372,2023-09-23 12:00:00.000,26.1832725,summer weekend,27.0
6373,2023-09-23 13:00:00.000,24.00164550000001,summer weekend,27.0
6374,2023-09-23 14:00:00.000,26.239500000000003,summer weekend,27.0
6375,2023-09-23 15:00:00.000,27.236601000000004,summer weekend,27.0
6376,2023-09-23 16:00:00.000,30.115449000000005,summer weekend,31.66
6377,2023-09-23 17:00:00.000,33.570316500000004,summer weekend,31.66
6378,2023-09-23 18:00:00.000,36.8839905,summer weekend,31.66
6379,2023-09-23 19:00:00.000,35.485800000000005,summer weekend,31.66
6380,2023-09-23 20:00:00.000,32.100904500000006,summer weekend,31.66
6381,2023-09-23 21:00:00.000,30.727704000000006,summer weekend,31.66
6382,2023-09-23 22:00:00.000,29.913030000000003,summer weekend,31.66
6383,2023-09-23 23:00:00.000,29.701864500000003,summer weekend,31.66
6384,2023-09-24 00:00:00.000,28.268688000000004,summer weekend,27.0
6385,2023-09-24 01:00:00.000,27.0804135,summer weekend,27.0
6386,2023-09-24 02:00:00.000,27.097906500000004,summer weekend,27.0
6387,2023-09-24 03:00:00.000,27.727654500000003,summer weekend,27.0
6388,2023-09-24 04:00:00.000,28.70476350000001,summer weekend,27.0
6389,2023-09-24 05:00:00.000,29.189569500000005,summer weekend,27.0
6390,2023-09-24 06:00:00.000,29.120847,summer weekend,27.0
6391,2023-09-24 07:00:00.000,28.765989000000005,summer weekend,27.0
6392,2023-09-24 08:00:00.000,24.785082000000003,summer weekend,27.0
6393,2023-09-24 09:00:00.000,17.500497,summer weekend,19.7
6394,2023-09-24 10:00:00.000,17.474257499999997,summer weekend,19.7
6395,2023-09-24 11:00:00.000,17.3646585,summer weekend,19.7
6396,2023-09-24 12:00:00.000,17.071859,summer weekend,19.7
6397,2023-09-24 13:00:00.000,17.067337,summer weekend,19.7
6398,2023-09-24 14:00:00.000,17.359005999999997,summer weekend,19.7
6399,2023-09-24 15:00:00.000,18.020289,summer weekend,19.7
6400,2023-09-24 16:00:00.000,29.616898500000005,summer weekend,31.66
6401,2023-09-24 17:00:00.000,34.09885500000001,summer weekend,31.66
6402,2023-09-24 18:00:00.000,36.9964455,summer weekend,31.66
6403,2023-09-24 19:00:00.000,34.23380100000001,summer weekend,31.66
6404,2023-09-24 20:00:00.000,30.487800000000004,summer weekend,31.66
6405,2023-09-24 21:00:00.000,29.0546235,summer weekend,27.0
6406,2023-09-24 22:00:00.000,26.470657500000005,summer weekend,27.0
6407,2023-09-24 23:00:00.000,21.6950685,summer weekend,19.7
6408,2023-09-25 00:00:00.000,18.61755,summer weekday,25.44
6409,2023-09-25 01:00:00.000,17.5042455,summer weekday,25.44
6410,2023-09-25 02:00:00.000,17.378046,summer weekday,25.44
6411,2023-09-25 03:00:00.000,17.429275500000003,summer weekday,25.44
6412,2023-09-25 04:00:00.000,23.6342925,summer weekday,25.44
6413,2023-09-25 05:00:00.000,31.03258200000001,summer weekday,30.1
6414,2023-09-25 06:00:00.000,34.7548425,summer weekday,34.9
6415,2023-09-25 07:00:00.000,35.2359,summer weekday,34.9
6416,2023-09-25 08:00:00.000,32.152134000000004,summer weekday,30.1
6417,2023-09-25 09:00:00.000,29.089609500000005,summer weekday,30.1
6418,2023-09-25 10:00:00.000,28.489849500000005,summer weekday,30.1
6419,2023-09-25 11:00:00.000,26.8729965,summer weekday,25.44
6420,2023-09-25 12:00:00.000,26.877994500000007,summer weekday,25.44
6421,2023-09-25 13:00:00.000,27.875095500000004,summer weekday,30.1
6422,2023-09-25 14:00:00.000,28.870947,summer weekday,30.1
6423,2023-09-25 15:00:00.000,29.545677,summer weekday,30.1
6424,2023-09-25 16:00:00.000,33.10175400000001,summer weekday,34.9
6425,2023-09-25 17:00:00.000,42.36929549999999,summer weekday,34.9
6426,2023-09-25 18:00:00.000,64.79782049999999,summer weekday,34.9
6427,2023-09-25 19:00:00.000,48.52933049999999,summer weekday,34.9
6428,2023-09-25 20:00:00.000,34.403733,summer weekday,34.9
6429,2023-09-25 21:00:00.000,32.725654500000005,summer weekday,34.9
6430,2023-09-25 22:00:00.000,31.1337915,summer weekday,30.1
6431,2023-09-25 23:00:00.000,31.632342000000005,summer weekday,30.1
6432,2023-09-26 00:00:00.000,30.86140050000001,summer weekday,30.1
6433,2023-09-26 01:00:00.000,30.479053500000006,summer weekday,30.1
6434,2023-09-26 02:00:00.000,30.435321000000005,summer weekday,30.1
6435,2023-09-26 03:00:00.000,30.4340715,summer weekday,30.1
6436,2023-09-26 04:00:00.000,30.86140050000001,summer weekday,30.1
6437,2023-09-26 05:00:00.000,36.392937,summer weekday,34.9
6438,2023-09-26 06:00:00.000,53.42237249999999,summer weekday,34.9
6439,2023-09-26 07:00:00.000,38.232201,summer weekday,34.9
6440,2023-09-26 08:00:00.000,32.080912500000004,summer weekday,30.1
6441,2023-09-26 09:00:00.000,29.914279500000003,summer weekday,30.1
6442,2023-09-26 10:00:00.000,29.2720365,summer weekday,30.1
6443,2023-09-26 11:00:00.000,28.748496000000003,summer weekday,30.1
6444,2023-09-26 12:00:00.000,27.7326525,summer weekday,25.44
6445,2023-09-26 13:00:00.000,28.59730650000001,summer weekday,30.1
6446,2023-09-26 14:00:00.000,29.615649000000005,summer weekday,30.1
6447,2023-09-26 15:00:00.000,30.426574500000005,summer weekday,30.1
6448,2023-09-26 16:00:00.000,34.296276,summer weekday,34.9
6449,2023-09-26 17:00:00.000,39.889038,summer weekday,34.9
6450,2023-09-26 18:00:00.000,48.20820899999999,summer weekday,34.9
6451,2023-09-26 19:00:00.000,37.402533000000005,summer weekday,34.9
6452,2023-09-26 20:00:00.000,33.145486500000004,summer weekday,34.9
6453,2023-09-26 21:00:00.000,30.870147000000006,summer weekday,30.1
6454,2023-09-26 22:00:00.000,30.022986000000007,summer weekday,30.1
6455,2023-09-26 23:00:00.000,30.551524500000003,summer weekday,30.1
6456,2023-09-27 00:00:00.000,30.11295,summer weekday,30.1
6457,2023-09-27 01:00:00.000,30.1816725,summer weekday,30.1
6458,2023-09-27 02:00:00.000,30.11919750000001,summer weekday,30.1
6459,2023-09-27 03:00:00.000,29.919277500000003,summer weekday,30.1
6460,2023-09-27 04:00:00.000,30.940119000000006,summer weekday,30.1
6461,2023-09-27 05:00:00.000,35.080962,summer weekday,34.9
6462,2023-09-27 06:00:00.000,49.82631149999999,summer weekday,34.9
6463,2023-09-27 07:00:00.000,39.296775,summer weekday,34.9
6464,2023-09-27 08:00:00.000,33.4603605,summer weekday,34.9
6465,2023-09-27 09:00:00.000,30.15418350000001,summer weekday,30.1
6466,2023-09-27 10:00:00.000,29.020887000000005,summer weekday,30.1
6467,2023-09-27 11:00:00.000,28.63854000000001,summer weekday,30.1
6468,2023-09-27 12:00:00.000,28.28118300000001,summer weekday,30.1
6469,2023-09-27 13:00:00.000,28.516089000000008,summer weekday,30.1
6470,2023-09-27 14:00:00.000,29.118348000000005,summer weekday,30.1
6471,2023-09-27 15:00:00.000,31.018837500000007,summer weekday,30.1
6472,2023-09-27 16:00:00.000,36.0993045,summer weekday,34.9
6473,2023-09-27 17:00:00.000,41.7245535,summer weekday,34.9
6474,2023-09-27 18:00:00.000,44.19481499999999,summer weekday,34.9
6475,2023-09-27 19:00:00.000,35.12094600000001,summer weekday,34.9
6476,2023-09-27 20:00:00.000,30.840159000000003,summer weekday,30.1
6477,2023-09-27 21:00:00.000,29.410731,summer weekday,30.1
6478,2023-09-27 22:00:00.000,28.499845500000006,summer weekday,30.1
6479,2023-09-27 23:00:00.000,28.408632000000004,summer weekday,30.1
6480,2023-09-28 00:00:00.000,27.870097500000007,summer weekday,30.1
6481,2023-09-28 01:00:00.000,26.483152500000006,summer weekday,25.44
6482,2023-09-28 02:00:00.000,26.719308000000005,summer weekday,25.44
6483,2023-09-28 03:00:00.000,27.472756500000006,summer weekday,25.44
6484,2023-09-28 04:00:00.000,28.973406000000004,summer weekday,30.1
6485,2023-09-28 05:00:00.000,31.7810325,summer weekday,30.1
6486,2023-09-28 06:00:00.000,33.142987500000004,summer weekday,34.9
6487,2023-09-28 07:00:00.000,33.556572,summer weekday,34.9
6488,2023-09-28 08:00:00.000,31.2187575,summer weekday,30.1
6489,2023-09-28 09:00:00.000,29.033382000000007,summer weekday,30.1
6490,2023-09-28 10:00:00.000,28.433622000000003,summer weekday,30.1
6491,2023-09-28 11:00:00.000,27.798876000000007,summer weekday,30.1
6492,2023-09-28 12:00:00.000,27.613950000000003,summer weekday,25.44
6493,2023-09-28 13:00:00.000,28.326165000000003,summer weekday,30.1
6494,2023-09-28 14:00:00.000,28.865949000000004,summer weekday,30.1
6495,2023-09-28 15:00:00.000,29.849305500000007,summer weekday,30.1
6496,2023-09-28 16:00:00.000,33.9401685,summer weekday,34.9
6497,2023-09-28 17:00:00.000,40.4650575,summer weekday,34.9
6498,2023-09-28 18:00:00.000,50.57975999999999,summer weekday,34.9
6499,2023-09-28 19:00:00.000,36.92397450000001,summer weekday,34.9
6500,2023-09-28 20:00:00.000,33.394137,summer weekday,34.9
6501,2023-09-28 21:00:00.000,32.164629000000005,summer weekday,30.1
6502,2023-09-28 22:00:00.000,31.241248500000005,summer weekday,30.1
6503,2023-09-28 23:00:00.000,30.925125000000005,summer weekday,30.1
6504,2023-09-29 00:00:00.000,29.604403500000007,summer weekday,30.1
6505,2023-09-29 01:00:00.000,29.3070225,summer weekday,30.1
6506,2023-09-29 02:00:00.000,28.863450000000007,summer weekday,30.1
6507,2023-09-29 03:00:00.000,29.117098500000004,summer weekday,30.1
6508,2023-09-29 04:00:00.000,29.94801600000001,summer weekday,30.1
6509,2023-09-29 05:00:00.000,33.4178775,summer weekday,34.9
6510,2023-09-29 06:00:00.000,34.601154,summer weekday,34.9
6511,2023-09-29 07:00:00.000,33.6177975,summer weekday,34.9
6512,2023-09-29 08:00:00.000,30.715209,summer weekday,30.1
6513,2023-09-29 09:00:00.000,28.8721965,summer weekday,30.1
6514,2023-09-29 10:00:00.000,28.284931500000003,summer weekday,30.1
6515,2023-09-29 11:00:00.000,27.620197500000007,summer weekday,25.44
6516,2023-09-29 12:00:00.000,26.419428000000003,summer weekday,25.44
6517,2023-09-29 13:00:00.000,26.994198000000008,summer weekday,25.44
6518,2023-09-29 14:00:00.000,28.701015000000005,summer weekday,30.1
6519,2023-09-29 15:00:00.000,29.421976500000003,summer weekday,30.1
6520,2023-09-29 16:00:00.000,31.363699500000006,summer weekday,30.1
6521,2023-09-29 17:00:00.000,33.6177975,summer weekday,34.9
6522,2023-09-29 18:00:00.000,34.919776500000005,summer weekday,34.9
6523,2023-09-29 19:00:00.000,33.978903,summer weekday,34.9
6524,2023-09-29 20:00:00.000,31.53738000000001,summer weekday,30.1
6525,2023-09-29 21:00:00.000,30.6839715,summer weekday,30.1
6526,2023-09-29 22:00:00.000,29.9967465,summer weekday,30.1
6527,2023-09-29 23:00:00.000,28.732252500000005,summer weekday,30.1
6528,2023-09-30 00:00:00.000,28.4748555,summer weekend,27.0
6529,2023-09-30 01:00:00.000,28.46111100000001,summer weekend,27.0
6530,2023-09-30 02:00:00.000,28.453614000000005,summer weekend,27.0
6531,2023-09-30 03:00:00.000,28.398636000000003,summer weekend,27.0
6532,2023-09-30 04:00:00.000,28.875945,summer weekend,27.0
6533,2023-09-30 05:00:00.000,30.525285,summer weekend,31.66
6534,2023-09-30 06:00:00.000,31.045077000000003,summer weekend,31.66
6535,2023-09-30 07:00:00.000,31.118797500000003,summer weekend,31.66
6536,2023-09-30 08:00:00.000,30.484051500000003,summer weekend,31.66
6537,2023-09-30 09:00:00.000,28.303674,summer weekend,27.0
6538,2023-09-30 10:00:00.000,26.180773500000004,summer weekend,27.0
6539,2023-09-30 11:00:00.000,22.710912000000004,summer weekend,19.7
6540,2023-09-30 12:00:00.000,18.462612,summer weekend,19.7
6541,2023-09-30 13:00:00.000,19.247298,summer weekend,19.7
6542,2023-09-30 14:00:00.000,24.365250000000003,summer weekend,27.0
6543,2023-09-30 15:00:00.000,27.990049500000005,summer weekend,27.0
6544,2023-09-30 16:00:00.000,30.825165000000005,summer weekend,31.66
6545,2023-09-30 17:00:00.000,34.4124795,summer weekend,31.66
6546,2023-09-30 18:00:00.000,37.84735500000001,summer weekend,31.66
6547,2023-09-30 19:00:00.000,34.123845,summer weekend,31.66
6548,2023-09-30 20:00:00.000,31.412430000000004,summer weekend,31.66
6549,2023-09-30 21:00:00.000,30.78768,summer weekend,31.66
6550,2023-09-30 22:00:00.000,29.992998000000004,summer weekend,31.66
6551,2023-09-30 23:00:00.000,30.204163500000003,summer weekend,31.66
6552,2023-10-01 00:00:00.000,29.13084300000001,summer weekend,27.0
6553,2023-10-01 01:00:00.000,28.438620000000004,summer weekend,27.0
6554,2023-10-01 02:00:00.000,28.534831500000003,summer weekend,27.0
6555,2023-10-01 03:00:00.000,28.224955500000004,summer weekend,27.0
6556,2023-10-01 04:00:00.000,28.045027500000003,summer weekend,27.0
6557,2023-10-01 05:00:00.000,27.9975465,summer weekend,27.0
6558,2023-10-01 06:00:00.000,28.373646000000004,summer weekend,27.0
6559,2023-10-01 07:00:00.000,27.626445,summer weekend,27.0
6560,2023-10-01 08:00:00.000,25.20616350000001,summer weekend,27.0
6561,2023-10-01 09:00:00.000,22.366050000000005,summer weekend,19.7
6562,2023-10-01 10:00:00.000,18.4913505,summer weekend,19.7
6563,2023-10-01 11:00:00.000,17.366919499999998,summer weekend,19.7
6564,2023-10-01 12:00:00.000,17.1498635,summer weekend,19.7
6565,2023-10-01 13:00:00.000,17.285523499999996,summer weekend,19.7
6566,2023-10-01 14:00:00.000,17.559223499999998,summer weekend,19.7
6567,2023-10-01 15:00:00.000,25.20616350000001,summer weekend,27.0
6568,2023-10-01 16:00:00.000,29.80182450000001,summer weekend,31.66
6569,2023-10-01 17:00:00.000,32.369547000000004,summer weekend,31.66
6570,2023-10-01 18:00:00.000,33.61155,summer weekend,31.66
6571,2023-10-01 19:00:00.000,33.61155,summer weekend,31.66
6572,2023-10-01 20:00:00.000,31.757292000000003,summer weekend,31.66
6573,2023-10-01 21:00:00.000,30.69021900000001,summer weekend,31.66
6574,2023-10-01 22:00:00.000,29.859301500000004,summer weekend,31.66
6575,2023-10-01 23:00:00.000,29.225805,summer weekend,27.0
6576,2023-10-02 00:00:00.000,29.009641500000004,summer weekend,27.0
6577,2023-10-02 01:00:00.000,29.038380000000004,summer weekend,27.0
6578,2023-10-02 02:00:00.000,28.865949000000004,summer weekend,27.0
6579,2023-10-02 03:00:00.000,29.323266000000007,summer weekend,27.0
6580,2023-10-02 04:00:00.000,29.779333500000003,summer weekend,31.66
6581,2023-10-02 05:00:00.000,32.9855505,summer weekend,31.66
6582,2023-10-02 06:00:00.000,35.29712550000001,summer weekend,31.66
6583,2023-10-02 07:00:00.000,35.423325,summer weekend,31.66
6584,2023-10-02 08:00:00.000,33.361650000000004,summer weekend,31.66
6585,2023-10-02 09:00:00.000,30.527784000000004,summer weekend,31.66
6586,2023-10-02 10:00:00.000,28.923426000000006,summer weekend,27.0
6587,2023-10-02 11:00:00.000,28.648536000000004,summer weekend,27.0
6588,2023-10-02 12:00:00.000,28.353654,summer weekend,27.0
6589,2023-10-02 13:00:00.000,28.38489150000001,summer weekend,27.0
6590,2023-10-02 14:00:00.000,28.676025000000006,summer weekend,27.0
6591,2023-10-02 15:00:00.000,30.6164985,summer weekend,31.66
6592,2023-10-02 16:00:00.000,34.02013650000001,summer weekend,31.66
6593,2023-10-02 17:00:00.000,42.35929949999999,summer weekend,31.66
6594,2023-10-02 18:00:00.000,47.9870475,summer weekend,31.66
6595,2023-10-02 19:00:00.000,37.3687965,summer weekend,31.66
6596,2023-10-02 20:00:00.000,32.36205,summer weekend,31.66
6597,2023-10-02 21:00:00.000,30.741448500000004,summer weekend,31.66
6598,2023-10-02 22:00:00.000,29.86305,summer weekend,31.66
6599,2023-10-02 23:00:00.000,29.560671,summer weekend,31.66
6600,2023-10-03 00:00:00.000,29.189569500000005,summer weekend,27.0
6601,2023-10-03 01:00:00.000,26.356953000000004,summer weekend,27.0
6602,2023-10-03 02:00:00.000,21.196518,summer weekend,19.7
6603,2023-10-03 03:00:00.000,18.8062245,summer weekend,19.7
6604,2023-10-03 04:00:00.000,17.995299,summer weekend,19.7
6605,2023-10-03 05:00:00.000,18.1564845,summer weekend,19.7
6606,2023-10-03 06:00:00.000,21.828765,summer weekend,19.7
6607,2023-10-03 07:00:00.000,18.929925,summer weekend,19.7
6608,2023-10-03 08:00:00.000,17.780385000000003,summer weekend,19.7
6609,2023-10-03 09:00:00.000,17.359005999999997,summer weekend,19.7
6610,2023-10-03 10:00:00.000,17.261783,summer weekend,19.7
6611,2023-10-03 11:00:00.000,16.429734999999997,summer weekend,19.7
6612,2023-10-03 12:00:00.000,16.1165865,summer weekend,19.7
6613,2023-10-03 13:00:00.000,16.239810999999996,summer weekend,19.7
6614,2023-10-03 14:00:00.000,16.8129745,summer weekend,19.7
6615,2023-10-03 15:00:00.000,17.3623975,summer weekend,19.7
6616,2023-10-03 16:00:00.000,17.9928,summer weekend,19.7
6617,2023-10-03 17:00:00.000,21.831264,summer weekend,19.7
6618,2023-10-03 18:00:00.000,24.865050000000004,summer weekend,27.0
6619,2023-10-03 19:00:00.000,23.304424500000003,summer weekend,19.7
6620,2023-10-03 20:00:00.000,19.0861125,summer weekend,19.7
6621,2023-10-03 21:00:00.000,23.003295000000005,summer weekend,19.7
6622,2023-10-03 22:00:00.000,18.625047,summer weekend,19.7
6623,2023-10-03 23:00:00.000,20.1431895,summer weekend,19.7
6624,2023-10-04 00:00:00.000,18.630045,summer weekday,25.44
6625,2023-10-04 01:00:00.000,18.5588235,summer weekday,25.44
6626,2023-10-04 02:00:00.000,18.3389115,summer weekday,25.44
6627,2023-10-04 03:00:00.000,19.179825,summer weekday,25.44
6628,2023-10-04 04:00:00.000,23.355654,summer weekday,25.44
6629,2023-10-04 05:00:00.000,29.686870500000005,summer weekday,30.1
6630,2023-10-04 06:00:00.000,31.989699000000005,summer weekday,30.1
6631,2023-10-04 07:00:00.000,32.525734500000006,summer weekday,34.9
6632,2023-10-04 08:00:00.000,30.600255000000004,summer weekday,30.1
6633,2023-10-04 09:00:00.000,27.071667000000005,summer weekday,25.44
6634,2023-10-04 10:00:00.000,25.767189000000005,summer weekday,25.44
6635,2023-10-04 11:00:00.000,22.0599225,summer weekday,25.44
6636,2023-10-04 12:00:00.000,22.708413000000004,summer weekday,25.44
6637,2023-10-04 13:00:00.000,22.334812500000005,summer weekday,25.44
6638,2023-10-04 14:00:00.000,25.057473,summer weekday,25.44
6639,2023-10-04 15:00:00.000,27.3528045,summer weekday,25.44
6640,2023-10-04 16:00:00.000,29.3095215,summer weekday,30.1
6641,2023-10-04 17:00:00.000,31.874745,summer weekday,30.1
6642,2023-10-04 18:00:00.000,33.28168200000001,summer weekday,34.9
6643,2023-10-04 19:00:00.000,31.874745,summer weekday,30.1
6644,2023-10-04 20:00:00.000,28.366149000000004,summer weekday,30.1
6645,2023-10-04 21:00:00.000,28.062520500000005,summer weekday,30.1
6646,2023-10-04 22:00:00.000,27.095407500000004,summer weekday,25.44
6647,2023-10-04 23:00:00.000,27.697666500000008,summer weekday,25.44
6648,2023-10-05 00:00:00.000,26.965459500000005,summer weekday,25.44
6649,2023-10-05 01:00:00.000,26.148286500000005,summer weekday,25.44
6650,2023-10-05 02:00:00.000,25.039980000000003,summer weekday,25.44
6651,2023-10-05 03:00:00.000,25.978354500000005,summer weekday,25.44
6652,2023-10-05 04:00:00.000,27.171627000000004,summer weekday,25.44
6653,2023-10-05 05:00:00.000,28.6847715,summer weekday,30.1
6654,2023-10-05 06:00:00.000,30.795177,summer weekday,30.1
6655,2023-10-05 07:00:00.000,32.593207500000005,summer weekday,34.9
6656,2023-10-05 08:00:00.000,30.751444500000005,summer weekday,30.1
6657,2023-10-05 09:00:00.000,28.27993350000001,summer weekday,30.1
6658,2023-10-05 10:00:00.000,27.476505000000003,summer weekday,25.44
6659,2023-10-05 11:00:00.000,27.239100000000004,summer weekday,25.44
6660,2023-10-05 12:00:00.000,26.93797050000001,summer weekday,25.44
6661,2023-10-05 13:00:00.000,27.367798500000006,summer weekday,25.44
6662,2023-10-05 14:00:00.000,27.806373000000004,summer weekday,30.1
6663,2023-10-05 15:00:00.000,29.464459500000004,summer weekday,30.1
6664,2023-10-05 16:00:00.000,31.999695000000003,summer weekday,30.1
6665,2023-10-05 17:00:00.000,39.439218,summer weekday,34.9
6666,2023-10-05 18:00:00.000,48.64053599999999,summer weekday,34.9
6667,2023-10-05 19:00:00.000,34.786080000000005,summer weekday,34.9
6668,2023-10-05 20:00:00.000,31.103803500000005,summer weekday,30.1
6669,2023-10-05 21:00:00.000,29.985501000000006,summer weekday,30.1
6670,2023-10-05 22:00:00.000,29.185821000000004,summer weekday,30.1
6671,2023-10-05 23:00:00.000,28.287430500000006,summer weekday,30.1
6672,2023-10-06 00:00:00.000,27.971307000000007,summer weekday,30.1
6673,2023-10-06 01:00:00.000,27.369048000000006,summer weekday,25.44
6674,2023-10-06 02:00:00.000,26.746797000000004,summer weekday,25.44
6675,2023-10-06 03:00:00.000,26.237001000000006,summer weekday,25.44
6676,2023-10-06 04:00:00.000,26.848006500000004,summer weekday,25.44
6677,2023-10-06 05:00:00.000,29.544427500000005,summer weekday,30.1
6678,2023-10-06 06:00:00.000,32.0459265,summer weekday,30.1
6679,2023-10-06 07:00:00.000,32.448265500000005,summer weekday,30.1
6680,2023-10-06 08:00:00.000,30.411580500000007,summer weekday,30.1
6681,2023-10-06 09:00:00.000,27.89633700000001,summer weekday,30.1
6682,2023-10-06 10:00:00.000,25.216159500000003,summer weekday,25.44
6683,2023-10-06 11:00:00.000,18.6237975,summer weekday,25.44
6684,2023-10-06 12:00:00.000,17.502996,summer weekday,25.44
6685,2023-10-06 13:00:00.000,17.551726499999997,summer weekday,25.44
6686,2023-10-06 14:00:00.000,22.58971050000001,summer weekday,25.44
6687,2023-10-06 15:00:00.000,25.162431,summer weekday,25.44
6688,2023-10-06 16:00:00.000,28.182472500000003,summer weekday,30.1
6689,2023-10-06 17:00:00.000,30.400335000000005,summer weekday,30.1
6690,2023-10-06 18:00:00.000,31.258741500000006,summer weekday,30.1
6691,2023-10-06 19:00:00.000,29.988000000000007,summer weekday,30.1
6692,2023-10-06 20:00:00.000,27.372796500000003,summer weekday,25.44
6693,2023-10-06 21:00:00.000,24.462711,summer weekday,25.44
6694,2023-10-06 22:00:00.000,17.433024,summer weekday,25.44
6695,2023-10-06 23:00:00.000,17.374297499999997,summer weekday,25.44
6696,2023-10-07 00:00:00.000,17.373047999999997,summer weekend,19.7
6697,2023-10-07 01:00:00.000,17.380544999999998,summer weekend,19.7
6698,2023-10-07 02:00:00.000,17.451766499999998,summer weekend,19.7
6699,2023-10-07 03:00:00.000,18.1264965,summer weekend,19.7
6700,2023-10-07 04:00:00.000,20.039481,summer weekend,19.7
6701,2023-10-07 05:00:00.000,23.920428,summer weekend,27.0
6702,2023-10-07 06:00:00.000,25.760941500000005,summer weekend,27.0
6703,2023-10-07 07:00:00.000,26.217009,summer weekend,27.0
6704,2023-10-07 08:00:00.000,25.953364500000006,summer weekend,27.0
6705,2023-10-07 09:00:00.000,23.218209000000005,summer weekend,19.7
6706,2023-10-07 10:00:00.000,19.819569,summer weekend,19.7
6707,2023-10-07 11:00:00.000,18.665031,summer weekend,19.7
6708,2023-10-07 12:00:00.000,17.395538999999996,summer weekend,19.7
6709,2023-10-07 13:00:00.000,17.493,summer weekend,19.7
6710,2023-10-07 14:00:00.000,20.1181995,summer weekend,19.7
6711,2023-10-07 15:00:00.000,25.0637205,summer weekend,27.0
6712,2023-10-07 16:00:00.000,28.168728,summer weekend,27.0
6713,2023-10-07 17:00:00.000,30.147936000000005,summer weekend,31.66
6714,2023-10-07 18:00:00.000,30.976354500000006,summer weekend,31.66
6715,2023-10-07 19:00:00.000,29.86305,summer weekend,31.66
6716,2023-10-07 20:00:00.000,27.862600500000003,summer weekend,27.0
6717,2023-10-07 21:00:00.000,26.887990500000004,summer weekend,27.0
6718,2023-10-07 22:00:00.000,26.364450000000005,summer weekend,27.0
6719,2023-10-07 23:00:00.000,26.202015000000006,summer weekend,27.0
6720,2023-10-08 00:00:00.000,26.194518,summer weekend,27.0
6721,2023-10-08 01:00:00.000,26.192019000000005,summer weekend,27.0
6722,2023-10-08 02:00:00.000,26.190769500000005,summer weekend,27.0
6723,2023-10-08 03:00:00.000,26.340709500000003,summer weekend,27.0
6724,2023-10-08 04:00:00.000,27.000445500000005,summer weekend,27.0
6725,2023-10-08 05:00:00.000,27.802624500000007,summer weekend,27.0
6726,2023-10-08 06:00:00.000,29.86305,summer weekend,31.66
6727,2023-10-08 07:00:00.000,30.127944000000003,summer weekend,31.66
6728,2023-10-08 08:00:00.000,29.970507000000005,summer weekend,31.66
6729,2023-10-08 09:00:00.000,28.231203000000004,summer weekend,27.0
6730,2023-10-08 10:00:00.000,26.92797450000001,summer weekend,27.0
6731,2023-10-08 11:00:00.000,26.185771500000005,summer weekend,27.0
6732,2023-10-08 12:00:00.000,24.259042500000007,summer weekend,27.0
6733,2023-10-08 13:00:00.000,24.190320000000003,summer weekend,27.0
6734,2023-10-08 14:00:00.000,26.214510000000004,summer weekend,27.0
6735,2023-10-08 15:00:00.000,28.437370500000004,summer weekend,27.0
6736,2023-10-08 16:00:00.000,31.517388,summer weekend,31.66
6737,2023-10-08 17:00:00.000,34.3200165,summer weekend,31.66
6738,2023-10-08 18:00:00.000,37.68242100000001,summer weekend,31.66
6739,2023-10-08 19:00:00.000,33.8427075,summer weekend,31.66
6740,2023-10-08 20:00:00.000,31.137540000000005,summer weekend,31.66
6741,2023-10-08 21:00:00.000,30.415329000000003,summer weekend,31.66
6742,2023-10-08 22:00:00.000,29.405733000000005,summer weekend,31.66
6743,2023-10-08 23:00:00.000,28.752244500000007,summer weekend,27.0
6744,2023-10-09 00:00:00.000,28.294927500000007,summer weekday,30.1
6745,2023-10-09 01:00:00.000,27.668928000000005,summer weekday,25.44
6746,2023-10-09 02:00:00.000,27.039180000000005,summer weekday,25.44
6747,2023-10-09 03:00:00.000,26.7393,summer weekday,25.44
6748,2023-10-09 04:00:00.000,27.245347500000005,summer weekday,25.44
6749,2023-10-09 05:00:00.000,29.450715,summer weekday,30.1
6750,2023-10-09 06:00:00.000,31.337460000000007,summer weekday,30.1
6751,2023-10-09 07:00:00.000,33.20171400000001,summer weekday,34.9
6752,2023-10-09 08:00:00.000,32.54072850000001,summer weekday,34.9
6753,2023-10-09 09:00:00.000,31.311220500000008,summer weekday,30.1
6754,2023-10-09 10:00:00.000,30.532782000000005,summer weekday,30.1
6755,2023-10-09 11:00:00.000,29.736850500000006,summer weekday,30.1
6756,2023-10-09 12:00:00.000,29.938020000000005,summer weekday,30.1
6757,2023-10-09 13:00:00.000,30.550275000000003,summer weekday,30.1
6758,2023-10-09 14:00:00.000,31.101304500000005,summer weekday,30.1
6759,2023-10-09 15:00:00.000,31.489899,summer weekday,30.1
6760,2023-10-09 16:00:00.000,33.526584,summer weekday,34.9
6761,2023-10-09 17:00:00.000,41.011089,summer weekday,34.9
6762,2023-10-09 18:00:00.000,45.06946499999999,summer weekday,34.9
6763,2023-10-09 19:00:00.000,40.421325,summer weekday,34.9
6764,2023-10-09 20:00:00.000,33.95516250000001,summer weekday,34.9
6765,2023-10-09 21:00:00.000,32.36205,summer weekday,30.1
6766,2023-10-09 22:00:00.000,31.449915,summer weekday,30.1
6767,2023-10-09 23:00:00.000,30.362850000000005,summer weekday,30.1
6768,2023-10-10 00:00:00.000,29.938020000000005,summer weekday,30.1
6769,2023-10-10 01:00:00.000,29.850555000000007,summer weekday,30.1
6770,2023-10-10 02:00:00.000,29.80307400000001,summer weekday,30.1
6771,2023-10-10 03:00:00.000,29.536930500000008,summer weekday,30.1
6772,2023-10-10 04:00:00.000,31.201264500000004,summer weekday,30.1
6773,2023-10-10 05:00:00.000,33.61155,summer weekday,34.9
6774,2023-10-10 06:00:00.000,42.597954,summer weekday,34.9
6775,2023-10-10 07:00:00.000,42.18686849999999,summer weekday,34.9
6776,2023-10-10 08:00:00.000,33.873945,summer weekday,34.9
6777,2023-10-10 09:00:00.000,31.88724000000001,summer weekday,30.1
6778,2023-10-10 10:00:00.000,30.485301000000007,summer weekday,30.1
6779,2023-10-10 11:00:00.000,29.444467500000005,summer weekday,30.1
6780,2023-10-10 12:00:00.000,28.5248355,summer weekday,30.1
6781,2023-10-10 13:00:00.000,28.790979,summer weekday,30.1
6782,2023-10-10 14:00:00.000,28.815969000000003,summer weekday,30.1
6783,2023-10-10 15:00:00.000,29.763090000000005,summer weekday,30.1
6784,2023-10-10 16:00:00.000,32.032182000000006,summer weekday,30.1
6785,2023-10-10 17:00:00.000,33.289179000000004,summer weekday,34.9
6786,2023-10-10 18:00:00.000,34.769836500000004,summer weekday,34.9
6787,2023-10-10 19:00:00.000,30.460311000000004,summer weekday,30.1
6788,2023-10-10 20:00:00.000,28.206213,summer weekday,30.1
6789,2023-10-10 21:00:00.000,28.444867500000004,summer weekday,30.1
6790,2023-10-10 22:00:00.000,25.977105000000005,summer weekday,25.44
6791,2023-10-10 23:00:00.000,25.271137500000005,summer weekday,25.44
6792,2023-10-11 00:00:00.000,20.624247,summer weekday,25.44
6793,2023-10-11 01:00:00.000,18.3489075,summer weekday,25.44
6794,2023-10-11 02:00:00.000,17.6566845,summer weekday,25.44
6795,2023-10-11 03:00:00.000,17.775387,summer weekday,25.44
6796,2023-10-11 04:00:00.000,18.61755,summer weekday,25.44
6797,2023-10-11 05:00:00.000,27.380293500000008,summer weekday,25.44
6798,2023-10-11 06:00:00.000,33.256692,summer weekday,34.9
6799,2023-10-11 07:00:00.000,33.346656,summer weekday,34.9
6800,2023-10-11 08:00:00.000,30.230403000000003,summer weekday,30.1
6801,2023-10-11 09:00:00.000,23.616799500000003,summer weekday,25.44
6802,2023-10-11 10:00:00.000,17.4992475,summer weekday,25.44
6803,2023-10-11 11:00:00.000,17.368049999999997,summer weekday,25.44
6804,2023-10-11 12:00:00.000,17.361267,summer weekday,25.44
6805,2023-10-11 13:00:00.000,17.363528,summer weekday,25.44
6806,2023-10-11 14:00:00.000,17.375546999999997,summer weekday,25.44
6807,2023-10-11 15:00:00.000,24.587661,summer weekday,25.44
6808,2023-10-11 16:00:00.000,30.141688500000004,summer weekday,30.1
6809,2023-10-11 17:00:00.000,33.33541050000001,summer weekday,34.9
6810,2023-10-11 18:00:00.000,33.878943,summer weekday,34.9
6811,2023-10-11 19:00:00.000,32.6806725,summer weekday,34.9
6812,2023-10-11 20:00:00.000,30.106702500000008,summer weekday,30.1
6813,2023-10-11 21:00:00.000,29.720607000000005,summer weekday,30.1
6814,2023-10-11 22:00:00.000,28.603554000000003,summer weekday,30.1
6815,2023-10-11 23:00:00.000,27.152884500000003,summer weekday,25.44
6816,2023-10-12 00:00:00.000,27.7326525,summer weekday,25.44
6817,2023-10-12 01:00:00.000,27.830113500000007,summer weekday,30.1
6818,2023-10-12 02:00:00.000,28.341159,summer weekday,30.1
6819,2023-10-12 03:00:00.000,28.49359800000001,summer weekday,30.1
6820,2023-10-12 04:00:00.000,30.187920000000005,summer weekday,30.1
6821,2023-10-12 05:00:00.000,33.17422500000001,summer weekday,34.9
6822,2023-10-12 06:00:00.000,33.96640800000001,summer weekday,34.9
6823,2023-10-12 07:00:00.000,35.909380500000005,summer weekday,34.9
6824,2023-10-12 08:00:00.000,34.571166000000005,summer weekday,34.9
6825,2023-10-12 09:00:00.000,33.724005000000005,summer weekday,34.9
6826,2023-10-12 10:00:00.000,32.97930300000001,summer weekday,34.9
6827,2023-10-12 11:00:00.000,31.247496000000005,summer weekday,30.1
6828,2023-10-12 12:00:00.000,30.399085500000005,summer weekday,30.1
6829,2023-10-12 13:00:00.000,30.910131,summer weekday,30.1
6830,2023-10-12 14:00:00.000,32.36205,summer weekday,30.1
6831,2023-10-12 15:00:00.000,33.075514500000004,summer weekday,34.9
6832,2023-10-12 16:00:00.000,35.485800000000005,summer weekday,34.9
6833,2023-10-12 17:00:00.000,38.597055000000005,summer weekday,34.9
6834,2023-10-12 18:00:00.000,44.98075049999999,summer weekday,34.9
6835,2023-10-12 19:00:00.000,36.269236500000005,summer weekday,34.9
6836,2023-10-12 20:00:00.000,33.53158200000001,summer weekday,34.9
6837,2023-10-12 21:00:00.000,32.799375000000005,summer weekday,34.9
6838,2023-10-12 22:00:00.000,31.092558000000004,summer weekday,30.1
6839,2023-10-12 23:00:00.000,32.860600500000004,summer weekday,34.9
6840,2023-10-13 00:00:00.000,31.737300000000005,summer weekday,30.1
6841,2023-10-13 01:00:00.000,30.75519300000001,summer weekday,30.1
6842,2023-10-13 02:00:00.000,30.037980000000005,summer weekday,30.1
6843,2023-10-13 03:00:00.000,29.873046,summer weekday,30.1
6844,2023-10-13 04:00:00.000,29.26953750000001,summer weekday,30.1
6845,2023-10-13 05:00:00.000,33.5403285,summer weekday,34.9
6846,2023-10-13 06:00:00.000,35.2921275,summer weekday,34.9
6847,2023-10-13 07:00:00.000,35.5170375,summer weekday,34.9
6848,2023-10-13 08:00:00.000,33.867697500000006,summer weekday,34.9
6849,2023-10-13 09:00:00.000,29.738100000000006,summer weekday,30.1
6850,2023-10-13 10:00:00.000,26.366949,summer weekday,25.44
6851,2023-10-13 11:00:00.000,21.6725775,summer weekday,25.44
6852,2023-10-13 12:00:00.000,18.280185,summer weekday,25.44
6853,2023-10-13 13:00:00.000,17.9065845,summer weekday,25.44
6854,2023-10-13 14:00:00.000,17.897837999999997,summer weekday,25.44
6855,2023-10-13 15:00:00.000,18.61755,summer weekday,25.44
6856,2023-10-13 16:00:00.000,23.175726000000004,summer weekday,25.44
6857,2023-10-13 17:00:00.000,26.643088500000005,summer weekday,25.44
6858,2023-10-13 18:00:00.000,26.901735,summer weekday,25.44
6859,2023-10-13 19:00:00.000,19.359753,summer weekday,25.44
6860,2023-10-13 20:00:00.000,17.9990475,summer weekday,25.44
6861,2023-10-13 21:00:00.000,17.39304,summer weekday,25.44
6862,2023-10-13 22:00:00.000,17.276479499999997,summer weekday,25.44
6863,2023-10-13 23:00:00.000,17.3578755,summer weekday,25.44
6864,2023-10-14 00:00:00.000,17.156646499999997,summer weekend,19.7
6865,2023-10-14 01:00:00.000,17.1996055,summer weekend,19.7
6866,2023-10-14 02:00:00.000,17.173603999999997,summer weekend,19.7
6867,2023-10-14 03:00:00.000,17.1182095,summer weekend,19.7
6868,2023-10-14 04:00:00.000,17.132906000000002,summer weekend,19.7
6869,2023-10-14 05:00:00.000,17.259521999999997,summer weekend,19.7
6870,2023-10-14 06:00:00.000,17.365789,summer weekend,19.7
6871,2023-10-14 07:00:00.000,18.5038455,summer weekend,19.7
6872,2023-10-14 08:00:00.000,19.94202,summer weekend,19.7
6873,2023-10-14 09:00:00.000,17.502996,summer weekend,19.7
6874,2023-10-14 10:00:00.000,17.3623975,summer weekend,19.7
6875,2023-10-14 11:00:00.000,17.261783,summer weekend,19.7
6876,2023-10-14 12:00:00.000,17.2448255,summer weekend,19.7
6877,2023-10-14 13:00:00.000,17.210910499999997,summer weekend,19.7
6878,2023-10-14 14:00:00.000,17.359005999999997,summer weekend,19.7
6879,2023-10-14 15:00:00.000,17.44302,summer weekend,19.7
6880,2023-10-14 16:00:00.000,25.763440500000005,summer weekend,27.0
6881,2023-10-14 17:00:00.000,32.099655000000006,summer weekend,31.66
6882,2023-10-14 18:00:00.000,33.6078015,summer weekend,31.66
6883,2023-10-14 19:00:00.000,29.4769545,summer weekend,31.66
6884,2023-10-14 20:00:00.000,28.073766000000003,summer weekend,27.0
6885,2023-10-14 21:00:00.000,26.68807050000001,summer weekend,27.0
6886,2023-10-14 22:00:00.000,23.248197000000005,summer weekend,19.7
6887,2023-10-14 23:00:00.000,19.2010665,summer weekend,19.7
6888,2023-10-15 00:00:00.000,18.237702,summer weekend,19.7
6889,2023-10-15 01:00:00.000,18.0915105,summer weekend,19.7
6890,2023-10-15 02:00:00.000,18.500097,summer weekend,19.7
6891,2023-10-15 03:00:00.000,18.082764,summer weekend,19.7
6892,2023-10-15 04:00:00.000,18.3214185,summer weekend,19.7
6893,2023-10-15 05:00:00.000,18.102756,summer weekend,19.7
6894,2023-10-15 06:00:00.000,20.034483,summer weekend,19.7
6895,2023-10-15 07:00:00.000,20.439321,summer weekend,19.7
6896,2023-10-15 08:00:00.000,21.229005,summer weekend,19.7
6897,2023-10-15 09:00:00.000,18.0015465,summer weekend,19.7
6898,2023-10-15 10:00:00.000,17.373047999999997,summer weekend,19.7
6899,2023-10-15 11:00:00.000,17.3578755,summer weekend,19.7
6900,2023-10-15 12:00:00.000,17.255,summer weekend,19.7
6901,2023-10-15 13:00:00.000,17.169082,summer weekend,19.7
6902,2023-10-15 14:00:00.000,17.342048499999997,summer weekend,19.7
6903,2023-10-15 15:00:00.000,17.497998,summer weekend,19.7
6904,2023-10-15 16:00:00.000,27.464010000000005,summer weekend,27.0
6905,2023-10-15 17:00:00.000,34.848555000000005,summer weekend,31.66
6906,2023-10-15 18:00:00.000,34.23380100000001,summer weekend,31.66
6907,2023-10-15 19:00:00.000,33.89393700000001,summer weekend,31.66
6908,2023-10-15 20:00:00.000,31.7410485,summer weekend,31.66
6909,2023-10-15 21:00:00.000,31.982202000000004,summer weekend,31.66
6910,2023-10-15 22:00:00.000,29.27328600000001,summer weekend,27.0
6911,2023-10-15 23:00:00.000,30.315369000000004,summer weekend,31.66
6912,2023-10-16 00:00:00.000,29.491948500000003,summer weekday,30.1
6913,2023-10-16 01:00:00.000,29.65938150000001,summer weekday,30.1
6914,2023-10-16 02:00:00.000,29.441968500000005,summer weekday,30.1
6915,2023-10-16 03:00:00.000,29.16707850000001,summer weekday,30.1
6916,2023-10-16 04:00:00.000,29.646886500000004,summer weekday,30.1
6917,2023-10-16 05:00:00.000,34.80607200000001,summer weekday,34.9
6918,2023-10-16 06:00:00.000,37.28133150000001,summer weekday,34.9
6919,2023-10-16 07:00:00.000,38.07476400000001,summer weekday,34.9
6920,2023-10-16 08:00:00.000,36.6715755,summer weekday,34.9
6921,2023-10-16 09:00:00.000,32.606952,summer weekday,34.9
6922,2023-10-16 10:00:00.000,31.964709000000003,summer weekday,30.1
6923,2023-10-16 11:00:00.000,31.586110500000007,summer weekday,30.1
6924,2023-10-16 12:00:00.000,30.6439875,summer weekday,30.1
6925,2023-10-16 13:00:00.000,31.048825500000007,summer weekday,30.1
6926,2023-10-16 14:00:00.000,31.955962500000005,summer weekday,30.1
6927,2023-10-16 15:00:00.000,34.731102,summer weekday,34.9
6928,2023-10-16 16:00:00.000,38.2134585,summer weekday,34.9
6929,2023-10-16 17:00:00.000,43.739997,summer weekday,34.9
6930,2023-10-16 18:00:00.000,47.35604999999999,summer weekday,34.9
6931,2023-10-16 19:00:00.000,37.352553,summer weekday,34.9
6932,2023-10-16 20:00:00.000,35.487049500000005,summer weekday,34.9
6933,2023-10-16 21:00:00.000,34.26129,summer weekday,34.9
6934,2023-10-16 22:00:00.000,32.26458900000001,summer weekday,30.1
6935,2023-10-16 23:00:00.000,33.309171,summer weekday,34.9
6936,2023-10-17 00:00:00.000,31.617348000000007,summer weekday,30.1
6937,2023-10-17 01:00:00.000,30.910131,summer weekday,30.1
6938,2023-10-17 02:00:00.000,30.550275000000003,summer weekday,30.1
6939,2023-10-17 03:00:00.000,31.1837715,summer weekday,30.1
6940,2023-10-17 04:00:00.000,32.606952,summer weekday,34.9
6941,2023-10-17 05:00:00.000,36.14178750000001,summer weekday,34.9
6942,2023-10-17 06:00:00.000,37.98480000000001,summer weekday,34.9
6943,2023-10-17 07:00:00.000,41.24349599999999,summer weekday,34.9
6944,2023-10-17 08:00:00.000,37.28508,summer weekday,34.9
6945,2023-10-17 09:00:00.000,34.23380100000001,summer weekday,34.9
6946,2023-10-17 10:00:00.000,31.57111650000001,summer weekday,30.1
6947,2023-10-17 11:00:00.000,30.976354500000006,summer weekday,30.1
6948,2023-10-17 12:00:00.000,29.873046,summer weekday,30.1
6949,2023-10-17 13:00:00.000,29.66313,summer weekday,30.1
6950,2023-10-17 14:00:00.000,30.8564025,summer weekday,30.1
6951,2023-10-17 15:00:00.000,33.414129,summer weekday,34.9
6952,2023-10-17 16:00:00.000,36.50039400000001,summer weekday,34.9
6953,2023-10-17 17:00:00.000,38.099754,summer weekday,34.9
6954,2023-10-17 18:00:00.000,37.91607750000001,summer weekday,34.9
6955,2023-10-17 19:00:00.000,33.6078015,summer weekday,34.9
6956,2023-10-17 20:00:00.000,33.973905,summer weekday,34.9
6957,2023-10-17 21:00:00.000,33.1154985,summer weekday,34.9
6958,2023-10-17 22:00:00.000,30.415329000000003,summer weekday,30.1
6959,2023-10-17 23:00:00.000,28.561071000000005,summer weekday,30.1
6960,2023-10-18 00:00:00.000,28.496097,summer weekday,30.1
6961,2023-10-18 01:00:00.000,28.408632000000004,summer weekday,30.1
6962,2023-10-18 02:00:00.000,28.548576000000004,summer weekday,30.1
6963,2023-10-18 03:00:00.000,28.862200500000007,summer weekday,30.1
6964,2023-10-18 04:00:00.000,29.558172000000003,summer weekday,30.1
6965,2023-10-18 05:00:00.000,34.11135,summer weekday,34.9
6966,2023-10-18 06:00:00.000,38.2234545,summer weekday,34.9
6967,2023-10-18 07:00:00.000,37.252593,summer weekday,34.9
6968,2023-10-18 08:00:00.000,32.788129500000004,summer weekday,34.9
6969,2023-10-18 09:00:00.000,28.616049000000004,summer weekday,30.1
6970,2023-10-18 10:00:00.000,26.979204000000006,summer weekday,25.44
6971,2023-10-18 11:00:00.000,26.12579550000001,summer weekday,25.44
6972,2023-10-18 12:00:00.000,25.364850000000004,summer weekday,25.44
6973,2023-10-18 13:00:00.000,26.313220500000003,summer weekday,25.44
6974,2023-10-18 14:00:00.000,28.622296500000004,summer weekday,30.1
6975,2023-10-18 15:00:00.000,31.757292000000003,summer weekday,30.1
6976,2023-10-18 16:00:00.000,33.74649600000001,summer weekday,34.9
6977,2023-10-18 17:00:00.000,31.18002300000001,summer weekday,30.1
6978,2023-10-18 18:00:00.000,30.72520500000001,summer weekday,30.1
6979,2023-10-18 19:00:00.000,29.464459500000004,summer weekday,30.1
6980,2023-10-18 20:00:00.000,28.149985500000007,summer weekday,30.1
6981,2023-10-18 21:00:00.000,26.892988500000005,summer weekday,25.44
6982,2023-10-18 22:00:00.000,23.300676000000003,summer weekday,25.44
6983,2023-10-18 23:00:00.000,20.6030055,summer weekday,25.44
6984,2023-10-19 00:00:00.000,19.2985275,summer weekday,25.44
6985,2023-10-19 01:00:00.000,18.630045,summer weekday,25.44
6986,2023-10-19 02:00:00.000,18.3863925,summer weekday,25.44
6987,2023-10-19 03:00:00.000,19.4934495,summer weekday,25.44
6988,2023-10-19 04:00:00.000,22.725906,summer weekday,25.44
6989,2023-10-19 05:00:00.000,28.372396500000004,summer weekday,30.1
6990,2023-10-19 06:00:00.000,30.835161000000006,summer weekday,30.1
6991,2023-10-19 07:00:00.000,32.875594500000005,summer weekday,34.9
6992,2023-10-19 08:00:00.000,33.2367,summer weekday,34.9
6993,2023-10-19 09:00:00.000,32.7056625,summer weekday,34.9
6994,2023-10-19 10:00:00.000,32.941818000000005,summer weekday,34.9
6995,2023-10-19 11:00:00.000,32.96805750000001,summer weekday,34.9
6996,2023-10-19 12:00:00.000,32.375794500000005,summer weekday,30.1
6997,2023-10-19 13:00:00.000,32.309571000000005,summer weekday,30.1
6998,2023-10-19 14:00:00.000,32.814369,summer weekday,34.9
6999,2023-10-19 15:00:00.000,33.991398000000004,summer weekday,34.9
7000,2023-10-19 16:00:00.000,34.573665000000005,summer weekday,34.9
7001,2023-10-19 17:00:00.000,34.7198565,summer weekday,34.9
7002,2023-10-19 18:00:00.000,34.6198965,summer weekday,34.9
7003,2023-10-19 19:00:00.000,31.96096050000001,summer weekday,30.1
7004,2023-10-19 20:00:00.000,29.207062500000006,summer weekday,30.1
7005,2023-10-19 21:00:00.000,29.488200000000003,summer weekday,30.1
7006,2023-10-19 22:00:00.000,27.813870000000005,summer weekday,30.1
7007,2023-10-19 23:00:00.000,27.062920500000008,summer weekday,25.44
7008,2023-10-20 00:00:00.000,25.326115500000004,summer weekday,25.44
7009,2023-10-20 01:00:00.000,23.765490000000003,summer weekday,25.44
7010,2023-10-20 02:00:00.000,21.7750365,summer weekday,25.44
7011,2023-10-20 03:00:00.000,20.2481475,summer weekday,25.44
7012,2023-10-20 04:00:00.000,22.58471250000001,summer weekday,25.44
7013,2023-10-20 05:00:00.000,26.950465500000004,summer weekday,25.44
7014,2023-10-20 06:00:00.000,30.877644000000004,summer weekday,30.1
7015,2023-10-20 07:00:00.000,32.292078000000004,summer weekday,30.1
7016,2023-10-20 08:00:00.000,32.956812000000006,summer weekday,34.9
7017,2023-10-20 09:00:00.000,31.764789000000004,summer weekday,30.1
7018,2023-10-20 10:00:00.000,31.00759200000001,summer weekday,30.1
7019,2023-10-20 11:00:00.000,29.9567625,summer weekday,30.1
7020,2023-10-20 12:00:00.000,29.083362000000005,summer weekday,30.1
7021,2023-10-20 13:00:00.000,28.964659500000003,summer weekday,30.1
7022,2023-10-20 14:00:00.000,29.277034500000003,summer weekday,30.1
7023,2023-10-20 15:00:00.000,29.741848500000003,summer weekday,30.1
7024,2023-10-20 16:00:00.000,30.925125000000005,summer weekday,30.1
7025,2023-10-20 17:00:00.000,32.05467300000001,summer weekday,30.1
7026,2023-10-20 18:00:00.000,32.39828550000001,summer weekday,30.1
7027,2023-10-20 19:00:00.000,30.105453000000004,summer weekday,30.1
7028,2023-10-20 20:00:00.000,27.721407000000003,summer weekday,25.44
7029,2023-10-20 21:00:00.000,27.177874500000005,summer weekday,25.44
7030,2023-10-20 22:00:00.000,24.420228000000005,summer weekday,25.44
7031,2023-10-20 23:00:00.000,24.002895,summer weekday,25.44
7032,2023-10-21 00:00:00.000,22.0249365,summer weekend,19.7
7033,2023-10-21 01:00:00.000,22.333563000000005,summer weekend,19.7
7034,2023-10-21 02:00:00.000,21.6101025,summer weekend,19.7
7035,2023-10-21 03:00:00.000,22.0099425,summer weekend,19.7
7036,2023-10-21 04:00:00.000,21.758793,summer weekend,19.7
7037,2023-10-21 05:00:00.000,22.828365000000005,summer weekend,19.7
7038,2023-10-21 06:00:00.000,25.6984665,summer weekend,27.0
7039,2023-10-21 07:00:00.000,26.733052500000007,summer weekend,27.0
7040,2023-10-21 08:00:00.000,24.703864500000005,summer weekend,27.0
7041,2023-10-21 09:00:00.000,22.969558500000005,summer weekend,19.7
7042,2023-10-21 10:00:00.000,21.253995,summer weekend,19.7
7043,2023-10-21 11:00:00.000,19.96701,summer weekend,19.7
7044,2023-10-21 12:00:00.000,18.61755,summer weekend,19.7
7045,2023-10-21 13:00:00.000,19.0186395,summer weekend,19.7
7046,2023-10-21 14:00:00.000,20.8703985,summer weekend,19.7
7047,2023-10-21 15:00:00.000,27.907582500000004,summer weekend,27.0
7048,2023-10-21 16:00:00.000,31.708561500000005,summer weekend,31.66
7049,2023-10-21 17:00:00.000,33.41163,summer weekend,31.66
7050,2023-10-21 18:00:00.000,31.702314,summer weekend,31.66
7051,2023-10-21 19:00:00.000,28.639789500000006,summer weekend,27.0
7052,2023-10-21 20:00:00.000,24.03913050000001,summer weekend,27.0
7053,2023-10-21 21:00:00.000,23.531833500000005,summer weekend,27.0
7054,2023-10-21 22:00:00.000,22.384792500000003,summer weekend,19.7
7055,2023-10-21 23:00:00.000,22.2873315,summer weekend,19.7
7056,2023-10-22 00:00:00.000,21.161532,summer weekend,19.7
7057,2023-10-22 01:00:00.000,19.6933695,summer weekend,19.7
7058,2023-10-22 02:00:00.000,19.3210185,summer weekend,19.7
7059,2023-10-22 03:00:00.000,19.6608825,summer weekend,19.7
7060,2023-10-22 04:00:00.000,21.656334,summer weekend,19.7
7061,2023-10-22 05:00:00.000,21.149037,summer weekend,19.7
7062,2023-10-22 06:00:00.000,24.64014,summer weekend,27.0
7063,2023-10-22 07:00:00.000,24.177825,summer weekend,27.0
7064,2023-10-22 08:00:00.000,25.218658500000004,summer weekend,27.0
7065,2023-10-22 09:00:00.000,23.812971,summer weekend,27.0
7066,2023-10-22 10:00:00.000,23.43937050000001,summer weekend,27.0
7067,2023-10-22 11:00:00.000,22.989550500000004,summer weekend,19.7
7068,2023-10-22 12:00:00.000,21.0153405,summer weekend,19.7
7069,2023-10-22 13:00:00.000,21.348957,summer weekend,19.7
7070,2023-10-22 14:00:00.000,23.776735500000004,summer weekend,27.0
7071,2023-10-22 15:00:00.000,27.029184,summer weekend,27.0
7072,2023-10-22 16:00:00.000,33.090508500000006,summer weekend,31.66
7073,2023-10-22 17:00:00.000,34.272535500000004,summer weekend,31.66
7074,2023-10-22 18:00:00.000,34.73859900000001,summer weekend,31.66
7075,2023-10-22 19:00:00.000,33.1179975,summer weekend,31.66
7076,2023-10-22 20:00:00.000,31.421176500000005,summer weekend,31.66
7077,2023-10-22 21:00:00.000,30.135441000000004,summer weekend,31.66
7078,2023-10-22 22:00:00.000,29.445717000000005,summer weekend,31.66
7079,2023-10-22 23:00:00.000,29.795577,summer weekend,31.66
7080,2023-10-23 00:00:00.000,29.87054700000001,summer weekday,30.1
7081,2023-10-23 01:00:00.000,30.022986000000007,summer weekday,30.1
7082,2023-10-23 02:00:00.000,29.876794500000003,summer weekday,30.1
7083,2023-10-23 03:00:00.000,29.704363500000007,summer weekday,30.1
7084,2023-10-23 04:00:00.000,30.539029500000005,summer weekday,30.1
7085,2023-10-23 05:00:00.000,35.22340500000001,summer weekday,34.9
7086,2023-10-23 06:00:00.000,39.546675,summer weekday,34.9
7087,2023-10-23 07:00:00.000,42.15688049999999,summer weekday,34.9
7088,2023-10-23 08:00:00.000,36.3167175,summer weekday,34.9
7089,2023-10-23 09:00:00.000,33.3703965,summer weekday,34.9
7090,2023-10-23 10:00:00.000,30.991348500000008,summer weekday,30.1
7091,2023-10-23 11:00:00.000,30.14543700000001,summer weekday,30.1
7092,2023-10-23 12:00:00.000,30.265389000000003,summer weekday,30.1
7093,2023-10-23 13:00:00.000,30.7377,summer weekday,30.1
7094,2023-10-23 14:00:00.000,33.451614000000006,summer weekday,34.9
7095,2023-10-23 15:00:00.000,34.6948665,summer weekday,34.9
7096,2023-10-23 16:00:00.000,36.7315515,summer weekday,34.9
7097,2023-10-23 17:00:00.000,38.00854050000001,summer weekday,34.9
7098,2023-10-23 18:00:00.000,36.84775500000001,summer weekday,34.9
7099,2023-10-23 19:00:00.000,33.2779335,summer weekday,34.9
7100,2023-10-23 20:00:00.000,30.365349,summer weekday,30.1
7101,2023-10-23 21:00:00.000,30.8564025,summer weekday,30.1
7102,2023-10-23 22:00:00.000,28.958412000000006,summer weekday,30.1
7103,2023-10-23 23:00:00.000,30.029233500000004,summer weekday,30.1
7104,2023-10-24 00:00:00.000,29.514439500000005,summer weekday,30.1
7105,2023-10-24 01:00:00.000,29.180823000000007,summer weekday,30.1
7106,2023-10-24 02:00:00.000,28.546077000000007,summer weekday,30.1
7107,2023-10-24 03:00:00.000,28.6472865,summer weekday,30.1
7108,2023-10-24 04:00:00.000,29.213310000000003,summer weekday,30.1
7109,2023-10-24 05:00:00.000,30.069217500000004,summer weekday,30.1
7110,2023-10-24 06:00:00.000,32.377044000000005,summer weekday,30.1
7111,2023-10-24 07:00:00.000,33.701514,summer weekday,34.9
7112,2023-10-24 08:00:00.000,34.4049825,summer weekday,34.9
7113,2023-10-24 09:00:00.000,33.4078815,summer weekday,34.9
7114,2023-10-24 10:00:00.000,32.9868,summer weekday,34.9
7115,2023-10-24 11:00:00.000,32.235850500000005,summer weekday,30.1
7116,2023-10-24 12:00:00.000,31.42992300000001,summer weekday,30.1
7117,2023-10-24 13:00:00.000,31.78728000000001,summer weekday,30.1
7118,2023-10-24 14:00:00.000,33.88269150000001,summer weekday,34.9
7119,2023-10-24 15:00:00.000,33.506592000000005,summer weekday,34.9
7120,2023-10-24 16:00:00.000,34.861050000000006,summer weekday,34.9
7121,2023-10-24 17:00:00.000,36.0943065,summer weekday,34.9
7122,2023-10-24 18:00:00.000,36.619096500000005,summer weekday,34.9
7123,2023-10-24 19:00:00.000,34.0426275,summer weekday,34.9
7124,2023-10-24 20:00:00.000,32.27583450000001,summer weekday,30.1
7125,2023-10-24 21:00:00.000,31.624845000000004,summer weekday,30.1
7126,2023-10-24 22:00:00.000,30.210411000000008,summer weekday,30.1
7127,2023-10-24 23:00:00.000,29.746846500000004,summer weekday,30.1
7128,2023-10-25 00:00:00.000,29.183322000000004,summer weekday,30.1
7129,2023-10-25 01:00:00.000,28.542328500000007,summer weekday,30.1
7130,2023-10-25 02:00:00.000,28.121247000000007,summer weekday,30.1
7131,2023-10-25 03:00:00.000,28.681023000000003,summer weekday,30.1
7132,2023-10-25 04:00:00.000,29.48695050000001,summer weekday,30.1
7133,2023-10-25 05:00:00.000,33.049275,summer weekday,34.9
7134,2023-10-25 06:00:00.000,36.130542000000005,summer weekday,34.9
7135,2023-10-25 07:00:00.000,36.46915650000001,summer weekday,34.9
7136,2023-10-25 08:00:00.000,34.922275500000005,summer weekday,34.9
7137,2023-10-25 09:00:00.000,33.61404900000001,summer weekday,34.9
7138,2023-10-25 10:00:00.000,32.9855505,summer weekday,34.9
7139,2023-10-25 11:00:00.000,32.034681,summer weekday,30.1
7140,2023-10-25 12:00:00.000,31.814769000000005,summer weekday,30.1
7141,2023-10-25 13:00:00.000,32.9205765,summer weekday,34.9
7142,2023-10-25 14:00:00.000,34.627393500000004,summer weekday,34.9
7143,2023-10-25 15:00:00.000,35.79942450000001,summer weekday,34.9
7144,2023-10-25 16:00:00.000,36.5766135,summer weekday,34.9
7145,2023-10-25 17:00:00.000,36.687819000000005,summer weekday,34.9
7146,2023-10-25 18:00:00.000,37.0739145,summer weekday,34.9
7147,2023-10-25 19:00:00.000,34.49619600000001,summer weekday,34.9
7148,2023-10-25 20:00:00.000,32.805622500000005,summer weekday,34.9
7149,2023-10-25 21:00:00.000,32.369547000000004,summer weekday,30.1
7150,2023-10-25 22:00:00.000,31.46241,summer weekday,30.1
7151,2023-10-25 23:00:00.000,28.548576000000004,summer weekday,30.1
7152,2023-10-26 00:00:00.000,28.6023045,summer weekday,30.1
7153,2023-10-26 01:00:00.000,28.299925500000004,summer weekday,30.1
7154,2023-10-26 02:00:00.000,28.24369800000001,summer weekday,30.1
7155,2023-10-26 03:00:00.000,28.603554000000003,summer weekday,30.1
7156,2023-10-26 04:00:00.000,29.86305,summer weekday,30.1
7157,2023-10-26 05:00:00.000,31.997196,summer weekday,30.1
7158,2023-10-26 06:00:00.000,34.068867000000004,summer weekday,34.9
7159,2023-10-26 07:00:00.000,35.342107500000004,summer weekday,34.9
7160,2023-10-26 08:00:00.000,35.985600000000005,summer weekday,34.9
7161,2023-10-26 09:00:00.000,35.6569815,summer weekday,34.9
7162,2023-10-26 10:00:00.000,34.861050000000006,summer weekday,34.9
7163,2023-10-26 11:00:00.000,33.7502445,summer weekday,34.9
7164,2023-10-26 12:00:00.000,32.373295500000005,summer weekday,30.1
7165,2023-10-26 13:00:00.000,32.31207,summer weekday,30.1
7166,2023-10-26 14:00:00.000,32.363299500000004,summer weekday,30.1
7167,2023-10-26 15:00:00.000,33.753993,summer weekday,34.9
7168,2023-10-26 16:00:00.000,35.22465450000001,summer weekday,34.9
7169,2023-10-26 17:00:00.000,36.2292525,summer weekday,34.9
7170,2023-10-26 18:00:00.000,36.23425050000001,summer weekday,34.9
7171,2023-10-26 19:00:00.000,33.701514,summer weekday,34.9
7172,2023-10-26 20:00:00.000,32.244597,summer weekday,30.1
7173,2023-10-26 21:00:00.000,31.994697,summer weekday,30.1
7174,2023-10-26 22:00:00.000,30.4690575,summer weekday,30.1
7175,2023-10-26 23:00:00.000,30.432822,summer weekday,30.1
7176,2023-10-27 00:00:00.000,29.529433500000003,summer weekday,30.1
7177,2023-10-27 01:00:00.000,29.252044500000004,summer weekday,30.1
7178,2023-10-27 02:00:00.000,29.2383,summer weekday,30.1
7179,2023-10-27 03:00:00.000,29.756842500000005,summer weekday,30.1
7180,2023-10-27 04:00:00.000,30.435321000000005,summer weekday,30.1
7181,2023-10-27 05:00:00.000,32.68816950000001,summer weekday,34.9
7182,2023-10-27 06:00:00.000,35.270886000000004,summer weekday,34.9
7183,2023-10-27 07:00:00.000,36.67907250000001,summer weekday,34.9
7184,2023-10-27 08:00:00.000,36.44791500000001,summer weekday,34.9
7185,2023-10-27 09:00:00.000,35.50954050000001,summer weekday,34.9
7186,2023-10-27 10:00:00.000,34.6473855,summer weekday,34.9
7187,2023-10-27 11:00:00.000,32.660680500000005,summer weekday,34.9
7188,2023-10-27 12:00:00.000,31.087560000000007,summer weekday,30.1
7189,2023-10-27 13:00:00.000,30.059221500000003,summer weekday,30.1
7190,2023-10-27 14:00:00.000,30.822666000000005,summer weekday,30.1
7191,2023-10-27 15:00:00.000,33.162979500000006,summer weekday,34.9
7192,2023-10-27 16:00:00.000,33.406632,summer weekday,34.9
7193,2023-10-27 17:00:00.000,34.838559000000004,summer weekday,34.9
7194,2023-10-27 18:00:00.000,34.928523000000006,summer weekday,34.9
7195,2023-10-27 19:00:00.000,32.4732555,summer weekday,30.1
7196,2023-10-27 20:00:00.000,29.869297500000005,summer weekday,30.1
7197,2023-10-27 21:00:00.000,29.468208000000008,summer weekday,30.1
7198,2023-10-27 22:00:00.000,29.075865000000004,summer weekday,30.1
7199,2023-10-27 23:00:00.000,27.938820000000003,summer weekday,30.1
7200,2023-10-28 00:00:00.000,25.940869500000005,summer weekend,27.0
7201,2023-10-28 01:00:00.000,25.438570500000004,summer weekend,27.0
7202,2023-10-28 02:00:00.000,24.240300000000005,summer weekend,27.0
7203,2023-10-28 03:00:00.000,24.928774500000003,summer weekend,27.0
7204,2023-10-28 04:00:00.000,25.990849500000007,summer weekend,27.0
7205,2023-10-28 05:00:00.000,25.673476500000007,summer weekend,27.0
7206,2023-10-28 06:00:00.000,27.351555000000005,summer weekend,27.0
7207,2023-10-28 07:00:00.000,28.6997655,summer weekend,27.0
7208,2023-10-28 08:00:00.000,28.551075,summer weekend,27.0
7209,2023-10-28 09:00:00.000,28.239949500000005,summer weekend,27.0
7210,2023-10-28 10:00:00.000,26.0883105,summer weekend,27.0
7211,2023-10-28 11:00:00.000,26.097057000000007,summer weekend,27.0
7212,2023-10-28 12:00:00.000,25.852155000000007,summer weekend,27.0
7213,2023-10-28 13:00:00.000,26.603104500000004,summer weekend,27.0
7214,2023-10-28 14:00:00.000,28.238700000000005,summer weekend,27.0
7215,2023-10-28 15:00:00.000,31.364949000000006,summer weekend,31.66
7216,2023-10-28 16:00:00.000,34.83606,summer weekend,31.66
7217,2023-10-28 17:00:00.000,35.980602000000005,summer weekend,31.66
7218,2023-10-28 18:00:00.000,32.2158585,summer weekend,31.66
7219,2023-10-28 19:00:00.000,28.6572825,summer weekend,27.0
7220,2023-10-28 20:00:00.000,27.802624500000007,summer weekend,27.0
7221,2023-10-28 21:00:00.000,26.79927600000001,summer weekend,27.0
7222,2023-10-28 22:00:00.000,23.300676000000003,summer weekend,19.7
7223,2023-10-28 23:00:00.000,19.1235975,summer weekend,19.7
7224,2023-10-29 00:00:00.000,17.488001999999998,summer weekend,19.7
7225,2023-10-29 01:00:00.000,17.369299499999997,summer weekend,19.7
7226,2023-10-29 02:00:00.000,17.370549,summer weekend,19.7
7227,2023-10-29 03:00:00.000,17.340918,summer weekend,19.7
7228,2023-10-29 04:00:00.000,17.336396,summer weekend,19.7
7229,2023-10-29 05:00:00.000,17.3239605,summer weekend,19.7
7230,2023-10-29 06:00:00.000,17.327352,summer weekend,19.7
7231,2023-10-29 07:00:00.000,17.360136499999996,summer weekend,19.7
7232,2023-10-29 08:00:00.000,17.369299499999997,summer weekend,19.7
7233,2023-10-29 09:00:00.000,17.368049999999997,summer weekend,19.7
7234,2023-10-29 10:00:00.000,17.3443095,summer weekend,19.7
7235,2023-10-29 11:00:00.000,17.359005999999997,summer weekend,19.7
7236,2023-10-29 12:00:00.000,17.3646585,summer weekend,19.7
7237,2023-10-29 13:00:00.000,17.4442695,summer weekend,19.7
7238,2023-10-29 14:00:00.000,18.6212985,summer weekend,19.7
7239,2023-10-29 15:00:00.000,22.3697985,summer weekend,19.7
7240,2023-10-29 16:00:00.000,26.979204000000006,summer weekend,27.0
7241,2023-10-29 17:00:00.000,27.851355000000005,summer weekend,27.0
7242,2023-10-29 18:00:00.000,26.986701000000004,summer weekend,27.0
7243,2023-10-29 19:00:00.000,25.7859315,summer weekend,27.0
7244,2023-10-29 20:00:00.000,25.134942,summer weekend,27.0
7245,2023-10-29 21:00:00.000,24.117849000000003,summer weekend,27.0
7246,2023-10-29 22:00:00.000,23.857953,summer weekend,27.0
7247,2023-10-29 23:00:00.000,22.167379500000003,summer weekend,19.7
7248,2023-10-30 00:00:00.000,18.36765,summer weekday,25.44
7249,2023-10-30 01:00:00.000,18.3888915,summer weekday,25.44
7250,2023-10-30 02:00:00.000,18.412632,summer weekday,25.44
7251,2023-10-30 03:00:00.000,18.620049,summer weekday,25.44
7252,2023-10-30 04:00:00.000,19.214811,summer weekday,25.44
7253,2023-10-30 05:00:00.000,20.511792,summer weekday,25.44
7254,2023-10-30 06:00:00.000,27.400285500000003,summer weekday,25.44
7255,2023-10-30 07:00:00.000,30.601504500000004,summer weekday,30.1
7256,2023-10-30 08:00:00.000,31.237500000000004,summer weekday,30.1
7257,2023-10-30 09:00:00.000,30.237900000000007,summer weekday,30.1
7258,2023-10-30 10:00:00.000,28.613550000000004,summer weekday,30.1
7259,2023-10-30 11:00:00.000,29.384491500000003,summer weekday,30.1
7260,2023-10-30 12:00:00.000,30.180423000000005,summer weekday,30.1
7261,2023-10-30 13:00:00.000,31.689819,summer weekday,30.1
7262,2023-10-30 14:00:00.000,32.859351000000004,summer weekday,34.9
7263,2023-10-30 15:00:00.000,34.7923275,summer weekday,34.9
7264,2023-10-30 16:00:00.000,35.477053500000004,summer weekday,34.9
7265,2023-10-30 17:00:00.000,38.089758,summer weekday,34.9
7266,2023-10-30 18:00:00.000,38.7345,summer weekday,34.9
7267,2023-10-30 19:00:00.000,36.247995,summer weekday,34.9
7268,2023-10-30 20:00:00.000,33.489099,summer weekday,34.9
7269,2023-10-30 21:00:00.000,32.020936500000005,summer weekday,30.1
7270,2023-10-30 22:00:00.000,31.519887000000004,summer weekday,30.1
7271,2023-10-30 23:00:00.000,29.288280000000004,summer weekday,30.1
7272,2023-10-31 00:00:00.000,28.119997500000007,summer weekday,30.1
7273,2023-10-31 01:00:00.000,27.264090000000003,summer weekday,25.44
7274,2023-10-31 02:00:00.000,26.359452000000005,summer weekday,25.44
7275,2023-10-31 03:00:00.000,25.464810000000003,summer weekday,25.44
7276,2023-10-31 04:00:00.000,25.111201500000004,summer weekday,25.44
7277,2023-10-31 05:00:00.000,26.085811500000005,summer weekday,25.44
7278,2023-10-31 06:00:00.000,28.42362600000001,summer weekday,30.1
7279,2023-10-31 07:00:00.000,30.786430500000005,summer weekday,30.1
7280,2023-10-31 08:00:00.000,30.865149,summer weekday,30.1
7281,2023-10-31 09:00:00.000,29.925525000000004,summer weekday,30.1
7282,2023-10-31 10:00:00.000,28.9884,summer weekday,30.1
7283,2023-10-31 11:00:00.000,30.106702500000008,summer weekday,30.1
7284,2023-10-31 12:00:00.000,30.0492255,summer weekday,30.1
7285,2023-10-31 13:00:00.000,29.5844115,summer weekday,30.1
7286,2023-10-31 14:00:00.000,30.484051500000003,summer weekday,30.1
7287,2023-10-31 15:00:00.000,32.05092450000001,summer weekday,30.1
7288,2023-10-31 16:00:00.000,34.25004450000001,summer weekday,34.9
7289,2023-10-31 17:00:00.000,37.5862095,summer weekday,34.9
7290,2023-10-31 18:00:00.000,38.864448,summer weekday,34.9
7291,2023-10-31 19:00:00.000,36.475404000000005,summer weekday,34.9
7292,2023-10-31 20:00:00.000,33.096756000000006,summer weekday,34.9
7293,2023-10-31 21:00:00.000,31.85225400000001,summer weekday,30.1
7294,2023-10-31 22:00:00.000,30.47780400000001,summer weekday,30.1
7295,2023-10-31 23:00:00.000,29.284531500000007,summer weekday,30.1
7296,2023-11-01 00:00:00.000,25.536031500000004,winter weekend,27.53
7297,2023-11-01 01:00:00.000,25.56227100000001,winter weekend,27.53
7298,2023-11-01 02:00:00.000,24.963760500000003,winter weekend,27.53
7299,2023-11-01 03:00:00.000,24.957513,winter weekend,27.53
7300,2023-11-01 04:00:00.000,24.732603,winter weekend,27.53
7301,2023-11-01 05:00:00.000,25.61974800000001,winter weekend,27.53
7302,2023-11-01 06:00:00.000,27.235351500000007,winter weekend,27.53
7303,2023-11-01 07:00:00.000,28.058772000000005,winter weekend,27.53
7304,2023-11-01 08:00:00.000,28.334911500000004,winter weekend,27.53
7305,2023-11-01 09:00:00.000,26.01833850000001,winter weekend,27.53
7306,2023-11-01 10:00:00.000,24.7401,winter weekend,27.53
7307,2023-11-01 11:00:00.000,23.79048000000001,winter weekend,27.53
7308,2023-11-01 12:00:00.000,23.320668000000005,winter weekend,19.94
7309,2023-11-01 13:00:00.000,23.864200500000003,winter weekend,27.53
7310,2023-11-01 14:00:00.000,25.373596500000005,winter weekend,27.53
7311,2023-11-01 15:00:00.000,27.445267500000007,winter weekend,27.53
7312,2023-11-01 16:00:00.000,27.235351500000007,winter weekend,27.53
7313,2023-11-01 17:00:00.000,27.982552500000008,winter weekend,27.53
7314,2023-11-01 18:00:00.000,27.301575000000007,winter weekend,27.53
7315,2023-11-01 19:00:00.000,25.6859715,winter weekend,27.53
7316,2023-11-01 20:00:00.000,24.009142500000003,winter weekend,27.53
7317,2023-11-01 21:00:00.000,22.3048245,winter weekend,19.94
7318,2023-11-01 22:00:00.000,21.637591500000003,winter weekend,19.94
7319,2023-11-01 23:00:00.000,19.712112,winter weekend,19.94
7320,2023-11-02 00:00:00.000,20.04198,winter weekday,26.43
7321,2023-11-02 01:00:00.000,19.4884515,winter weekday,26.43
7322,2023-11-02 02:00:00.000,19.289781,winter weekday,26.43
7323,2023-11-02 03:00:00.000,19.0436295,winter weekday,26.43
7324,2023-11-02 04:00:00.000,19.1785755,winter weekday,26.43
7325,2023-11-02 05:00:00.000,20.181924,winter weekday,26.43
7326,2023-11-02 06:00:00.000,26.060821500000003,winter weekday,26.43
7327,2023-11-02 07:00:00.000,26.740549500000004,winter weekday,26.43
7328,2023-11-02 08:00:00.000,27.154134000000003,winter weekday,26.43
7329,2023-11-02 09:00:00.000,26.009592,winter weekday,26.43
7330,2023-11-02 10:00:00.000,24.875046000000005,winter weekday,26.43
7331,2023-11-02 11:00:00.000,25.043728500000004,winter weekday,26.43
7332,2023-11-02 12:00:00.000,24.915030000000005,winter weekday,26.43
7333,2023-11-02 13:00:00.000,24.785082000000003,winter weekday,26.43
7334,2023-11-02 14:00:00.000,26.05207500000001,winter weekday,26.43
7335,2023-11-02 15:00:00.000,26.874246000000003,winter weekday,26.43
7336,2023-11-02 16:00:00.000,27.2928285,winter weekday,26.43
7337,2023-11-02 17:00:00.000,28.271187000000005,winter weekday,26.43
7338,2023-11-02 18:00:00.000,29.606902500000004,winter weekday,30.5
7339,2023-11-02 19:00:00.000,29.093358,winter weekday,30.5
7340,2023-11-02 20:00:00.000,28.333662000000007,winter weekday,26.43
7341,2023-11-02 21:00:00.000,26.858002500000005,winter weekday,26.43
7342,2023-11-02 22:00:00.000,26.398186500000005,winter weekday,26.43
7343,2023-11-02 23:00:00.000,24.495198,winter weekday,26.43
7344,2023-11-03 00:00:00.000,19.2635415,winter weekday,26.43
7345,2023-11-03 01:00:00.000,18.8012265,winter weekday,26.43
7346,2023-11-03 02:00:00.000,18.61755,winter weekday,26.43
7347,2023-11-03 03:00:00.000,18.0840135,winter weekday,26.43
7348,2023-11-03 04:00:00.000,18.5838135,winter weekday,26.43
7349,2023-11-03 05:00:00.000,20.31687,winter weekday,26.43
7350,2023-11-03 06:00:00.000,25.062471,winter weekday,26.43
7351,2023-11-03 07:00:00.000,28.588560000000005,winter weekday,30.5
7352,2023-11-03 08:00:00.000,29.240799000000003,winter weekday,30.5
7353,2023-11-03 09:00:00.000,28.56232050000001,winter weekday,30.5
7354,2023-11-03 10:00:00.000,27.712660500000005,winter weekday,26.43
7355,2023-11-03 11:00:00.000,26.284482000000004,winter weekday,26.43
7356,2023-11-03 12:00:00.000,25.073716500000003,winter weekday,26.43
7357,2023-11-03 13:00:00.000,24.953764500000005,winter weekday,26.43
7358,2023-11-03 14:00:00.000,25.454814,winter weekday,26.43
7359,2023-11-03 15:00:00.000,25.992099000000007,winter weekday,26.43
7360,2023-11-03 16:00:00.000,27.60770250000001,winter weekday,26.43
7361,2023-11-03 17:00:00.000,28.363650000000003,winter weekday,26.43
7362,2023-11-03 18:00:00.000,28.519837500000005,winter weekday,30.5
7363,2023-11-03 19:00:00.000,28.392388500000003,winter weekday,26.43
7364,2023-11-03 20:00:00.000,25.9983465,winter weekday,26.43
7365,2023-11-03 21:00:00.000,24.006643500000006,winter weekday,26.43
7366,2023-11-03 22:00:00.000,23.057023500000003,winter weekday,26.43
7367,2023-11-03 23:00:00.000,19.9457685,winter weekday,26.43
7368,2023-11-04 00:00:00.000,23.08076400000001,winter weekend,19.94
7369,2023-11-04 01:00:00.000,21.373947,winter weekend,19.94
7370,2023-11-04 02:00:00.000,21.11655,winter weekend,19.94
7371,2023-11-04 03:00:00.000,20.1181995,winter weekend,19.94
7372,2023-11-04 04:00:00.000,19.7658405,winter weekend,19.94
7373,2023-11-04 05:00:00.000,19.29228,winter weekend,19.94
7374,2023-11-04 06:00:00.000,19.3834935,winter weekend,19.94
7375,2023-11-04 07:00:00.000,20.501796,winter weekend,19.94
7376,2023-11-04 08:00:00.000,20.5980075,winter weekend,19.94
7377,2023-11-04 09:00:00.000,19.86705,winter weekend,19.94
7378,2023-11-04 10:00:00.000,19.1111025,winter weekend,19.94
7379,2023-11-04 11:00:00.000,19.26729,winter weekend,19.94
7380,2023-11-04 12:00:00.000,19.86705,winter weekend,19.94
7381,2023-11-04 13:00:00.000,20.009493,winter weekend,19.94
7382,2023-11-04 14:00:00.000,21.2152605,winter weekend,19.94
7383,2023-11-04 15:00:00.000,22.702165500000003,winter weekend,19.94
7384,2023-11-04 16:00:00.000,22.366050000000005,winter weekend,19.94
7385,2023-11-04 17:00:00.000,23.460612000000005,winter weekend,19.94
7386,2023-11-04 18:00:00.000,22.366050000000005,winter weekend,19.94
7387,2023-11-04 19:00:00.000,21.0678195,winter weekend,19.94
7388,2023-11-04 20:00:00.000,18.969909,winter weekend,19.94
7389,2023-11-04 21:00:00.000,18.66753,winter weekend,19.94
7390,2023-11-04 22:00:00.000,18.8337135,winter weekend,19.94
7391,2023-11-04 23:00:00.000,18.2489475,winter weekend,19.94
7392,2023-11-05 00:00:00.000,18.4563645,winter weekend,19.94
7393,2023-11-05 01:00:00.000,18.1914705,winter weekend,19.94
7394,2023-11-05 02:00:00.000,18.015291,winter weekend,19.94
7395,2023-11-05 03:00:00.000,17.740401000000002,winter weekend,19.94
7396,2023-11-05 04:00:00.000,17.897837999999997,winter weekend,19.94
7397,2023-11-05 05:00:00.000,18.3664005,winter weekend,19.94
7398,2023-11-05 06:00:00.000,18.2789355,winter weekend,19.94
7399,2023-11-05 07:00:00.000,18.7787355,winter weekend,19.94
7400,2023-11-05 08:00:00.000,19.314771,winter weekend,19.94
7401,2023-11-05 09:00:00.000,20.369349,winter weekend,19.94
7402,2023-11-05 10:00:00.000,23.299426500000006,winter weekend,19.94
7403,2023-11-05 11:00:00.000,23.423127,winter weekend,19.94
7404,2023-11-05 12:00:00.000,22.900836,winter weekend,19.94
7405,2023-11-05 13:00:00.000,21.079065,winter weekend,19.94
7406,2023-11-05 14:00:00.000,22.1348925,winter weekend,19.94
7407,2023-11-05 15:00:00.000,24.512691000000004,winter weekend,27.53
7408,2023-11-05 16:00:00.000,25.251145500000007,winter weekend,27.53
7409,2023-11-05 17:00:00.000,26.733052500000007,winter weekend,27.53
7410,2023-11-05 18:00:00.000,26.448166500000006,winter weekend,27.53
7411,2023-11-05 19:00:00.000,24.761341500000004,winter weekend,27.53
7412,2023-11-05 20:00:00.000,23.175726000000004,winter weekend,19.94
7413,2023-11-05 21:00:00.000,19.9732575,winter weekend,19.94
7414,2023-11-05 22:00:00.000,19.347258,winter weekend,19.94
7415,2023-11-05 23:00:00.000,18.0815145,winter weekend,19.94
7416,2023-11-06 00:00:00.000,17.712911999999996,winter weekday,26.43
7417,2023-11-06 01:00:00.000,17.381794499999998,winter weekday,26.43
7418,2023-11-06 02:00:00.000,17.3717985,winter weekday,26.43
7419,2023-11-06 03:00:00.000,17.385543,winter weekday,26.43
7420,2023-11-06 04:00:00.000,17.905334999999997,winter weekday,26.43
7421,2023-11-06 05:00:00.000,19.4834535,winter weekday,26.43
7422,2023-11-06 06:00:00.000,26.4356715,winter weekday,26.43
7423,2023-11-06 07:00:00.000,29.30827200000001,winter weekday,30.5
7424,2023-11-06 08:00:00.000,29.354503500000003,winter weekday,30.5
7425,2023-11-06 09:00:00.000,26.730553500000003,winter weekday,26.43
7426,2023-11-06 10:00:00.000,24.882543000000005,winter weekday,26.43
7427,2023-11-06 11:00:00.000,24.401485500000003,winter weekday,26.43
7428,2023-11-06 12:00:00.000,24.6213975,winter weekday,26.43
7429,2023-11-06 13:00:00.000,25.737201,winter weekday,26.43
7430,2023-11-06 14:00:00.000,27.400285500000003,winter weekday,26.43
7431,2023-11-06 15:00:00.000,29.873046,winter weekday,30.5
7432,2023-11-06 16:00:00.000,31.3836915,winter weekday,30.5
7433,2023-11-06 17:00:00.000,34.569916500000005,winter weekday,35.79
7434,2023-11-06 18:00:00.000,36.228003,winter weekday,35.79
7435,2023-11-06 19:00:00.000,34.80107400000001,winter weekday,35.79
7436,2023-11-06 20:00:00.000,31.252494,winter weekday,30.5
7437,2023-11-06 21:00:00.000,30.571516500000005,winter weekday,30.5
7438,2023-11-06 22:00:00.000,29.748096000000004,winter weekday,30.5
7439,2023-11-06 23:00:00.000,28.331163000000004,winter weekday,26.43
7440,2023-11-07 00:00:00.000,27.226605000000003,winter weekday,26.43
7441,2023-11-07 01:00:00.000,26.901735,winter weekday,26.43
7442,2023-11-07 02:00:00.000,26.214510000000004,winter weekday,26.43
7443,2023-11-07 03:00:00.000,25.865899500000005,winter weekday,26.43
7444,2023-11-07 04:00:00.000,26.145787500000004,winter weekday,26.43
7445,2023-11-07 05:00:00.000,27.7826325,winter weekday,26.43
7446,2023-11-07 06:00:00.000,30.022986000000007,winter weekday,30.5
7447,2023-11-07 07:00:00.000,33.9726555,winter weekday,35.79
7448,2023-11-07 08:00:00.000,34.367497500000006,winter weekday,35.79
7449,2023-11-07 09:00:00.000,31.7285535,winter weekday,30.5
7450,2023-11-07 10:00:00.000,29.7943275,winter weekday,30.5
7451,2023-11-07 11:00:00.000,28.49234850000001,winter weekday,30.5
7452,2023-11-07 12:00:00.000,28.1399895,winter weekday,26.43
7453,2023-11-07 13:00:00.000,28.46236050000001,winter weekday,26.43
7454,2023-11-07 14:00:00.000,29.5494255,winter weekday,30.5
7455,2023-11-07 15:00:00.000,30.8713965,winter weekday,30.5
7456,2023-11-07 16:00:00.000,31.474905000000003,winter weekday,30.5
7457,2023-11-07 17:00:00.000,34.466208,winter weekday,35.79
7458,2023-11-07 18:00:00.000,36.033081,winter weekday,35.79
7459,2023-11-07 19:00:00.000,33.913929,winter weekday,35.79
7460,2023-11-07 20:00:00.000,30.452814000000004,winter weekday,30.5
7461,2023-11-07 21:00:00.000,28.985901000000005,winter weekday,30.5
7462,2023-11-07 22:00:00.000,28.449865500000005,winter weekday,26.43
7463,2023-11-07 23:00:00.000,26.635591500000004,winter weekday,26.43
7464,2023-11-08 00:00:00.000,26.189520000000005,winter weekday,26.43
7465,2023-11-08 01:00:00.000,26.641839000000004,winter weekday,26.43
7466,2023-11-08 02:00:00.000,25.705963500000003,winter weekday,26.43
7467,2023-11-08 03:00:00.000,25.112451,winter weekday,26.43
7468,2023-11-08 04:00:00.000,25.709712000000003,winter weekday,26.43
7469,2023-11-08 05:00:00.000,26.740549500000004,winter weekday,26.43
7470,2023-11-08 06:00:00.000,27.92632500000001,winter weekday,26.43
7471,2023-11-08 07:00:00.000,30.815169,winter weekday,30.5
7472,2023-11-08 08:00:00.000,31.296226500000007,winter weekday,30.5
7473,2023-11-08 09:00:00.000,29.0596215,winter weekday,30.5
7474,2023-11-08 10:00:00.000,27.958812000000005,winter weekday,26.43
7475,2023-11-08 11:00:00.000,27.2203575,winter weekday,26.43
7476,2023-11-08 12:00:00.000,26.828014500000005,winter weekday,26.43
7477,2023-11-08 13:00:00.000,26.874246000000003,winter weekday,26.43
7478,2023-11-08 14:00:00.000,27.757642500000006,winter weekday,26.43
7479,2023-11-08 15:00:00.000,30.540279000000005,winter weekday,30.5
7480,2023-11-08 16:00:00.000,31.963459500000003,winter weekday,30.5
7481,2023-11-08 17:00:00.000,32.242098000000006,winter weekday,30.5
7482,2023-11-08 18:00:00.000,33.2479455,winter weekday,35.79
7483,2023-11-08 19:00:00.000,32.4807525,winter weekday,30.5
7484,2023-11-08 20:00:00.000,31.051324500000003,winter weekday,30.5
7485,2023-11-08 21:00:00.000,28.969657500000007,winter weekday,30.5
7486,2023-11-08 22:00:00.000,27.737650500000008,winter weekday,26.43
7487,2023-11-08 23:00:00.000,25.827165000000004,winter weekday,26.43
7488,2023-11-09 00:00:00.000,26.355703500000004,winter weekday,26.43
7489,2023-11-09 01:00:00.000,25.905883500000005,winter weekday,26.43
7490,2023-11-09 02:00:00.000,26.119548000000005,winter weekday,26.43
7491,2023-11-09 03:00:00.000,26.464410000000004,winter weekday,26.43
7492,2023-11-09 04:00:00.000,26.669328000000004,winter weekday,26.43
7493,2023-11-09 05:00:00.000,27.817618500000005,winter weekday,26.43
7494,2023-11-09 06:00:00.000,31.063819500000005,winter weekday,30.5
7495,2023-11-09 07:00:00.000,32.369547000000004,winter weekday,30.5
7496,2023-11-09 08:00:00.000,32.514489000000005,winter weekday,30.5
7497,2023-11-09 09:00:00.000,31.07381550000001,winter weekday,30.5
7498,2023-11-09 10:00:00.000,29.873046,winter weekday,30.5
7499,2023-11-09 11:00:00.000,29.2383,winter weekday,30.5
7500,2023-11-09 12:00:00.000,28.63354200000001,winter weekday,30.5
7501,2023-11-09 13:00:00.000,28.903434000000004,winter weekday,30.5
7502,2023-11-09 14:00:00.000,29.939269500000005,winter weekday,30.5
7503,2023-11-09 15:00:00.000,31.938469500000004,winter weekday,30.5
7504,2023-11-09 16:00:00.000,33.237949500000006,winter weekday,35.79
7505,2023-11-09 17:00:00.000,33.83646000000001,winter weekday,35.79
7506,2023-11-09 18:00:00.000,33.434121000000005,winter weekday,35.79
7507,2023-11-09 19:00:00.000,31.377444000000008,winter weekday,30.5
7508,2023-11-09 20:00:00.000,29.364499500000008,winter weekday,30.5
7509,2023-11-09 21:00:00.000,27.711411000000005,winter weekday,26.43
7510,2023-11-09 22:00:00.000,27.868848000000007,winter weekday,26.43
7511,2023-11-09 23:00:00.000,26.659332000000003,winter weekday,26.43
7512,2023-11-10 00:00:00.000,25.377345,winter weekday,26.43
7513,2023-11-10 01:00:00.000,24.831313500000004,winter weekday,26.43
7514,2023-11-10 02:00:00.000,24.082863000000003,winter weekday,26.43
7515,2023-11-10 03:00:00.000,23.410632000000007,winter weekday,26.43
7516,2023-11-10 04:00:00.000,23.61555,winter weekday,26.43
7517,2023-11-10 05:00:00.000,25.712211000000003,winter weekday,26.43
7518,2023-11-10 06:00:00.000,27.886341000000005,winter weekday,26.43
7519,2023-11-10 07:00:00.000,30.695217000000003,winter weekday,30.5
7520,2023-11-10 08:00:00.000,31.487400000000004,winter weekday,30.5
7521,2023-11-10 09:00:00.000,30.922626000000005,winter weekday,30.5
7522,2023-11-10 10:00:00.000,29.551924500000005,winter weekday,30.5
7523,2023-11-10 11:00:00.000,28.603554000000003,winter weekday,30.5
7524,2023-11-10 12:00:00.000,27.966309000000003,winter weekday,26.43
7525,2023-11-10 13:00:00.000,28.236201000000005,winter weekday,26.43
7526,2023-11-10 14:00:00.000,29.357002500000004,winter weekday,30.5
7527,2023-11-10 15:00:00.000,31.35995100000001,winter weekday,30.5
7528,2023-11-10 16:00:00.000,32.9868,winter weekday,30.5
7529,2023-11-10 17:00:00.000,34.37374500000001,winter weekday,35.79
7530,2023-11-10 18:00:00.000,34.24879500000001,winter weekday,35.79
7531,2023-11-10 19:00:00.000,32.809371000000006,winter weekday,30.5
7532,2023-11-10 20:00:00.000,31.478653500000004,winter weekday,30.5
7533,2023-11-10 21:00:00.000,30.500295000000005,winter weekday,30.5
7534,2023-11-10 22:00:00.000,30.359101500000005,winter weekday,30.5
7535,2023-11-10 23:00:00.000,29.013390000000005,winter weekday,30.5
7536,2023-11-11 00:00:00.000,28.276185000000005,winter weekend,27.53
7537,2023-11-11 01:00:00.000,28.1000055,winter weekend,27.53
7538,2023-11-11 02:00:00.000,28.098756000000005,winter weekend,27.53
7539,2023-11-11 03:00:00.000,27.765139500000007,winter weekend,27.53
7540,2023-11-11 04:00:00.000,27.702664500000004,winter weekend,27.53
7541,2023-11-11 05:00:00.000,28.043778000000007,winter weekend,27.53
7542,2023-11-11 06:00:00.000,28.151235000000003,winter weekend,27.53
7543,2023-11-11 07:00:00.000,28.363650000000003,winter weekend,27.53
7544,2023-11-11 08:00:00.000,28.863450000000007,winter weekend,27.53
7545,2023-11-11 09:00:00.000,29.224555500000005,winter weekend,27.53
7546,2023-11-11 10:00:00.000,28.773486000000005,winter weekend,27.53
7547,2023-11-11 11:00:00.000,28.641039000000003,winter weekend,27.53
7548,2023-11-11 12:00:00.000,28.35615300000001,winter weekend,27.53
7549,2023-11-11 13:00:00.000,28.338660000000004,winter weekend,27.53
7550,2023-11-11 14:00:00.000,28.800975000000005,winter weekend,27.53
7551,2023-11-11 15:00:00.000,30.221656500000005,winter weekend,32.84
7552,2023-11-11 16:00:00.000,31.827264000000003,winter weekend,32.84
7553,2023-11-11 17:00:00.000,33.359151000000004,winter weekend,32.84
7554,2023-11-11 18:00:00.000,34.331262,winter weekend,32.84
7555,2023-11-11 19:00:00.000,32.9205765,winter weekend,32.84
7556,2023-11-11 20:00:00.000,31.551124500000004,winter weekend,32.84
7557,2023-11-11 21:00:00.000,30.185421,winter weekend,32.84
7558,2023-11-11 22:00:00.000,28.910931,winter weekend,27.53
7559,2023-11-11 23:00:00.000,28.289929500000003,winter weekend,27.53
7560,2023-11-12 00:00:00.000,28.55607300000001,winter weekend,27.53
7561,2023-11-12 01:00:00.000,28.033782,winter weekend,27.53
7562,2023-11-12 02:00:00.000,28.020037500000004,winter weekend,27.53
7563,2023-11-12 03:00:00.000,27.7826325,winter weekend,27.53
7564,2023-11-12 04:00:00.000,27.880093500000005,winter weekend,27.53
7565,2023-11-12 05:00:00.000,28.223706,winter weekend,27.53
7566,2023-11-12 06:00:00.000,28.143738,winter weekend,27.53
7567,2023-11-12 07:00:00.000,28.189969500000004,winter weekend,27.53
7568,2023-11-12 08:00:00.000,28.31616900000001,winter weekend,27.53
7569,2023-11-12 09:00:00.000,28.582312500000004,winter weekend,27.53
7570,2023-11-12 10:00:00.000,28.439869500000007,winter weekend,27.53
7571,2023-11-12 11:00:00.000,28.197466500000004,winter weekend,27.53
7572,2023-11-12 12:00:00.000,28.374895500000004,winter weekend,27.53
7573,2023-11-12 13:00:00.000,28.491099,winter weekend,27.53
7574,2023-11-12 14:00:00.000,29.0821125,winter weekend,27.53
7575,2023-11-12 15:00:00.000,31.052574000000003,winter weekend,32.84
7576,2023-11-12 16:00:00.000,32.8381095,winter weekend,32.84
7577,2023-11-12 17:00:00.000,34.644886500000005,winter weekend,32.84
7578,2023-11-12 18:00:00.000,33.81646800000001,winter weekend,32.84
7579,2023-11-12 19:00:00.000,33.0380295,winter weekend,32.84
7580,2023-11-12 20:00:00.000,31.96221000000001,winter weekend,32.84
7581,2023-11-12 21:00:00.000,30.778933500000004,winter weekend,32.84
7582,2023-11-12 22:00:00.000,29.880543000000003,winter weekend,27.53
7583,2023-11-12 23:00:00.000,28.366149000000004,winter weekend,27.53
7584,2023-11-13 00:00:00.000,28.770987000000005,winter weekday,30.5
7585,2023-11-13 01:00:00.000,28.216209000000006,winter weekday,26.43
7586,2023-11-13 02:00:00.000,28.238700000000005,winter weekday,26.43
7587,2023-11-13 03:00:00.000,28.269937500000005,winter weekday,26.43
7588,2023-11-13 04:00:00.000,28.522336500000005,winter weekday,30.5
7589,2023-11-13 05:00:00.000,29.020887000000005,winter weekday,30.5
7590,2023-11-13 06:00:00.000,32.924325,winter weekday,30.5
7591,2023-11-13 07:00:00.000,35.122195500000004,winter weekday,35.79
7592,2023-11-13 08:00:00.000,36.334210500000005,winter weekday,35.79
7593,2023-11-13 09:00:00.000,33.992647500000004,winter weekday,35.79
7594,2023-11-13 10:00:00.000,32.584461000000005,winter weekday,30.5
7595,2023-11-13 11:00:00.000,32.738149500000006,winter weekday,30.5
7596,2023-11-13 12:00:00.000,32.529483000000006,winter weekday,30.5
7597,2023-11-13 13:00:00.000,31.53363150000001,winter weekday,30.5
7598,2023-11-13 14:00:00.000,29.418228000000006,winter weekday,30.5
7599,2023-11-13 15:00:00.000,28.277434500000005,winter weekday,26.43
7600,2023-11-13 16:00:00.000,27.511491000000007,winter weekday,26.43
7601,2023-11-13 17:00:00.000,27.64768650000001,winter weekday,26.43
7602,2023-11-13 18:00:00.000,28.080013500000007,winter weekday,26.43
7603,2023-11-13 19:00:00.000,27.5227365,winter weekday,26.43
7604,2023-11-13 20:00:00.000,26.731803000000006,winter weekday,26.43
7605,2023-11-13 21:00:00.000,25.034982000000003,winter weekday,26.43
7606,2023-11-13 22:00:00.000,23.749246500000005,winter weekday,26.43
7607,2023-11-13 23:00:00.000,18.630045,winter weekday,26.43
7608,2023-11-14 00:00:00.000,18.6262965,winter weekday,26.43
7609,2023-11-14 01:00:00.000,17.4992475,winter weekday,26.43
7610,2023-11-14 02:00:00.000,17.366919499999998,winter weekday,26.43
7611,2023-11-14 03:00:00.000,17.359005999999997,winter weekday,26.43
7612,2023-11-14 04:00:00.000,17.363528,winter weekday,26.43
7613,2023-11-14 05:00:00.000,17.497998,winter weekday,26.43
7614,2023-11-14 06:00:00.000,23.19072,winter weekday,26.43
7615,2023-11-14 07:00:00.000,26.977954500000003,winter weekday,26.43
7616,2023-11-14 08:00:00.000,27.635191500000005,winter weekday,26.43
7617,2023-11-14 09:00:00.000,27.096657,winter weekday,26.43
7618,2023-11-14 10:00:00.000,26.44191900000001,winter weekday,26.43
7619,2023-11-14 11:00:00.000,26.466909,winter weekday,26.43
7620,2023-11-14 12:00:00.000,26.746797000000004,winter weekday,26.43
7621,2023-11-14 13:00:00.000,26.7505455,winter weekday,26.43
7622,2023-11-14 14:00:00.000,27.490249500000004,winter weekday,26.43
7623,2023-11-14 15:00:00.000,28.621047000000004,winter weekday,30.5
7624,2023-11-14 16:00:00.000,28.713510000000003,winter weekday,30.5
7625,2023-11-14 17:00:00.000,32.0634195,winter weekday,30.5
7626,2023-11-14 18:00:00.000,32.3383095,winter weekday,30.5
7627,2023-11-14 19:00:00.000,31.982202000000004,winter weekday,30.5
7628,2023-11-14 20:00:00.000,29.916778500000007,winter weekday,30.5
7629,2023-11-14 21:00:00.000,28.581063000000004,winter weekday,30.5
7630,2023-11-14 22:00:00.000,28.502344500000003,winter weekday,30.5
7631,2023-11-14 23:00:00.000,28.051275000000004,winter weekday,26.43
7632,2023-11-15 00:00:00.000,27.50149500000001,winter weekday,26.43
7633,2023-11-15 01:00:00.000,26.916729000000007,winter weekday,26.43
7634,2023-11-15 02:00:00.000,26.47690500000001,winter weekday,26.43
7635,2023-11-15 03:00:00.000,26.200765500000003,winter weekday,26.43
7636,2023-11-15 04:00:00.000,26.670577500000004,winter weekday,26.43
7637,2023-11-15 05:00:00.000,27.648936000000003,winter weekday,26.43
7638,2023-11-15 06:00:00.000,30.247896,winter weekday,30.5
7639,2023-11-15 07:00:00.000,32.7606405,winter weekday,30.5
7640,2023-11-15 08:00:00.000,33.435370500000005,winter weekday,35.79
7641,2023-11-15 09:00:00.000,32.523235500000006,winter weekday,30.5
7642,2023-11-15 10:00:00.000,31.459911000000005,winter weekday,30.5
7643,2023-11-15 11:00:00.000,29.843058000000006,winter weekday,30.5
7644,2023-11-15 12:00:00.000,29.533182000000004,winter weekday,30.5
7645,2023-11-15 13:00:00.000,29.999245500000004,winter weekday,30.5
7646,2023-11-15 14:00:00.000,30.6464865,winter weekday,30.5
7647,2023-11-15 15:00:00.000,32.5132395,winter weekday,30.5
7648,2023-11-15 16:00:00.000,32.731902000000005,winter weekday,30.5
7649,2023-11-15 17:00:00.000,33.341658,winter weekday,35.79
7650,2023-11-15 18:00:00.000,33.599055,winter weekday,35.79
7651,2023-11-15 19:00:00.000,32.496996,winter weekday,30.5
7652,2023-11-15 20:00:00.000,31.125045000000007,winter weekday,30.5
7653,2023-11-15 21:00:00.000,29.550675000000005,winter weekday,30.5
7654,2023-11-15 22:00:00.000,28.820967000000007,winter weekday,30.5
7655,2023-11-15 23:00:00.000,27.8900895,winter weekday,26.43
7656,2023-11-16 00:00:00.000,28.046277000000003,winter weekday,26.43
7657,2023-11-16 01:00:00.000,27.770137500000004,winter weekday,26.43
7658,2023-11-16 02:00:00.000,26.754294000000005,winter weekday,26.43
7659,2023-11-16 03:00:00.000,26.62184700000001,winter weekday,26.43
7660,2023-11-16 04:00:00.000,27.50149500000001,winter weekday,26.43
7661,2023-11-16 05:00:00.000,28.242448500000005,winter weekday,26.43
7662,2023-11-16 06:00:00.000,29.87054700000001,winter weekday,30.5
7663,2023-11-16 07:00:00.000,33.224205000000005,winter weekday,35.79
7664,2023-11-16 08:00:00.000,33.61030050000001,winter weekday,35.79
7665,2023-11-16 09:00:00.000,33.435370500000005,winter weekday,35.79
7666,2023-11-16 10:00:00.000,32.374545000000005,winter weekday,30.5
7667,2023-11-16 11:00:00.000,31.939719000000004,winter weekday,30.5
7668,2023-11-16 12:00:00.000,32.6906685,winter weekday,30.5
7669,2023-11-16 13:00:00.000,33.81646800000001,winter weekday,35.79
7670,2023-11-16 14:00:00.000,35.713209,winter weekday,35.79
7671,2023-11-16 15:00:00.000,37.17262500000001,winter weekday,35.79
7672,2023-11-16 16:00:00.000,37.140138,winter weekday,35.79
7673,2023-11-16 17:00:00.000,40.1576805,winter weekday,35.79
7674,2023-11-16 18:00:00.000,35.143437,winter weekday,35.79
7675,2023-11-16 19:00:00.000,33.015538500000005,winter weekday,30.5
7676,2023-11-16 20:00:00.000,32.509491000000004,winter weekday,30.5
7677,2023-11-16 21:00:00.000,31.737300000000005,winter weekday,30.5
7678,2023-11-16 22:00:00.000,31.137540000000005,winter weekday,30.5
7679,2023-11-16 23:00:00.000,29.9692575,winter weekday,30.5
7680,2023-11-17 00:00:00.000,30.612750000000005,winter weekday,30.5
7681,2023-11-17 01:00:00.000,29.86305,winter weekday,30.5
7682,2023-11-17 02:00:00.000,29.319517500000007,winter weekday,30.5
7683,2023-11-17 03:00:00.000,28.958412000000006,winter weekday,30.5
7684,2023-11-17 04:00:00.000,29.325765000000008,winter weekday,30.5
7685,2023-11-17 05:00:00.000,30.26289,winter weekday,30.5
7686,2023-11-17 06:00:00.000,32.2808325,winter weekday,30.5
7687,2023-11-17 07:00:00.000,33.7402485,winter weekday,35.79
7688,2023-11-17 08:00:00.000,35.100954,winter weekday,35.79
7689,2023-11-17 09:00:00.000,34.205062500000004,winter weekday,35.79
7690,2023-11-17 10:00:00.000,33.3504045,winter weekday,35.79
7691,2023-11-17 11:00:00.000,33.009291000000005,winter weekday,30.5
7692,2023-11-17 12:00:00.000,32.299575,winter weekday,30.5
7693,2023-11-17 13:00:00.000,31.362450000000003,winter weekday,30.5
7694,2023-11-17 14:00:00.000,32.8506045,winter weekday,30.5
7695,2023-11-17 15:00:00.000,33.61030050000001,winter weekday,35.79
7696,2023-11-17 16:00:00.000,34.567417500000005,winter weekday,35.79
7697,2023-11-17 17:00:00.000,35.650734,winter weekday,35.79
7698,2023-11-17 18:00:00.000,36.060570000000006,winter weekday,35.79
7699,2023-11-17 19:00:00.000,34.986000000000004,winter weekday,35.79
7700,2023-11-17 20:00:00.000,33.4128795,winter weekday,35.79
7701,2023-11-17 21:00:00.000,32.4032835,winter weekday,30.5
7702,2023-11-17 22:00:00.000,32.129643,winter weekday,30.5
7703,2023-11-17 23:00:00.000,31.347456,winter weekday,30.5
7704,2023-11-18 00:00:00.000,31.18252200000001,winter weekend,32.84
7705,2023-11-18 01:00:00.000,29.535681000000004,winter weekend,27.53
7706,2023-11-18 02:00:00.000,28.689769500000008,winter weekend,27.53
7707,2023-11-18 03:00:00.000,28.10875200000001,winter weekend,27.53
7708,2023-11-18 04:00:00.000,27.673926000000005,winter weekend,27.53
7709,2023-11-18 05:00:00.000,27.673926000000005,winter weekend,27.53
7710,2023-11-18 06:00:00.000,28.13749050000001,winter weekend,27.53
7711,2023-11-18 07:00:00.000,28.873446000000005,winter weekend,27.53
7712,2023-11-18 08:00:00.000,29.8892895,winter weekend,27.53
7713,2023-11-18 09:00:00.000,29.533182000000004,winter weekend,27.53
7714,2023-11-18 10:00:00.000,29.373246000000005,winter weekend,27.53
7715,2023-11-18 11:00:00.000,29.263290000000005,winter weekend,27.53
7716,2023-11-18 12:00:00.000,29.200815,winter weekend,27.53
7717,2023-11-18 13:00:00.000,29.23580100000001,winter weekend,27.53
7718,2023-11-18 14:00:00.000,29.495697000000003,winter weekend,27.53
7719,2023-11-18 15:00:00.000,29.564419500000007,winter weekend,27.53
7720,2023-11-18 16:00:00.000,29.360751000000004,winter weekend,27.53
7721,2023-11-18 17:00:00.000,30.496546500000004,winter weekend,32.84
7722,2023-11-18 18:00:00.000,30.780183000000005,winter weekend,32.84
7723,2023-11-18 19:00:00.000,28.768488000000005,winter weekend,27.53
7724,2023-11-18 20:00:00.000,27.751395,winter weekend,27.53
7725,2023-11-18 21:00:00.000,27.111651000000005,winter weekend,27.53
7726,2023-11-18 22:00:00.000,26.584362,winter weekend,27.53
7727,2023-11-18 23:00:00.000,24.628894500000005,winter weekend,27.53
7728,2023-11-19 00:00:00.000,19.7583435,winter weekend,19.94
7729,2023-11-19 01:00:00.000,18.0765165,winter weekend,19.94
7730,2023-11-19 02:00:00.000,17.880345000000002,winter weekend,19.94
7731,2023-11-19 03:00:00.000,17.384293500000002,winter weekend,19.94
7732,2023-11-19 04:00:00.000,17.3767965,winter weekend,19.94
7733,2023-11-19 05:00:00.000,17.379295499999998,winter weekend,19.94
7734,2023-11-19 06:00:00.000,17.659183499999997,winter weekend,19.94
7735,2023-11-19 07:00:00.000,18.0665205,winter weekend,19.94
7736,2023-11-19 08:00:00.000,19.1785755,winter weekend,19.94
7737,2023-11-19 09:00:00.000,19.719609,winter weekend,19.94
7738,2023-11-19 10:00:00.000,18.9411705,winter weekend,19.94
7739,2023-11-19 11:00:00.000,18.949917,winter weekend,19.94
7740,2023-11-19 12:00:00.000,18.8262165,winter weekend,19.94
7741,2023-11-19 13:00:00.000,17.493,winter weekend,19.94
7742,2023-11-19 14:00:00.000,19.3110225,winter weekend,19.94
7743,2023-11-19 15:00:00.000,25.778434500000003,winter weekend,27.53
7744,2023-11-19 16:00:00.000,27.486501000000008,winter weekend,27.53
7745,2023-11-19 17:00:00.000,29.240799000000003,winter weekend,27.53
7746,2023-11-19 18:00:00.000,30.4315725,winter weekend,32.84
7747,2023-11-19 19:00:00.000,30.340359,winter weekend,32.84
7748,2023-11-19 20:00:00.000,28.444867500000004,winter weekend,27.53
7749,2023-11-19 21:00:00.000,27.911331000000004,winter weekend,27.53
7750,2023-11-19 22:00:00.000,28.369897500000004,winter weekend,27.53
7751,2023-11-19 23:00:00.000,27.370297500000003,winter weekend,27.53
7752,2023-11-20 00:00:00.000,25.902135000000005,winter weekday,26.43
7753,2023-11-20 01:00:00.000,25.199916000000005,winter weekday,26.43
7754,2023-11-20 02:00:00.000,24.853804500000003,winter weekday,26.43
7755,2023-11-20 03:00:00.000,24.868798500000004,winter weekday,26.43
7756,2023-11-20 04:00:00.000,25.459812000000007,winter weekday,26.43
7757,2023-11-20 05:00:00.000,27.417778500000008,winter weekday,26.43
7758,2023-11-20 06:00:00.000,30.2066625,winter weekday,30.5
7759,2023-11-20 07:00:00.000,33.372895500000006,winter weekday,35.79
7760,2023-11-20 08:00:00.000,33.1954665,winter weekday,35.79
7761,2023-11-20 09:00:00.000,32.167128,winter weekday,30.5
7762,2023-11-20 10:00:00.000,31.384941,winter weekday,30.5
7763,2023-11-20 11:00:00.000,30.612750000000005,winter weekday,30.5
7764,2023-11-20 12:00:00.000,30.237900000000007,winter weekday,30.5
7765,2023-11-20 13:00:00.000,31.60610250000001,winter weekday,30.5
7766,2023-11-20 14:00:00.000,32.40578250000001,winter weekday,30.5
7767,2023-11-20 15:00:00.000,33.45536250000001,winter weekday,35.79
7768,2023-11-20 16:00:00.000,34.852303500000005,winter weekday,35.79
7769,2023-11-20 17:00:00.000,35.7357,winter weekday,35.79
7770,2023-11-20 18:00:00.000,34.858551000000006,winter weekday,35.79
7771,2023-11-20 19:00:00.000,33.6202965,winter weekday,35.79
7772,2023-11-20 20:00:00.000,32.36704800000001,winter weekday,30.5
7773,2023-11-20 21:00:00.000,30.738949500000004,winter weekday,30.5
7774,2023-11-20 22:00:00.000,30.868897500000003,winter weekday,30.5
7775,2023-11-20 23:00:00.000,29.570667000000004,winter weekday,30.5
7776,2023-11-21 00:00:00.000,30.2066625,winter weekday,30.5
7777,2023-11-21 01:00:00.000,29.63814,winter weekday,30.5
7778,2023-11-21 02:00:00.000,29.37824400000001,winter weekday,30.5
7779,2023-11-21 03:00:00.000,28.759741500000004,winter weekday,30.5
7780,2023-11-21 04:00:00.000,29.368248000000005,winter weekday,30.5
7781,2023-11-21 05:00:00.000,30.001744500000004,winter weekday,30.5
7782,2023-11-21 06:00:00.000,32.380792500000005,winter weekday,30.5
7783,2023-11-21 07:00:00.000,34.371246000000006,winter weekday,35.79
7784,2023-11-21 08:00:00.000,35.1846705,winter weekday,35.79
7785,2023-11-21 09:00:00.000,34.5099405,winter weekday,35.79
7786,2023-11-21 10:00:00.000,34.23630000000001,winter weekday,35.79
7787,2023-11-21 11:00:00.000,34.223805000000006,winter weekday,35.79
7788,2023-11-21 12:00:00.000,34.8348105,winter weekday,35.79
7789,2023-11-21 13:00:00.000,34.833561,winter weekday,35.79
7790,2023-11-21 14:00:00.000,34.65738150000001,winter weekday,35.79
7791,2023-11-21 15:00:00.000,34.903533,winter weekday,35.79
7792,2023-11-21 16:00:00.000,35.350854000000005,winter weekday,35.79
7793,2023-11-21 17:00:00.000,35.7319515,winter weekday,35.79
7794,2023-11-21 18:00:00.000,35.12094600000001,winter weekday,35.79
7795,2023-11-21 19:00:00.000,33.90518250000001,winter weekday,35.79
7796,2023-11-21 20:00:00.000,32.96056050000001,winter weekday,30.5
7797,2023-11-21 21:00:00.000,31.177524,winter weekday,30.5
7798,2023-11-21 22:00:00.000,31.226254500000003,winter weekday,30.5
7799,2023-11-21 23:00:00.000,29.618148000000005,winter weekday,30.5
7800,2023-11-22 00:00:00.000,29.613150000000005,winter weekday,30.5
7801,2023-11-22 01:00:00.000,29.23954950000001,winter weekday,30.5
7802,2023-11-22 02:00:00.000,29.23954950000001,winter weekday,30.5
7803,2023-11-22 03:00:00.000,28.863450000000007,winter weekday,30.5
7804,2023-11-22 04:00:00.000,28.9246755,winter weekday,30.5
7805,2023-11-22 05:00:00.000,29.222056500000004,winter weekday,30.5
7806,2023-11-22 06:00:00.000,32.383291500000006,winter weekday,30.5
7807,2023-11-22 07:00:00.000,34.95226350000001,winter weekday,35.79
7808,2023-11-22 08:00:00.000,36.315468,winter weekday,35.79
7809,2023-11-22 09:00:00.000,33.777733500000004,winter weekday,35.79
7810,2023-11-22 10:00:00.000,31.7410485,winter weekday,30.5
7811,2023-11-22 11:00:00.000,30.316618500000004,winter weekday,30.5
7812,2023-11-22 12:00:00.000,29.324515500000004,winter weekday,30.5
7813,2023-11-22 13:00:00.000,30.167928,winter weekday,30.5
7814,2023-11-22 14:00:00.000,31.861000500000003,winter weekday,30.5
7815,2023-11-22 15:00:00.000,32.342058,winter weekday,30.5
7816,2023-11-22 16:00:00.000,33.2367,winter weekday,35.79
7817,2023-11-22 17:00:00.000,33.973905,winter weekday,35.79
7818,2023-11-22 18:00:00.000,33.5978055,winter weekday,35.79
7819,2023-11-22 19:00:00.000,32.207112,winter weekday,30.5
7820,2023-11-22 20:00:00.000,30.540279000000005,winter weekday,30.5
7821,2023-11-22 21:00:00.000,28.572316500000007,winter weekday,30.5
7822,2023-11-22 22:00:00.000,28.639789500000006,winter weekday,30.5
7823,2023-11-22 23:00:00.000,26.713060500000005,winter weekday,26.43
7824,2023-11-23 00:00:00.000,25.4860515,winter weekday,26.43
7825,2023-11-23 01:00:00.000,23.121997500000003,winter weekday,26.43
7826,2023-11-23 02:00:00.000,22.505994000000005,winter weekday,26.43
7827,2023-11-23 03:00:00.000,21.1327935,winter weekday,26.43
7828,2023-11-23 04:00:00.000,19.889541,winter weekday,26.43
7829,2023-11-23 05:00:00.000,21.436422,winter weekday,26.43
7830,2023-11-23 06:00:00.000,27.441519000000007,winter weekday,26.43
7831,2023-11-23 07:00:00.000,31.607352,winter weekday,30.5
7832,2023-11-23 08:00:00.000,32.3458065,winter weekday,30.5
7833,2023-11-23 09:00:00.000,28.613550000000004,winter weekday,30.5
7834,2023-11-23 10:00:00.000,27.726405000000007,winter weekday,26.43
7835,2023-11-23 11:00:00.000,26.590609500000003,winter weekday,26.43
7836,2023-11-23 12:00:00.000,25.673476500000007,winter weekday,26.43
7837,2023-11-23 13:00:00.000,26.105803500000004,winter weekday,26.43
7838,2023-11-23 14:00:00.000,26.110801500000004,winter weekday,26.43
7839,2023-11-23 15:00:00.000,26.554374000000003,winter weekday,26.43
7840,2023-11-23 16:00:00.000,26.563120500000004,winter weekday,26.43
7841,2023-11-23 17:00:00.000,27.064170000000004,winter weekday,26.43
7842,2023-11-23 18:00:00.000,26.5781145,winter weekday,26.43
7843,2023-11-23 19:00:00.000,26.1932685,winter weekday,26.43
7844,2023-11-23 20:00:00.000,23.728005000000003,winter weekday,26.43
7845,2023-11-23 21:00:00.000,20.889141,winter weekday,26.43
7846,2023-11-23 22:00:00.000,19.737102,winter weekday,26.43
7847,2023-11-23 23:00:00.000,18.59256,winter weekday,26.43
7848,2023-11-24 00:00:00.000,17.552975999999997,winter weekday,26.43
7849,2023-11-24 01:00:00.000,17.380544999999998,winter weekday,26.43
7850,2023-11-24 02:00:00.000,17.383044,winter weekday,26.43
7851,2023-11-24 03:00:00.000,17.410533,winter weekday,26.43
7852,2023-11-24 04:00:00.000,17.561722500000002,winter weekday,26.43
7853,2023-11-24 05:00:00.000,21.3177195,winter weekday,26.43
7854,2023-11-24 06:00:00.000,26.180773500000004,winter weekday,26.43
7855,2023-11-24 07:00:00.000,29.148336000000004,winter weekday,30.5
7856,2023-11-24 08:00:00.000,31.447416000000004,winter weekday,30.5
7857,2023-11-24 09:00:00.000,29.112100500000004,winter weekday,30.5
7858,2023-11-24 10:00:00.000,28.232452500000004,winter weekday,26.43
7859,2023-11-24 11:00:00.000,27.291579,winter weekday,26.43
7860,2023-11-24 12:00:00.000,26.90548350000001,winter weekday,26.43
7861,2023-11-24 13:00:00.000,26.295727500000005,winter weekday,26.43
7862,2023-11-24 14:00:00.000,26.786781000000005,winter weekday,26.43
7863,2023-11-24 15:00:00.000,27.03543150000001,winter weekday,26.43
7864,2023-11-24 16:00:00.000,28.018788000000004,winter weekday,26.43
7865,2023-11-24 17:00:00.000,28.734751500000005,winter weekday,30.5
7866,2023-11-24 18:00:00.000,28.644787500000003,winter weekday,30.5
7867,2023-11-24 19:00:00.000,28.14248850000001,winter weekday,26.43
7868,2023-11-24 20:00:00.000,27.551475000000007,winter weekday,26.43
7869,2023-11-24 21:00:00.000,26.706813000000004,winter weekday,26.43
7870,2023-11-24 22:00:00.000,27.059172000000004,winter weekday,26.43
7871,2023-11-24 23:00:00.000,26.469408000000005,winter weekday,26.43
7872,2023-11-25 00:00:00.000,27.122896500000003,winter weekend,27.53
7873,2023-11-25 01:00:00.000,26.6180985,winter weekend,27.53
7874,2023-11-25 02:00:00.000,26.3731965,winter weekend,27.53
7875,2023-11-25 03:00:00.000,26.3157195,winter weekend,27.53
7876,2023-11-25 04:00:00.000,26.113300500000005,winter weekend,27.53
7877,2023-11-25 05:00:00.000,26.638090500000004,winter weekend,27.53
7878,2023-11-25 06:00:00.000,27.340309500000007,winter weekend,27.53
7879,2023-11-25 07:00:00.000,28.248696,winter weekend,27.53
7880,2023-11-25 08:00:00.000,29.149585500000004,winter weekend,27.53
7881,2023-11-25 09:00:00.000,28.830963,winter weekend,27.53
7882,2023-11-25 10:00:00.000,28.509841500000004,winter weekend,27.53
7883,2023-11-25 11:00:00.000,28.246197,winter weekend,27.53
7884,2023-11-25 12:00:00.000,27.966309000000003,winter weekend,27.53
7885,2023-11-25 13:00:00.000,27.7476465,winter weekend,27.53
7886,2023-11-25 14:00:00.000,28.624795500000005,winter weekend,27.53
7887,2023-11-25 15:00:00.000,29.320767,winter weekend,27.53
7888,2023-11-25 16:00:00.000,31.726054500000004,winter weekend,32.84
7889,2023-11-25 17:00:00.000,32.874345000000005,winter weekend,32.84
7890,2023-11-25 18:00:00.000,33.249195,winter weekend,32.84
7891,2023-11-25 19:00:00.000,33.26169,winter weekend,32.84
7892,2023-11-25 20:00:00.000,32.5032435,winter weekend,32.84
7893,2023-11-25 21:00:00.000,31.71605850000001,winter weekend,32.84
7894,2023-11-25 22:00:00.000,31.774785000000005,winter weekend,32.84
7895,2023-11-25 23:00:00.000,30.237900000000007,winter weekend,32.84
7896,2023-11-26 00:00:00.000,31.249995,winter weekend,32.84
7897,2023-11-26 01:00:00.000,30.58401150000001,winter weekend,32.84
7898,2023-11-26 02:00:00.000,30.196666500000003,winter weekend,32.84
7899,2023-11-26 03:00:00.000,29.876794500000003,winter weekend,27.53
7900,2023-11-26 04:00:00.000,29.513190000000005,winter weekend,27.53
7901,2023-11-26 05:00:00.000,29.58816000000001,winter weekend,27.53
7902,2023-11-26 06:00:00.000,29.84180850000001,winter weekend,27.53
7903,2023-11-26 07:00:00.000,30.494047500000004,winter weekend,32.84
7904,2023-11-26 08:00:00.000,31.448665500000004,winter weekend,32.84
7905,2023-11-26 09:00:00.000,32.024685000000005,winter weekend,32.84
7906,2023-11-26 10:00:00.000,31.77353550000001,winter weekend,32.84
7907,2023-11-26 11:00:00.000,31.699815000000005,winter weekend,32.84
7908,2023-11-26 12:00:00.000,31.53363150000001,winter weekend,32.84
7909,2023-11-26 13:00:00.000,31.11504900000001,winter weekend,32.84
7910,2023-11-26 14:00:00.000,31.74979500000001,winter weekend,32.84
7911,2023-11-26 15:00:00.000,32.769387,winter weekend,32.84
7912,2023-11-26 16:00:00.000,34.1300925,winter weekend,32.84
7913,2023-11-26 17:00:00.000,35.337109500000004,winter weekend,32.84
7914,2023-11-26 18:00:00.000,36.0693165,winter weekend,32.84
7915,2023-11-26 19:00:00.000,35.33336100000001,winter weekend,32.84
7916,2023-11-26 20:00:00.000,34.350004500000004,winter weekend,32.84
7917,2023-11-26 21:00:00.000,32.663179500000005,winter weekend,32.84
7918,2023-11-26 22:00:00.000,32.235850500000005,winter weekend,32.84
7919,2023-11-26 23:00:00.000,30.167928,winter weekend,27.53
7920,2023-11-27 00:00:00.000,29.770587000000003,winter weekday,30.5
7921,2023-11-27 01:00:00.000,29.124595500000005,winter weekday,30.5
7922,2023-11-27 02:00:00.000,28.60105500000001,winter weekday,30.5
7923,2023-11-27 03:00:00.000,28.466109000000007,winter weekday,30.5
7924,2023-11-27 04:00:00.000,28.3524045,winter weekday,26.43
7925,2023-11-27 05:00:00.000,29.124595500000005,winter weekday,30.5
7926,2023-11-27 06:00:00.000,32.6131995,winter weekday,30.5
7927,2023-11-27 07:00:00.000,34.72610400000001,winter weekday,35.79
7928,2023-11-27 08:00:00.000,35.484550500000005,winter weekday,35.79
7929,2023-11-27 09:00:00.000,34.7873295,winter weekday,35.79
7930,2023-11-27 10:00:00.000,34.61115,winter weekday,35.79
7931,2023-11-27 11:00:00.000,34.478703,winter weekday,35.79
7932,2023-11-27 12:00:00.000,34.1076015,winter weekday,35.79
7933,2023-11-27 13:00:00.000,33.945166500000006,winter weekday,35.79
7934,2023-11-27 14:00:00.000,33.61155,winter weekday,35.79
7935,2023-11-27 15:00:00.000,32.5132395,winter weekday,30.5
7936,2023-11-27 16:00:00.000,31.844757000000005,winter weekday,30.5
7937,2023-11-27 17:00:00.000,32.9280735,winter weekday,30.5
7938,2023-11-27 18:00:00.000,32.764389,winter weekday,30.5
7939,2023-11-27 19:00:00.000,32.002194,winter weekday,30.5
7940,2023-11-27 20:00:00.000,29.939269500000005,winter weekday,30.5
7941,2023-11-27 21:00:00.000,29.170827000000003,winter weekday,30.5
7942,2023-11-27 22:00:00.000,29.263290000000005,winter weekday,30.5
7943,2023-11-27 23:00:00.000,27.996297,winter weekday,26.43
7944,2023-11-28 00:00:00.000,27.081663,winter weekday,26.43
7945,2023-11-28 01:00:00.000,26.175775500000004,winter weekday,26.43
7946,2023-11-28 02:00:00.000,25.7984265,winter weekday,26.43
7947,2023-11-28 03:00:00.000,25.427325000000003,winter weekday,26.43
7948,2023-11-28 04:00:00.000,25.900885500000005,winter weekday,26.43
7949,2023-11-28 05:00:00.000,27.371547000000003,winter weekday,26.43
7950,2023-11-28 06:00:00.000,28.53108300000001,winter weekday,30.5
7951,2023-11-28 07:00:00.000,31.914729,winter weekday,30.5
7952,2023-11-28 08:00:00.000,33.24044850000001,winter weekday,35.79
7953,2023-11-28 09:00:00.000,34.621146,winter weekday,35.79
7954,2023-11-28 10:00:00.000,34.773585000000004,winter weekday,35.79
7955,2023-11-28 11:00:00.000,34.67362500000001,winter weekday,35.79
7956,2023-11-28 12:00:00.000,34.31127,winter weekday,35.79
7957,2023-11-28 13:00:00.000,34.576164000000006,winter weekday,35.79
7958,2023-11-28 14:00:00.000,35.36584800000001,winter weekday,35.79
7959,2023-11-28 15:00:00.000,36.11055,winter weekday,35.79
7960,2023-11-28 16:00:00.000,37.86109950000001,winter weekday,35.79
7961,2023-11-28 17:00:00.000,41.10605099999999,winter weekday,35.79
7962,2023-11-28 18:00:00.000,39.4842,winter weekday,35.79
7963,2023-11-28 19:00:00.000,37.38504000000001,winter weekday,35.79
7964,2023-11-28 20:00:00.000,34.75109400000001,winter weekday,35.79
7965,2023-11-28 21:00:00.000,33.0430275,winter weekday,30.5
7966,2023-11-28 22:00:00.000,31.967208000000007,winter weekday,30.5
7967,2023-11-28 23:00:00.000,31.0388295,winter weekday,30.5
7968,2023-11-29 00:00:00.000,29.666878500000003,winter weekday,30.5
7969,2023-11-29 01:00:00.000,29.259541500000008,winter weekday,30.5
7970,2023-11-29 02:00:00.000,28.867198500000004,winter weekday,30.5
7971,2023-11-29 03:00:00.000,28.098756000000005,winter weekday,26.43
7972,2023-11-29 04:00:00.000,27.977554500000004,winter weekday,26.43
7973,2023-11-29 05:00:00.000,29.325765000000008,winter weekday,30.5
7974,2023-11-29 06:00:00.000,30.217908000000005,winter weekday,30.5
7975,2023-11-29 07:00:00.000,33.935170500000005,winter weekday,35.79
7976,2023-11-29 08:00:00.000,36.0268335,winter weekday,35.79
7977,2023-11-29 09:00:00.000,35.1796725,winter weekday,35.79
7978,2023-11-29 10:00:00.000,34.076364000000005,winter weekday,35.79
7979,2023-11-29 11:00:00.000,33.61155,winter weekday,35.79
7980,2023-11-29 12:00:00.000,33.372895500000006,winter weekday,35.79
7981,2023-11-29 13:00:00.000,33.883941,winter weekday,35.79
7982,2023-11-29 14:00:00.000,35.65448250000001,winter weekday,35.79
7983,2023-11-29 15:00:00.000,38.35965,winter weekday,35.79
7984,2023-11-29 16:00:00.000,42.35804999999999,winter weekday,35.79
7985,2023-11-29 17:00:00.000,48.60554999999999,winter weekday,35.79
7986,2023-11-29 18:00:00.000,48.60554999999999,winter weekday,35.79
7987,2023-11-29 19:00:00.000,42.35804999999999,winter weekday,35.79
7988,2023-11-29 20:00:00.000,37.485,winter weekday,35.79
7989,2023-11-29 21:00:00.000,34.7373495,winter weekday,35.79
7990,2023-11-29 22:00:00.000,33.424125000000004,winter weekday,35.79
7991,2023-11-29 23:00:00.000,31.646086500000003,winter weekday,30.5
7992,2023-11-30 00:00:00.000,30.461560500000008,winter weekday,30.5
7993,2023-11-30 01:00:00.000,30.427824000000005,winter weekday,30.5
7994,2023-11-30 02:00:00.000,30.137940000000004,winter weekday,30.5
7995,2023-11-30 03:00:00.000,29.86305,winter weekday,30.5
7996,2023-11-30 04:00:00.000,30.066718500000007,winter weekday,30.5
7997,2023-11-30 05:00:00.000,30.65023500000001,winter weekday,30.5
7998,2023-11-30 06:00:00.000,33.53782950000001,winter weekday,35.79
7999,2023-11-30 07:00:00.000,38.3708955,winter weekday,35.79
8000,2023-11-30 08:00:00.000,44.76583649999999,winter weekday,35.79
8001,2023-11-30 09:00:00.000,46.9974435,winter weekday,35.79
8002,2023-11-30 10:00:00.000,45.16942499999999,winter weekday,35.79
8003,2023-11-30 11:00:00.000,45.27438299999999,winter weekday,35.79
8004,2023-11-30 12:00:00.000,41.75953949999999,winter weekday,35.79
8005,2023-11-30 13:00:00.000,41.08480949999999,winter weekday,35.79
8006,2023-11-30 14:00:00.000,41.73329999999999,winter weekday,35.79
8007,2023-11-30 15:00:00.000,41.73329999999999,winter weekday,35.79
8008,2023-11-30 16:00:00.000,45.60674999999999,winter weekday,35.79
8009,2023-11-30 17:00:00.000,49.97999999999999,winter weekday,35.79
8010,2023-11-30 18:00:00.000,48.52308299999999,winter weekday,35.79
8011,2023-11-30 19:00:00.000,41.66957549999999,winter weekday,35.79
8012,2023-11-30 20:00:00.000,36.60160350000001,winter weekday,35.79
8013,2023-11-30 21:00:00.000,33.951414,winter weekday,35.79
8014,2023-11-30 22:00:00.000,32.951814000000006,winter weekday,30.5
8015,2023-11-30 23:00:00.000,31.586110500000007,winter weekday,30.5
8016,2023-12-01 00:00:00.000,30.726454500000003,winter weekday,30.5
8017,2023-12-01 01:00:00.000,30.1916685,winter weekday,30.5
8018,2023-12-01 02:00:00.000,29.750595000000004,winter weekday,30.5
8019,2023-12-01 03:00:00.000,29.348256,winter weekday,30.5
8020,2023-12-01 04:00:00.000,29.3719965,winter weekday,30.5
8021,2023-12-01 05:00:00.000,30.1516845,winter weekday,30.5
8022,2023-12-01 06:00:00.000,32.365798500000004,winter weekday,30.5
8023,2023-12-01 07:00:00.000,36.37419450000001,winter weekday,35.79
8024,2023-12-01 08:00:00.000,42.79037699999999,winter weekday,35.79
8025,2023-12-01 09:00:00.000,45.18566849999999,winter weekday,35.79
8026,2023-12-01 10:00:00.000,44.27853149999999,winter weekday,35.79
8027,2023-12-01 11:00:00.000,44.04737399999999,winter weekday,35.79
8028,2023-12-01 12:00:00.000,41.99444549999999,winter weekday,35.79
8029,2023-12-01 13:00:00.000,39.2580405,winter weekday,35.79
8030,2023-12-01 14:00:00.000,39.149334,winter weekday,35.79
8031,2023-12-01 15:00:00.000,40.40883,winter weekday,35.79
8032,2023-12-01 16:00:00.000,42.36429749999999,winter weekday,35.79
8033,2023-12-01 17:00:00.000,46.19276549999999,winter weekday,35.79
8034,2023-12-01 18:00:00.000,42.25309199999999,winter weekday,35.79
8035,2023-12-01 19:00:00.000,38.429622,winter weekday,35.79
8036,2023-12-01 20:00:00.000,35.1571815,winter weekday,35.79
8037,2023-12-01 21:00:00.000,33.003043500000004,winter weekday,30.5
8038,2023-12-01 22:00:00.000,32.162130000000005,winter weekday,30.5
8039,2023-12-01 23:00:00.000,30.878893500000004,winter weekday,30.5
8040,2023-12-02 00:00:00.000,30.515289000000006,winter weekend,32.84
8041,2023-12-02 01:00:00.000,30.199165500000007,winter weekend,32.84
8042,2023-12-02 02:00:00.000,30.019237500000003,winter weekend,27.53
8043,2023-12-02 03:00:00.000,29.724355500000005,winter weekend,27.53
8044,2023-12-02 04:00:00.000,29.608152000000004,winter weekend,27.53
8045,2023-12-02 05:00:00.000,29.59190850000001,winter weekend,27.53
8046,2023-12-02 06:00:00.000,29.7293535,winter weekend,27.53
8047,2023-12-02 07:00:00.000,30.472806,winter weekend,32.84
8048,2023-12-02 08:00:00.000,32.40453300000001,winter weekend,32.84
8049,2023-12-02 09:00:00.000,33.360400500000004,winter weekend,32.84
8050,2023-12-02 10:00:00.000,33.7052625,winter weekend,32.84
8051,2023-12-02 11:00:00.000,33.264189,winter weekend,32.84
8052,2023-12-02 12:00:00.000,32.559471,winter weekend,32.84
8053,2023-12-02 13:00:00.000,31.684821000000003,winter weekend,32.84
8054,2023-12-02 14:00:00.000,32.177124000000006,winter weekend,32.84
8055,2023-12-02 15:00:00.000,32.799375000000005,winter weekend,32.84
8056,2023-12-02 16:00:00.000,33.585310500000006,winter weekend,32.84
8057,2023-12-02 17:00:00.000,35.36584800000001,winter weekend,32.84
8058,2023-12-02 18:00:00.000,35.480802000000004,winter weekend,32.84
8059,2023-12-02 19:00:00.000,33.556572,winter weekend,32.84
8060,2023-12-02 20:00:00.000,32.67692400000001,winter weekend,32.84
8061,2023-12-02 21:00:00.000,31.71605850000001,winter weekend,32.84
8062,2023-12-02 22:00:00.000,31.097556000000004,winter weekend,32.84
8063,2023-12-02 23:00:00.000,30.6139995,winter weekend,32.84
8064,2023-12-03 00:00:00.000,30.90013500000001,winter weekend,32.84
8065,2023-12-03 01:00:00.000,30.197916000000006,winter weekend,32.84
8066,2023-12-03 02:00:00.000,29.848056000000003,winter weekend,27.53
8067,2023-12-03 03:00:00.000,29.690619,winter weekend,27.53
8068,2023-12-03 04:00:00.000,29.190819000000005,winter weekend,27.53
8069,2023-12-03 05:00:00.000,28.828464000000004,winter weekend,27.53
8070,2023-12-03 06:00:00.000,28.471107000000003,winter weekend,27.53
8071,2023-12-03 07:00:00.000,28.879693500000005,winter weekend,27.53
8072,2023-12-03 08:00:00.000,29.490699000000003,winter weekend,27.53
8073,2023-12-03 09:00:00.000,29.881792500000007,winter weekend,27.53
8074,2023-12-03 10:00:00.000,30.482802000000003,winter weekend,32.84
8075,2023-12-03 11:00:00.000,30.496546500000004,winter weekend,32.84
8076,2023-12-03 12:00:00.000,30.22665450000001,winter weekend,32.84
8077,2023-12-03 13:00:00.000,29.86305,winter weekend,27.53
8078,2023-12-03 14:00:00.000,30.572766000000005,winter weekend,32.84
8079,2023-12-03 15:00:00.000,31.737300000000005,winter weekend,32.84
8080,2023-12-03 16:00:00.000,32.63694,winter weekend,32.84
8081,2023-12-03 17:00:00.000,33.349155,winter weekend,32.84
8082,2023-12-03 18:00:00.000,33.49284750000001,winter weekend,32.84
8083,2023-12-03 19:00:00.000,33.1204965,winter weekend,32.84
8084,2023-12-03 20:00:00.000,31.403683500000007,winter weekend,32.84
8085,2023-12-03 21:00:00.000,29.86305,winter weekend,27.53
8086,2023-12-03 22:00:00.000,29.749345500000008,winter weekend,27.53
8087,2023-12-03 23:00:00.000,28.488600000000005,winter weekend,27.53
8088,2023-12-04 00:00:00.000,29.095857,winter weekday,30.5
8089,2023-12-04 01:00:00.000,28.589809500000005,winter weekday,30.5
8090,2023-12-04 02:00:00.000,28.366149000000004,winter weekday,26.43
8091,2023-12-04 03:00:00.000,28.036281,winter weekday,26.43
8092,2023-12-04 04:00:00.000,28.092508500000005,winter weekday,26.43
8093,2023-12-04 05:00:00.000,28.868448000000004,winter weekday,30.5
8094,2023-12-04 06:00:00.000,30.375345000000003,winter weekday,30.5
8095,2023-12-04 07:00:00.000,32.11964700000001,winter weekday,30.5
8096,2023-12-04 08:00:00.000,32.75689200000001,winter weekday,30.5
8097,2023-12-04 09:00:00.000,33.126744,winter weekday,30.5
8098,2023-12-04 10:00:00.000,33.364149000000005,winter weekday,35.79
8099,2023-12-04 11:00:00.000,33.699015,winter weekday,35.79
8100,2023-12-04 12:00:00.000,33.167977500000006,winter weekday,35.79
8101,2023-12-04 13:00:00.000,33.788979000000005,winter weekday,35.79
8102,2023-12-04 14:00:00.000,33.232951500000006,winter weekday,35.79
8103,2023-12-04 15:00:00.000,32.96680800000001,winter weekday,30.5
8104,2023-12-04 16:00:00.000,32.645686500000004,winter weekday,30.5
8105,2023-12-04 17:00:00.000,33.3304125,winter weekday,35.79
8106,2023-12-04 18:00:00.000,32.940568500000005,winter weekday,30.5
8107,2023-12-04 19:00:00.000,32.4832515,winter weekday,30.5
8108,2023-12-04 20:00:00.000,31.672326000000005,winter weekday,30.5
8109,2023-12-04 21:00:00.000,30.556522500000007,winter weekday,30.5
8110,2023-12-04 22:00:00.000,29.86305,winter weekday,30.5
8111,2023-12-04 23:00:00.000,28.833462000000004,winter weekday,30.5
8112,2023-12-05 00:00:00.000,28.719757500000004,winter weekday,30.5
8113,2023-12-05 01:00:00.000,28.364899500000003,winter weekday,26.43
8114,2023-12-05 02:00:00.000,28.080013500000007,winter weekday,26.43
8115,2023-12-05 03:00:00.000,27.816369000000005,winter weekday,26.43
8116,2023-12-05 04:00:00.000,27.952564500000005,winter weekday,26.43
8117,2023-12-05 05:00:00.000,28.740999,winter weekday,30.5
8118,2023-12-05 06:00:00.000,30.86265000000001,winter weekday,30.5
8119,2023-12-05 07:00:00.000,31.652334,winter weekday,30.5
8120,2023-12-05 08:00:00.000,32.646936000000004,winter weekday,30.5
8121,2023-12-05 09:00:00.000,32.721906000000004,winter weekday,30.5
8122,2023-12-05 10:00:00.000,32.4307725,winter weekday,30.5
8123,2023-12-05 11:00:00.000,32.520736500000005,winter weekday,30.5
8124,2023-12-05 12:00:00.000,32.154633000000004,winter weekday,30.5
8125,2023-12-05 13:00:00.000,32.1783735,winter weekday,30.5
8126,2023-12-05 14:00:00.000,33.26918700000001,winter weekday,35.79
8127,2023-12-05 15:00:00.000,32.68567050000001,winter weekday,30.5
8128,2023-12-05 16:00:00.000,33.516588000000006,winter weekday,35.79
8129,2023-12-05 17:00:00.000,35.598255,winter weekday,35.79
8130,2023-12-05 18:00:00.000,35.79442650000001,winter weekday,35.79
8131,2023-12-05 19:00:00.000,35.055972000000004,winter weekday,35.79
8132,2023-12-05 20:00:00.000,33.440368500000005,winter weekday,35.79
8133,2023-12-05 21:00:00.000,32.090908500000005,winter weekday,30.5
8134,2023-12-05 22:00:00.000,31.3062225,winter weekday,30.5
8135,2023-12-05 23:00:00.000,30.272886000000003,winter weekday,30.5
8136,2023-12-06 00:00:00.000,29.23455150000001,winter weekday,30.5
8137,2023-12-06 01:00:00.000,29.000895000000003,winter weekday,30.5
8138,2023-12-06 02:00:00.000,28.934671500000004,winter weekday,30.5
8139,2023-12-06 03:00:00.000,28.733502000000005,winter weekday,30.5
8140,2023-12-06 04:00:00.000,28.687270500000007,winter weekday,30.5
8141,2023-12-06 05:00:00.000,29.099605500000003,winter weekday,30.5
8142,2023-12-06 06:00:00.000,30.730203000000007,winter weekday,30.5
8143,2023-12-06 07:00:00.000,34.09385700000001,winter weekday,35.79
8144,2023-12-06 08:00:00.000,38.2347,winter weekday,35.79
8145,2023-12-06 09:00:00.000,38.177223,winter weekday,35.79
8146,2023-12-06 10:00:00.000,36.11055,winter weekday,35.79
8147,2023-12-06 11:00:00.000,35.6469855,winter weekday,35.79
8148,2023-12-06 12:00:00.000,35.623245000000004,winter weekday,35.79
8149,2023-12-06 13:00:00.000,34.989748500000005,winter weekday,35.79
8150,2023-12-06 14:00:00.000,34.923525000000005,winter weekday,35.79
8151,2023-12-06 15:00:00.000,35.359600500000006,winter weekday,35.79
8152,2023-12-06 16:00:00.000,37.85985,winter weekday,35.79
8153,2023-12-06 17:00:00.000,39.6178965,winter weekday,35.79
8154,2023-12-06 18:00:00.000,38.019786,winter weekday,35.79
8155,2023-12-06 19:00:00.000,36.10180350000001,winter weekday,35.79
8156,2023-12-06 20:00:00.000,33.60030450000001,winter weekday,35.79
8157,2023-12-06 21:00:00.000,31.82226600000001,winter weekday,30.5
8158,2023-12-06 22:00:00.000,30.778933500000004,winter weekday,30.5
8159,2023-12-06 23:00:00.000,29.918028000000003,winter weekday,30.5
8160,2023-12-07 00:00:00.000,29.763090000000005,winter weekday,30.5
8161,2023-12-07 01:00:00.000,29.594407500000003,winter weekday,30.5
8162,2023-12-07 02:00:00.000,29.470707000000008,winter weekday,30.5
8163,2023-12-07 03:00:00.000,28.839709500000005,winter weekday,30.5
8164,2023-12-07 04:00:00.000,28.603554000000003,winter weekday,30.5
8165,2023-12-07 05:00:00.000,29.179573500000004,winter weekday,30.5
8166,2023-12-07 06:00:00.000,31.934721000000007,winter weekday,30.5
8167,2023-12-07 07:00:00.000,33.763989,winter weekday,35.79
8168,2023-12-07 08:00:00.000,36.11055,winter weekday,35.79
8169,2023-12-07 09:00:00.000,34.573665000000005,winter weekday,35.79
8170,2023-12-07 10:00:00.000,34.156332000000006,winter weekday,35.79
8171,2023-12-07 11:00:00.000,34.632391500000004,winter weekday,35.79
8172,2023-12-07 12:00:00.000,34.6099005,winter weekday,35.79
8173,2023-12-07 13:00:00.000,34.6548825,winter weekday,35.79
8174,2023-12-07 14:00:00.000,34.621146,winter weekday,35.79
8175,2023-12-07 15:00:00.000,34.61364900000001,winter weekday,35.79
8176,2023-12-07 16:00:00.000,34.09510650000001,winter weekday,35.79
8177,2023-12-07 17:00:00.000,33.435370500000005,winter weekday,35.79
8178,2023-12-07 18:00:00.000,32.40578250000001,winter weekday,30.5
8179,2023-12-07 19:00:00.000,30.380343,winter weekday,30.5
8180,2023-12-07 20:00:00.000,29.90803200000001,winter weekday,30.5
8181,2023-12-07 21:00:00.000,29.488200000000003,winter weekday,30.5
8182,2023-12-07 22:00:00.000,29.415729,winter weekday,30.5
8183,2023-12-07 23:00:00.000,28.248696,winter weekday,26.43
8184,2023-12-08 00:00:00.000,28.24994550000001,winter weekday,26.43
8185,2023-12-08 01:00:00.000,27.771387,winter weekday,26.43
8186,2023-12-08 02:00:00.000,27.542728500000003,winter weekday,26.43
8187,2023-12-08 03:00:00.000,27.304074000000004,winter weekday,26.43
8188,2023-12-08 04:00:00.000,27.36405,winter weekday,26.43
8189,2023-12-08 05:00:00.000,28.24369800000001,winter weekday,26.43
8190,2023-12-08 06:00:00.000,29.8243155,winter weekday,30.5
8191,2023-12-08 07:00:00.000,30.773935500000004,winter weekday,30.5
8192,2023-12-08 08:00:00.000,31.443667500000007,winter weekday,30.5
8193,2023-12-08 09:00:00.000,32.177124000000006,winter weekday,30.5
8194,2023-12-08 10:00:00.000,32.2058625,winter weekday,30.5
8195,2023-12-08 11:00:00.000,32.114649,winter weekday,30.5
8196,2023-12-08 12:00:00.000,31.944717000000008,winter weekday,30.5
8197,2023-12-08 13:00:00.000,31.334961000000007,winter weekday,30.5
8198,2023-12-08 14:00:00.000,31.5011445,winter weekday,30.5
8199,2023-12-08 15:00:00.000,32.153383500000004,winter weekday,30.5
8200,2023-12-08 16:00:00.000,31.734801000000008,winter weekday,30.5
8201,2023-12-08 17:00:00.000,32.1109005,winter weekday,30.5
8202,2023-12-08 18:00:00.000,32.18712000000001,winter weekday,30.5
8203,2023-12-08 19:00:00.000,30.557772000000007,winter weekday,30.5
8204,2023-12-08 20:00:00.000,30.44031900000001,winter weekday,30.5
8205,2023-12-08 21:00:00.000,30.002994000000005,winter weekday,30.5
8206,2023-12-08 22:00:00.000,30.07796400000001,winter weekday,30.5
8207,2023-12-08 23:00:00.000,28.686021,winter weekday,30.5
8208,2023-12-09 00:00:00.000,29.2383,winter weekend,27.53
8209,2023-12-09 01:00:00.000,28.001295,winter weekend,27.53
8210,2023-12-09 02:00:00.000,27.300325500000007,winter weekend,27.53
8211,2023-12-09 03:00:00.000,26.498146500000004,winter weekend,27.53
8212,2023-12-09 04:00:00.000,26.184522000000005,winter weekend,27.53
8213,2023-12-09 05:00:00.000,26.490649500000004,winter weekend,27.53
8214,2023-12-09 06:00:00.000,26.869248,winter weekend,27.53
8215,2023-12-09 07:00:00.000,27.663930000000004,winter weekend,27.53
8216,2023-12-09 08:00:00.000,27.980053500000004,winter weekend,27.53
8217,2023-12-09 09:00:00.000,28.8022245,winter weekend,27.53
8218,2023-12-09 10:00:00.000,28.73974950000001,winter weekend,27.53
8219,2023-12-09 11:00:00.000,28.855953000000003,winter weekend,27.53
8220,2023-12-09 12:00:00.000,29.138340000000003,winter weekend,27.53
8221,2023-12-09 13:00:00.000,28.6972665,winter weekend,27.53
8222,2023-12-09 14:00:00.000,28.0675185,winter weekend,27.53
8223,2023-12-09 15:00:00.000,27.801375000000004,winter weekend,27.53
8224,2023-12-09 16:00:00.000,27.374046000000003,winter weekend,27.53
8225,2023-12-09 17:00:00.000,27.244098000000005,winter weekend,27.53
8226,2023-12-09 18:00:00.000,27.0429285,winter weekend,27.53
8227,2023-12-09 19:00:00.000,26.045827500000005,winter weekend,27.53
8228,2023-12-09 20:00:00.000,25.422327000000003,winter weekend,27.53
8229,2023-12-09 21:00:00.000,24.916279500000005,winter weekend,27.53
8230,2023-12-09 22:00:00.000,24.470208000000007,winter weekend,27.53
8231,2023-12-09 23:00:00.000,23.138241,winter weekend,19.94
8232,2023-12-10 00:00:00.000,21.5776155,winter weekend,19.94
8233,2023-12-10 01:00:00.000,20.0557245,winter weekend,19.94
8234,2023-12-10 02:00:00.000,19.0186395,winter weekend,19.94
8235,2023-12-10 03:00:00.000,18.1165005,winter weekend,19.94
8236,2023-12-10 04:00:00.000,18.61755,winter weekend,19.94
8237,2023-12-10 05:00:00.000,19.6283955,winter weekend,19.94
8238,2023-12-10 06:00:00.000,20.3631015,winter weekend,19.94
8239,2023-12-10 07:00:00.000,22.597207500000007,winter weekend,19.94
8240,2023-12-10 08:00:00.000,24.972507000000007,winter weekend,27.53
8241,2023-12-10 09:00:00.000,25.587261,winter weekend,27.53
8242,2023-12-10 10:00:00.000,25.783432500000004,winter weekend,27.53
8243,2023-12-10 11:00:00.000,26.074566000000004,winter weekend,27.53
8244,2023-12-10 12:00:00.000,25.76469000000001,winter weekend,27.53
8245,2023-12-10 13:00:00.000,25.752195000000004,winter weekend,27.53
8246,2023-12-10 14:00:00.000,26.073316500000004,winter weekend,27.53
8247,2023-12-10 15:00:00.000,26.844258000000004,winter weekend,27.53
8248,2023-12-10 16:00:00.000,27.401535000000003,winter weekend,27.53
8249,2023-12-10 17:00:00.000,27.401535000000003,winter weekend,27.53
8250,2023-12-10 18:00:00.000,28.041279000000007,winter weekend,27.53
8251,2023-12-10 19:00:00.000,27.45901200000001,winter weekend,27.53
8252,2023-12-10 20:00:00.000,27.120397500000003,winter weekend,27.53
8253,2023-12-10 21:00:00.000,27.00669300000001,winter weekend,27.53
8254,2023-12-10 22:00:00.000,27.11664900000001,winter weekend,27.53
8255,2023-12-10 23:00:00.000,26.009592,winter weekend,27.53
8256,2023-12-11 00:00:00.000,21.671328000000003,winter weekday,26.43
8257,2023-12-11 01:00:00.000,19.304775,winter weekday,26.43
8258,2023-12-11 02:00:00.000,18.957414,winter weekday,26.43
8259,2023-12-11 03:00:00.000,18.445119,winter weekday,26.43
8260,2023-12-11 04:00:00.000,18.844959,winter weekday,26.43
8261,2023-12-11 05:00:00.000,22.121148,winter weekday,26.43
8262,2023-12-11 06:00:00.000,26.68807050000001,winter weekday,26.43
8263,2023-12-11 07:00:00.000,28.783482000000006,winter weekday,30.5
8264,2023-12-11 08:00:00.000,29.610651,winter weekday,30.5
8265,2023-12-11 09:00:00.000,29.654383500000005,winter weekday,30.5
8266,2023-12-11 10:00:00.000,29.033382000000007,winter weekday,30.5
8267,2023-12-11 11:00:00.000,28.698516000000005,winter weekday,30.5
8268,2023-12-11 12:00:00.000,28.52733450000001,winter weekday,30.5
8269,2023-12-11 13:00:00.000,28.367398500000007,winter weekday,26.43
8270,2023-12-11 14:00:00.000,28.927174500000007,winter weekday,30.5
8271,2023-12-11 15:00:00.000,29.353254000000007,winter weekday,30.5
8272,2023-12-11 16:00:00.000,30.551524500000003,winter weekday,30.5
8273,2023-12-11 17:00:00.000,32.1109005,winter weekday,30.5
8274,2023-12-11 18:00:00.000,32.691918,winter weekday,30.5
8275,2023-12-11 19:00:00.000,32.530732500000006,winter weekday,30.5
8276,2023-12-11 20:00:00.000,31.616098500000007,winter weekday,30.5
8277,2023-12-11 21:00:00.000,29.768088,winter weekday,30.5
8278,2023-12-11 22:00:00.000,29.423226000000003,winter weekday,30.5
8279,2023-12-11 23:00:00.000,28.216209000000006,winter weekday,26.43
8280,2023-12-12 00:00:00.000,28.369897500000004,winter weekday,26.43
8281,2023-12-12 01:00:00.000,28.246197,winter weekday,26.43
8282,2023-12-12 02:00:00.000,28.06626900000001,winter weekday,26.43
8283,2023-12-12 03:00:00.000,27.916329,winter weekday,26.43
8284,2023-12-12 04:00:00.000,28.239949500000005,winter weekday,26.43
8285,2023-12-12 05:00:00.000,28.49234850000001,winter weekday,30.5
8286,2023-12-12 06:00:00.000,30.7889295,winter weekday,30.5
8287,2023-12-12 07:00:00.000,32.4982455,winter weekday,30.5
8288,2023-12-12 08:00:00.000,35.65198350000001,winter weekday,35.79
8289,2023-12-12 09:00:00.000,33.853953000000004,winter weekday,35.79
8290,2023-12-12 10:00:00.000,33.592807500000006,winter weekday,35.79
8291,2023-12-12 11:00:00.000,32.72440500000001,winter weekday,30.5
8292,2023-12-12 12:00:00.000,32.933071500000004,winter weekday,30.5
8293,2023-12-12 13:00:00.000,33.25919100000001,winter weekday,35.79
8294,2023-12-12 14:00:00.000,32.824365,winter weekday,30.5
8295,2023-12-12 15:00:00.000,32.379543,winter weekday,30.5
8296,2023-12-12 16:00:00.000,32.103403500000006,winter weekday,30.5
8297,2023-12-12 17:00:00.000,31.222506000000003,winter weekday,30.5
8298,2023-12-12 18:00:00.000,30.487800000000004,winter weekday,30.5
8299,2023-12-12 19:00:00.000,29.140839000000007,winter weekday,30.5
8300,2023-12-12 20:00:00.000,28.8821925,winter weekday,30.5
8301,2023-12-12 21:00:00.000,28.381143,winter weekday,26.43
8302,2023-12-12 22:00:00.000,27.7851315,winter weekday,26.43
8303,2023-12-12 23:00:00.000,27.051675000000007,winter weekday,26.43
8304,2023-12-13 00:00:00.000,26.784282,winter weekday,26.43
8305,2023-12-13 01:00:00.000,26.484402000000003,winter weekday,26.43
8306,2023-12-13 02:00:00.000,26.576865000000005,winter weekday,26.43
8307,2023-12-13 03:00:00.000,26.29322850000001,winter weekday,26.43
8308,2023-12-13 04:00:00.000,26.491899000000004,winter weekday,26.43
8309,2023-12-13 05:00:00.000,26.7955275,winter weekday,26.43
8310,2023-12-13 06:00:00.000,27.751395,winter weekday,26.43
8311,2023-12-13 07:00:00.000,30.164179500000003,winter weekday,30.5
8312,2023-12-13 08:00:00.000,29.7168585,winter weekday,30.5
8313,2023-12-13 09:00:00.000,30.32911350000001,winter weekday,30.5
8314,2023-12-13 10:00:00.000,29.900535,winter weekday,30.5
8315,2023-12-13 11:00:00.000,29.86305,winter weekday,30.5
8316,2023-12-13 12:00:00.000,29.570667000000004,winter weekday,30.5
8317,2023-12-13 13:00:00.000,30.200415000000007,winter weekday,30.5
8318,2023-12-13 14:00:00.000,30.409081500000006,winter weekday,30.5
8319,2023-12-13 15:00:00.000,31.03758,winter weekday,30.5
8320,2023-12-13 16:00:00.000,30.61899750000001,winter weekday,30.5
8321,2023-12-13 17:00:00.000,31.131292500000004,winter weekday,30.5
8322,2023-12-13 18:00:00.000,30.599005500000004,winter weekday,30.5
8323,2023-12-13 19:00:00.000,30.164179500000003,winter weekday,30.5
8324,2023-12-13 20:00:00.000,29.435721000000004,winter weekday,30.5
8325,2023-12-13 21:00:00.000,28.723506000000004,winter weekday,30.5
8326,2023-12-13 22:00:00.000,28.907182500000005,winter weekday,30.5
8327,2023-12-13 23:00:00.000,27.89508750000001,winter weekday,26.43
8328,2023-12-14 00:00:00.000,27.031683000000005,winter weekday,26.43
8329,2023-12-14 01:00:00.000,26.901735,winter weekday,26.43
8330,2023-12-14 02:00:00.000,27.00794250000001,winter weekday,26.43
8331,2023-12-14 03:00:00.000,27.012940500000003,winter weekday,26.43
8332,2023-12-14 04:00:00.000,27.256593,winter weekday,26.43
8333,2023-12-14 05:00:00.000,27.685171500000006,winter weekday,26.43
8334,2023-12-14 06:00:00.000,29.673126000000003,winter weekday,30.5
8335,2023-12-14 07:00:00.000,32.32081650000001,winter weekday,30.5
8336,2023-12-14 08:00:00.000,33.69276750000001,winter weekday,35.79
8337,2023-12-14 09:00:00.000,32.981802,winter weekday,30.5
8338,2023-12-14 10:00:00.000,33.1304925,winter weekday,30.5
8339,2023-12-14 11:00:00.000,33.2629395,winter weekday,35.79
8340,2023-12-14 12:00:00.000,32.307072000000005,winter weekday,30.5
8341,2023-12-14 13:00:00.000,32.8306125,winter weekday,30.5
8342,2023-12-14 14:00:00.000,32.878093500000006,winter weekday,30.5
8343,2023-12-14 15:00:00.000,33.70401300000001,winter weekday,35.79
8344,2023-12-14 16:00:00.000,33.434121000000005,winter weekday,35.79
8345,2023-12-14 17:00:00.000,33.352903500000004,winter weekday,35.79
8346,2023-12-14 18:00:00.000,33.131742,winter weekday,30.5
8347,2023-12-14 19:00:00.000,31.646086500000003,winter weekday,30.5
8348,2023-12-14 20:00:00.000,30.214159500000004,winter weekday,30.5
8349,2023-12-14 21:00:00.000,29.388240000000003,winter weekday,30.5
8350,2023-12-14 22:00:00.000,29.170827000000003,winter weekday,30.5
8351,2023-12-14 23:00:00.000,28.060021500000005,winter weekday,26.43
8352,2023-12-15 00:00:00.000,28.1299935,winter weekday,26.43
8353,2023-12-15 01:00:00.000,27.730153500000004,winter weekday,26.43
8354,2023-12-15 02:00:00.000,27.376545000000004,winter weekday,26.43
8355,2023-12-15 03:00:00.000,26.932972500000005,winter weekday,26.43
8356,2023-12-15 04:00:00.000,26.75929200000001,winter weekday,26.43
8357,2023-12-15 05:00:00.000,27.415279500000004,winter weekday,26.43
8358,2023-12-15 06:00:00.000,29.3595015,winter weekday,30.5
8359,2023-12-15 07:00:00.000,30.731452500000003,winter weekday,30.5
8360,2023-12-15 08:00:00.000,32.549475,winter weekday,30.5
8361,2023-12-15 09:00:00.000,32.04217800000001,winter weekday,30.5
8362,2023-12-15 10:00:00.000,31.10880150000001,winter weekday,30.5
8363,2023-12-15 11:00:00.000,30.2066625,winter weekday,30.5
8364,2023-12-15 12:00:00.000,29.12959350000001,winter weekday,30.5
8365,2023-12-15 13:00:00.000,28.401135000000007,winter weekday,26.43
8366,2023-12-15 14:00:00.000,28.226205000000007,winter weekday,26.43
8367,2023-12-15 15:00:00.000,28.59605700000001,winter weekday,30.5
8368,2023-12-15 16:00:00.000,29.629393500000003,winter weekday,30.5
8369,2023-12-15 17:00:00.000,30.4040835,winter weekday,30.5
8370,2023-12-15 18:00:00.000,30.08296200000001,winter weekday,30.5
8371,2023-12-15 19:00:00.000,29.010891000000004,winter weekday,30.5
8372,2023-12-15 20:00:00.000,29.033382000000007,winter weekday,30.5
8373,2023-12-15 21:00:00.000,28.408632000000004,winter weekday,26.43
8374,2023-12-15 22:00:00.000,28.2099615,winter weekday,26.43
8375,2023-12-15 23:00:00.000,26.9529645,winter weekday,26.43
8376,2023-12-16 00:00:00.000,25.76469000000001,winter weekend,27.53
8377,2023-12-16 01:00:00.000,25.266139500000005,winter weekend,27.53
8378,2023-12-16 02:00:00.000,24.9112815,winter weekend,27.53
8379,2023-12-16 03:00:00.000,24.61515,winter weekend,27.53
8380,2023-12-16 04:00:00.000,24.127845000000004,winter weekend,27.53
8381,2023-12-16 05:00:00.000,24.320268,winter weekend,27.53
8382,2023-12-16 06:00:00.000,24.78258300000001,winter weekend,27.53
8383,2023-12-16 07:00:00.000,25.502295000000007,winter weekend,27.53
8384,2023-12-16 08:00:00.000,27.350305500000005,winter weekend,27.53
8385,2023-12-16 09:00:00.000,27.821367,winter weekend,27.53
8386,2023-12-16 10:00:00.000,27.568968000000005,winter weekend,27.53
8387,2023-12-16 11:00:00.000,26.840509500000003,winter weekend,27.53
8388,2023-12-16 12:00:00.000,26.289480000000005,winter weekend,27.53
8389,2023-12-16 13:00:00.000,26.18827050000001,winter weekend,27.53
8390,2023-12-16 14:00:00.000,26.770537500000007,winter weekend,27.53
8391,2023-12-16 15:00:00.000,27.407782500000007,winter weekend,27.53
8392,2023-12-16 16:00:00.000,27.8276145,winter weekend,27.53
8393,2023-12-16 17:00:00.000,28.311171000000005,winter weekend,27.53
8394,2023-12-16 18:00:00.000,28.378644,winter weekend,27.53
8395,2023-12-16 19:00:00.000,27.606453000000005,winter weekend,27.53
8396,2023-12-16 20:00:00.000,26.72805450000001,winter weekend,27.53
8397,2023-12-16 21:00:00.000,25.282383000000003,winter weekend,27.53
8398,2023-12-16 22:00:00.000,25.166179500000005,winter weekend,27.53
8399,2023-12-16 23:00:00.000,24.005394000000003,winter weekend,27.53
8400,2023-12-17 00:00:00.000,23.033283000000004,winter weekend,19.94
8401,2023-12-17 01:00:00.000,22.71591,winter weekend,19.94
8402,2023-12-17 02:00:00.000,22.735902000000006,winter weekend,19.94
8403,2023-12-17 03:00:00.000,20.9528655,winter weekend,19.94
8404,2023-12-17 04:00:00.000,20.6629815,winter weekend,19.94
8405,2023-12-17 05:00:00.000,21.1003065,winter weekend,19.94
8406,2023-12-17 06:00:00.000,22.2448485,winter weekend,19.94
8407,2023-12-17 07:00:00.000,23.029534500000004,winter weekend,19.94
8408,2023-12-17 08:00:00.000,24.573916500000003,winter weekend,27.53
8409,2023-12-17 09:00:00.000,24.761341500000004,winter weekend,27.53
8410,2023-12-17 10:00:00.000,24.169078500000005,winter weekend,27.53
8411,2023-12-17 11:00:00.000,23.490600000000004,winter weekend,19.94
8412,2023-12-17 12:00:00.000,22.829614500000005,winter weekend,19.94
8413,2023-12-17 13:00:00.000,22.371048,winter weekend,19.94
8414,2023-12-17 14:00:00.000,23.097007500000004,winter weekend,19.94
8415,2023-12-17 15:00:00.000,24.457713000000005,winter weekend,27.53
8416,2023-12-17 16:00:00.000,25.23865050000001,winter weekend,27.53
8417,2023-12-17 17:00:00.000,26.940469500000003,winter weekend,27.53
8418,2023-12-17 18:00:00.000,26.574366000000005,winter weekend,27.53
8419,2023-12-17 19:00:00.000,26.19826650000001,winter weekend,27.53
8420,2023-12-17 20:00:00.000,24.8388105,winter weekend,27.53
8421,2023-12-17 21:00:00.000,24.733852500000005,winter weekend,27.53
8422,2023-12-17 22:00:00.000,24.831313500000004,winter weekend,27.53
8423,2023-12-17 23:00:00.000,23.341909500000003,winter weekend,19.94
8424,2023-12-18 00:00:00.000,23.977905000000003,winter weekday,26.43
8425,2023-12-18 01:00:00.000,23.760492000000003,winter weekday,26.43
8426,2023-12-18 02:00:00.000,23.591809500000004,winter weekday,26.43
8427,2023-12-18 03:00:00.000,23.494348500000005,winter weekday,26.43
8428,2023-12-18 04:00:00.000,23.924176500000005,winter weekday,26.43
8429,2023-12-18 05:00:00.000,25.13244300000001,winter weekday,26.43
8430,2023-12-18 06:00:00.000,27.840109500000004,winter weekday,26.43
8431,2023-12-18 07:00:00.000,30.285381,winter weekday,30.5
8432,2023-12-18 08:00:00.000,31.017588000000003,winter weekday,30.5
8433,2023-12-18 09:00:00.000,30.045477,winter weekday,30.5
8434,2023-12-18 10:00:00.000,28.49234850000001,winter weekday,30.5
8435,2023-12-18 11:00:00.000,27.510241500000006,winter weekday,26.43
8436,2023-12-18 12:00:00.000,26.7255555,winter weekday,26.43
8437,2023-12-18 13:00:00.000,26.72680500000001,winter weekday,26.43
8438,2023-12-18 14:00:00.000,27.50149500000001,winter weekday,26.43
8439,2023-12-18 15:00:00.000,28.502344500000003,winter weekday,30.5
8440,2023-12-18 16:00:00.000,29.263290000000005,winter weekday,30.5
8441,2023-12-18 17:00:00.000,30.390339000000004,winter weekday,30.5
8442,2023-12-18 18:00:00.000,30.239149500000007,winter weekday,30.5
8443,2023-12-18 19:00:00.000,29.385741000000003,winter weekday,30.5
8444,2023-12-18 20:00:00.000,27.111651000000005,winter weekday,26.43
8445,2023-12-18 21:00:00.000,26.250745500000004,winter weekday,26.43
8446,2023-12-18 22:00:00.000,25.23740100000001,winter weekday,26.43
8447,2023-12-18 23:00:00.000,24.255294000000003,winter weekday,26.43
8448,2023-12-19 00:00:00.000,23.276935500000004,winter weekday,26.43
8449,2023-12-19 01:00:00.000,23.176975500000005,winter weekday,26.43
8450,2023-12-19 02:00:00.000,22.998297000000004,winter weekday,26.43
8451,2023-12-19 03:00:00.000,24.330264000000003,winter weekday,26.43
8452,2023-12-19 04:00:00.000,24.733852500000005,winter weekday,26.43
8453,2023-12-19 05:00:00.000,25.491049500000003,winter weekday,26.43
8454,2023-12-19 06:00:00.000,27.3253155,winter weekday,26.43
8455,2023-12-19 07:00:00.000,29.072116500000007,winter weekday,30.5
8456,2023-12-19 08:00:00.000,29.875545,winter weekday,30.5
8457,2023-12-19 09:00:00.000,29.148336000000004,winter weekday,30.5
8458,2023-12-19 10:00:00.000,28.126245000000004,winter weekday,26.43
8459,2023-12-19 11:00:00.000,27.32781450000001,winter weekday,26.43
8460,2023-12-19 12:00:00.000,26.926725000000005,winter weekday,26.43
8461,2023-12-19 13:00:00.000,26.705563500000007,winter weekday,26.43
8462,2023-12-19 14:00:00.000,27.446517000000004,winter weekday,26.43
8463,2023-12-19 15:00:00.000,27.916329,winter weekday,26.43
8464,2023-12-19 16:00:00.000,28.3898895,winter weekday,26.43
8465,2023-12-19 17:00:00.000,28.839709500000005,winter weekday,30.5
8466,2023-12-19 18:00:00.000,28.830963,winter weekday,30.5
8467,2023-12-19 19:00:00.000,28.713510000000003,winter weekday,30.5
8468,2023-12-19 20:00:00.000,27.991299000000005,winter weekday,26.43
8469,2023-12-19 21:00:00.000,27.299076000000007,winter weekday,26.43
8470,2023-12-19 22:00:00.000,26.824266000000005,winter weekday,26.43
8471,2023-12-19 23:00:00.000,24.843808500000005,winter weekday,26.43
8472,2023-12-20 00:00:00.000,24.596407500000005,winter weekday,26.43
8473,2023-12-20 01:00:00.000,23.675526000000005,winter weekday,26.43
8474,2023-12-20 02:00:00.000,23.36565000000001,winter weekday,26.43
8475,2023-12-20 03:00:00.000,22.363551,winter weekday,26.43
8476,2023-12-20 04:00:00.000,21.3052245,winter weekday,26.43
8477,2023-12-20 05:00:00.000,22.368549000000005,winter weekday,26.43
8478,2023-12-20 06:00:00.000,23.205714,winter weekday,26.43
8479,2023-12-20 07:00:00.000,25.859652000000004,winter weekday,26.43
8480,2023-12-20 08:00:00.000,26.48065350000001,winter weekday,26.43
8481,2023-12-20 09:00:00.000,26.182023,winter weekday,26.43
8482,2023-12-20 10:00:00.000,25.855903500000007,winter weekday,26.43
8483,2023-12-20 11:00:00.000,25.159932000000005,winter weekday,26.43
8484,2023-12-20 12:00:00.000,25.114950000000004,winter weekday,26.43
8485,2023-12-20 13:00:00.000,24.9387705,winter weekday,26.43
8486,2023-12-20 14:00:00.000,25.714710000000004,winter weekday,26.43
8487,2023-12-20 15:00:00.000,26.112051000000005,winter weekday,26.43
8488,2023-12-20 16:00:00.000,26.5506255,winter weekday,26.43
8489,2023-12-20 17:00:00.000,27.394038000000005,winter weekday,26.43
8490,2023-12-20 18:00:00.000,27.592708500000008,winter weekday,26.43
8491,2023-12-20 19:00:00.000,27.593958000000004,winter weekday,26.43
8492,2023-12-20 20:00:00.000,27.11290050000001,winter weekday,26.43
8493,2023-12-20 21:00:00.000,25.712211000000003,winter weekday,26.43
8494,2023-12-20 22:00:00.000,25.042479000000004,winter weekday,26.43
8495,2023-12-20 23:00:00.000,23.475606000000003,winter weekday,26.43
8496,2023-12-21 00:00:00.000,21.136542,winter weekday,26.43
8497,2023-12-21 01:00:00.000,20.501796,winter weekday,26.43
8498,2023-12-21 02:00:00.000,19.979505,winter weekday,26.43
8499,2023-12-21 03:00:00.000,17.802875999999998,winter weekday,26.43
8500,2023-12-21 04:00:00.000,17.3767965,winter weekday,26.43
8501,2023-12-21 05:00:00.000,17.409283499999997,winter weekday,26.43
8502,2023-12-21 06:00:00.000,20.3481075,winter weekday,26.43
8503,2023-12-21 07:00:00.000,23.005794,winter weekday,26.43
8504,2023-12-21 08:00:00.000,23.485602000000004,winter weekday,26.43
8505,2023-12-21 09:00:00.000,22.021188,winter weekday,26.43
8506,2023-12-21 10:00:00.000,21.6525855,winter weekday,26.43
8507,2023-12-21 11:00:00.000,20.6229975,winter weekday,26.43
8508,2023-12-21 12:00:00.000,20.3056245,winter weekday,26.43
8509,2023-12-21 13:00:00.000,18.812472,winter weekday,26.43
8510,2023-12-21 14:00:00.000,18.6837735,winter weekday,26.43
8511,2023-12-21 15:00:00.000,19.46721,winter weekday,26.43
8512,2023-12-21 16:00:00.000,19.4859525,winter weekday,26.43
8513,2023-12-21 17:00:00.000,21.751296,winter weekday,26.43
8514,2023-12-21 18:00:00.000,22.283583,winter weekday,26.43
8515,2023-12-21 19:00:00.000,23.426875500000005,winter weekday,26.43
8516,2023-12-21 20:00:00.000,22.487251500000003,winter weekday,26.43
8517,2023-12-21 21:00:00.000,21.5101425,winter weekday,26.43
8518,2023-12-21 22:00:00.000,20.962861499999995,winter weekday,26.43
8519,2023-12-21 23:00:00.000,18.1239975,winter weekday,26.43
8520,2023-12-22 00:00:00.000,17.369299499999997,winter weekday,26.43
8521,2023-12-22 01:00:00.000,17.356745,winter weekday,26.43
8522,2023-12-22 02:00:00.000,17.360136499999996,winter weekday,26.43
8523,2023-12-22 03:00:00.000,17.347700999999997,winter weekday,26.43
8524,2023-12-22 04:00:00.000,17.3397875,winter weekday,26.43
8525,2023-12-22 05:00:00.000,17.359005999999997,winter weekday,26.43
8526,2023-12-22 06:00:00.000,17.4692595,winter weekday,26.43
8527,2023-12-22 07:00:00.000,21.326466,winter weekday,26.43
8528,2023-12-22 08:00:00.000,22.3323135,winter weekday,26.43
8529,2023-12-22 09:00:00.000,21.821268,winter weekday,26.43
8530,2023-12-22 10:00:00.000,20.6729775,winter weekday,26.43
8531,2023-12-22 11:00:00.000,20.645488500000003,winter weekday,26.43
8532,2023-12-22 12:00:00.000,20.7079635,winter weekday,26.43
8533,2023-12-22 13:00:00.000,20.529285,winter weekday,26.43
8534,2023-12-22 14:00:00.000,20.974107,winter weekday,26.43
8535,2023-12-22 15:00:00.000,21.637591500000003,winter weekday,26.43
8536,2023-12-22 16:00:00.000,22.667179500000003,winter weekday,26.43
8537,2023-12-22 17:00:00.000,22.734652500000003,winter weekday,26.43
8538,2023-12-22 18:00:00.000,23.660532000000003,winter weekday,26.43
8539,2023-12-22 19:00:00.000,22.427275500000004,winter weekday,26.43
8540,2023-12-22 20:00:00.000,20.449317,winter weekday,26.43
8541,2023-12-22 21:00:00.000,20.5580235,winter weekday,26.43
8542,2023-12-22 22:00:00.000,21.1677795,winter weekday,26.43
8543,2023-12-22 23:00:00.000,18.86745,winter weekday,26.43
8544,2023-12-23 00:00:00.000,17.373047999999997,winter weekend,19.94
8545,2023-12-23 01:00:00.000,17.366919499999998,winter weekend,19.94
8546,2023-12-23 02:00:00.000,17.366919499999998,winter weekend,19.94
8547,2023-12-23 03:00:00.000,17.365789,winter weekend,19.94
8548,2023-12-23 04:00:00.000,17.366919499999998,winter weekend,19.94
8549,2023-12-23 05:00:00.000,17.368049999999997,winter weekend,19.94
8550,2023-12-23 06:00:00.000,17.380544999999998,winter weekend,19.94
8551,2023-12-23 07:00:00.000,18.2964285,winter weekend,19.94
8552,2023-12-23 08:00:00.000,19.86705,winter weekend,19.94
8553,2023-12-23 09:00:00.000,22.625946000000003,winter weekend,19.94
8554,2023-12-23 10:00:00.000,22.570968000000004,winter weekend,19.94
8555,2023-12-23 11:00:00.000,23.103255000000004,winter weekend,19.94
8556,2023-12-23 12:00:00.000,23.285682000000005,winter weekend,19.94
8557,2023-12-23 13:00:00.000,23.591809500000004,winter weekend,19.94
8558,2023-12-23 14:00:00.000,23.902935000000003,winter weekend,27.53
8559,2023-12-23 15:00:00.000,24.086611500000004,winter weekend,27.53
8560,2023-12-23 16:00:00.000,24.6213975,winter weekend,27.53
8561,2023-12-23 17:00:00.000,25.87964400000001,winter weekend,27.53
8562,2023-12-23 18:00:00.000,25.670977500000003,winter weekend,27.53
8563,2023-12-23 19:00:00.000,25.0587225,winter weekend,27.53
8564,2023-12-23 20:00:00.000,24.077865000000003,winter weekend,27.53
8565,2023-12-23 21:00:00.000,22.560972000000003,winter weekend,19.94
8566,2023-12-23 22:00:00.000,19.9032855,winter weekend,19.94
8567,2023-12-23 23:00:00.000,18.335163,winter weekend,19.94
8568,2023-12-24 00:00:00.000,17.368049999999997,winter weekend,19.94
8569,2023-12-24 01:00:00.000,17.3646585,winter weekend,19.94
8570,2023-12-24 02:00:00.000,17.335265500000002,winter weekend,19.94
8571,2023-12-24 03:00:00.000,17.2583915,winter weekend,19.94
8572,2023-12-24 04:00:00.000,16.945242999999998,winter weekend,19.94
8573,2023-12-24 05:00:00.000,16.8061915,winter weekend,19.94
8574,2023-12-24 06:00:00.000,16.890978999999998,winter weekend,19.94
8575,2023-12-24 07:00:00.000,17.039074499999998,winter weekend,19.94
8576,2023-12-24 08:00:00.000,17.036813499999997,winter weekend,19.94
8577,2023-12-24 09:00:00.000,17.0142035,winter weekend,19.94
8578,2023-12-24 10:00:00.000,16.7858425,winter weekend,19.94
8579,2023-12-24 11:00:00.000,16.9644615,winter weekend,19.94
8580,2023-12-24 12:00:00.000,17.0345525,winter weekend,19.94
8581,2023-12-24 13:00:00.000,16.9418515,winter weekend,19.94
8582,2023-12-24 14:00:00.000,17.120470499999996,winter weekend,19.94
8583,2023-12-24 15:00:00.000,17.112557,winter weekend,19.94
8584,2023-12-24 16:00:00.000,17.136297499999998,winter weekend,19.94
8585,2023-12-24 17:00:00.000,17.101252,winter weekend,19.94
8586,2023-12-24 18:00:00.000,16.737231,winter weekend,19.94
8587,2023-12-24 19:00:00.000,16.342686500000003,winter weekend,19.94
8588,2023-12-24 20:00:00.000,16.634355499999998,winter weekend,19.94
8589,2023-12-24 21:00:00.000,17.008550999999997,winter weekend,19.94
8590,2023-12-24 22:00:00.000,17.028899999999997,winter weekend,19.94
8591,2023-12-24 23:00:00.000,16.6795755,winter weekend,19.94
8592,2023-12-25 00:00:00.000,16.918111,winter weekend,19.94
8593,2023-12-25 01:00:00.000,16.223984,winter weekend,19.94
8594,2023-12-25 02:00:00.000,16.1459795,winter weekend,19.94
8595,2023-12-25 03:00:00.000,15.956055499999998,winter weekend,19.94
8596,2023-12-25 04:00:00.000,15.8565715,winter weekend,19.94
8597,2023-12-25 05:00:00.000,16.221722999999997,winter weekend,19.94
8598,2023-12-25 06:00:00.000,16.50887,winter weekend,19.94
8599,2023-12-25 07:00:00.000,16.748536,winter weekend,19.94
8600,2023-12-25 08:00:00.000,17.355614499999998,winter weekend,19.94
8601,2023-12-25 09:00:00.000,17.2583915,winter weekend,19.94
8602,2023-12-25 10:00:00.000,17.2583915,winter weekend,19.94
8603,2023-12-25 11:00:00.000,17.359005999999997,winter weekend,19.94
8604,2023-12-25 12:00:00.000,17.365789,winter weekend,19.94
8605,2023-12-25 13:00:00.000,17.368049999999997,winter weekend,19.94
8606,2023-12-25 14:00:00.000,17.369299499999997,winter weekend,19.94
8607,2023-12-25 15:00:00.000,17.677926,winter weekend,19.94
8608,2023-12-25 16:00:00.000,18.854955,winter weekend,19.94
8609,2023-12-25 17:00:00.000,19.869549,winter weekend,19.94
8610,2023-12-25 18:00:00.000,19.702116,winter weekend,19.94
8611,2023-12-25 19:00:00.000,19.1560845,winter weekend,19.94
8612,2023-12-25 20:00:00.000,18.607554,winter weekend,19.94
8613,2023-12-25 21:00:00.000,17.8066245,winter weekend,19.94
8614,2023-12-25 22:00:00.000,17.9928,winter weekend,19.94
8615,2023-12-25 23:00:00.000,17.378046,winter weekend,19.94
8616,2023-12-26 00:00:00.000,17.368049999999997,winter weekend,19.94
8617,2023-12-26 01:00:00.000,17.365789,winter weekend,19.94
8618,2023-12-26 02:00:00.000,17.355614499999998,winter weekend,19.94
8619,2023-12-26 03:00:00.000,17.066206499999996,winter weekend,19.94
8620,2023-12-26 04:00:00.000,16.9508955,winter weekend,19.94
8621,2023-12-26 05:00:00.000,17.158907499999998,winter weekend,19.94
8622,2023-12-26 06:00:00.000,17.216563,winter weekend,19.94
8623,2023-12-26 07:00:00.000,17.264044,winter weekend,19.94
8624,2023-12-26 08:00:00.000,17.2493475,winter weekend,19.94
8625,2023-12-26 09:00:00.000,17.359005999999997,winter weekend,19.94
8626,2023-12-26 10:00:00.000,17.361267,winter weekend,19.94
8627,2023-12-26 11:00:00.000,17.3623975,winter weekend,19.94
8628,2023-12-26 12:00:00.000,17.363528,winter weekend,19.94
8629,2023-12-26 13:00:00.000,17.368049999999997,winter weekend,19.94
8630,2023-12-26 14:00:00.000,17.438022,winter weekend,19.94
8631,2023-12-26 15:00:00.000,18.6212985,winter weekend,19.94
8632,2023-12-26 16:00:00.000,23.283183,winter weekend,19.94
8633,2023-12-26 17:00:00.000,23.989150500000004,winter weekend,27.53
8634,2023-12-26 18:00:00.000,24.072867,winter weekend,27.53
8635,2023-12-26 19:00:00.000,23.996647500000005,winter weekend,27.53
8636,2023-12-26 20:00:00.000,23.530584000000005,winter weekend,19.94
8637,2023-12-26 21:00:00.000,22.8596025,winter weekend,19.94
8638,2023-12-26 22:00:00.000,23.194468500000003,winter weekend,19.94
8639,2023-12-26 23:00:00.000,24.025386,winter weekend,27.53
8640,2023-12-27 00:00:00.000,22.534732500000004,winter weekend,19.94
8641,2023-12-27 01:00:00.000,23.8741965,winter weekend,27.53
8642,2023-12-27 02:00:00.000,24.5689185,winter weekend,27.53
8643,2023-12-27 03:00:00.000,23.821717500000005,winter weekend,27.53
8644,2023-12-27 04:00:00.000,23.586811500000003,winter weekend,19.94
8645,2023-12-27 05:00:00.000,24.362751000000003,winter weekend,27.53
8646,2023-12-27 06:00:00.000,25.497297000000003,winter weekend,27.53
8647,2023-12-27 07:00:00.000,27.044178,winter weekend,27.53
8648,2023-12-27 08:00:00.000,27.7051635,winter weekend,27.53
8649,2023-12-27 09:00:00.000,27.43402200000001,winter weekend,27.53
8650,2023-12-27 10:00:00.000,26.7630405,winter weekend,27.53
8651,2023-12-27 11:00:00.000,26.703064500000004,winter weekend,27.53
8652,2023-12-27 12:00:00.000,26.58811050000001,winter weekend,27.53
8653,2023-12-27 13:00:00.000,26.349456000000007,winter weekend,27.53
8654,2023-12-27 14:00:00.000,26.569368000000004,winter weekend,27.53
8655,2023-12-27 15:00:00.000,27.357802500000005,winter weekend,27.53
8656,2023-12-27 16:00:00.000,27.335311500000003,winter weekend,27.53
8657,2023-12-27 17:00:00.000,27.404034000000003,winter weekend,27.53
8658,2023-12-27 18:00:00.000,26.658082500000003,winter weekend,27.53
8659,2023-12-27 19:00:00.000,25.471057500000004,winter weekend,27.53
8660,2023-12-27 20:00:00.000,24.206563500000005,winter weekend,27.53
8661,2023-12-27 21:00:00.000,20.459313,winter weekend,19.94
8662,2023-12-27 22:00:00.000,19.4909505,winter weekend,19.94
8663,2023-12-27 23:00:00.000,17.369299499999997,winter weekend,19.94
8664,2023-12-28 00:00:00.000,17.365789,winter weekend,19.94
8665,2023-12-28 01:00:00.000,17.279871,winter weekend,19.94
8666,2023-12-28 02:00:00.000,17.2063885,winter weekend,19.94
8667,2023-12-28 03:00:00.000,17.210910499999997,winter weekend,19.94
8668,2023-12-28 04:00:00.000,17.207519,winter weekend,19.94
8669,2023-12-28 05:00:00.000,17.3375265,winter weekend,19.94
8670,2023-12-28 06:00:00.000,17.370549,winter weekend,19.94
8671,2023-12-28 07:00:00.000,19.374747,winter weekend,19.94
8672,2023-12-28 08:00:00.000,22.14114,winter weekend,19.94
8673,2023-12-28 09:00:00.000,22.2098625,winter weekend,19.94
8674,2023-12-28 10:00:00.000,21.0253365,winter weekend,19.94
8675,2023-12-28 11:00:00.000,19.1111025,winter weekend,19.94
8676,2023-12-28 12:00:00.000,18.5263365,winter weekend,19.94
8677,2023-12-28 13:00:00.000,18.087762,winter weekend,19.94
8678,2023-12-28 14:00:00.000,19.164831,winter weekend,19.94
8679,2023-12-28 15:00:00.000,19.324767,winter weekend,19.94
8680,2023-12-28 16:00:00.000,22.408533,winter weekend,19.94
8681,2023-12-28 17:00:00.000,23.219458500000005,winter weekend,19.94
8682,2023-12-28 18:00:00.000,23.103255000000004,winter weekend,19.94
8683,2023-12-28 19:00:00.000,22.1848725,winter weekend,19.94
8684,2023-12-28 20:00:00.000,19.864551,winter weekend,19.94
8685,2023-12-28 21:00:00.000,19.0861125,winter weekend,19.94
8686,2023-12-28 22:00:00.000,19.582164,winter weekend,19.94
8687,2023-12-28 23:00:00.000,17.493,winter weekend,19.94
8688,2023-12-29 00:00:00.000,17.368049999999997,winter weekend,19.94
8689,2023-12-29 01:00:00.000,17.359005999999997,winter weekend,19.94
8690,2023-12-29 02:00:00.000,17.336396,winter weekend,19.94
8691,2023-12-29 03:00:00.000,17.2629135,winter weekend,19.94
8692,2023-12-29 04:00:00.000,17.260652500000003,winter weekend,19.94
8693,2023-12-29 05:00:00.000,17.338656999999998,winter weekend,19.94
8694,2023-12-29 06:00:00.000,17.360136499999996,winter weekend,19.94
8695,2023-12-29 07:00:00.000,17.366919499999998,winter weekend,19.94
8696,2023-12-29 08:00:00.000,17.922828,winter weekend,19.94
8697,2023-12-29 09:00:00.000,17.5042455,winter weekend,19.94
8698,2023-12-29 10:00:00.000,17.374297499999997,winter weekend,19.94
8699,2023-12-29 11:00:00.000,17.366919499999998,winter weekend,19.94
8700,2023-12-29 12:00:00.000,17.44302,winter weekend,19.94
8701,2023-12-29 13:00:00.000,17.4917505,winter weekend,19.94
8702,2023-12-29 14:00:00.000,17.646688499999996,winter weekend,19.94
8703,2023-12-29 15:00:00.000,18.6163005,winter weekend,19.94
8704,2023-12-29 16:00:00.000,18.620049,winter weekend,19.94
8705,2023-12-29 17:00:00.000,20.506794,winter weekend,19.94
8706,2023-12-29 18:00:00.000,20.6904705,winter weekend,19.94
8707,2023-12-29 19:00:00.000,19.513441499999995,winter weekend,19.94
8708,2023-12-29 20:00:00.000,18.630045,winter weekend,19.94
8709,2023-12-29 21:00:00.000,17.997797999999996,winter weekend,19.94
8710,2023-12-29 22:00:00.000,20.229405,winter weekend,19.94
8711,2023-12-29 23:00:00.000,19.7283555,winter weekend,19.94
8712,2023-12-30 00:00:00.000,18.1040055,winter weekend,19.94
8713,2023-12-30 01:00:00.000,17.7141615,winter weekend,19.94
8714,2023-12-30 02:00:00.000,18.477606,winter weekend,19.94
8715,2023-12-30 03:00:00.000,18.06777,winter weekend,19.94
8716,2023-12-30 04:00:00.000,18.085263,winter weekend,19.94
8717,2023-12-30 05:00:00.000,18.3064245,winter weekend,19.94
8718,2023-12-30 06:00:00.000,18.0890115,winter weekend,19.94
8719,2023-12-30 07:00:00.000,19.974507,winter weekend,19.94
8720,2023-12-30 08:00:00.000,20.8079235,winter weekend,19.94
8721,2023-12-30 09:00:00.000,20.856654,winter weekend,19.94
8722,2023-12-30 10:00:00.000,20.3556045,winter weekend,19.94
8723,2023-12-30 11:00:00.000,19.8533055,winter weekend,19.94
8724,2023-12-30 12:00:00.000,19.869549,winter weekend,19.94
8725,2023-12-30 13:00:00.000,20.346858,winter weekend,19.94
8726,2023-12-30 14:00:00.000,22.620948,winter weekend,19.94
8727,2023-12-30 15:00:00.000,24.396487500000003,winter weekend,27.53
8728,2023-12-30 16:00:00.000,26.113300500000005,winter weekend,27.53
8729,2023-12-30 17:00:00.000,27.381543000000004,winter weekend,27.53
8730,2023-12-30 18:00:00.000,27.3628005,winter weekend,27.53
8731,2023-12-30 19:00:00.000,26.250745500000004,winter weekend,27.53
8732,2023-12-30 20:00:00.000,25.116199500000004,winter weekend,27.53
8733,2023-12-30 21:00:00.000,24.410232000000004,winter weekend,27.53
8734,2023-12-30 22:00:00.000,23.628045000000004,winter weekend,19.94
8735,2023-12-30 23:00:00.000,22.769638500000003,winter weekend,19.94
8736,2023-12-31 00:00:00.000,21.933723,winter weekend,19.94
8737,2023-12-31 01:00:00.000,19.0261365,winter weekend,19.94
8738,2023-12-31 02:00:00.000,17.86785,winter weekend,19.94
8739,2023-12-31 03:00:00.000,17.406784499999997,winter weekend,19.94
8740,2023-12-31 04:00:00.000,17.440520999999997,winter weekend,19.94
8741,2023-12-31 05:00:00.000,17.527986,winter weekend,19.94
8742,2023-12-31 06:00:00.000,17.413031999999998,winter weekend,19.94
8743,2023-12-31 07:00:00.000,17.3646585,winter weekend,19.94
8744,2023-12-31 08:00:00.000,17.740401000000002,winter weekend,19.94
8745,2023-12-31 09:00:00.000,18.505095,winter weekend,19.94
8746,2023-12-31 10:00:00.000,19.11735,winter weekend,19.94
8747,2023-12-31 11:00:00.000,18.6812745,winter weekend,19.94
8748,2023-12-31 12:00:00.000,18.7087635,winter weekend,19.94
8749,2023-12-31 13:00:00.000,18.0865125,winter weekend,19.94
8750,2023-12-31 14:00:00.000,18.490101,winter weekend,19.94
8751,2023-12-31 15:00:00.000,18.9861525,winter weekend,19.94
8752,2023-12-31 16:00:00.000,19.979505,winter weekend,19.94
8753,2023-12-31 17:00:00.000,20.61675,winter weekend,19.94
8754,2023-12-31 18:00:00.000,20.2906305,winter weekend,19.94
8755,2023-12-31 19:00:00.000,18.4926,winter weekend,19.94
8756,2023-12-31 20:00:00.000,18.3614025,winter weekend,19.94
8757,2023-12-31 21:00:00.000,18.11775,winter weekend,19.94
8758,2023-12-31 22:00:00.000,18.702516,winter weekend,19.94
8759,2023-12-31 23:00:00.000,17.672928,winter weekend,19.94
8760,2024-01-01 00:00:00.000,19.997355,winter weekend,19.94
8761,2024-01-01 01:00:00.000,19.9861095,winter weekend,19.94
8762,2024-01-01 02:00:00.000,19.98486,winter weekend,19.94
8763,2024-01-01 03:00:00.000,19.9837295,winter weekend,19.94
8764,2024-01-01 04:00:00.000,19.9814685,winter weekend,19.94
8765,2024-01-01 05:00:00.000,19.982599,winter weekend,19.94
8766,2024-01-01 06:00:00.000,19.9792075,winter weekend,19.94
8767,2024-01-01 07:00:00.000,19.982599,winter weekend,19.94
8768,2024-01-01 08:00:00.000,19.98486,winter weekend,19.94
8769,2024-01-01 09:00:00.000,19.989858,winter weekend,19.94
8770,2024-01-01 10:00:00.000,19.992357,winter weekend,19.94
8771,2024-01-01 11:00:00.000,20.052333,winter weekend,19.94
8772,2024-01-01 12:00:00.000,20.264748,winter weekend,19.94
8773,2024-01-01 13:00:00.000,20.229762,winter weekend,19.94
8774,2024-01-01 14:00:00.000,20.114808,winter weekend,19.94
8775,2024-01-01 15:00:00.000,20.442177,winter weekend,19.94
8776,2024-01-01 16:00:00.000,25.365206999999995,winter weekend,27.53
8777,2024-01-01 17:00:00.000,26.223613499999995,winter weekend,27.53
8778,2024-01-01 18:00:00.000,27.23196,winter weekend,27.53
8779,2024-01-01 19:00:00.000,26.7633975,winter weekend,27.53
8780,2024-01-01 20:00:00.000,25.9837095,winter weekend,27.53
8781,2024-01-01 21:00:00.000,25.3514625,winter weekend,27.53
8782,2024-01-01 22:00:00.000,25.868755499999995,winter weekend,27.53
8783,2024-01-01 23:00:00.000,24.4268325,winter weekend,27.53
8784,2024-01-02 00:00:00.000,23.807080499999994,winter weekend,27.53
8785,2024-01-02 01:00:00.000,22.4926065,winter weekend,19.94
8786,2024-01-02 02:00:00.000,23.8620585,winter weekend,27.53
8787,2024-01-02 03:00:00.000,22.2826905,winter weekend,19.94
8788,2024-01-02 04:00:00.000,21.369306,winter weekend,19.94
8789,2024-01-02 05:00:00.000,21.706671,winter weekend,19.94
8790,2024-01-02 06:00:00.000,25.936228499999995,winter weekend,27.53
8791,2024-01-02 07:00:00.000,27.244454999999995,winter weekend,27.53
8792,2024-01-02 08:00:00.000,28.1903265,winter weekend,27.53
8793,2024-01-02 09:00:00.000,28.0728735,winter weekend,27.53
8794,2024-01-02 10:00:00.000,28.603911,winter weekend,27.53
8795,2024-01-02 11:00:00.000,29.173683,winter weekend,27.53
8796,2024-01-02 12:00:00.000,29.75095199999999,winter weekend,27.53
8797,2024-01-02 13:00:00.000,29.8396665,winter weekend,27.53
8798,2024-01-02 14:00:00.000,29.885898,winter weekend,27.53
8799,2024-01-02 15:00:00.000,29.975861999999992,winter weekend,27.53
8800,2024-01-02 16:00:00.000,30.413187,winter weekend,32.84
8801,2024-01-02 17:00:00.000,30.095814,winter weekend,27.53
8802,2024-01-02 18:00:00.000,29.3498625,winter weekend,27.53
8803,2024-01-02 19:00:00.000,27.879200999999995,winter weekend,27.53
8804,2024-01-02 20:00:00.000,27.1207545,winter weekend,27.53
8805,2024-01-02 21:00:00.000,25.8437655,winter weekend,27.53
8806,2024-01-02 22:00:00.000,24.982859999999995,winter weekend,27.53
8807,2024-01-02 23:00:00.000,20.9132385,winter weekend,19.94
8808,2024-01-03 00:00:00.000,19.975816,winter weekend,19.94
8809,2024-01-03 01:00:00.000,19.8458085,winter weekend,19.94
8810,2024-01-03 02:00:00.000,19.837895,winter weekend,19.94
8811,2024-01-03 03:00:00.000,19.8367645,winter weekend,19.94
8812,2024-01-03 04:00:00.000,19.8367645,winter weekend,19.94
8813,2024-01-03 05:00:00.000,19.828851,winter weekend,19.94
8814,2024-01-03 06:00:00.000,20.1210555,winter weekend,19.94
8815,2024-01-03 07:00:00.000,25.056580499999995,winter weekend,27.53
8816,2024-01-03 08:00:00.000,27.4331295,winter weekend,27.53
8817,2024-01-03 09:00:00.000,27.5580795,winter weekend,27.53
8818,2024-01-03 10:00:00.000,27.107009999999995,winter weekend,27.53
8819,2024-01-03 11:00:00.000,26.8433655,winter weekend,27.53
8820,2024-01-03 12:00:00.000,26.718415499999992,winter weekend,27.53
8821,2024-01-03 13:00:00.000,26.784638999999995,winter weekend,27.53
8822,2024-01-03 14:00:00.000,27.589317,winter weekend,27.53
8823,2024-01-03 15:00:00.000,28.379001,winter weekend,27.53
8824,2024-01-03 16:00:00.000,29.1799305,winter weekend,27.53
8825,2024-01-03 17:00:00.000,30.265746,winter weekend,32.84
8826,2024-01-03 18:00:00.000,30.3519615,winter weekend,32.84
8827,2024-01-03 19:00:00.000,29.8596585,winter weekend,27.53
8828,2024-01-03 20:00:00.000,29.1349485,winter weekend,27.53
8829,2024-01-03 21:00:00.000,28.407739499999995,winter weekend,27.53
8830,2024-01-03 22:00:00.000,28.10661,winter weekend,27.53
8831,2024-01-03 23:00:00.000,27.246953999999995,winter weekend,27.53
8832,2024-01-04 00:00:00.000,27.144495,winter weekend,27.53
8833,2024-01-04 01:00:00.000,26.289836999999995,winter weekend,27.53
8834,2024-01-04 02:00:00.000,24.982859999999995,winter weekend,27.53
8835,2024-01-04 03:00:00.000,23.168586,winter weekend,19.94
8836,2024-01-04 04:00:00.000,24.35811,winter weekend,27.53
8837,2024-01-04 05:00:00.000,27.1982235,winter weekend,27.53
8838,2024-01-04 06:00:00.000,29.0624775,winter weekend,27.53
8839,2024-01-04 07:00:00.000,30.608108999999995,winter weekend,32.84
8840,2024-01-04 08:00:00.000,31.414036499999995,winter weekend,32.84
8841,2024-01-04 09:00:00.000,31.75515,winter weekend,32.84
8842,2024-01-04 10:00:00.000,31.4315295,winter weekend,32.84
8843,2024-01-04 11:00:00.000,31.234108499999994,winter weekend,32.84
8844,2024-01-04 12:00:00.000,30.768045,winter weekend,32.84
8845,2024-01-04 13:00:00.000,30.725562,winter weekend,32.84
8846,2024-01-04 14:00:00.000,31.4940045,winter weekend,32.84
8847,2024-01-04 15:00:00.000,32.30742899999999,winter weekend,32.84
8848,2024-01-04 16:00:00.000,33.1958235,winter weekend,32.84
8849,2024-01-04 17:00:00.000,36.63194849999999,winter weekend,32.84
8850,2024-01-04 18:00:00.000,38.0588775,winter weekend,32.84
8851,2024-01-04 19:00:00.000,35.60361,winter weekend,32.84
8852,2024-01-04 20:00:00.000,32.9284305,winter weekend,32.84
8853,2024-01-04 21:00:00.000,32.481109499999995,winter weekend,32.84
8854,2024-01-04 22:00:00.000,31.837616999999995,winter weekend,32.84
8855,2024-01-04 23:00:00.000,31.0841685,winter weekend,32.84
8856,2024-01-05 00:00:00.000,30.740555999999994,winter weekend,32.84
8857,2024-01-05 01:00:00.000,30.0445845,winter weekend,27.53
8858,2024-01-05 02:00:00.000,29.607259499999994,winter weekend,27.53
8859,2024-01-05 03:00:00.000,29.1324495,winter weekend,27.53
8860,2024-01-05 04:00:00.000,29.2374075,winter weekend,27.53
8861,2024-01-05 05:00:00.000,29.4848085,winter weekend,27.53
8862,2024-01-05 06:00:00.000,30.105809999999995,winter weekend,27.53
8863,2024-01-05 07:00:00.000,30.855509999999995,winter weekend,32.84
8864,2024-01-05 08:00:00.000,31.1766315,winter weekend,32.84
8865,2024-01-05 09:00:00.000,31.8463635,winter weekend,32.84
8866,2024-01-05 10:00:00.000,32.015046,winter weekend,32.84
8867,2024-01-05 11:00:00.000,32.257448999999994,winter weekend,32.84
8868,2024-01-05 12:00:00.000,31.510248,winter weekend,32.84
8869,2024-01-05 13:00:00.000,31.422783,winter weekend,32.84
8870,2024-01-05 14:00:00.000,32.0312895,winter weekend,32.84
8871,2024-01-05 15:00:00.000,32.4861075,winter weekend,32.84
8872,2024-01-05 16:00:00.000,32.8509615,winter weekend,32.84
8873,2024-01-05 17:00:00.000,33.401990999999995,winter weekend,32.84
8874,2024-01-05 18:00:00.000,33.535687499999995,winter weekend,32.84
8875,2024-01-05 19:00:00.000,32.974661999999995,winter weekend,32.84
8876,2024-01-05 20:00:00.000,32.4911055,winter weekend,32.84
8877,2024-01-05 21:00:00.000,31.7539005,winter weekend,32.84
8878,2024-01-05 22:00:00.000,31.845114,winter weekend,32.84
8879,2024-01-05 23:00:00.000,30.83052,winter weekend,32.84
8880,2024-01-06 00:00:00.000,30.2619975,winter weekend,32.84
8881,2024-01-06 01:00:00.000,30.005849999999995,winter weekend,27.53
8882,2024-01-06 02:00:00.000,29.4973035,winter weekend,27.53
8883,2024-01-06 03:00:00.000,29.1074595,winter weekend,27.53
8884,2024-01-06 04:00:00.000,29.1074595,winter weekend,27.53
8885,2024-01-06 05:00:00.000,29.3048805,winter weekend,27.53
8886,2024-01-06 06:00:00.000,29.368604999999995,winter weekend,27.53
8887,2024-01-06 07:00:00.000,30.1545405,winter weekend,27.53
8888,2024-01-06 08:00:00.000,31.030439999999995,winter weekend,32.84
8889,2024-01-06 09:00:00.000,31.5089985,winter weekend,32.84
8890,2024-01-06 10:00:00.000,32.142495,winter weekend,32.84
8891,2024-01-06 11:00:00.000,32.5335885,winter weekend,32.84
8892,2024-01-06 12:00:00.000,32.374902,winter weekend,32.84
8893,2024-01-06 13:00:00.000,31.882598999999995,winter weekend,32.84
8894,2024-01-06 14:00:00.000,31.5489825,winter weekend,32.84
8895,2024-01-06 15:00:00.000,31.8663555,winter weekend,32.84
8896,2024-01-06 16:00:00.000,32.46111749999999,winter weekend,32.84
8897,2024-01-06 17:00:00.000,33.0133965,winter weekend,32.84
8898,2024-01-06 18:00:00.000,32.9334285,winter weekend,32.84
8899,2024-01-06 19:00:00.000,32.35491,winter weekend,32.84
8900,2024-01-06 20:00:00.000,31.497753,winter weekend,32.84
8901,2024-01-06 21:00:00.000,30.98046,winter weekend,32.84
8902,2024-01-06 22:00:00.000,30.8017815,winter weekend,32.84
8903,2024-01-06 23:00:00.000,29.964616499999995,winter weekend,27.53
8904,2024-01-07 00:00:00.000,30.490656,winter weekend,32.84
8905,2024-01-07 01:00:00.000,29.958369,winter weekend,27.53
8906,2024-01-07 02:00:00.000,29.576021999999995,winter weekend,27.53
8907,2024-01-07 03:00:00.000,29.163687,winter weekend,27.53
8908,2024-01-07 04:00:00.000,28.963767,winter weekend,27.53
8909,2024-01-07 05:00:00.000,28.991256,winter weekend,27.53
8910,2024-01-07 06:00:00.000,29.343615,winter weekend,27.53
8911,2024-01-07 07:00:00.000,29.6922255,winter weekend,27.53
8912,2024-01-07 08:00:00.000,30.2045205,winter weekend,32.84
8913,2024-01-07 09:00:00.000,30.588117,winter weekend,32.84
8914,2024-01-07 10:00:00.000,30.8742525,winter weekend,32.84
8915,2024-01-07 11:00:00.000,31.122903,winter weekend,32.84
8916,2024-01-07 12:00:00.000,31.062926999999995,winter weekend,32.84
8917,2024-01-07 13:00:00.000,30.5818695,winter weekend,32.84
8918,2024-01-07 14:00:00.000,30.523143,winter weekend,32.84
8919,2024-01-07 15:00:00.000,30.9817095,winter weekend,32.84
8920,2024-01-07 16:00:00.000,31.657689,winter weekend,32.84
8921,2024-01-07 17:00:00.000,32.7010215,winter weekend,32.84
8922,2024-01-07 18:00:00.000,33.08586749999999,winter weekend,32.84
8923,2024-01-07 19:00:00.000,32.9234325,winter weekend,32.84
8924,2024-01-07 20:00:00.000,32.542334999999994,winter weekend,32.84
8925,2024-01-07 21:00:00.000,31.6439445,winter weekend,32.84
8926,2024-01-07 22:00:00.000,31.376551499999994,winter weekend,32.84
8927,2024-01-07 23:00:00.000,30.463166999999995,winter weekend,32.84
8928,2024-01-08 00:00:00.000,30.858009,winter weekday,30.5
8929,2024-01-08 01:00:00.000,30.52064399999999,winter weekday,30.5
8930,2024-01-08 02:00:00.000,30.208268999999994,winter weekday,30.5
8931,2024-01-08 03:00:00.000,29.869654499999992,winter weekday,30.5
8932,2024-01-08 04:00:00.000,29.790935999999995,winter weekday,30.5
8933,2024-01-08 05:00:00.000,30.243254999999994,winter weekday,30.5
8934,2024-01-08 06:00:00.000,31.767645,winter weekday,30.5
8935,2024-01-08 07:00:00.000,33.86680499999999,winter weekday,35.79
8936,2024-01-08 08:00:00.000,35.1175545,winter weekday,35.79
8937,2024-01-08 09:00:00.000,34.7077185,winter weekday,35.79
8938,2024-01-08 10:00:00.000,33.80432999999999,winter weekday,35.79
8939,2024-01-08 11:00:00.000,32.85471,winter weekday,30.5
8940,2024-01-08 12:00:00.000,31.917584999999995,winter weekday,30.5
8941,2024-01-08 13:00:00.000,31.55523,winter weekday,30.5
8942,2024-01-08 14:00:00.000,32.479859999999995,winter weekday,30.5
8943,2024-01-08 15:00:00.000,33.476961,winter weekday,35.79
8944,2024-01-08 16:00:00.000,34.587766499999994,winter weekday,35.79
8945,2024-01-08 17:00:00.000,36.1196535,winter weekday,35.79
8946,2024-01-08 18:00:00.000,36.2296095,winter weekday,35.79
8947,2024-01-08 19:00:00.000,35.243754,winter weekday,35.79
8948,2024-01-08 20:00:00.000,34.2553995,winter weekday,35.79
8949,2024-01-08 21:00:00.000,32.833468499999995,winter weekday,30.5
8950,2024-01-08 22:00:00.000,32.477360999999995,winter weekday,30.5
8951,2024-01-08 23:00:00.000,31.416535499999995,winter weekday,30.5
8952,2024-01-09 00:00:00.000,31.000452,winter weekday,30.5
8953,2024-01-09 01:00:00.000,30.860507999999992,winter weekday,30.5
8954,2024-01-09 02:00:00.000,30.605609999999995,winter weekday,30.5
8955,2024-01-09 03:00:00.000,30.498153,winter weekday,30.5
8956,2024-01-09 04:00:00.000,30.695574,winter weekday,30.5
8957,2024-01-09 05:00:00.000,31.140396,winter weekday,30.5
8958,2024-01-09 06:00:00.000,33.543184499999995,winter weekday,35.79
8959,2024-01-09 07:00:00.000,35.486157,winter weekday,35.79
8960,2024-01-09 08:00:00.000,36.63319799999999,winter weekday,35.79
8961,2024-01-09 09:00:00.000,35.092564499999995,winter weekday,35.79
8962,2024-01-09 10:00:00.000,34.1279505,winter weekday,35.79
8963,2024-01-09 11:00:00.000,33.202071,winter weekday,35.79
8964,2024-01-09 12:00:00.000,32.507349,winter weekday,30.5
8965,2024-01-09 13:00:00.000,32.58231899999999,winter weekday,30.5
8966,2024-01-09 14:00:00.000,33.8405655,winter weekday,35.79
8967,2024-01-09 15:00:00.000,34.90389,winter weekday,35.79
8968,2024-01-09 16:00:00.000,35.9597175,winter weekday,35.79
8969,2024-01-09 17:00:00.000,37.207968,winter weekday,35.79
8970,2024-01-09 18:00:00.000,37.20296999999999,winter weekday,35.79
8971,2024-01-09 19:00:00.000,36.28208849999999,winter weekday,35.79
8972,2024-01-09 20:00:00.000,35.00884799999999,winter weekday,35.79
8973,2024-01-09 21:00:00.000,33.939276,winter weekday,35.79
8974,2024-01-09 22:00:00.000,33.252050999999994,winter weekday,35.79
8975,2024-01-09 23:00:00.000,32.116255499999994,winter weekday,30.5
8976,2024-01-10 00:00:00.000,31.1416455,winter weekday,30.5
8977,2024-01-10 01:00:00.000,30.825522,winter weekday,30.5
8978,2024-01-10 02:00:00.000,30.821773499999992,winter weekday,30.5
8979,2024-01-10 03:00:00.000,30.741805499999995,winter weekday,30.5
8980,2024-01-10 04:00:00.000,30.768045,winter weekday,30.5
8981,2024-01-10 05:00:00.000,31.1116575,winter weekday,30.5
8982,2024-01-10 06:00:00.000,33.58941599999999,winter weekday,35.79
8983,2024-01-10 07:00:00.000,35.7647955,winter weekday,35.79
8984,2024-01-10 08:00:00.000,37.637796,winter weekday,35.79
8985,2024-01-10 09:00:00.000,36.27709049999999,winter weekday,35.79
8986,2024-01-10 10:00:00.000,34.798932,winter weekday,35.79
8987,2024-01-10 11:00:00.000,33.6206535,winter weekday,35.79
8988,2024-01-10 12:00:00.000,32.755999499999994,winter weekday,30.5
8989,2024-01-10 13:00:00.000,33.180829499999994,winter weekday,35.79
8990,2024-01-10 14:00:00.000,34.092964499999994,winter weekday,35.79
8991,2024-01-10 15:00:00.000,35.453669999999995,winter weekday,35.79
8992,2024-01-10 16:00:00.000,36.808128,winter weekday,35.79
8993,2024-01-10 17:00:00.000,37.9514205,winter weekday,35.79
8994,2024-01-10 18:00:00.000,37.47785999999999,winter weekday,35.79
8995,2024-01-10 19:00:00.000,36.4970025,winter weekday,35.79
8996,2024-01-10 20:00:00.000,34.97886,winter weekday,35.79
8997,2024-01-10 21:00:00.000,33.699372,winter weekday,35.79
8998,2024-01-10 22:00:00.000,33.040885499999995,winter weekday,30.5
8999,2024-01-10 23:00:00.000,31.983808499999995,winter weekday,30.5
9000,2024-01-11 00:00:00.000,31.4490225,winter weekday,30.5
9001,2024-01-11 01:00:00.000,31.0541805,winter weekday,30.5
9002,2024-01-11 02:00:00.000,30.886747499999995,winter weekday,30.5
9003,2024-01-11 03:00:00.000,30.278241,winter weekday,30.5
9004,2024-01-11 04:00:00.000,30.224512499999992,winter weekday,30.5
9005,2024-01-11 05:00:00.000,31.150392,winter weekday,30.5
9006,2024-01-11 06:00:00.000,32.73850649999999,winter weekday,30.5
9007,2024-01-11 07:00:00.000,34.586517,winter weekday,35.79
9008,2024-01-11 08:00:00.000,37.60280999999999,winter weekday,35.79
9009,2024-01-11 09:00:00.000,36.123402,winter weekday,35.79
9010,2024-01-11 10:00:00.000,34.1854275,winter weekday,35.79
9011,2024-01-11 11:00:00.000,33.289536,winter weekday,35.79
9012,2024-01-11 12:00:00.000,32.402390999999994,winter weekday,30.5
9013,2024-01-11 13:00:00.000,32.35491,winter weekday,30.5
9014,2024-01-11 14:00:00.000,33.22706099999999,winter weekday,35.79
9015,2024-01-11 15:00:00.000,34.72396199999999,winter weekday,35.79
9016,2024-01-11 16:00:00.000,37.1467425,winter weekday,35.79
9017,2024-01-11 17:00:00.000,38.7386055,winter weekday,35.79
9018,2024-01-11 18:00:00.000,37.0642755,winter weekday,35.79
9019,2024-01-11 19:00:00.000,36.5169945,winter weekday,35.79
9020,2024-01-11 20:00:00.000,34.713966,winter weekday,35.79
9021,2024-01-11 21:00:00.000,33.37825049999999,winter weekday,35.79
9022,2024-01-11 22:00:00.000,32.479859999999995,winter weekday,30.5
9023,2024-01-11 23:00:00.000,32.132499,winter weekday,30.5
9024,2024-01-12 00:00:00.000,31.360308,winter weekday,30.5
9025,2024-01-12 01:00:00.000,31.007949,winter weekday,30.5
9026,2024-01-12 02:00:00.000,30.633098999999994,winter weekday,30.5
9027,2024-01-12 03:00:00.000,30.55937849999999,winter weekday,30.5
9028,2024-01-12 04:00:00.000,30.523143,winter weekday,30.5
9029,2024-01-12 05:00:00.000,30.645594,winter weekday,30.5
9030,2024-01-12 06:00:00.000,31.4940045,winter weekday,30.5
9031,2024-01-12 07:00:00.000,34.748952,winter weekday,35.79
9032,2024-01-12 08:00:00.000,37.570323,winter weekday,35.79
9033,2024-01-12 09:00:00.000,36.848112,winter weekday,35.79
9034,2024-01-12 10:00:00.000,35.230009499999994,winter weekday,35.79
9035,2024-01-12 11:00:00.000,34.320373499999995,winter weekday,35.79
9036,2024-01-12 12:00:00.000,33.352011,winter weekday,35.79
9037,2024-01-12 13:00:00.000,32.86470599999999,winter weekday,30.5
9038,2024-01-12 14:00:00.000,33.047132999999995,winter weekday,30.5
9039,2024-01-12 15:00:00.000,33.72935999999999,winter weekday,35.79
9040,2024-01-12 16:00:00.000,34.97886,winter weekday,35.79
9041,2024-01-12 17:00:00.000,35.91598499999999,winter weekday,35.79
9042,2024-01-12 18:00:00.000,35.728559999999995,winter weekday,35.79
9043,2024-01-12 19:00:00.000,34.91263649999999,winter weekday,35.79
9044,2024-01-12 20:00:00.000,33.5781705,winter weekday,35.79
9045,2024-01-12 21:00:00.000,32.28993599999999,winter weekday,30.5
9046,2024-01-12 22:00:00.000,31.6514415,winter weekday,30.5
9047,2024-01-12 23:00:00.000,30.653091,winter weekday,30.5
9048,2024-01-13 00:00:00.000,31.23036,winter weekend,32.84
9049,2024-01-13 01:00:00.000,30.605609999999995,winter weekend,32.84
9050,2024-01-13 02:00:00.000,30.23076,winter weekend,32.84
9051,2024-01-13 03:00:00.000,29.78968649999999,winter weekend,27.53
9052,2024-01-13 04:00:00.000,29.35611,winter weekend,27.53
9053,2024-01-13 05:00:00.000,29.346114,winter weekend,27.53
9054,2024-01-13 06:00:00.000,29.743455,winter weekend,27.53
9055,2024-01-13 07:00:00.000,30.258249,winter weekend,32.84
9056,2024-01-13 08:00:00.000,30.638096999999995,winter weekend,32.84
9057,2024-01-13 09:00:00.000,29.369854499999995,winter weekend,27.53
9058,2024-01-13 10:00:00.000,29.257399499999995,winter weekend,27.53
9059,2024-01-13 11:00:00.000,29.071224,winter weekend,27.53
9060,2024-01-13 12:00:00.000,28.775092499999992,winter weekend,27.53
9061,2024-01-13 13:00:00.000,27.9404265,winter weekend,27.53
9062,2024-01-13 14:00:00.000,28.4702145,winter weekend,27.53
9063,2024-01-13 15:00:00.000,28.557679499999992,winter weekend,27.53
9064,2024-01-13 16:00:00.000,28.828821,winter weekend,27.53
9065,2024-01-13 17:00:00.000,29.258648999999995,winter weekend,27.53
9066,2024-01-13 18:00:00.000,29.4573195,winter weekend,27.53
9067,2024-01-13 19:00:00.000,29.208669,winter weekend,27.53
9068,2024-01-13 20:00:00.000,29.113706999999994,winter weekend,27.53
9069,2024-01-13 21:00:00.000,28.8475635,winter weekend,27.53
9070,2024-01-13 22:00:00.000,28.019144999999995,winter weekend,27.53
9071,2024-01-13 23:00:00.000,27.876702,winter weekend,27.53
9072,2024-01-14 00:00:00.000,27.984158999999995,winter weekend,27.53
9073,2024-01-14 01:00:00.000,27.7455045,winter weekend,27.53
9074,2024-01-14 02:00:00.000,27.847963499999995,winter weekend,27.53
9075,2024-01-14 03:00:00.000,27.9829095,winter weekend,27.53
9076,2024-01-14 04:00:00.000,28.0653765,winter weekend,27.53
9077,2024-01-14 05:00:00.000,28.131599999999995,winter weekend,27.53
9078,2024-01-14 06:00:00.000,28.3952445,winter weekend,27.53
9079,2024-01-14 07:00:00.000,28.938776999999995,winter weekend,27.53
9080,2024-01-14 08:00:00.000,29.573522999999994,winter weekend,27.53
9081,2024-01-14 09:00:00.000,30.123303,winter weekend,27.53
9082,2024-01-14 10:00:00.000,30.0595785,winter weekend,27.53
9083,2024-01-14 11:00:00.000,30.210767999999995,winter weekend,32.84
9084,2024-01-14 12:00:00.000,30.0295905,winter weekend,27.53
9085,2024-01-14 13:00:00.000,29.611008,winter weekend,27.53
9086,2024-01-14 14:00:00.000,29.8746525,winter weekend,27.53
9087,2024-01-14 15:00:00.000,30.270744,winter weekend,32.84
9088,2024-01-14 16:00:00.000,30.808029,winter weekend,32.84
9089,2024-01-14 17:00:00.000,31.462767,winter weekend,32.84
9090,2024-01-14 18:00:00.000,32.10126149999999,winter weekend,32.84
9091,2024-01-14 19:00:00.000,31.0941645,winter weekend,32.84
9092,2024-01-14 20:00:00.000,30.105809999999995,winter weekend,27.53
9093,2024-01-14 21:00:00.000,29.80593,winter weekend,27.53
9094,2024-01-14 22:00:00.000,29.40484049999999,winter weekend,27.53
9095,2024-01-14 23:00:00.000,28.380250499999995,winter weekend,27.53
9096,2024-01-15 00:00:00.000,28.468965,winter weekday,30.5
9097,2024-01-15 01:00:00.000,28.10661,winter weekday,26.43
9098,2024-01-15 02:00:00.000,27.974163,winter weekday,26.43
9099,2024-01-15 03:00:00.000,27.736757999999995,winter weekday,26.43
9100,2024-01-15 04:00:00.000,27.736757999999995,winter weekday,26.43
9101,2024-01-15 05:00:00.000,28.6376475,winter weekday,30.5
9102,2024-01-15 06:00:00.000,29.974612499999992,winter weekday,30.5
9103,2024-01-15 07:00:00.000,30.460667999999995,winter weekday,30.5
9104,2024-01-15 08:00:00.000,32.39239499999999,winter weekday,30.5
9105,2024-01-15 09:00:00.000,32.51609549999999,winter weekday,30.5
9106,2024-01-15 10:00:00.000,31.840115999999995,winter weekday,30.5
9107,2024-01-15 11:00:00.000,31.262847,winter weekday,30.5
9108,2024-01-15 12:00:00.000,30.463166999999995,winter weekday,30.5
9109,2024-01-15 13:00:00.000,30.249502499999995,winter weekday,30.5
9110,2024-01-15 14:00:00.000,30.543134999999992,winter weekday,30.5
9111,2024-01-15 15:00:00.000,31.160388,winter weekday,30.5
9112,2024-01-15 16:00:00.000,32.16998399999999,winter weekday,30.5
9113,2024-01-15 17:00:00.000,33.287037,winter weekday,35.79
9114,2024-01-15 18:00:00.000,34.07921999999999,winter weekday,35.79
9115,2024-01-15 19:00:00.000,33.776841,winter weekday,35.79
9116,2024-01-15 20:00:00.000,32.782239,winter weekday,30.5
9117,2024-01-15 21:00:00.000,31.452770999999995,winter weekday,30.5
9118,2024-01-15 22:00:00.000,31.16663549999999,winter weekday,30.5
9119,2024-01-15 23:00:00.000,30.784288499999995,winter weekday,30.5
9120,2024-01-16 00:00:00.000,30.1620375,winter weekday,30.5
9121,2024-01-16 01:00:00.000,30.1145565,winter weekday,30.5
9122,2024-01-16 02:00:00.000,29.970863999999995,winter weekday,30.5
9123,2024-01-16 03:00:00.000,29.7547005,winter weekday,30.5
9124,2024-01-16 04:00:00.000,29.6022615,winter weekday,30.5
9125,2024-01-16 05:00:00.000,30.1620375,winter weekday,30.5
9126,2024-01-16 06:00:00.000,31.738906499999995,winter weekday,30.5
9127,2024-01-16 07:00:00.000,34.3253715,winter weekday,35.79
9128,2024-01-16 08:00:00.000,37.9914045,winter weekday,35.79
9129,2024-01-16 09:00:00.000,37.30293,winter weekday,35.79
9130,2024-01-16 10:00:00.000,35.228759999999994,winter weekday,35.79
9131,2024-01-16 11:00:00.000,33.72935999999999,winter weekday,35.79
9132,2024-01-16 12:00:00.000,32.908438499999995,winter weekday,30.5
9133,2024-01-16 13:00:00.000,31.852610999999992,winter weekday,30.5
9134,2024-01-16 14:00:00.000,31.98006,winter weekday,30.5
9135,2024-01-16 15:00:00.000,33.7605975,winter weekday,35.79
9136,2024-01-16 16:00:00.000,33.9030405,winter weekday,35.79
9137,2024-01-16 17:00:00.000,35.9972025,winter weekday,35.79
9138,2024-01-16 18:00:00.000,35.89224449999999,winter weekday,35.79
9139,2024-01-16 19:00:00.000,33.950521499999994,winter weekday,35.79
9140,2024-01-16 20:00:00.000,31.916335499999995,winter weekday,30.5
9141,2024-01-16 21:00:00.000,30.7567995,winter weekday,30.5
9142,2024-01-16 22:00:00.000,30.235758,winter weekday,30.5
9143,2024-01-16 23:00:00.000,29.6922255,winter weekday,30.5
9144,2024-01-17 00:00:00.000,28.9325295,winter weekday,30.5
9145,2024-01-17 01:00:00.000,28.921284,winter weekday,30.5
9146,2024-01-17 02:00:00.000,28.8175755,winter weekday,30.5
9147,2024-01-17 03:00:00.000,28.698872999999995,winter weekday,30.5
9148,2024-01-17 04:00:00.000,28.6651365,winter weekday,30.5
9149,2024-01-17 05:00:00.000,28.863807,winter weekday,30.5
9150,2024-01-17 06:00:00.000,29.367355499999995,winter weekday,30.5
9151,2024-01-17 07:00:00.000,30.529390499999995,winter weekday,30.5
9152,2024-01-17 08:00:00.000,32.042534999999994,winter weekday,30.5
9153,2024-01-17 09:00:00.000,33.249552,winter weekday,35.79
9154,2024-01-17 10:00:00.000,33.7705935,winter weekday,35.79
9155,2024-01-17 11:00:00.000,33.86680499999999,winter weekday,35.79
9156,2024-01-17 12:00:00.000,34.69272449999999,winter weekday,35.79
9157,2024-01-17 13:00:00.000,35.191275,winter weekday,35.79
9158,2024-01-17 14:00:00.000,35.196273,winter weekday,35.79
9159,2024-01-17 15:00:00.000,35.661086999999995,winter weekday,35.79
9160,2024-01-17 16:00:00.000,36.04843199999999,winter weekday,35.79
9161,2024-01-17 17:00:00.000,37.54283399999999,winter weekday,35.79
9162,2024-01-17 18:00:00.000,35.42743049999999,winter weekday,35.79
9163,2024-01-17 19:00:00.000,34.264146,winter weekday,35.79
9164,2024-01-17 20:00:00.000,33.70437,winter weekday,35.79
9165,2024-01-17 21:00:00.000,32.616055499999995,winter weekday,30.5
9166,2024-01-17 22:00:00.000,31.765146,winter weekday,30.5
9167,2024-01-17 23:00:00.000,30.501901499999995,winter weekday,30.5
9168,2024-01-18 00:00:00.000,30.14704349999999,winter weekday,30.5
9169,2024-01-18 01:00:00.000,29.631,winter weekday,30.5
9170,2024-01-18 02:00:00.000,29.3923455,winter weekday,30.5
9171,2024-01-18 03:00:00.000,29.3448645,winter weekday,30.5
9172,2024-01-18 04:00:00.000,29.6772315,winter weekday,30.5
9173,2024-01-18 05:00:00.000,30.105809999999995,winter weekday,30.5
9174,2024-01-18 06:00:00.000,31.410288,winter weekday,30.5
9175,2024-01-18 07:00:00.000,33.9230325,winter weekday,35.79
9176,2024-01-18 08:00:00.000,35.71481549999999,winter weekday,35.79
9177,2024-01-18 09:00:00.000,35.2500015,winter weekday,35.79
9178,2024-01-18 10:00:00.000,33.841815,winter weekday,35.79
9179,2024-01-18 11:00:00.000,33.473212499999995,winter weekday,35.79
9180,2024-01-18 12:00:00.000,31.6739325,winter weekday,30.5
9181,2024-01-18 13:00:00.000,30.932979,winter weekday,30.5
9182,2024-01-18 14:00:00.000,30.784288499999995,winter weekday,30.5
9183,2024-01-18 15:00:00.000,31.7613975,winter weekday,30.5
9184,2024-01-18 16:00:00.000,32.419884,winter weekday,30.5
9185,2024-01-18 17:00:00.000,33.064626,winter weekday,30.5
9186,2024-01-18 18:00:00.000,32.88719699999999,winter weekday,30.5
9187,2024-01-18 19:00:00.000,31.7963835,winter weekday,30.5
9188,2024-01-18 20:00:00.000,30.851761499999995,winter weekday,30.5
9189,2024-01-18 21:00:00.000,30.370704,winter weekday,30.5
9190,2024-01-18 22:00:00.000,30.0970635,winter weekday,30.5
9191,2024-01-18 23:00:00.000,29.1824295,winter weekday,30.5
9192,2024-01-19 00:00:00.000,28.803830999999995,winter weekday,30.5
9193,2024-01-19 01:00:00.000,28.3502625,winter weekday,26.43
9194,2024-01-19 02:00:00.000,28.1853285,winter weekday,26.43
9195,2024-01-19 03:00:00.000,27.826722,winter weekday,26.43
9196,2024-01-19 04:00:00.000,27.896694,winter weekday,26.43
9197,2024-01-19 05:00:00.000,28.415236499999995,winter weekday,26.43
9198,2024-01-19 06:00:00.000,29.72346299999999,winter weekday,30.5
9199,2024-01-19 07:00:00.000,30.8767515,winter weekday,30.5
9200,2024-01-19 08:00:00.000,33.0133965,winter weekday,30.5
9201,2024-01-19 09:00:00.000,32.862207,winter weekday,30.5
9202,2024-01-19 10:00:00.000,31.8738525,winter weekday,30.5
9203,2024-01-19 11:00:00.000,30.775542,winter weekday,30.5
9204,2024-01-19 12:00:00.000,29.5847685,winter weekday,30.5
9205,2024-01-19 13:00:00.000,29.149942499999995,winter weekday,30.5
9206,2024-01-19 14:00:00.000,29.3823495,winter weekday,30.5
9207,2024-01-19 15:00:00.000,29.6622375,winter weekday,30.5
9208,2024-01-19 16:00:00.000,30.566875499999995,winter weekday,30.5
9209,2024-01-19 17:00:00.000,31.68018,winter weekday,30.5
9210,2024-01-19 18:00:00.000,31.442775,winter weekday,30.5
9211,2024-01-19 19:00:00.000,30.2594985,winter weekday,30.5
9212,2024-01-19 20:00:00.000,29.23116,winter weekday,30.5
9213,2024-01-19 21:00:00.000,28.871303999999995,winter weekday,30.5
9214,2024-01-19 22:00:00.000,28.561428,winter weekday,30.5
9215,2024-01-19 23:00:00.000,28.0753725,winter weekday,26.43
9216,2024-01-20 00:00:00.000,28.231559999999995,winter weekend,27.53
9217,2024-01-20 01:00:00.000,27.912937499999995,winter weekend,27.53
9218,2024-01-20 02:00:00.000,27.924183,winter weekend,27.53
9219,2024-01-20 03:00:00.000,27.709268999999995,winter weekend,27.53
9220,2024-01-20 04:00:00.000,27.7130175,winter weekend,27.53
9221,2024-01-20 05:00:00.000,27.700522499999995,winter weekend,27.53
9222,2024-01-20 06:00:00.000,27.8054805,winter weekend,27.53
9223,2024-01-20 07:00:00.000,28.344014999999995,winter weekend,27.53
9224,2024-01-20 08:00:00.000,29.333618999999995,winter weekend,27.53
9225,2024-01-20 09:00:00.000,29.718464999999995,winter weekend,27.53
9226,2024-01-20 10:00:00.000,28.95627,winter weekend,27.53
9227,2024-01-20 11:00:00.000,28.8275715,winter weekend,27.53
9228,2024-01-20 12:00:00.000,28.447723499999995,winter weekend,27.53
9229,2024-01-20 13:00:00.000,28.578921,winter weekend,27.53
9230,2024-01-20 14:00:00.000,29.154940499999995,winter weekend,27.53
9231,2024-01-20 15:00:00.000,29.869654499999992,winter weekend,27.53
9232,2024-01-20 16:00:00.000,30.95546999999999,winter weekend,32.84
9233,2024-01-20 17:00:00.000,31.8463635,winter weekend,32.84
9234,2024-01-20 18:00:00.000,32.46361649999999,winter weekend,32.84
9235,2024-01-20 19:00:00.000,31.4265315,winter weekend,32.84
9236,2024-01-20 20:00:00.000,30.2270115,winter weekend,32.84
9237,2024-01-20 21:00:00.000,29.448573,winter weekend,27.53
9238,2024-01-20 22:00:00.000,29.316126,winter weekend,27.53
9239,2024-01-20 23:00:00.000,28.622653499999995,winter weekend,27.53
9240,2024-01-21 00:00:00.000,28.335268499999994,winter weekend,27.53
9241,2024-01-21 01:00:00.000,27.1757325,winter weekend,27.53
9242,2024-01-21 02:00:00.000,26.8758525,winter weekend,27.53
9243,2024-01-21 03:00:00.000,26.3435655,winter weekend,27.53
9244,2024-01-21 04:00:00.000,26.046184499999995,winter weekend,27.53
9245,2024-01-21 05:00:00.000,25.9137375,winter weekend,27.53
9246,2024-01-21 06:00:00.000,25.6738335,winter weekend,27.53
9247,2024-01-21 07:00:00.000,25.477661999999995,winter weekend,27.53
9248,2024-01-21 08:00:00.000,26.402292,winter weekend,27.53
9249,2024-01-21 09:00:00.000,26.777141999999994,winter weekend,27.53
9250,2024-01-21 10:00:00.000,25.740057,winter weekend,27.53
9251,2024-01-21 11:00:00.000,26.0661765,winter weekend,27.53
9252,2024-01-21 12:00:00.000,24.792936,winter weekend,27.53
9253,2024-01-21 13:00:00.000,24.69422549999999,winter weekend,27.53
9254,2024-01-21 14:00:00.000,25.520144999999992,winter weekend,27.53
9255,2024-01-21 15:00:00.000,26.112407999999995,winter weekend,27.53
9256,2024-01-21 16:00:00.000,26.2111185,winter weekend,27.53
9257,2024-01-21 17:00:00.000,27.0632775,winter weekend,27.53
9258,2024-01-21 18:00:00.000,27.6630375,winter weekend,27.53
9259,2024-01-21 19:00:00.000,27.311927999999995,winter weekend,27.53
9260,2024-01-21 20:00:00.000,26.419785,winter weekend,27.53
9261,2024-01-21 21:00:00.000,26.539737,winter weekend,27.53
9262,2024-01-21 22:00:00.000,26.2810905,winter weekend,27.53
9263,2024-01-21 23:00:00.000,24.915387,winter weekend,27.53
9264,2024-01-22 00:00:00.000,24.565527,winter weekday,26.43
9265,2024-01-22 01:00:00.000,22.763748,winter weekday,26.43
9266,2024-01-22 02:00:00.000,22.311429,winter weekday,26.43
9267,2024-01-22 03:00:00.000,20.614608,winter weekday,26.43
9268,2024-01-22 04:00:00.000,20.617107,winter weekday,26.43
9269,2024-01-22 05:00:00.000,22.48386,winter weekday,26.43
9270,2024-01-22 06:00:00.000,25.045335,winter weekday,26.43
9271,2024-01-22 07:00:00.000,27.5405865,winter weekday,26.43
9272,2024-01-22 08:00:00.000,28.291536,winter weekday,26.43
9273,2024-01-22 09:00:00.000,27.179481,winter weekday,26.43
9274,2024-01-22 10:00:00.000,27.6755325,winter weekday,26.43
9275,2024-01-22 11:00:00.000,27.556829999999994,winter weekday,26.43
9276,2024-01-22 12:00:00.000,27.097014,winter weekday,26.43
9277,2024-01-22 13:00:00.000,27.072023999999995,winter weekday,26.43
9278,2024-01-22 14:00:00.000,27.2606985,winter weekday,26.43
9279,2024-01-22 15:00:00.000,27.4481235,winter weekday,26.43
9280,2024-01-22 16:00:00.000,27.4806105,winter weekday,26.43
9281,2024-01-22 17:00:00.000,28.848813,winter weekday,30.5
9282,2024-01-22 18:00:00.000,29.6497425,winter weekday,30.5
9283,2024-01-22 19:00:00.000,28.980010499999995,winter weekday,30.5
9284,2024-01-22 20:00:00.000,28.3127775,winter weekday,26.43
9285,2024-01-22 21:00:00.000,27.107009999999995,winter weekday,26.43
9286,2024-01-22 22:00:00.000,26.9683155,winter weekday,26.43
9287,2024-01-22 23:00:00.000,26.217365999999995,winter weekday,26.43
9288,2024-01-23 00:00:00.000,22.012798499999995,winter weekday,26.43
9289,2024-01-23 01:00:00.000,21.246855,winter weekday,26.43
9290,2024-01-23 02:00:00.000,21.1556415,winter weekday,26.43
9291,2024-01-23 03:00:00.000,20.5059015,winter weekday,26.43
9292,2024-01-23 04:00:00.000,21.261849,winter weekday,26.43
9293,2024-01-23 05:00:00.000,24.8866485,winter weekday,26.43
9294,2024-01-23 06:00:00.000,27.451871999999995,winter weekday,26.43
9295,2024-01-23 07:00:00.000,29.533539,winter weekday,30.5
9296,2024-01-23 08:00:00.000,28.708869,winter weekday,30.5
9297,2024-01-23 09:00:00.000,28.7226135,winter weekday,30.5
9298,2024-01-23 10:00:00.000,27.4781115,winter weekday,26.43
9299,2024-01-23 11:00:00.000,27.456869999999995,winter weekday,26.43
9300,2024-01-23 12:00:00.000,27.374403,winter weekday,26.43
9301,2024-01-23 13:00:00.000,27.4106385,winter weekday,26.43
9302,2024-01-23 14:00:00.000,27.819225,winter weekday,26.43
9303,2024-01-23 15:00:00.000,29.3098785,winter weekday,30.5
9304,2024-01-23 16:00:00.000,29.8496625,winter weekday,30.5
9305,2024-01-23 17:00:00.000,30.1795305,winter weekday,30.5
9306,2024-01-23 18:00:00.000,30.5443845,winter weekday,30.5
9307,2024-01-23 19:00:00.000,29.299882499999992,winter weekday,30.5
9308,2024-01-23 20:00:00.000,27.7255125,winter weekday,26.43
9309,2024-01-23 21:00:00.000,26.699673,winter weekday,26.43
9310,2024-01-23 22:00:00.000,25.652591999999995,winter weekday,26.43
9311,2024-01-23 23:00:00.000,24.140697,winter weekday,26.43
9312,2024-01-24 00:00:00.000,20.3659575,winter weekday,26.43
9313,2024-01-24 01:00:00.000,19.9814685,winter weekday,26.43
9314,2024-01-24 02:00:00.000,19.912508,winter weekday,26.43
9315,2024-01-24 03:00:00.000,19.4863095,winter weekday,26.43
9316,2024-01-24 04:00:00.000,19.437698,winter weekday,26.43
9317,2024-01-24 05:00:00.000,19.964511,winter weekday,26.43
9318,2024-01-24 06:00:00.000,21.82912199999999,winter weekday,26.43
9319,2024-01-24 07:00:00.000,25.2440055,winter weekday,26.43
9320,2024-01-24 08:00:00.000,26.429780999999995,winter weekday,26.43
9321,2024-01-24 09:00:00.000,26.327321999999995,winter weekday,26.43
9322,2024-01-24 10:00:00.000,26.244855,winter weekday,26.43
9323,2024-01-24 11:00:00.000,26.329820999999995,winter weekday,26.43
9324,2024-01-24 12:00:00.000,24.897894,winter weekday,26.43
9325,2024-01-24 13:00:00.000,24.538038,winter weekday,26.43
9326,2024-01-24 14:00:00.000,25.612607999999994,winter weekday,26.43
9327,2024-01-24 15:00:00.000,26.2261125,winter weekday,26.43
9328,2024-01-24 16:00:00.000,26.33232,winter weekday,26.43
9329,2024-01-24 17:00:00.000,26.7583995,winter weekday,26.43
9330,2024-01-24 18:00:00.000,26.647193999999995,winter weekday,26.43
9331,2024-01-24 19:00:00.000,26.2436055,winter weekday,26.43
9332,2024-01-24 20:00:00.000,25.255251,winter weekday,26.43
9333,2024-01-24 21:00:00.000,24.987858,winter weekday,26.43
9334,2024-01-24 22:00:00.000,25.2340095,winter weekday,26.43
9335,2024-01-24 23:00:00.000,24.799183499999994,winter weekday,26.43
9336,2024-01-25 00:00:00.000,25.525143,winter weekday,26.43
9337,2024-01-25 01:00:00.000,25.615106999999995,winter weekday,26.43
9338,2024-01-25 02:00:00.000,25.400192999999994,winter weekday,26.43
9339,2024-01-25 03:00:00.000,25.597614,winter weekday,26.43
9340,2024-01-25 04:00:00.000,25.760048999999995,winter weekday,26.43
9341,2024-01-25 05:00:00.000,26.529740999999994,winter weekday,26.43
9342,2024-01-25 06:00:00.000,28.618905,winter weekday,30.5
9343,2024-01-25 07:00:00.000,29.6872275,winter weekday,30.5
9344,2024-01-25 08:00:00.000,31.4640165,winter weekday,30.5
9345,2024-01-25 09:00:00.000,30.9767115,winter weekday,30.5
9346,2024-01-25 10:00:00.000,30.4744125,winter weekday,30.5
9347,2024-01-25 11:00:00.000,29.813427,winter weekday,30.5
9348,2024-01-25 12:00:00.000,29.3498625,winter weekday,30.5
9349,2024-01-25 13:00:00.000,29.713466999999994,winter weekday,30.5
9350,2024-01-25 14:00:00.000,30.8642565,winter weekday,30.5
9351,2024-01-25 15:00:00.000,31.7189145,winter weekday,30.5
9352,2024-01-25 16:00:00.000,32.78723699999999,winter weekday,30.5
9353,2024-01-25 17:00:00.000,35.40119099999999,winter weekday,35.79
9354,2024-01-25 18:00:00.000,34.42158299999999,winter weekday,35.79
9355,2024-01-25 19:00:00.000,32.328670499999994,winter weekday,30.5
9356,2024-01-25 20:00:00.000,31.3640565,winter weekday,30.5
9357,2024-01-25 21:00:00.000,30.7692945,winter weekday,30.5
9358,2024-01-25 22:00:00.000,30.0345885,winter weekday,30.5
9359,2024-01-25 23:00:00.000,29.376102,winter weekday,30.5
9360,2024-01-26 00:00:00.000,27.83172,winter weekday,26.43
9361,2024-01-26 01:00:00.000,27.73176,winter weekday,26.43
9362,2024-01-26 02:00:00.000,27.2931855,winter weekday,26.43
9363,2024-01-26 03:00:00.000,27.1982235,winter weekday,26.43
9364,2024-01-26 04:00:00.000,27.1157565,winter weekday,26.43
9365,2024-01-26 05:00:00.000,26.502251999999995,winter weekday,26.43
9366,2024-01-26 06:00:00.000,27.4031415,winter weekday,26.43
9367,2024-01-26 07:00:00.000,28.871303999999995,winter weekday,30.5
9368,2024-01-26 08:00:00.000,29.5547805,winter weekday,30.5
9369,2024-01-26 09:00:00.000,28.803830999999995,winter weekday,30.5
9370,2024-01-26 10:00:00.000,27.6830295,winter weekday,26.43
9371,2024-01-26 11:00:00.000,27.374403,winter weekday,26.43
9372,2024-01-26 12:00:00.000,26.517246,winter weekday,26.43
9373,2024-01-26 13:00:00.000,25.791286499999995,winter weekday,26.43
9374,2024-01-26 14:00:00.000,26.142396,winter weekday,26.43
9375,2024-01-26 15:00:00.000,26.2461045,winter weekday,26.43
9376,2024-01-26 16:00:00.000,26.574722999999995,winter weekday,26.43
9377,2024-01-26 17:00:00.000,27.569325,winter weekday,26.43
9378,2024-01-26 18:00:00.000,27.3256725,winter weekday,26.43
9379,2024-01-26 19:00:00.000,28.101612,winter weekday,26.43
9380,2024-01-26 20:00:00.000,27.329421,winter weekday,26.43
9381,2024-01-26 21:00:00.000,27.734258999999994,winter weekday,26.43
9382,2024-01-26 22:00:00.000,27.429381,winter weekday,26.43
9383,2024-01-26 23:00:00.000,27.117006,winter weekday,26.43
9384,2024-01-27 00:00:00.000,26.919584999999994,winter weekend,27.53
9385,2024-01-27 01:00:00.000,26.8608585,winter weekend,27.53
9386,2024-01-27 02:00:00.000,27.0082995,winter weekend,27.53
9387,2024-01-27 03:00:00.000,26.863357499999992,winter weekend,27.53
9388,2024-01-27 04:00:00.000,26.949573,winter weekend,27.53
9389,2024-01-27 05:00:00.000,27.0857685,winter weekend,27.53
9390,2024-01-27 06:00:00.000,27.3656565,winter weekend,27.53
9391,2024-01-27 07:00:00.000,28.2203145,winter weekend,27.53
9392,2024-01-27 08:00:00.000,29.3923455,winter weekend,27.53
9393,2024-01-27 09:00:00.000,29.051231999999995,winter weekend,27.53
9394,2024-01-27 10:00:00.000,27.489356999999995,winter weekend,27.53
9395,2024-01-27 11:00:00.000,27.0582795,winter weekend,27.53
9396,2024-01-27 12:00:00.000,26.962068,winter weekend,27.53
9397,2024-01-27 13:00:00.000,26.717165999999995,winter weekend,27.53
9398,2024-01-27 14:00:00.000,27.446874,winter weekend,27.53
9399,2024-01-27 15:00:00.000,29.036238,winter weekend,27.53
9400,2024-01-27 16:00:00.000,30.433179,winter weekend,32.84
9401,2024-01-27 17:00:00.000,31.6514415,winter weekend,32.84
9402,2024-01-27 18:00:00.000,31.9738125,winter weekend,32.84
9403,2024-01-27 19:00:00.000,31.5464835,winter weekend,32.84
9404,2024-01-27 20:00:00.000,30.533138999999995,winter weekend,32.84
9405,2024-01-27 21:00:00.000,29.4898065,winter weekend,27.53
9406,2024-01-27 22:00:00.000,29.477311499999995,winter weekend,27.53
9407,2024-01-27 23:00:00.000,29.068725,winter weekend,27.53
9408,2024-01-28 00:00:00.000,28.3277715,winter weekend,27.53
9409,2024-01-28 01:00:00.000,27.596814,winter weekend,27.53
9410,2024-01-28 02:00:00.000,27.4381275,winter weekend,27.53
9411,2024-01-28 03:00:00.000,27.474363,winter weekend,27.53
9412,2024-01-28 04:00:00.000,27.65679,winter weekend,27.53
9413,2024-01-28 05:00:00.000,27.995404499999992,winter weekend,27.53
9414,2024-01-28 06:00:00.000,27.5480835,winter weekend,27.53
9415,2024-01-28 07:00:00.000,27.436878,winter weekend,27.53
9416,2024-01-28 08:00:00.000,27.4356285,winter weekend,27.53
9417,2024-01-28 09:00:00.000,26.867106,winter weekend,27.53
9418,2024-01-28 10:00:00.000,26.377302,winter weekend,27.53
9419,2024-01-28 11:00:00.000,25.7013225,winter weekend,27.53
9420,2024-01-28 12:00:00.000,25.180281,winter weekend,27.53
9421,2024-01-28 13:00:00.000,24.9941055,winter weekend,27.53
9422,2024-01-28 14:00:00.000,26.3135775,winter weekend,27.53
9423,2024-01-28 15:00:00.000,27.033289499999995,winter weekend,27.53
9424,2024-01-28 16:00:00.000,28.5901665,winter weekend,27.53
9425,2024-01-28 17:00:00.000,29.710968,winter weekend,27.53
9426,2024-01-28 18:00:00.000,28.972513499999994,winter weekend,27.53
9427,2024-01-28 19:00:00.000,28.716366,winter weekend,27.53
9428,2024-01-28 20:00:00.000,28.5126975,winter weekend,27.53
9429,2024-01-28 21:00:00.000,27.1282515,winter weekend,27.53
9430,2024-01-28 22:00:00.000,27.4106385,winter weekend,27.53
9431,2024-01-28 23:00:00.000,26.98206,winter weekend,27.53
9432,2024-01-29 00:00:00.000,26.228611499999992,winter weekday,26.43
9433,2024-01-29 01:00:00.000,25.889997,winter weekday,26.43
9434,2024-01-29 02:00:00.000,25.997454,winter weekday,26.43
9435,2024-01-29 03:00:00.000,25.9787115,winter weekday,26.43
9436,2024-01-29 04:00:00.000,26.429780999999995,winter weekday,26.43
9437,2024-01-29 05:00:00.000,27.489356999999995,winter weekday,26.43
9438,2024-01-29 06:00:00.000,29.98086,winter weekday,30.5
9439,2024-01-29 07:00:00.000,31.6764315,winter weekday,30.5
9440,2024-01-29 08:00:00.000,32.3761515,winter weekday,30.5
9441,2024-01-29 09:00:00.000,31.029190499999995,winter weekday,30.5
9442,2024-01-29 10:00:00.000,29.843415,winter weekday,30.5
9443,2024-01-29 11:00:00.000,28.8900465,winter weekday,30.5
9444,2024-01-29 12:00:00.000,28.761347999999995,winter weekday,30.5
9445,2024-01-29 13:00:00.000,29.3548605,winter weekday,30.5
9446,2024-01-29 14:00:00.000,30.2994825,winter weekday,30.5
9447,2024-01-29 15:00:00.000,32.17997999999999,winter weekday,30.5
9448,2024-01-29 16:00:00.000,33.533188499999994,winter weekday,35.79
9449,2024-01-29 17:00:00.000,35.905989,winter weekday,35.79
9450,2024-01-29 18:00:00.000,34.641495,winter weekday,35.79
9451,2024-01-29 19:00:00.000,33.419484,winter weekday,35.79
9452,2024-01-29 20:00:00.000,31.477761,winter weekday,30.5
9453,2024-01-29 21:00:00.000,30.8292705,winter weekday,30.5
9454,2024-01-29 22:00:00.000,30.408189,winter weekday,30.5
9455,2024-01-29 23:00:00.000,30.0170955,winter weekday,30.5
9456,2024-01-30 00:00:00.000,28.973762999999995,winter weekday,30.5
9457,2024-01-30 01:00:00.000,28.5801705,winter weekday,30.5
9458,2024-01-30 02:00:00.000,28.6526415,winter weekday,30.5
9459,2024-01-30 03:00:00.000,28.411487999999995,winter weekday,26.43
9460,2024-01-30 04:00:00.000,28.379001,winter weekday,26.43
9461,2024-01-30 05:00:00.000,28.6526415,winter weekday,30.5
9462,2024-01-30 06:00:00.000,29.784688499999994,winter weekday,30.5
9463,2024-01-30 07:00:00.000,31.30533,winter weekday,30.5
9464,2024-01-30 08:00:00.000,31.9713135,winter weekday,30.5
9465,2024-01-30 09:00:00.000,30.5968635,winter weekday,30.5
9466,2024-01-30 10:00:00.000,29.6247525,winter weekday,30.5
9467,2024-01-30 11:00:00.000,28.743855,winter weekday,30.5
9468,2024-01-30 12:00:00.000,28.493955,winter weekday,30.5
9469,2024-01-30 13:00:00.000,28.5101985,winter weekday,30.5
9470,2024-01-30 14:00:00.000,28.972513499999994,winter weekday,30.5
9471,2024-01-30 15:00:00.000,29.9171355,winter weekday,30.5
9472,2024-01-30 16:00:00.000,30.275742,winter weekday,30.5
9473,2024-01-30 17:00:00.000,31.0017015,winter weekday,30.5
9474,2024-01-30 18:00:00.000,32.38364849999999,winter weekday,30.5
9475,2024-01-30 19:00:00.000,31.4690145,winter weekday,30.5
9476,2024-01-30 20:00:00.000,30.735558,winter weekday,30.5
9477,2024-01-30 21:00:00.000,29.73096,winter weekday,30.5
9478,2024-01-30 22:00:00.000,29.3573595,winter weekday,30.5
9479,2024-01-30 23:00:00.000,28.9200345,winter weekday,30.5
9480,2024-01-31 00:00:00.000,28.9475235,winter weekday,30.5
9481,2024-01-31 01:00:00.000,28.7551005,winter weekday,30.5
9482,2024-01-31 02:00:00.000,28.8425655,winter weekday,30.5
9483,2024-01-31 03:00:00.000,28.708869,winter weekday,30.5
9484,2024-01-31 04:00:00.000,28.623902999999995,winter weekday,30.5
9485,2024-01-31 05:00:00.000,29.208669,winter weekday,30.5
9486,2024-01-31 06:00:00.000,30.5868675,winter weekday,30.5
9487,2024-01-31 07:00:00.000,33.5007015,winter weekday,35.79
9488,2024-01-31 08:00:00.000,34.9701135,winter weekday,35.79
9489,2024-01-31 09:00:00.000,31.6814295,winter weekday,30.5
9490,2024-01-31 10:00:00.000,30.353211,winter weekday,30.5
9491,2024-01-31 11:00:00.000,29.61725549999999,winter weekday,30.5
9492,2024-01-31 12:00:00.000,29.3448645,winter weekday,30.5
9493,2024-01-31 13:00:00.000,28.438977,winter weekday,26.43
9494,2024-01-31 14:00:00.000,28.3177755,winter weekday,26.43
9495,2024-01-31 15:00:00.000,29.4648165,winter weekday,30.5
9496,2024-01-31 16:00:00.000,30.183278999999995,winter weekday,30.5
9497,2024-01-31 17:00:00.000,30.9692145,winter weekday,30.5
9498,2024-01-31 18:00:00.000,30.828021,winter weekday,30.5
9499,2024-01-31 19:00:00.000,29.1874275,winter weekday,30.5
9500,2024-01-31 20:00:00.000,28.235308499999995,winter weekday,26.43
9501,2024-01-31 21:00:00.000,27.102011999999995,winter weekday,26.43
9502,2024-01-31 22:00:00.000,26.742155999999994,winter weekday,26.43
9503,2024-01-31 23:00:00.000,24.949123499999995,winter weekday,26.43
9504,2024-02-01 00:00:00.000,25.865007,winter weekday,26.43
9505,2024-02-01 01:00:00.000,25.122803999999995,winter weekday,26.43
9506,2024-02-01 02:00:00.000,25.252752,winter weekday,26.43
9507,2024-02-01 03:00:00.000,25.363957499999994,winter weekday,26.43
9508,2024-02-01 04:00:00.000,25.8462645,winter weekday,26.43
9509,2024-02-01 05:00:00.000,26.899593,winter weekday,26.43
9510,2024-02-01 06:00:00.000,28.6076595,winter weekday,30.5
9511,2024-02-01 07:00:00.000,30.745553999999995,winter weekday,30.5
9512,2024-02-01 08:00:00.000,31.542735,winter weekday,30.5
9513,2024-02-01 09:00:00.000,30.7667955,winter weekday,30.5
9514,2024-02-01 10:00:00.000,30.4394265,winter weekday,30.5
9515,2024-02-01 11:00:00.000,29.633499,winter weekday,30.5
9516,2024-02-01 12:00:00.000,28.43148,winter weekday,26.43
9517,2024-02-01 13:00:00.000,27.139496999999995,winter weekday,26.43
9518,2024-02-01 14:00:00.000,28.573923,winter weekday,30.5
9519,2024-02-01 15:00:00.000,29.364856499999995,winter weekday,30.5
9520,2024-02-01 16:00:00.000,29.612257499999995,winter weekday,30.5
9521,2024-02-01 17:00:00.000,31.4315295,winter weekday,30.5
9522,2024-02-01 18:00:00.000,31.813876499999992,winter weekday,30.5
9523,2024-02-01 19:00:00.000,32.2162155,winter weekday,30.5
9524,2024-02-01 20:00:00.000,31.2266115,winter weekday,30.5
9525,2024-02-01 21:00:00.000,30.3919455,winter weekday,30.5
9526,2024-02-01 22:00:00.000,30.21576599999999,winter weekday,30.5
9527,2024-02-01 23:00:00.000,29.153690999999995,winter weekday,30.5
9528,2024-02-02 00:00:00.000,28.015396499999994,winter weekday,26.43
9529,2024-02-02 01:00:00.000,27.474363,winter weekday,26.43
9530,2024-02-02 02:00:00.000,27.23196,winter weekday,26.43
9531,2024-02-02 03:00:00.000,26.8183755,winter weekday,26.43
9532,2024-02-02 04:00:00.000,26.635948499999994,winter weekday,26.43
9533,2024-02-02 05:00:00.000,26.8658565,winter weekday,26.43
9534,2024-02-02 06:00:00.000,28.349013,winter weekday,26.43
9535,2024-02-02 07:00:00.000,29.6047605,winter weekday,30.5
9536,2024-02-02 08:00:00.000,31.145393999999992,winter weekday,30.5
9537,2024-02-02 09:00:00.000,30.718065,winter weekday,30.5
9538,2024-02-02 10:00:00.000,30.077071499999995,winter weekday,30.5
9539,2024-02-02 11:00:00.000,29.3748525,winter weekday,30.5
9540,2024-02-02 12:00:00.000,28.08162,winter weekday,26.43
9541,2024-02-02 13:00:00.000,27.047034,winter weekday,26.43
9542,2024-02-02 14:00:00.000,26.8358685,winter weekday,26.43
9543,2024-02-02 15:00:00.000,26.6184555,winter weekday,26.43
9544,2024-02-02 16:00:00.000,26.57347349999999,winter weekday,26.43
9545,2024-02-02 17:00:00.000,27.294435,winter weekday,26.43
9546,2024-02-02 18:00:00.000,28.6026615,winter weekday,30.5
9547,2024-02-02 19:00:00.000,27.899193,winter weekday,26.43
9548,2024-02-02 20:00:00.000,26.864607,winter weekday,26.43
9549,2024-02-02 21:00:00.000,26.192376,winter weekday,26.43
9550,2024-02-02 22:00:00.000,25.7363085,winter weekday,26.43
9551,2024-02-02 23:00:00.000,24.489307499999992,winter weekday,26.43
9552,2024-02-03 00:00:00.000,23.076122999999995,winter weekend,19.94
9553,2024-02-03 01:00:00.000,21.590467499999995,winter weekend,19.94
9554,2024-02-03 02:00:00.000,20.8257735,winter weekend,19.94
9555,2024-02-03 03:00:00.000,21.2980845,winter weekend,19.94
9556,2024-02-03 04:00:00.000,21.0506835,winter weekend,19.94
9557,2024-02-03 05:00:00.000,21.08442,winter weekend,19.94
9558,2024-02-03 06:00:00.000,22.044035999999995,winter weekend,19.94
9559,2024-02-03 07:00:00.000,24.2544015,winter weekend,27.53
9560,2024-02-03 08:00:00.000,25.7313105,winter weekend,27.53
9561,2024-02-03 09:00:00.000,25.7288115,winter weekend,27.53
9562,2024-02-03 10:00:00.000,24.435579,winter weekend,27.53
9563,2024-02-03 11:00:00.000,23.785838999999992,winter weekend,27.53
9564,2024-02-03 12:00:00.000,23.805831,winter weekend,27.53
9565,2024-02-03 13:00:00.000,23.810828999999995,winter weekend,27.53
9566,2024-02-03 14:00:00.000,25.075323,winter weekend,27.53
9567,2024-02-03 15:00:00.000,25.445174999999995,winter weekend,27.53
9568,2024-02-03 16:00:00.000,26.152391999999995,winter weekend,27.53
9569,2024-02-03 17:00:00.000,27.210718499999995,winter weekend,27.53
9570,2024-02-03 18:00:00.000,28.5526815,winter weekend,27.53
9571,2024-02-03 19:00:00.000,28.229061,winter weekend,27.53
9572,2024-02-03 20:00:00.000,26.7783915,winter weekend,27.53
9573,2024-02-03 21:00:00.000,26.3835495,winter weekend,27.53
9574,2024-02-03 22:00:00.000,26.333569499999992,winter weekend,27.53
9575,2024-02-03 23:00:00.000,24.8216745,winter weekend,27.53
9576,2024-02-04 00:00:00.000,24.395595,winter weekend,27.53
9577,2024-02-04 01:00:00.000,21.239358,winter weekend,19.94
9578,2024-02-04 02:00:00.000,20.3884485,winter weekend,19.94
9579,2024-02-04 03:00:00.000,20.069826,winter weekend,19.94
9580,2024-02-04 04:00:00.000,19.98486,winter weekend,19.94
9581,2024-02-04 05:00:00.000,19.98486,winter weekend,19.94
9582,2024-02-04 06:00:00.000,19.98486,winter weekend,19.94
9583,2024-02-04 07:00:00.000,20.1160575,winter weekend,19.94
9584,2024-02-04 08:00:00.000,21.0931665,winter weekend,19.94
9585,2024-02-04 09:00:00.000,21.2131185,winter weekend,19.94
9586,2024-02-04 10:00:00.000,21.3430665,winter weekend,19.94
9587,2024-02-04 11:00:00.000,21.5854695,winter weekend,19.94
9588,2024-02-04 12:00:00.000,21.711669,winter weekend,19.94
9589,2024-02-04 13:00:00.000,20.562129,winter weekend,19.94
9590,2024-02-04 14:00:00.000,21.199374,winter weekend,19.94
9591,2024-02-04 15:00:00.000,21.949074,winter weekend,19.94
9592,2024-02-04 16:00:00.000,22.287688499999994,winter weekend,19.94
9593,2024-02-04 17:00:00.000,24.846664499999992,winter weekend,27.53
9594,2024-02-04 18:00:00.000,25.7338095,winter weekend,27.53
9595,2024-02-04 19:00:00.000,24.5043015,winter weekend,27.53
9596,2024-02-04 20:00:00.000,23.6146575,winter weekend,19.94
9597,2024-02-04 21:00:00.000,23.048634,winter weekend,19.94
9598,2024-02-04 22:00:00.000,23.03863799999999,winter weekend,19.94
9599,2024-02-04 23:00:00.000,20.0560815,winter weekend,19.94
9600,2024-02-05 00:00:00.000,19.98486,winter weekday,26.43
9601,2024-02-05 01:00:00.000,19.9814685,winter weekday,26.43
9602,2024-02-05 02:00:00.000,19.9769465,winter weekday,26.43
9603,2024-02-05 03:00:00.000,19.9701635,winter weekday,26.43
9604,2024-02-05 04:00:00.000,19.9792075,winter weekday,26.43
9605,2024-02-05 05:00:00.000,20.037339,winter weekday,26.43
9606,2024-02-05 06:00:00.000,24.8541615,winter weekday,26.43
9607,2024-02-05 07:00:00.000,27.345664499999994,winter weekday,26.43
9608,2024-02-05 08:00:00.000,27.771744,winter weekday,26.43
9609,2024-02-05 09:00:00.000,27.089517,winter weekday,26.43
9610,2024-02-05 10:00:00.000,26.5984635,winter weekday,26.43
9611,2024-02-05 11:00:00.000,25.0016025,winter weekday,26.43
9612,2024-02-05 12:00:00.000,20.8657575,winter weekday,26.43
9613,2024-02-05 13:00:00.000,20.1210555,winter weekday,26.43
9614,2024-02-05 14:00:00.000,20.6108595,winter weekday,26.43
9615,2024-02-05 15:00:00.000,26.619705,winter weekday,26.43
9616,2024-02-05 16:00:00.000,27.571824,winter weekday,26.43
9617,2024-02-05 17:00:00.000,28.5401865,winter weekday,30.5
9618,2024-02-05 18:00:00.000,28.578921,winter weekday,30.5
9619,2024-02-05 19:00:00.000,27.711768,winter weekday,26.43
9620,2024-02-05 20:00:00.000,27.541836,winter weekday,26.43
9621,2024-02-05 21:00:00.000,27.4381275,winter weekday,26.43
9622,2024-02-05 22:00:00.000,27.019545,winter weekday,26.43
9623,2024-02-05 23:00:00.000,25.9087395,winter weekday,26.43
9624,2024-02-06 00:00:00.000,24.363108,winter weekday,26.43
9625,2024-02-06 01:00:00.000,23.4397275,winter weekday,26.43
9626,2024-02-06 02:00:00.000,20.869506,winter weekday,26.43
9627,2024-02-06 03:00:00.000,20.3684565,winter weekday,26.43
9628,2024-02-06 04:00:00.000,20.227263,winter weekday,26.43
9629,2024-02-06 05:00:00.000,22.406391,winter weekday,26.43
9630,2024-02-06 06:00:00.000,26.23236,winter weekday,26.43
9631,2024-02-06 07:00:00.000,28.501452,winter weekday,30.5
9632,2024-02-06 08:00:00.000,27.73176,winter weekday,26.43
9633,2024-02-06 09:00:00.000,27.6505425,winter weekday,26.43
9634,2024-02-06 10:00:00.000,27.052032,winter weekday,26.43
9635,2024-02-06 11:00:00.000,26.444775,winter weekday,26.43
9636,2024-02-06 12:00:00.000,25.4164365,winter weekday,26.43
9637,2024-02-06 13:00:00.000,25.300232999999995,winter weekday,26.43
9638,2024-02-06 14:00:00.000,24.9966045,winter weekday,26.43
9639,2024-02-06 15:00:00.000,26.221114499999995,winter weekday,26.43
9640,2024-02-06 16:00:00.000,27.047034,winter weekday,26.43
9641,2024-02-06 17:00:00.000,27.8529615,winter weekday,26.43
9642,2024-02-06 18:00:00.000,27.726762,winter weekday,26.43
9643,2024-02-06 19:00:00.000,27.626802,winter weekday,26.43
9644,2024-02-06 20:00:00.000,27.374403,winter weekday,26.43
9645,2024-02-06 21:00:00.000,27.037037999999995,winter weekday,26.43
9646,2024-02-06 22:00:00.000,27.047034,winter weekday,26.43
9647,2024-02-06 23:00:00.000,26.527242,winter weekday,26.43
9648,2024-02-07 00:00:00.000,25.1290515,winter weekday,26.43
9649,2024-02-07 01:00:00.000,24.423084,winter weekday,26.43
9650,2024-02-07 02:00:00.000,24.2519025,winter weekday,26.43
9651,2024-02-07 03:00:00.000,25.8062805,winter weekday,26.43
9652,2024-02-07 04:00:00.000,26.7908865,winter weekday,26.43
9653,2024-02-07 05:00:00.000,27.4356285,winter weekday,26.43
9654,2024-02-07 06:00:00.000,29.334868499999995,winter weekday,30.5
9655,2024-02-07 07:00:00.000,30.8142765,winter weekday,30.5
9656,2024-02-07 08:00:00.000,30.855509999999995,winter weekday,30.5
9657,2024-02-07 09:00:00.000,30.671833499999995,winter weekday,30.5
9658,2024-02-07 10:00:00.000,30.1270515,winter weekday,30.5
9659,2024-02-07 11:00:00.000,29.7322095,winter weekday,30.5
9660,2024-02-07 12:00:00.000,29.478561,winter weekday,30.5
9661,2024-02-07 13:00:00.000,29.885898,winter weekday,30.5
9662,2024-02-07 14:00:00.000,29.7297105,winter weekday,30.5
9663,2024-02-07 15:00:00.000,31.0066995,winter weekday,30.5
9664,2024-02-07 16:00:00.000,32.142495,winter weekday,30.5
9665,2024-02-07 17:00:00.000,34.9851075,winter weekday,35.79
9666,2024-02-07 18:00:00.000,37.005549,winter weekday,35.79
9667,2024-02-07 19:00:00.000,33.691875,winter weekday,35.79
9668,2024-02-07 20:00:00.000,32.4686145,winter weekday,30.5
9669,2024-02-07 21:00:00.000,30.9367275,winter weekday,30.5
9670,2024-02-07 22:00:00.000,30.4344285,winter weekday,30.5
9671,2024-02-07 23:00:00.000,29.8821495,winter weekday,30.5
9672,2024-02-08 00:00:00.000,29.193674999999992,winter weekday,30.5
9673,2024-02-08 01:00:00.000,29.1312,winter weekday,30.5
9674,2024-02-08 02:00:00.000,29.0000025,winter weekday,30.5
9675,2024-02-08 03:00:00.000,29.098713,winter weekday,30.5
9676,2024-02-08 04:00:00.000,29.1874275,winter weekday,30.5
9677,2024-02-08 05:00:00.000,29.71221749999999,winter weekday,30.5
9678,2024-02-08 06:00:00.000,30.865506,winter weekday,30.5
9679,2024-02-08 07:00:00.000,33.72935999999999,winter weekday,35.79
9680,2024-02-08 08:00:00.000,36.6219525,winter weekday,35.79
9681,2024-02-08 09:00:00.000,34.172932499999995,winter weekday,35.79
9682,2024-02-08 10:00:00.000,32.2037205,winter weekday,30.5
9683,2024-02-08 11:00:00.000,31.4640165,winter weekday,30.5
9684,2024-02-08 12:00:00.000,31.152891,winter weekday,30.5
9685,2024-02-08 13:00:00.000,31.352811,winter weekday,30.5
9686,2024-02-08 14:00:00.000,31.842614999999995,winter weekday,30.5
9687,2024-02-08 15:00:00.000,31.777640999999992,winter weekday,30.5
9688,2024-02-08 16:00:00.000,31.6064595,winter weekday,30.5
9689,2024-02-08 17:00:00.000,32.85471,winter weekday,30.5
9690,2024-02-08 18:00:00.000,31.813876499999992,winter weekday,30.5
9691,2024-02-08 19:00:00.000,30.738057,winter weekday,30.5
9692,2024-02-08 20:00:00.000,30.3807,winter weekday,30.5
9693,2024-02-08 21:00:00.000,30.0570795,winter weekday,30.5
9694,2024-02-08 22:00:00.000,29.431079999999994,winter weekday,30.5
9695,2024-02-08 23:00:00.000,28.229061,winter weekday,26.43
9696,2024-02-09 00:00:00.000,27.5355885,winter weekday,26.43
9697,2024-02-09 01:00:00.000,27.3081795,winter weekday,26.43
9698,2024-02-09 02:00:00.000,26.949573,winter weekday,26.43
9699,2024-02-09 03:00:00.000,26.433529499999995,winter weekday,26.43
9700,2024-02-09 04:00:00.000,26.227362,winter weekday,26.43
9701,2024-02-09 05:00:00.000,26.522244,winter weekday,26.43
9702,2024-02-09 06:00:00.000,27.366906,winter weekday,26.43
9703,2024-02-09 07:00:00.000,28.3302705,winter weekday,26.43
9704,2024-02-09 08:00:00.000,28.7476035,winter weekday,30.5
9705,2024-02-09 09:00:00.000,28.5276915,winter weekday,30.5
9706,2024-02-09 10:00:00.000,28.671384,winter weekday,30.5
9707,2024-02-09 11:00:00.000,28.723863,winter weekday,30.5
9708,2024-02-09 12:00:00.000,28.4627175,winter weekday,26.43
9709,2024-02-09 13:00:00.000,28.448972999999995,winter weekday,26.43
9710,2024-02-09 14:00:00.000,29.133699,winter weekday,30.5
9711,2024-02-09 15:00:00.000,30.175781999999995,winter weekday,30.5
9712,2024-02-09 16:00:00.000,31.245353999999992,winter weekday,30.5
9713,2024-02-09 17:00:00.000,31.911337499999995,winter weekday,30.5
9714,2024-02-09 18:00:00.000,31.911337499999995,winter weekday,30.5
9715,2024-02-09 19:00:00.000,30.861757499999992,winter weekday,30.5
9716,2024-02-09 20:00:00.000,30.035837999999995,winter weekday,30.5
9717,2024-02-09 21:00:00.000,29.3811,winter weekday,30.5
9718,2024-02-09 22:00:00.000,29.3448645,winter weekday,30.5
9719,2024-02-09 23:00:00.000,28.848813,winter weekday,30.5
9720,2024-02-10 00:00:00.000,27.869205,winter weekend,27.53
9721,2024-02-10 01:00:00.000,27.991655999999995,winter weekend,27.53
9722,2024-02-10 02:00:00.000,28.03164,winter weekend,27.53
9723,2024-02-10 03:00:00.000,28.0303905,winter weekend,27.53
9724,2024-02-10 04:00:00.000,28.0328895,winter weekend,27.53
9725,2024-02-10 05:00:00.000,28.209069,winter weekend,27.53
9726,2024-02-10 06:00:00.000,28.8450645,winter weekend,27.53
9727,2024-02-10 07:00:00.000,29.338616999999992,winter weekend,27.53
9728,2024-02-10 08:00:00.000,29.693475,winter weekend,27.53
9729,2024-02-10 09:00:00.000,30.028341,winter weekend,27.53
9730,2024-02-10 10:00:00.000,29.3048805,winter weekend,27.53
9731,2024-02-10 11:00:00.000,28.660138499999995,winter weekend,27.53
9732,2024-02-10 12:00:00.000,28.51894499999999,winter weekend,27.53
9733,2024-02-10 13:00:00.000,28.321524,winter weekend,27.53
9734,2024-02-10 14:00:00.000,28.6726335,winter weekend,27.53
9735,2024-02-10 15:00:00.000,29.6272515,winter weekend,27.53
9736,2024-02-10 16:00:00.000,30.746803499999995,winter weekend,32.84
9737,2024-02-10 17:00:00.000,31.099162499999995,winter weekend,32.84
9738,2024-02-10 18:00:00.000,30.932979,winter weekend,32.84
9739,2024-02-10 19:00:00.000,30.1070595,winter weekend,27.53
9740,2024-02-10 20:00:00.000,29.28114,winter weekend,27.53
9741,2024-02-10 21:00:00.000,28.461468,winter weekend,27.53
9742,2024-02-10 22:00:00.000,28.214067,winter weekend,27.53
9743,2024-02-10 23:00:00.000,27.914186999999995,winter weekend,27.53
9744,2024-02-11 00:00:00.000,26.917086,winter weekend,27.53
9745,2024-02-11 01:00:00.000,26.6909265,winter weekend,27.53
9746,2024-02-11 02:00:00.000,26.55723,winter weekend,27.53
9747,2024-02-11 03:00:00.000,25.8362685,winter weekend,27.53
9748,2024-02-11 04:00:00.000,25.437677999999995,winter weekend,27.53
9749,2024-02-11 05:00:00.000,25.763797499999995,winter weekend,27.53
9750,2024-02-11 06:00:00.000,26.1311505,winter weekend,27.53
9751,2024-02-11 07:00:00.000,26.627202,winter weekend,27.53
9752,2024-02-11 08:00:00.000,26.864607,winter weekend,27.53
9753,2024-02-11 09:00:00.000,27.2282115,winter weekend,27.53
9754,2024-02-11 10:00:00.000,27.626802,winter weekend,27.53
9755,2024-02-11 11:00:00.000,28.174082999999992,winter weekend,27.53
9756,2024-02-11 12:00:00.000,28.05662999999999,winter weekend,27.53
9757,2024-02-11 13:00:00.000,27.746754,winter weekend,27.53
9758,2024-02-11 14:00:00.000,27.980410499999994,winter weekend,27.53
9759,2024-02-11 15:00:00.000,28.269044999999995,winter weekend,27.53
9760,2024-02-11 16:00:00.000,28.8175755,winter weekend,27.53
9761,2024-02-11 17:00:00.000,29.793434999999995,winter weekend,27.53
9762,2024-02-11 18:00:00.000,30.073323,winter weekend,27.53
9763,2024-02-11 19:00:00.000,29.945874,winter weekend,27.53
9764,2024-02-11 20:00:00.000,29.574772499999995,winter weekend,27.53
9765,2024-02-11 21:00:00.000,28.821324,winter weekend,27.53
9766,2024-02-11 22:00:00.000,28.5301905,winter weekend,27.53
9767,2024-02-11 23:00:00.000,27.9829095,winter weekend,27.53
9768,2024-02-12 00:00:00.000,28.025392499999995,winter weekday,26.43
9769,2024-02-12 01:00:00.000,27.6805305,winter weekday,26.43
9770,2024-02-12 02:00:00.000,27.563077499999995,winter weekday,26.43
9771,2024-02-12 03:00:00.000,27.4056405,winter weekday,26.43
9772,2024-02-12 04:00:00.000,27.383149499999995,winter weekday,26.43
9773,2024-02-12 05:00:00.000,28.10661,winter weekday,26.43
9774,2024-02-12 06:00:00.000,29.48106,winter weekday,30.5
9775,2024-02-12 07:00:00.000,30.6568395,winter weekday,30.5
9776,2024-02-12 08:00:00.000,32.97966,winter weekday,30.5
9777,2024-02-12 09:00:00.000,32.042534999999994,winter weekday,30.5
9778,2024-02-12 10:00:00.000,30.6643365,winter weekday,30.5
9779,2024-02-12 11:00:00.000,29.873403,winter weekday,30.5
9780,2024-02-12 12:00:00.000,28.4027415,winter weekday,26.43
9781,2024-02-12 13:00:00.000,27.9504225,winter weekday,26.43
9782,2024-02-12 14:00:00.000,27.9754125,winter weekday,26.43
9783,2024-02-12 15:00:00.000,28.28154,winter weekday,26.43
9784,2024-02-12 16:00:00.000,29.783439,winter weekday,30.5
9785,2024-02-12 17:00:00.000,31.717665,winter weekday,30.5
9786,2024-02-12 18:00:00.000,31.98006,winter weekday,30.5
9787,2024-02-12 19:00:00.000,31.115406,winter weekday,30.5
9788,2024-02-12 20:00:00.000,29.8746525,winter weekday,30.5
9789,2024-02-12 21:00:00.000,28.923783,winter weekday,30.5
9790,2024-02-12 22:00:00.000,28.2153165,winter weekday,26.43
9791,2024-02-12 23:00:00.000,27.719265,winter weekday,26.43
9792,2024-02-13 00:00:00.000,28.555180499999995,winter weekday,30.5
9793,2024-02-13 01:00:00.000,28.1528415,winter weekday,26.43
9794,2024-02-13 02:00:00.000,27.9079395,winter weekday,26.43
9795,2024-02-13 03:00:00.000,27.5430855,winter weekday,26.43
9796,2024-02-13 04:00:00.000,27.489356999999995,winter weekday,26.43
9797,2024-02-13 05:00:00.000,27.9304305,winter weekday,26.43
9798,2024-02-13 06:00:00.000,28.8175755,winter weekday,30.5
9799,2024-02-13 07:00:00.000,30.25325099999999,winter weekday,30.5
9800,2024-02-13 08:00:00.000,31.117905,winter weekday,30.5
9801,2024-02-13 09:00:00.000,29.371104,winter weekday,30.5
9802,2024-02-13 10:00:00.000,28.6326495,winter weekday,30.5
9803,2024-02-13 11:00:00.000,27.9654165,winter weekday,26.43
9804,2024-02-13 12:00:00.000,27.5480835,winter weekday,26.43
9805,2024-02-13 13:00:00.000,27.514347,winter weekday,26.43
9806,2024-02-13 14:00:00.000,27.869205,winter weekday,26.43
9807,2024-02-13 15:00:00.000,28.818825,winter weekday,30.5
9808,2024-02-13 16:00:00.000,29.775942,winter weekday,30.5
9809,2024-02-13 17:00:00.000,31.8563595,winter weekday,30.5
9810,2024-02-13 18:00:00.000,32.464865999999994,winter weekday,30.5
9811,2024-02-13 19:00:00.000,31.3540605,winter weekday,30.5
9812,2024-02-13 20:00:00.000,29.7272115,winter weekday,30.5
9813,2024-02-13 21:00:00.000,28.963767,winter weekday,30.5
9814,2024-02-13 22:00:00.000,28.5301905,winter weekday,30.5
9815,2024-02-13 23:00:00.000,28.074123,winter weekday,26.43
9816,2024-02-14 00:00:00.000,27.560578499999995,winter weekday,26.43
9817,2024-02-14 01:00:00.000,27.399393,winter weekday,26.43
9818,2024-02-14 02:00:00.000,26.952072,winter weekday,26.43
9819,2024-02-14 03:00:00.000,26.8308705,winter weekday,26.43
9820,2024-02-14 04:00:00.000,26.864607,winter weekday,26.43
9821,2024-02-14 05:00:00.000,27.2856885,winter weekday,26.43
9822,2024-02-14 06:00:00.000,27.885448499999995,winter weekday,26.43
9823,2024-02-14 07:00:00.000,29.073723,winter weekday,30.5
9824,2024-02-14 08:00:00.000,29.9471235,winter weekday,30.5
9825,2024-02-14 09:00:00.000,28.687627499999994,winter weekday,30.5
9826,2024-02-14 10:00:00.000,27.964167,winter weekday,26.43
9827,2024-02-14 11:00:00.000,27.8929455,winter weekday,26.43
9828,2024-02-14 12:00:00.000,27.8104785,winter weekday,26.43
9829,2024-02-14 13:00:00.000,27.959169,winter weekday,26.43
9830,2024-02-14 14:00:00.000,28.6101585,winter weekday,30.5
9831,2024-02-14 15:00:00.000,29.009998499999995,winter weekday,30.5
9832,2024-02-14 16:00:00.000,29.798433,winter weekday,30.5
9833,2024-02-14 17:00:00.000,30.3519615,winter weekday,30.5
9834,2024-02-14 18:00:00.000,30.927980999999992,winter weekday,30.5
9835,2024-02-14 19:00:00.000,30.5393865,winter weekday,30.5
9836,2024-02-14 20:00:00.000,29.541035999999995,winter weekday,30.5
9837,2024-02-14 21:00:00.000,28.691376,winter weekday,30.5
9838,2024-02-14 22:00:00.000,28.50645,winter weekday,30.5
9839,2024-02-14 23:00:00.000,27.956669999999995,winter weekday,26.43
9840,2024-02-15 00:00:00.000,27.6955245,winter weekday,26.43
9841,2024-02-15 01:00:00.000,27.6230535,winter weekday,26.43
9842,2024-02-15 02:00:00.000,27.519345,winter weekday,26.43
9843,2024-02-15 03:00:00.000,27.450622499999994,winter weekday,26.43
9844,2024-02-15 04:00:00.000,27.724263,winter weekday,26.43
9845,2024-02-15 05:00:00.000,28.239056999999995,winter weekday,26.43
9846,2024-02-15 06:00:00.000,29.007499499999994,winter weekday,30.5
9847,2024-02-15 07:00:00.000,30.177031499999995,winter weekday,30.5
9848,2024-02-15 08:00:00.000,30.314476499999994,winter weekday,30.5
9849,2024-02-15 09:00:00.000,29.825921999999995,winter weekday,30.5
9850,2024-02-15 10:00:00.000,29.253651,winter weekday,30.5
9851,2024-02-15 11:00:00.000,28.726361999999995,winter weekday,30.5
9852,2024-02-15 12:00:00.000,28.310278499999995,winter weekday,26.43
9853,2024-02-15 13:00:00.000,28.2553005,winter weekday,26.43
9854,2024-02-15 14:00:00.000,28.7201145,winter weekday,30.5
9855,2024-02-15 15:00:00.000,29.362357499999995,winter weekday,30.5
9856,2024-02-15 16:00:00.000,29.8621575,winter weekday,30.5
9857,2024-02-15 17:00:00.000,30.855509999999995,winter weekday,30.5
9858,2024-02-15 18:00:00.000,30.8442645,winter weekday,30.5
9859,2024-02-15 19:00:00.000,29.432329499999994,winter weekday,30.5
9860,2024-02-15 20:00:00.000,28.7900865,winter weekday,30.5
9861,2024-02-15 21:00:00.000,27.8529615,winter weekday,26.43
9862,2024-02-15 22:00:00.000,27.8679555,winter weekday,26.43
9863,2024-02-15 23:00:00.000,27.345664499999994,winter weekday,26.43
9864,2024-02-16 00:00:00.000,26.452272,winter weekday,26.43
9865,2024-02-16 01:00:00.000,26.367305999999992,winter weekday,26.43
9866,2024-02-16 02:00:00.000,26.222364,winter weekday,26.43
9867,2024-02-16 03:00:00.000,26.0836695,winter weekday,26.43
9868,2024-02-16 04:00:00.000,26.404791,winter weekday,26.43
9869,2024-02-16 05:00:00.000,26.6734335,winter weekday,26.43
9870,2024-02-16 06:00:00.000,27.3756525,winter weekday,26.43
9871,2024-02-16 07:00:00.000,28.655140499999995,winter weekday,30.5
9872,2024-02-16 08:00:00.000,28.793834999999994,winter weekday,30.5
9873,2024-02-16 09:00:00.000,28.086617999999994,winter weekday,26.43
9874,2024-02-16 10:00:00.000,26.7783915,winter weekday,26.43
9875,2024-02-16 11:00:00.000,26.607209999999995,winter weekday,26.43
9876,2024-02-16 12:00:00.000,26.5234935,winter weekday,26.43
9877,2024-02-16 13:00:00.000,26.5209945,winter weekday,26.43
9878,2024-02-16 14:00:00.000,26.704671,winter weekday,26.43
9879,2024-02-16 15:00:00.000,27.8054805,winter weekday,26.43
9880,2024-02-16 16:00:00.000,28.730110499999995,winter weekday,30.5
9881,2024-02-16 17:00:00.000,29.053731,winter weekday,30.5
9882,2024-02-16 18:00:00.000,29.658489,winter weekday,30.5
9883,2024-02-16 19:00:00.000,29.57852099999999,winter weekday,30.5
9884,2024-02-16 20:00:00.000,29.0399865,winter weekday,30.5
9885,2024-02-16 21:00:00.000,28.65639,winter weekday,30.5
9886,2024-02-16 22:00:00.000,28.4877075,winter weekday,30.5
9887,2024-02-16 23:00:00.000,27.484359,winter weekday,26.43
9888,2024-02-17 00:00:00.000,27.1457445,winter weekend,27.53
9889,2024-02-17 01:00:00.000,27.107009999999995,winter weekend,27.53
9890,2024-02-17 02:00:00.000,26.967066,winter weekend,27.53
9891,2024-02-17 03:00:00.000,26.814626999999994,winter weekend,27.53
9892,2024-02-17 04:00:00.000,26.809629,winter weekend,27.53
9893,2024-02-17 05:00:00.000,26.917086,winter weekend,27.53
9894,2024-02-17 06:00:00.000,26.8783515,winter weekend,27.53
9895,2024-02-17 07:00:00.000,27.094515,winter weekend,27.53
9896,2024-02-17 08:00:00.000,28.092865499999995,winter weekend,27.53
9897,2024-02-17 09:00:00.000,27.8929455,winter weekend,27.53
9898,2024-02-17 10:00:00.000,27.734258999999994,winter weekend,27.53
9899,2024-02-17 11:00:00.000,27.5680755,winter weekend,27.53
9900,2024-02-17 12:00:00.000,27.264447,winter weekend,27.53
9901,2024-02-17 13:00:00.000,26.888347499999995,winter weekend,27.53
9902,2024-02-17 14:00:00.000,27.3681555,winter weekend,27.53
9903,2024-02-17 15:00:00.000,28.585168499999995,winter weekend,27.53
9904,2024-02-17 16:00:00.000,29.3598585,winter weekend,27.53
9905,2024-02-17 17:00:00.000,30.9717135,winter weekend,32.84
9906,2024-02-17 18:00:00.000,33.73685699999999,winter weekend,32.84
9907,2024-02-17 19:00:00.000,31.265346,winter weekend,32.84
9908,2024-02-17 20:00:00.000,30.0970635,winter weekend,27.53
9909,2024-02-17 21:00:00.000,29.3023815,winter weekend,27.53
9910,2024-02-17 22:00:00.000,29.036238,winter weekend,27.53
9911,2024-02-17 23:00:00.000,28.620154499999995,winter weekend,27.53
9912,2024-02-18 00:00:00.000,27.779240999999995,winter weekend,27.53
9913,2024-02-18 01:00:00.000,26.8333695,winter weekend,27.53
9914,2024-02-18 02:00:00.000,26.412288,winter weekend,27.53
9915,2024-02-18 03:00:00.000,26.272344,winter weekend,27.53
9916,2024-02-18 04:00:00.000,26.256100499999995,winter weekend,27.53
9917,2024-02-18 05:00:00.000,26.041186499999995,winter weekend,27.53
9918,2024-02-18 06:00:00.000,25.735059,winter weekend,27.53
9919,2024-02-18 07:00:00.000,26.1036615,winter weekend,27.53
9920,2024-02-18 08:00:00.000,25.892496,winter weekend,27.53
9921,2024-02-18 09:00:00.000,25.3614585,winter weekend,27.53
9922,2024-02-18 10:00:00.000,25.0390875,winter weekend,27.53
9923,2024-02-18 11:00:00.000,25.10781,winter weekend,27.53
9924,2024-02-18 12:00:00.000,24.995355,winter weekend,27.53
9925,2024-02-18 13:00:00.000,24.967866,winter weekend,27.53
9926,2024-02-18 14:00:00.000,25.341466499999992,winter weekend,27.53
9927,2024-02-18 15:00:00.000,26.7683955,winter weekend,27.53
9928,2024-02-18 16:00:00.000,27.840466499999994,winter weekend,27.53
9929,2024-02-18 17:00:00.000,28.981259999999992,winter weekend,27.53
9930,2024-02-18 18:00:00.000,29.188676999999995,winter weekend,27.53
9931,2024-02-18 19:00:00.000,28.805080499999995,winter weekend,27.53
9932,2024-02-18 20:00:00.000,28.0703745,winter weekend,27.53
9933,2024-02-18 21:00:00.000,27.460618499999992,winter weekend,27.53
9934,2024-02-18 22:00:00.000,27.148243499999992,winter weekend,27.53
9935,2024-02-18 23:00:00.000,26.724663,winter weekend,27.53
9936,2024-02-19 00:00:00.000,25.48266,winter weekday,26.43
9937,2024-02-19 01:00:00.000,25.362708,winter weekday,26.43
9938,2024-02-19 02:00:00.000,25.5088995,winter weekday,26.43
9939,2024-02-19 03:00:00.000,25.471414499999995,winter weekday,26.43
9940,2024-02-19 04:00:00.000,25.597614,winter weekday,26.43
9941,2024-02-19 05:00:00.000,26.4285315,winter weekday,26.43
9942,2024-02-19 06:00:00.000,28.556429999999995,winter weekday,30.5
9943,2024-02-19 07:00:00.000,29.8671555,winter weekday,30.5
9944,2024-02-19 08:00:00.000,30.460667999999995,winter weekday,30.5
9945,2024-02-19 09:00:00.000,29.3598585,winter weekday,30.5
9946,2024-02-19 10:00:00.000,28.835068499999995,winter weekday,30.5
9947,2024-02-19 11:00:00.000,28.622653499999995,winter weekday,30.5
9948,2024-02-19 12:00:00.000,27.7904865,winter weekday,26.43
9949,2024-02-19 13:00:00.000,27.6055605,winter weekday,26.43
9950,2024-02-19 14:00:00.000,28.226562,winter weekday,26.43
9951,2024-02-19 15:00:00.000,28.641396,winter weekday,30.5
9952,2024-02-19 16:00:00.000,28.9200345,winter weekday,30.5
9953,2024-02-19 17:00:00.000,29.512297499999992,winter weekday,30.5
9954,2024-02-19 18:00:00.000,32.186227499999994,winter weekday,30.5
9955,2024-02-19 19:00:00.000,29.978361,winter weekday,30.5
9956,2024-02-19 20:00:00.000,28.963767,winter weekday,30.5
9957,2024-02-19 21:00:00.000,28.415236499999995,winter weekday,26.43
9958,2024-02-19 22:00:00.000,28.265296499999994,winter weekday,26.43
9959,2024-02-19 23:00:00.000,27.3656565,winter weekday,26.43
9960,2024-02-20 00:00:00.000,27.239456999999994,winter weekday,26.43
9961,2024-02-20 01:00:00.000,26.772144,winter weekday,26.43
9962,2024-02-20 02:00:00.000,26.727162,winter weekday,26.43
9963,2024-02-20 03:00:00.000,26.667186,winter weekday,26.43
9964,2024-02-20 04:00:00.000,26.6059605,winter weekday,26.43
9965,2024-02-20 05:00:00.000,26.8308705,winter weekday,26.43
9966,2024-02-20 06:00:00.000,28.7975835,winter weekday,30.5
9967,2024-02-20 07:00:00.000,31.030439999999995,winter weekday,30.5
9968,2024-02-20 08:00:00.000,31.341565499999994,winter weekday,30.5
9969,2024-02-20 09:00:00.000,29.7996825,winter weekday,30.5
9970,2024-02-20 10:00:00.000,28.711368,winter weekday,30.5
9971,2024-02-20 11:00:00.000,27.591815999999994,winter weekday,26.43
9972,2024-02-20 12:00:00.000,26.672184,winter weekday,26.43
9973,2024-02-20 13:00:00.000,26.409789,winter weekday,26.43
9974,2024-02-20 14:00:00.000,26.4560205,winter weekday,26.43
9975,2024-02-20 15:00:00.000,27.002052,winter weekday,26.43
9976,2024-02-20 16:00:00.000,27.866706,winter weekday,26.43
9977,2024-02-20 17:00:00.000,28.798832999999995,winter weekday,30.5
9978,2024-02-20 18:00:00.000,28.8875475,winter weekday,30.5
9979,2024-02-20 19:00:00.000,29.1649365,winter weekday,30.5
9980,2024-02-20 20:00:00.000,28.541436,winter weekday,30.5
9981,2024-02-20 21:00:00.000,27.6480435,winter weekday,26.43
9982,2024-02-20 22:00:00.000,27.089517,winter weekday,26.43
9983,2024-02-20 23:00:00.000,26.5784715,winter weekday,26.43
9984,2024-02-21 00:00:00.000,26.3135775,winter weekday,26.43
9985,2024-02-21 01:00:00.000,26.041186499999995,winter weekday,26.43
9986,2024-02-21 02:00:00.000,25.837518,winter weekday,26.43
9987,2024-02-21 03:00:00.000,25.578871499999995,winter weekday,26.43
9988,2024-02-21 04:00:00.000,25.656340499999995,winter weekday,26.43
9989,2024-02-21 05:00:00.000,26.2361085,winter weekday,26.43
9990,2024-02-21 06:00:00.000,28.231559999999995,winter weekday,26.43
9991,2024-02-21 07:00:00.000,30.148292999999995,winter weekday,30.5
9992,2024-02-21 08:00:00.000,30.6193545,winter weekday,30.5
9993,2024-02-21 09:00:00.000,28.773843,winter weekday,30.5
9994,2024-02-21 10:00:00.000,27.994155,winter weekday,26.43
9995,2024-02-21 11:00:00.000,27.530590499999995,winter weekday,26.43
9996,2024-02-21 12:00:00.000,26.608459499999995,winter weekday,26.43
9997,2024-02-21 13:00:00.000,26.384799,winter weekday,26.43
9998,2024-02-21 14:00:00.000,26.7034215,winter weekday,26.43
9999,2024-02-21 15:00:00.000,28.18158,winter weekday,26.43
10000,2024-02-21 16:00:00.000,28.721364,winter weekday,30.5
10001,2024-02-21 17:00:00.000,28.6851285,winter weekday,30.5
10002,2024-02-21 18:00:00.000,28.553930999999995,winter weekday,30.5
10003,2024-02-21 19:00:00.000,27.6555405,winter weekday,26.43
10004,2024-02-21 20:00:00.000,26.496004499999994,winter weekday,26.43
10005,2024-02-21 21:00:00.000,25.730061,winter weekday,26.43
10006,2024-02-21 22:00:00.000,25.19652449999999,winter weekday,26.43
10007,2024-02-21 23:00:00.000,24.385599,winter weekday,26.43
10008,2024-02-22 00:00:00.000,23.7920865,winter weekday,26.43
10009,2024-02-22 01:00:00.000,23.3597595,winter weekday,26.43
10010,2024-02-22 02:00:00.000,23.3672565,winter weekday,26.43
10011,2024-02-22 03:00:00.000,23.4772125,winter weekday,26.43
10012,2024-02-22 04:00:00.000,24.60801,winter weekday,26.43
10013,2024-02-22 05:00:00.000,25.9887075,winter weekday,26.43
10014,2024-02-22 06:00:00.000,28.2428055,winter weekday,26.43
10015,2024-02-22 07:00:00.000,29.547283499999995,winter weekday,30.5
10016,2024-02-22 08:00:00.000,30.2195145,winter weekday,30.5
10017,2024-02-22 09:00:00.000,29.2424055,winter weekday,30.5
10018,2024-02-22 10:00:00.000,28.9750125,winter weekday,30.5
10019,2024-02-22 11:00:00.000,28.547683499999994,winter weekday,30.5
10020,2024-02-22 12:00:00.000,28.5776715,winter weekday,30.5
10021,2024-02-22 13:00:00.000,28.603911,winter weekday,30.5
10022,2024-02-22 14:00:00.000,28.062877499999995,winter weekday,26.43
10023,2024-02-22 15:00:00.000,28.0753725,winter weekday,26.43
10024,2024-02-22 16:00:00.000,27.8879475,winter weekday,26.43
10025,2024-02-22 17:00:00.000,27.701771999999995,winter weekday,26.43
10026,2024-02-22 18:00:00.000,27.4706145,winter weekday,26.43
10027,2024-02-22 19:00:00.000,26.534738999999995,winter weekday,26.43
10028,2024-02-22 20:00:00.000,25.2889875,winter weekday,26.43
10029,2024-02-22 21:00:00.000,23.043636,winter weekday,26.43
10030,2024-02-22 22:00:00.000,21.491757,winter weekday,26.43
10031,2024-02-22 23:00:00.000,20.2235145,winter weekday,26.43
10032,2024-02-23 00:00:00.000,21.1381485,winter weekday,26.43
10033,2024-02-23 01:00:00.000,20.1185565,winter weekday,26.43
10034,2024-02-23 02:00:00.000,20.1335505,winter weekday,26.43
10035,2024-02-23 03:00:00.000,19.996105499999995,winter weekday,26.43
10036,2024-02-23 04:00:00.000,19.987359,winter weekday,26.43
10037,2024-02-23 05:00:00.000,19.996105499999995,winter weekday,26.43
10038,2024-02-23 06:00:00.000,24.942875999999995,winter weekday,26.43
10039,2024-02-23 07:00:00.000,27.114507,winter weekday,26.43
10040,2024-02-23 08:00:00.000,27.4006425,winter weekday,26.43
10041,2024-02-23 09:00:00.000,26.4435255,winter weekday,26.43
10042,2024-02-23 10:00:00.000,25.812528,winter weekday,26.43
10043,2024-02-23 11:00:00.000,25.189027499999995,winter weekday,26.43
10044,2024-02-23 12:00:00.000,24.620504999999994,winter weekday,26.43
10045,2024-02-23 13:00:00.000,24.18318,winter weekday,26.43
10046,2024-02-23 14:00:00.000,24.867905999999994,winter weekday,26.43
10047,2024-02-23 15:00:00.000,26.1711345,winter weekday,26.43
10048,2024-02-23 16:00:00.000,27.866706,winter weekday,26.43
10049,2024-02-23 17:00:00.000,29.20617,winter weekday,30.5
10050,2024-02-23 18:00:00.000,30.785537999999995,winter weekday,30.5
10051,2024-02-23 19:00:00.000,30.4819095,winter weekday,30.5
10052,2024-02-23 20:00:00.000,29.1024615,winter weekday,30.5
10053,2024-02-23 21:00:00.000,28.638897,winter weekday,30.5
10054,2024-02-23 22:00:00.000,28.478960999999995,winter weekday,30.5
10055,2024-02-23 23:00:00.000,28.119105,winter weekday,26.43
10056,2024-02-24 00:00:00.000,28.2902865,winter weekend,27.53
10057,2024-02-24 01:00:00.000,27.969165,winter weekend,27.53
10058,2024-02-24 02:00:00.000,27.419384999999995,winter weekend,27.53
10059,2024-02-24 03:00:00.000,26.8821,winter weekend,27.53
10060,2024-02-24 04:00:00.000,26.9058405,winter weekend,27.53
10061,2024-02-24 05:00:00.000,27.119505,winter weekend,27.53
10062,2024-02-24 06:00:00.000,27.6905265,winter weekend,27.53
10063,2024-02-24 07:00:00.000,28.2453045,winter weekend,27.53
10064,2024-02-24 08:00:00.000,28.03164,winter weekend,27.53
10065,2024-02-24 09:00:00.000,27.181979999999992,winter weekend,27.53
10066,2024-02-24 10:00:00.000,26.127402,winter weekend,27.53
10067,2024-02-24 11:00:00.000,25.712568,winter weekend,27.53
10068,2024-02-24 12:00:00.000,25.022844,winter weekend,27.53
10069,2024-02-24 13:00:00.000,24.010749,winter weekend,27.53
10070,2024-02-24 14:00:00.000,24.68298,winter weekend,27.53
10071,2024-02-24 15:00:00.000,25.60761,winter weekend,27.53
10072,2024-02-24 16:00:00.000,26.9758125,winter weekend,27.53
10073,2024-02-24 17:00:00.000,28.940026499999995,winter weekend,27.53
10074,2024-02-24 18:00:00.000,29.98086,winter weekend,27.53
10075,2024-02-24 19:00:00.000,29.2474035,winter weekend,27.53
10076,2024-02-24 20:00:00.000,28.1278515,winter weekend,27.53
10077,2024-02-24 21:00:00.000,27.474363,winter weekend,27.53
10078,2024-02-24 22:00:00.000,27.009549,winter weekend,27.53
10079,2024-02-24 23:00:00.000,26.50725,winter weekend,27.53
10080,2024-02-25 00:00:00.000,27.0532815,winter weekend,27.53
10081,2024-02-25 01:00:00.000,26.912088,winter weekend,27.53
10082,2024-02-25 02:00:00.000,26.904591,winter weekend,27.53
10083,2024-02-25 03:00:00.000,26.8433655,winter weekend,27.53
10084,2024-02-25 04:00:00.000,26.8808505,winter weekend,27.53
10085,2024-02-25 05:00:00.000,26.8658565,winter weekend,27.53
10086,2024-02-25 06:00:00.000,27.070774499999995,winter weekend,27.53
10087,2024-02-25 07:00:00.000,27.471864,winter weekend,27.53
10088,2024-02-25 08:00:00.000,27.679281,winter weekend,27.53
10089,2024-02-25 09:00:00.000,27.709268999999995,winter weekend,27.53
10090,2024-02-25 10:00:00.000,27.0207945,winter weekend,27.53
10091,2024-02-25 11:00:00.000,26.747153999999995,winter weekend,27.53
10092,2024-02-25 12:00:00.000,26.23236,winter weekend,27.53
10093,2024-02-25 13:00:00.000,25.7363085,winter weekend,27.53
10094,2024-02-25 14:00:00.000,26.212367999999994,winter weekend,27.53
10095,2024-02-25 15:00:00.000,26.85711,winter weekend,27.53
10096,2024-02-25 16:00:00.000,28.45647,winter weekend,27.53
10097,2024-02-25 17:00:00.000,30.254500499999992,winter weekend,32.84
10098,2024-02-25 18:00:00.000,31.6914255,winter weekend,32.84
10099,2024-02-25 19:00:00.000,29.878401,winter weekend,27.53
10100,2024-02-25 20:00:00.000,28.730110499999995,winter weekend,27.53
10101,2024-02-25 21:00:00.000,28.221564,winter weekend,27.53
10102,2024-02-25 22:00:00.000,28.1353485,winter weekend,27.53
10103,2024-02-25 23:00:00.000,27.279440999999995,winter weekend,27.53
10104,2024-02-26 00:00:00.000,27.210718499999995,winter weekday,26.43
10105,2024-02-26 01:00:00.000,27.084519,winter weekday,26.43
10106,2024-02-26 02:00:00.000,26.944575,winter weekday,26.43
10107,2024-02-26 03:00:00.000,26.45727,winter weekday,26.43
10108,2024-02-26 04:00:00.000,26.644695,winter weekday,26.43
10109,2024-02-26 05:00:00.000,27.221964,winter weekday,26.43
10110,2024-02-26 06:00:00.000,28.733858999999995,winter weekday,30.5
10111,2024-02-26 07:00:00.000,29.968365,winter weekday,30.5
10112,2024-02-26 08:00:00.000,30.180779999999995,winter weekday,30.5
10113,2024-02-26 09:00:00.000,29.2099185,winter weekday,30.5
10114,2024-02-26 10:00:00.000,28.3127775,winter weekday,26.43
10115,2024-02-26 11:00:00.000,28.1103585,winter weekday,26.43
10116,2024-02-26 12:00:00.000,27.284438999999995,winter weekday,26.43
10117,2024-02-26 13:00:00.000,27.2557005,winter weekday,26.43
10118,2024-02-26 14:00:00.000,27.6430455,winter weekday,26.43
10119,2024-02-26 15:00:00.000,28.1003625,winter weekday,26.43
10120,2024-02-26 16:00:00.000,28.730110499999995,winter weekday,30.5
10121,2024-02-26 17:00:00.000,29.60601,winter weekday,30.5
10122,2024-02-26 18:00:00.000,30.645594,winter weekday,30.5
10123,2024-02-26 19:00:00.000,30.1070595,winter weekday,30.5
10124,2024-02-26 20:00:00.000,29.007499499999994,winter weekday,30.5
10125,2024-02-26 21:00:00.000,28.192825499999994,winter weekday,26.43
10126,2024-02-26 22:00:00.000,28.132849499999995,winter weekday,26.43
10127,2024-02-26 23:00:00.000,27.576822,winter weekday,26.43
10128,2024-02-27 00:00:00.000,27.184479,winter weekday,26.43
10129,2024-02-27 01:00:00.000,27.1757325,winter weekday,26.43
10130,2024-02-27 02:00:00.000,27.1507425,winter weekday,26.43
10131,2024-02-27 03:00:00.000,27.0907665,winter weekday,26.43
10132,2024-02-27 04:00:00.000,27.1507425,winter weekday,26.43
10133,2024-02-27 05:00:00.000,27.869205,winter weekday,26.43
10134,2024-02-27 06:00:00.000,29.2698945,winter weekday,30.5
10135,2024-02-27 07:00:00.000,31.9338285,winter weekday,30.5
10136,2024-02-27 08:00:00.000,31.952571,winter weekday,30.5
10137,2024-02-27 09:00:00.000,30.082069499999992,winter weekday,30.5
10138,2024-02-27 10:00:00.000,28.5701745,winter weekday,30.5
10139,2024-02-27 11:00:00.000,28.097863499999995,winter weekday,26.43
10140,2024-02-27 12:00:00.000,27.389396999999995,winter weekday,26.43
10141,2024-02-27 13:00:00.000,27.388147499999995,winter weekday,26.43
10142,2024-02-27 14:00:00.000,28.0703745,winter weekday,26.43
10143,2024-02-27 15:00:00.000,28.988757,winter weekday,30.5
10144,2024-02-27 16:00:00.000,29.958369,winter weekday,30.5
10145,2024-02-27 17:00:00.000,32.232459,winter weekday,30.5
10146,2024-02-27 18:00:00.000,33.954269999999994,winter weekday,35.79
10147,2024-02-27 19:00:00.000,33.12585149999999,winter weekday,30.5
10148,2024-02-27 20:00:00.000,30.525642,winter weekday,30.5
10149,2024-02-27 21:00:00.000,29.0274915,winter weekday,30.5
10150,2024-02-27 22:00:00.000,28.765096499999995,winter weekday,30.5
10151,2024-02-27 23:00:00.000,28.1028615,winter weekday,26.43
10152,2024-02-28 00:00:00.000,27.52684199999999,winter weekday,26.43
10153,2024-02-28 01:00:00.000,27.40689,winter weekday,26.43
10154,2024-02-28 02:00:00.000,27.649293,winter weekday,26.43
10155,2024-02-28 03:00:00.000,27.914186999999995,winter weekday,26.43
10156,2024-02-28 04:00:00.000,27.949173,winter weekday,26.43
10157,2024-02-28 05:00:00.000,28.411487999999995,winter weekday,26.43
10158,2024-02-28 06:00:00.000,29.268645,winter weekday,30.5
10159,2024-02-28 07:00:00.000,32.341165499999995,winter weekday,30.5
10160,2024-02-28 08:00:00.000,33.040885499999995,winter weekday,30.5
10161,2024-02-28 09:00:00.000,30.663087,winter weekday,30.5
10162,2024-02-28 10:00:00.000,29.229910499999995,winter weekday,30.5
10163,2024-02-28 11:00:00.000,28.4252325,winter weekday,26.43
10164,2024-02-28 12:00:00.000,27.9729135,winter weekday,26.43
10165,2024-02-28 13:00:00.000,27.571824,winter weekday,26.43
10166,2024-02-28 14:00:00.000,27.670534499999995,winter weekday,26.43
10167,2024-02-28 15:00:00.000,28.7850885,winter weekday,30.5
10168,2024-02-28 16:00:00.000,29.351112,winter weekday,30.5
10169,2024-02-28 17:00:00.000,31.610208,winter weekday,30.5
10170,2024-02-28 18:00:00.000,31.635198,winter weekday,30.5
10171,2024-02-28 19:00:00.000,29.7671955,winter weekday,30.5
10172,2024-02-28 20:00:00.000,28.16158799999999,winter weekday,26.43
10173,2024-02-28 21:00:00.000,27.8054805,winter weekday,26.43
10174,2024-02-28 22:00:00.000,27.984158999999995,winter weekday,26.43
10175,2024-02-28 23:00:00.000,26.872104,winter weekday,26.43
10176,2024-02-29 00:00:00.000,26.8708545,winter weekday,26.43
10177,2024-02-29 01:00:00.000,26.6484435,winter weekday,26.43
10178,2024-02-29 02:00:00.000,26.239857,winter weekday,26.43
10179,2024-02-29 03:00:00.000,25.861258499999995,winter weekday,26.43
10180,2024-02-29 04:00:00.000,25.8762525,winter weekday,26.43
10181,2024-02-29 05:00:00.000,26.647193999999995,winter weekday,26.43
10182,2024-02-29 06:00:00.000,27.735508499999995,winter weekday,26.43
10183,2024-02-29 07:00:00.000,29.198673,winter weekday,30.5
10184,2024-02-29 08:00:00.000,29.2174155,winter weekday,30.5
10185,2024-02-29 09:00:00.000,28.7800905,winter weekday,30.5
10186,2024-02-29 10:00:00.000,27.5405865,winter weekday,26.43
10187,2024-02-29 11:00:00.000,26.858359499999995,winter weekday,26.43
10188,2024-02-29 12:00:00.000,26.729661,winter weekday,26.43
10189,2024-02-29 13:00:00.000,26.984559,winter weekday,26.43
10190,2024-02-29 14:00:00.000,26.8658565,winter weekday,26.43
10191,2024-02-29 15:00:00.000,28.101612,winter weekday,26.43
10192,2024-02-29 16:00:00.000,28.853811,winter weekday,30.5
10193,2024-02-29 17:00:00.000,30.140796,winter weekday,30.5
10194,2024-02-29 18:00:00.000,30.763047,winter weekday,30.5
10195,2024-02-29 19:00:00.000,30.104560499999995,winter weekday,30.5
10196,2024-02-29 20:00:00.000,29.077471499999994,winter weekday,30.5
10197,2024-02-29 21:00:00.000,28.3877475,winter weekday,26.43
10198,2024-02-29 22:00:00.000,28.094114999999995,winter weekday,26.43
10199,2024-02-29 23:00:00.000,27.594314999999995,winter weekday,26.43
10200,2024-03-01 00:00:00.000,27.736757999999995,winter weekday,26.43
10201,2024-03-01 01:00:00.000,27.659289,winter weekday,26.43
10202,2024-03-01 02:00:00.000,27.249452999999995,winter weekday,26.43
10203,2024-03-01 03:00:00.000,27.210718499999995,winter weekday,26.43
10204,2024-03-01 04:00:00.000,27.269445,winter weekday,26.43
10205,2024-03-01 05:00:00.000,27.7929855,winter weekday,26.43
10206,2024-03-01 06:00:00.000,28.928781,winter weekday,30.5
10207,2024-03-01 07:00:00.000,29.900892,winter weekday,30.5
10208,2024-03-01 08:00:00.000,30.4544205,winter weekday,30.5
10209,2024-03-01 09:00:00.000,29.466066,winter weekday,30.5
10210,2024-03-01 10:00:00.000,28.296534,winter weekday,26.43
10211,2024-03-01 11:00:00.000,28.076622,winter weekday,26.43
10212,2024-03-01 12:00:00.000,27.866706,winter weekday,26.43
10213,2024-03-01 13:00:00.000,28.060378499999995,winter weekday,26.43
10214,2024-03-01 14:00:00.000,28.370254499999994,winter weekday,26.43
10215,2024-03-01 15:00:00.000,29.052481499999995,winter weekday,30.5
10216,2024-03-01 16:00:00.000,29.848413,winter weekday,30.5
10217,2024-03-01 17:00:00.000,31.15539,winter weekday,30.5
10218,2024-03-01 18:00:00.000,31.6964235,winter weekday,30.5
10219,2024-03-01 19:00:00.000,30.8792505,winter weekday,30.5
10220,2024-03-01 20:00:00.000,29.6672355,winter weekday,30.5
10221,2024-03-01 21:00:00.000,28.933779,winter weekday,30.5
10222,2024-03-01 22:00:00.000,28.738857,winter weekday,30.5
10223,2024-03-01 23:00:00.000,28.280290499999992,winter weekday,26.43
10224,2024-03-02 00:00:00.000,27.4756125,winter weekend,27.53
10225,2024-03-02 01:00:00.000,26.9858085,winter weekend,27.53
10226,2024-03-02 02:00:00.000,26.984559,winter weekend,27.53
10227,2024-03-02 03:00:00.000,26.917086,winter weekend,27.53
10228,2024-03-02 04:00:00.000,26.842116,winter weekend,27.53
10229,2024-03-02 05:00:00.000,26.9808105,winter weekend,27.53
10230,2024-03-02 06:00:00.000,27.054531,winter weekend,27.53
10231,2024-03-02 07:00:00.000,27.56557649999999,winter weekend,27.53
10232,2024-03-02 08:00:00.000,27.951671999999995,winter weekend,27.53
10233,2024-03-02 09:00:00.000,28.200322499999995,winter weekend,27.53
10234,2024-03-02 10:00:00.000,27.536838,winter weekend,27.53
10235,2024-03-02 11:00:00.000,27.379400999999994,winter weekend,27.53
10236,2024-03-02 12:00:00.000,26.960818499999995,winter weekend,27.53
10237,2024-03-02 13:00:00.000,26.844615,winter weekend,27.53
10238,2024-03-02 14:00:00.000,27.464367,winter weekend,27.53
10239,2024-03-02 15:00:00.000,28.241555999999992,winter weekend,27.53
10240,2024-03-02 16:00:00.000,29.10621,winter weekend,27.53
10241,2024-03-02 17:00:00.000,30.0595785,winter weekend,27.53
10242,2024-03-02 18:00:00.000,31.68018,winter weekend,32.84
10243,2024-03-02 19:00:00.000,31.217865,winter weekend,32.84
10244,2024-03-02 20:00:00.000,29.603511,winter weekend,27.53
10245,2024-03-02 21:00:00.000,28.7076195,winter weekend,27.53
10246,2024-03-02 22:00:00.000,27.599313,winter weekend,27.53
10247,2024-03-02 23:00:00.000,26.8558605,winter weekend,27.53
10248,2024-03-03 00:00:00.000,26.794635,winter weekend,27.53
10249,2024-03-03 01:00:00.000,26.6859285,winter weekend,27.53
10250,2024-03-03 02:00:00.000,26.70717,winter weekend,27.53
10251,2024-03-03 03:00:00.000,26.930830499999995,winter weekend,27.53
10252,2024-03-03 04:00:00.000,26.8958445,winter weekend,27.53
10253,2024-03-03 05:00:00.000,26.959568999999995,winter weekend,27.53
10254,2024-03-03 06:00:00.000,26.98206,winter weekend,27.53
10255,2024-03-03 07:00:00.000,27.092016,winter weekend,27.53
10256,2024-03-03 08:00:00.000,26.8283715,winter weekend,27.53
10257,2024-03-03 09:00:00.000,26.7309105,winter weekend,27.53
10258,2024-03-03 10:00:00.000,26.4835095,winter weekend,27.53
10259,2024-03-03 11:00:00.000,26.164887,winter weekend,27.53
10260,2024-03-03 12:00:00.000,25.9212345,winter weekend,27.53
10261,2024-03-03 13:00:00.000,25.29648449999999,winter weekend,27.53
10262,2024-03-03 14:00:00.000,25.837518,winter weekend,27.53
10263,2024-03-03 15:00:00.000,26.748403499999995,winter weekend,27.53
10264,2024-03-03 16:00:00.000,27.516846,winter weekend,27.53
10265,2024-03-03 17:00:00.000,29.428581,winter weekend,27.53
10266,2024-03-03 18:00:00.000,30.525642,winter weekend,32.84
10267,2024-03-03 19:00:00.000,30.850511999999995,winter weekend,32.84
10268,2024-03-03 20:00:00.000,30.20577,winter weekend,32.84
10269,2024-03-03 21:00:00.000,29.35611,winter weekend,27.53
10270,2024-03-03 22:00:00.000,29.003751,winter weekend,27.53
10271,2024-03-03 23:00:00.000,29.033739,winter weekend,27.53
10272,2024-03-04 00:00:00.000,28.622653499999995,winter weekday,30.5
10273,2024-03-04 01:00:00.000,28.468965,winter weekday,30.5
10274,2024-03-04 02:00:00.000,28.407739499999995,winter weekday,26.43
10275,2024-03-04 03:00:00.000,28.259049,winter weekday,26.43
10276,2024-03-04 04:00:00.000,28.1803305,winter weekday,26.43
10277,2024-03-04 05:00:00.000,28.835068499999995,winter weekday,30.5
10278,2024-03-04 06:00:00.000,30.128301,winter weekday,30.5
10279,2024-03-04 07:00:00.000,32.0637765,winter weekday,30.5
10280,2024-03-04 08:00:00.000,32.8509615,winter weekday,30.5
10281,2024-03-04 09:00:00.000,30.608108999999995,winter weekday,30.5
10282,2024-03-04 10:00:00.000,28.972513499999994,winter weekday,30.5
10283,2024-03-04 11:00:00.000,28.092865499999995,winter weekday,26.43
10284,2024-03-04 12:00:00.000,27.9729135,winter weekday,26.43
10285,2024-03-04 13:00:00.000,27.619305,winter weekday,26.43
10286,2024-03-04 14:00:00.000,27.794235,winter weekday,26.43
10287,2024-03-04 15:00:00.000,28.713867,winter weekday,30.5
10288,2024-03-04 16:00:00.000,29.474812499999995,winter weekday,30.5
10289,2024-03-04 17:00:00.000,31.3040805,winter weekday,30.5
10290,2024-03-04 18:00:00.000,33.127101,winter weekday,30.5
10291,2024-03-04 19:00:00.000,32.3711535,winter weekday,30.5
10292,2024-03-04 20:00:00.000,30.045834,winter weekday,30.5
10293,2024-03-04 21:00:00.000,28.905040499999995,winter weekday,30.5
10294,2024-03-04 22:00:00.000,28.4177355,winter weekday,26.43
10295,2024-03-04 23:00:00.000,27.9729135,winter weekday,26.43
10296,2024-03-05 00:00:00.000,27.726762,winter weekday,26.43
10297,2024-03-05 01:00:00.000,27.6905265,winter weekday,26.43
10298,2024-03-05 02:00:00.000,27.6480435,winter weekday,26.43
10299,2024-03-05 03:00:00.000,27.464367,winter weekday,26.43
10300,2024-03-05 04:00:00.000,27.551832,winter weekday,26.43
10301,2024-03-05 05:00:00.000,27.6905265,winter weekday,26.43
10302,2024-03-05 06:00:00.000,28.9225335,winter weekday,30.5
10303,2024-03-05 07:00:00.000,29.890895999999994,winter weekday,30.5
10304,2024-03-05 08:00:00.000,30.35820899999999,winter weekday,30.5
10305,2024-03-05 09:00:00.000,29.60601,winter weekday,30.5
10306,2024-03-05 10:00:00.000,28.875052499999995,winter weekday,30.5
10307,2024-03-05 11:00:00.000,28.696373999999995,winter weekday,30.5
10308,2024-03-05 12:00:00.000,28.2328095,winter weekday,26.43
10309,2024-03-05 13:00:00.000,28.2103185,winter weekday,26.43
10310,2024-03-05 14:00:00.000,28.6826295,winter weekday,30.5
10311,2024-03-05 15:00:00.000,28.8150765,winter weekday,30.5
10312,2024-03-05 16:00:00.000,29.516046,winter weekday,30.5
10313,2024-03-05 17:00:00.000,30.2395065,winter weekday,30.5
10314,2024-03-05 18:00:00.000,33.02714099999999,winter weekday,30.5
10315,2024-03-05 19:00:00.000,34.102960499999995,winter weekday,35.79
10316,2024-03-05 20:00:00.000,31.620204,winter weekday,30.5
10317,2024-03-05 21:00:00.000,30.331969499999992,winter weekday,30.5
10318,2024-03-05 22:00:00.000,29.491056,winter weekday,30.5
10319,2024-03-05 23:00:00.000,28.9600185,winter weekday,30.5
10320,2024-03-06 00:00:00.000,28.85631,winter weekday,30.5
10321,2024-03-06 01:00:00.000,28.818825,winter weekday,30.5
10322,2024-03-06 02:00:00.000,28.788837,winter weekday,30.5
10323,2024-03-06 03:00:00.000,28.698872999999995,winter weekday,30.5
10324,2024-03-06 04:00:00.000,28.788837,winter weekday,30.5
10325,2024-03-06 05:00:00.000,29.219914499999994,winter weekday,30.5
10326,2024-03-06 06:00:00.000,30.478161,winter weekday,30.5
10327,2024-03-06 07:00:00.000,33.30952799999999,winter weekday,35.79
10328,2024-03-06 08:00:00.000,33.566925,winter weekday,35.79
10329,2024-03-06 09:00:00.000,30.8817495,winter weekday,30.5
10330,2024-03-06 10:00:00.000,29.471063999999995,winter weekday,30.5
10331,2024-03-06 11:00:00.000,28.983759,winter weekday,30.5
10332,2024-03-06 12:00:00.000,28.6501425,winter weekday,30.5
10333,2024-03-06 13:00:00.000,28.6426455,winter weekday,30.5
10334,2024-03-06 14:00:00.000,28.811328,winter weekday,30.5
10335,2024-03-06 15:00:00.000,29.013747,winter weekday,30.5
10336,2024-03-06 16:00:00.000,30.113307,winter weekday,30.5
10337,2024-03-06 17:00:00.000,32.479859999999995,winter weekday,30.5
10338,2024-03-06 18:00:00.000,34.926381,winter weekday,35.79
10339,2024-03-06 19:00:00.000,34.885147499999995,winter weekday,35.79
10340,2024-03-06 20:00:00.000,31.65519,winter weekday,30.5
10341,2024-03-06 21:00:00.000,29.999602499999995,winter weekday,30.5
10342,2024-03-06 22:00:00.000,29.728461,winter weekday,30.5
10343,2024-03-06 23:00:00.000,29.273643,winter weekday,30.5
10344,2024-03-07 00:00:00.000,29.1474435,winter weekday,30.5
10345,2024-03-07 01:00:00.000,29.021243999999992,winter weekday,30.5
10346,2024-03-07 02:00:00.000,28.773843,winter weekday,30.5
10347,2024-03-07 03:00:00.000,28.5701745,winter weekday,30.5
10348,2024-03-07 04:00:00.000,28.7176155,winter weekday,30.5
10349,2024-03-07 05:00:00.000,29.122453499999995,winter weekday,30.5
10350,2024-03-07 06:00:00.000,30.5143965,winter weekday,30.5
10351,2024-03-07 07:00:00.000,32.8797,winter weekday,30.5
10352,2024-03-07 08:00:00.000,32.067525,winter weekday,30.5
10353,2024-03-07 09:00:00.000,29.8671555,winter weekday,30.5
10354,2024-03-07 10:00:00.000,28.8950445,winter weekday,30.5
10355,2024-03-07 11:00:00.000,28.251552,winter weekday,26.43
10356,2024-03-07 12:00:00.000,27.6930255,winter weekday,26.43
10357,2024-03-07 13:00:00.000,27.514347,winter weekday,26.43
10358,2024-03-07 14:00:00.000,27.8979435,winter weekday,26.43
10359,2024-03-07 15:00:00.000,28.236557999999995,winter weekday,26.43
10360,2024-03-07 16:00:00.000,28.721364,winter weekday,30.5
10361,2024-03-07 17:00:00.000,31.130399999999995,winter weekday,30.5
10362,2024-03-07 18:00:00.000,33.1933245,winter weekday,35.79
10363,2024-03-07 19:00:00.000,31.267845,winter weekday,30.5
10364,2024-03-07 20:00:00.000,30.291985499999992,winter weekday,30.5
10365,2024-03-07 21:00:00.000,29.149942499999995,winter weekday,30.5
10366,2024-03-07 22:00:00.000,29.146194,winter weekday,30.5
10367,2024-03-07 23:00:00.000,28.446474,winter weekday,26.43
10368,2024-03-08 00:00:00.000,28.5376875,winter weekday,30.5
10369,2024-03-08 01:00:00.000,28.351511999999992,winter weekday,26.43
10370,2024-03-08 02:00:00.000,28.3577595,winter weekday,26.43
10371,2024-03-08 03:00:00.000,28.230310499999995,winter weekday,26.43
10372,2024-03-08 04:00:00.000,28.269044999999995,winter weekday,26.43
10373,2024-03-08 05:00:00.000,28.370254499999994,winter weekday,26.43
10374,2024-03-08 06:00:00.000,30.3444645,winter weekday,30.5
10375,2024-03-08 07:00:00.000,31.862607,winter weekday,30.5
10376,2024-03-08 08:00:00.000,31.0916655,winter weekday,30.5
10377,2024-03-08 09:00:00.000,29.276142,winter weekday,30.5
10378,2024-03-08 10:00:00.000,27.180730499999992,winter weekday,26.43
10379,2024-03-08 11:00:00.000,26.4885075,winter weekday,26.43
10380,2024-03-08 12:00:00.000,22.7050215,winter weekday,26.43
10381,2024-03-08 13:00:00.000,20.517147,winter weekday,26.43
10382,2024-03-08 14:00:00.000,23.00865,winter weekday,26.43
10383,2024-03-08 15:00:00.000,25.014097499999995,winter weekday,26.43
10384,2024-03-08 16:00:00.000,26.949573,winter weekday,26.43
10385,2024-03-08 17:00:00.000,28.978760999999995,winter weekday,30.5
10386,2024-03-08 18:00:00.000,30.450672,winter weekday,30.5
10387,2024-03-08 19:00:00.000,29.978361,winter weekday,30.5
10388,2024-03-08 20:00:00.000,28.913787,winter weekday,30.5
10389,2024-03-08 21:00:00.000,28.094114999999995,winter weekday,26.43
10390,2024-03-08 22:00:00.000,28.1103585,winter weekday,26.43
10391,2024-03-08 23:00:00.000,27.4681155,winter weekday,26.43
10392,2024-03-09 00:00:00.000,27.052032,winter weekend,27.53
10393,2024-03-09 01:00:00.000,26.8458645,winter weekend,27.53
10394,2024-03-09 02:00:00.000,26.697174,winter weekend,27.53
10395,2024-03-09 03:00:00.000,26.552232,winter weekend,27.53
10396,2024-03-09 04:00:00.000,26.05743,winter weekend,27.53
10397,2024-03-09 05:00:00.000,25.9562205,winter weekend,27.53
10398,2024-03-09 06:00:00.000,26.291086499999995,winter weekend,27.53
10399,2024-03-09 07:00:00.000,26.614707,winter weekend,27.53
10400,2024-03-09 08:00:00.000,26.614707,winter weekend,27.53
10401,2024-03-09 09:00:00.000,25.997454,winter weekend,27.53
10402,2024-03-09 10:00:00.000,24.100712999999995,winter weekend,27.53
10403,2024-03-09 11:00:00.000,20.00985,winter weekend,19.94
10404,2024-03-09 12:00:00.000,19.8548525,winter weekend,19.94
10405,2024-03-09 13:00:00.000,19.417349,winter weekend,19.94
10406,2024-03-09 14:00:00.000,19.980338,winter weekend,19.94
10407,2024-03-09 15:00:00.000,23.5072005,winter weekend,19.94
10408,2024-03-09 16:00:00.000,26.562228,winter weekend,27.53
10409,2024-03-09 17:00:00.000,28.6676355,winter weekend,27.53
10410,2024-03-09 18:00:00.000,29.733459,winter weekend,27.53
10411,2024-03-09 19:00:00.000,29.3548605,winter weekend,27.53
10412,2024-03-09 20:00:00.000,28.388997,winter weekend,27.53
10413,2024-03-09 21:00:00.000,27.5405865,winter weekend,27.53
10414,2024-03-09 22:00:00.000,27.5480835,winter weekend,27.53
10415,2024-03-09 23:00:00.000,27.143245499999995,winter weekend,27.53
10416,2024-03-10 00:00:00.000,26.0636775,winter weekend,27.53
10417,2024-03-10 01:00:00.000,25.740057,winter weekend,27.53
10418,2024-03-10 02:00:00.000,25.105311,winter weekend,27.53
10419,2024-03-10 03:00:00.000,24.4268325,winter weekend,27.53
10420,2024-03-10 04:00:00.000,24.031990499999992,winter weekend,27.53
10421,2024-03-10 05:00:00.000,24.018246,winter weekend,27.53
10422,2024-03-10 06:00:00.000,24.2219145,winter weekend,27.53
10423,2024-03-10 07:00:00.000,24.9191355,winter weekend,27.53
10424,2024-03-10 08:00:00.000,24.335619,winter weekend,27.53
10425,2024-03-10 09:00:00.000,23.139847499999995,winter weekend,19.94
10426,2024-03-10 10:00:00.000,20.2784925,winter weekend,19.94
10427,2024-03-10 11:00:00.000,19.973555,winter weekend,19.94
10428,2024-03-10 12:00:00.000,19.053328,winter weekend,19.94
10429,2024-03-10 13:00:00.000,18.856621,winter weekend,19.94
10430,2024-03-10 14:00:00.000,19.927204499999995,winter weekend,19.94
10431,2024-03-10 15:00:00.000,21.7853895,winter weekend,19.94
10432,2024-03-10 16:00:00.000,25.977461999999992,winter weekend,27.53
10433,2024-03-10 17:00:00.000,26.9783115,winter weekend,27.53
10434,2024-03-10 18:00:00.000,28.275292499999995,winter weekend,27.53
10435,2024-03-10 19:00:00.000,27.771744,winter weekend,27.53
10436,2024-03-10 20:00:00.000,27.124503,winter weekend,27.53
10437,2024-03-10 21:00:00.000,26.699673,winter weekend,27.53
10438,2024-03-10 22:00:00.000,26.617206,winter weekend,27.53
10439,2024-03-10 23:00:00.000,26.4885075,winter weekend,27.53
10440,2024-03-11 00:00:00.000,26.0986635,winter weekday,26.43
10441,2024-03-11 01:00:00.000,26.148643499999995,winter weekday,26.43
10442,2024-03-11 02:00:00.000,26.258599499999995,winter weekday,26.43
10443,2024-03-11 03:00:00.000,26.142396,winter weekday,26.43
10444,2024-03-11 04:00:00.000,26.2311105,winter weekday,26.43
10445,2024-03-11 05:00:00.000,27.019545,winter weekday,26.43
10446,2024-03-11 06:00:00.000,29.561028,winter weekday,30.5
10447,2024-03-11 07:00:00.000,30.30573,winter weekday,30.5
10448,2024-03-11 08:00:00.000,30.6793305,winter weekday,30.5
10449,2024-03-11 09:00:00.000,30.037087499999995,winter weekday,30.5
10450,2024-03-11 10:00:00.000,28.8813,winter weekday,30.5
10451,2024-03-11 11:00:00.000,28.1103585,winter weekday,26.43
10452,2024-03-11 12:00:00.000,27.5805705,winter weekday,26.43
10453,2024-03-11 13:00:00.000,28.262797499999994,winter weekday,26.43
10454,2024-03-11 14:00:00.000,28.35651,winter weekday,26.43
10455,2024-03-11 15:00:00.000,29.1649365,winter weekday,30.5
10456,2024-03-11 16:00:00.000,30.004600499999995,winter weekday,30.5
10457,2024-03-11 17:00:00.000,31.4040405,winter weekday,30.5
10458,2024-03-11 18:00:00.000,32.567325,winter weekday,30.5
10459,2024-03-11 19:00:00.000,33.4807095,winter weekday,35.79
10460,2024-03-11 20:00:00.000,30.9792105,winter weekday,30.5
10461,2024-03-11 21:00:00.000,29.5697745,winter weekday,30.5
10462,2024-03-11 22:00:00.000,29.361107999999994,winter weekday,30.5
10463,2024-03-11 23:00:00.000,28.366506,winter weekday,26.43
10464,2024-03-12 00:00:00.000,28.630150499999992,winter weekday,30.5
10465,2024-03-12 01:00:00.000,28.176582,winter weekday,26.43
10466,2024-03-12 02:00:00.000,28.2952845,winter weekday,26.43
10467,2024-03-12 03:00:00.000,28.131599999999995,winter weekday,26.43
10468,2024-03-12 04:00:00.000,28.304030999999995,winter weekday,26.43
10469,2024-03-12 05:00:00.000,28.9025415,winter weekday,30.5
10470,2024-03-12 06:00:00.000,30.863007,winter weekday,30.5
10471,2024-03-12 07:00:00.000,32.048782499999994,winter weekday,30.5
10472,2024-03-12 08:00:00.000,32.577321,winter weekday,30.5
10473,2024-03-12 09:00:00.000,31.7064195,winter weekday,30.5
10474,2024-03-12 10:00:00.000,30.658089,winter weekday,30.5
10475,2024-03-12 11:00:00.000,30.065826,winter weekday,30.5
10476,2024-03-12 12:00:00.000,29.785937999999994,winter weekday,30.5
10477,2024-03-12 13:00:00.000,29.763447,winter weekday,30.5
10478,2024-03-12 14:00:00.000,29.858408999999995,winter weekday,30.5
10479,2024-03-12 15:00:00.000,30.773043,winter weekday,30.5
10480,2024-03-12 16:00:00.000,32.681029499999994,winter weekday,30.5
10481,2024-03-12 17:00:00.000,34.111707,winter weekday,35.79
10482,2024-03-12 18:00:00.000,36.84311399999999,winter weekday,35.79
10483,2024-03-12 19:00:00.000,35.54988149999999,winter weekday,35.79
10484,2024-03-12 20:00:00.000,32.164986,winter weekday,30.5
10485,2024-03-12 21:00:00.000,30.4344285,winter weekday,30.5
10486,2024-03-12 22:00:00.000,29.8471635,winter weekday,30.5
10487,2024-03-12 23:00:00.000,28.7725935,winter weekday,30.5
10488,2024-03-13 00:00:00.000,27.9729135,winter weekday,26.43
10489,2024-03-13 01:00:00.000,27.769244999999994,winter weekday,26.43
10490,2024-03-13 02:00:00.000,27.705520499999995,winter weekday,26.43
10491,2024-03-13 03:00:00.000,27.6530415,winter weekday,26.43
10492,2024-03-13 04:00:00.000,27.98166,winter weekday,26.43
10493,2024-03-13 05:00:00.000,28.33152,winter weekday,26.43
10494,2024-03-13 06:00:00.000,29.64599399999999,winter weekday,30.5
10495,2024-03-13 07:00:00.000,31.0141965,winter weekday,30.5
10496,2024-03-13 08:00:00.000,31.2191145,winter weekday,30.5
10497,2024-03-13 09:00:00.000,29.6947245,winter weekday,30.5
10498,2024-03-13 10:00:00.000,28.4902065,winter weekday,30.5
10499,2024-03-13 11:00:00.000,28.087867499999994,winter weekday,26.43
10500,2024-03-13 12:00:00.000,28.057879499999995,winter weekday,26.43
10501,2024-03-13 13:00:00.000,28.0853685,winter weekday,26.43
10502,2024-03-13 14:00:00.000,27.976662,winter weekday,26.43
10503,2024-03-13 15:00:00.000,28.461468,winter weekday,26.43
10504,2024-03-13 16:00:00.000,29.1724335,winter weekday,30.5
10505,2024-03-13 17:00:00.000,31.2191145,winter weekday,30.5
10506,2024-03-13 18:00:00.000,32.20497,winter weekday,30.5
10507,2024-03-13 19:00:00.000,31.775141999999992,winter weekday,30.5
10508,2024-03-13 20:00:00.000,29.603511,winter weekday,30.5
10509,2024-03-13 21:00:00.000,28.334018999999994,winter weekday,26.43
10510,2024-03-13 22:00:00.000,28.4952045,winter weekday,30.5
10511,2024-03-13 23:00:00.000,27.966666,winter weekday,26.43
10512,2024-03-14 00:00:00.000,27.8929455,winter weekday,26.43
10513,2024-03-14 01:00:00.000,27.094515,winter weekday,26.43
10514,2024-03-14 02:00:00.000,27.171983999999995,winter weekday,26.43
10515,2024-03-14 03:00:00.000,27.107009999999995,winter weekday,26.43
10516,2024-03-14 04:00:00.000,27.65679,winter weekday,26.43
10517,2024-03-14 05:00:00.000,27.99040649999999,winter weekday,26.43
10518,2024-03-14 06:00:00.000,29.362357499999995,winter weekday,30.5
10519,2024-03-14 07:00:00.000,30.987957,winter weekday,30.5
10520,2024-03-14 08:00:00.000,30.2295105,winter weekday,30.5
10521,2024-03-14 09:00:00.000,28.1953245,winter weekday,26.43
10522,2024-03-14 10:00:00.000,26.772144,winter weekday,26.43
10523,2024-03-14 11:00:00.000,26.5284915,winter weekday,26.43
10524,2024-03-14 12:00:00.000,26.5859685,winter weekday,26.43
10525,2024-03-14 13:00:00.000,26.127402,winter weekday,26.43
10526,2024-03-14 14:00:00.000,26.587218,winter weekday,26.43
10527,2024-03-14 15:00:00.000,27.345664499999994,winter weekday,26.43
10528,2024-03-14 16:00:00.000,29.1324495,winter weekday,30.5
10529,2024-03-14 17:00:00.000,31.360308,winter weekday,30.5
10530,2024-03-14 18:00:00.000,34.3253715,winter weekday,35.79
10531,2024-03-14 19:00:00.000,31.360308,winter weekday,30.5
10532,2024-03-14 20:00:00.000,29.2424055,winter weekday,30.5
10533,2024-03-14 21:00:00.000,27.8104785,winter weekday,26.43
10534,2024-03-14 22:00:00.000,27.434379,winter weekday,26.43
10535,2024-03-14 23:00:00.000,26.439776999999992,winter weekday,26.43
10536,2024-03-15 00:00:00.000,26.0311905,winter weekday,26.43
10537,2024-03-15 01:00:00.000,25.805031,winter weekday,26.43
10538,2024-03-15 02:00:00.000,25.6788315,winter weekday,26.43
10539,2024-03-15 03:00:00.000,25.476412499999995,winter weekday,26.43
10540,2024-03-15 04:00:00.000,25.852512,winter weekday,26.43
10541,2024-03-15 05:00:00.000,26.151142499999995,winter weekday,26.43
10542,2024-03-15 06:00:00.000,27.764247,winter weekday,26.43
10543,2024-03-15 07:00:00.000,28.6726335,winter weekday,30.5
10544,2024-03-15 08:00:00.000,28.5751725,winter weekday,30.5
10545,2024-03-15 09:00:00.000,26.70717,winter weekday,26.43
10546,2024-03-15 10:00:00.000,25.802532,winter weekday,26.43
10547,2024-03-15 11:00:00.000,24.8916465,winter weekday,26.43
10548,2024-03-15 12:00:00.000,24.775443,winter weekday,26.43
10549,2024-03-15 13:00:00.000,24.591766499999995,winter weekday,26.43
10550,2024-03-15 14:00:00.000,25.5988635,winter weekday,26.43
10551,2024-03-15 15:00:00.000,26.426032499999994,winter weekday,26.43
10552,2024-03-15 16:00:00.000,28.319025,winter weekday,26.43
10553,2024-03-15 17:00:00.000,30.845513999999994,winter weekday,30.5
10554,2024-03-15 18:00:00.000,30.2345085,winter weekday,30.5
10555,2024-03-15 19:00:00.000,30.9792105,winter weekday,30.5
10556,2024-03-15 20:00:00.000,28.014147,winter weekday,26.43
10557,2024-03-15 21:00:00.000,26.902092,winter weekday,26.43
10558,2024-03-15 22:00:00.000,27.025792499999994,winter weekday,26.43
10559,2024-03-15 23:00:00.000,26.148643499999995,winter weekday,26.43
10560,2024-03-16 00:00:00.000,25.497654,winter weekend,27.53
10561,2024-03-16 01:00:00.000,25.2340095,winter weekend,27.53
10562,2024-03-16 02:00:00.000,25.0690755,winter weekend,27.53
10563,2024-03-16 03:00:00.000,24.842915999999995,winter weekend,27.53
10564,2024-03-16 04:00:00.000,24.8166765,winter weekend,27.53
10565,2024-03-16 05:00:00.000,25.025343,winter weekend,27.53
10566,2024-03-16 06:00:00.000,25.889997,winter weekend,27.53
10567,2024-03-16 07:00:00.000,26.396044499999995,winter weekend,27.53
10568,2024-03-16 08:00:00.000,26.512248,winter weekend,27.53
10569,2024-03-16 09:00:00.000,25.858759499999994,winter weekend,27.53
10570,2024-03-16 10:00:00.000,25.592615999999992,winter weekend,27.53
10571,2024-03-16 11:00:00.000,25.185279,winter weekend,27.53
10572,2024-03-16 12:00:00.000,24.570525,winter weekend,27.53
10573,2024-03-16 13:00:00.000,22.611308999999995,winter weekend,19.94
10574,2024-03-16 14:00:00.000,21.3580605,winter weekend,19.94
10575,2024-03-16 15:00:00.000,23.859559499999992,winter weekend,27.53
10576,2024-03-16 16:00:00.000,25.855011,winter weekend,27.53
10577,2024-03-16 17:00:00.000,28.991256,winter weekend,27.53
10578,2024-03-16 18:00:00.000,30.1920255,winter weekend,32.84
10579,2024-03-16 19:00:00.000,30.8942445,winter weekend,32.84
10580,2024-03-16 20:00:00.000,29.913387,winter weekend,27.53
10581,2024-03-16 21:00:00.000,29.1049605,winter weekend,27.53
10582,2024-03-16 22:00:00.000,29.0199945,winter weekend,27.53
10583,2024-03-16 23:00:00.000,28.369004999999994,winter weekend,27.53
10584,2024-03-17 00:00:00.000,28.1053605,winter weekend,27.53
10585,2024-03-17 01:00:00.000,27.5430855,winter weekend,27.53
10586,2024-03-17 02:00:00.000,26.9783115,winter weekend,27.53
10587,2024-03-17 03:00:00.000,27.3256725,winter weekend,27.53
10588,2024-03-17 04:00:00.000,27.5380875,winter weekend,27.53
10589,2024-03-17 05:00:00.000,27.5430855,winter weekend,27.53
10590,2024-03-17 06:00:00.000,27.806729999999995,winter weekend,27.53
10591,2024-03-17 07:00:00.000,27.05703,winter weekend,27.53
10592,2024-03-17 08:00:00.000,26.304831,winter weekend,27.53
10593,2024-03-17 09:00:00.000,25.8762525,winter weekend,27.53
10594,2024-03-17 10:00:00.000,25.657589999999995,winter weekend,27.53
10595,2024-03-17 11:00:00.000,25.721314499999995,winter weekend,27.53
10596,2024-03-17 12:00:00.000,25.2090195,winter weekend,27.53
10597,2024-03-17 13:00:00.000,25.0016025,winter weekend,27.53
10598,2024-03-17 14:00:00.000,25.989957,winter weekend,27.53
10599,2024-03-17 15:00:00.000,26.997054,winter weekend,27.53
10600,2024-03-17 16:00:00.000,28.951272,winter weekend,27.53
10601,2024-03-17 17:00:00.000,30.660588,winter weekend,32.84
10602,2024-03-17 18:00:00.000,31.7688945,winter weekend,32.84
10603,2024-03-17 19:00:00.000,31.0166955,winter weekend,32.84
10604,2024-03-17 20:00:00.000,29.7172155,winter weekend,27.53
10605,2024-03-17 21:00:00.000,29.022493499999992,winter weekend,27.53
10606,2024-03-17 22:00:00.000,28.993755,winter weekend,27.53
10607,2024-03-17 23:00:00.000,28.2203145,winter weekend,27.53
10608,2024-03-18 00:00:00.000,27.996654,winter weekday,26.43
10609,2024-03-18 01:00:00.000,27.124503,winter weekday,26.43
10610,2024-03-18 02:00:00.000,27.2706945,winter weekday,26.43
10611,2024-03-18 03:00:00.000,27.404391,winter weekday,26.43
10612,2024-03-18 04:00:00.000,28.029140999999992,winter weekday,26.43
10613,2024-03-18 05:00:00.000,28.83132,winter weekday,30.5
10614,2024-03-18 06:00:00.000,30.77054399999999,winter weekday,30.5
10615,2024-03-18 07:00:00.000,32.2137165,winter weekday,30.5
10616,2024-03-18 08:00:00.000,31.7863875,winter weekday,30.5
10617,2024-03-18 09:00:00.000,30.330719999999992,winter weekday,30.5
10618,2024-03-18 10:00:00.000,29.086217999999995,winter weekday,30.5
10619,2024-03-18 11:00:00.000,28.311528,winter weekday,26.43
10620,2024-03-18 12:00:00.000,28.443975,winter weekday,26.43
10621,2024-03-18 13:00:00.000,28.51894499999999,winter weekday,30.5
10622,2024-03-18 14:00:00.000,28.598913,winter weekday,30.5
10623,2024-03-18 15:00:00.000,29.156189999999995,winter weekday,30.5
10624,2024-03-18 16:00:00.000,29.853411,winter weekday,30.5
10625,2024-03-18 17:00:00.000,33.4357275,winter weekday,35.79
10626,2024-03-18 18:00:00.000,38.1913245,winter weekday,35.79
10627,2024-03-18 19:00:00.000,35.794783499999994,winter weekday,35.79
10628,2024-03-18 20:00:00.000,32.944674,winter weekday,30.5
10629,2024-03-18 21:00:00.000,30.1308,winter weekday,30.5
10630,2024-03-18 22:00:00.000,29.77844099999999,winter weekday,30.5
10631,2024-03-18 23:00:00.000,29.2873875,winter weekday,30.5
10632,2024-03-19 00:00:00.000,28.981259999999992,winter weekday,30.5
10633,2024-03-19 01:00:00.000,28.886298,winter weekday,30.5
10634,2024-03-19 02:00:00.000,28.937527499999995,winter weekday,30.5
10635,2024-03-19 03:00:00.000,28.9250325,winter weekday,30.5
10636,2024-03-19 04:00:00.000,28.886298,winter weekday,30.5
10637,2024-03-19 05:00:00.000,28.8575595,winter weekday,30.5
10638,2024-03-19 06:00:00.000,31.16788499999999,winter weekday,30.5
10639,2024-03-19 07:00:00.000,33.826820999999995,winter weekday,35.79
10640,2024-03-19 08:00:00.000,31.9638165,winter weekday,30.5
10641,2024-03-19 09:00:00.000,28.983759,winter weekday,30.5
10642,2024-03-19 10:00:00.000,28.151592,winter weekday,26.43
10643,2024-03-19 11:00:00.000,27.334419,winter weekday,26.43
10644,2024-03-19 12:00:00.000,26.7908865,winter weekday,26.43
10645,2024-03-19 13:00:00.000,27.072023999999995,winter weekday,26.43
10646,2024-03-19 14:00:00.000,27.541836,winter weekday,26.43
10647,2024-03-19 15:00:00.000,28.7376075,winter weekday,30.5
10648,2024-03-19 16:00:00.000,29.193674999999992,winter weekday,30.5
10649,2024-03-19 17:00:00.000,32.973412499999995,winter weekday,30.5
10650,2024-03-19 18:00:00.000,36.40578899999999,winter weekday,35.79
10651,2024-03-19 19:00:00.000,36.098412,winter weekday,35.79
10652,2024-03-19 20:00:00.000,33.72935999999999,winter weekday,35.79
10653,2024-03-19 21:00:00.000,31.107909,winter weekday,30.5
10654,2024-03-19 22:00:00.000,30.195774,winter weekday,30.5
10655,2024-03-19 23:00:00.000,29.493555,winter weekday,30.5
10656,2024-03-20 00:00:00.000,29.4823095,winter weekday,30.5
10657,2024-03-20 01:00:00.000,29.156189999999995,winter weekday,30.5
10658,2024-03-20 02:00:00.000,29.343615,winter weekday,30.5
10659,2024-03-20 03:00:00.000,29.443575,winter weekday,30.5
10660,2024-03-20 04:00:00.000,29.526042,winter weekday,30.5
10661,2024-03-20 05:00:00.000,30.093315,winter weekday,30.5
10662,2024-03-20 06:00:00.000,34.47906,winter weekday,35.79
10663,2024-03-20 07:00:00.000,34.509048,winter weekday,35.79
10664,2024-03-20 08:00:00.000,32.271193499999995,winter weekday,30.5
10665,2024-03-20 09:00:00.000,28.810078499999992,winter weekday,30.5
10666,2024-03-20 10:00:00.000,28.231559999999995,winter weekday,26.43
10667,2024-03-20 11:00:00.000,28.1553405,winter weekday,26.43
10668,2024-03-20 12:00:00.000,27.6605385,winter weekday,26.43
10669,2024-03-20 13:00:00.000,27.9754125,winter weekday,26.43
10670,2024-03-20 14:00:00.000,28.025392499999995,winter weekday,26.43
10671,2024-03-20 15:00:00.000,28.828821,winter weekday,30.5
10672,2024-03-20 16:00:00.000,30.8642565,winter weekday,30.5
10673,2024-03-20 17:00:00.000,34.93887599999999,winter weekday,35.79
10674,2024-03-20 18:00:00.000,41.043933,winter weekday,35.79
10675,2024-03-20 19:00:00.000,39.8581575,winter weekday,35.79
10676,2024-03-20 20:00:00.000,35.5973625,winter weekday,35.79
10677,2024-03-20 21:00:00.000,33.29453399999999,winter weekday,35.79
10678,2024-03-20 22:00:00.000,31.988806499999992,winter weekday,30.5
10679,2024-03-20 23:00:00.000,29.978361,winter weekday,30.5
10680,2024-03-21 00:00:00.000,29.503551,winter weekday,30.5
10681,2024-03-21 01:00:00.000,29.152441499999995,winter weekday,30.5
10682,2024-03-21 02:00:00.000,28.9250325,winter weekday,30.5
10683,2024-03-21 03:00:00.000,28.896294,winter weekday,30.5
10684,2024-03-21 04:00:00.000,28.85631,winter weekday,30.5
10685,2024-03-21 05:00:00.000,29.1699345,winter weekday,30.5
10686,2024-03-21 06:00:00.000,31.137896999999995,winter weekday,30.5
10687,2024-03-21 07:00:00.000,32.256199499999994,winter weekday,30.5
10688,2024-03-21 08:00:00.000,32.765995499999995,winter weekday,30.5
10689,2024-03-21 09:00:00.000,29.98086,winter weekday,30.5
10690,2024-03-21 10:00:00.000,29.0324895,winter weekday,30.5
10691,2024-03-21 11:00:00.000,28.4852085,winter weekday,30.5
10692,2024-03-21 12:00:00.000,28.061628,winter weekday,26.43
10693,2024-03-21 13:00:00.000,27.476862,winter weekday,26.43
10694,2024-03-21 14:00:00.000,28.337767499999995,winter weekday,26.43
10695,2024-03-21 15:00:00.000,28.266545999999995,winter weekday,26.43
10696,2024-03-21 16:00:00.000,29.3898465,winter weekday,30.5
10697,2024-03-21 17:00:00.000,32.59231499999999,winter weekday,30.5
10698,2024-03-21 18:00:00.000,35.869753499999995,winter weekday,35.79
10699,2024-03-21 19:00:00.000,35.33496749999999,winter weekday,35.79
10700,2024-03-21 20:00:00.000,31.73515799999999,winter weekday,30.5
10701,2024-03-21 21:00:00.000,29.930879999999995,winter weekday,30.5
10702,2024-03-21 22:00:00.000,29.665986,winter weekday,30.5
10703,2024-03-21 23:00:00.000,28.8850485,winter weekday,30.5
10704,2024-03-22 00:00:00.000,27.024543,winter weekday,26.43
10705,2024-03-22 01:00:00.000,26.512248,winter weekday,26.43
10706,2024-03-22 02:00:00.000,26.1936255,winter weekday,26.43
10707,2024-03-22 03:00:00.000,26.4610185,winter weekday,26.43
10708,2024-03-22 04:00:00.000,26.58222,winter weekday,26.43
10709,2024-03-22 05:00:00.000,27.4681155,winter weekday,26.43
10710,2024-03-22 06:00:00.000,29.243655,winter weekday,30.5
10711,2024-03-22 07:00:00.000,28.405240499999994,winter weekday,26.43
10712,2024-03-22 08:00:00.000,28.4927055,winter weekday,30.5
10713,2024-03-22 09:00:00.000,27.022044,winter weekday,26.43
10714,2024-03-22 10:00:00.000,26.4585195,winter weekday,26.43
10715,2024-03-22 11:00:00.000,26.213617499999994,winter weekday,26.43
10716,2024-03-22 12:00:00.000,26.202372,winter weekday,26.43
10717,2024-03-22 13:00:00.000,26.4185355,winter weekday,26.43
10718,2024-03-22 14:00:00.000,26.530990499999994,winter weekday,26.43
10719,2024-03-22 15:00:00.000,27.4781115,winter weekday,26.43
10720,2024-03-22 16:00:00.000,29.5897665,winter weekday,30.5
10721,2024-03-22 17:00:00.000,31.102910999999995,winter weekday,30.5
10722,2024-03-22 18:00:00.000,35.1775305,winter weekday,35.79
10723,2024-03-22 19:00:00.000,34.817674499999995,winter weekday,35.79
10724,2024-03-22 20:00:00.000,31.85511,winter weekday,30.5
10725,2024-03-22 21:00:00.000,30.2619975,winter weekday,30.5
10726,2024-03-22 22:00:00.000,29.999602499999995,winter weekday,30.5
10727,2024-03-22 23:00:00.000,29.6647365,winter weekday,30.5
10728,2024-03-23 00:00:00.000,29.7022215,winter weekend,27.53
10729,2024-03-23 01:00:00.000,29.0399865,winter weekend,27.53
10730,2024-03-23 02:00:00.000,28.221564,winter weekend,27.53
10731,2024-03-23 03:00:00.000,27.979161,winter weekend,27.53
10732,2024-03-23 04:00:00.000,27.461868,winter weekend,27.53
10733,2024-03-23 05:00:00.000,27.661787999999994,winter weekend,27.53
10734,2024-03-23 06:00:00.000,27.274443,winter weekend,27.53
10735,2024-03-23 07:00:00.000,26.584719,winter weekend,27.53
10736,2024-03-23 08:00:00.000,24.87290399999999,winter weekend,27.53
10737,2024-03-23 09:00:00.000,21.6342,winter weekend,19.94
10738,2024-03-23 10:00:00.000,19.987359,winter weekend,19.94
10739,2024-03-23 11:00:00.000,19.9792075,winter weekend,19.94
10740,2024-03-23 12:00:00.000,19.765543,winter weekend,19.94
10741,2024-03-23 13:00:00.000,19.3393445,winter weekend,19.94
10742,2024-03-23 14:00:00.000,19.0295875,winter weekend,19.94
10743,2024-03-23 15:00:00.000,19.819807,winter weekend,19.94
10744,2024-03-23 16:00:00.000,19.9936065,winter weekend,19.94
10745,2024-03-23 17:00:00.000,25.95747,winter weekend,27.53
10746,2024-03-23 18:00:00.000,28.7426055,winter weekend,27.53
10747,2024-03-23 19:00:00.000,28.6251525,winter weekend,27.53
10748,2024-03-23 20:00:00.000,26.599713,winter weekend,27.53
10749,2024-03-23 21:00:00.000,25.712568,winter weekend,27.53
10750,2024-03-23 22:00:00.000,25.017846,winter weekend,27.53
10751,2024-03-23 23:00:00.000,23.532190499999995,winter weekend,19.94
10752,2024-03-24 00:00:00.000,23.995755,winter weekend,27.53
10753,2024-03-24 01:00:00.000,21.644196,winter weekend,19.94
10754,2024-03-24 02:00:00.000,21.2506035,winter weekend,19.94
10755,2024-03-24 03:00:00.000,22.109009999999994,winter weekend,19.94
10756,2024-03-24 04:00:00.000,22.473863999999995,winter weekend,19.94
10757,2024-03-24 05:00:00.000,23.336019,winter weekend,19.94
10758,2024-03-24 06:00:00.000,21.8428665,winter weekend,19.94
10759,2024-03-24 07:00:00.000,20.229762,winter weekend,19.94
10760,2024-03-24 08:00:00.000,19.98486,winter weekend,19.94
10761,2024-03-24 09:00:00.000,19.98486,winter weekend,19.94
10762,2024-03-24 10:00:00.000,19.98486,winter weekend,19.94
10763,2024-03-24 11:00:00.000,19.98486,winter weekend,19.94
10764,2024-03-24 12:00:00.000,19.98486,winter weekend,19.94
10765,2024-03-24 13:00:00.000,19.98486,winter weekend,19.94
10766,2024-03-24 14:00:00.000,19.98486,winter weekend,19.94
10767,2024-03-24 15:00:00.000,19.98486,winter weekend,19.94
10768,2024-03-24 16:00:00.000,22.0702755,winter weekend,19.94
10769,2024-03-24 17:00:00.000,27.40689,winter weekend,27.53
10770,2024-03-24 18:00:00.000,29.35611,winter weekend,27.53
10771,2024-03-24 19:00:00.000,29.343615,winter weekend,27.53
10772,2024-03-24 20:00:00.000,28.344014999999995,winter weekend,27.53
10773,2024-03-24 21:00:00.000,28.0778715,winter weekend,27.53
10774,2024-03-24 22:00:00.000,28.015396499999994,winter weekend,27.53
10775,2024-03-24 23:00:00.000,27.8529615,winter weekend,27.53
10776,2024-03-25 00:00:00.000,27.7954845,winter weekday,26.43
10777,2024-03-25 01:00:00.000,27.767995499999994,winter weekday,26.43
10778,2024-03-25 02:00:00.000,27.791736,winter weekday,26.43
10779,2024-03-25 03:00:00.000,28.0453845,winter weekday,26.43
10780,2024-03-25 04:00:00.000,28.351511999999992,winter weekday,26.43
10781,2024-03-25 05:00:00.000,29.623503,winter weekday,30.5
10782,2024-03-25 06:00:00.000,31.034188499999992,winter weekday,30.5
10783,2024-03-25 07:00:00.000,34.2129165,winter weekday,35.79
10784,2024-03-25 08:00:00.000,32.439876,winter weekday,30.5
10785,2024-03-25 09:00:00.000,29.6597385,winter weekday,30.5
10786,2024-03-25 10:00:00.000,28.7376075,winter weekday,30.5
10787,2024-03-25 11:00:00.000,27.939177,winter weekday,26.43
10788,2024-03-25 12:00:00.000,27.7130175,winter weekday,26.43
10789,2024-03-25 13:00:00.000,27.884198999999995,winter weekday,26.43
10790,2024-03-25 14:00:00.000,28.046634,winter weekday,26.43
10791,2024-03-25 15:00:00.000,29.227411499999995,winter weekday,30.5
10792,2024-03-25 16:00:00.000,30.1120575,winter weekday,30.5
10793,2024-03-25 17:00:00.000,33.964265999999995,winter weekday,35.79
10794,2024-03-25 18:00:00.000,41.813625,winter weekday,35.79
10795,2024-03-25 19:00:00.000,38.6961225,winter weekday,35.79
10796,2024-03-25 20:00:00.000,32.820973499999994,winter weekday,30.5
10797,2024-03-25 21:00:00.000,30.2794905,winter weekday,30.5
10798,2024-03-25 22:00:00.000,29.925882,winter weekday,30.5
10799,2024-03-25 23:00:00.000,29.323623,winter weekday,30.5
10800,2024-03-26 00:00:00.000,29.968365,winter weekday,30.5
10801,2024-03-26 01:00:00.000,29.143695,winter weekday,30.5
10802,2024-03-26 02:00:00.000,28.5951645,winter weekday,30.5
10803,2024-03-26 03:00:00.000,28.478960999999995,winter weekday,30.5
10804,2024-03-26 04:00:00.000,28.7401065,winter weekday,30.5
10805,2024-03-26 05:00:00.000,29.016245999999995,winter weekday,30.5
10806,2024-03-26 06:00:00.000,30.028341,winter weekday,30.5
10807,2024-03-26 07:00:00.000,29.8809,winter weekday,30.5
10808,2024-03-26 08:00:00.000,28.993755,winter weekday,30.5
10809,2024-03-26 09:00:00.000,27.73176,winter weekday,26.43
10810,2024-03-26 10:00:00.000,26.169885,winter weekday,26.43
10811,2024-03-26 11:00:00.000,24.6117585,winter weekday,26.43
10812,2024-03-26 12:00:00.000,21.4205355,winter weekday,26.43
10813,2024-03-26 13:00:00.000,23.4022425,winter weekday,26.43
10814,2024-03-26 14:00:00.000,24.620504999999994,winter weekday,26.43
10815,2024-03-26 15:00:00.000,26.4735135,winter weekday,26.43
10816,2024-03-26 16:00:00.000,28.488957,winter weekday,30.5
10817,2024-03-26 17:00:00.000,30.1120575,winter weekday,30.5
10818,2024-03-26 18:00:00.000,32.5735725,winter weekday,30.5
10819,2024-03-26 19:00:00.000,32.51734499999999,winter weekday,30.5
10820,2024-03-26 20:00:00.000,29.98086,winter weekday,30.5
10821,2024-03-26 21:00:00.000,29.612257499999995,winter weekday,30.5
10822,2024-03-26 22:00:00.000,29.083718999999995,winter weekday,30.5
10823,2024-03-26 23:00:00.000,28.346513999999992,winter weekday,26.43
10824,2024-03-27 00:00:00.000,27.2756925,winter weekday,26.43
10825,2024-03-27 01:00:00.000,27.1182555,winter weekday,26.43
10826,2024-03-27 02:00:00.000,27.141995999999992,winter weekday,26.43
10827,2024-03-27 03:00:00.000,27.205720499999995,winter weekday,26.43
10828,2024-03-27 04:00:00.000,27.485608499999994,winter weekday,26.43
10829,2024-03-27 05:00:00.000,29.028741,winter weekday,30.5
10830,2024-03-27 06:00:00.000,30.1270515,winter weekday,30.5
10831,2024-03-27 07:00:00.000,30.328221,winter weekday,30.5
10832,2024-03-27 08:00:00.000,29.9821095,winter weekday,30.5
10833,2024-03-27 09:00:00.000,28.496454,winter weekday,30.5
10834,2024-03-27 10:00:00.000,27.969165,winter weekday,26.43
10835,2024-03-27 11:00:00.000,27.1232535,winter weekday,26.43
10836,2024-03-27 12:00:00.000,27.189477,winter weekday,26.43
10837,2024-03-27 13:00:00.000,27.48186,winter weekday,26.43
10838,2024-03-27 14:00:00.000,28.45647,winter weekday,26.43
10839,2024-03-27 15:00:00.000,29.8471635,winter weekday,30.5
10840,2024-03-27 16:00:00.000,30.498153,winter weekday,30.5
10841,2024-03-27 17:00:00.000,32.5460835,winter weekday,30.5
10842,2024-03-27 18:00:00.000,35.719813499999994,winter weekday,35.79
10843,2024-03-27 19:00:00.000,34.846413,winter weekday,35.79
10844,2024-03-27 20:00:00.000,32.407388999999995,winter weekday,30.5
10845,2024-03-27 21:00:00.000,30.5118975,winter weekday,30.5
10846,2024-03-27 22:00:00.000,30.35820899999999,winter weekday,30.5
10847,2024-03-27 23:00:00.000,29.289886499999994,winter weekday,30.5
10848,2024-03-28 00:00:00.000,29.8671555,winter weekday,30.5
10849,2024-03-28 01:00:00.000,29.05623,winter weekday,30.5
10850,2024-03-28 02:00:00.000,28.136597999999992,winter weekday,26.43
10851,2024-03-28 03:00:00.000,28.0328895,winter weekday,26.43
10852,2024-03-28 04:00:00.000,28.3177755,winter weekday,26.43
10853,2024-03-28 05:00:00.000,28.93128,winter weekday,30.5
10854,2024-03-28 06:00:00.000,30.2395065,winter weekday,30.5
10855,2024-03-28 07:00:00.000,30.3794505,winter weekday,30.5
10856,2024-03-28 08:00:00.000,30.095814,winter weekday,30.5
10857,2024-03-28 09:00:00.000,27.886698,winter weekday,26.43
10858,2024-03-28 10:00:00.000,25.866256499999995,winter weekday,26.43
10859,2024-03-28 11:00:00.000,24.60801,winter weekday,26.43
10860,2024-03-28 12:00:00.000,20.827023,winter weekday,26.43
10861,2024-03-28 13:00:00.000,19.9911075,winter weekday,26.43
10862,2024-03-28 14:00:00.000,19.989858,winter weekday,26.43
10863,2024-03-28 15:00:00.000,21.211869,winter weekday,26.43
10864,2024-03-28 16:00:00.000,24.129451499999995,winter weekday,26.43
10865,2024-03-28 17:00:00.000,26.572223999999995,winter weekday,26.43
10866,2024-03-28 18:00:00.000,29.227411499999995,winter weekday,30.5
10867,2024-03-28 19:00:00.000,28.7725935,winter weekday,30.5
10868,2024-03-28 20:00:00.000,27.799233,winter weekday,26.43
10869,2024-03-28 21:00:00.000,26.4610185,winter weekday,26.43
10870,2024-03-28 22:00:00.000,24.1144575,winter weekday,26.43
10871,2024-03-28 23:00:00.000,23.108609999999995,winter weekday,26.43
10872,2024-03-29 00:00:00.000,22.55883,winter weekend,19.94
10873,2024-03-29 01:00:00.000,22.337668499999992,winter weekend,19.94
10874,2024-03-29 02:00:00.000,21.5379885,winter weekend,19.94
10875,2024-03-29 03:00:00.000,21.264348,winter weekend,19.94
10876,2024-03-29 04:00:00.000,21.5579805,winter weekend,19.94
10877,2024-03-29 05:00:00.000,21.774144,winter weekend,19.94
10878,2024-03-29 06:00:00.000,22.736259,winter weekend,19.94
10879,2024-03-29 07:00:00.000,22.7824905,winter weekend,19.94
10880,2024-03-29 08:00:00.000,21.976562999999995,winter weekend,19.94
10881,2024-03-29 09:00:00.000,21.644196,winter weekend,19.94
10882,2024-03-29 10:00:00.000,22.094016,winter weekend,19.94
10883,2024-03-29 11:00:00.000,22.337668499999992,winter weekend,19.94
10884,2024-03-29 12:00:00.000,21.60921,winter weekend,19.94
10885,2024-03-29 13:00:00.000,21.216867,winter weekend,19.94
10886,2024-03-29 14:00:00.000,21.664188,winter weekend,19.94
10887,2024-03-29 15:00:00.000,22.681280999999995,winter weekend,19.94
10888,2024-03-29 16:00:00.000,26.169885,winter weekend,27.53
10889,2024-03-29 17:00:00.000,29.972113499999995,winter weekend,27.53
10890,2024-03-29 18:00:00.000,32.72601149999999,winter weekend,32.84
10891,2024-03-29 19:00:00.000,33.16083749999999,winter weekend,32.84
10892,2024-03-29 20:00:00.000,30.90549,winter weekend,32.84
10893,2024-03-29 21:00:00.000,29.972113499999995,winter weekend,27.53
10894,2024-03-29 22:00:00.000,29.467315499999994,winter weekend,27.53
10895,2024-03-29 23:00:00.000,28.731359999999995,winter weekend,27.53
10896,2024-03-30 00:00:00.000,28.643895,winter weekend,27.53
10897,2024-03-30 01:00:00.000,27.251952,winter weekend,27.53
10898,2024-03-30 02:00:00.000,27.341916,winter weekend,27.53
10899,2024-03-30 03:00:00.000,27.350662499999995,winter weekend,27.53
10900,2024-03-30 04:00:00.000,27.385648499999995,winter weekend,27.53
10901,2024-03-30 05:00:00.000,28.1128575,winter weekend,27.53
10902,2024-03-30 06:00:00.000,27.3031815,winter weekend,27.53
10903,2024-03-30 07:00:00.000,25.9562205,winter weekend,27.53
10904,2024-03-30 08:00:00.000,25.6363485,winter weekend,27.53
10905,2024-03-30 09:00:00.000,25.405190999999995,winter weekend,27.53
10906,2024-03-30 10:00:00.000,24.2943855,winter weekend,27.53
10907,2024-03-30 11:00:00.000,22.8849495,winter weekend,19.94
10908,2024-03-30 12:00:00.000,21.82912199999999,winter weekend,19.94
10909,2024-03-30 13:00:00.000,20.8407675,winter weekend,19.94
10910,2024-03-30 14:00:00.000,21.967816499999994,winter weekend,19.94
10911,2024-03-30 15:00:00.000,24.25815,winter weekend,27.53
10912,2024-03-30 16:00:00.000,26.547234,winter weekend,27.53
10913,2024-03-30 17:00:00.000,29.6997225,winter weekend,27.53
10914,2024-03-30 18:00:00.000,30.99420449999999,winter weekend,32.84
10915,2024-03-30 19:00:00.000,30.421933499999994,winter weekend,32.84
10916,2024-03-30 20:00:00.000,29.2449045,winter weekend,27.53
10917,2024-03-30 21:00:00.000,28.915036499999992,winter weekend,27.53
10918,2024-03-30 22:00:00.000,28.835068499999995,winter weekend,27.53
10919,2024-03-30 23:00:00.000,28.199072999999995,winter weekend,27.53
10920,2024-03-31 00:00:00.000,29.443575,winter weekend,27.53
10921,2024-03-31 01:00:00.000,28.3202745,winter weekend,27.53
10922,2024-03-31 02:00:00.000,28.104111,winter weekend,27.53
10923,2024-03-31 03:00:00.000,27.541836,winter weekend,27.53
10924,2024-03-31 04:00:00.000,27.324423,winter weekend,27.53
10925,2024-03-31 05:00:00.000,28.039137,winter weekend,27.53
10926,2024-03-31 06:00:00.000,28.9200345,winter weekend,27.53
10927,2024-03-31 07:00:00.000,28.1103585,winter weekend,27.53
10928,2024-03-31 08:00:00.000,26.272344,winter weekend,27.53
10929,2024-03-31 09:00:00.000,25.1115585,winter weekend,27.53
10930,2024-03-31 10:00:00.000,23.673383999999995,winter weekend,19.94
10931,2024-03-31 11:00:00.000,22.4651175,winter weekend,19.94
10932,2024-03-31 12:00:00.000,20.367207,winter weekend,19.94
10933,2024-03-31 13:00:00.000,20.1135585,winter weekend,19.94
10934,2024-03-31 14:00:00.000,21.8928465,winter weekend,19.94
10935,2024-03-31 15:00:00.000,25.116556499999994,winter weekend,27.53
10936,2024-03-31 16:00:00.000,28.324023,winter weekend,27.53
10937,2024-03-31 17:00:00.000,31.145393999999992,winter weekend,32.84
10938,2024-03-31 18:00:00.000,34.6402455,winter weekend,32.84
10939,2024-03-31 19:00:00.000,30.445674,winter weekend,32.84
10940,2024-03-31 20:00:00.000,28.731359999999995,winter weekend,27.53
10941,2024-03-31 21:00:00.000,28.0453845,winter weekend,27.53
10942,2024-03-31 22:00:00.000,26.844615,winter weekend,27.53
10943,2024-03-31 23:00:00.000,26.2261125,winter weekend,27.53
10944,2024-04-01 00:00:00.000,26.104911,summer weekend,27.0
10945,2024-04-01 01:00:00.000,25.740057,summer weekend,27.0
10946,2024-04-01 02:00:00.000,25.430181,summer weekend,27.0
10947,2024-04-01 03:00:00.000,26.15739,summer weekend,27.0
10948,2024-04-01 04:00:00.000,26.5259925,summer weekend,27.0
10949,2024-04-01 05:00:00.000,27.3206745,summer weekend,27.0
10950,2024-04-01 06:00:00.000,28.0428855,summer weekend,27.0
10951,2024-04-01 07:00:00.000,27.3206745,summer weekend,27.0
10952,2024-04-01 08:00:00.000,27.5930655,summer weekend,27.0
10953,2024-04-01 09:00:00.000,26.777141999999994,summer weekend,27.0
10954,2024-04-01 10:00:00.000,24.4068405,summer weekend,27.0
10955,2024-04-01 11:00:00.000,21.614208,summer weekend,19.7
10956,2024-04-01 12:00:00.000,19.9886085,summer weekend,19.7
10957,2024-04-01 13:00:00.000,19.9837295,summer weekend,19.7
10958,2024-04-01 14:00:00.000,19.9837295,summer weekend,19.7
10959,2024-04-01 15:00:00.000,19.9837295,summer weekend,19.7
10960,2024-04-01 16:00:00.000,20.7083205,summer weekend,19.7
10961,2024-04-01 17:00:00.000,25.229011499999995,summer weekend,27.0
10962,2024-04-01 18:00:00.000,26.0486835,summer weekend,27.0
10963,2024-04-01 19:00:00.000,26.217365999999995,summer weekend,27.0
10964,2024-04-01 20:00:00.000,25.6938255,summer weekend,27.0
10965,2024-04-01 21:00:00.000,23.2298115,summer weekend,19.7
10966,2024-04-01 22:00:00.000,20.9182365,summer weekend,19.7
10967,2024-04-01 23:00:00.000,20.9807115,summer weekend,19.7
10968,2024-04-02 00:00:00.000,20.144796,summer weekday,25.44
10969,2024-04-02 01:00:00.000,20.0610795,summer weekday,25.44
10970,2024-04-02 02:00:00.000,20.0935665,summer weekday,25.44
10971,2024-04-02 03:00:00.000,20.227263,summer weekday,25.44
10972,2024-04-02 04:00:00.000,20.8932465,summer weekday,25.44
10973,2024-04-02 05:00:00.000,27.134498999999995,summer weekday,25.44
10974,2024-04-02 06:00:00.000,29.276142,summer weekday,30.1
10975,2024-04-02 07:00:00.000,28.5976635,summer weekday,30.1
10976,2024-04-02 08:00:00.000,25.855011,summer weekday,25.44
10977,2024-04-02 09:00:00.000,20.317227,summer weekday,25.44
10978,2024-04-02 10:00:00.000,19.978077,summer weekday,25.44
10979,2024-04-02 11:00:00.000,19.8616355,summer weekday,25.44
10980,2024-04-02 12:00:00.000,19.8752015,summer weekday,25.44
10981,2024-04-02 13:00:00.000,19.9769465,summer weekday,25.44
10982,2024-04-02 14:00:00.000,19.98486,summer weekday,25.44
10983,2024-04-02 15:00:00.000,20.5233945,summer weekday,25.44
10984,2024-04-02 16:00:00.000,25.165287,summer weekday,25.44
10985,2024-04-02 17:00:00.000,29.068725,summer weekday,30.1
10986,2024-04-02 18:00:00.000,31.9038405,summer weekday,30.1
10987,2024-04-02 19:00:00.000,31.840115999999995,summer weekday,30.1
10988,2024-04-02 20:00:00.000,29.7472035,summer weekday,30.1
10989,2024-04-02 21:00:00.000,29.338616999999992,summer weekday,30.1
10990,2024-04-02 22:00:00.000,28.841316,summer weekday,30.1
10991,2024-04-02 23:00:00.000,29.2474035,summer weekday,30.1
10992,2024-04-03 00:00:00.000,28.9500225,summer weekday,30.1
10993,2024-04-03 01:00:00.000,28.7376075,summer weekday,30.1
10994,2024-04-03 02:00:00.000,29.044984499999995,summer weekday,30.1
10995,2024-04-03 03:00:00.000,29.023743,summer weekday,30.1
10996,2024-04-03 04:00:00.000,29.819674499999994,summer weekday,30.1
10997,2024-04-03 05:00:00.000,31.843864499999995,summer weekday,30.1
10998,2024-04-03 06:00:00.000,34.7202135,summer weekday,34.9
10999,2024-04-03 07:00:00.000,34.7202135,summer weekday,34.9
11000,2024-04-03 08:00:00.000,32.602311,summer weekday,34.9
11001,2024-04-03 09:00:00.000,33.398242499999995,summer weekday,34.9
11002,2024-04-03 10:00:00.000,31.3315695,summer weekday,30.1
11003,2024-04-03 11:00:00.000,30.2345085,summer weekday,30.1
11004,2024-04-03 12:00:00.000,29.591016,summer weekday,30.1
11005,2024-04-03 13:00:00.000,29.111208,summer weekday,30.1
11006,2024-04-03 14:00:00.000,29.11495649999999,summer weekday,30.1
11007,2024-04-03 15:00:00.000,29.568525,summer weekday,30.1
11008,2024-04-03 16:00:00.000,31.535238,summer weekday,30.1
11009,2024-04-03 17:00:00.000,33.496953,summer weekday,34.9
11010,2024-04-03 18:00:00.000,35.391195,summer weekday,34.9
11011,2024-04-03 19:00:00.000,32.677280999999994,summer weekday,34.9
11012,2024-04-03 20:00:00.000,30.1020615,summer weekday,30.1
11013,2024-04-03 21:00:00.000,29.4198345,summer weekday,30.1
11014,2024-04-03 22:00:00.000,27.9679155,summer weekday,30.1
11015,2024-04-03 23:00:00.000,26.797134,summer weekday,25.44
11016,2024-04-04 00:00:00.000,26.4835095,summer weekday,25.44
11017,2024-04-04 01:00:00.000,26.253601499999995,summer weekday,25.44
11018,2024-04-04 02:00:00.000,26.4285315,summer weekday,25.44
11019,2024-04-04 03:00:00.000,26.474763,summer weekday,25.44
11020,2024-04-04 04:00:00.000,26.869605,summer weekday,25.44
11021,2024-04-04 05:00:00.000,28.421484,summer weekday,30.1
11022,2024-04-04 06:00:00.000,29.875902,summer weekday,30.1
11023,2024-04-04 07:00:00.000,29.628501,summer weekday,30.1
11024,2024-04-04 08:00:00.000,28.973762999999995,summer weekday,30.1
11025,2024-04-04 09:00:00.000,28.662637499999995,summer weekday,30.1
11026,2024-04-04 10:00:00.000,27.864207,summer weekday,30.1
11027,2024-04-04 11:00:00.000,27.241956,summer weekday,25.44
11028,2024-04-04 12:00:00.000,27.009549,summer weekday,25.44
11029,2024-04-04 13:00:00.000,26.9183355,summer weekday,25.44
11030,2024-04-04 14:00:00.000,27.0033015,summer weekday,25.44
11031,2024-04-04 15:00:00.000,27.117006,summer weekday,25.44
11032,2024-04-04 16:00:00.000,28.616405999999994,summer weekday,30.1
11033,2024-04-04 17:00:00.000,29.401091999999995,summer weekday,30.1
11034,2024-04-04 18:00:00.000,31.31282699999999,summer weekday,30.1
11035,2024-04-04 19:00:00.000,30.053331,summer weekday,30.1
11036,2024-04-04 20:00:00.000,29.1424455,summer weekday,30.1
11037,2024-04-04 21:00:00.000,28.915036499999992,summer weekday,30.1
11038,2024-04-04 22:00:00.000,27.673033499999995,summer weekday,25.44
11039,2024-04-04 23:00:00.000,27.821724,summer weekday,30.1
11040,2024-04-05 00:00:00.000,27.366906,summer weekday,25.44
11041,2024-04-05 01:00:00.000,26.977062,summer weekday,25.44
11042,2024-04-05 02:00:00.000,27.0557805,summer weekday,25.44
11043,2024-04-05 03:00:00.000,26.719664999999992,summer weekday,25.44
11044,2024-04-05 04:00:00.000,27.794235,summer weekday,30.1
11045,2024-04-05 05:00:00.000,29.5172955,summer weekday,30.1
11046,2024-04-05 06:00:00.000,30.510648,summer weekday,30.1
11047,2024-04-05 07:00:00.000,30.105809999999995,summer weekday,30.1
11048,2024-04-05 08:00:00.000,28.4302305,summer weekday,30.1
11049,2024-04-05 09:00:00.000,26.294834999999992,summer weekday,25.44
11050,2024-04-05 10:00:00.000,23.2298115,summer weekday,25.44
11051,2024-04-05 11:00:00.000,21.129402,summer weekday,25.44
11052,2024-04-05 12:00:00.000,19.98486,summer weekday,25.44
11053,2024-04-05 13:00:00.000,19.973555,summer weekday,25.44
11054,2024-04-05 14:00:00.000,19.9911075,summer weekday,25.44
11055,2024-04-05 15:00:00.000,20.9957055,summer weekday,25.44
11056,2024-04-05 16:00:00.000,24.665486999999995,summer weekday,25.44
11057,2024-04-05 17:00:00.000,26.188627499999992,summer weekday,25.44
11058,2024-04-05 18:00:00.000,26.974563,summer weekday,25.44
11059,2024-04-05 19:00:00.000,26.937078,summer weekday,25.44
11060,2024-04-05 20:00:00.000,26.820874499999995,summer weekday,25.44
11061,2024-04-05 21:00:00.000,26.998303499999995,summer weekday,25.44
11062,2024-04-05 22:00:00.000,26.8658565,summer weekday,25.44
11063,2024-04-05 23:00:00.000,25.367705999999995,summer weekday,25.44
11064,2024-04-06 00:00:00.000,25.6088595,summer weekend,27.0
11065,2024-04-06 01:00:00.000,25.8437655,summer weekend,27.0
11066,2024-04-06 02:00:00.000,25.927482,summer weekend,27.0
11067,2024-04-06 03:00:00.000,26.3135775,summer weekend,27.0
11068,2024-04-06 04:00:00.000,26.842116,summer weekend,27.0
11069,2024-04-06 05:00:00.000,27.3231735,summer weekend,27.0
11070,2024-04-06 06:00:00.000,27.4656165,summer weekend,27.0
11071,2024-04-06 07:00:00.000,27.386898,summer weekend,27.0
11072,2024-04-06 08:00:00.000,26.099913,summer weekend,27.0
11073,2024-04-06 09:00:00.000,23.660889,summer weekend,27.0
11074,2024-04-06 10:00:00.000,19.9023335,summer weekend,19.7
11075,2024-04-06 11:00:00.000,18.130840000000003,summer weekend,19.7
11076,2024-04-06 12:00:00.000,13.210904,summer weekend,19.7
11077,2024-04-06 13:00:00.000,13.4743105,summer weekend,19.7
11078,2024-04-06 14:00:00.000,16.0721995,summer weekend,19.7
11079,2024-04-06 15:00:00.000,19.458047,summer weekend,19.7
11080,2024-04-06 16:00:00.000,21.9603195,summer weekend,19.7
11081,2024-04-06 17:00:00.000,28.426482,summer weekend,27.0
11082,2024-04-06 18:00:00.000,29.229910499999995,summer weekend,27.0
11083,2024-04-06 19:00:00.000,28.5626775,summer weekend,27.0
11084,2024-04-06 20:00:00.000,25.790036999999995,summer weekend,27.0
11085,2024-04-06 21:00:00.000,25.616356499999995,summer weekend,27.0
11086,2024-04-06 22:00:00.000,23.218565999999992,summer weekend,19.7
11087,2024-04-06 23:00:00.000,21.3555615,summer weekend,19.7
11088,2024-04-07 00:00:00.000,19.996105499999995,summer weekend,19.7
11089,2024-04-07 01:00:00.000,19.98486,summer weekend,19.7
11090,2024-04-07 02:00:00.000,19.98486,summer weekend,19.7
11091,2024-04-07 03:00:00.000,19.98486,summer weekend,19.7
11092,2024-04-07 04:00:00.000,19.98486,summer weekend,19.7
11093,2024-04-07 05:00:00.000,19.98486,summer weekend,19.7
11094,2024-04-07 06:00:00.000,19.98486,summer weekend,19.7
11095,2024-04-07 07:00:00.000,19.98486,summer weekend,19.7
11096,2024-04-07 08:00:00.000,19.9837295,summer weekend,19.7
11097,2024-04-07 09:00:00.000,19.966772,summer weekend,19.7
11098,2024-04-07 10:00:00.000,19.6174475,summer weekend,19.7
11099,2024-04-07 11:00:00.000,18.861143,summer weekend,19.7
11100,2024-04-07 12:00:00.000,16.956250500000003,summer weekend,19.7
11101,2024-04-07 13:00:00.000,17.717077000000003,summer weekend,19.7
11102,2024-04-07 14:00:00.000,19.415088,summer weekend,19.7
11103,2024-04-07 15:00:00.000,19.966772,summer weekend,19.7
11104,2024-04-07 16:00:00.000,20.849514,summer weekend,19.7
11105,2024-04-07 17:00:00.000,31.412786999999994,summer weekend,31.66
11106,2024-04-07 18:00:00.000,33.5281905,summer weekend,31.66
11107,2024-04-07 19:00:00.000,33.27954,summer weekend,31.66
11108,2024-04-07 20:00:00.000,31.2241125,summer weekend,31.66
11109,2024-04-07 21:00:00.000,29.663487,summer weekend,31.66
11110,2024-04-07 22:00:00.000,28.988757,summer weekend,27.0
11111,2024-04-07 23:00:00.000,28.8275715,summer weekend,27.0
11112,2024-04-08 00:00:00.000,28.8200745,summer weekday,30.1
11113,2024-04-08 01:00:00.000,28.496454,summer weekday,30.1
11114,2024-04-08 02:00:00.000,28.8200745,summer weekday,30.1
11115,2024-04-08 03:00:00.000,28.9275315,summer weekday,30.1
11116,2024-04-08 04:00:00.000,29.660988,summer weekday,30.1
11117,2024-04-08 05:00:00.000,32.72851049999999,summer weekday,34.9
11118,2024-04-08 06:00:00.000,38.699871,summer weekday,34.9
11119,2024-04-08 07:00:00.000,36.043434,summer weekday,34.9
11120,2024-04-08 08:00:00.000,30.6693345,summer weekday,30.1
11121,2024-04-08 09:00:00.000,30.05583,summer weekday,30.1
11122,2024-04-08 10:00:00.000,28.8850485,summer weekday,30.1
11123,2024-04-08 11:00:00.000,28.069125,summer weekday,30.1
11124,2024-04-08 12:00:00.000,27.48186,summer weekday,25.44
11125,2024-04-08 13:00:00.000,27.2182155,summer weekday,25.44
11126,2024-04-08 14:00:00.000,27.90669,summer weekday,30.1
11127,2024-04-08 15:00:00.000,28.731359999999995,summer weekday,30.1
11128,2024-04-08 16:00:00.000,29.3573595,summer weekday,30.1
11129,2024-04-08 17:00:00.000,33.092115,summer weekday,34.9
11130,2024-04-08 18:00:00.000,37.140495,summer weekday,34.9
11131,2024-04-08 19:00:00.000,35.57862,summer weekday,34.9
11132,2024-04-08 20:00:00.000,30.5868675,summer weekday,30.1
11133,2024-04-08 21:00:00.000,29.60601,summer weekday,30.1
11134,2024-04-08 22:00:00.000,28.7551005,summer weekday,30.1
11135,2024-04-08 23:00:00.000,29.757199499999995,summer weekday,30.1
11136,2024-04-09 00:00:00.000,28.655140499999995,summer weekday,30.1
11137,2024-04-09 01:00:00.000,28.0728735,summer weekday,30.1
11138,2024-04-09 02:00:00.000,27.4756125,summer weekday,25.44
11139,2024-04-09 03:00:00.000,27.791736,summer weekday,30.1
11140,2024-04-09 04:00:00.000,28.523943,summer weekday,30.1
11141,2024-04-09 05:00:00.000,30.816775499999995,summer weekday,30.1
11142,2024-04-09 06:00:00.000,31.342815,summer weekday,30.1
11143,2024-04-09 07:00:00.000,29.953371,summer weekday,30.1
11144,2024-04-09 08:00:00.000,28.51894499999999,summer weekday,30.1
11145,2024-04-09 09:00:00.000,26.432279999999995,summer weekday,25.44
11146,2024-04-09 10:00:00.000,25.480160999999995,summer weekday,25.44
11147,2024-04-09 11:00:00.000,24.489307499999992,summer weekday,25.44
11148,2024-04-09 12:00:00.000,21.2456055,summer weekday,25.44
11149,2024-04-09 13:00:00.000,21.296835,summer weekday,25.44
11150,2024-04-09 14:00:00.000,23.613408,summer weekday,25.44
11151,2024-04-09 15:00:00.000,24.7666965,summer weekday,25.44
11152,2024-04-09 16:00:00.000,26.251102499999995,summer weekday,25.44
11153,2024-04-09 17:00:00.000,28.219065,summer weekday,30.1
11154,2024-04-09 18:00:00.000,30.1995225,summer weekday,30.1
11155,2024-04-09 19:00:00.000,30.198273,summer weekday,30.1
11156,2024-04-09 20:00:00.000,28.478960999999995,summer weekday,30.1
11157,2024-04-09 21:00:00.000,27.5455845,summer weekday,25.44
11158,2024-04-09 22:00:00.000,24.419335499999995,summer weekday,25.44
11159,2024-04-09 23:00:00.000,22.8449655,summer weekday,25.44
11160,2024-04-10 00:00:00.000,20.7283125,summer weekday,25.44
11161,2024-04-10 01:00:00.000,20.7583005,summer weekday,25.44
11162,2024-04-10 02:00:00.000,21.1081605,summer weekday,25.44
11163,2024-04-10 03:00:00.000,23.271045,summer weekday,25.44
11164,2024-04-10 04:00:00.000,26.2361085,summer weekday,25.44
11165,2024-04-10 05:00:00.000,29.469814499999995,summer weekday,30.1
11166,2024-04-10 06:00:00.000,32.4336285,summer weekday,30.1
11167,2024-04-10 07:00:00.000,33.232059,summer weekday,34.9
11168,2024-04-10 08:00:00.000,30.038336999999995,summer weekday,30.1
11169,2024-04-10 09:00:00.000,28.438977,summer weekday,30.1
11170,2024-04-10 10:00:00.000,26.9883075,summer weekday,25.44
11171,2024-04-10 11:00:00.000,26.934579,summer weekday,25.44
11172,2024-04-10 12:00:00.000,23.773343999999994,summer weekday,25.44
11173,2024-04-10 13:00:00.000,23.8945455,summer weekday,25.44
11174,2024-04-10 14:00:00.000,26.9008425,summer weekday,25.44
11175,2024-04-10 15:00:00.000,27.845464499999995,summer weekday,30.1
11176,2024-04-10 16:00:00.000,29.396093999999994,summer weekday,30.1
11177,2024-04-10 17:00:00.000,32.5835685,summer weekday,34.9
11178,2024-04-10 18:00:00.000,43.8690525,summer weekday,34.9
11179,2024-04-10 19:00:00.000,43.8740505,summer weekday,34.9
11180,2024-04-10 20:00:00.000,34.4278305,summer weekday,34.9
11181,2024-04-10 21:00:00.000,30.74305499999999,summer weekday,30.1
11182,2024-04-10 22:00:00.000,29.493555,summer weekday,30.1
11183,2024-04-10 23:00:00.000,29.053731,summer weekday,30.1
11184,2024-04-11 00:00:00.000,28.401492,summer weekday,30.1
11185,2024-04-11 01:00:00.000,27.761748,summer weekday,25.44
11186,2024-04-11 02:00:00.000,27.3331695,summer weekday,25.44
11187,2024-04-11 03:00:00.000,27.366906,summer weekday,25.44
11188,2024-04-11 04:00:00.000,26.928331499999995,summer weekday,25.44
11189,2024-04-11 05:00:00.000,29.3098785,summer weekday,30.1
11190,2024-04-11 06:00:00.000,28.581419999999994,summer weekday,30.1
11191,2024-04-11 07:00:00.000,26.50725,summer weekday,25.44
11192,2024-04-11 08:00:00.000,23.73336,summer weekday,25.44
11193,2024-04-11 09:00:00.000,21.2406075,summer weekday,25.44
11194,2024-04-11 10:00:00.000,20.092317,summer weekday,25.44
11195,2024-04-11 11:00:00.000,20.0985645,summer weekday,25.44
11196,2024-04-11 12:00:00.000,20.122305,summer weekday,25.44
11197,2024-04-11 13:00:00.000,20.0560815,summer weekday,25.44
11198,2024-04-11 14:00:00.000,23.6796315,summer weekday,25.44
11199,2024-04-11 15:00:00.000,27.449372999999994,summer weekday,25.44
11200,2024-04-11 16:00:00.000,29.573522999999994,summer weekday,30.1
11201,2024-04-11 17:00:00.000,32.567325,summer weekday,34.9
11202,2024-04-11 18:00:00.000,36.77314199999999,summer weekday,34.9
11203,2024-04-11 19:00:00.000,37.205469,summer weekday,34.9
11204,2024-04-11 20:00:00.000,32.328670499999994,summer weekday,30.1
11205,2024-04-11 21:00:00.000,30.283239,summer weekday,30.1
11206,2024-04-11 22:00:00.000,29.5447845,summer weekday,30.1
11207,2024-04-11 23:00:00.000,29.444824499999992,summer weekday,30.1
11208,2024-04-12 00:00:00.000,28.948773,summer weekday,30.1
11209,2024-04-12 01:00:00.000,28.592665499999995,summer weekday,30.1
11210,2024-04-12 02:00:00.000,28.638897,summer weekday,30.1
11211,2024-04-12 03:00:00.000,28.671384,summer weekday,30.1
11212,2024-04-12 04:00:00.000,29.6722335,summer weekday,30.1
11213,2024-04-12 05:00:00.000,31.3840485,summer weekday,30.1
11214,2024-04-12 06:00:00.000,32.10500999999999,summer weekday,30.1
11215,2024-04-12 07:00:00.000,30.8342685,summer weekday,30.1
11216,2024-04-12 08:00:00.000,28.853811,summer weekday,30.1
11217,2024-04-12 09:00:00.000,25.340217,summer weekday,25.44
11218,2024-04-12 10:00:00.000,22.341417,summer weekday,25.44
11219,2024-04-12 11:00:00.000,19.98486,summer weekday,25.44
11220,2024-04-12 12:00:00.000,19.9769465,summer weekday,25.44
11221,2024-04-12 13:00:00.000,19.9861095,summer weekday,25.44
11222,2024-04-12 14:00:00.000,20.007351,summer weekday,25.44
11223,2024-04-12 15:00:00.000,20.012349,summer weekday,25.44
11224,2024-04-12 16:00:00.000,27.1532415,summer weekday,25.44
11225,2024-04-12 17:00:00.000,30.2220135,summer weekday,30.1
11226,2024-04-12 18:00:00.000,35.7223125,summer weekday,34.9
11227,2024-04-12 19:00:00.000,35.4949035,summer weekday,34.9
11228,2024-04-12 20:00:00.000,30.80553,summer weekday,30.1
11229,2024-04-12 21:00:00.000,29.7297105,summer weekday,30.1
11230,2024-04-12 22:00:00.000,28.493955,summer weekday,30.1
11231,2024-04-12 23:00:00.000,27.509349,summer weekday,25.44
11232,2024-04-13 00:00:00.000,26.1161565,summer weekend,27.0
11233,2024-04-13 01:00:00.000,23.034889499999995,summer weekend,19.7
11234,2024-04-13 02:00:00.000,22.4101395,summer weekend,19.7
11235,2024-04-13 03:00:00.000,22.477612499999992,summer weekend,19.7
11236,2024-04-13 04:00:00.000,23.148594,summer weekend,19.7
11237,2024-04-13 05:00:00.000,23.755851,summer weekend,27.0
11238,2024-04-13 06:00:00.000,24.390597,summer weekend,27.0
11239,2024-04-13 07:00:00.000,22.80873,summer weekend,19.7
11240,2024-04-13 08:00:00.000,21.08442,summer weekend,19.7
11241,2024-04-13 09:00:00.000,19.982599,summer weekend,19.7
11242,2024-04-13 10:00:00.000,18.857751500000003,summer weekend,19.7
11243,2024-04-13 11:00:00.000,17.050082,summer weekend,19.7
11244,2024-04-13 12:00:00.000,14.33236,summer weekend,19.7
11245,2024-04-13 13:00:00.000,13.7659795,summer weekend,19.7
11246,2024-04-13 14:00:00.000,14.3425345,summer weekend,19.7
11247,2024-04-13 15:00:00.000,17.818822,summer weekend,19.7
11248,2024-04-13 16:00:00.000,19.966772,summer weekend,19.7
11249,2024-04-13 17:00:00.000,24.9716145,summer weekend,27.0
11250,2024-04-13 18:00:00.000,29.161188,summer weekend,27.0
11251,2024-04-13 19:00:00.000,28.204070999999995,summer weekend,27.0
11252,2024-04-13 20:00:00.000,24.9016425,summer weekend,27.0
11253,2024-04-13 21:00:00.000,22.6225545,summer weekend,19.7
11254,2024-04-13 22:00:00.000,20.8657575,summer weekend,19.7
11255,2024-04-13 23:00:00.000,20.0385885,summer weekend,19.7
11256,2024-04-14 00:00:00.000,20.0885685,summer weekend,19.7
11257,2024-04-14 01:00:00.000,20.1010635,summer weekend,19.7
11258,2024-04-14 02:00:00.000,20.1260535,summer weekend,19.7
11259,2024-04-14 03:00:00.000,20.277243,summer weekend,19.7
11260,2024-04-14 04:00:00.000,20.7283125,summer weekend,19.7
11261,2024-04-14 05:00:00.000,21.591717,summer weekend,19.7
11262,2024-04-14 06:00:00.000,21.60921,summer weekend,19.7
11263,2024-04-14 07:00:00.000,20.9107395,summer weekend,19.7
11264,2024-04-14 08:00:00.000,19.98486,summer weekend,19.7
11265,2024-04-14 09:00:00.000,19.7169315,summer weekend,19.7
11266,2024-04-14 10:00:00.000,18.6090415,summer weekend,19.7
11267,2024-04-14 11:00:00.000,15.2062365,summer weekend,19.7
11268,2024-04-14 12:00:00.000,13.196207500000002,summer weekend,19.7
11269,2024-04-14 13:00:00.000,13.1939465,summer weekend,19.7
11270,2024-04-14 14:00:00.000,15.4572075,summer weekend,19.7
11271,2024-04-14 15:00:00.000,19.2782975,summer weekend,19.7
11272,2024-04-14 16:00:00.000,20.1810315,summer weekend,19.7
11273,2024-04-14 17:00:00.000,28.385248499999992,summer weekend,27.0
11274,2024-04-14 18:00:00.000,30.95546999999999,summer weekend,31.66
11275,2024-04-14 19:00:00.000,34.9676145,summer weekend,31.66
11276,2024-04-14 20:00:00.000,34.0554795,summer weekend,31.66
11277,2024-04-14 21:00:00.000,32.973412499999995,summer weekend,31.66
11278,2024-04-14 22:00:00.000,30.885497999999995,summer weekend,31.66
11279,2024-04-14 23:00:00.000,30.225761999999992,summer weekend,31.66
11280,2024-04-15 00:00:00.000,30.138297,summer weekday,30.1
11281,2024-04-15 01:00:00.000,29.673483,summer weekday,30.1
11282,2024-04-15 02:00:00.000,29.753451,summer weekday,30.1
11283,2024-04-15 03:00:00.000,29.3848485,summer weekday,30.1
11284,2024-04-15 04:00:00.000,30.823022999999992,summer weekday,30.1
11285,2024-04-15 05:00:00.000,34.44532349999999,summer weekday,34.9
11286,2024-04-15 06:00:00.000,41.1201525,summer weekday,34.9
11287,2024-04-15 07:00:00.000,39.132198,summer weekday,34.9
11288,2024-04-15 08:00:00.000,31.425282,summer weekday,30.1
11289,2024-04-15 09:00:00.000,30.0495825,summer weekday,30.1
11290,2024-04-15 10:00:00.000,27.875452499999994,summer weekday,30.1
11291,2024-04-15 11:00:00.000,25.5014025,summer weekday,25.44
11292,2024-04-15 12:00:00.000,23.950772999999995,summer weekday,25.44
11293,2024-04-15 13:00:00.000,21.604212,summer weekday,25.44
11294,2024-04-15 14:00:00.000,20.95947,summer weekday,25.44
11295,2024-04-15 15:00:00.000,20.9832105,summer weekday,25.44
11296,2024-04-15 16:00:00.000,25.770045,summer weekday,25.44
11297,2024-04-15 17:00:00.000,28.6314,summer weekday,30.1
11298,2024-04-15 18:00:00.000,29.845914,summer weekday,30.1
11299,2024-04-15 19:00:00.000,29.608508999999994,summer weekday,30.1
11300,2024-04-15 20:00:00.000,28.270294499999995,summer weekday,30.1
11301,2024-04-15 21:00:00.000,26.7034215,summer weekday,25.44
11302,2024-04-15 22:00:00.000,24.2544015,summer weekday,25.44
11303,2024-04-15 23:00:00.000,20.237259,summer weekday,25.44
11304,2024-04-16 00:00:00.000,19.989858,summer weekday,25.44
11305,2024-04-16 01:00:00.000,20.002353,summer weekday,25.44
11306,2024-04-16 02:00:00.000,20.0760735,summer weekday,25.44
11307,2024-04-16 03:00:00.000,22.1677365,summer weekday,25.44
11308,2024-04-16 04:00:00.000,24.510549,summer weekday,25.44
11309,2024-04-16 05:00:00.000,27.874202999999994,summer weekday,30.1
11310,2024-04-16 06:00:00.000,29.263646999999995,summer weekday,30.1
11311,2024-04-16 07:00:00.000,29.263646999999995,summer weekday,30.1
11312,2024-04-16 08:00:00.000,28.0828695,summer weekday,30.1
11313,2024-04-16 09:00:00.000,26.36105849999999,summer weekday,25.44
11314,2024-04-16 10:00:00.000,25.312728,summer weekday,25.44
11315,2024-04-16 11:00:00.000,24.982859999999995,summer weekday,25.44
11316,2024-04-16 12:00:00.000,25.010348999999994,summer weekday,25.44
11317,2024-04-16 13:00:00.000,25.242756,summer weekday,25.44
11318,2024-04-16 14:00:00.000,26.0486835,summer weekday,25.44
11319,2024-04-16 15:00:00.000,27.836718,summer weekday,30.1
11320,2024-04-16 16:00:00.000,29.9396265,summer weekday,30.1
11321,2024-04-16 17:00:00.000,31.595214,summer weekday,30.1
11322,2024-04-16 18:00:00.000,34.22791049999999,summer weekday,34.9
11323,2024-04-16 19:00:00.000,35.543634,summer weekday,34.9
11324,2024-04-16 20:00:00.000,33.037137,summer weekday,34.9
11325,2024-04-16 21:00:00.000,31.242854999999995,summer weekday,30.1
11326,2024-04-16 22:00:00.000,30.493154999999994,summer weekday,30.1
11327,2024-04-16 23:00:00.000,30.460667999999995,summer weekday,30.1
11328,2024-04-17 00:00:00.000,30.460667999999995,summer weekday,30.1
11329,2024-04-17 01:00:00.000,30.149542499999995,summer weekday,30.1
11330,2024-04-17 02:00:00.000,30.280739999999994,summer weekday,30.1
11331,2024-04-17 03:00:00.000,30.350711999999994,summer weekday,30.1
11332,2024-04-17 04:00:00.000,30.4469235,summer weekday,30.1
11333,2024-04-17 05:00:00.000,33.65314049999999,summer weekday,34.9
11334,2024-04-17 06:00:00.000,41.22261149999999,summer weekday,34.9
11335,2024-04-17 07:00:00.000,39.3733515,summer weekday,34.9
11336,2024-04-17 08:00:00.000,33.057129,summer weekday,34.9
11337,2024-04-17 09:00:00.000,30.468165,summer weekday,30.1
11338,2024-04-17 10:00:00.000,29.968365,summer weekday,30.1
11339,2024-04-17 11:00:00.000,30.353211,summer weekday,30.1
11340,2024-04-17 12:00:00.000,30.083318999999992,summer weekday,30.1
11341,2024-04-17 13:00:00.000,29.6947245,summer weekday,30.1
11342,2024-04-17 14:00:00.000,29.6097585,summer weekday,30.1
11343,2024-04-17 15:00:00.000,29.98086,summer weekday,30.1
11344,2024-04-17 16:00:00.000,30.843015,summer weekday,30.1
11345,2024-04-17 17:00:00.000,34.3503615,summer weekday,34.9
11346,2024-04-17 18:00:00.000,39.966864,summer weekday,34.9
11347,2024-04-17 19:00:00.000,41.213865,summer weekday,34.9
11348,2024-04-17 20:00:00.000,36.235857,summer weekday,34.9
11349,2024-04-17 21:00:00.000,32.359908,summer weekday,30.1
11350,2024-04-17 22:00:00.000,30.956719499999995,summer weekday,30.1
11351,2024-04-17 23:00:00.000,31.4590185,summer weekday,30.1
11352,2024-04-18 00:00:00.000,30.907989,summer weekday,30.1
11353,2024-04-18 01:00:00.000,31.0466835,summer weekday,30.1
11354,2024-04-18 02:00:00.000,30.950472,summer weekday,30.1
11355,2024-04-18 03:00:00.000,31.1816295,summer weekday,30.1
11356,2024-04-18 04:00:00.000,31.663936499999995,summer weekday,30.1
11357,2024-04-18 05:00:00.000,35.21376599999999,summer weekday,34.9
11358,2024-04-18 06:00:00.000,39.45207,summer weekday,34.9
11359,2024-04-18 07:00:00.000,36.3770505,summer weekday,34.9
11360,2024-04-18 08:00:00.000,32.619803999999995,summer weekday,34.9
11361,2024-04-18 09:00:00.000,31.2565995,summer weekday,30.1
11362,2024-04-18 10:00:00.000,30.46441649999999,summer weekday,30.1
11363,2024-04-18 11:00:00.000,30.060828,summer weekday,30.1
11364,2024-04-18 12:00:00.000,29.631,summer weekday,30.1
11365,2024-04-18 13:00:00.000,29.1074595,summer weekday,30.1
11366,2024-04-18 14:00:00.000,28.818825,summer weekday,30.1
11367,2024-04-18 15:00:00.000,28.841316,summer weekday,30.1
11368,2024-04-18 16:00:00.000,30.14704349999999,summer weekday,30.1
11369,2024-04-18 17:00:00.000,31.733908499999995,summer weekday,30.1
11370,2024-04-18 18:00:00.000,35.633598,summer weekday,34.9
11371,2024-04-18 19:00:00.000,36.0821685,summer weekday,34.9
11372,2024-04-18 20:00:00.000,33.219564,summer weekday,34.9
11373,2024-04-18 21:00:00.000,31.2166155,summer weekday,30.1
11374,2024-04-18 22:00:00.000,29.902141499999995,summer weekday,30.1
11375,2024-04-18 23:00:00.000,29.6322495,summer weekday,30.1
11376,2024-04-19 00:00:00.000,27.5855685,summer weekday,25.44
11377,2024-04-19 01:00:00.000,26.2985835,summer weekday,25.44
11378,2024-04-19 02:00:00.000,26.1661365,summer weekday,25.44
11379,2024-04-19 03:00:00.000,25.9787115,summer weekday,25.44
11380,2024-04-19 04:00:00.000,26.117405999999995,summer weekday,25.44
11381,2024-04-19 05:00:00.000,27.496853999999995,summer weekday,25.44
11382,2024-04-19 06:00:00.000,28.611408,summer weekday,30.1
11383,2024-04-19 07:00:00.000,29.48106,summer weekday,30.1
11384,2024-04-19 08:00:00.000,28.51894499999999,summer weekday,30.1
11385,2024-04-19 09:00:00.000,27.50685,summer weekday,25.44
11386,2024-04-19 10:00:00.000,26.992055999999994,summer weekday,25.44
11387,2024-04-19 11:00:00.000,26.3460645,summer weekday,25.44
11388,2024-04-19 12:00:00.000,25.85751,summer weekday,25.44
11389,2024-04-19 13:00:00.000,25.600113,summer weekday,25.44
11390,2024-04-19 14:00:00.000,25.552632,summer weekday,25.44
11391,2024-04-19 15:00:00.000,26.3460645,summer weekday,25.44
11392,2024-04-19 16:00:00.000,27.3281715,summer weekday,25.44
11393,2024-04-19 17:00:00.000,27.917935499999995,summer weekday,30.1
11394,2024-04-19 18:00:00.000,28.146594,summer weekday,30.1
11395,2024-04-19 19:00:00.000,28.266545999999995,summer weekday,30.1
11396,2024-04-19 20:00:00.000,28.25655,summer weekday,30.1
11397,2024-04-19 21:00:00.000,28.1403465,summer weekday,30.1
11398,2024-04-19 22:00:00.000,27.875452499999994,summer weekday,30.1
11399,2024-04-19 23:00:00.000,27.511848,summer weekday,25.44
11400,2024-04-20 00:00:00.000,27.2282115,summer weekend,27.0
11401,2024-04-20 01:00:00.000,27.148243499999992,summer weekend,27.0
11402,2024-04-20 02:00:00.000,27.2007225,summer weekend,27.0
11403,2024-04-20 03:00:00.000,27.611808,summer weekend,27.0
11404,2024-04-20 04:00:00.000,27.8354685,summer weekend,27.0
11405,2024-04-20 05:00:00.000,27.971664,summer weekend,27.0
11406,2024-04-20 06:00:00.000,28.478960999999995,summer weekend,27.0
11407,2024-04-20 07:00:00.000,28.111608,summer weekend,27.0
11408,2024-04-20 08:00:00.000,27.469365,summer weekend,27.0
11409,2024-04-20 09:00:00.000,26.2386075,summer weekend,27.0
11410,2024-04-20 10:00:00.000,24.7866885,summer weekend,27.0
11411,2024-04-20 11:00:00.000,23.604661499999995,summer weekend,27.0
11412,2024-04-20 12:00:00.000,21.5254935,summer weekend,19.7
11413,2024-04-20 13:00:00.000,21.3030825,summer weekend,19.7
11414,2024-04-20 14:00:00.000,22.2751935,summer weekend,19.7
11415,2024-04-20 15:00:00.000,24.659239499999995,summer weekend,27.0
11416,2024-04-20 16:00:00.000,27.8354685,summer weekend,27.0
11417,2024-04-20 17:00:00.000,29.843415,summer weekend,31.66
11418,2024-04-20 18:00:00.000,31.1816295,summer weekend,31.66
11419,2024-04-20 19:00:00.000,32.110008,summer weekend,31.66
11420,2024-04-20 20:00:00.000,31.269094499999994,summer weekend,31.66
11421,2024-04-20 21:00:00.000,30.739306499999994,summer weekend,31.66
11422,2024-04-20 22:00:00.000,30.343215,summer weekend,31.66
11423,2024-04-20 23:00:00.000,30.212017499999995,summer weekend,31.66
11424,2024-04-21 00:00:00.000,28.805080499999995,summer weekend,27.0
11425,2024-04-21 01:00:00.000,28.6726335,summer weekend,27.0
11426,2024-04-21 02:00:00.000,28.03164,summer weekend,27.0
11427,2024-04-21 03:00:00.000,27.966666,summer weekend,27.0
11428,2024-04-21 04:00:00.000,27.934179,summer weekend,27.0
11429,2024-04-21 05:00:00.000,28.0353885,summer weekend,27.0
11430,2024-04-21 06:00:00.000,27.5480835,summer weekend,27.0
11431,2024-04-21 07:00:00.000,27.591815999999994,summer weekend,27.0
11432,2024-04-21 08:00:00.000,26.904591,summer weekend,27.0
11433,2024-04-21 09:00:00.000,24.1069605,summer weekend,27.0
11434,2024-04-21 10:00:00.000,24.603012,summer weekend,27.0
11435,2024-04-21 11:00:00.000,20.742057,summer weekend,19.7
11436,2024-04-21 12:00:00.000,20.019846,summer weekend,19.7
11437,2024-04-21 13:00:00.000,19.883115,summer weekend,19.7
11438,2024-04-21 14:00:00.000,20.0785725,summer weekend,19.7
11439,2024-04-21 15:00:00.000,20.7358095,summer weekend,19.7
11440,2024-04-21 16:00:00.000,27.259449,summer weekend,27.0
11441,2024-04-21 17:00:00.000,29.306129999999992,summer weekend,27.0
11442,2024-04-21 18:00:00.000,31.150392,summer weekend,31.66
11443,2024-04-21 19:00:00.000,31.887597,summer weekend,31.66
11444,2024-04-21 20:00:00.000,31.3640565,summer weekend,31.66
11445,2024-04-21 21:00:00.000,31.1566395,summer weekend,31.66
11446,2024-04-21 22:00:00.000,31.037937,summer weekend,31.66
11447,2024-04-21 23:00:00.000,29.8521615,summer weekend,31.66
11448,2024-04-22 00:00:00.000,29.7372075,summer weekday,30.1
11449,2024-04-22 01:00:00.000,29.785937999999994,summer weekday,30.1
11450,2024-04-22 02:00:00.000,29.970863999999995,summer weekday,30.1
11451,2024-04-22 03:00:00.000,29.9546205,summer weekday,30.1
11452,2024-04-22 04:00:00.000,30.917984999999994,summer weekday,30.1
11453,2024-04-22 05:00:00.000,33.21706499999999,summer weekday,34.9
11454,2024-04-22 06:00:00.000,36.32707049999999,summer weekday,34.9
11455,2024-04-22 07:00:00.000,34.661486999999994,summer weekday,34.9
11456,2024-04-22 08:00:00.000,32.1112575,summer weekday,30.1
11457,2024-04-22 09:00:00.000,30.21326699999999,summer weekday,30.1
11458,2024-04-22 10:00:00.000,30.13579799999999,summer weekday,30.1
11459,2024-04-22 11:00:00.000,29.612257499999995,summer weekday,30.1
11460,2024-04-22 12:00:00.000,29.189926499999995,summer weekday,30.1
11461,2024-04-22 13:00:00.000,29.2524015,summer weekday,30.1
11462,2024-04-22 14:00:00.000,29.790935999999995,summer weekday,30.1
11463,2024-04-22 15:00:00.000,30.177031499999995,summer weekday,30.1
11464,2024-04-22 16:00:00.000,32.07877049999999,summer weekday,30.1
11465,2024-04-22 17:00:00.000,34.75395,summer weekday,34.9
11466,2024-04-22 18:00:00.000,40.4829075,summer weekday,34.9
11467,2024-04-22 19:00:00.000,41.346312,summer weekday,34.9
11468,2024-04-22 20:00:00.000,36.2346075,summer weekday,34.9
11469,2024-04-22 21:00:00.000,33.2008215,summer weekday,34.9
11470,2024-04-22 22:00:00.000,32.10376049999999,summer weekday,30.1
11471,2024-04-22 23:00:00.000,31.020444,summer weekday,30.1
11472,2024-04-23 00:00:00.000,30.816775499999995,summer weekday,30.1
11473,2024-04-23 01:00:00.000,30.7243125,summer weekday,30.1
11474,2024-04-23 02:00:00.000,30.658089,summer weekday,30.1
11475,2024-04-23 03:00:00.000,30.7742925,summer weekday,30.1
11476,2024-04-23 04:00:00.000,32.191225499999994,summer weekday,30.1
11477,2024-04-23 05:00:00.000,35.15379,summer weekday,34.9
11478,2024-04-23 06:00:00.000,42.63329699999999,summer weekday,34.9
11479,2024-04-23 07:00:00.000,37.013046,summer weekday,34.9
11480,2024-04-23 08:00:00.000,32.277441,summer weekday,30.1
11481,2024-04-23 09:00:00.000,30.3394665,summer weekday,30.1
11482,2024-04-23 10:00:00.000,29.638497,summer weekday,30.1
11483,2024-04-23 11:00:00.000,29.663487,summer weekday,30.1
11484,2024-04-23 12:00:00.000,29.903391,summer weekday,30.1
11485,2024-04-23 13:00:00.000,29.808429,summer weekday,30.1
11486,2024-04-23 14:00:00.000,29.983359,summer weekday,30.1
11487,2024-04-23 15:00:00.000,30.35820899999999,summer weekday,30.1
11488,2024-04-23 16:00:00.000,31.2266115,summer weekday,30.1
11489,2024-04-23 17:00:00.000,32.77974,summer weekday,34.9
11490,2024-04-23 18:00:00.000,35.3549595,summer weekday,34.9
11491,2024-04-23 19:00:00.000,35.61235649999999,summer weekday,34.9
11492,2024-04-23 20:00:00.000,33.117104999999995,summer weekday,34.9
11493,2024-04-23 21:00:00.000,31.5714735,summer weekday,30.1
11494,2024-04-23 22:00:00.000,30.17453249999999,summer weekday,30.1
11495,2024-04-23 23:00:00.000,30.20577,summer weekday,30.1
11496,2024-04-24 00:00:00.000,29.7272115,summer weekday,30.1
11497,2024-04-24 01:00:00.000,29.626002,summer weekday,30.1
11498,2024-04-24 02:00:00.000,29.338616999999992,summer weekday,30.1
11499,2024-04-24 03:00:00.000,29.652241499999995,summer weekday,30.1
11500,2024-04-24 04:00:00.000,30.209518499999994,summer weekday,30.1
11501,2024-04-24 05:00:00.000,32.687276999999995,summer weekday,34.9
11502,2024-04-24 06:00:00.000,35.99970149999999,summer weekday,34.9
11503,2024-04-24 07:00:00.000,33.36325649999999,summer weekday,34.9
11504,2024-04-24 08:00:00.000,31.4565195,summer weekday,30.1
11505,2024-04-24 09:00:00.000,31.322823,summer weekday,30.1
11506,2024-04-24 10:00:00.000,31.024192499999995,summer weekday,30.1
11507,2024-04-24 11:00:00.000,30.30573,summer weekday,30.1
11508,2024-04-24 12:00:00.000,29.9921055,summer weekday,30.1
11509,2024-04-24 13:00:00.000,29.547283499999995,summer weekday,30.1
11510,2024-04-24 14:00:00.000,30.069574499999995,summer weekday,30.1
11511,2024-04-24 15:00:00.000,30.120804,summer weekday,30.1
11512,2024-04-24 16:00:00.000,30.80553,summer weekday,30.1
11513,2024-04-24 17:00:00.000,32.67228299999999,summer weekday,34.9
11514,2024-04-24 18:00:00.000,36.8781,summer weekday,34.9
11515,2024-04-24 19:00:00.000,37.90768799999999,summer weekday,34.9
11516,2024-04-24 20:00:00.000,35.12380199999999,summer weekday,34.9
11517,2024-04-24 21:00:00.000,33.1433445,summer weekday,34.9
11518,2024-04-24 22:00:00.000,31.2565995,summer weekday,30.1
11519,2024-04-24 23:00:00.000,30.418185,summer weekday,30.1
11520,2024-04-25 00:00:00.000,29.98086,summer weekday,30.1
11521,2024-04-25 01:00:00.000,29.652241499999995,summer weekday,30.1
11522,2024-04-25 02:00:00.000,29.4873075,summer weekday,30.1
11523,2024-04-25 03:00:00.000,29.386098,summer weekday,30.1
11524,2024-04-25 04:00:00.000,30.483159,summer weekday,30.1
11525,2024-04-25 05:00:00.000,32.784738,summer weekday,34.9
11526,2024-04-25 06:00:00.000,36.1096575,summer weekday,34.9
11527,2024-04-25 07:00:00.000,34.0679745,summer weekday,34.9
11528,2024-04-25 08:00:00.000,31.492754999999995,summer weekday,30.1
11529,2024-04-25 09:00:00.000,29.9821095,summer weekday,30.1
11530,2024-04-25 10:00:00.000,29.75595,summer weekday,30.1
11531,2024-04-25 11:00:00.000,29.221164,summer weekday,30.1
11532,2024-04-25 12:00:00.000,28.5651765,summer weekday,30.1
11533,2024-04-25 13:00:00.000,28.2827895,summer weekday,30.1
11534,2024-04-25 14:00:00.000,28.646394,summer weekday,30.1
11535,2024-04-25 15:00:00.000,29.082469499999995,summer weekday,30.1
11536,2024-04-25 16:00:00.000,29.965865999999995,summer weekday,30.1
11537,2024-04-25 17:00:00.000,31.876351499999995,summer weekday,30.1
11538,2024-04-25 18:00:00.000,37.61405549999999,summer weekday,34.9
11539,2024-04-25 19:00:00.000,39.0134955,summer weekday,34.9
11540,2024-04-25 20:00:00.000,34.1929245,summer weekday,34.9
11541,2024-04-25 21:00:00.000,31.3990425,summer weekday,30.1
11542,2024-04-25 22:00:00.000,29.948373,summer weekday,30.1
11543,2024-04-25 23:00:00.000,29.964616499999995,summer weekday,30.1
11544,2024-04-26 00:00:00.000,29.23116,summer weekday,30.1
11545,2024-04-26 01:00:00.000,29.318625,summer weekday,30.1
11546,2024-04-26 02:00:00.000,29.2399065,summer weekday,30.1
11547,2024-04-26 03:00:00.000,29.618504999999992,summer weekday,30.1
11548,2024-04-26 04:00:00.000,30.4419255,summer weekday,30.1
11549,2024-04-26 05:00:00.000,31.667684999999995,summer weekday,30.1
11550,2024-04-26 06:00:00.000,32.987157,summer weekday,34.9
11551,2024-04-26 07:00:00.000,31.987556999999992,summer weekday,30.1
11552,2024-04-26 08:00:00.000,30.115806,summer weekday,30.1
11553,2024-04-26 09:00:00.000,29.7072195,summer weekday,30.1
11554,2024-04-26 10:00:00.000,29.0999625,summer weekday,30.1
11555,2024-04-26 11:00:00.000,28.775092499999992,summer weekday,30.1
11556,2024-04-26 12:00:00.000,28.573923,summer weekday,30.1
11557,2024-04-26 13:00:00.000,28.1528415,summer weekday,30.1
11558,2024-04-26 14:00:00.000,28.721364,summer weekday,30.1
11559,2024-04-26 15:00:00.000,28.943774999999995,summer weekday,30.1
11560,2024-04-26 16:00:00.000,30.038336999999995,summer weekday,30.1
11561,2024-04-26 17:00:00.000,31.827621,summer weekday,30.1
11562,2024-04-26 18:00:00.000,36.465765,summer weekday,34.9
11563,2024-04-26 19:00:00.000,37.67528099999999,summer weekday,34.9
11564,2024-04-26 20:00:00.000,33.72935999999999,summer weekday,34.9
11565,2024-04-26 21:00:00.000,31.568974499999992,summer weekday,30.1
11566,2024-04-26 22:00:00.000,31.012947,summer weekday,30.1
11567,2024-04-26 23:00:00.000,31.2665955,summer weekday,30.1
11568,2024-04-27 00:00:00.000,31.092915,summer weekend,31.66
11569,2024-04-27 01:00:00.000,30.8042805,summer weekend,31.66
11570,2024-04-27 02:00:00.000,31.1091585,summer weekend,31.66
11571,2024-04-27 03:00:00.000,30.9417255,summer weekend,31.66
11572,2024-04-27 04:00:00.000,30.690576,summer weekend,31.66
11573,2024-04-27 05:00:00.000,30.740555999999994,summer weekend,31.66
11574,2024-04-27 06:00:00.000,29.860908,summer weekend,31.66
11575,2024-04-27 07:00:00.000,28.5626775,summer weekend,27.0
11576,2024-04-27 08:00:00.000,27.3656565,summer weekend,27.0
11577,2024-04-27 09:00:00.000,24.485558999999995,summer weekend,27.0
11578,2024-04-27 10:00:00.000,21.0381885,summer weekend,19.7
11579,2024-04-27 11:00:00.000,19.9886085,summer weekend,19.7
11580,2024-04-27 12:00:00.000,19.978077,summer weekend,19.7
11581,2024-04-27 13:00:00.000,19.98486,summer weekend,19.7
11582,2024-04-27 14:00:00.000,19.98486,summer weekend,19.7
11583,2024-04-27 15:00:00.000,22.477612499999992,summer weekend,19.7
11584,2024-04-27 16:00:00.000,27.754251,summer weekend,27.0
11585,2024-04-27 17:00:00.000,30.753051,summer weekend,31.66
11586,2024-04-27 18:00:00.000,34.966365,summer weekend,31.66
11587,2024-04-27 19:00:00.000,34.01299649999999,summer weekend,31.66
11588,2024-04-27 20:00:00.000,30.605609999999995,summer weekend,31.66
11589,2024-04-27 21:00:00.000,29.468564999999995,summer weekend,31.66
11590,2024-04-27 22:00:00.000,28.1353485,summer weekend,27.0
11591,2024-04-27 23:00:00.000,27.0307905,summer weekend,27.0
11592,2024-04-28 00:00:00.000,25.750053,summer weekend,27.0
11593,2024-04-28 01:00:00.000,24.93288,summer weekend,27.0
11594,2024-04-28 02:00:00.000,23.9270325,summer weekend,27.0
11595,2024-04-28 03:00:00.000,23.43348,summer weekend,27.0
11596,2024-04-28 04:00:00.000,23.2398075,summer weekend,19.7
11597,2024-04-28 05:00:00.000,21.224364,summer weekend,19.7
11598,2024-04-28 06:00:00.000,19.997355,summer weekend,19.7
11599,2024-04-28 07:00:00.000,19.9769465,summer weekend,19.7
11600,2024-04-28 08:00:00.000,19.869549,summer weekend,19.7
11601,2024-04-28 09:00:00.000,18.1048385,summer weekend,19.7
11602,2024-04-28 10:00:00.000,15.833664000000002,summer weekend,19.7
11603,2024-04-28 11:00:00.000,13.196207500000002,summer weekend,19.7
11604,2024-04-28 12:00:00.000,13.191685500000002,summer weekend,19.7
11605,2024-04-28 13:00:00.000,12.629827,summer weekend,19.7
11606,2024-04-28 14:00:00.000,14.057648500000004,summer weekend,19.7
11607,2024-04-28 15:00:00.000,17.3338375,summer weekend,19.7
11608,2024-04-28 16:00:00.000,19.982599,summer weekend,19.7
11609,2024-04-28 17:00:00.000,23.156091,summer weekend,19.7
11610,2024-04-28 18:00:00.000,28.651392,summer weekend,27.0
11611,2024-04-28 19:00:00.000,29.6622375,summer weekend,31.66
11612,2024-04-28 20:00:00.000,29.800931999999992,summer weekend,31.66
11613,2024-04-28 21:00:00.000,29.007499499999994,summer weekend,27.0
11614,2024-04-28 22:00:00.000,28.349013,summer weekend,27.0
11615,2024-04-28 23:00:00.000,27.875452499999994,summer weekend,27.0
11616,2024-04-29 00:00:00.000,27.488107499999995,summer weekday,25.44
11617,2024-04-29 01:00:00.000,27.3481635,summer weekday,25.44
11618,2024-04-29 02:00:00.000,27.789237,summer weekday,30.1
11619,2024-04-29 03:00:00.000,29.583519,summer weekday,30.1
11620,2024-04-29 04:00:00.000,30.628101,summer weekday,30.1
11621,2024-04-29 05:00:00.000,32.777241,summer weekday,34.9
11622,2024-04-29 06:00:00.000,34.72271249999999,summer weekday,34.9
11623,2024-04-29 07:00:00.000,32.5660755,summer weekday,34.9
11624,2024-04-29 08:00:00.000,29.3773515,summer weekday,30.1
11625,2024-04-29 09:00:00.000,27.383149499999995,summer weekday,25.44
11626,2024-04-29 10:00:00.000,24.540537,summer weekday,25.44
11627,2024-04-29 11:00:00.000,24.505551,summer weekday,25.44
11628,2024-04-29 12:00:00.000,24.4318305,summer weekday,25.44
11629,2024-04-29 13:00:00.000,24.1869285,summer weekday,25.44
11630,2024-04-29 14:00:00.000,24.4293315,summer weekday,25.44
11631,2024-04-29 15:00:00.000,25.942476,summer weekday,25.44
11632,2024-04-29 16:00:00.000,30.6993225,summer weekday,30.1
11633,2024-04-29 17:00:00.000,33.07087349999999,summer weekday,34.9
11634,2024-04-29 18:00:00.000,42.48085799999999,summer weekday,34.9
11635,2024-04-29 19:00:00.000,45.54588149999999,summer weekday,34.9
11636,2024-04-29 20:00:00.000,33.5481825,summer weekday,34.9
11637,2024-04-29 21:00:00.000,30.8917455,summer weekday,30.1
11638,2024-04-29 22:00:00.000,30.1245525,summer weekday,30.1
11639,2024-04-29 23:00:00.000,29.201172,summer weekday,30.1
11640,2024-04-30 00:00:00.000,28.3277715,summer weekday,30.1
11641,2024-04-30 01:00:00.000,28.7825895,summer weekday,30.1
11642,2024-04-30 02:00:00.000,28.731359999999995,summer weekday,30.1
11643,2024-04-30 03:00:00.000,28.731359999999995,summer weekday,30.1
11644,2024-04-30 04:00:00.000,29.827171499999995,summer weekday,30.1
11645,2024-04-30 05:00:00.000,31.8488625,summer weekday,30.1
11646,2024-04-30 06:00:00.000,32.7235125,summer weekday,34.9
11647,2024-04-30 07:00:00.000,31.037937,summer weekday,30.1
11648,2024-04-30 08:00:00.000,29.60601,summer weekday,30.1
11649,2024-04-30 09:00:00.000,27.739256999999995,summer weekday,25.44
11650,2024-04-30 10:00:00.000,25.870004999999995,summer weekday,25.44
11651,2024-04-30 11:00:00.000,23.489707499999994,summer weekday,25.44
11652,2024-04-30 12:00:00.000,21.396795,summer weekday,25.44
11653,2024-04-30 13:00:00.000,21.23436,summer weekday,25.44
11654,2024-04-30 14:00:00.000,22.376403,summer weekday,25.44
11655,2024-04-30 15:00:00.000,25.712568,summer weekday,25.44
11656,2024-04-30 16:00:00.000,28.3502625,summer weekday,30.1
11657,2024-04-30 17:00:00.000,30.75555,summer weekday,30.1
11658,2024-04-30 18:00:00.000,35.230009499999994,summer weekday,34.9
11659,2024-04-30 19:00:00.000,36.5294895,summer weekday,34.9
11660,2024-04-30 20:00:00.000,31.0266915,summer weekday,30.1
11661,2024-04-30 21:00:00.000,29.7272115,summer weekday,30.1
11662,2024-04-30 22:00:00.000,29.442325499999995,summer weekday,30.1
11663,2024-04-30 23:00:00.000,28.3327695,summer weekday,30.1
11664,2024-05-01 00:00:00.000,26.8683555,summer weekend,27.0
11665,2024-05-01 01:00:00.000,26.2710945,summer weekend,27.0
11666,2024-05-01 02:00:00.000,25.481410499999992,summer weekend,27.0
11667,2024-05-01 03:00:00.000,25.9587195,summer weekend,27.0
11668,2024-05-01 04:00:00.000,25.5688755,summer weekend,27.0
11669,2024-05-01 05:00:00.000,25.292735999999994,summer weekend,27.0
11670,2024-05-01 06:00:00.000,23.493455999999995,summer weekend,27.0
11671,2024-05-01 07:00:00.000,21.0406875,summer weekend,19.7
11672,2024-05-01 08:00:00.000,19.9861095,summer weekend,19.7
11673,2024-05-01 09:00:00.000,19.8752015,summer weekend,19.7
11674,2024-05-01 10:00:00.000,15.4572075,summer weekend,19.7
11675,2024-05-01 11:00:00.000,9.595564999999995,summer weekend,19.7
11676,2024-05-01 12:00:00.000,6.41886,summer weekend,19.7
11677,2024-05-01 13:00:00.000,6.4109465,summer weekend,19.7
11678,2024-05-01 14:00:00.000,10.943121,summer weekend,19.7
11679,2024-05-01 15:00:00.000,16.592229500000002,summer weekend,19.7
11680,2024-05-01 16:00:00.000,19.855983,summer weekend,19.7
11681,2024-05-01 17:00:00.000,21.899093999999995,summer weekend,19.7
11682,2024-05-01 18:00:00.000,26.28234,summer weekend,27.0
11683,2024-05-01 19:00:00.000,26.23236,summer weekend,27.0
11684,2024-05-01 20:00:00.000,24.234409499999995,summer weekend,27.0
11685,2024-05-01 21:00:00.000,23.723364,summer weekend,27.0
11686,2024-05-01 22:00:00.000,22.73376,summer weekend,19.7
11687,2024-05-01 23:00:00.000,21.804132,summer weekend,19.7
11688,2024-05-02 00:00:00.000,21.351813,summer weekday,25.44
11689,2024-05-02 01:00:00.000,21.23436,summer weekday,25.44
11690,2024-05-02 02:00:00.000,20.95947,summer weekday,25.44
11691,2024-05-02 03:00:00.000,21.3130785,summer weekday,25.44
11692,2024-05-02 04:00:00.000,23.990756999999995,summer weekday,25.44
11693,2024-05-02 05:00:00.000,29.071224,summer weekday,30.1
11694,2024-05-02 06:00:00.000,29.765946,summer weekday,30.1
11695,2024-05-02 07:00:00.000,27.844215,summer weekday,30.1
11696,2024-05-02 08:00:00.000,23.914537499999994,summer weekday,25.44
11697,2024-05-02 09:00:00.000,20.622105,summer weekday,25.44
11698,2024-05-02 10:00:00.000,19.975816,summer weekday,25.44
11699,2024-05-02 11:00:00.000,19.7892835,summer weekday,25.44
11700,2024-05-02 12:00:00.000,19.5111805,summer weekday,25.44
11701,2024-05-02 13:00:00.000,19.9792075,summer weekday,25.44
11702,2024-05-02 14:00:00.000,19.8277205,summer weekday,25.44
11703,2024-05-02 15:00:00.000,20.489658,summer weekday,25.44
11704,2024-05-02 16:00:00.000,26.877102,summer weekday,25.44
11705,2024-05-02 17:00:00.000,30.133299,summer weekday,30.1
11706,2024-05-02 18:00:00.000,30.975462,summer weekday,30.1
11707,2024-05-02 19:00:00.000,30.623103,summer weekday,30.1
11708,2024-05-02 20:00:00.000,30.2694945,summer weekday,30.1
11709,2024-05-02 21:00:00.000,29.757199499999995,summer weekday,30.1
11710,2024-05-02 22:00:00.000,28.858809,summer weekday,30.1
11711,2024-05-02 23:00:00.000,27.719265,summer weekday,25.44
11712,2024-05-03 00:00:00.000,27.374403,summer weekday,25.44
11713,2024-05-03 01:00:00.000,27.2257125,summer weekday,25.44
11714,2024-05-03 02:00:00.000,27.294435,summer weekday,25.44
11715,2024-05-03 03:00:00.000,27.374403,summer weekday,25.44
11716,2024-05-03 04:00:00.000,28.627651499999995,summer weekday,30.1
11717,2024-05-03 05:00:00.000,30.450672,summer weekday,30.1
11718,2024-05-03 06:00:00.000,30.6643365,summer weekday,30.1
11719,2024-05-03 07:00:00.000,31.518994499999994,summer weekday,30.1
11720,2024-05-03 08:00:00.000,31.0116975,summer weekday,30.1
11721,2024-05-03 09:00:00.000,29.724712499999995,summer weekday,30.1
11722,2024-05-03 10:00:00.000,29.053731,summer weekday,30.1
11723,2024-05-03 11:00:00.000,27.995404499999992,summer weekday,30.1
11724,2024-05-03 12:00:00.000,27.3981435,summer weekday,25.44
11725,2024-05-03 13:00:00.000,27.488107499999995,summer weekday,25.44
11726,2024-05-03 14:00:00.000,28.067875499999992,summer weekday,30.1
11727,2024-05-03 15:00:00.000,29.017495499999995,summer weekday,30.1
11728,2024-05-03 16:00:00.000,29.9246325,summer weekday,30.1
11729,2024-05-03 17:00:00.000,31.0916655,summer weekday,30.1
11730,2024-05-03 18:00:00.000,33.16583549999999,summer weekday,34.9
11731,2024-05-03 19:00:00.000,34.971363,summer weekday,34.9
11732,2024-05-03 20:00:00.000,33.473212499999995,summer weekday,34.9
11733,2024-05-03 21:00:00.000,31.662687,summer weekday,30.1
11734,2024-05-03 22:00:00.000,30.675582,summer weekday,30.1
11735,2024-05-03 23:00:00.000,31.33032,summer weekday,30.1
11736,2024-05-04 00:00:00.000,30.954220499999995,summer weekend,31.66
11737,2024-05-04 01:00:00.000,30.763047,summer weekend,31.66
11738,2024-05-04 02:00:00.000,30.945474,summer weekend,31.66
11739,2024-05-04 03:00:00.000,31.310327999999995,summer weekend,31.66
11740,2024-05-04 04:00:00.000,32.272443,summer weekend,31.66
11741,2024-05-04 05:00:00.000,31.7539005,summer weekend,31.66
11742,2024-05-04 06:00:00.000,31.232859,summer weekend,31.66
11743,2024-05-04 07:00:00.000,29.790935999999995,summer weekend,31.66
11744,2024-05-04 08:00:00.000,27.779240999999995,summer weekend,27.0
11745,2024-05-04 09:00:00.000,25.1290515,summer weekend,27.0
11746,2024-05-04 10:00:00.000,23.88080099999999,summer weekend,27.0
11747,2024-05-04 11:00:00.000,23.09986349999999,summer weekend,19.7
11748,2024-05-04 12:00:00.000,21.800383499999995,summer weekend,19.7
11749,2024-05-04 13:00:00.000,21.651693,summer weekend,19.7
11750,2024-05-04 14:00:00.000,23.2373085,summer weekend,19.7
11751,2024-05-04 15:00:00.000,27.934179,summer weekend,27.0
11752,2024-05-04 16:00:00.000,29.900892,summer weekend,31.66
11753,2024-05-04 17:00:00.000,32.2312095,summer weekend,31.66
11754,2024-05-04 18:00:00.000,35.21876399999999,summer weekend,31.66
11755,2024-05-04 19:00:00.000,36.90309,summer weekend,31.66
11756,2024-05-04 20:00:00.000,34.174181999999995,summer weekend,31.66
11757,2024-05-04 21:00:00.000,31.262847,summer weekend,31.66
11758,2024-05-04 22:00:00.000,30.43068,summer weekend,31.66
11759,2024-05-04 23:00:00.000,31.302831,summer weekend,31.66
11760,2024-05-05 00:00:00.000,30.583119,summer weekend,31.66
11761,2024-05-05 01:00:00.000,30.420683999999994,summer weekend,31.66
11762,2024-05-05 02:00:00.000,30.042085499999992,summer weekend,31.66
11763,2024-05-05 03:00:00.000,29.323623,summer weekend,27.0
11764,2024-05-05 04:00:00.000,28.872553499999995,summer weekend,27.0
11765,2024-05-05 05:00:00.000,27.751752,summer weekend,27.0
11766,2024-05-05 06:00:00.000,26.867106,summer weekend,27.0
11767,2024-05-05 07:00:00.000,25.1490435,summer weekend,27.0
11768,2024-05-05 08:00:00.000,23.248553999999995,summer weekend,19.7
11769,2024-05-05 09:00:00.000,21.0906675,summer weekend,19.7
11770,2024-05-05 10:00:00.000,20.039838,summer weekend,19.7
11771,2024-05-05 11:00:00.000,19.98486,summer weekend,19.7
11772,2024-05-05 12:00:00.000,19.980338,summer weekend,19.7
11773,2024-05-05 13:00:00.000,19.8752015,summer weekend,19.7
11774,2024-05-05 14:00:00.000,19.973555,summer weekend,19.7
11775,2024-05-05 15:00:00.000,19.98486,summer weekend,19.7
11776,2024-05-05 16:00:00.000,23.983259999999994,summer weekend,27.0
11777,2024-05-05 17:00:00.000,30.793035,summer weekend,31.66
11778,2024-05-05 18:00:00.000,32.010048,summer weekend,31.66
11779,2024-05-05 19:00:00.000,33.969263999999995,summer weekend,31.66
11780,2024-05-05 20:00:00.000,33.4207335,summer weekend,31.66
11781,2024-05-05 21:00:00.000,32.32242299999999,summer weekend,31.66
11782,2024-05-05 22:00:00.000,31.0641765,summer weekend,31.66
11783,2024-05-05 23:00:00.000,30.338217,summer weekend,31.66
11784,2024-05-06 00:00:00.000,29.929630499999995,summer weekday,30.1
11785,2024-05-06 01:00:00.000,30.0320895,summer weekday,30.1
11786,2024-05-06 02:00:00.000,29.974612499999992,summer weekday,30.1
11787,2024-05-06 03:00:00.000,30.1920255,summer weekday,30.1
11788,2024-05-06 04:00:00.000,31.077921,summer weekday,30.1
11789,2024-05-06 05:00:00.000,33.3657555,summer weekday,34.9
11790,2024-05-06 06:00:00.000,36.26084699999999,summer weekday,34.9
11791,2024-05-06 07:00:00.000,32.64854249999999,summer weekday,34.9
11792,2024-05-06 08:00:00.000,31.10541,summer weekday,30.1
11793,2024-05-06 09:00:00.000,30.119554499999992,summer weekday,30.1
11794,2024-05-06 10:00:00.000,29.509798499999995,summer weekday,30.1
11795,2024-05-06 11:00:00.000,29.513547,summer weekday,30.1
11796,2024-05-06 12:00:00.000,29.3198745,summer weekday,30.1
11797,2024-05-06 13:00:00.000,29.3423655,summer weekday,30.1
11798,2024-05-06 14:00:00.000,30.119554499999992,summer weekday,30.1
11799,2024-05-06 15:00:00.000,30.183278999999995,summer weekday,30.1
11800,2024-05-06 16:00:00.000,31.650192,summer weekday,30.1
11801,2024-05-06 17:00:00.000,33.52569149999999,summer weekday,34.9
11802,2024-05-06 18:00:00.000,37.0592775,summer weekday,34.9
11803,2024-05-06 19:00:00.000,37.9764105,summer weekday,34.9
11804,2024-05-06 20:00:00.000,33.476961,summer weekday,34.9
11805,2024-05-06 21:00:00.000,31.802630999999995,summer weekday,30.1
11806,2024-05-06 22:00:00.000,30.533138999999995,summer weekday,30.1
11807,2024-05-06 23:00:00.000,30.1970235,summer weekday,30.1
11808,2024-05-07 00:00:00.000,29.8771515,summer weekday,30.1
11809,2024-05-07 01:00:00.000,29.6347485,summer weekday,30.1
11810,2024-05-07 02:00:00.000,29.9796105,summer weekday,30.1
11811,2024-05-07 03:00:00.000,29.990856,summer weekday,30.1
11812,2024-05-07 04:00:00.000,30.238257,summer weekday,30.1
11813,2024-05-07 05:00:00.000,32.334918,summer weekday,30.1
11814,2024-05-07 06:00:00.000,35.191275,summer weekday,34.9
11815,2024-05-07 07:00:00.000,34.061727,summer weekday,34.9
11816,2024-05-07 08:00:00.000,31.4490225,summer weekday,30.1
11817,2024-05-07 09:00:00.000,30.6318495,summer weekday,30.1
11818,2024-05-07 10:00:00.000,30.115806,summer weekday,30.1
11819,2024-05-07 11:00:00.000,29.3223735,summer weekday,30.1
11820,2024-05-07 12:00:00.000,28.7850885,summer weekday,30.1
11821,2024-05-07 13:00:00.000,28.1728335,summer weekday,30.1
11822,2024-05-07 14:00:00.000,29.2374075,summer weekday,30.1
11823,2024-05-07 15:00:00.000,30.370704,summer weekday,30.1
11824,2024-05-07 16:00:00.000,31.332819,summer weekday,30.1
11825,2024-05-07 17:00:00.000,33.212067,summer weekday,34.9
11826,2024-05-07 18:00:00.000,36.7094175,summer weekday,34.9
11827,2024-05-07 19:00:00.000,38.8585575,summer weekday,34.9
11828,2024-05-07 20:00:00.000,35.233758,summer weekday,34.9
11829,2024-05-07 21:00:00.000,32.692274999999995,summer weekday,34.9
11830,2024-05-07 22:00:00.000,31.007949,summer weekday,30.1
11831,2024-05-07 23:00:00.000,30.4769115,summer weekday,30.1
11832,2024-05-08 00:00:00.000,30.085818,summer weekday,30.1
11833,2024-05-08 01:00:00.000,30.090816,summer weekday,30.1
11834,2024-05-08 02:00:00.000,30.289486499999995,summer weekday,30.1
11835,2024-05-08 03:00:00.000,30.290735999999995,summer weekday,30.1
11836,2024-05-08 04:00:00.000,31.179130499999992,summer weekday,30.1
11837,2024-05-08 05:00:00.000,33.414486,summer weekday,34.9
11838,2024-05-08 06:00:00.000,34.84891199999999,summer weekday,34.9
11839,2024-05-08 07:00:00.000,33.744353999999994,summer weekday,34.9
11840,2024-05-08 08:00:00.000,31.5314895,summer weekday,30.1
11841,2024-05-08 09:00:00.000,30.65559,summer weekday,30.1
11842,2024-05-08 10:00:00.000,29.915886,summer weekday,30.1
11843,2024-05-08 11:00:00.000,29.0974635,summer weekday,30.1
11844,2024-05-08 12:00:00.000,28.5801705,summer weekday,30.1
11845,2024-05-08 13:00:00.000,28.304030999999995,summer weekday,30.1
11846,2024-05-08 14:00:00.000,28.3502625,summer weekday,30.1
11847,2024-05-08 15:00:00.000,29.446074,summer weekday,30.1
11848,2024-05-08 16:00:00.000,31.367805,summer weekday,30.1
11849,2024-05-08 17:00:00.000,33.292035,summer weekday,34.9
11850,2024-05-08 18:00:00.000,35.920983,summer weekday,34.9
11851,2024-05-08 19:00:00.000,36.780639,summer weekday,34.9
11852,2024-05-08 20:00:00.000,34.310377499999994,summer weekday,34.9
11853,2024-05-08 21:00:00.000,32.047532999999994,summer weekday,30.1
11854,2024-05-08 22:00:00.000,30.975462,summer weekday,30.1
11855,2024-05-08 23:00:00.000,30.93048,summer weekday,30.1
11856,2024-05-09 00:00:00.000,30.987957,summer weekend,31.66
11857,2024-05-09 01:00:00.000,30.3519615,summer weekend,31.66
11858,2024-05-09 02:00:00.000,30.349462499999994,summer weekend,31.66
11859,2024-05-09 03:00:00.000,31.0841685,summer weekend,31.66
11860,2024-05-09 04:00:00.000,31.279090499999995,summer weekend,31.66
11861,2024-05-09 05:00:00.000,30.99670349999999,summer weekend,31.66
11862,2024-05-09 06:00:00.000,30.0620775,summer weekend,31.66
11863,2024-05-09 07:00:00.000,28.1728335,summer weekend,27.0
11864,2024-05-09 08:00:00.000,22.901193,summer weekend,19.7
11865,2024-05-09 09:00:00.000,20.6183565,summer weekend,19.7
11866,2024-05-09 10:00:00.000,19.926074,summer weekend,19.7
11867,2024-05-09 11:00:00.000,19.885376,summer weekend,19.7
11868,2024-05-09 12:00:00.000,19.8322425,summer weekend,19.7
11869,2024-05-09 13:00:00.000,19.7553685,summer weekend,19.7
11870,2024-05-09 14:00:00.000,19.8797235,summer weekend,19.7
11871,2024-05-09 15:00:00.000,20.069826,summer weekend,19.7
11872,2024-05-09 16:00:00.000,28.041636,summer weekend,27.0
11873,2024-05-09 17:00:00.000,31.195374,summer weekend,31.66
11874,2024-05-09 18:00:00.000,33.4607175,summer weekend,31.66
11875,2024-05-09 19:00:00.000,36.5769705,summer weekend,31.66
11876,2024-05-09 20:00:00.000,35.437426499999994,summer weekend,31.66
11877,2024-05-09 21:00:00.000,32.472362999999994,summer weekend,31.66
11878,2024-05-09 22:00:00.000,30.9492225,summer weekend,31.66
11879,2024-05-09 23:00:00.000,31.496503499999992,summer weekend,31.66
11880,2024-05-10 00:00:00.000,30.5968635,summer weekend,31.66
11881,2024-05-10 01:00:00.000,29.614756499999995,summer weekend,31.66
11882,2024-05-10 02:00:00.000,29.291136,summer weekend,27.0
11883,2024-05-10 03:00:00.000,29.328620999999995,summer weekend,27.0
11884,2024-05-10 04:00:00.000,31.2865875,summer weekend,31.66
11885,2024-05-10 05:00:00.000,34.379099999999994,summer weekend,31.66
11886,2024-05-10 06:00:00.000,33.66313649999999,summer weekend,31.66
11887,2024-05-10 07:00:00.000,31.93008,summer weekend,31.66
11888,2024-05-10 08:00:00.000,28.405240499999994,summer weekend,27.0
11889,2024-05-10 09:00:00.000,22.588818,summer weekend,19.7
11890,2024-05-10 10:00:00.000,20.3434665,summer weekend,19.7
11891,2024-05-10 11:00:00.000,20.049834,summer weekend,19.7
11892,2024-05-10 12:00:00.000,19.987359,summer weekend,19.7
11893,2024-05-10 13:00:00.000,19.987359,summer weekend,19.7
11894,2024-05-10 14:00:00.000,22.536338999999995,summer weekend,19.7
11895,2024-05-10 15:00:00.000,28.164086999999995,summer weekend,27.0
11896,2024-05-10 16:00:00.000,30.715565999999992,summer weekend,31.66
11897,2024-05-10 17:00:00.000,33.21831449999999,summer weekend,31.66
11898,2024-05-10 18:00:00.000,37.010547,summer weekend,31.66
11899,2024-05-10 19:00:00.000,41.31632399999999,summer weekend,31.66
11900,2024-05-10 20:00:00.000,37.0167945,summer weekend,31.66
11901,2024-05-10 21:00:00.000,33.08836649999999,summer weekend,31.66
11902,2024-05-10 22:00:00.000,31.500252,summer weekend,31.66
11903,2024-05-10 23:00:00.000,32.075022,summer weekend,31.66
11904,2024-05-11 00:00:00.000,31.752651,summer weekend,31.66
11905,2024-05-11 01:00:00.000,31.234108499999994,summer weekend,31.66
11906,2024-05-11 02:00:00.000,31.1166555,summer weekend,31.66
11907,2024-05-11 03:00:00.000,31.2191145,summer weekend,31.66
11908,2024-05-11 04:00:00.000,31.317825,summer weekend,31.66
11909,2024-05-11 05:00:00.000,30.820523999999995,summer weekend,31.66
11910,2024-05-11 06:00:00.000,29.960867999999994,summer weekend,31.66
11911,2024-05-11 07:00:00.000,27.0407865,summer weekend,27.0
11912,2024-05-11 08:00:00.000,20.83452,summer weekend,19.7
11913,2024-05-11 09:00:00.000,19.98486,summer weekend,19.7
11914,2024-05-11 10:00:00.000,18.8012265,summer weekend,19.7
11915,2024-05-11 11:00:00.000,17.587069500000002,summer weekend,19.7
11916,2024-05-11 12:00:00.000,17.4988905,summer weekend,19.7
11917,2024-05-11 13:00:00.000,17.2456585,summer weekend,19.7
11918,2024-05-11 14:00:00.000,18.689307000000003,summer weekend,19.7
11919,2024-05-11 15:00:00.000,19.9385095,summer weekend,19.7
11920,2024-05-11 16:00:00.000,24.0794715,summer weekend,27.0
11921,2024-05-11 17:00:00.000,30.209518499999994,summer weekend,31.66
11922,2024-05-11 18:00:00.000,32.689775999999995,summer weekend,31.66
11923,2024-05-11 19:00:00.000,35.29123499999999,summer weekend,31.66
11924,2024-05-11 20:00:00.000,32.914686,summer weekend,31.66
11925,2024-05-11 21:00:00.000,30.763047,summer weekend,31.66
11926,2024-05-11 22:00:00.000,28.5276915,summer weekend,27.0
11927,2024-05-11 23:00:00.000,28.1678355,summer weekend,27.0
11928,2024-05-12 00:00:00.000,26.794635,summer weekend,27.0
11929,2024-05-12 01:00:00.000,25.54763399999999,summer weekend,27.0
11930,2024-05-12 02:00:00.000,25.135299,summer weekend,27.0
11931,2024-05-12 03:00:00.000,25.7737935,summer weekend,27.0
11932,2024-05-12 04:00:00.000,25.420185,summer weekend,27.0
11933,2024-05-12 05:00:00.000,22.185229499999995,summer weekend,19.7
11934,2024-05-12 06:00:00.000,20.5833705,summer weekend,19.7
11935,2024-05-12 07:00:00.000,20.2784925,summer weekend,19.7
11936,2024-05-12 08:00:00.000,19.66832,summer weekend,19.7
11937,2024-05-12 09:00:00.000,17.158610000000003,summer weekend,19.7
11938,2024-05-12 10:00:00.000,12.112057999999998,summer weekend,19.7
11939,2024-05-12 11:00:00.000,8.673077,summer weekend,19.7
11940,2024-05-12 12:00:00.000,4.672237500000002,summer weekend,19.7
11941,2024-05-12 13:00:00.000,4.966167499999999,summer weekend,19.7
11942,2024-05-12 14:00:00.000,10.366566,summer weekend,19.7
11943,2024-05-12 15:00:00.000,16.59336,summer weekend,19.7
11944,2024-05-12 16:00:00.000,19.8345035,summer weekend,19.7
11945,2024-05-12 17:00:00.000,22.796235,summer weekend,19.7
11946,2024-05-12 18:00:00.000,28.473963,summer weekend,27.0
11947,2024-05-12 19:00:00.000,29.448573,summer weekend,31.66
11948,2024-05-12 20:00:00.000,27.264447,summer weekend,27.0
11949,2024-05-12 21:00:00.000,25.55763,summer weekend,27.0
11950,2024-05-12 22:00:00.000,24.4343295,summer weekend,27.0
11951,2024-05-12 23:00:00.000,23.338518,summer weekend,19.7
11952,2024-05-13 00:00:00.000,23.218565999999992,summer weekday,25.44
11953,2024-05-13 01:00:00.000,23.1973245,summer weekday,25.44
11954,2024-05-13 02:00:00.000,23.071124999999995,summer weekday,25.44
11955,2024-05-13 03:00:00.000,23.358509999999995,summer weekday,25.44
11956,2024-05-13 04:00:00.000,24.942875999999995,summer weekday,25.44
11957,2024-05-13 05:00:00.000,29.9771115,summer weekday,30.1
11958,2024-05-13 06:00:00.000,33.30453,summer weekday,34.9
11959,2024-05-13 07:00:00.000,29.78968649999999,summer weekday,30.1
11960,2024-05-13 08:00:00.000,25.4214345,summer weekday,25.44
11961,2024-05-13 09:00:00.000,21.281841,summer weekday,25.44
11962,2024-05-13 10:00:00.000,19.8752015,summer weekday,25.44
11963,2024-05-13 11:00:00.000,19.6807555,summer weekday,25.44
11964,2024-05-13 12:00:00.000,19.7282365,summer weekday,25.44
11965,2024-05-13 13:00:00.000,19.706757,summer weekday,25.44
11966,2024-05-13 14:00:00.000,19.9023335,summer weekday,25.44
11967,2024-05-13 15:00:00.000,19.9936065,summer weekday,25.44
11968,2024-05-13 16:00:00.000,26.858359499999995,summer weekday,25.44
11969,2024-05-13 17:00:00.000,30.370704,summer weekday,30.1
11970,2024-05-13 18:00:00.000,38.25005099999999,summer weekday,34.9
11971,2024-05-13 19:00:00.000,37.35291,summer weekday,34.9
11972,2024-05-13 20:00:00.000,31.067924999999995,summer weekday,30.1
11973,2024-05-13 21:00:00.000,28.6751325,summer weekday,30.1
11974,2024-05-13 22:00:00.000,26.569724999999995,summer weekday,25.44
11975,2024-05-13 23:00:00.000,26.054931,summer weekday,25.44
11976,2024-05-14 00:00:00.000,25.4114385,summer weekday,25.44
11977,2024-05-14 01:00:00.000,24.4018425,summer weekday,25.44
11978,2024-05-14 02:00:00.000,24.243155999999992,summer weekday,25.44
11979,2024-05-14 03:00:00.000,23.594665499999994,summer weekday,25.44
11980,2024-05-14 04:00:00.000,26.5259925,summer weekday,25.44
11981,2024-05-14 05:00:00.000,28.966266,summer weekday,30.1
11982,2024-05-14 06:00:00.000,29.647243499999995,summer weekday,30.1
11983,2024-05-14 07:00:00.000,26.419785,summer weekday,25.44
11984,2024-05-14 08:00:00.000,20.689578,summer weekday,25.44
11985,2024-05-14 09:00:00.000,19.7214535,summer weekday,25.44
11986,2024-05-14 10:00:00.000,18.727744,summer weekday,25.44
11987,2024-05-14 11:00:00.000,15.8777535,summer weekday,25.44
11988,2024-05-14 12:00:00.000,15.129362500000004,summer weekday,25.44
11989,2024-05-14 13:00:00.000,15.501297,summer weekday,25.44
11990,2024-05-14 14:00:00.000,17.739687,summer weekday,25.44
11991,2024-05-14 15:00:00.000,19.6536235,summer weekday,25.44
11992,2024-05-14 16:00:00.000,19.980338,summer weekday,25.44
11993,2024-05-14 17:00:00.000,25.450173,summer weekday,25.44
11994,2024-05-14 18:00:00.000,30.468165,summer weekday,30.1
11995,2024-05-14 19:00:00.000,31.663936499999995,summer weekday,30.1
11996,2024-05-14 20:00:00.000,29.5322895,summer weekday,30.1
11997,2024-05-14 21:00:00.000,25.651342499999995,summer weekday,25.44
11998,2024-05-14 22:00:00.000,23.4472245,summer weekday,25.44
11999,2024-05-14 23:00:00.000,23.803332,summer weekday,25.44
12000,2024-05-15 00:00:00.000,24.025743,summer weekday,25.44
12001,2024-05-15 01:00:00.000,24.905390999999995,summer weekday,25.44
12002,2024-05-15 02:00:00.000,25.20777,summer weekday,25.44
12003,2024-05-15 03:00:00.000,24.727962,summer weekday,25.44
12004,2024-05-15 04:00:00.000,26.5909665,summer weekday,25.44
12005,2024-05-15 05:00:00.000,30.606859499999995,summer weekday,30.1
12006,2024-05-15 06:00:00.000,31.000452,summer weekday,30.1
12007,2024-05-15 07:00:00.000,30.5368875,summer weekday,30.1
12008,2024-05-15 08:00:00.000,26.034939,summer weekday,25.44
12009,2024-05-15 09:00:00.000,20.904492,summer weekday,25.44
12010,2024-05-15 10:00:00.000,19.975816,summer weekday,25.44
12011,2024-05-15 11:00:00.000,18.8600125,summer weekday,25.44
12012,2024-05-15 12:00:00.000,18.720961,summer weekday,25.44
12013,2024-05-15 13:00:00.000,18.8645345,summer weekday,25.44
12014,2024-05-15 14:00:00.000,19.9746855,summer weekday,25.44
12015,2024-05-15 15:00:00.000,20.2010235,summer weekday,25.44
12016,2024-05-15 16:00:00.000,23.77459349999999,summer weekday,25.44
12017,2024-05-15 17:00:00.000,29.188676999999995,summer weekday,30.1
12018,2024-05-15 18:00:00.000,32.634798,summer weekday,34.9
12019,2024-05-15 19:00:00.000,33.754349999999995,summer weekday,34.9
12020,2024-05-15 20:00:00.000,30.455669999999994,summer weekday,30.1
12021,2024-05-15 21:00:00.000,27.936678,summer weekday,30.1
12022,2024-05-15 22:00:00.000,26.0661765,summer weekday,25.44
12023,2024-05-15 23:00:00.000,26.374803,summer weekday,25.44
12024,2024-05-16 00:00:00.000,25.952472,summer weekday,25.44
12025,2024-05-16 01:00:00.000,24.935379,summer weekday,25.44
12026,2024-05-16 02:00:00.000,26.1686355,summer weekday,25.44
12027,2024-05-16 03:00:00.000,25.537638,summer weekday,25.44
12028,2024-05-16 04:00:00.000,27.169485,summer weekday,25.44
12029,2024-05-16 05:00:00.000,30.149542499999995,summer weekday,30.1
12030,2024-05-16 06:00:00.000,31.9563195,summer weekday,30.1
12031,2024-05-16 07:00:00.000,30.353211,summer weekday,30.1
12032,2024-05-16 08:00:00.000,26.619705,summer weekday,25.44
12033,2024-05-16 09:00:00.000,21.421785,summer weekday,25.44
12034,2024-05-16 10:00:00.000,19.994856,summer weekday,25.44
12035,2024-05-16 11:00:00.000,19.982599,summer weekday,25.44
12036,2024-05-16 12:00:00.000,19.9045945,summer weekday,25.44
12037,2024-05-16 13:00:00.000,19.966772,summer weekday,25.44
12038,2024-05-16 14:00:00.000,19.9861095,summer weekday,25.44
12039,2024-05-16 15:00:00.000,21.23436,summer weekday,25.44
12040,2024-05-16 16:00:00.000,25.6013625,summer weekday,25.44
12041,2024-05-16 17:00:00.000,29.351112,summer weekday,30.1
12042,2024-05-16 18:00:00.000,31.987556999999992,summer weekday,30.1
12043,2024-05-16 19:00:00.000,33.71811449999999,summer weekday,34.9
12044,2024-05-16 20:00:00.000,30.966715499999992,summer weekday,30.1
12045,2024-05-16 21:00:00.000,30.3019815,summer weekday,30.1
12046,2024-05-16 22:00:00.000,28.628901,summer weekday,30.1
12047,2024-05-16 23:00:00.000,28.671384,summer weekday,30.1
12048,2024-05-17 00:00:00.000,27.881699999999995,summer weekday,30.1
12049,2024-05-17 01:00:00.000,27.884198999999995,summer weekday,30.1
12050,2024-05-17 02:00:00.000,27.791736,summer weekday,30.1
12051,2024-05-17 03:00:00.000,28.0303905,summer weekday,30.1
12052,2024-05-17 04:00:00.000,27.886698,summer weekday,30.1
12053,2024-05-17 05:00:00.000,30.4469235,summer weekday,30.1
12054,2024-05-17 06:00:00.000,32.472362999999994,summer weekday,30.1
12055,2024-05-17 07:00:00.000,31.8188745,summer weekday,30.1
12056,2024-05-17 08:00:00.000,29.218664999999994,summer weekday,30.1
12057,2024-05-17 09:00:00.000,28.039137,summer weekday,30.1
12058,2024-05-17 10:00:00.000,27.1582395,summer weekday,25.44
12059,2024-05-17 11:00:00.000,24.7467045,summer weekday,25.44
12060,2024-05-17 12:00:00.000,23.513448,summer weekday,25.44
12061,2024-05-17 13:00:00.000,23.93328,summer weekday,25.44
12062,2024-05-17 14:00:00.000,24.670485,summer weekday,25.44
12063,2024-05-17 15:00:00.000,26.4935055,summer weekday,25.44
12064,2024-05-17 16:00:00.000,28.798832999999995,summer weekday,30.1
12065,2024-05-17 17:00:00.000,28.716366,summer weekday,30.1
12066,2024-05-17 18:00:00.000,31.8488625,summer weekday,30.1
12067,2024-05-17 19:00:00.000,33.471962999999995,summer weekday,34.9
12068,2024-05-17 20:00:00.000,31.882598999999995,summer weekday,30.1
12069,2024-05-17 21:00:00.000,31.1541405,summer weekday,30.1
12070,2024-05-17 22:00:00.000,30.0620775,summer weekday,30.1
12071,2024-05-17 23:00:00.000,28.4252325,summer weekday,30.1
12072,2024-05-18 00:00:00.000,27.9329295,summer weekend,27.0
12073,2024-05-18 01:00:00.000,27.959169,summer weekend,27.0
12074,2024-05-18 02:00:00.000,28.129100999999995,summer weekend,27.0
12075,2024-05-18 03:00:00.000,28.6076595,summer weekend,27.0
12076,2024-05-18 04:00:00.000,29.044984499999995,summer weekend,27.0
12077,2024-05-18 05:00:00.000,28.963767,summer weekend,27.0
12078,2024-05-18 06:00:00.000,28.7800905,summer weekend,27.0
12079,2024-05-18 07:00:00.000,27.964167,summer weekend,27.0
12080,2024-05-18 08:00:00.000,25.902491999999995,summer weekend,27.0
12081,2024-05-18 09:00:00.000,21.1631385,summer weekend,19.7
12082,2024-05-18 10:00:00.000,20.0735745,summer weekend,19.7
12083,2024-05-18 11:00:00.000,19.982599,summer weekend,19.7
12084,2024-05-18 12:00:00.000,19.837895,summer weekend,19.7
12085,2024-05-18 13:00:00.000,19.6694505,summer weekend,19.7
12086,2024-05-18 14:00:00.000,19.767804,summer weekend,19.7
12087,2024-05-18 15:00:00.000,19.980338,summer weekend,19.7
12088,2024-05-18 16:00:00.000,26.314827,summer weekend,27.0
12089,2024-05-18 17:00:00.000,30.2195145,summer weekend,31.66
12090,2024-05-18 18:00:00.000,33.72186299999999,summer weekend,31.66
12091,2024-05-18 19:00:00.000,36.435777,summer weekend,31.66
12092,2024-05-18 20:00:00.000,35.326221,summer weekend,31.66
12093,2024-05-18 21:00:00.000,32.045033999999994,summer weekend,31.66
12094,2024-05-18 22:00:00.000,30.80553,summer weekend,31.66
12095,2024-05-18 23:00:00.000,31.316575499999995,summer weekend,31.66
12096,2024-05-19 00:00:00.000,31.112907,summer weekend,31.66
12097,2024-05-19 01:00:00.000,31.062926999999995,summer weekend,31.66
12098,2024-05-19 02:00:00.000,30.8442645,summer weekend,31.66
12099,2024-05-19 03:00:00.000,30.746803499999995,summer weekend,31.66
12100,2024-05-19 04:00:00.000,30.050832,summer weekend,31.66
12101,2024-05-19 05:00:00.000,29.4273315,summer weekend,31.66
12102,2024-05-19 06:00:00.000,28.761347999999995,summer weekend,27.0
12103,2024-05-19 07:00:00.000,25.852512,summer weekend,27.0
12104,2024-05-19 08:00:00.000,20.68458,summer weekend,19.7
12105,2024-05-19 09:00:00.000,19.9814685,summer weekend,19.7
12106,2024-05-19 10:00:00.000,19.964511,summer weekend,19.7
12107,2024-05-19 11:00:00.000,19.751977,summer weekend,19.7
12108,2024-05-19 12:00:00.000,19.1471595,summer weekend,19.7
12109,2024-05-19 13:00:00.000,18.2744135,summer weekend,19.7
12110,2024-05-19 14:00:00.000,18.854360000000003,summer weekend,19.7
12111,2024-05-19 15:00:00.000,19.5564005,summer weekend,19.7
12112,2024-05-19 16:00:00.000,19.978077,summer weekend,19.7
12113,2024-05-19 17:00:00.000,28.0029015,summer weekend,27.0
12114,2024-05-19 18:00:00.000,31.179130499999992,summer weekend,31.66
12115,2024-05-19 19:00:00.000,34.186677,summer weekend,31.66
12116,2024-05-19 20:00:00.000,35.33621699999999,summer weekend,31.66
12117,2024-05-19 21:00:00.000,32.7210135,summer weekend,31.66
12118,2024-05-19 22:00:00.000,30.748053,summer weekend,31.66
12119,2024-05-19 23:00:00.000,31.3665555,summer weekend,31.66
12120,2024-05-20 00:00:00.000,30.310728,summer weekend,31.66
12121,2024-05-20 01:00:00.000,30.821773499999992,summer weekend,31.66
12122,2024-05-20 02:00:00.000,30.741805499999995,summer weekend,31.66
12123,2024-05-20 03:00:00.000,31.0066995,summer weekend,31.66
12124,2024-05-20 04:00:00.000,31.412786999999994,summer weekend,31.66
12125,2024-05-20 05:00:00.000,33.069624,summer weekend,31.66
12126,2024-05-20 06:00:00.000,33.190825499999995,summer weekend,31.66
12127,2024-05-20 07:00:00.000,29.011247999999995,summer weekend,27.0
12128,2024-05-20 08:00:00.000,24.08322,summer weekend,27.0
12129,2024-05-20 09:00:00.000,21.5354895,summer weekend,19.7
12130,2024-05-20 10:00:00.000,20.742057,summer weekend,19.7
12131,2024-05-20 11:00:00.000,20.2859895,summer weekend,19.7
12132,2024-05-20 12:00:00.000,19.98486,summer weekend,19.7
12133,2024-05-20 13:00:00.000,19.9475535,summer weekend,19.7
12134,2024-05-20 14:00:00.000,19.9769465,summer weekend,19.7
12135,2024-05-20 15:00:00.000,20.0960655,summer weekend,19.7
12136,2024-05-20 16:00:00.000,28.0029015,summer weekend,27.0
12137,2024-05-20 17:00:00.000,30.723063,summer weekend,31.66
12138,2024-05-20 18:00:00.000,34.1829285,summer weekend,31.66
12139,2024-05-20 19:00:00.000,36.965565,summer weekend,31.66
12140,2024-05-20 20:00:00.000,35.020093499999994,summer weekend,31.66
12141,2024-05-20 21:00:00.000,32.058778499999995,summer weekend,31.66
12142,2024-05-20 22:00:00.000,29.963366999999995,summer weekend,31.66
12143,2024-05-20 23:00:00.000,30.163287,summer weekend,31.66
12144,2024-05-21 00:00:00.000,29.53104,summer weekday,30.1
12145,2024-05-21 01:00:00.000,29.507299499999995,summer weekday,30.1
12146,2024-05-21 02:00:00.000,29.720963999999995,summer weekday,30.1
12147,2024-05-21 03:00:00.000,29.3473635,summer weekday,30.1
12148,2024-05-21 04:00:00.000,29.928381,summer weekday,30.1
12149,2024-05-21 05:00:00.000,34.011747,summer weekday,34.9
12150,2024-05-21 06:00:00.000,35.35121099999999,summer weekday,34.9
12151,2024-05-21 07:00:00.000,32.1487425,summer weekday,30.1
12152,2024-05-21 08:00:00.000,30.21326699999999,summer weekday,30.1
12153,2024-05-21 09:00:00.000,28.354011,summer weekday,30.1
12154,2024-05-21 10:00:00.000,26.784638999999995,summer weekday,25.44
12155,2024-05-21 11:00:00.000,23.5421865,summer weekday,25.44
12156,2024-05-21 12:00:00.000,23.900793,summer weekday,25.44
12157,2024-05-21 13:00:00.000,26.743405499999994,summer weekday,25.44
12158,2024-05-21 14:00:00.000,28.687627499999994,summer weekday,30.1
12159,2024-05-21 15:00:00.000,29.932129499999995,summer weekday,30.1
12160,2024-05-21 16:00:00.000,30.977961,summer weekday,30.1
12161,2024-05-21 17:00:00.000,32.909688,summer weekday,34.9
12162,2024-05-21 18:00:00.000,35.85101099999999,summer weekday,34.9
12163,2024-05-21 19:00:00.000,32.3636565,summer weekday,30.1
12164,2024-05-21 20:00:00.000,30.428181,summer weekday,30.1
12165,2024-05-21 21:00:00.000,30.361957499999995,summer weekday,30.1
12166,2024-05-21 22:00:00.000,28.2203145,summer weekday,30.1
12167,2024-05-21 23:00:00.000,28.7351085,summer weekday,30.1
12168,2024-05-22 00:00:00.000,28.28154,summer weekday,30.1
12169,2024-05-22 01:00:00.000,28.094114999999995,summer weekday,30.1
12170,2024-05-22 02:00:00.000,26.747153999999995,summer weekday,25.44
12171,2024-05-22 03:00:00.000,27.814226999999995,summer weekday,30.1
12172,2024-05-22 04:00:00.000,28.75635,summer weekday,30.1
12173,2024-05-22 05:00:00.000,32.24745299999999,summer weekday,30.1
12174,2024-05-22 06:00:00.000,32.869704,summer weekday,34.9
12175,2024-05-22 07:00:00.000,31.852610999999992,summer weekday,30.1
12176,2024-05-22 08:00:00.000,30.1320495,summer weekday,30.1
12177,2024-05-22 09:00:00.000,28.731359999999995,summer weekday,30.1
12178,2024-05-22 10:00:00.000,28.703870999999992,summer weekday,30.1
12179,2024-05-22 11:00:00.000,28.1878275,summer weekday,30.1
12180,2024-05-22 12:00:00.000,27.0957645,summer weekday,25.44
12181,2024-05-22 13:00:00.000,26.999552999999995,summer weekday,25.44
12182,2024-05-22 14:00:00.000,28.3777515,summer weekday,30.1
12183,2024-05-22 15:00:00.000,29.682229499999995,summer weekday,30.1
12184,2024-05-22 16:00:00.000,31.5364875,summer weekday,30.1
12185,2024-05-22 17:00:00.000,32.477360999999995,summer weekday,30.1
12186,2024-05-22 18:00:00.000,38.355009,summer weekday,34.9
12187,2024-05-22 19:00:00.000,39.337116,summer weekday,34.9
12188,2024-05-22 20:00:00.000,36.97681049999999,summer weekday,34.9
12189,2024-05-22 21:00:00.000,33.44322449999999,summer weekday,34.9
12190,2024-05-22 22:00:00.000,31.632698999999995,summer weekday,30.1
12191,2024-05-22 23:00:00.000,29.8896465,summer weekday,30.1
12192,2024-05-23 00:00:00.000,29.787187499999995,summer weekday,30.1
12193,2024-05-23 01:00:00.000,29.3473635,summer weekday,30.1
12194,2024-05-23 02:00:00.000,29.566026,summer weekday,30.1
12195,2024-05-23 03:00:00.000,29.8121775,summer weekday,30.1
12196,2024-05-23 04:00:00.000,30.58062,summer weekday,30.1
12197,2024-05-23 05:00:00.000,33.476961,summer weekday,34.9
12198,2024-05-23 06:00:00.000,34.728959999999994,summer weekday,34.9
12199,2024-05-23 07:00:00.000,32.209968,summer weekday,30.1
12200,2024-05-23 08:00:00.000,29.4373275,summer weekday,30.1
12201,2024-05-23 09:00:00.000,29.3423655,summer weekday,30.1
12202,2024-05-23 10:00:00.000,27.994155,summer weekday,30.1
12203,2024-05-23 11:00:00.000,26.544735,summer weekday,25.44
12204,2024-05-23 12:00:00.000,25.6463445,summer weekday,25.44
12205,2024-05-23 13:00:00.000,27.104510999999995,summer weekday,25.44
12206,2024-05-23 14:00:00.000,28.906289999999995,summer weekday,30.1
12207,2024-05-23 15:00:00.000,30.4519215,summer weekday,30.1
12208,2024-05-23 16:00:00.000,32.060028,summer weekday,30.1
12209,2024-05-23 17:00:00.000,33.9155355,summer weekday,34.9
12210,2024-05-23 18:00:00.000,39.512046,summer weekday,34.9
12211,2024-05-23 19:00:00.000,42.483357,summer weekday,34.9
12212,2024-05-23 20:00:00.000,39.474561,summer weekday,34.9
12213,2024-05-23 21:00:00.000,35.7473025,summer weekday,34.9
12214,2024-05-23 22:00:00.000,33.108358499999994,summer weekday,34.9
12215,2024-05-23 23:00:00.000,32.87595149999999,summer weekday,34.9
12216,2024-05-24 00:00:00.000,31.745154,summer weekday,30.1
12217,2024-05-24 01:00:00.000,31.204120499999995,summer weekday,30.1
12218,2024-05-24 02:00:00.000,31.007949,summer weekday,30.1
12219,2024-05-24 03:00:00.000,31.455269999999995,summer weekday,30.1
12220,2024-05-24 04:00:00.000,32.88344849999999,summer weekday,34.9
12221,2024-05-24 05:00:00.000,35.458668,summer weekday,34.9
12222,2024-05-24 06:00:00.000,35.237506499999995,summer weekday,34.9
12223,2024-05-24 07:00:00.000,34.466565,summer weekday,34.9
12224,2024-05-24 08:00:00.000,33.24205499999999,summer weekday,34.9
12225,2024-05-24 09:00:00.000,32.00005199999999,summer weekday,30.1
12226,2024-05-24 10:00:00.000,31.2391065,summer weekday,30.1
12227,2024-05-24 11:00:00.000,31.102910999999995,summer weekday,30.1
12228,2024-05-24 12:00:00.000,30.947973,summer weekday,30.1
12229,2024-05-24 13:00:00.000,30.995453999999995,summer weekday,30.1
12230,2024-05-24 14:00:00.000,31.002951,summer weekday,30.1
12231,2024-05-24 15:00:00.000,30.5143965,summer weekday,30.1
12232,2024-05-24 16:00:00.000,32.328670499999994,summer weekday,30.1
12233,2024-05-24 17:00:00.000,33.950521499999994,summer weekday,34.9
12234,2024-05-24 18:00:00.000,36.2271105,summer weekday,34.9
12235,2024-05-24 19:00:00.000,35.60361,summer weekday,34.9
12236,2024-05-24 20:00:00.000,34.459067999999995,summer weekday,34.9
12237,2024-05-24 21:00:00.000,33.6881265,summer weekday,34.9
12238,2024-05-24 22:00:00.000,32.45986799999999,summer weekday,30.1
12239,2024-05-24 23:00:00.000,31.840115999999995,summer weekday,30.1
12240,2024-05-25 00:00:00.000,31.4590185,summer weekend,31.66
12241,2024-05-25 01:00:00.000,31.284088499999992,summer weekend,31.66
12242,2024-05-25 02:00:00.000,31.125402,summer weekend,31.66
12243,2024-05-25 03:00:00.000,31.1091585,summer weekend,31.66
12244,2024-05-25 04:00:00.000,31.262847,summer weekend,31.66
12245,2024-05-25 05:00:00.000,31.315326,summer weekend,31.66
12246,2024-05-25 06:00:00.000,30.7592985,summer weekend,31.66
12247,2024-05-25 07:00:00.000,29.803431,summer weekend,31.66
12248,2024-05-25 08:00:00.000,29.324872499999994,summer weekend,27.0
12249,2024-05-25 09:00:00.000,26.7608985,summer weekend,27.0
12250,2024-05-25 10:00:00.000,21.151893,summer weekend,19.7
12251,2024-05-25 11:00:00.000,20.389698,summer weekend,19.7
12252,2024-05-25 12:00:00.000,19.989858,summer weekend,19.7
12253,2024-05-25 13:00:00.000,19.98486,summer weekend,19.7
12254,2024-05-25 14:00:00.000,19.987359,summer weekend,19.7
12255,2024-05-25 15:00:00.000,21.76289849999999,summer weekend,19.7
12256,2024-05-25 16:00:00.000,29.486058,summer weekend,31.66
12257,2024-05-25 17:00:00.000,32.0087985,summer weekend,31.66
12258,2024-05-25 18:00:00.000,34.450321499999994,summer weekend,31.66
12259,2024-05-25 19:00:00.000,36.468264,summer weekend,31.66
12260,2024-05-25 20:00:00.000,37.09676249999999,summer weekend,31.66
12261,2024-05-25 21:00:00.000,34.450321499999994,summer weekend,31.66
12262,2024-05-25 22:00:00.000,33.047132999999995,summer weekend,31.66
12263,2024-05-25 23:00:00.000,33.399491999999995,summer weekend,31.66
12264,2024-05-26 00:00:00.000,32.267444999999995,summer weekend,31.66
12265,2024-05-26 01:00:00.000,31.3265715,summer weekend,31.66
12266,2024-05-26 02:00:00.000,31.242854999999995,summer weekend,31.66
12267,2024-05-26 03:00:00.000,31.375301999999994,summer weekend,31.66
12268,2024-05-26 04:00:00.000,31.0566795,summer weekend,31.66
12269,2024-05-26 05:00:00.000,30.4169355,summer weekend,31.66
12270,2024-05-26 06:00:00.000,28.968765,summer weekend,27.0
12271,2024-05-26 07:00:00.000,21.6404475,summer weekend,19.7
12272,2024-05-26 08:00:00.000,19.987359,summer weekend,19.7
12273,2024-05-26 09:00:00.000,19.98486,summer weekend,19.7
12274,2024-05-26 10:00:00.000,19.9746855,summer weekend,19.7
12275,2024-05-26 11:00:00.000,19.745194,summer weekend,19.7
12276,2024-05-26 12:00:00.000,18.779747,summer weekend,19.7
12277,2024-05-26 13:00:00.000,17.285226,summer weekend,19.7
12278,2024-05-26 14:00:00.000,18.8645345,summer weekend,19.7
12279,2024-05-26 15:00:00.000,19.91703,summer weekend,19.7
12280,2024-05-26 16:00:00.000,27.107009999999995,summer weekend,27.0
12281,2024-05-26 17:00:00.000,31.637697,summer weekend,31.66
12282,2024-05-26 18:00:00.000,34.738955999999995,summer weekend,31.66
12283,2024-05-26 19:00:00.000,34.82142299999999,summer weekend,31.66
12284,2024-05-26 20:00:00.000,35.116305,summer weekend,31.66
12285,2024-05-26 21:00:00.000,33.347013,summer weekend,31.66
12286,2024-05-26 22:00:00.000,30.917984999999994,summer weekend,31.66
12287,2024-05-26 23:00:00.000,29.773443,summer weekend,31.66
12288,2024-05-27 00:00:00.000,29.364856499999995,summer weekday,30.1
12289,2024-05-27 01:00:00.000,29.286138,summer weekday,30.1
12290,2024-05-27 02:00:00.000,29.2848885,summer weekday,30.1
12291,2024-05-27 03:00:00.000,29.7147165,summer weekday,30.1
12292,2024-05-27 04:00:00.000,30.485658,summer weekday,30.1
12293,2024-05-27 05:00:00.000,34.096713,summer weekday,34.9
12294,2024-05-27 06:00:00.000,36.07092299999999,summer weekday,34.9
12295,2024-05-27 07:00:00.000,35.54738249999999,summer weekday,34.9
12296,2024-05-27 08:00:00.000,33.381999,summer weekday,34.9
12297,2024-05-27 09:00:00.000,31.035437999999992,summer weekday,30.1
12298,2024-05-27 10:00:00.000,30.763047,summer weekday,30.1
12299,2024-05-27 11:00:00.000,29.648493,summer weekday,30.1
12300,2024-05-27 12:00:00.000,29.288636999999994,summer weekday,30.1
12301,2024-05-27 13:00:00.000,29.101212,summer weekday,30.1
12302,2024-05-27 14:00:00.000,29.703471,summer weekday,30.1
12303,2024-05-27 15:00:00.000,30.563127,summer weekday,30.1
12304,2024-05-27 16:00:00.000,33.859308,summer weekday,34.9
12305,2024-05-27 17:00:00.000,36.40329,summer weekday,34.9
12306,2024-05-27 18:00:00.000,43.31052599999999,summer weekday,34.9
12307,2024-05-27 19:00:00.000,47.65628699999999,summer weekday,34.9
12308,2024-05-27 20:00:00.000,41.20886699999999,summer weekday,34.9
12309,2024-05-27 21:00:00.000,36.40329,summer weekday,34.9
12310,2024-05-27 22:00:00.000,34.201671,summer weekday,34.9
12311,2024-05-27 23:00:00.000,32.202471,summer weekday,30.1
12312,2024-05-28 00:00:00.000,31.292835,summer weekday,30.1
12313,2024-05-28 01:00:00.000,30.935478,summer weekday,30.1
12314,2024-05-28 02:00:00.000,30.633098999999994,summer weekday,30.1
12315,2024-05-28 03:00:00.000,30.475662,summer weekday,30.1
12316,2024-05-28 04:00:00.000,30.985458,summer weekday,30.1
12317,2024-05-28 05:00:00.000,33.771843,summer weekday,34.9
12318,2024-05-28 06:00:00.000,34.99135499999999,summer weekday,34.9
12319,2024-05-28 07:00:00.000,32.7584985,summer weekday,34.9
12320,2024-05-28 08:00:00.000,30.6593385,summer weekday,30.1
12321,2024-05-28 09:00:00.000,29.046233999999995,summer weekday,30.1
12322,2024-05-28 10:00:00.000,28.627651499999995,summer weekday,30.1
12323,2024-05-28 11:00:00.000,27.619305,summer weekday,25.44
12324,2024-05-28 12:00:00.000,26.888347499999995,summer weekday,25.44
12325,2024-05-28 13:00:00.000,26.89084649999999,summer weekday,25.44
12326,2024-05-28 14:00:00.000,28.189077,summer weekday,30.1
12327,2024-05-28 15:00:00.000,29.046233999999995,summer weekday,30.1
12328,2024-05-28 16:00:00.000,30.705569999999994,summer weekday,30.1
12329,2024-05-28 17:00:00.000,32.764745999999995,summer weekday,34.9
12330,2024-05-28 18:00:00.000,36.2346075,summer weekday,34.9
12331,2024-05-28 19:00:00.000,38.0163945,summer weekday,34.9
12332,2024-05-28 20:00:00.000,35.47865999999999,summer weekday,34.9
12333,2024-05-28 21:00:00.000,32.4911055,summer weekday,30.1
12334,2024-05-28 22:00:00.000,31.077921,summer weekday,30.1
12335,2024-05-28 23:00:00.000,29.008748999999995,summer weekday,30.1
12336,2024-05-29 00:00:00.000,27.174482999999995,summer weekday,25.44
12337,2024-05-29 01:00:00.000,26.767146,summer weekday,25.44
12338,2024-05-29 02:00:00.000,26.3060805,summer weekday,25.44
12339,2024-05-29 03:00:00.000,26.2111185,summer weekday,25.44
12340,2024-05-29 04:00:00.000,25.721314499999995,summer weekday,25.44
12341,2024-05-29 05:00:00.000,29.0000025,summer weekday,30.1
12342,2024-05-29 06:00:00.000,30.7867875,summer weekday,30.1
12343,2024-05-29 07:00:00.000,31.420283999999995,summer weekday,30.1
12344,2024-05-29 08:00:00.000,28.620154499999995,summer weekday,30.1
12345,2024-05-29 09:00:00.000,28.4627175,summer weekday,30.1
12346,2024-05-29 10:00:00.000,27.746754,summer weekday,25.44
12347,2024-05-29 11:00:00.000,27.3656565,summer weekday,25.44
12348,2024-05-29 12:00:00.000,27.7629975,summer weekday,25.44
12349,2024-05-29 13:00:00.000,27.754251,summer weekday,25.44
12350,2024-05-29 14:00:00.000,28.6676355,summer weekday,30.1
12351,2024-05-29 15:00:00.000,29.0649765,summer weekday,30.1
12352,2024-05-29 16:00:00.000,31.134148499999995,summer weekday,30.1
12353,2024-05-29 17:00:00.000,31.812627,summer weekday,30.1
12354,2024-05-29 18:00:00.000,33.909288,summer weekday,34.9
12355,2024-05-29 19:00:00.000,37.540335,summer weekday,34.9
12356,2024-05-29 20:00:00.000,37.885197,summer weekday,34.9
12357,2024-05-29 21:00:00.000,35.027590499999995,summer weekday,34.9
12358,2024-05-29 22:00:00.000,31.9213335,summer weekday,30.1
12359,2024-05-29 23:00:00.000,32.5335885,summer weekday,34.9
12360,2024-05-30 00:00:00.000,32.00505,summer weekend,31.66
12361,2024-05-30 01:00:00.000,31.381549499999995,summer weekend,31.66
12362,2024-05-30 02:00:00.000,31.6839285,summer weekend,31.66
12363,2024-05-30 03:00:00.000,31.800131999999994,summer weekend,31.66
12364,2024-05-30 04:00:00.000,32.5785705,summer weekend,31.66
12365,2024-05-30 05:00:00.000,32.900941499999995,summer weekend,31.66
12366,2024-05-30 06:00:00.000,33.31327649999999,summer weekend,31.66
12367,2024-05-30 07:00:00.000,32.193724499999995,summer weekend,31.66
12368,2024-05-30 08:00:00.000,31.717665,summer weekend,31.66
12369,2024-05-30 09:00:00.000,30.605609999999995,summer weekend,31.66
12370,2024-05-30 10:00:00.000,29.98086,summer weekend,31.66
12371,2024-05-30 11:00:00.000,28.846314,summer weekend,27.0
12372,2024-05-30 12:00:00.000,27.8529615,summer weekend,27.0
12373,2024-05-30 13:00:00.000,27.8529615,summer weekend,27.0
12374,2024-05-30 14:00:00.000,28.442725499999995,summer weekend,27.0
12375,2024-05-30 15:00:00.000,30.4494225,summer weekend,31.66
12376,2024-05-30 16:00:00.000,31.246603499999992,summer weekend,31.66
12377,2024-05-30 17:00:00.000,33.813076499999994,summer weekend,31.66
12378,2024-05-30 18:00:00.000,36.8818485,summer weekend,31.66
12379,2024-05-30 19:00:00.000,39.3183735,summer weekend,31.66
12380,2024-05-30 20:00:00.000,37.90893749999999,summer weekend,31.66
12381,2024-05-30 21:00:00.000,33.9930045,summer weekend,31.66
12382,2024-05-30 22:00:00.000,32.56857449999999,summer weekend,31.66
12383,2024-05-30 23:00:00.000,32.00629949999999,summer weekend,31.66
12384,2024-05-31 00:00:00.000,30.069574499999995,summer weekend,31.66
12385,2024-05-31 01:00:00.000,29.9171355,summer weekend,31.66
12386,2024-05-31 02:00:00.000,29.194924499999992,summer weekend,27.0
12387,2024-05-31 03:00:00.000,29.297383499999995,summer weekend,27.0
12388,2024-05-31 04:00:00.000,31.237857,summer weekend,31.66
12389,2024-05-31 05:00:00.000,33.2632965,summer weekend,31.66
12390,2024-05-31 06:00:00.000,33.6181545,summer weekend,31.66
12391,2024-05-31 07:00:00.000,33.569424,summer weekend,31.66
12392,2024-05-31 08:00:00.000,32.774742,summer weekend,31.66
12393,2024-05-31 09:00:00.000,31.4765115,summer weekend,31.66
12394,2024-05-31 10:00:00.000,30.233259,summer weekend,31.66
12395,2024-05-31 11:00:00.000,29.3448645,summer weekend,31.66
12396,2024-05-31 12:00:00.000,28.543935,summer weekend,27.0
12397,2024-05-31 13:00:00.000,28.144095,summer weekend,27.0
12398,2024-05-31 14:00:00.000,28.349013,summer weekend,27.0
12399,2024-05-31 15:00:00.000,29.364856499999995,summer weekend,31.66
12400,2024-05-31 16:00:00.000,30.493154999999994,summer weekend,31.66
12401,2024-05-31 17:00:00.000,31.787637,summer weekend,31.66
12402,2024-05-31 18:00:00.000,33.471962999999995,summer weekend,31.66
12403,2024-05-31 19:00:00.000,34.35410999999999,summer weekend,31.66
12404,2024-05-31 20:00:00.000,33.468214499999995,summer weekend,31.66
12405,2024-05-31 21:00:00.000,32.697273,summer weekend,31.66
12406,2024-05-31 22:00:00.000,30.503150999999992,summer weekend,31.66
12407,2024-05-31 23:00:00.000,31.052931,summer weekend,31.66
12408,2024-06-01 00:00:00.000,31.082919,summer weekend,31.66
12409,2024-06-01 01:00:00.000,29.938377,summer weekend,31.66
12410,2024-06-01 02:00:00.000,28.998753,summer weekend,27.0
12411,2024-06-01 03:00:00.000,28.9650165,summer weekend,27.0
12412,2024-06-01 04:00:00.000,28.9600185,summer weekend,27.0
12413,2024-06-01 05:00:00.000,29.3811,summer weekend,31.66
12414,2024-06-01 06:00:00.000,29.28114,summer weekend,27.0
12415,2024-06-01 07:00:00.000,29.0424855,summer weekend,27.0
12416,2024-06-01 08:00:00.000,27.6505425,summer weekend,27.0
12417,2024-06-01 09:00:00.000,25.877502,summer weekend,27.0
12418,2024-06-01 10:00:00.000,25.215267,summer weekend,27.0
12419,2024-06-01 11:00:00.000,22.6350495,summer weekend,19.7
12420,2024-06-01 12:00:00.000,20.914488,summer weekend,19.7
12421,2024-06-01 13:00:00.000,20.349714,summer weekend,19.7
12422,2024-06-01 14:00:00.000,20.70957,summer weekend,19.7
12423,2024-06-01 15:00:00.000,21.60921,summer weekend,19.7
12424,2024-06-01 16:00:00.000,26.492256,summer weekend,27.0
12425,2024-06-01 17:00:00.000,28.418985,summer weekend,27.0
12426,2024-06-01 18:00:00.000,30.218265,summer weekend,31.66
12427,2024-06-01 19:00:00.000,30.713066999999995,summer weekend,31.66
12428,2024-06-01 20:00:00.000,30.200772,summer weekend,31.66
12429,2024-06-01 21:00:00.000,30.540636,summer weekend,31.66
12430,2024-06-01 22:00:00.000,28.1553405,summer weekend,27.0
12431,2024-06-01 23:00:00.000,24.446824499999995,summer weekend,27.0
12432,2024-06-02 00:00:00.000,23.873304,summer weekend,27.0
12433,2024-06-02 01:00:00.000,21.9653175,summer weekend,19.7
12434,2024-06-02 02:00:00.000,20.886999,summer weekend,19.7
12435,2024-06-02 03:00:00.000,21.104412,summer weekend,19.7
12436,2024-06-02 04:00:00.000,20.6258535,summer weekend,19.7
12437,2024-06-02 05:00:00.000,20.598364499999995,summer weekend,19.7
12438,2024-06-02 06:00:00.000,20.4984045,summer weekend,19.7
12439,2024-06-02 07:00:00.000,20.1060615,summer weekend,19.7
12440,2024-06-02 08:00:00.000,19.98486,summer weekend,19.7
12441,2024-06-02 09:00:00.000,20.179782,summer weekend,19.7
12442,2024-06-02 10:00:00.000,20.0810715,summer weekend,19.7
12443,2024-06-02 11:00:00.000,19.973555,summer weekend,19.7
12444,2024-06-02 12:00:00.000,19.5315295,summer weekend,19.7
12445,2024-06-02 13:00:00.000,18.183973500000004,summer weekend,19.7
12446,2024-06-02 14:00:00.000,17.771341000000003,summer weekend,19.7
12447,2024-06-02 15:00:00.000,18.969671,summer weekend,19.7
12448,2024-06-02 16:00:00.000,19.8412865,summer weekend,19.7
12449,2024-06-02 17:00:00.000,21.727912499999995,summer weekend,19.7
12450,2024-06-02 18:00:00.000,28.385248499999992,summer weekend,27.0
12451,2024-06-02 19:00:00.000,31.8538605,summer weekend,31.66
12452,2024-06-02 20:00:00.000,33.3457635,summer weekend,31.66
12453,2024-06-02 21:00:00.000,33.605659499999994,summer weekend,31.66
12454,2024-06-02 22:00:00.000,32.374902,summer weekend,31.66
12455,2024-06-02 23:00:00.000,32.262446999999995,summer weekend,31.66
12456,2024-06-03 00:00:00.000,30.553131,summer weekday,30.1
12457,2024-06-03 01:00:00.000,30.4394265,summer weekday,30.1
12458,2024-06-03 02:00:00.000,30.4569195,summer weekday,30.1
12459,2024-06-03 03:00:00.000,30.252001499999995,summer weekday,30.1
12460,2024-06-03 04:00:00.000,32.0013015,summer weekday,30.1
12461,2024-06-03 05:00:00.000,36.638196,summer weekday,34.9
12462,2024-06-03 06:00:00.000,44.10770699999999,summer weekday,34.9
12463,2024-06-03 07:00:00.000,40.536636,summer weekday,34.9
12464,2024-06-03 08:00:00.000,35.988456,summer weekday,34.9
12465,2024-06-03 09:00:00.000,32.3611575,summer weekday,30.1
12466,2024-06-03 10:00:00.000,31.967565,summer weekday,30.1
12467,2024-06-03 11:00:00.000,30.1170555,summer weekday,30.1
12468,2024-06-03 12:00:00.000,29.343615,summer weekday,30.1
12469,2024-06-03 13:00:00.000,28.393995,summer weekday,30.1
12470,2024-06-03 14:00:00.000,28.983759,summer weekday,30.1
12471,2024-06-03 15:00:00.000,29.73096,summer weekday,30.1
12472,2024-06-03 16:00:00.000,33.2233125,summer weekday,34.9
12473,2024-06-03 17:00:00.000,35.893494,summer weekday,34.9
12474,2024-06-03 18:00:00.000,42.8394645,summer weekday,34.9
12475,2024-06-03 19:00:00.000,46.88409599999999,summer weekday,34.9
12476,2024-06-03 20:00:00.000,44.82367049999999,summer weekday,34.9
12477,2024-06-03 21:00:00.000,38.6386455,summer weekday,34.9
12478,2024-06-03 22:00:00.000,34.484058,summer weekday,34.9
12479,2024-06-03 23:00:00.000,33.3382665,summer weekday,34.9
12480,2024-06-04 00:00:00.000,32.477360999999995,summer weekday,30.1
12481,2024-06-04 01:00:00.000,31.907588999999994,summer weekday,30.1
12482,2024-06-04 02:00:00.000,31.597712999999995,summer weekday,30.1
12483,2024-06-04 03:00:00.000,31.5114975,summer weekday,30.1
12484,2024-06-04 04:00:00.000,33.0658755,summer weekday,34.9
12485,2024-06-04 05:00:00.000,40.22676,summer weekday,34.9
12486,2024-06-04 06:00:00.000,42.183477,summer weekday,34.9
12487,2024-06-04 07:00:00.000,37.68777599999999,summer weekday,34.9
12488,2024-06-04 08:00:00.000,34.025491499999994,summer weekday,34.9
12489,2024-06-04 09:00:00.000,31.43028,summer weekday,30.1
12490,2024-06-04 10:00:00.000,30.144544499999995,summer weekday,30.1
12491,2024-06-04 11:00:00.000,28.398993,summer weekday,30.1
12492,2024-06-04 12:00:00.000,26.89084649999999,summer weekday,25.44
12493,2024-06-04 13:00:00.000,25.465167,summer weekday,25.44
12494,2024-06-04 14:00:00.000,25.865007,summer weekday,25.44
12495,2024-06-04 15:00:00.000,27.985408499999995,summer weekday,30.1
12496,2024-06-04 16:00:00.000,30.590616,summer weekday,30.1
12497,2024-06-04 17:00:00.000,34.506549,summer weekday,34.9
12498,2024-06-04 18:00:00.000,42.073521,summer weekday,34.9
12499,2024-06-04 19:00:00.000,49.41308399999999,summer weekday,34.9
12500,2024-06-04 20:00:00.000,37.562826,summer weekday,34.9
12501,2024-06-04 21:00:00.000,33.396992999999995,summer weekday,34.9
12502,2024-06-04 22:00:00.000,29.4573195,summer weekday,30.1
12503,2024-06-04 23:00:00.000,27.0882675,summer weekday,25.44
12504,2024-06-05 00:00:00.000,25.473913499999995,summer weekday,25.44
12505,2024-06-05 01:00:00.000,25.551382499999995,summer weekday,25.44
12506,2024-06-05 02:00:00.000,26.2386075,summer weekday,25.44
12507,2024-06-05 03:00:00.000,25.9937055,summer weekday,25.44
12508,2024-06-05 04:00:00.000,28.8800505,summer weekday,30.1
12509,2024-06-05 05:00:00.000,32.9234325,summer weekday,34.9
12510,2024-06-05 06:00:00.000,37.82272199999999,summer weekday,34.9
12511,2024-06-05 07:00:00.000,34.094213999999994,summer weekday,34.9
12512,2024-06-05 08:00:00.000,30.500651999999995,summer weekday,30.1
12513,2024-06-05 09:00:00.000,28.7226135,summer weekday,30.1
12514,2024-06-05 10:00:00.000,27.735508499999995,summer weekday,25.44
12515,2024-06-05 11:00:00.000,26.03244,summer weekday,25.44
12516,2024-06-05 12:00:00.000,23.7546015,summer weekday,25.44
12517,2024-06-05 13:00:00.000,23.271045,summer weekday,25.44
12518,2024-06-05 14:00:00.000,23.740856999999995,summer weekday,25.44
12519,2024-06-05 15:00:00.000,27.802981499999994,summer weekday,30.1
12520,2024-06-05 16:00:00.000,30.0345885,summer weekday,30.1
12521,2024-06-05 17:00:00.000,33.1158555,summer weekday,34.9
12522,2024-06-05 18:00:00.000,35.84976149999999,summer weekday,34.9
12523,2024-06-05 19:00:00.000,39.464565,summer weekday,34.9
12524,2024-06-05 20:00:00.000,39.729459,summer weekday,34.9
12525,2024-06-05 21:00:00.000,37.6615365,summer weekday,34.9
12526,2024-06-05 22:00:00.000,33.22831049999999,summer weekday,34.9
12527,2024-06-05 23:00:00.000,31.635198,summer weekday,30.1
12528,2024-06-06 00:00:00.000,31.220364,summer weekday,30.1
12529,2024-06-06 01:00:00.000,30.713066999999995,summer weekday,30.1
12530,2024-06-06 02:00:00.000,30.649342499999992,summer weekday,30.1
12531,2024-06-06 03:00:00.000,31.0116975,summer weekday,30.1
12532,2024-06-06 04:00:00.000,32.3511615,summer weekday,30.1
12533,2024-06-06 05:00:00.000,35.466165,summer weekday,34.9
12534,2024-06-06 06:00:00.000,35.968464,summer weekday,34.9
12535,2024-06-06 07:00:00.000,32.08376849999999,summer weekday,30.1
12536,2024-06-06 08:00:00.000,28.9675155,summer weekday,30.1
12537,2024-06-06 09:00:00.000,27.206969999999995,summer weekday,25.44
12538,2024-06-06 10:00:00.000,23.7645975,summer weekday,25.44
12539,2024-06-06 11:00:00.000,23.0248935,summer weekday,25.44
12540,2024-06-06 12:00:00.000,22.421385,summer weekday,25.44
12541,2024-06-06 13:00:00.000,23.0123985,summer weekday,25.44
12542,2024-06-06 14:00:00.000,24.6892275,summer weekday,25.44
12543,2024-06-06 15:00:00.000,27.7455045,summer weekday,25.44
12544,2024-06-06 16:00:00.000,30.0645765,summer weekday,30.1
12545,2024-06-06 17:00:00.000,31.220364,summer weekday,30.1
12546,2024-06-06 18:00:00.000,34.44032549999999,summer weekday,34.9
12547,2024-06-06 19:00:00.000,40.474161,summer weekday,34.9
12548,2024-06-06 20:00:00.000,40.94147399999999,summer weekday,34.9
12549,2024-06-06 21:00:00.000,36.5344875,summer weekday,34.9
12550,2024-06-06 22:00:00.000,33.02839049999999,summer weekday,34.9
12551,2024-06-06 23:00:00.000,32.60480999999999,summer weekday,34.9
12552,2024-06-07 00:00:00.000,31.9963035,summer weekday,30.1
12553,2024-06-07 01:00:00.000,31.442775,summer weekday,30.1
12554,2024-06-07 02:00:00.000,30.9217335,summer weekday,30.1
12555,2024-06-07 03:00:00.000,30.5118975,summer weekday,30.1
12556,2024-06-07 04:00:00.000,31.467765,summer weekday,30.1
12557,2024-06-07 05:00:00.000,34.22291249999999,summer weekday,34.9
12558,2024-06-07 06:00:00.000,34.86015749999999,summer weekday,34.9
12559,2024-06-07 07:00:00.000,32.824721999999994,summer weekday,34.9
12560,2024-06-07 08:00:00.000,29.800931999999992,summer weekday,30.1
12561,2024-06-07 09:00:00.000,27.564326999999995,summer weekday,25.44
12562,2024-06-07 10:00:00.000,25.156540499999995,summer weekday,25.44
12563,2024-06-07 11:00:00.000,24.2219145,summer weekday,25.44
12564,2024-06-07 12:00:00.000,23.153592,summer weekday,25.44
12565,2024-06-07 13:00:00.000,22.1602395,summer weekday,25.44
12566,2024-06-07 14:00:00.000,21.619206,summer weekday,25.44
12567,2024-06-07 15:00:00.000,23.179831499999995,summer weekday,25.44
12568,2024-06-07 16:00:00.000,28.051631999999994,summer weekday,30.1
12569,2024-06-07 17:00:00.000,30.6318495,summer weekday,30.1
12570,2024-06-07 18:00:00.000,36.050931,summer weekday,34.9
12571,2024-06-07 19:00:00.000,39.32087249999999,summer weekday,34.9
12572,2024-06-07 20:00:00.000,39.2084175,summer weekday,34.9
12573,2024-06-07 21:00:00.000,35.83851599999999,summer weekday,34.9
12574,2024-06-07 22:00:00.000,32.1612375,summer weekday,30.1
12575,2024-06-07 23:00:00.000,32.274942,summer weekday,30.1
12576,2024-06-08 00:00:00.000,31.235358,summer weekend,31.66
12577,2024-06-08 01:00:00.000,30.394444499999995,summer weekend,31.66
12578,2024-06-08 02:00:00.000,30.421933499999994,summer weekend,31.66
12579,2024-06-08 03:00:00.000,29.935877999999995,summer weekend,31.66
12580,2024-06-08 04:00:00.000,30.2445045,summer weekend,31.66
12581,2024-06-08 05:00:00.000,29.903391,summer weekend,31.66
12582,2024-06-08 06:00:00.000,27.834219,summer weekend,27.0
12583,2024-06-08 07:00:00.000,25.25775,summer weekend,27.0
12584,2024-06-08 08:00:00.000,21.514248,summer weekend,19.7
12585,2024-06-08 09:00:00.000,19.9701635,summer weekend,19.7
12586,2024-06-08 10:00:00.000,19.7282365,summer weekend,19.7
12587,2024-06-08 11:00:00.000,18.824967,summer weekend,19.7
12588,2024-06-08 12:00:00.000,17.305575,summer weekend,19.7
12589,2024-06-08 13:00:00.000,16.5899685,summer weekend,19.7
12590,2024-06-08 14:00:00.000,17.653769,summer weekend,19.7
12591,2024-06-08 15:00:00.000,19.0521975,summer weekend,19.7
12592,2024-06-08 16:00:00.000,19.9861095,summer weekend,19.7
12593,2024-06-08 17:00:00.000,25.5963645,summer weekend,27.0
12594,2024-06-08 18:00:00.000,28.586417999999995,summer weekend,27.0
12595,2024-06-08 19:00:00.000,32.394893999999994,summer weekend,31.66
12596,2024-06-08 20:00:00.000,31.6064595,summer weekend,31.66
12597,2024-06-08 21:00:00.000,32.479859999999995,summer weekend,31.66
12598,2024-06-08 22:00:00.000,29.829670499999995,summer weekend,31.66
12599,2024-06-08 23:00:00.000,29.266146,summer weekend,27.0
12600,2024-06-09 00:00:00.000,27.9304305,summer weekend,27.0
12601,2024-06-09 01:00:00.000,25.297733999999995,summer weekend,27.0
12602,2024-06-09 02:00:00.000,21.9303315,summer weekend,19.7
12603,2024-06-09 03:00:00.000,22.257700499999995,summer weekend,19.7
12604,2024-06-09 04:00:00.000,21.429282,summer weekend,19.7
12605,2024-06-09 05:00:00.000,21.03444,summer weekend,19.7
12606,2024-06-09 06:00:00.000,20.262249,summer weekend,19.7
12607,2024-06-09 07:00:00.000,19.975816,summer weekend,19.7
12608,2024-06-09 08:00:00.000,19.7576295,summer weekend,19.7
12609,2024-06-09 09:00:00.000,19.12568,summer weekend,19.7
12610,2024-06-09 10:00:00.000,18.28911,summer weekend,19.7
12611,2024-06-09 11:00:00.000,17.158610000000003,summer weekend,19.7
12612,2024-06-09 12:00:00.000,16.2892555,summer weekend,19.7
12613,2024-06-09 13:00:00.000,15.786183,summer weekend,19.7
12614,2024-06-09 14:00:00.000,16.742586000000003,summer weekend,19.7
12615,2024-06-09 15:00:00.000,19.324648,summer weekend,19.7
12616,2024-06-09 16:00:00.000,19.928335,summer weekend,19.7
12617,2024-06-09 17:00:00.000,25.327721999999994,summer weekend,27.0
12618,2024-06-09 18:00:00.000,32.0862675,summer weekend,31.66
12619,2024-06-09 19:00:00.000,34.461566999999995,summer weekend,31.66
12620,2024-06-09 20:00:00.000,33.884297999999994,summer weekend,31.66
12621,2024-06-09 21:00:00.000,33.531938999999994,summer weekend,31.66
12622,2024-06-09 22:00:00.000,32.1312495,summer weekend,31.66
12623,2024-06-09 23:00:00.000,29.226161999999995,summer weekend,27.0
12624,2024-06-10 00:00:00.000,28.9300305,summer weekday,30.1
12625,2024-06-10 01:00:00.000,28.5726735,summer weekday,30.1
12626,2024-06-10 02:00:00.000,28.515196499999995,summer weekday,30.1
12627,2024-06-10 03:00:00.000,28.60641,summer weekday,30.1
12628,2024-06-10 04:00:00.000,29.770944,summer weekday,30.1
12629,2024-06-10 05:00:00.000,34.65399,summer weekday,34.9
12630,2024-06-10 06:00:00.000,43.12310099999999,summer weekday,34.9
12631,2024-06-10 07:00:00.000,38.2537995,summer weekday,34.9
12632,2024-06-10 08:00:00.000,33.385747499999994,summer weekday,34.9
12633,2024-06-10 09:00:00.000,31.162886999999994,summer weekday,30.1
12634,2024-06-10 10:00:00.000,30.610608,summer weekday,30.1
12635,2024-06-10 11:00:00.000,29.268645,summer weekday,30.1
12636,2024-06-10 12:00:00.000,29.1799305,summer weekday,30.1
12637,2024-06-10 13:00:00.000,28.3652565,summer weekday,30.1
12638,2024-06-10 14:00:00.000,28.216566,summer weekday,30.1
12639,2024-06-10 15:00:00.000,28.731359999999995,summer weekday,30.1
12640,2024-06-10 16:00:00.000,30.1308,summer weekday,30.1
12641,2024-06-10 17:00:00.000,32.2961835,summer weekday,30.1
12642,2024-06-10 18:00:00.000,34.802680499999994,summer weekday,34.9
12643,2024-06-10 19:00:00.000,35.5348875,summer weekday,34.9
12644,2024-06-10 20:00:00.000,34.14419399999999,summer weekday,34.9
12645,2024-06-10 21:00:00.000,32.2811895,summer weekday,30.1
12646,2024-06-10 22:00:00.000,29.700972,summer weekday,30.1
12647,2024-06-10 23:00:00.000,27.490606499999995,summer weekday,25.44
12648,2024-06-11 00:00:00.000,27.102011999999995,summer weekday,25.44
12649,2024-06-11 01:00:00.000,27.850462499999995,summer weekday,30.1
12650,2024-06-11 02:00:00.000,26.959568999999995,summer weekday,25.44
12651,2024-06-11 03:00:00.000,27.489356999999995,summer weekday,25.44
12652,2024-06-11 04:00:00.000,27.3706545,summer weekday,25.44
12653,2024-06-11 05:00:00.000,30.209518499999994,summer weekday,30.1
12654,2024-06-11 06:00:00.000,32.512347,summer weekday,34.9
12655,2024-06-11 07:00:00.000,31.41778499999999,summer weekday,30.1
12656,2024-06-11 08:00:00.000,28.515196499999995,summer weekday,30.1
12657,2024-06-11 09:00:00.000,26.222364,summer weekday,25.44
12658,2024-06-11 10:00:00.000,23.999503499999992,summer weekday,25.44
12659,2024-06-11 11:00:00.000,21.374304,summer weekday,25.44
12660,2024-06-11 12:00:00.000,20.079822,summer weekday,25.44
12661,2024-06-11 13:00:00.000,19.98486,summer weekday,25.44
12662,2024-06-11 14:00:00.000,19.9886085,summer weekday,25.44
12663,2024-06-11 15:00:00.000,21.720415499999994,summer weekday,25.44
12664,2024-06-11 16:00:00.000,26.89084649999999,summer weekday,25.44
12665,2024-06-11 17:00:00.000,28.937527499999995,summer weekday,30.1
12666,2024-06-11 18:00:00.000,32.479859999999995,summer weekday,30.1
12667,2024-06-11 19:00:00.000,35.933477999999994,summer weekday,34.9
12668,2024-06-11 20:00:00.000,35.2749915,summer weekday,34.9
12669,2024-06-11 21:00:00.000,33.322022999999994,summer weekday,34.9
12670,2024-06-11 22:00:00.000,31.332819,summer weekday,30.1
12671,2024-06-11 23:00:00.000,31.0866675,summer weekday,30.1
12672,2024-06-12 00:00:00.000,30.649342499999992,summer weekday,30.1
12673,2024-06-12 01:00:00.000,30.0170955,summer weekday,30.1
12674,2024-06-12 02:00:00.000,30.2445045,summer weekday,30.1
12675,2024-06-12 03:00:00.000,30.744304499999995,summer weekday,30.1
12676,2024-06-12 04:00:00.000,31.811377499999995,summer weekday,30.1
12677,2024-06-12 05:00:00.000,35.57112299999999,summer weekday,34.9
12678,2024-06-12 06:00:00.000,37.02804,summer weekday,34.9
12679,2024-06-12 07:00:00.000,34.306628999999994,summer weekday,34.9
12680,2024-06-12 08:00:00.000,29.8121775,summer weekday,30.1
12681,2024-06-12 09:00:00.000,28.0054005,summer weekday,30.1
12682,2024-06-12 10:00:00.000,27.23196,summer weekday,25.44
12683,2024-06-12 11:00:00.000,25.2440055,summer weekday,25.44
12684,2024-06-12 12:00:00.000,25.072824,summer weekday,25.44
12685,2024-06-12 13:00:00.000,24.942875999999995,summer weekday,25.44
12686,2024-06-12 14:00:00.000,25.650092999999995,summer weekday,25.44
12687,2024-06-12 15:00:00.000,27.85671,summer weekday,30.1
12688,2024-06-12 16:00:00.000,30.1308,summer weekday,30.1
12689,2024-06-12 17:00:00.000,32.473612499999994,summer weekday,30.1
12690,2024-06-12 18:00:00.000,36.94057499999999,summer weekday,34.9
12691,2024-06-12 19:00:00.000,39.269643,summer weekday,34.9
12692,2024-06-12 20:00:00.000,39.30962699999999,summer weekday,34.9
12693,2024-06-12 21:00:00.000,36.33831599999999,summer weekday,34.9
12694,2024-06-12 22:00:00.000,33.36325649999999,summer weekday,34.9
12695,2024-06-12 23:00:00.000,32.35491,summer weekday,30.1
12696,2024-06-13 00:00:00.000,31.637697,summer weekday,30.1
12697,2024-06-13 01:00:00.000,30.5044005,summer weekday,30.1
12698,2024-06-13 02:00:00.000,30.6318495,summer weekday,30.1
12699,2024-06-13 03:00:00.000,30.459418499999995,summer weekday,30.1
12700,2024-06-13 04:00:00.000,32.349912,summer weekday,30.1
12701,2024-06-13 05:00:00.000,35.27998949999999,summer weekday,34.9
12702,2024-06-13 06:00:00.000,36.3645555,summer weekday,34.9
12703,2024-06-13 07:00:00.000,34.35660899999999,summer weekday,34.9
12704,2024-06-13 08:00:00.000,30.455669999999994,summer weekday,30.1
12705,2024-06-13 09:00:00.000,28.6076595,summer weekday,30.1
12706,2024-06-13 10:00:00.000,27.6955245,summer weekday,25.44
12707,2024-06-13 11:00:00.000,26.652191999999992,summer weekday,25.44
12708,2024-06-13 12:00:00.000,25.852512,summer weekday,25.44
12709,2024-06-13 13:00:00.000,25.401442499999995,summer weekday,25.44
12710,2024-06-13 14:00:00.000,26.699673,summer weekday,25.44
12711,2024-06-13 15:00:00.000,29.658489,summer weekday,30.1
12712,2024-06-13 16:00:00.000,29.990856,summer weekday,30.1
12713,2024-06-13 17:00:00.000,33.3432645,summer weekday,34.9
12714,2024-06-13 18:00:00.000,37.435377,summer weekday,34.9
12715,2024-06-13 19:00:00.000,43.5191925,summer weekday,34.9
12716,2024-06-13 20:00:00.000,40.456668,summer weekday,34.9
12717,2024-06-13 21:00:00.000,33.52569149999999,summer weekday,34.9
12718,2024-06-13 22:00:00.000,30.628101,summer weekday,30.1
12719,2024-06-13 23:00:00.000,30.3719535,summer weekday,30.1
12720,2024-06-14 00:00:00.000,28.9125375,summer weekday,30.1
12721,2024-06-14 01:00:00.000,27.9729135,summer weekday,30.1
12722,2024-06-14 02:00:00.000,27.423133499999995,summer weekday,25.44
12723,2024-06-14 03:00:00.000,26.959568999999995,summer weekday,25.44
12724,2024-06-14 04:00:00.000,28.009149,summer weekday,30.1
12725,2024-06-14 05:00:00.000,30.606859499999995,summer weekday,30.1
12726,2024-06-14 06:00:00.000,32.5985625,summer weekday,34.9
12727,2024-06-14 07:00:00.000,33.103360499999994,summer weekday,34.9
12728,2024-06-14 08:00:00.000,32.797233,summer weekday,34.9
12729,2024-06-14 09:00:00.000,30.25325099999999,summer weekday,30.1
12730,2024-06-14 10:00:00.000,28.493955,summer weekday,30.1
12731,2024-06-14 11:00:00.000,27.591815999999994,summer weekday,25.44
12732,2024-06-14 12:00:00.000,25.914987,summer weekday,25.44
12733,2024-06-14 13:00:00.000,25.075323,summer weekday,25.44
12734,2024-06-14 14:00:00.000,25.10781,summer weekday,25.44
12735,2024-06-14 15:00:00.000,27.5205945,summer weekday,25.44
12736,2024-06-14 16:00:00.000,29.35611,summer weekday,30.1
12737,2024-06-14 17:00:00.000,31.352811,summer weekday,30.1
12738,2024-06-14 18:00:00.000,36.97805999999999,summer weekday,34.9
12739,2024-06-14 19:00:00.000,35.89224449999999,summer weekday,34.9
12740,2024-06-14 20:00:00.000,34.619004,summer weekday,34.9
12741,2024-06-14 21:00:00.000,30.4069395,summer weekday,30.1
12742,2024-06-14 22:00:00.000,27.409389,summer weekday,25.44
12743,2024-06-14 23:00:00.000,27.566825999999992,summer weekday,25.44
12744,2024-06-15 00:00:00.000,25.112808,summer weekend,27.0
12745,2024-06-15 01:00:00.000,23.7296115,summer weekend,27.0
12746,2024-06-15 02:00:00.000,23.590917,summer weekend,27.0
12747,2024-06-15 03:00:00.000,22.7974845,summer weekend,19.7
12748,2024-06-15 04:00:00.000,21.239358,summer weekend,19.7
12749,2024-06-15 05:00:00.000,20.177283,summer weekend,19.7
12750,2024-06-15 06:00:00.000,19.996105499999995,summer weekend,19.7
12751,2024-06-15 07:00:00.000,19.98486,summer weekend,19.7
12752,2024-06-15 08:00:00.000,19.978077,summer weekend,19.7
12753,2024-06-15 09:00:00.000,18.845316000000004,summer weekend,19.7
12754,2024-06-15 10:00:00.000,16.701888,summer weekend,19.7
12755,2024-06-15 11:00:00.000,14.906654,summer weekend,19.7
12756,2024-06-15 12:00:00.000,12.584607,summer weekend,19.7
12757,2024-06-15 13:00:00.000,10.939729499999997,summer weekend,19.7
12758,2024-06-15 14:00:00.000,13.628058500000002,summer weekend,19.7
12759,2024-06-15 15:00:00.000,16.646493500000002,summer weekend,19.7
12760,2024-06-15 16:00:00.000,19.437698,summer weekend,19.7
12761,2024-06-15 17:00:00.000,19.9837295,summer weekend,19.7
12762,2024-06-15 18:00:00.000,24.982859999999995,summer weekend,27.0
12763,2024-06-15 19:00:00.000,30.515646,summer weekend,31.66
12764,2024-06-15 20:00:00.000,29.970863999999995,summer weekend,31.66
12765,2024-06-15 21:00:00.000,28.019144999999995,summer weekend,27.0
12766,2024-06-15 22:00:00.000,25.03284,summer weekend,27.0
12767,2024-06-15 23:00:00.000,23.0973645,summer weekend,19.7
12768,2024-06-16 00:00:00.000,21.279342,summer weekend,19.7
12769,2024-06-16 01:00:00.000,20.599614,summer weekend,19.7
12770,2024-06-16 02:00:00.000,20.349714,summer weekend,19.7
12771,2024-06-16 03:00:00.000,20.2585005,summer weekend,19.7
12772,2024-06-16 04:00:00.000,20.3009835,summer weekend,19.7
12773,2024-06-16 05:00:00.000,20.3534625,summer weekend,19.7
12774,2024-06-16 06:00:00.000,20.0710755,summer weekend,19.7
12775,2024-06-16 07:00:00.000,19.982599,summer weekend,19.7
12776,2024-06-16 08:00:00.000,19.840156,summer weekend,19.7
12777,2024-06-16 09:00:00.000,18.854360000000003,summer weekend,19.7
12778,2024-06-16 10:00:00.000,18.477903500000004,summer weekend,19.7
12779,2024-06-16 11:00:00.000,17.7227295,summer weekend,19.7
12780,2024-06-16 12:00:00.000,16.592229500000002,summer weekend,19.7
12781,2024-06-16 13:00:00.000,15.9523665,summer weekend,19.7
12782,2024-06-16 14:00:00.000,16.701888,summer weekend,19.7
12783,2024-06-16 15:00:00.000,18.838533,summer weekend,19.7
12784,2024-06-16 16:00:00.000,19.720323,summer weekend,19.7
12785,2024-06-16 17:00:00.000,27.009549,summer weekend,27.0
12786,2024-06-16 18:00:00.000,32.43612749999999,summer weekend,31.66
12787,2024-06-16 19:00:00.000,34.872652499999994,summer weekend,31.66
12788,2024-06-16 20:00:00.000,35.513645999999994,summer weekend,31.66
12789,2024-06-16 21:00:00.000,35.021343,summer weekend,31.66
12790,2024-06-16 22:00:00.000,31.785138,summer weekend,31.66
12791,2024-06-16 23:00:00.000,29.558529,summer weekend,31.66
12792,2024-06-17 00:00:00.000,28.3227735,summer weekday,30.1
12793,2024-06-17 01:00:00.000,28.582669499999994,summer weekday,30.1
12794,2024-06-17 02:00:00.000,28.9575195,summer weekday,30.1
12795,2024-06-17 03:00:00.000,29.176182,summer weekday,30.1
12796,2024-06-17 04:00:00.000,31.232859,summer weekday,30.1
12797,2024-06-17 05:00:00.000,34.870153499999994,summer weekday,34.9
12798,2024-06-17 06:00:00.000,36.56322599999999,summer weekday,34.9
12799,2024-06-17 07:00:00.000,34.5077985,summer weekday,34.9
12800,2024-06-17 08:00:00.000,30.571873499999995,summer weekday,30.1
12801,2024-06-17 09:00:00.000,27.7455045,summer weekday,25.44
12802,2024-06-17 10:00:00.000,26.858359499999995,summer weekday,25.44
12803,2024-06-17 11:00:00.000,25.215267,summer weekday,25.44
12804,2024-06-17 12:00:00.000,24.914137499999995,summer weekday,25.44
12805,2024-06-17 13:00:00.000,25.810029,summer weekday,25.44
12806,2024-06-17 14:00:00.000,26.799633,summer weekday,25.44
12807,2024-06-17 15:00:00.000,28.0078995,summer weekday,30.1
12808,2024-06-17 16:00:00.000,31.052931,summer weekday,30.1
12809,2024-06-17 17:00:00.000,34.249151999999995,summer weekday,34.9
12810,2024-06-17 18:00:00.000,39.6482415,summer weekday,34.9
12811,2024-06-17 19:00:00.000,46.24435199999999,summer weekday,34.9
12812,2024-06-17 20:00:00.000,44.97610949999999,summer weekday,34.9
12813,2024-06-17 21:00:00.000,35.9972025,summer weekday,34.9
12814,2024-06-17 22:00:00.000,32.67353249999999,summer weekday,34.9
12815,2024-06-17 23:00:00.000,32.095014,summer weekday,30.1
12816,2024-06-18 00:00:00.000,31.2665955,summer weekday,30.1
12817,2024-06-18 01:00:00.000,30.9217335,summer weekday,30.1
12818,2024-06-18 02:00:00.000,31.1416455,summer weekday,30.1
12819,2024-06-18 03:00:00.000,31.2665955,summer weekday,30.1
12820,2024-06-18 04:00:00.000,31.972563,summer weekday,30.1
12821,2024-06-18 05:00:00.000,36.7893855,summer weekday,34.9
12822,2024-06-18 06:00:00.000,36.24960149999999,summer weekday,34.9
12823,2024-06-18 07:00:00.000,31.975062,summer weekday,30.1
12824,2024-06-18 08:00:00.000,30.093315,summer weekday,30.1
12825,2024-06-18 09:00:00.000,28.7201145,summer weekday,30.1
12826,2024-06-18 10:00:00.000,26.8333695,summer weekday,25.44
12827,2024-06-18 11:00:00.000,26.377302,summer weekday,25.44
12828,2024-06-18 12:00:00.000,26.36105849999999,summer weekday,25.44
12829,2024-06-18 13:00:00.000,27.112008,summer weekday,25.44
12830,2024-06-18 14:00:00.000,29.121204,summer weekday,30.1
12831,2024-06-18 15:00:00.000,29.51104799999999,summer weekday,30.1
12832,2024-06-18 16:00:00.000,31.237857,summer weekday,30.1
12833,2024-06-18 17:00:00.000,36.63444749999999,summer weekday,34.9
12834,2024-06-18 18:00:00.000,39.7507005,summer weekday,34.9
12835,2024-06-18 19:00:00.000,41.46001649999999,summer weekday,34.9
12836,2024-06-18 20:00:00.000,36.7868865,summer weekday,34.9
12837,2024-06-18 21:00:00.000,33.00464999999999,summer weekday,34.9
12838,2024-06-18 22:00:00.000,31.4340285,summer weekday,30.1
12839,2024-06-18 23:00:00.000,32.473612499999994,summer weekday,30.1
12840,2024-06-19 00:00:00.000,31.4090385,summer weekday,30.1
12841,2024-06-19 01:00:00.000,30.8367675,summer weekday,30.1
12842,2024-06-19 02:00:00.000,30.703070999999994,summer weekday,30.1
12843,2024-06-19 03:00:00.000,30.4144365,summer weekday,30.1
12844,2024-06-19 04:00:00.000,30.78178949999999,summer weekday,30.1
12845,2024-06-19 05:00:00.000,34.0479825,summer weekday,34.9
12846,2024-06-19 06:00:00.000,34.58276849999999,summer weekday,34.9
12847,2024-06-19 07:00:00.000,33.395743499999995,summer weekday,34.9
12848,2024-06-19 08:00:00.000,30.7692945,summer weekday,30.1
12849,2024-06-19 09:00:00.000,29.368604999999995,summer weekday,30.1
12850,2024-06-19 10:00:00.000,28.2602985,summer weekday,30.1
12851,2024-06-19 11:00:00.000,27.2357085,summer weekday,25.44
12852,2024-06-19 12:00:00.000,24.962868,summer weekday,25.44
12853,2024-06-19 13:00:00.000,22.784989499999995,summer weekday,25.44
12854,2024-06-19 14:00:00.000,22.928681999999995,summer weekday,25.44
12855,2024-06-19 15:00:00.000,27.469365,summer weekday,25.44
12856,2024-06-19 16:00:00.000,28.731359999999995,summer weekday,30.1
12857,2024-06-19 17:00:00.000,31.035437999999992,summer weekday,30.1
12858,2024-06-19 18:00:00.000,32.842215,summer weekday,34.9
12859,2024-06-19 19:00:00.000,37.935177,summer weekday,34.9
12860,2024-06-19 20:00:00.000,34.36410599999999,summer weekday,34.9
12861,2024-06-19 21:00:00.000,33.51194699999999,summer weekday,34.9
12862,2024-06-19 22:00:00.000,31.631449499999995,summer weekday,30.1
12863,2024-06-19 23:00:00.000,30.7168155,summer weekday,30.1
12864,2024-06-20 00:00:00.000,29.808429,summer weekday,30.1
12865,2024-06-20 01:00:00.000,29.840916,summer weekday,30.1
12866,2024-06-20 02:00:00.000,29.833419,summer weekday,30.1
12867,2024-06-20 03:00:00.000,29.808429,summer weekday,30.1
12868,2024-06-20 04:00:00.000,30.7992825,summer weekday,30.1
12869,2024-06-20 05:00:00.000,34.242904499999995,summer weekday,34.9
12870,2024-06-20 06:00:00.000,34.084218,summer weekday,34.9
12871,2024-06-20 07:00:00.000,32.8534605,summer weekday,34.9
12872,2024-06-20 08:00:00.000,30.067075499999994,summer weekday,30.1
12873,2024-06-20 09:00:00.000,28.622653499999995,summer weekday,30.1
12874,2024-06-20 10:00:00.000,27.3281715,summer weekday,25.44
12875,2024-06-20 11:00:00.000,26.914587,summer weekday,25.44
12876,2024-06-20 12:00:00.000,26.708419499999994,summer weekday,25.44
12877,2024-06-20 13:00:00.000,27.129501,summer weekday,25.44
12878,2024-06-20 14:00:00.000,28.553930999999995,summer weekday,30.1
12879,2024-06-20 15:00:00.000,29.98086,summer weekday,30.1
12880,2024-06-20 16:00:00.000,32.263696499999995,summer weekday,30.1
12881,2024-06-20 17:00:00.000,34.8926445,summer weekday,34.9
12882,2024-06-20 18:00:00.000,39.429579,summer weekday,34.9
12883,2024-06-20 19:00:00.000,44.9861055,summer weekday,34.9
12884,2024-06-20 20:00:00.000,36.235857,summer weekday,34.9
12885,2024-06-20 21:00:00.000,33.958018499999994,summer weekday,34.9
12886,2024-06-20 22:00:00.000,31.8613575,summer weekday,30.1
12887,2024-06-20 23:00:00.000,32.58106949999999,summer weekday,34.9
12888,2024-06-21 00:00:00.000,31.3265715,summer weekday,30.1
12889,2024-06-21 01:00:00.000,31.2241125,summer weekday,30.1
12890,2024-06-21 02:00:00.000,30.959218499999995,summer weekday,30.1
12891,2024-06-21 03:00:00.000,30.7692945,summer weekday,30.1
12892,2024-06-21 04:00:00.000,30.748053,summer weekday,30.1
12893,2024-06-21 05:00:00.000,32.095014,summer weekday,30.1
12894,2024-06-21 06:00:00.000,35.32872,summer weekday,34.9
12895,2024-06-21 07:00:00.000,35.208768,summer weekday,34.9
12896,2024-06-21 08:00:00.000,33.9380265,summer weekday,34.9
12897,2024-06-21 09:00:00.000,32.5610775,summer weekday,34.9
12898,2024-06-21 10:00:00.000,31.222863,summer weekday,30.1
12899,2024-06-21 11:00:00.000,31.047933,summer weekday,30.1
12900,2024-06-21 12:00:00.000,30.315725999999994,summer weekday,30.1
12901,2024-06-21 13:00:00.000,29.758448999999995,summer weekday,30.1
12902,2024-06-21 14:00:00.000,30.2345085,summer weekday,30.1
12903,2024-06-21 15:00:00.000,31.0866675,summer weekday,30.1
12904,2024-06-21 16:00:00.000,32.5610775,summer weekday,34.9
12905,2024-06-21 17:00:00.000,33.72935999999999,summer weekday,34.9
12906,2024-06-21 18:00:00.000,34.595263499999994,summer weekday,34.9
12907,2024-06-21 19:00:00.000,34.27914,summer weekday,34.9
12908,2024-06-21 20:00:00.000,33.13709699999999,summer weekday,34.9
12909,2024-06-21 21:00:00.000,31.9788105,summer weekday,30.1
12910,2024-06-21 22:00:00.000,30.248252999999995,summer weekday,30.1
12911,2024-06-21 23:00:00.000,29.9896065,summer weekday,30.1
12912,2024-06-22 00:00:00.000,28.7625975,summer weekend,27.0
12913,2024-06-22 01:00:00.000,27.7854885,summer weekend,27.0
12914,2024-06-22 02:00:00.000,26.294834999999992,summer weekend,27.0
12915,2024-06-22 03:00:00.000,26.184878999999995,summer weekend,27.0
12916,2024-06-22 04:00:00.000,25.791286499999995,summer weekend,27.0
12917,2024-06-22 05:00:00.000,27.551832,summer weekend,27.0
12918,2024-06-22 06:00:00.000,26.0936655,summer weekend,27.0
12919,2024-06-22 07:00:00.000,25.597614,summer weekend,27.0
12920,2024-06-22 08:00:00.000,24.3143775,summer weekend,27.0
12921,2024-06-22 09:00:00.000,21.551733,summer weekend,19.7
12922,2024-06-22 10:00:00.000,20.4334305,summer weekend,19.7
12923,2024-06-22 11:00:00.000,20.312229,summer weekend,19.7
12924,2024-06-22 12:00:00.000,19.9886085,summer weekend,19.7
12925,2024-06-22 13:00:00.000,19.9837295,summer weekend,19.7
12926,2024-06-22 14:00:00.000,19.9769465,summer weekend,19.7
12927,2024-06-22 15:00:00.000,20.5133985,summer weekend,19.7
12928,2024-06-22 16:00:00.000,25.3064805,summer weekend,27.0
12929,2024-06-22 17:00:00.000,30.042085499999992,summer weekend,31.66
12930,2024-06-22 18:00:00.000,33.99925199999999,summer weekend,31.66
12931,2024-06-22 19:00:00.000,35.3299695,summer weekend,31.66
12932,2024-06-22 20:00:00.000,35.48490749999999,summer weekend,31.66
12933,2024-06-22 21:00:00.000,33.750601499999995,summer weekend,31.66
12934,2024-06-22 22:00:00.000,31.201621499999995,summer weekend,31.66
12935,2024-06-22 23:00:00.000,31.2915855,summer weekend,31.66
12936,2024-06-23 00:00:00.000,29.8871475,summer weekend,31.66
12937,2024-06-23 01:00:00.000,28.886298,summer weekend,27.0
12938,2024-06-23 02:00:00.000,28.8150765,summer weekend,27.0
12939,2024-06-23 03:00:00.000,28.349013,summer weekend,27.0
12940,2024-06-23 04:00:00.000,27.7430055,summer weekend,27.0
12941,2024-06-23 05:00:00.000,27.219465,summer weekend,27.0
12942,2024-06-23 06:00:00.000,25.7762925,summer weekend,27.0
12943,2024-06-23 07:00:00.000,22.4551215,summer weekend,19.7
12944,2024-06-23 08:00:00.000,20.514648,summer weekend,19.7
12945,2024-06-23 09:00:00.000,19.98486,summer weekend,19.7
12946,2024-06-23 10:00:00.000,19.9792075,summer weekend,19.7
12947,2024-06-23 11:00:00.000,19.973555,summer weekend,19.7
12948,2024-06-23 12:00:00.000,19.8661575,summer weekend,19.7
12949,2024-06-23 13:00:00.000,19.7350195,summer weekend,19.7
12950,2024-06-23 14:00:00.000,19.7531075,summer weekend,19.7
12951,2024-06-23 15:00:00.000,19.9543365,summer weekend,19.7
12952,2024-06-23 16:00:00.000,22.8099795,summer weekend,19.7
12953,2024-06-23 17:00:00.000,28.871303999999995,summer weekend,27.0
12954,2024-06-23 18:00:00.000,32.417385,summer weekend,31.66
12955,2024-06-23 19:00:00.000,34.37160299999999,summer weekend,31.66
12956,2024-06-23 20:00:00.000,34.409088,summer weekend,31.66
12957,2024-06-23 21:00:00.000,34.2703935,summer weekend,31.66
12958,2024-06-23 22:00:00.000,32.4536205,summer weekend,31.66
12959,2024-06-23 23:00:00.000,33.252050999999994,summer weekend,31.66
12960,2024-06-24 00:00:00.000,31.5040005,summer weekday,30.1
12961,2024-06-24 01:00:00.000,30.5968635,summer weekday,30.1
12962,2024-06-24 02:00:00.000,30.538136999999995,summer weekday,30.1
12963,2024-06-24 03:00:00.000,30.600611999999995,summer weekday,30.1
12964,2024-06-24 04:00:00.000,32.10750899999999,summer weekday,30.1
12965,2024-06-24 05:00:00.000,36.98555699999999,summer weekday,34.9
12966,2024-06-24 06:00:00.000,36.97805999999999,summer weekday,34.9
12967,2024-06-24 07:00:00.000,32.8534605,summer weekday,34.9
12968,2024-06-24 08:00:00.000,29.898392999999995,summer weekday,30.1
12969,2024-06-24 09:00:00.000,26.717165999999995,summer weekday,25.44
12970,2024-06-24 10:00:00.000,24.7092195,summer weekday,25.44
12971,2024-06-24 11:00:00.000,23.882050499999995,summer weekday,25.44
12972,2024-06-24 12:00:00.000,23.728362,summer weekday,25.44
12973,2024-06-24 13:00:00.000,23.849563499999995,summer weekday,25.44
12974,2024-06-24 14:00:00.000,25.963717499999994,summer weekday,25.44
12975,2024-06-24 15:00:00.000,28.271543999999995,summer weekday,30.1
12976,2024-06-24 16:00:00.000,30.291985499999992,summer weekday,30.1
12977,2024-06-24 17:00:00.000,32.2786905,summer weekday,30.1
12978,2024-06-24 18:00:00.000,39.139695,summer weekday,34.9
12979,2024-06-24 19:00:00.000,46.139394,summer weekday,34.9
12980,2024-06-24 20:00:00.000,39.47706,summer weekday,34.9
12981,2024-06-24 21:00:00.000,34.5527805,summer weekday,34.9
12982,2024-06-24 22:00:00.000,31.4665155,summer weekday,30.1
12983,2024-06-24 23:00:00.000,31.08042,summer weekday,30.1
12984,2024-06-25 00:00:00.000,30.58062,summer weekday,30.1
12985,2024-06-25 01:00:00.000,30.578121,summer weekday,30.1
12986,2024-06-25 02:00:00.000,30.633098999999994,summer weekday,30.1
12987,2024-06-25 03:00:00.000,30.668085,summer weekday,30.1
12988,2024-06-25 04:00:00.000,31.842614999999995,summer weekday,30.1
12989,2024-06-25 05:00:00.000,34.32912,summer weekday,34.9
12990,2024-06-25 06:00:00.000,35.228759999999994,summer weekday,34.9
12991,2024-06-25 07:00:00.000,32.95466999999999,summer weekday,34.9
12992,2024-06-25 08:00:00.000,29.311128,summer weekday,30.1
12993,2024-06-25 09:00:00.000,26.022444,summer weekday,25.44
12994,2024-06-25 10:00:00.000,21.5879685,summer weekday,25.44
12995,2024-06-25 11:00:00.000,19.98486,summer weekday,25.44
12996,2024-06-25 12:00:00.000,19.9792075,summer weekday,25.44
12997,2024-06-25 13:00:00.000,19.980338,summer weekday,25.44
12998,2024-06-25 14:00:00.000,21.4330305,summer weekday,25.44
12999,2024-06-25 15:00:00.000,26.0286915,summer weekday,25.44
13000,2024-06-25 16:00:00.000,29.23116,summer weekday,30.1
13001,2024-06-25 17:00:00.000,31.967565,summer weekday,30.1
13002,2024-06-25 18:00:00.000,36.090915,summer weekday,34.9
13003,2024-06-25 19:00:00.000,37.0642755,summer weekday,34.9
13004,2024-06-25 20:00:00.000,35.240005499999995,summer weekday,34.9
13005,2024-06-25 21:00:00.000,33.30078149999999,summer weekday,34.9
13006,2024-06-25 22:00:00.000,31.2241125,summer weekday,30.1
13007,2024-06-25 23:00:00.000,57.47360849999998,summer weekday,34.9
13008,2024-06-26 00:00:00.000,49.36435349999999,summer weekday,34.9
13009,2024-06-26 01:00:00.000,54.9396225,summer weekday,34.9
13010,2024-06-26 02:00:00.000,69.96485999999999,summer weekday,34.9
13011,2024-06-26 03:00:00.000,69.96985799999999,summer weekday,34.9
13012,2024-06-26 04:00:00.000,143.52417450000002,summer weekday,34.9
13013,2024-06-26 05:00:00.000,310.5973185,summer weekday,34.9
13014,2024-06-26 06:00:00.000,144.93486,summer weekday,34.9
13015,2024-06-26 07:00:00.000,69.96610949999999,summer weekday,34.9
13016,2024-06-26 08:00:00.000,32.24245499999999,summer weekday,30.1
13017,2024-06-26 09:00:00.000,27.666785999999995,summer weekday,25.44
13018,2024-06-26 10:00:00.000,23.101112999999994,summer weekday,25.44
13019,2024-06-26 11:00:00.000,19.978077,summer weekday,25.44
13020,2024-06-26 12:00:00.000,19.982599,summer weekday,25.44
13021,2024-06-26 13:00:00.000,20.7632985,summer weekday,25.44
13022,2024-06-26 14:00:00.000,28.1103585,summer weekday,30.1
13023,2024-06-26 15:00:00.000,29.461068,summer weekday,30.1
13024,2024-06-26 16:00:00.000,37.8139755,summer weekday,34.9
13025,2024-06-26 17:00:00.000,69.9736065,summer weekday,34.9
13026,2024-06-26 18:00:00.000,144.82115550000003,summer weekday,34.9
13027,2024-06-26 19:00:00.000,244.43504400000003,summer weekday,34.9
13028,2024-06-26 20:00:00.000,145.51712700000002,summer weekday,34.9
13029,2024-06-26 21:00:00.000,70.57836449999999,summer weekday,34.9
13030,2024-06-26 22:00:00.000,69.97235699999999,summer weekday,34.9
13031,2024-06-26 23:00:00.000,31.98006,summer weekday,30.1
13032,2024-06-27 00:00:00.000,30.843015,summer weekday,30.1
13033,2024-06-27 01:00:00.000,30.03084,summer weekday,30.1
13034,2024-06-27 02:00:00.000,30.335718,summer weekday,30.1
13035,2024-06-27 03:00:00.000,29.829670499999995,summer weekday,30.1
13036,2024-06-27 04:00:00.000,30.603111,summer weekday,30.1
13037,2024-06-27 05:00:00.000,34.667734499999995,summer weekday,34.9
13038,2024-06-27 06:00:00.000,35.6173545,summer weekday,34.9
13039,2024-06-27 07:00:00.000,34.35410999999999,summer weekday,34.9
13040,2024-06-27 08:00:00.000,31.0891665,summer weekday,30.1
13041,2024-06-27 09:00:00.000,28.324023,summer weekday,30.1
13042,2024-06-27 10:00:00.000,26.532239999999994,summer weekday,25.44
13043,2024-06-27 11:00:00.000,26.084919,summer weekday,25.44
13044,2024-06-27 12:00:00.000,25.6463445,summer weekday,25.44
13045,2024-06-27 13:00:00.000,25.552632,summer weekday,25.44
13046,2024-06-27 14:00:00.000,26.0311905,summer weekday,25.44
13047,2024-06-27 15:00:00.000,27.721764,summer weekday,25.44
13048,2024-06-27 16:00:00.000,29.429830499999994,summer weekday,30.1
13049,2024-06-27 17:00:00.000,29.9221335,summer weekday,30.1
13050,2024-06-27 18:00:00.000,33.739355999999994,summer weekday,34.9
13051,2024-06-27 19:00:00.000,44.97985799999999,summer weekday,34.9
13052,2024-06-27 20:00:00.000,43.248051,summer weekday,34.9
13053,2024-06-27 21:00:00.000,35.62984949999999,summer weekday,34.9
13054,2024-06-27 22:00:00.000,32.70477,summer weekday,34.9
13055,2024-06-27 23:00:00.000,32.0862675,summer weekday,30.1
13056,2024-06-28 00:00:00.000,31.907588999999994,summer weekday,30.1
13057,2024-06-28 01:00:00.000,30.740555999999994,summer weekday,30.1
13058,2024-06-28 02:00:00.000,29.9771115,summer weekday,30.1
13059,2024-06-28 03:00:00.000,30.431929499999995,summer weekday,30.1
13060,2024-06-28 04:00:00.000,31.390295999999992,summer weekday,30.1
13061,2024-06-28 05:00:00.000,35.015095499999994,summer weekday,34.9
13062,2024-06-28 06:00:00.000,33.59566349999999,summer weekday,34.9
13063,2024-06-28 07:00:00.000,30.5918655,summer weekday,30.1
13064,2024-06-28 08:00:00.000,27.469365,summer weekday,25.44
13065,2024-06-28 09:00:00.000,23.039887499999992,summer weekday,25.44
13066,2024-06-28 10:00:00.000,20.2385085,summer weekday,25.44
13067,2024-06-28 11:00:00.000,19.808502,summer weekday,25.44
13068,2024-06-28 12:00:00.000,19.4094355,summer weekday,25.44
13069,2024-06-28 13:00:00.000,18.8600125,summer weekday,25.44
13070,2024-06-28 14:00:00.000,18.8645345,summer weekday,25.44
13071,2024-06-28 15:00:00.000,19.252296,summer weekday,25.44
13072,2024-06-28 16:00:00.000,20.437179,summer weekday,25.44
13073,2024-06-28 17:00:00.000,25.23026099999999,summer weekday,25.44
13074,2024-06-28 18:00:00.000,30.52064399999999,summer weekday,30.1
13075,2024-06-28 19:00:00.000,33.59566349999999,summer weekday,34.9
13076,2024-06-28 20:00:00.000,37.235457,summer weekday,34.9
13077,2024-06-28 21:00:00.000,35.799781499999995,summer weekday,34.9
13078,2024-06-28 22:00:00.000,33.606908999999995,summer weekday,34.9
13079,2024-06-28 23:00:00.000,33.77934,summer weekday,34.9
13080,2024-06-29 00:00:00.000,33.71811449999999,summer weekend,31.66
13081,2024-06-29 01:00:00.000,33.7156155,summer weekend,31.66
13082,2024-06-29 02:00:00.000,33.674381999999994,summer weekend,31.66
13083,2024-06-29 03:00:00.000,33.4907055,summer weekend,31.66
13084,2024-06-29 04:00:00.000,32.86345649999999,summer weekend,31.66
13085,2024-06-29 05:00:00.000,32.057528999999995,summer weekend,31.66
13086,2024-06-29 06:00:00.000,30.498153,summer weekend,31.66
13087,2024-06-29 07:00:00.000,28.345264499999995,summer weekend,27.0
13088,2024-06-29 08:00:00.000,23.680880999999992,summer weekend,27.0
13089,2024-06-29 09:00:00.000,20.614608,summer weekend,19.7
13090,2024-06-29 10:00:00.000,19.989858,summer weekend,19.7
13091,2024-06-29 11:00:00.000,19.982599,summer weekend,19.7
13092,2024-06-29 12:00:00.000,19.9588585,summer weekend,19.7
13093,2024-06-29 13:00:00.000,19.975816,summer weekend,19.7
13094,2024-06-29 14:00:00.000,20.147295,summer weekend,19.7
13095,2024-06-29 15:00:00.000,21.4730145,summer weekend,19.7
13096,2024-06-29 16:00:00.000,28.6701345,summer weekend,27.0
13097,2024-06-29 17:00:00.000,33.01714499999999,summer weekend,31.66
13098,2024-06-29 18:00:00.000,35.8447635,summer weekend,31.66
13099,2024-06-29 19:00:00.000,37.37789999999999,summer weekend,31.66
13100,2024-06-29 20:00:00.000,34.14169499999999,summer weekend,31.66
13101,2024-06-29 21:00:00.000,32.489856,summer weekend,31.66
13102,2024-06-29 22:00:00.000,31.708918499999992,summer weekend,31.66
13103,2024-06-29 23:00:00.000,28.738857,summer weekend,27.0
13104,2024-06-30 00:00:00.000,27.6930255,summer weekend,27.0
13105,2024-06-30 01:00:00.000,28.3152765,summer weekend,27.0
13106,2024-06-30 02:00:00.000,28.3627575,summer weekend,27.0
13107,2024-06-30 03:00:00.000,28.026641999999995,summer weekend,27.0
13108,2024-06-30 04:00:00.000,26.4060405,summer weekend,27.0
13109,2024-06-30 05:00:00.000,26.427282,summer weekend,27.0
13110,2024-06-30 06:00:00.000,22.536338999999995,summer weekend,19.7
13111,2024-06-30 07:00:00.000,20.8382685,summer weekend,19.7
13112,2024-06-30 08:00:00.000,20.087319,summer weekend,19.7
13113,2024-06-30 09:00:00.000,19.98486,summer weekend,19.7
13114,2024-06-30 10:00:00.000,19.98486,summer weekend,19.7
13115,2024-06-30 11:00:00.000,19.982599,summer weekend,19.7
13116,2024-06-30 12:00:00.000,19.8141545,summer weekend,19.7
13117,2024-06-30 13:00:00.000,19.8616355,summer weekend,19.7
13118,2024-06-30 14:00:00.000,19.98486,summer weekend,19.7
13119,2024-06-30 15:00:00.000,20.0985645,summer weekend,19.7
13120,2024-06-30 16:00:00.000,24.565527,summer weekend,27.0
13121,2024-06-30 17:00:00.000,28.733858999999995,summer weekend,27.0
13122,2024-06-30 18:00:00.000,30.887997,summer weekend,31.66
13123,2024-06-30 19:00:00.000,32.467365,summer weekend,31.66
13124,2024-06-30 20:00:00.000,32.7784905,summer weekend,31.66
13125,2024-06-30 21:00:00.000,32.749751999999994,summer weekend,31.66
13126,2024-06-30 22:00:00.000,31.6064595,summer weekend,31.66
13127,2024-06-30 23:00:00.015,31.840115999999995,summer weekend,31.66
13128,2024-07-01 00:00:00.000,30.52064399999999,summer weekday,30.1
13129,2024-07-01 01:00:00.000,29.7547005,summer weekday,30.1
13130,2024-07-01 02:00:00.000,29.7322095,summer weekday,30.1
13131,2024-07-01 03:00:00.000,29.434828499999995,summer weekday,30.1
13132,2024-07-01 04:00:00.000,30.083318999999992,summer weekday,30.1
13133,2024-07-01 05:00:00.000,35.2525005,summer weekday,34.9
13134,2024-07-01 06:00:00.000,37.640295,summer weekday,34.9
13135,2024-07-01 07:00:00.000,37.772742,summer weekday,34.9
13136,2024-07-01 08:00:00.000,34.42533149999999,summer weekday,34.9
13137,2024-07-01 09:00:00.000,33.3557595,summer weekday,34.9
13138,2024-07-01 10:00:00.000,31.4390265,summer weekday,30.1
13139,2024-07-01 11:00:00.000,29.653490999999995,summer weekday,30.1
13140,2024-07-01 12:00:00.000,28.718865,summer weekday,30.1
13141,2024-07-01 13:00:00.000,24.972864,summer weekday,25.44
13142,2024-07-01 14:00:00.000,24.309379499999995,summer weekday,25.44
13143,2024-07-01 15:00:00.000,24.6867285,summer weekday,25.44
13144,2024-07-01 16:00:00.000,27.75675,summer weekday,25.44
13145,2024-07-01 17:00:00.000,29.735958,summer weekday,30.1
13146,2024-07-01 18:00:00.000,32.7884865,summer weekday,34.9
13147,2024-07-01 19:00:00.000,40.82527049999999,summer weekday,34.9
13148,2024-07-01 20:00:00.000,36.11590499999999,summer weekday,34.9
13149,2024-07-01 21:00:00.000,33.4182345,summer weekday,34.9
13150,2024-07-01 22:00:00.000,30.965466,summer weekday,30.1
13151,2024-07-01 23:00:00.000,30.1795305,summer weekday,30.1
13152,2024-07-02 00:00:00.000,29.972113499999995,summer weekday,30.1
13153,2024-07-02 01:00:00.000,30.2395065,summer weekday,30.1
13154,2024-07-02 02:00:00.000,30.0995625,summer weekday,30.1
13155,2024-07-02 03:00:00.000,30.2295105,summer weekday,30.1
13156,2024-07-02 04:00:00.000,30.2295105,summer weekday,30.1
13157,2024-07-02 05:00:00.000,32.042534999999994,summer weekday,30.1
13158,2024-07-02 06:00:00.000,32.5660755,summer weekday,34.9
13159,2024-07-02 07:00:00.000,32.6385465,summer weekday,34.9
13160,2024-07-02 08:00:00.000,30.917984999999994,summer weekday,30.1
13161,2024-07-02 09:00:00.000,30.3694545,summer weekday,30.1
13162,2024-07-02 10:00:00.000,29.301132,summer weekday,30.1
13163,2024-07-02 11:00:00.000,29.071224,summer weekday,30.1
13164,2024-07-02 12:00:00.000,28.626401999999995,summer weekday,30.1
13165,2024-07-02 13:00:00.000,27.5980635,summer weekday,25.44
13166,2024-07-02 14:00:00.000,27.8229735,summer weekday,30.1
13167,2024-07-02 15:00:00.000,29.258648999999995,summer weekday,30.1
13168,2024-07-02 16:00:00.000,29.468564999999995,summer weekday,30.1
13169,2024-07-02 17:00:00.000,30.5793705,summer weekday,30.1
13170,2024-07-02 18:00:00.000,32.9334285,summer weekday,34.9
13171,2024-07-02 19:00:00.000,34.35410999999999,summer weekday,34.9
13172,2024-07-02 20:00:00.000,33.72436199999999,summer weekday,34.9
13173,2024-07-02 21:00:00.000,33.610657499999995,summer weekday,34.9
13174,2024-07-02 22:00:00.000,30.73056,summer weekday,30.1
13175,2024-07-02 23:00:00.000,28.5052005,summer weekday,30.1
13176,2024-07-03 00:00:00.000,28.144095,summer weekday,30.1
13177,2024-07-03 01:00:00.000,27.879200999999995,summer weekday,30.1
13178,2024-07-03 02:00:00.000,28.179081,summer weekday,30.1
13179,2024-07-03 03:00:00.000,28.873802999999995,summer weekday,30.1
13180,2024-07-03 04:00:00.000,29.8446645,summer weekday,30.1
13181,2024-07-03 05:00:00.000,32.5110975,summer weekday,34.9
13182,2024-07-03 06:00:00.000,34.5427845,summer weekday,34.9
13183,2024-07-03 07:00:00.000,34.35410999999999,summer weekday,34.9
13184,2024-07-03 08:00:00.000,31.3040805,summer weekday,30.1
13185,2024-07-03 09:00:00.000,29.5597785,summer weekday,30.1
13186,2024-07-03 10:00:00.000,29.118704999999995,summer weekday,30.1
13187,2024-07-03 11:00:00.000,28.951272,summer weekday,30.1
13188,2024-07-03 12:00:00.000,28.873802999999995,summer weekday,30.1
13189,2024-07-03 13:00:00.000,29.121204,summer weekday,30.1
13190,2024-07-03 14:00:00.000,28.978760999999995,summer weekday,30.1
13191,2024-07-03 15:00:00.000,29.232409499999992,summer weekday,30.1
13192,2024-07-03 16:00:00.000,30.851761499999995,summer weekday,30.1
13193,2024-07-03 17:00:00.000,32.42988,summer weekday,30.1
13194,2024-07-03 18:00:00.000,34.8276705,summer weekday,34.9
13195,2024-07-03 19:00:00.000,40.4629155,summer weekday,34.9
13196,2024-07-03 20:00:00.000,34.46406599999999,summer weekday,34.9
13197,2024-07-03 21:00:00.000,31.895094,summer weekday,30.1
13198,2024-07-03 22:00:00.000,29.493555,summer weekday,30.1
13199,2024-07-03 23:00:00.000,28.011648,summer weekday,30.1
13200,2024-07-04 00:00:00.000,26.474763,summer weekday,25.44
13201,2024-07-04 01:00:00.000,23.291036999999992,summer weekday,25.44
13202,2024-07-04 02:00:00.000,22.2352095,summer weekday,25.44
13203,2024-07-04 03:00:00.000,21.244356,summer weekday,25.44
13204,2024-07-04 04:00:00.000,21.2680965,summer weekday,25.44
13205,2024-07-04 05:00:00.000,24.5367885,summer weekday,25.44
13206,2024-07-04 06:00:00.000,24.982859999999995,summer weekday,25.44
13207,2024-07-04 07:00:00.000,24.178182,summer weekday,25.44
13208,2024-07-04 08:00:00.000,22.8149775,summer weekday,25.44
13209,2024-07-04 09:00:00.000,20.222265,summer weekday,25.44
13210,2024-07-04 10:00:00.000,19.98486,summer weekday,25.44
13211,2024-07-04 11:00:00.000,19.980338,summer weekday,25.44
13212,2024-07-04 12:00:00.000,19.4162185,summer weekday,25.44
13213,2024-07-04 13:00:00.000,17.8267355,summer weekday,25.44
13214,2024-07-04 14:00:00.000,17.9465685,summer weekday,25.44
13215,2024-07-04 15:00:00.000,19.001325,summer weekday,25.44
13216,2024-07-04 16:00:00.000,19.9814685,summer weekday,25.44
13217,2024-07-04 17:00:00.000,20.8307715,summer weekday,25.44
13218,2024-07-04 18:00:00.000,26.213617499999994,summer weekday,25.44
13219,2024-07-04 19:00:00.000,30.8442645,summer weekday,30.1
13220,2024-07-04 20:00:00.000,34.391594999999995,summer weekday,34.9
13221,2024-07-04 21:00:00.000,30.8442645,summer weekday,30.1
13222,2024-07-04 22:00:00.000,27.9829095,summer weekday,30.1
13223,2024-07-04 23:00:00.000,23.9095395,summer weekday,25.44
13224,2024-07-05 00:00:00.000,22.500103499999994,summer weekday,25.44
13225,2024-07-05 01:00:00.000,22.5575805,summer weekday,25.44
13226,2024-07-05 02:00:00.000,22.4576205,summer weekday,25.44
13227,2024-07-05 03:00:00.000,21.106911,summer weekday,25.44
13228,2024-07-05 04:00:00.000,21.2356095,summer weekday,25.44
13229,2024-07-05 05:00:00.000,24.7567005,summer weekday,25.44
13230,2024-07-05 06:00:00.000,25.7013225,summer weekday,25.44
13231,2024-07-05 07:00:00.000,24.911638499999995,summer weekday,25.44
13232,2024-07-05 08:00:00.000,22.303932,summer weekday,25.44
13233,2024-07-05 09:00:00.000,20.3534625,summer weekday,25.44
13234,2024-07-05 10:00:00.000,20.0360895,summer weekday,25.44
13235,2024-07-05 11:00:00.000,19.9792075,summer weekday,25.44
13236,2024-07-05 12:00:00.000,19.912508,summer weekday,25.44
13237,2024-07-05 13:00:00.000,19.896681,summer weekday,25.44
13238,2024-07-05 14:00:00.000,19.9814685,summer weekday,25.44
13239,2024-07-05 15:00:00.000,20.2260135,summer weekday,25.44
13240,2024-07-05 16:00:00.000,22.085269499999995,summer weekday,25.44
13241,2024-07-05 17:00:00.000,28.025392499999995,summer weekday,30.1
13242,2024-07-05 18:00:00.000,31.241605499999995,summer weekday,30.1
13243,2024-07-05 19:00:00.000,37.772742,summer weekday,34.9
13244,2024-07-05 20:00:00.000,36.275841,summer weekday,34.9
13245,2024-07-05 21:00:00.000,32.757248999999995,summer weekday,34.9
13246,2024-07-05 22:00:00.000,30.5993625,summer weekday,30.1
13247,2024-07-05 23:00:00.000,31.117905,summer weekday,30.1
13248,2024-07-06 00:00:00.000,28.8200745,summer weekend,27.0
13249,2024-07-06 01:00:00.000,27.921684,summer weekend,27.0
13250,2024-07-06 02:00:00.000,25.790036999999995,summer weekend,27.0
13251,2024-07-06 03:00:00.000,24.810429,summer weekend,27.0
13252,2024-07-06 04:00:00.000,21.9453255,summer weekend,19.7
13253,2024-07-06 05:00:00.000,20.7008235,summer weekend,19.7
13254,2024-07-06 06:00:00.000,20.6558415,summer weekend,19.7
13255,2024-07-06 07:00:00.000,20.4084405,summer weekend,19.7
13256,2024-07-06 08:00:00.000,19.98486,summer weekend,19.7
13257,2024-07-06 09:00:00.000,18.863404000000003,summer weekend,19.7
13258,2024-07-06 10:00:00.000,16.7211065,summer weekend,19.7
13259,2024-07-06 11:00:00.000,16.2892555,summer weekend,19.7
13260,2024-07-06 12:00:00.000,14.999355,summer weekend,19.7
13261,2024-07-06 13:00:00.000,14.5505465,summer weekend,19.7
13262,2024-07-06 14:00:00.000,16.046198,summer weekend,19.7
13263,2024-07-06 15:00:00.000,18.438336,summer weekend,19.7
13264,2024-07-06 16:00:00.000,19.978077,summer weekend,19.7
13265,2024-07-06 17:00:00.000,20.219766,summer weekend,19.7
13266,2024-07-06 18:00:00.000,20.012349,summer weekend,19.7
13267,2024-07-06 19:00:00.000,20.8207755,summer weekend,19.7
13268,2024-07-06 20:00:00.000,21.15939,summer weekend,19.7
13269,2024-07-06 21:00:00.000,22.23396,summer weekend,19.7
13270,2024-07-06 22:00:00.000,21.736658999999992,summer weekend,19.7
13271,2024-07-06 23:00:00.000,19.9814685,summer weekend,19.7
13272,2024-07-07 00:00:00.000,19.973555,summer weekend,19.7
13273,2024-07-07 01:00:00.000,19.89442,summer weekend,19.7
13274,2024-07-07 02:00:00.000,19.930596,summer weekend,19.7
13275,2024-07-07 03:00:00.000,19.978077,summer weekend,19.7
13276,2024-07-07 04:00:00.000,19.9837295,summer weekend,19.7
13277,2024-07-07 05:00:00.000,19.9837295,summer weekend,19.7
13278,2024-07-07 06:00:00.000,19.9837295,summer weekend,19.7
13279,2024-07-07 07:00:00.000,19.91703,summer weekend,19.7
13280,2024-07-07 08:00:00.000,19.2511655,summer weekend,19.7
13281,2024-07-07 09:00:00.000,18.856621,summer weekend,19.7
13282,2024-07-07 10:00:00.000,18.623738,summer weekend,19.7
13283,2024-07-07 11:00:00.000,18.4598155,summer weekend,19.7
13284,2024-07-07 12:00:00.000,17.455931500000002,summer weekend,19.7
13285,2024-07-07 13:00:00.000,17.613070999999998,summer weekend,19.7
13286,2024-07-07 14:00:00.000,18.60565,summer weekend,19.7
13287,2024-07-07 15:00:00.000,19.288472,summer weekend,19.7
13288,2024-07-07 16:00:00.000,19.975816,summer weekend,19.7
13289,2024-07-07 17:00:00.000,27.980410499999994,summer weekend,27.0
13290,2024-07-07 18:00:00.000,31.2640965,summer weekend,31.66
13291,2024-07-07 19:00:00.000,35.683578,summer weekend,31.66
13292,2024-07-07 20:00:00.000,36.62445149999999,summer weekend,31.66
13293,2024-07-07 21:00:00.000,34.379099999999994,summer weekend,31.66
13294,2024-07-07 22:00:00.000,32.121253499999995,summer weekend,31.66
13295,2024-07-07 23:00:00.000,30.183278999999995,summer weekend,31.66
13296,2024-07-08 00:00:00.000,29.5622775,summer weekday,30.1
13297,2024-07-08 01:00:00.000,29.241156,summer weekday,30.1
13298,2024-07-08 02:00:00.000,29.695974,summer weekday,30.1
13299,2024-07-08 03:00:00.000,29.516046,summer weekday,30.1
13300,2024-07-08 04:00:00.000,30.035837999999995,summer weekday,30.1
13301,2024-07-08 05:00:00.000,34.00175099999999,summer weekday,34.9
13302,2024-07-08 06:00:00.000,35.60361,summer weekday,34.9
13303,2024-07-08 07:00:00.000,32.559828,summer weekday,34.9
13304,2024-07-08 08:00:00.000,29.682229499999995,summer weekday,30.1
13305,2024-07-08 09:00:00.000,26.7234135,summer weekday,25.44
13306,2024-07-08 10:00:00.000,24.7866885,summer weekday,25.44
13307,2024-07-08 11:00:00.000,23.957020499999995,summer weekday,25.44
13308,2024-07-08 12:00:00.000,23.6646375,summer weekday,25.44
13309,2024-07-08 13:00:00.000,23.678382,summer weekday,25.44
13310,2024-07-08 14:00:00.000,24.5767725,summer weekday,25.44
13311,2024-07-08 15:00:00.000,27.98166,summer weekday,30.1
13312,2024-07-08 16:00:00.000,30.005849999999995,summer weekday,30.1
13313,2024-07-08 17:00:00.000,32.8084785,summer weekday,34.9
13314,2024-07-08 18:00:00.000,37.0392855,summer weekday,34.9
13315,2024-07-08 19:00:00.000,52.14074249999999,summer weekday,34.9
13316,2024-07-08 20:00:00.000,41.6874255,summer weekday,34.9
13317,2024-07-08 21:00:00.000,34.1854275,summer weekday,34.9
13318,2024-07-08 22:00:00.000,31.482758999999994,summer weekday,30.1
13319,2024-07-08 23:00:00.000,33.16958399999999,summer weekday,34.9
13320,2024-07-09 00:00:00.000,31.975062,summer weekday,30.1
13321,2024-07-09 01:00:00.000,31.615206,summer weekday,30.1
13322,2024-07-09 02:00:00.000,31.372803,summer weekday,30.1
13323,2024-07-09 03:00:00.000,30.937977,summer weekday,30.1
13324,2024-07-09 04:00:00.000,32.08376849999999,summer weekday,30.1
13325,2024-07-09 05:00:00.000,33.901791,summer weekday,34.9
13326,2024-07-09 06:00:00.000,32.94967199999999,summer weekday,34.9
13327,2024-07-09 07:00:00.000,31.730159999999994,summer weekday,30.1
13328,2024-07-09 08:00:00.000,28.388997,summer weekday,30.1
13329,2024-07-09 09:00:00.000,25.8112785,summer weekday,25.44
13330,2024-07-09 10:00:00.000,24.196924499999994,summer weekday,25.44
13331,2024-07-09 11:00:00.000,22.727512499999992,summer weekday,25.44
13332,2024-07-09 12:00:00.000,20.614608,summer weekday,25.44
13333,2024-07-09 13:00:00.000,20.3234745,summer weekday,25.44
13334,2024-07-09 14:00:00.000,21.369306,summer weekday,25.44
13335,2024-07-09 15:00:00.000,26.6984235,summer weekday,25.44
13336,2024-07-09 16:00:00.000,30.1920255,summer weekday,30.1
13337,2024-07-09 17:00:00.000,32.38864649999999,summer weekday,30.1
13338,2024-07-09 18:00:00.000,38.914785,summer weekday,34.9
13339,2024-07-09 19:00:00.000,38.432478,summer weekday,34.9
13340,2024-07-09 20:00:00.000,33.494454,summer weekday,34.9
13341,2024-07-09 21:00:00.000,30.739306499999994,summer weekday,30.1
13342,2024-07-09 22:00:00.000,28.592665499999995,summer weekday,30.1
13343,2024-07-09 23:00:00.000,26.85711,summer weekday,25.44
13344,2024-07-10 00:00:00.000,26.844615,summer weekday,25.44
13345,2024-07-10 01:00:00.000,26.722164,summer weekday,25.44
13346,2024-07-10 02:00:00.000,26.854610999999995,summer weekday,25.44
13347,2024-07-10 03:00:00.000,27.471864,summer weekday,25.44
13348,2024-07-10 04:00:00.000,28.249053,summer weekday,30.1
13349,2024-07-10 05:00:00.000,30.538136999999995,summer weekday,30.1
13350,2024-07-10 06:00:00.000,33.287037,summer weekday,34.9
13351,2024-07-10 07:00:00.000,32.73100949999999,summer weekday,34.9
13352,2024-07-10 08:00:00.000,30.5968635,summer weekday,30.1
13353,2024-07-10 09:00:00.000,28.10661,summer weekday,30.1
13354,2024-07-10 10:00:00.000,26.9533215,summer weekday,25.44
13355,2024-07-10 11:00:00.000,25.8737535,summer weekday,25.44
13356,2024-07-10 12:00:00.000,25.555131,summer weekday,25.44
13357,2024-07-10 13:00:00.000,26.85711,summer weekday,25.44
13358,2024-07-10 14:00:00.000,27.2856885,summer weekday,25.44
13359,2024-07-10 15:00:00.000,28.416485999999995,summer weekday,30.1
13360,2024-07-10 16:00:00.000,29.998352999999994,summer weekday,30.1
13361,2024-07-10 17:00:00.000,30.0720735,summer weekday,30.1
13362,2024-07-10 18:00:00.000,32.444874,summer weekday,30.1
13363,2024-07-10 19:00:00.000,38.5536795,summer weekday,34.9
13364,2024-07-10 20:00:00.000,40.486656,summer weekday,34.9
13365,2024-07-10 21:00:00.000,34.22541149999999,summer weekday,34.9
13366,2024-07-10 22:00:00.000,31.595214,summer weekday,30.1
13367,2024-07-10 23:00:00.000,31.982558999999995,summer weekday,30.1
13368,2024-07-11 00:00:00.000,29.974612499999992,summer weekday,30.1
13369,2024-07-11 01:00:00.000,29.613506999999995,summer weekday,30.1
13370,2024-07-11 02:00:00.000,29.930879999999995,summer weekday,30.1
13371,2024-07-11 03:00:00.000,30.0195945,summer weekday,30.1
13372,2024-07-11 04:00:00.000,30.228261,summer weekday,30.1
13373,2024-07-11 05:00:00.000,33.44322449999999,summer weekday,34.9
13374,2024-07-11 06:00:00.000,34.97886,summer weekday,34.9
13375,2024-07-11 07:00:00.000,33.29578349999999,summer weekday,34.9
13376,2024-07-11 08:00:00.000,31.1191545,summer weekday,30.1
13377,2024-07-11 09:00:00.000,30.067075499999994,summer weekday,30.1
13378,2024-07-11 10:00:00.000,28.306529999999995,summer weekday,30.1
13379,2024-07-11 11:00:00.000,27.161988,summer weekday,25.44
13380,2024-07-11 12:00:00.000,25.944975,summer weekday,25.44
13381,2024-07-11 13:00:00.000,25.542635999999995,summer weekday,25.44
13382,2024-07-11 14:00:00.000,26.244855,summer weekday,25.44
13383,2024-07-11 15:00:00.000,27.604311,summer weekday,25.44
13384,2024-07-11 16:00:00.000,30.2195145,summer weekday,30.1
13385,2024-07-11 17:00:00.000,31.427781,summer weekday,30.1
13386,2024-07-11 18:00:00.000,34.97886,summer weekday,34.9
13387,2024-07-11 19:00:00.000,43.0168935,summer weekday,34.9
13388,2024-07-11 20:00:00.000,40.819023,summer weekday,34.9
13389,2024-07-11 21:00:00.000,35.1775305,summer weekday,34.9
13390,2024-07-11 22:00:00.000,32.244954,summer weekday,30.1
13391,2024-07-11 23:00:00.000,32.782239,summer weekday,34.9
13392,2024-07-12 00:00:00.000,30.8942445,summer weekday,30.1
13393,2024-07-12 01:00:00.000,30.3394665,summer weekday,30.1
13394,2024-07-12 02:00:00.000,30.359458499999995,summer weekday,30.1
13395,2024-07-12 03:00:00.000,30.2569995,summer weekday,30.1
13396,2024-07-12 04:00:00.000,30.5118975,summer weekday,30.1
13397,2024-07-12 05:00:00.000,33.471962999999995,summer weekday,34.9
13398,2024-07-12 06:00:00.000,33.71936399999999,summer weekday,34.9
13399,2024-07-12 07:00:00.000,33.679379999999995,summer weekday,34.9
13400,2024-07-12 08:00:00.000,32.77974,summer weekday,34.9
13401,2024-07-12 09:00:00.000,31.9638165,summer weekday,30.1
13402,2024-07-12 10:00:00.000,31.2091185,summer weekday,30.1
13403,2024-07-12 11:00:00.000,30.38694749999999,summer weekday,30.1
13404,2024-07-12 12:00:00.000,29.80593,summer weekday,30.1
13405,2024-07-12 13:00:00.000,29.735958,summer weekday,30.1
13406,2024-07-12 14:00:00.000,29.7547005,summer weekday,30.1
13407,2024-07-12 15:00:00.000,30.6943245,summer weekday,30.1
13408,2024-07-12 16:00:00.000,30.673082999999995,summer weekday,30.1
13409,2024-07-12 17:00:00.000,31.512747,summer weekday,30.1
13410,2024-07-12 18:00:00.000,32.7784905,summer weekday,34.9
13411,2024-07-12 19:00:00.000,31.6414455,summer weekday,30.1
13412,2024-07-12 20:00:00.000,31.8063795,summer weekday,30.1
13413,2024-07-12 21:00:00.000,30.688077,summer weekday,30.1
13414,2024-07-12 22:00:00.000,29.869654499999992,summer weekday,30.1
13415,2024-07-12 23:00:00.000,26.3135775,summer weekday,25.44
13416,2024-07-13 00:00:00.000,26.297334,summer weekend,27.0
13417,2024-07-13 01:00:00.000,24.598014,summer weekend,27.0
13418,2024-07-13 02:00:00.000,24.691726499999994,summer weekend,27.0
13419,2024-07-13 03:00:00.000,24.073224,summer weekend,27.0
13420,2024-07-13 04:00:00.000,23.8645575,summer weekend,27.0
13421,2024-07-13 05:00:00.000,23.815826999999995,summer weekend,27.0
13422,2024-07-13 06:00:00.000,23.460968999999995,summer weekend,27.0
13423,2024-07-13 07:00:00.000,23.30853,summer weekend,19.7
13424,2024-07-13 08:00:00.000,22.605061499999994,summer weekend,19.7
13425,2024-07-13 09:00:00.000,20.629602,summer weekend,19.7
13426,2024-07-13 10:00:00.000,19.989858,summer weekend,19.7
13427,2024-07-13 11:00:00.000,19.9837295,summer weekend,19.7
13428,2024-07-13 12:00:00.000,19.41961,summer weekend,19.7
13429,2024-07-13 13:00:00.000,18.300415,summer weekend,19.7
13430,2024-07-13 14:00:00.000,18.6881765,summer weekend,19.7
13431,2024-07-13 15:00:00.000,19.591446,summer weekend,19.7
13432,2024-07-13 16:00:00.000,19.9837295,summer weekend,19.7
13433,2024-07-13 17:00:00.000,23.5796715,summer weekend,27.0
13434,2024-07-13 18:00:00.000,26.2735935,summer weekend,27.0
13435,2024-07-13 19:00:00.000,29.4123375,summer weekend,31.66
13436,2024-07-13 20:00:00.000,29.513547,summer weekend,31.66
13437,2024-07-13 21:00:00.000,29.835918,summer weekend,31.66
13438,2024-07-13 22:00:00.000,27.85671,summer weekend,27.0
13439,2024-07-13 23:00:00.000,31.099162499999995,summer weekend,31.66
13440,2024-07-14 00:00:00.000,27.880450499999995,summer weekend,27.0
13441,2024-07-14 01:00:00.000,26.9133375,summer weekend,27.0
13442,2024-07-14 02:00:00.000,25.520144999999992,summer weekend,27.0
13443,2024-07-14 03:00:00.000,24.7242135,summer weekend,27.0
13444,2024-07-14 04:00:00.000,24.584269499999994,summer weekend,27.0
13445,2024-07-14 05:00:00.000,23.978262,summer weekend,27.0
13446,2024-07-14 06:00:00.000,21.769145999999992,summer weekend,19.7
13447,2024-07-14 07:00:00.000,20.0210955,summer weekend,19.7
13448,2024-07-14 08:00:00.000,19.6106645,summer weekend,19.7
13449,2024-07-14 09:00:00.000,17.596113500000005,summer weekend,19.7
13450,2024-07-14 10:00:00.000,15.453816000000002,summer weekend,19.7
13451,2024-07-14 11:00:00.000,13.2617765,summer weekend,19.7
13452,2024-07-14 12:00:00.000,11.623682,summer weekend,19.7
13453,2024-07-14 13:00:00.000,11.623682,summer weekend,19.7
13454,2024-07-14 14:00:00.000,14.126609,summer weekend,19.7
13455,2024-07-14 15:00:00.000,17.720468500000003,summer weekend,19.7
13456,2024-07-14 16:00:00.000,19.9792075,summer weekend,19.7
13457,2024-07-14 17:00:00.000,25.800033,summer weekend,27.0
13458,2024-07-14 18:00:00.000,31.4715135,summer weekend,31.66
13459,2024-07-14 19:00:00.000,34.454069999999994,summer weekend,31.66
13460,2024-07-14 20:00:00.000,33.564426,summer weekend,31.66
13461,2024-07-14 21:00:00.000,33.209568,summer weekend,31.66
13462,2024-07-14 22:00:00.000,30.863007,summer weekend,31.66
13463,2024-07-14 23:00:00.000,29.899642499999995,summer weekend,31.66
13464,2024-07-15 00:00:00.000,28.261548,summer weekday,30.1
13465,2024-07-15 01:00:00.000,27.253201499999992,summer weekday,25.44
13466,2024-07-15 02:00:00.000,27.8604585,summer weekday,30.1
13467,2024-07-15 03:00:00.000,28.458969,summer weekday,30.1
13468,2024-07-15 04:00:00.000,29.9896065,summer weekday,30.1
13469,2024-07-15 05:00:00.000,34.97886,summer weekday,34.9
13470,2024-07-15 06:00:00.000,37.990155,summer weekday,34.9
13471,2024-07-15 07:00:00.000,31.201621499999995,summer weekday,30.1
13472,2024-07-15 08:00:00.000,27.393145499999992,summer weekday,25.44
13473,2024-07-15 09:00:00.000,24.423084,summer weekday,25.44
13474,2024-07-15 10:00:00.000,21.3955455,summer weekday,25.44
13475,2024-07-15 11:00:00.000,19.9936065,summer weekday,25.44
13476,2024-07-15 12:00:00.000,19.9837295,summer weekday,25.44
13477,2024-07-15 13:00:00.000,19.9769465,summer weekday,25.44
13478,2024-07-15 14:00:00.000,20.427183,summer weekday,25.44
13479,2024-07-15 15:00:00.000,25.5188955,summer weekday,25.44
13480,2024-07-15 16:00:00.000,30.23076,summer weekday,30.1
13481,2024-07-15 17:00:00.000,34.2728925,summer weekday,34.9
13482,2024-07-15 18:00:00.000,45.49840049999999,summer weekday,34.9
13483,2024-07-15 19:00:00.000,48.093612,summer weekday,34.9
13484,2024-07-15 20:00:00.000,37.922682,summer weekday,34.9
13485,2024-07-15 21:00:00.000,31.540236,summer weekday,30.1
13486,2024-07-15 22:00:00.000,29.993355,summer weekday,30.1
13487,2024-07-15 23:00:00.000,29.5547805,summer weekday,30.1
13488,2024-07-16 00:00:00.000,27.952921499999995,summer weekday,30.1
13489,2024-07-16 01:00:00.000,26.5434855,summer weekday,25.44
13490,2024-07-16 02:00:00.000,24.585518999999994,summer weekday,25.44
13491,2024-07-16 03:00:00.000,24.752952,summer weekday,25.44
13492,2024-07-16 04:00:00.000,26.272344,summer weekday,25.44
13493,2024-07-16 05:00:00.000,30.0245925,summer weekday,30.1
13494,2024-07-16 06:00:00.000,31.349062499999995,summer weekday,30.1
13495,2024-07-16 07:00:00.000,30.5193945,summer weekday,30.1
13496,2024-07-16 08:00:00.000,27.8279715,summer weekday,30.1
13497,2024-07-16 09:00:00.000,22.6700355,summer weekday,25.44
13498,2024-07-16 10:00:00.000,19.992357,summer weekday,25.44
13499,2024-07-16 11:00:00.000,19.0770685,summer weekday,25.44
13500,2024-07-16 12:00:00.000,18.737918500000003,summer weekday,25.44
13501,2024-07-16 13:00:00.000,18.687046,summer weekday,25.44
13502,2024-07-16 14:00:00.000,18.725483000000004,summer weekday,25.44
13503,2024-07-16 15:00:00.000,19.724845,summer weekday,25.44
13504,2024-07-16 16:00:00.000,22.748754,summer weekday,25.44
13505,2024-07-16 17:00:00.000,27.859209,summer weekday,30.1
13506,2024-07-16 18:00:00.000,30.2295105,summer weekday,30.1
13507,2024-07-16 19:00:00.000,35.17878,summer weekday,34.9
13508,2024-07-16 20:00:00.000,34.264146,summer weekday,34.9
13509,2024-07-16 21:00:00.000,33.20581949999999,summer weekday,34.9
13510,2024-07-16 22:00:00.000,30.5193945,summer weekday,30.1
13511,2024-07-16 23:00:00.000,30.90549,summer weekday,30.1
13512,2024-07-17 00:00:00.000,29.103711,summer weekday,30.1
13513,2024-07-17 01:00:00.000,29.083718999999995,summer weekday,30.1
13514,2024-07-17 02:00:00.000,28.7975835,summer weekday,30.1
13515,2024-07-17 03:00:00.000,28.8625575,summer weekday,30.1
13516,2024-07-17 04:00:00.000,29.660988,summer weekday,30.1
13517,2024-07-17 05:00:00.000,31.236607499999995,summer weekday,30.1
13518,2024-07-17 06:00:00.000,32.449872,summer weekday,30.1
13519,2024-07-17 07:00:00.000,33.192075,summer weekday,34.9
13520,2024-07-17 08:00:00.000,29.623503,summer weekday,30.1
13521,2024-07-17 09:00:00.000,27.2557005,summer weekday,25.44
13522,2024-07-17 10:00:00.000,25.2015225,summer weekday,25.44
13523,2024-07-17 11:00:00.000,24.056980499999995,summer weekday,25.44
13524,2024-07-17 12:00:00.000,22.715017499999995,summer weekday,25.44
13525,2024-07-17 13:00:00.000,21.33432,summer weekday,25.44
13526,2024-07-17 14:00:00.000,21.6679365,summer weekday,25.44
13527,2024-07-17 15:00:00.000,24.842915999999995,summer weekday,25.44
13528,2024-07-17 16:00:00.000,27.691776,summer weekday,25.44
13529,2024-07-17 17:00:00.000,30.3469635,summer weekday,30.1
13530,2024-07-17 18:00:00.000,33.3407655,summer weekday,34.9
13531,2024-07-17 19:00:00.000,43.46921249999999,summer weekday,34.9
13532,2024-07-17 20:00:00.000,37.91143649999999,summer weekday,34.9
13533,2024-07-17 21:00:00.000,34.34286449999999,summer weekday,34.9
13534,2024-07-17 22:00:00.000,31.5814695,summer weekday,30.1
13535,2024-07-17 23:00:00.000,31.2266115,summer weekday,30.1
13536,2024-07-18 00:00:00.000,30.0170955,summer weekday,30.1
13537,2024-07-18 01:00:00.000,29.8621575,summer weekday,30.1
13538,2024-07-18 02:00:00.000,29.798433,summer weekday,30.1
13539,2024-07-18 03:00:00.000,29.8896465,summer weekday,30.1
13540,2024-07-18 04:00:00.000,31.492754999999995,summer weekday,30.1
13541,2024-07-18 05:00:00.000,35.088815999999994,summer weekday,34.9
13542,2024-07-18 06:00:00.000,33.388246499999994,summer weekday,34.9
13543,2024-07-18 07:00:00.000,32.072523,summer weekday,30.1
13544,2024-07-18 08:00:00.000,29.883399,summer weekday,30.1
13545,2024-07-18 09:00:00.000,27.961667999999992,summer weekday,30.1
13546,2024-07-18 10:00:00.000,25.8737535,summer weekday,25.44
13547,2024-07-18 11:00:00.000,24.3593595,summer weekday,25.44
13548,2024-07-18 12:00:00.000,24.228162,summer weekday,25.44
13549,2024-07-18 13:00:00.000,24.6092595,summer weekday,25.44
13550,2024-07-18 14:00:00.000,26.079920999999995,summer weekday,25.44
13551,2024-07-18 15:00:00.000,28.426482,summer weekday,30.1
13552,2024-07-18 16:00:00.000,30.665586,summer weekday,30.1
13553,2024-07-18 17:00:00.000,31.48026,summer weekday,30.1
13554,2024-07-18 18:00:00.000,36.250851,summer weekday,34.9
13555,2024-07-18 19:00:00.000,48.42347999999999,summer weekday,34.9
13556,2024-07-18 20:00:00.000,43.03313699999999,summer weekday,34.9
13557,2024-07-18 21:00:00.000,34.92138299999999,summer weekday,34.9
13558,2024-07-18 22:00:00.000,32.719764,summer weekday,34.9
13559,2024-07-18 23:00:00.000,31.244104499999995,summer weekday,30.1
13560,2024-07-19 00:00:00.000,30.037087499999995,summer weekday,30.1
13561,2024-07-19 01:00:00.000,29.969614499999995,summer weekday,30.1
13562,2024-07-19 02:00:00.000,29.892145499999994,summer weekday,30.1
13563,2024-07-19 03:00:00.000,30.403191,summer weekday,30.1
13564,2024-07-19 04:00:00.000,31.402791,summer weekday,30.1
13565,2024-07-19 05:00:00.000,34.42908,summer weekday,34.9
13566,2024-07-19 06:00:00.000,33.819323999999995,summer weekday,34.9
13567,2024-07-19 07:00:00.000,32.27994,summer weekday,30.1
13568,2024-07-19 08:00:00.000,30.1595385,summer weekday,30.1
13569,2024-07-19 09:00:00.000,28.731359999999995,summer weekday,30.1
13570,2024-07-19 10:00:00.000,27.3256725,summer weekday,25.44
13571,2024-07-19 11:00:00.000,25.525143,summer weekday,25.44
13572,2024-07-19 12:00:00.000,24.545535,summer weekday,25.44
13573,2024-07-19 13:00:00.000,24.50805,summer weekday,25.44
13574,2024-07-19 14:00:00.000,25.300232999999995,summer weekday,25.44
13575,2024-07-19 15:00:00.000,27.955420499999995,summer weekday,30.1
13576,2024-07-19 16:00:00.000,29.648493,summer weekday,30.1
13577,2024-07-19 17:00:00.000,31.4315295,summer weekday,30.1
13578,2024-07-19 18:00:00.000,35.106309,summer weekday,34.9
13579,2024-07-19 19:00:00.000,43.782837,summer weekday,34.9
13580,2024-07-19 20:00:00.000,34.97886,summer weekday,34.9
13581,2024-07-19 21:00:00.000,33.337017,summer weekday,34.9
13582,2024-07-19 22:00:00.000,31.4240325,summer weekday,30.1
13583,2024-07-19 23:00:00.000,31.8213735,summer weekday,30.1
13584,2024-07-20 00:00:00.000,31.1566395,summer weekend,31.66
13585,2024-07-20 01:00:00.000,31.0116975,summer weekend,31.66
13586,2024-07-20 02:00:00.000,31.215366,summer weekend,31.66
13587,2024-07-20 03:00:00.000,31.760148,summer weekend,31.66
13588,2024-07-20 04:00:00.000,31.705169999999995,summer weekend,31.66
13589,2024-07-20 05:00:00.000,31.416535499999995,summer weekend,31.66
13590,2024-07-20 06:00:00.000,30.7293105,summer weekend,31.66
13591,2024-07-20 07:00:00.000,28.50645,summer weekend,27.0
13592,2024-07-20 08:00:00.000,26.20737,summer weekend,27.0
13593,2024-07-20 09:00:00.000,20.6283525,summer weekend,19.7
13594,2024-07-20 10:00:00.000,19.98486,summer weekend,19.7
13595,2024-07-20 11:00:00.000,19.4591775,summer weekend,19.7
13596,2024-07-20 12:00:00.000,19.4998755,summer weekend,19.7
13597,2024-07-20 13:00:00.000,19.659276,summer weekend,19.7
13598,2024-07-20 14:00:00.000,19.6784945,summer weekend,19.7
13599,2024-07-20 15:00:00.000,20.287239,summer weekend,19.7
13600,2024-07-20 16:00:00.000,26.5184955,summer weekend,27.0
13601,2024-07-20 17:00:00.000,30.605609999999995,summer weekend,31.66
13602,2024-07-20 18:00:00.000,33.674381999999994,summer weekend,31.66
13603,2024-07-20 19:00:00.000,36.8218725,summer weekend,31.66
13604,2024-07-20 20:00:00.000,33.5806695,summer weekend,31.66
13605,2024-07-20 21:00:00.000,30.493154999999994,summer weekend,31.66
13606,2024-07-20 22:00:00.000,29.294884499999995,summer weekend,27.0
13607,2024-07-20 23:00:00.000,27.9354285,summer weekend,27.0
13608,2024-07-21 00:00:00.000,27.019545,summer weekend,27.0
13609,2024-07-21 01:00:00.000,26.8821,summer weekend,27.0
13610,2024-07-21 02:00:00.000,27.529340999999995,summer weekend,27.0
13611,2024-07-21 03:00:00.000,28.557679499999992,summer weekend,27.0
13612,2024-07-21 04:00:00.000,29.386098,summer weekend,31.66
13613,2024-07-21 05:00:00.000,30.1520415,summer weekend,31.66
13614,2024-07-21 06:00:00.000,27.5205945,summer weekend,27.0
13615,2024-07-21 07:00:00.000,26.067426,summer weekend,27.0
13616,2024-07-21 08:00:00.000,21.3055815,summer weekend,19.7
13617,2024-07-21 09:00:00.000,19.9936065,summer weekend,19.7
13618,2024-07-21 10:00:00.000,19.9861095,summer weekend,19.7
13619,2024-07-21 11:00:00.000,19.9861095,summer weekend,19.7
13620,2024-07-21 12:00:00.000,19.975816,summer weekend,19.7
13621,2024-07-21 13:00:00.000,19.9611195,summer weekend,19.7
13622,2024-07-21 14:00:00.000,19.989858,summer weekend,19.7
13623,2024-07-21 15:00:00.000,19.9986045,summer weekend,19.7
13624,2024-07-21 16:00:00.000,27.458119499999995,summer weekend,27.0
13625,2024-07-21 17:00:00.000,31.7638965,summer weekend,31.66
13626,2024-07-21 18:00:00.000,33.5131965,summer weekend,31.66
13627,2024-07-21 19:00:00.000,35.938475999999994,summer weekend,31.66
13628,2024-07-21 20:00:00.000,35.99345399999999,summer weekend,31.66
13629,2024-07-21 21:00:00.000,33.960517499999995,summer weekend,31.66
13630,2024-07-21 22:00:00.000,31.692675,summer weekend,31.66
13631,2024-07-21 23:00:00.000,35.241254999999995,summer weekend,31.66
13632,2024-07-22 00:00:00.000,32.058778499999995,summer weekday,30.1
13633,2024-07-22 01:00:00.000,30.840516,summer weekday,30.1
13634,2024-07-22 02:00:00.000,30.8467635,summer weekday,30.1
13635,2024-07-22 03:00:00.000,30.748053,summer weekday,30.1
13636,2024-07-22 04:00:00.000,30.263247,summer weekday,30.1
13637,2024-07-22 05:00:00.000,34.913886,summer weekday,34.9
13638,2024-07-22 06:00:00.000,36.438276,summer weekday,34.9
13639,2024-07-22 07:00:00.000,35.734807499999995,summer weekday,34.9
13640,2024-07-22 08:00:00.000,31.772642999999995,summer weekday,30.1
13641,2024-07-22 09:00:00.000,29.373603,summer weekday,30.1
13642,2024-07-22 10:00:00.000,29.091216,summer weekday,30.1
13643,2024-07-22 11:00:00.000,28.259049,summer weekday,30.1
13644,2024-07-22 12:00:00.000,25.3889475,summer weekday,25.44
13645,2024-07-22 13:00:00.000,22.4101395,summer weekday,25.44
13646,2024-07-22 14:00:00.000,22.531341,summer weekday,25.44
13647,2024-07-22 15:00:00.000,26.039936999999995,summer weekday,25.44
13648,2024-07-22 16:00:00.000,27.9429255,summer weekday,30.1
13649,2024-07-22 17:00:00.000,30.1245525,summer weekday,30.1
13650,2024-07-22 18:00:00.000,32.359908,summer weekday,30.1
13651,2024-07-22 19:00:00.000,43.25554799999999,summer weekday,34.9
13652,2024-07-22 20:00:00.000,41.481258,summer weekday,34.9
13653,2024-07-22 21:00:00.000,33.859308,summer weekday,34.9
13654,2024-07-22 22:00:00.000,32.22996,summer weekday,30.1
13655,2024-07-22 23:00:00.000,30.4044405,summer weekday,30.1
13656,2024-07-23 00:00:00.000,29.45607,summer weekday,30.1
13657,2024-07-23 01:00:00.000,29.568525,summer weekday,30.1
13658,2024-07-23 02:00:00.000,28.793834999999994,summer weekday,30.1
13659,2024-07-23 03:00:00.000,29.2099185,summer weekday,30.1
13660,2024-07-23 04:00:00.000,29.5572795,summer weekday,30.1
13661,2024-07-23 05:00:00.000,33.320773499999994,summer weekday,34.9
13662,2024-07-23 06:00:00.000,35.0425845,summer weekday,34.9
13663,2024-07-23 07:00:00.000,34.380349499999994,summer weekday,34.9
13664,2024-07-23 08:00:00.000,30.8917455,summer weekday,30.1
13665,2024-07-23 09:00:00.000,28.5901665,summer weekday,30.1
13666,2024-07-23 10:00:00.000,27.6530415,summer weekday,25.44
13667,2024-07-23 11:00:00.000,25.410188999999995,summer weekday,25.44
13668,2024-07-23 12:00:00.000,24.769195499999995,summer weekday,25.44
13669,2024-07-23 13:00:00.000,24.484309499999995,summer weekday,25.44
13670,2024-07-23 14:00:00.000,25.227761999999995,summer weekday,25.44
13671,2024-07-23 15:00:00.000,28.089117,summer weekday,30.1
13672,2024-07-23 16:00:00.000,29.9221335,summer weekday,30.1
13673,2024-07-23 17:00:00.000,29.970863999999995,summer weekday,30.1
13674,2024-07-23 18:00:00.000,31.983808499999995,summer weekday,30.1
13675,2024-07-23 19:00:00.000,34.79393399999999,summer weekday,34.9
13676,2024-07-23 20:00:00.000,32.73100949999999,summer weekday,34.9
13677,2024-07-23 21:00:00.000,32.38364849999999,summer weekday,30.1
13678,2024-07-23 22:00:00.000,31.427781,summer weekday,30.1
13679,2024-07-23 23:00:00.000,30.424432499999995,summer weekday,30.1
13680,2024-07-24 00:00:00.000,29.7721935,summer weekday,30.1
13681,2024-07-24 01:00:00.000,29.051231999999995,summer weekday,30.1
13682,2024-07-24 02:00:00.000,29.3373675,summer weekday,30.1
13683,2024-07-24 03:00:00.000,29.3548605,summer weekday,30.1
13684,2024-07-24 04:00:00.000,29.4523215,summer weekday,30.1
13685,2024-07-24 05:00:00.000,32.86345649999999,summer weekday,34.9
13686,2024-07-24 06:00:00.000,36.090915,summer weekday,34.9
13687,2024-07-24 07:00:00.000,32.3786505,summer weekday,30.1
13688,2024-07-24 08:00:00.000,29.0949645,summer weekday,30.1
13689,2024-07-24 09:00:00.000,26.844615,summer weekday,25.44
13690,2024-07-24 10:00:00.000,22.6325505,summer weekday,25.44
13691,2024-07-24 11:00:00.000,20.182281,summer weekday,25.44
13692,2024-07-24 12:00:00.000,19.9679025,summer weekday,25.44
13693,2024-07-24 13:00:00.000,19.751977,summer weekday,25.44
13694,2024-07-24 14:00:00.000,19.763282,summer weekday,25.44
13695,2024-07-24 15:00:00.000,20.2609995,summer weekday,25.44
13696,2024-07-24 16:00:00.000,24.8916465,summer weekday,25.44
13697,2024-07-24 17:00:00.000,28.648893,summer weekday,30.1
13698,2024-07-24 18:00:00.000,31.967565,summer weekday,30.1
13699,2024-07-24 19:00:00.000,33.72061349999999,summer weekday,34.9
13700,2024-07-24 20:00:00.000,35.20626899999999,summer weekday,34.9
13701,2024-07-24 21:00:00.000,33.676880999999995,summer weekday,34.9
13702,2024-07-24 22:00:00.000,31.8588585,summer weekday,30.1
13703,2024-07-24 23:00:00.000,31.5489825,summer weekday,30.1
13704,2024-07-25 00:00:00.000,30.8805,summer weekday,30.1
13705,2024-07-25 01:00:00.000,30.593115,summer weekday,30.1
13706,2024-07-25 02:00:00.000,29.970863999999995,summer weekday,30.1
13707,2024-07-25 03:00:00.000,29.53104,summer weekday,30.1
13708,2024-07-25 04:00:00.000,31.5464835,summer weekday,30.1
13709,2024-07-25 05:00:00.000,33.249552,summer weekday,34.9
13710,2024-07-25 06:00:00.000,34.586517,summer weekday,34.9
13711,2024-07-25 07:00:00.000,31.352811,summer weekday,30.1
13712,2024-07-25 08:00:00.000,28.978760999999995,summer weekday,30.1
13713,2024-07-25 09:00:00.000,26.867106,summer weekday,25.44
13714,2024-07-25 10:00:00.000,24.6017625,summer weekday,25.44
13715,2024-07-25 11:00:00.000,23.0223945,summer weekday,25.44
13716,2024-07-25 12:00:00.000,22.153991999999995,summer weekday,25.44
13717,2024-07-25 13:00:00.000,21.6429465,summer weekday,25.44
13718,2024-07-25 14:00:00.000,23.25855,summer weekday,25.44
13719,2024-07-25 15:00:00.000,26.70717,summer weekday,25.44
13720,2024-07-25 16:00:00.000,29.98086,summer weekday,30.1
13721,2024-07-25 17:00:00.000,32.10500999999999,summer weekday,30.1
13722,2024-07-25 18:00:00.000,35.8447635,summer weekday,34.9
13723,2024-07-25 19:00:00.000,39.442074,summer weekday,34.9
13724,2024-07-25 20:00:00.000,36.4295295,summer weekday,34.9
13725,2024-07-25 21:00:00.000,32.479859999999995,summer weekday,30.1
13726,2024-07-25 22:00:00.000,30.5993625,summer weekday,30.1
13727,2024-07-25 23:00:00.000,30.395693999999995,summer weekday,30.1
13728,2024-07-26 00:00:00.000,29.218664999999994,summer weekday,30.1
13729,2024-07-26 01:00:00.000,29.868404999999992,summer weekday,30.1
13730,2024-07-26 02:00:00.000,30.182029499999995,summer weekday,30.1
13731,2024-07-26 03:00:00.000,30.1270515,summer weekday,30.1
13732,2024-07-26 04:00:00.000,30.3819495,summer weekday,30.1
13733,2024-07-26 05:00:00.000,32.419884,summer weekday,30.1
13734,2024-07-26 06:00:00.000,34.549032,summer weekday,34.9
13735,2024-07-26 07:00:00.000,32.99215499999999,summer weekday,34.9
13736,2024-07-26 08:00:00.000,32.08376849999999,summer weekday,30.1
13737,2024-07-26 09:00:00.000,31.2965835,summer weekday,30.1
13738,2024-07-26 10:00:00.000,30.149542499999995,summer weekday,30.1
13739,2024-07-26 11:00:00.000,28.731359999999995,summer weekday,30.1
13740,2024-07-26 12:00:00.000,27.87170399999999,summer weekday,30.1
13741,2024-07-26 13:00:00.000,27.5056005,summer weekday,25.44
13742,2024-07-26 14:00:00.000,28.498953,summer weekday,30.1
13743,2024-07-26 15:00:00.000,29.086217999999995,summer weekday,30.1
13744,2024-07-26 16:00:00.000,31.045434,summer weekday,30.1
13745,2024-07-26 17:00:00.000,31.772642999999995,summer weekday,30.1
13746,2024-07-26 18:00:00.000,33.45322049999999,summer weekday,34.9
13747,2024-07-26 19:00:00.000,37.8839475,summer weekday,34.9
13748,2024-07-26 20:00:00.000,37.35291,summer weekday,34.9
13749,2024-07-26 21:00:00.000,33.2782905,summer weekday,34.9
13750,2024-07-26 22:00:00.000,32.2187145,summer weekday,30.1
13751,2024-07-26 23:00:00.000,32.974661999999995,summer weekday,34.9
13752,2024-07-27 00:00:00.000,32.905939499999995,summer weekend,31.66
13753,2024-07-27 01:00:00.000,32.1537405,summer weekend,31.66
13754,2024-07-27 02:00:00.000,31.8863475,summer weekend,31.66
13755,2024-07-27 03:00:00.000,31.537737,summer weekend,31.66
13756,2024-07-27 04:00:00.000,31.2940845,summer weekend,31.66
13757,2024-07-27 05:00:00.000,30.90549,summer weekend,31.66
13758,2024-07-27 06:00:00.000,30.3244725,summer weekend,31.66
13759,2024-07-27 07:00:00.000,30.566875499999995,summer weekend,31.66
13760,2024-07-27 08:00:00.000,28.4402265,summer weekend,27.0
13761,2024-07-27 09:00:00.000,27.579321,summer weekend,27.0
13762,2024-07-27 10:00:00.000,24.970365,summer weekend,27.0
13763,2024-07-27 11:00:00.000,23.48346,summer weekend,27.0
13764,2024-07-27 12:00:00.000,22.20897,summer weekend,19.7
13765,2024-07-27 13:00:00.000,22.223963999999995,summer weekend,19.7
13766,2024-07-27 14:00:00.000,24.360609,summer weekend,27.0
13767,2024-07-27 15:00:00.000,28.446474,summer weekend,27.0
13768,2024-07-27 16:00:00.000,31.8213735,summer weekend,31.66
13769,2024-07-27 17:00:00.000,33.10086149999999,summer weekend,31.66
13770,2024-07-27 18:00:00.000,34.56527549999999,summer weekend,31.66
13771,2024-07-27 19:00:00.000,35.366204999999994,summer weekend,31.66
13772,2024-07-27 20:00:00.000,35.20626899999999,summer weekend,31.66
13773,2024-07-27 21:00:00.000,33.491955,summer weekend,31.66
13774,2024-07-27 22:00:00.000,32.222463,summer weekend,31.66
13775,2024-07-27 23:00:00.000,33.7281105,summer weekend,31.66
13776,2024-07-28 00:00:00.000,31.86885449999999,summer weekend,31.66
13777,2024-07-28 01:00:00.000,31.0066995,summer weekend,31.66
13778,2024-07-28 02:00:00.000,30.1720335,summer weekend,31.66
13779,2024-07-28 03:00:00.000,29.798433,summer weekend,31.66
13780,2024-07-28 04:00:00.000,29.888397,summer weekend,31.66
13781,2024-07-28 05:00:00.000,29.4223335,summer weekend,31.66
13782,2024-07-28 06:00:00.000,29.0574795,summer weekend,27.0
13783,2024-07-28 07:00:00.000,23.169835499999994,summer weekend,19.7
13784,2024-07-28 08:00:00.000,20.599614,summer weekend,19.7
13785,2024-07-28 09:00:00.000,19.98486,summer weekend,19.7
13786,2024-07-28 10:00:00.000,19.7101485,summer weekend,19.7
13787,2024-07-28 11:00:00.000,18.1048385,summer weekend,19.7
13788,2024-07-28 12:00:00.000,15.4730345,summer weekend,19.7
13789,2024-07-28 13:00:00.000,14.4804555,summer weekend,19.7
13790,2024-07-28 14:00:00.000,16.194293500000004,summer weekend,19.7
13791,2024-07-28 15:00:00.000,18.4281615,summer weekend,19.7
13792,2024-07-28 16:00:00.000,19.7598905,summer weekend,19.7
13793,2024-07-28 17:00:00.000,25.091566499999992,summer weekend,27.0
13794,2024-07-28 18:00:00.000,31.540236,summer weekend,31.66
13795,2024-07-28 19:00:00.000,33.960517499999995,summer weekend,31.66
13796,2024-07-28 20:00:00.000,34.43657699999999,summer weekend,31.66
13797,2024-07-28 21:00:00.000,33.0983625,summer weekend,31.66
13798,2024-07-28 22:00:00.000,30.538136999999995,summer weekend,31.66
13799,2024-07-28 23:00:00.000,29.929630499999995,summer weekend,31.66
13800,2024-07-29 00:00:00.000,29.4848085,summer weekday,30.1
13801,2024-07-29 01:00:00.000,29.012497499999995,summer weekday,30.1
13802,2024-07-29 02:00:00.000,29.5172955,summer weekday,30.1
13803,2024-07-29 03:00:00.000,29.98086,summer weekday,30.1
13804,2024-07-29 04:00:00.000,32.642295,summer weekday,34.9
13805,2024-07-29 05:00:00.000,36.85311,summer weekday,34.9
13806,2024-07-29 06:00:00.000,35.186277,summer weekday,34.9
13807,2024-07-29 07:00:00.000,32.287437,summer weekday,30.1
13808,2024-07-29 08:00:00.000,27.939177,summer weekday,30.1
13809,2024-07-29 09:00:00.000,21.306831,summer weekday,25.44
13810,2024-07-29 10:00:00.000,19.966772,summer weekday,25.44
13811,2024-07-29 11:00:00.000,19.9633805,summer weekday,25.44
13812,2024-07-29 12:00:00.000,19.792675,summer weekday,25.44
13813,2024-07-29 13:00:00.000,19.874071,summer weekday,25.44
13814,2024-07-29 14:00:00.000,19.9769465,summer weekday,25.44
13815,2024-07-29 15:00:00.000,21.701673,summer weekday,25.44
13816,2024-07-29 16:00:00.000,28.041636,summer weekday,30.1
13817,2024-07-29 17:00:00.000,32.09376449999999,summer weekday,30.1
13818,2024-07-29 18:00:00.000,35.383697999999995,summer weekday,34.9
13819,2024-07-29 19:00:00.000,42.2347065,summer weekday,34.9
13820,2024-07-29 20:00:00.000,36.568224,summer weekday,34.9
13821,2024-07-29 21:00:00.000,33.45446999999999,summer weekday,34.9
13822,2024-07-29 22:00:00.000,31.25535,summer weekday,30.1
13823,2024-07-29 23:00:00.000,29.7322095,summer weekday,30.1
13824,2024-07-30 00:00:00.000,29.4523215,summer weekday,30.1
13825,2024-07-30 01:00:00.000,29.8896465,summer weekday,30.1
13826,2024-07-30 02:00:00.000,30.4469235,summer weekday,30.1
13827,2024-07-30 03:00:00.000,31.0541805,summer weekday,30.1
13828,2024-07-30 04:00:00.000,32.7110175,summer weekday,34.9
13829,2024-07-30 05:00:00.000,34.43407799999999,summer weekday,34.9
13830,2024-07-30 06:00:00.000,34.164185999999994,summer weekday,34.9
13831,2024-07-30 07:00:00.000,32.43612749999999,summer weekday,30.1
13832,2024-07-30 08:00:00.000,28.453971,summer weekday,30.1
13833,2024-07-30 09:00:00.000,24.672983999999992,summer weekday,25.44
13834,2024-07-30 10:00:00.000,20.964468,summer weekday,25.44
13835,2024-07-30 11:00:00.000,20.1210555,summer weekday,25.44
13836,2024-07-30 12:00:00.000,19.980338,summer weekday,25.44
13837,2024-07-30 13:00:00.000,19.978077,summer weekday,25.44
13838,2024-07-30 14:00:00.000,21.6404475,summer weekday,25.44
13839,2024-07-30 15:00:00.000,25.067826,summer weekday,25.44
13840,2024-07-30 16:00:00.000,29.743455,summer weekday,30.1
13841,2024-07-30 17:00:00.000,32.904689999999995,summer weekday,34.9
13842,2024-07-30 18:00:00.000,36.15838799999999,summer weekday,34.9
13843,2024-07-30 19:00:00.000,42.1172535,summer weekday,34.9
13844,2024-07-30 20:00:00.000,38.4362265,summer weekday,34.9
13845,2024-07-30 21:00:00.000,34.351611,summer weekday,34.9
13846,2024-07-30 22:00:00.000,32.359908,summer weekday,30.1
13847,2024-07-30 23:00:00.000,32.336167499999995,summer weekday,30.1
13848,2024-07-31 00:00:00.000,30.8917455,summer weekday,30.1
13849,2024-07-31 01:00:00.000,30.6293505,summer weekday,30.1
13850,2024-07-31 02:00:00.000,30.343215,summer weekday,30.1
13851,2024-07-31 03:00:00.000,31.30533,summer weekday,30.1
13852,2024-07-31 04:00:00.000,32.7784905,summer weekday,34.9
13853,2024-07-31 05:00:00.000,34.0429845,summer weekday,34.9
13854,2024-07-31 06:00:00.000,33.746852999999994,summer weekday,34.9
13855,2024-07-31 07:00:00.000,31.887597,summer weekday,30.1
13856,2024-07-31 08:00:00.000,29.858408999999995,summer weekday,30.1
13857,2024-07-31 09:00:00.000,26.9683155,summer weekday,25.44
13858,2024-07-31 10:00:00.000,24.165686999999995,summer weekday,25.44
13859,2024-07-31 11:00:00.000,22.7025225,summer weekday,25.44
13860,2024-07-31 12:00:00.000,21.404292,summer weekday,25.44
13861,2024-07-31 13:00:00.000,22.1752335,summer weekday,25.44
13862,2024-07-31 14:00:00.000,23.950772999999995,summer weekday,25.44
13863,2024-07-31 15:00:00.000,25.7438055,summer weekday,25.44
13864,2024-07-31 16:00:00.000,29.4623175,summer weekday,30.1
13865,2024-07-31 17:00:00.000,32.374902,summer weekday,30.1
13866,2024-07-31 18:00:00.000,34.4028405,summer weekday,34.9
13867,2024-07-31 19:00:00.000,36.9968025,summer weekday,34.9
13868,2024-07-31 20:00:00.000,34.50280049999999,summer weekday,34.9
13869,2024-07-31 21:00:00.000,33.043384499999995,summer weekday,34.9
13870,2024-07-31 22:00:00.000,32.041285499999994,summer weekday,30.1
13871,2024-07-31 23:00:00.000,32.03628749999999,summer weekday,30.1
13872,2024-08-01 00:00:00.000,31.53024,summer weekday,30.1
13873,2024-08-01 01:00:00.000,30.8367675,summer weekday,30.1
13874,2024-08-01 02:00:00.000,30.494404499999995,summer weekday,30.1
13875,2024-08-01 03:00:00.000,31.615206,summer weekday,30.1
13876,2024-08-01 04:00:00.000,34.0679745,summer weekday,34.9
13877,2024-08-01 05:00:00.000,36.77689049999999,summer weekday,34.9
13878,2024-08-01 06:00:00.000,33.669383999999994,summer weekday,34.9
13879,2024-08-01 07:00:00.000,33.2233125,summer weekday,34.9
13880,2024-08-01 08:00:00.000,31.242854999999995,summer weekday,30.1
13881,2024-08-01 09:00:00.000,29.5997625,summer weekday,30.1
13882,2024-08-01 10:00:00.000,28.436478,summer weekday,30.1
13883,2024-08-01 11:00:00.000,27.985408499999995,summer weekday,30.1
13884,2024-08-01 12:00:00.000,27.529340999999995,summer weekday,25.44
13885,2024-08-01 13:00:00.000,27.7804905,summer weekday,30.1
13886,2024-08-01 14:00:00.000,28.883799,summer weekday,30.1
13887,2024-08-01 15:00:00.000,29.6547405,summer weekday,30.1
13888,2024-08-01 16:00:00.000,31.875102,summer weekday,30.1
13889,2024-08-01 17:00:00.000,32.833468499999995,summer weekday,34.9
13890,2024-08-01 18:00:00.000,34.041735,summer weekday,34.9
13891,2024-08-01 19:00:00.000,37.2367065,summer weekday,34.9
13892,2024-08-01 20:00:00.000,35.4824085,summer weekday,34.9
13893,2024-08-01 21:00:00.000,34.096713,summer weekday,34.9
13894,2024-08-01 22:00:00.000,33.192075,summer weekday,34.9
13895,2024-08-01 23:00:00.000,31.7214135,summer weekday,30.1
13896,2024-08-02 00:00:00.000,31.1266515,summer weekday,30.1
13897,2024-08-02 01:00:00.000,30.99420449999999,summer weekday,30.1
13898,2024-08-02 02:00:00.000,30.3519615,summer weekday,30.1
13899,2024-08-02 03:00:00.000,30.8492625,summer weekday,30.1
13900,2024-08-02 04:00:00.000,32.056279499999995,summer weekday,30.1
13901,2024-08-02 05:00:00.000,33.823072499999995,summer weekday,34.9
13902,2024-08-02 06:00:00.000,35.15129099999999,summer weekday,34.9
13903,2024-08-02 07:00:00.000,34.1279505,summer weekday,34.9
13904,2024-08-02 08:00:00.000,33.032138999999994,summer weekday,34.9
13905,2024-08-02 09:00:00.000,31.440276,summer weekday,30.1
13906,2024-08-02 10:00:00.000,29.6922255,summer weekday,30.1
13907,2024-08-02 11:00:00.000,29.178681,summer weekday,30.1
13908,2024-08-02 12:00:00.000,27.724263,summer weekday,25.44
13909,2024-08-02 13:00:00.000,26.662188,summer weekday,25.44
13910,2024-08-02 14:00:00.000,26.304831,summer weekday,25.44
13911,2024-08-02 15:00:00.000,28.159088999999994,summer weekday,30.1
13912,2024-08-02 16:00:00.000,29.6922255,summer weekday,30.1
13913,2024-08-02 17:00:00.000,32.757248999999995,summer weekday,34.9
13914,2024-08-02 18:00:00.000,36.0396855,summer weekday,34.9
13915,2024-08-02 19:00:00.000,38.25130049999999,summer weekday,34.9
13916,2024-08-02 20:00:00.000,35.186277,summer weekday,34.9
13917,2024-08-02 21:00:00.000,34.281639,summer weekday,34.9
13918,2024-08-02 22:00:00.000,32.3561595,summer weekday,30.1
13919,2024-08-02 23:00:00.000,32.8109775,summer weekday,34.9
13920,2024-08-03 00:00:00.000,32.372403,summer weekend,31.66
13921,2024-08-03 01:00:00.000,31.642695,summer weekend,31.66
13922,2024-08-03 02:00:00.000,31.117905,summer weekend,31.66
13923,2024-08-03 03:00:00.000,30.7692945,summer weekend,31.66
13924,2024-08-03 04:00:00.000,31.840115999999995,summer weekend,31.66
13925,2024-08-03 05:00:00.000,32.947173,summer weekend,31.66
13926,2024-08-03 06:00:00.000,31.9188345,summer weekend,31.66
13927,2024-08-03 07:00:00.000,30.543134999999992,summer weekend,31.66
13928,2024-08-03 08:00:00.000,28.239056999999995,summer weekend,27.0
13929,2024-08-03 09:00:00.000,24.038238,summer weekend,27.0
13930,2024-08-03 10:00:00.000,22.528842,summer weekend,19.7
13931,2024-08-03 11:00:00.000,21.816627,summer weekend,19.7
13932,2024-08-03 12:00:00.000,20.7857895,summer weekend,19.7
13933,2024-08-03 13:00:00.000,20.497155,summer weekend,19.7
13934,2024-08-03 14:00:00.000,21.531741,summer weekend,19.7
13935,2024-08-03 15:00:00.000,24.038238,summer weekend,27.0
13936,2024-08-03 16:00:00.000,29.1824295,summer weekend,27.0
13937,2024-08-03 17:00:00.000,32.9234325,summer weekend,31.66
13938,2024-08-03 18:00:00.000,33.73185899999999,summer weekend,31.66
13939,2024-08-03 19:00:00.000,35.55862799999999,summer weekend,31.66
13940,2024-08-03 20:00:00.000,37.05802799999999,summer weekend,31.66
13941,2024-08-03 21:00:00.000,34.878899999999994,summer weekend,31.66
13942,2024-08-03 22:00:00.000,32.642295,summer weekend,31.66
13943,2024-08-03 23:00:00.000,33.755599499999995,summer weekend,31.66
13944,2024-08-04 00:00:00.000,32.64729299999999,summer weekend,31.66
13945,2024-08-04 01:00:00.000,32.092515,summer weekend,31.66
13946,2024-08-04 02:00:00.000,31.565226,summer weekend,31.66
13947,2024-08-04 03:00:00.000,31.2565995,summer weekend,31.66
13948,2024-08-04 04:00:00.000,30.355709999999995,summer weekend,31.66
13949,2024-08-04 05:00:00.000,29.693475,summer weekend,31.66
13950,2024-08-04 06:00:00.000,29.1312,summer weekend,27.0
13951,2024-08-04 07:00:00.000,27.9729135,summer weekend,27.0
13952,2024-08-04 08:00:00.000,23.497204499999995,summer weekend,27.0
13953,2024-08-04 09:00:00.000,20.9907075,summer weekend,19.7
13954,2024-08-04 10:00:00.000,20.241007499999995,summer weekend,19.7
13955,2024-08-04 11:00:00.000,19.992357,summer weekend,19.7
13956,2024-08-04 12:00:00.000,19.980338,summer weekend,19.7
13957,2024-08-04 13:00:00.000,19.740672,summer weekend,19.7
13958,2024-08-04 14:00:00.000,19.9837295,summer weekend,19.7
13959,2024-08-04 15:00:00.000,20.10981,summer weekend,19.7
13960,2024-08-04 16:00:00.000,22.791236999999995,summer weekend,19.7
13961,2024-08-04 17:00:00.000,29.127451499999992,summer weekend,27.0
13962,2024-08-04 18:00:00.000,33.187076999999995,summer weekend,31.66
13963,2024-08-04 19:00:00.000,34.968864,summer weekend,31.66
13964,2024-08-04 20:00:00.000,35.60236049999999,summer weekend,31.66
13965,2024-08-04 21:00:00.000,34.096713,summer weekend,31.66
13966,2024-08-04 22:00:00.000,33.08336849999999,summer weekend,31.66
13967,2024-08-04 23:00:00.000,32.86470599999999,summer weekend,31.66
13968,2024-08-05 00:00:00.000,30.645594,summer weekday,30.1
13969,2024-08-05 01:00:00.000,30.268245,summer weekday,30.1
13970,2024-08-05 02:00:00.000,30.649342499999992,summer weekday,30.1
13971,2024-08-05 03:00:00.000,30.4294305,summer weekday,30.1
13972,2024-08-05 04:00:00.000,32.134998,summer weekday,30.1
13973,2024-08-05 05:00:00.000,34.851411,summer weekday,34.9
13974,2024-08-05 06:00:00.000,37.0717725,summer weekday,34.9
13975,2024-08-05 07:00:00.000,34.22541149999999,summer weekday,34.9
13976,2024-08-05 08:00:00.000,32.833468499999995,summer weekday,34.9
13977,2024-08-05 09:00:00.000,29.293635,summer weekday,30.1
13978,2024-08-05 10:00:00.000,28.019144999999995,summer weekday,30.1
13979,2024-08-05 11:00:00.000,27.122004,summer weekday,25.44
13980,2024-08-05 12:00:00.000,25.2390075,summer weekday,25.44
13981,2024-08-05 13:00:00.000,24.5267925,summer weekday,25.44
13982,2024-08-05 14:00:00.000,26.4110385,summer weekday,25.44
13983,2024-08-05 15:00:00.000,28.743855,summer weekday,30.1
13984,2024-08-05 16:00:00.000,30.65559,summer weekday,30.1
13985,2024-08-05 17:00:00.000,33.600661499999994,summer weekday,34.9
13986,2024-08-05 18:00:00.000,39.072222,summer weekday,34.9
13987,2024-08-05 19:00:00.000,51.22360949999999,summer weekday,34.9
13988,2024-08-05 20:00:00.000,41.34256349999999,summer weekday,34.9
13989,2024-08-05 21:00:00.000,35.016344999999994,summer weekday,34.9
13990,2024-08-05 22:00:00.000,32.844714,summer weekday,34.9
13991,2024-08-05 23:00:00.000,32.8659555,summer weekday,34.9
13992,2024-08-06 00:00:00.000,31.9263315,summer weekday,30.1
13993,2024-08-06 01:00:00.000,31.135397999999995,summer weekday,30.1
13994,2024-08-06 02:00:00.000,30.635597999999995,summer weekday,30.1
13995,2024-08-06 03:00:00.000,30.700572,summer weekday,30.1
13996,2024-08-06 04:00:00.000,31.951321499999995,summer weekday,30.1
13997,2024-08-06 05:00:00.000,35.461167,summer weekday,34.9
13998,2024-08-06 06:00:00.000,35.733557999999995,summer weekday,34.9
13999,2024-08-06 07:00:00.000,30.6418455,summer weekday,30.1
14000,2024-08-06 08:00:00.000,29.294884499999995,summer weekday,30.1
14001,2024-08-06 09:00:00.000,24.48805799999999,summer weekday,25.44
14002,2024-08-06 10:00:00.000,22.6625385,summer weekday,25.44
14003,2024-08-06 11:00:00.000,21.966567,summer weekday,25.44
14004,2024-08-06 12:00:00.000,20.3534625,summer weekday,25.44
14005,2024-08-06 13:00:00.000,20.5833705,summer weekday,25.44
14006,2024-08-06 14:00:00.000,22.413888,summer weekday,25.44
14007,2024-08-06 15:00:00.000,24.946624499999995,summer weekday,25.44
14008,2024-08-06 16:00:00.000,30.254500499999992,summer weekday,30.1
14009,2024-08-06 17:00:00.000,33.2657955,summer weekday,34.9
14010,2024-08-06 18:00:00.000,41.798631,summer weekday,34.9
14011,2024-08-06 19:00:00.000,48.82956749999999,summer weekday,34.9
14012,2024-08-06 20:00:00.000,41.28258749999999,summer weekday,34.9
14013,2024-08-06 21:00:00.000,34.796433,summer weekday,34.9
14014,2024-08-06 22:00:00.000,32.483608499999995,summer weekday,30.1
14015,2024-08-06 23:00:00.000,31.4040405,summer weekday,30.1
14016,2024-08-07 00:00:00.000,30.385697999999994,summer weekday,30.1
14017,2024-08-07 01:00:00.000,29.892145499999994,summer weekday,30.1
14018,2024-08-07 02:00:00.000,30.385697999999994,summer weekday,30.1
14019,2024-08-07 03:00:00.000,30.784288499999995,summer weekday,30.1
14020,2024-08-07 04:00:00.000,33.024642,summer weekday,34.9
14021,2024-08-07 05:00:00.000,35.737306499999995,summer weekday,34.9
14022,2024-08-07 06:00:00.000,35.975961,summer weekday,34.9
14023,2024-08-07 07:00:00.000,33.611906999999995,summer weekday,34.9
14024,2024-08-07 08:00:00.000,31.0941645,summer weekday,30.1
14025,2024-08-07 09:00:00.000,29.176182,summer weekday,30.1
14026,2024-08-07 10:00:00.000,27.7929855,summer weekday,30.1
14027,2024-08-07 11:00:00.000,25.250253,summer weekday,25.44
14028,2024-08-07 12:00:00.000,24.3643575,summer weekday,25.44
14029,2024-08-07 13:00:00.000,26.3810505,summer weekday,25.44
14030,2024-08-07 14:00:00.000,28.641396,summer weekday,30.1
14031,2024-08-07 15:00:00.000,30.698073,summer weekday,30.1
14032,2024-08-07 16:00:00.000,33.1296,summer weekday,34.9
14033,2024-08-07 17:00:00.000,33.2807895,summer weekday,34.9
14034,2024-08-07 18:00:00.000,34.947622499999994,summer weekday,34.9
14035,2024-08-07 19:00:00.000,38.637396,summer weekday,34.9
14036,2024-08-07 20:00:00.000,36.7593975,summer weekday,34.9
14037,2024-08-07 21:00:00.000,34.071723,summer weekday,34.9
14038,2024-08-07 22:00:00.000,32.827220999999994,summer weekday,34.9
14039,2024-08-07 23:00:00.000,32.0337885,summer weekday,30.1
14040,2024-08-08 00:00:00.000,30.987957,summer weekday,30.1
14041,2024-08-08 01:00:00.000,30.900492,summer weekday,30.1
14042,2024-08-08 02:00:00.000,30.987957,summer weekday,30.1
14043,2024-08-08 03:00:00.000,31.0141965,summer weekday,30.1
14044,2024-08-08 04:00:00.000,31.9938045,summer weekday,30.1
14045,2024-08-08 05:00:00.000,33.8455635,summer weekday,34.9
14046,2024-08-08 06:00:00.000,35.594863499999995,summer weekday,34.9
14047,2024-08-08 07:00:00.000,34.28038949999999,summer weekday,34.9
14048,2024-08-08 08:00:00.000,33.334518,summer weekday,34.9
14049,2024-08-08 09:00:00.000,30.74305499999999,summer weekday,30.1
14050,2024-08-08 10:00:00.000,28.93128,summer weekday,30.1
14051,2024-08-08 11:00:00.000,27.1182555,summer weekday,25.44
14052,2024-08-08 12:00:00.000,25.044085499999994,summer weekday,25.44
14053,2024-08-08 13:00:00.000,24.005751,summer weekday,25.44
14054,2024-08-08 14:00:00.000,25.012847999999995,summer weekday,25.44
14055,2024-08-08 15:00:00.000,27.2082195,summer weekday,25.44
14056,2024-08-08 16:00:00.000,30.045834,summer weekday,30.1
14057,2024-08-08 17:00:00.000,32.719764,summer weekday,34.9
14058,2024-08-08 18:00:00.000,37.2891855,summer weekday,34.9
14059,2024-08-08 19:00:00.000,44.6387445,summer weekday,34.9
14060,2024-08-08 20:00:00.000,36.85311,summer weekday,34.9
14061,2024-08-08 21:00:00.000,32.72975999999999,summer weekday,34.9
14062,2024-08-08 22:00:00.000,31.675182,summer weekday,30.1
14063,2024-08-08 23:00:00.000,32.94342449999999,summer weekday,34.9
14064,2024-08-09 00:00:00.000,30.470664,summer weekday,30.1
14065,2024-08-09 01:00:00.000,28.398993,summer weekday,30.1
14066,2024-08-09 02:00:00.000,28.019144999999995,summer weekday,30.1
14067,2024-08-09 03:00:00.000,26.6459445,summer weekday,25.44
14068,2024-08-09 04:00:00.000,28.026641999999995,summer weekday,30.1
14069,2024-08-09 05:00:00.000,29.98086,summer weekday,30.1
14070,2024-08-09 06:00:00.000,31.031689499999995,summer weekday,30.1
14071,2024-08-09 07:00:00.000,27.40689,summer weekday,25.44
14072,2024-08-09 08:00:00.000,23.8970445,summer weekday,25.44
14073,2024-08-09 09:00:00.000,21.106911,summer weekday,25.44
14074,2024-08-09 10:00:00.000,20.05983,summer weekday,25.44
14075,2024-08-09 11:00:00.000,19.9814685,summer weekday,25.44
14076,2024-08-09 12:00:00.000,19.966772,summer weekday,25.44
14077,2024-08-09 13:00:00.000,19.89442,summer weekday,25.44
14078,2024-08-09 14:00:00.000,19.972424499999995,summer weekday,25.44
14079,2024-08-09 15:00:00.000,19.9837295,summer weekday,25.44
14080,2024-08-09 16:00:00.000,20.3034825,summer weekday,25.44
14081,2024-08-09 17:00:00.000,25.205271,summer weekday,25.44
14082,2024-08-09 18:00:00.000,30.110808,summer weekday,30.1
14083,2024-08-09 19:00:00.000,35.5998615,summer weekday,34.9
14084,2024-08-09 20:00:00.000,34.735207499999994,summer weekday,34.9
14085,2024-08-09 21:00:00.000,34.161687,summer weekday,34.9
14086,2024-08-09 22:00:00.000,31.6339485,summer weekday,30.1
14087,2024-08-09 23:00:00.000,30.6168555,summer weekday,30.1
14088,2024-08-10 00:00:00.000,31.496503499999992,summer weekend,31.66
14089,2024-08-10 01:00:00.000,30.890495999999995,summer weekend,31.66
14090,2024-08-10 02:00:00.000,30.5643765,summer weekend,31.66
14091,2024-08-10 03:00:00.000,30.3469635,summer weekend,31.66
14092,2024-08-10 04:00:00.000,30.670584,summer weekend,31.66
14093,2024-08-10 05:00:00.000,31.065426,summer weekend,31.66
14094,2024-08-10 06:00:00.000,29.4823095,summer weekend,31.66
14095,2024-08-10 07:00:00.000,23.965766999999992,summer weekend,27.0
14096,2024-08-10 08:00:00.000,20.00985,summer weekend,19.7
14097,2024-08-10 09:00:00.000,19.64571,summer weekend,19.7
14098,2024-08-10 10:00:00.000,18.60565,summer weekend,19.7
14099,2024-08-10 11:00:00.000,17.4423655,summer weekend,19.7
14100,2024-08-10 12:00:00.000,15.3758115,summer weekend,19.7
14101,2024-08-10 13:00:00.000,15.4526855,summer weekend,19.7
14102,2024-08-10 14:00:00.000,16.6306665,summer weekend,19.7
14103,2024-08-10 15:00:00.000,19.05785,summer weekend,19.7
14104,2024-08-10 16:00:00.000,19.9936065,summer weekend,19.7
14105,2024-08-10 17:00:00.000,26.087418,summer weekend,27.0
14106,2024-08-10 18:00:00.000,33.29828249999999,summer weekend,31.66
14107,2024-08-10 19:00:00.000,35.6573385,summer weekend,31.66
14108,2024-08-10 20:00:00.000,36.60321,summer weekend,31.66
14109,2024-08-10 21:00:00.000,34.71021749999999,summer weekend,31.66
14110,2024-08-10 22:00:00.000,33.30952799999999,summer weekend,31.66
14111,2024-08-10 23:00:00.000,33.318274499999994,summer weekend,31.66
14112,2024-08-11 00:00:00.000,33.0009015,summer weekend,31.66
14113,2024-08-11 01:00:00.000,32.474861999999995,summer weekend,31.66
14114,2024-08-11 02:00:00.000,31.872602999999994,summer weekend,31.66
14115,2024-08-11 03:00:00.000,32.041285499999994,summer weekend,31.66
14116,2024-08-11 04:00:00.000,34.3503615,summer weekend,31.66
14117,2024-08-11 05:00:00.000,33.284538,summer weekend,31.66
14118,2024-08-11 06:00:00.000,28.858809,summer weekend,27.0
14119,2024-08-11 07:00:00.000,23.458469999999995,summer weekend,27.0
14120,2024-08-11 08:00:00.000,19.98486,summer weekend,19.7
14121,2024-08-11 09:00:00.000,19.4184795,summer weekend,19.7
14122,2024-08-11 10:00:00.000,18.2902405,summer weekend,19.7
14123,2024-08-11 11:00:00.000,16.362738,summer weekend,19.7
14124,2024-08-11 12:00:00.000,13.206382,summer weekend,19.7
14125,2024-08-11 13:00:00.000,14.3221855,summer weekend,19.7
14126,2024-08-11 14:00:00.000,16.432829,summer weekend,19.7
14127,2024-08-11 15:00:00.000,19.4230015,summer weekend,19.7
14128,2024-08-11 16:00:00.000,20.167287,summer weekend,19.7
14129,2024-08-11 17:00:00.000,30.997952999999995,summer weekend,31.66
14130,2024-08-11 18:00:00.000,36.07842,summer weekend,31.66
14131,2024-08-11 19:00:00.000,37.12550099999999,summer weekend,31.66
14132,2024-08-11 20:00:00.000,35.7473025,summer weekend,31.66
14133,2024-08-11 21:00:00.000,33.7281105,summer weekend,31.66
14134,2024-08-11 22:00:00.000,32.139996,summer weekend,31.66
14135,2024-08-11 23:00:00.000,33.102111,summer weekend,31.66
14136,2024-08-12 00:00:00.000,31.807629,summer weekday,30.1
14137,2024-08-12 01:00:00.000,30.643095,summer weekday,30.1
14138,2024-08-12 02:00:00.000,30.80553,summer weekday,30.1
14139,2024-08-12 03:00:00.000,31.0866675,summer weekday,30.1
14140,2024-08-12 04:00:00.000,34.296633,summer weekday,34.9
14141,2024-08-12 05:00:00.000,39.204669,summer weekday,34.9
14142,2024-08-12 06:00:00.000,39.204669,summer weekday,34.9
14143,2024-08-12 07:00:00.000,34.385347499999995,summer weekday,34.9
14144,2024-08-12 08:00:00.000,28.718865,summer weekday,30.1
14145,2024-08-12 09:00:00.000,24.997854,summer weekday,25.44
14146,2024-08-12 10:00:00.000,21.989058,summer weekday,25.44
14147,2024-08-12 11:00:00.000,21.241857,summer weekday,25.44
14148,2024-08-12 12:00:00.000,20.857011,summer weekday,25.44
14149,2024-08-12 13:00:00.000,21.70917,summer weekday,25.44
14150,2024-08-12 14:00:00.000,23.4672165,summer weekday,25.44
14151,2024-08-12 15:00:00.000,26.0636775,summer weekday,25.44
14152,2024-08-12 16:00:00.000,31.1416455,summer weekday,30.1
14153,2024-08-12 17:00:00.000,35.326221,summer weekday,34.9
14154,2024-08-12 18:00:00.000,45.72705899999999,summer weekday,34.9
14155,2024-08-12 19:00:00.000,48.07861799999999,summer weekday,34.9
14156,2024-08-12 20:00:00.000,36.020942999999995,summer weekday,34.9
14157,2024-08-12 21:00:00.000,33.33951599999999,summer weekday,34.9
14158,2024-08-12 22:00:00.000,32.4861075,summer weekday,30.1
14159,2024-08-12 23:00:00.000,32.43487799999999,summer weekday,30.1
14160,2024-08-13 00:00:00.000,30.9692145,summer weekday,30.1
14161,2024-08-13 01:00:00.000,30.80553,summer weekday,30.1
14162,2024-08-13 02:00:00.000,30.5793705,summer weekday,30.1
14163,2024-08-13 03:00:00.000,30.575622,summer weekday,30.1
14164,2024-08-13 04:00:00.000,32.6510415,summer weekday,34.9
14165,2024-08-13 05:00:00.000,35.686077,summer weekday,34.9
14166,2024-08-13 06:00:00.000,36.6919245,summer weekday,34.9
14167,2024-08-13 07:00:00.000,34.7152155,summer weekday,34.9
14168,2024-08-13 08:00:00.000,30.956719499999995,summer weekday,30.1
14169,2024-08-13 09:00:00.000,28.3152765,summer weekday,30.1
14170,2024-08-13 10:00:00.000,26.974563,summer weekday,25.44
14171,2024-08-13 11:00:00.000,25.3589595,summer weekday,25.44
14172,2024-08-13 12:00:00.000,25.0290915,summer weekday,25.44
14173,2024-08-13 13:00:00.000,25.977461999999992,summer weekday,25.44
14174,2024-08-13 14:00:00.000,28.0004025,summer weekday,30.1
14175,2024-08-13 15:00:00.000,30.73056,summer weekday,30.1
14176,2024-08-13 16:00:00.000,33.104609999999994,summer weekday,34.9
14177,2024-08-13 17:00:00.000,35.108808,summer weekday,34.9
14178,2024-08-13 18:00:00.000,45.31472399999999,summer weekday,34.9
14179,2024-08-13 19:00:00.000,45.64334249999999,summer weekday,34.9
14180,2024-08-13 20:00:00.000,36.090915,summer weekday,34.9
14181,2024-08-13 21:00:00.000,33.914286,summer weekday,34.9
14182,2024-08-13 22:00:00.000,33.103360499999994,summer weekday,34.9
14183,2024-08-13 23:00:00.000,30.9467235,summer weekday,30.1
14184,2024-08-14 00:00:00.000,31.3290705,summer weekday,30.1
14185,2024-08-14 01:00:00.000,30.9467235,summer weekday,30.1
14186,2024-08-14 02:00:00.000,31.65519,summer weekday,30.1
14187,2024-08-14 03:00:00.000,31.68018,summer weekday,30.1
14188,2024-08-14 04:00:00.000,33.36700499999999,summer weekday,34.9
14189,2024-08-14 05:00:00.000,36.19587299999999,summer weekday,34.9
14190,2024-08-14 06:00:00.000,37.055529,summer weekday,34.9
14191,2024-08-14 07:00:00.000,35.098811999999995,summer weekday,34.9
14192,2024-08-14 08:00:00.000,33.5781705,summer weekday,34.9
14193,2024-08-14 09:00:00.000,30.365706,summer weekday,30.1
14194,2024-08-14 10:00:00.000,29.635998,summer weekday,30.1
14195,2024-08-14 11:00:00.000,29.087467499999992,summer weekday,30.1
14196,2024-08-14 12:00:00.000,29.403590999999995,summer weekday,30.1
14197,2024-08-14 13:00:00.000,29.3198745,summer weekday,30.1
14198,2024-08-14 14:00:00.000,30.198273,summer weekday,30.1
14199,2024-08-14 15:00:00.000,31.775141999999992,summer weekday,30.1
14200,2024-08-14 16:00:00.000,33.178330499999994,summer weekday,34.9
14201,2024-08-14 17:00:00.000,33.914286,summer weekday,34.9
14202,2024-08-14 18:00:00.000,40.1530395,summer weekday,34.9
14203,2024-08-14 19:00:00.000,47.33891399999999,summer weekday,34.9
14204,2024-08-14 20:00:00.000,38.564925,summer weekday,34.9
14205,2024-08-14 21:00:00.000,35.0325885,summer weekday,34.9
14206,2024-08-14 22:00:00.000,33.7231125,summer weekday,34.9
14207,2024-08-14 23:00:00.000,33.7705935,summer weekday,34.9
14208,2024-08-15 00:00:00.000,33.686877,summer weekday,34.9
14209,2024-08-15 01:00:00.000,33.142095,summer weekday,34.9
14210,2024-08-15 02:00:00.000,31.822623,summer weekday,30.1
14211,2024-08-15 03:00:00.000,31.982558999999995,summer weekday,30.1
14212,2024-08-15 04:00:00.000,33.5931645,summer weekday,34.9
14213,2024-08-15 05:00:00.000,34.947622499999994,summer weekday,34.9
14214,2024-08-15 06:00:00.000,35.06757449999999,summer weekday,34.9
14215,2024-08-15 07:00:00.000,34.3503615,summer weekday,34.9
14216,2024-08-15 08:00:00.000,31.370304,summer weekday,30.1
14217,2024-08-15 09:00:00.000,27.369405,summer weekday,25.44
14218,2024-08-15 10:00:00.000,22.476362999999992,summer weekday,25.44
14219,2024-08-15 11:00:00.000,21.216867,summer weekday,25.44
14220,2024-08-15 12:00:00.000,19.9861095,summer weekday,25.44
14221,2024-08-15 13:00:00.000,19.980338,summer weekday,25.44
14222,2024-08-15 14:00:00.000,20.5158975,summer weekday,25.44
14223,2024-08-15 15:00:00.000,24.1594395,summer weekday,25.44
14224,2024-08-15 16:00:00.000,29.638497,summer weekday,30.1
14225,2024-08-15 17:00:00.000,34.9701135,summer weekday,34.9
14226,2024-08-15 18:00:00.000,37.7914845,summer weekday,34.9
14227,2024-08-15 19:00:00.000,40.014345,summer weekday,34.9
14228,2024-08-15 20:00:00.000,37.582818,summer weekday,34.9
14229,2024-08-15 21:00:00.000,34.8376665,summer weekday,34.9
14230,2024-08-15 22:00:00.000,31.847613,summer weekday,30.1
14231,2024-08-15 23:00:00.000,33.600661499999994,summer weekday,34.9
14232,2024-08-16 00:00:00.000,30.828021,summer weekday,30.1
14233,2024-08-16 01:00:00.000,30.678080999999995,summer weekday,30.1
14234,2024-08-16 02:00:00.000,30.7093185,summer weekday,30.1
14235,2024-08-16 03:00:00.000,30.950472,summer weekday,30.1
14236,2024-08-16 04:00:00.000,31.486507499999995,summer weekday,30.1
14237,2024-08-16 05:00:00.000,36.030939,summer weekday,34.9
14238,2024-08-16 06:00:00.000,36.84186449999999,summer weekday,34.9
14239,2024-08-16 07:00:00.000,35.582368499999994,summer weekday,34.9
14240,2024-08-16 08:00:00.000,32.5985625,summer weekday,34.9
14241,2024-08-16 09:00:00.000,29.4998025,summer weekday,30.1
14242,2024-08-16 10:00:00.000,27.460618499999992,summer weekday,25.44
14243,2024-08-16 11:00:00.000,26.317325999999994,summer weekday,25.44
14244,2024-08-16 12:00:00.000,26.223613499999995,summer weekday,25.44
14245,2024-08-16 13:00:00.000,25.928731499999994,summer weekday,25.44
14246,2024-08-16 14:00:00.000,26.877102,summer weekday,25.44
14247,2024-08-16 15:00:00.000,30.314476499999994,summer weekday,30.1
14248,2024-08-16 16:00:00.000,32.94967199999999,summer weekday,34.9
14249,2024-08-16 17:00:00.000,36.84311399999999,summer weekday,34.9
14250,2024-08-16 18:00:00.000,48.78833399999999,summer weekday,34.9
14251,2024-08-16 19:00:00.000,50.362704,summer weekday,34.9
14252,2024-08-16 20:00:00.000,41.4550185,summer weekday,34.9
14253,2024-08-16 21:00:00.000,36.795633,summer weekday,34.9
14254,2024-08-16 22:00:00.000,34.50030149999999,summer weekday,34.9
14255,2024-08-16 23:00:00.000,33.3682545,summer weekday,34.9
14256,2024-08-17 00:00:00.000,33.636897,summer weekend,31.66
14257,2024-08-17 01:00:00.000,32.87095349999999,summer weekend,31.66
14258,2024-08-17 02:00:00.000,32.707269,summer weekend,31.66
14259,2024-08-17 03:00:00.000,33.8030805,summer weekend,31.66
14260,2024-08-17 04:00:00.000,33.834318,summer weekend,31.66
14261,2024-08-17 05:00:00.000,33.317024999999994,summer weekend,31.66
14262,2024-08-17 06:00:00.000,32.975911499999995,summer weekend,31.66
14263,2024-08-17 07:00:00.000,32.908438499999995,summer weekend,31.66
14264,2024-08-17 08:00:00.000,30.48066,summer weekend,31.66
14265,2024-08-17 09:00:00.000,28.6676355,summer weekend,27.0
14266,2024-08-17 10:00:00.000,26.767146,summer weekend,27.0
14267,2024-08-17 11:00:00.000,25.8487635,summer weekend,27.0
14268,2024-08-17 12:00:00.000,25.0715745,summer weekend,27.0
14269,2024-08-17 13:00:00.000,24.911638499999995,summer weekend,27.0
14270,2024-08-17 14:00:00.000,24.927882,summer weekend,27.0
14271,2024-08-17 15:00:00.000,27.3681555,summer weekend,27.0
14272,2024-08-17 16:00:00.000,31.030439999999995,summer weekend,31.66
14273,2024-08-17 17:00:00.000,34.93887599999999,summer weekend,31.66
14274,2024-08-17 18:00:00.000,37.54783199999999,summer weekend,31.66
14275,2024-08-17 19:00:00.000,38.624901,summer weekend,31.66
14276,2024-08-17 20:00:00.000,35.85101099999999,summer weekend,31.66
14277,2024-08-17 21:00:00.000,34.56652499999999,summer weekend,31.66
14278,2024-08-17 22:00:00.000,33.20706899999999,summer weekend,31.66
14279,2024-08-17 23:00:00.000,33.956768999999994,summer weekend,31.66
14280,2024-08-18 00:00:00.000,34.07921999999999,summer weekend,31.66
14281,2024-08-18 01:00:00.000,33.250801499999994,summer weekend,31.66
14282,2024-08-18 02:00:00.000,33.257048999999995,summer weekend,31.66
14283,2024-08-18 03:00:00.000,33.07337249999999,summer weekend,31.66
14284,2024-08-18 04:00:00.000,33.10086149999999,summer weekend,31.66
14285,2024-08-18 05:00:00.000,32.4211335,summer weekend,31.66
14286,2024-08-18 06:00:00.000,31.88009999999999,summer weekend,31.66
14287,2024-08-18 07:00:00.000,31.00545,summer weekend,31.66
14288,2024-08-18 08:00:00.000,30.270744,summer weekend,31.66
14289,2024-08-18 09:00:00.000,28.996254,summer weekend,27.0
14290,2024-08-18 10:00:00.000,29.046233999999995,summer weekend,27.0
14291,2024-08-18 11:00:00.000,28.235308499999995,summer weekend,27.0
14292,2024-08-18 12:00:00.000,24.188178,summer weekend,27.0
14293,2024-08-18 13:00:00.000,22.198974,summer weekend,19.7
14294,2024-08-18 14:00:00.000,26.392295999999995,summer weekend,27.0
14295,2024-08-18 15:00:00.000,28.713867,summer weekend,27.0
14296,2024-08-18 16:00:00.000,30.2794905,summer weekend,31.66
14297,2024-08-18 17:00:00.000,31.7114175,summer weekend,31.66
14298,2024-08-18 18:00:00.000,33.72061349999999,summer weekend,31.66
14299,2024-08-18 19:00:00.000,34.439076,summer weekend,31.66
14300,2024-08-18 20:00:00.000,33.7081185,summer weekend,31.66
14301,2024-08-18 21:00:00.000,33.90429,summer weekend,31.66
14302,2024-08-18 22:00:00.000,32.411137499999995,summer weekend,31.66
14303,2024-08-18 23:00:00.000,32.1537405,summer weekend,31.66
14304,2024-08-19 00:00:00.000,31.242854999999995,summer weekday,30.1
14305,2024-08-19 01:00:00.000,31.067924999999995,summer weekday,30.1
14306,2024-08-19 02:00:00.000,30.588117,summer weekday,30.1
14307,2024-08-19 03:00:00.000,30.543134999999992,summer weekday,30.1
14308,2024-08-19 04:00:00.000,30.9767115,summer weekday,30.1
14309,2024-08-19 05:00:00.000,36.10341,summer weekday,34.9
14310,2024-08-19 06:00:00.000,39.018493500000005,summer weekday,34.9
14311,2024-08-19 07:00:00.000,36.17838,summer weekday,34.9
14312,2024-08-19 08:00:00.000,34.05173099999999,summer weekday,34.9
14313,2024-08-19 09:00:00.000,32.092515,summer weekday,30.1
14314,2024-08-19 10:00:00.000,31.197873,summer weekday,30.1
14315,2024-08-19 11:00:00.000,30.528140999999994,summer weekday,30.1
14316,2024-08-19 12:00:00.000,29.8396665,summer weekday,30.1
14317,2024-08-19 13:00:00.000,30.007099499999992,summer weekday,30.1
14318,2024-08-19 14:00:00.000,29.968365,summer weekday,30.1
14319,2024-08-19 15:00:00.000,30.4869075,summer weekday,30.1
14320,2024-08-19 16:00:00.000,32.567325,summer weekday,34.9
14321,2024-08-19 17:00:00.000,34.22541149999999,summer weekday,34.9
14322,2024-08-19 18:00:00.000,44.97485999999999,summer weekday,34.9
14323,2024-08-19 19:00:00.000,45.45341849999999,summer weekday,34.9
14324,2024-08-19 20:00:00.000,37.4916045,summer weekday,34.9
14325,2024-08-19 21:00:00.000,32.58231899999999,summer weekday,34.9
14326,2024-08-19 22:00:00.000,30.75555,summer weekday,30.1
14327,2024-08-19 23:00:00.000,31.68018,summer weekday,30.1
14328,2024-08-20 00:00:00.000,31.174132499999995,summer weekday,30.1
14329,2024-08-20 01:00:00.000,31.042935,summer weekday,30.1
14330,2024-08-20 02:00:00.000,31.1441445,summer weekday,30.1
14331,2024-08-20 03:00:00.000,30.754300499999992,summer weekday,30.1
14332,2024-08-20 04:00:00.000,31.2266115,summer weekday,30.1
14333,2024-08-20 05:00:00.000,35.361207,summer weekday,34.9
14334,2024-08-20 06:00:00.000,36.63194849999999,summer weekday,34.9
14335,2024-08-20 07:00:00.000,35.3499615,summer weekday,34.9
14336,2024-08-20 08:00:00.000,32.8659555,summer weekday,34.9
14337,2024-08-20 09:00:00.000,29.3573595,summer weekday,30.1
14338,2024-08-20 10:00:00.000,26.2486035,summer weekday,25.44
14339,2024-08-20 11:00:00.000,24.69422549999999,summer weekday,25.44
14340,2024-08-20 12:00:00.000,22.261448999999995,summer weekday,25.44
14341,2024-08-20 13:00:00.000,22.528842,summer weekday,25.44
14342,2024-08-20 14:00:00.000,26.094915,summer weekday,25.44
14343,2024-08-20 15:00:00.000,30.249502499999995,summer weekday,30.1
14344,2024-08-20 16:00:00.000,33.042134999999995,summer weekday,34.9
14345,2024-08-20 17:00:00.000,34.737706499999994,summer weekday,34.9
14346,2024-08-20 18:00:00.000,39.8281695,summer weekday,34.9
14347,2024-08-20 19:00:00.000,39.3158745,summer weekday,34.9
14348,2024-08-20 20:00:00.000,35.090065499999994,summer weekday,34.9
14349,2024-08-20 21:00:00.000,32.95716899999999,summer weekday,34.9
14350,2024-08-20 22:00:00.000,32.22496199999999,summer weekday,30.1
14351,2024-08-20 23:00:00.000,30.900492,summer weekday,30.1
14352,2024-08-21 00:00:00.000,30.23076,summer weekday,30.1
14353,2024-08-21 01:00:00.000,28.2228135,summer weekday,30.1
14354,2024-08-21 02:00:00.000,26.993305499999995,summer weekday,25.44
14355,2024-08-21 03:00:00.000,27.534339,summer weekday,25.44
14356,2024-08-21 04:00:00.000,27.4756125,summer weekday,25.44
14357,2024-08-21 05:00:00.000,30.143294999999995,summer weekday,30.1
14358,2024-08-21 06:00:00.000,30.720564,summer weekday,30.1
14359,2024-08-21 07:00:00.000,30.902991,summer weekday,30.1
14360,2024-08-21 08:00:00.000,26.627202,summer weekday,25.44
14361,2024-08-21 09:00:00.000,20.004852,summer weekday,25.44
14362,2024-08-21 10:00:00.000,19.4252625,summer weekday,25.44
14363,2024-08-21 11:00:00.000,18.514079500000005,summer weekday,25.44
14364,2024-08-21 12:00:00.000,17.687684,summer weekday,25.44
14365,2024-08-21 13:00:00.000,17.579156,summer weekday,25.44
14366,2024-08-21 14:00:00.000,18.1704075,summer weekday,25.44
14367,2024-08-21 15:00:00.000,18.555908,summer weekday,25.44
14368,2024-08-21 16:00:00.000,20.2360095,summer weekday,25.44
14369,2024-08-21 17:00:00.000,28.388997,summer weekday,30.1
14370,2024-08-21 18:00:00.000,32.7160155,summer weekday,34.9
14371,2024-08-21 19:00:00.000,37.5215925,summer weekday,34.9
14372,2024-08-21 20:00:00.000,36.348312,summer weekday,34.9
14373,2024-08-21 21:00:00.000,32.907188999999995,summer weekday,34.9
14374,2024-08-21 22:00:00.000,30.6868275,summer weekday,30.1
14375,2024-08-21 23:00:00.000,29.848413,summer weekday,30.1
14376,2024-08-22 00:00:00.000,29.111208,summer weekday,30.1
14377,2024-08-22 01:00:00.000,30.038336999999995,summer weekday,30.1
14378,2024-08-22 02:00:00.000,30.00210149999999,summer weekday,30.1
14379,2024-08-22 03:00:00.000,28.760098499999994,summer weekday,30.1
14380,2024-08-22 04:00:00.000,30.658089,summer weekday,30.1
14381,2024-08-22 05:00:00.000,32.473612499999994,summer weekday,30.1
14382,2024-08-22 06:00:00.000,36.160887,summer weekday,34.9
14383,2024-08-22 07:00:00.000,34.110457499999995,summer weekday,34.9
14384,2024-08-22 08:00:00.000,29.118704999999995,summer weekday,30.1
14385,2024-08-22 09:00:00.000,21.834119999999995,summer weekday,25.44
14386,2024-08-22 10:00:00.000,19.98486,summer weekday,25.44
14387,2024-08-22 11:00:00.000,19.941901,summer weekday,25.44
14388,2024-08-22 12:00:00.000,19.695452,summer weekday,25.44
14389,2024-08-22 13:00:00.000,19.8141545,summer weekday,25.44
14390,2024-08-22 14:00:00.000,19.4930925,summer weekday,25.44
14391,2024-08-22 15:00:00.000,19.9746855,summer weekday,25.44
14392,2024-08-22 16:00:00.000,23.0948655,summer weekday,25.44
14393,2024-08-22 17:00:00.000,31.162886999999994,summer weekday,30.1
14394,2024-08-22 18:00:00.000,34.071723,summer weekday,34.9
14395,2024-08-22 19:00:00.000,33.916785,summer weekday,34.9
14396,2024-08-22 20:00:00.000,33.7281105,summer weekday,34.9
14397,2024-08-22 21:00:00.000,31.915085999999995,summer weekday,30.1
14398,2024-08-22 22:00:00.000,29.883399,summer weekday,30.1
14399,2024-08-22 23:00:00.000,26.469764999999995,summer weekday,25.44
14400,2024-08-23 00:00:00.000,25.716316499999994,summer weekday,25.44
14401,2024-08-23 01:00:00.000,24.796684499999994,summer weekday,25.44
14402,2024-08-23 02:00:00.000,23.278542,summer weekday,25.44
14403,2024-08-23 03:00:00.000,23.293536,summer weekday,25.44
14404,2024-08-23 04:00:00.000,23.807080499999994,summer weekday,25.44
14405,2024-08-23 05:00:00.000,28.009149,summer weekday,30.1
14406,2024-08-23 06:00:00.000,27.560578499999995,summer weekday,25.44
14407,2024-08-23 07:00:00.000,25.437677999999995,summer weekday,25.44
14408,2024-08-23 08:00:00.000,20.492156999999995,summer weekday,25.44
14409,2024-08-23 09:00:00.000,19.9837295,summer weekday,25.44
14410,2024-08-23 10:00:00.000,19.5360515,summer weekday,25.44
14411,2024-08-23 11:00:00.000,18.906363,summer weekday,25.44
14412,2024-08-23 12:00:00.000,18.252934,summer weekday,25.44
14413,2024-08-23 13:00:00.000,18.113882500000003,summer weekday,25.44
14414,2024-08-23 14:00:00.000,18.837402500000003,summer weekday,25.44
14415,2024-08-23 15:00:00.000,18.947061,summer weekday,25.44
14416,2024-08-23 16:00:00.000,19.9814685,summer weekday,25.44
14417,2024-08-23 17:00:00.000,26.257349999999995,summer weekday,25.44
14418,2024-08-23 18:00:00.000,32.4211335,summer weekday,30.1
14419,2024-08-23 19:00:00.000,34.800181499999994,summer weekday,34.9
14420,2024-08-23 20:00:00.000,35.372452499999994,summer weekday,34.9
14421,2024-08-23 21:00:00.000,34.92138299999999,summer weekday,34.9
14422,2024-08-23 22:00:00.000,32.542334999999994,summer weekday,34.9
14423,2024-08-23 23:00:00.000,33.78558749999999,summer weekday,34.9
14424,2024-08-24 00:00:00.000,32.95217099999999,summer weekend,31.66
14425,2024-08-24 01:00:00.000,32.53233899999999,summer weekend,31.66
14426,2024-08-24 02:00:00.000,32.51484599999999,summer weekend,31.66
14427,2024-08-24 03:00:00.000,32.59231499999999,summer weekend,31.66
14428,2024-08-24 04:00:00.000,33.15459,summer weekend,31.66
14429,2024-08-24 05:00:00.000,32.607308999999994,summer weekend,31.66
14430,2024-08-24 06:00:00.000,32.7584985,summer weekend,31.66
14431,2024-08-24 07:00:00.000,29.508548999999995,summer weekend,31.66
14432,2024-08-24 08:00:00.000,21.85911,summer weekend,19.7
14433,2024-08-24 09:00:00.000,19.9814685,summer weekend,19.7
14434,2024-08-24 10:00:00.000,19.2104675,summer weekend,19.7
14435,2024-08-24 11:00:00.000,17.873086,summer weekend,19.7
14436,2024-08-24 12:00:00.000,15.4526855,summer weekend,19.7
14437,2024-08-24 13:00:00.000,14.990311000000002,summer weekend,19.7
14438,2024-08-24 14:00:00.000,16.860158,summer weekend,19.7
14439,2024-08-24 15:00:00.000,19.0635025,summer weekend,19.7
14440,2024-08-24 16:00:00.000,19.8729405,summer weekend,19.7
14441,2024-08-24 17:00:00.000,28.941276,summer weekend,27.0
14442,2024-08-24 18:00:00.000,31.420283999999995,summer weekend,31.66
14443,2024-08-24 19:00:00.000,29.990856,summer weekend,31.66
14444,2024-08-24 20:00:00.000,28.5951645,summer weekend,27.0
14445,2024-08-24 21:00:00.000,27.999153,summer weekend,27.0
14446,2024-08-24 22:00:00.000,26.23236,summer weekend,27.0
14447,2024-08-24 23:00:00.000,20.0310915,summer weekend,19.7
14448,2024-08-25 00:00:00.000,19.982599,summer weekend,19.7
14449,2024-08-25 01:00:00.000,19.946423,summer weekend,19.7
14450,2024-08-25 02:00:00.000,19.87181,summer weekend,19.7
14451,2024-08-25 03:00:00.000,19.8842455,summer weekend,19.7
14452,2024-08-25 04:00:00.000,19.937379,summer weekend,19.7
14453,2024-08-25 05:00:00.000,19.9792075,summer weekend,19.7
14454,2024-08-25 06:00:00.000,19.9837295,summer weekend,19.7
14455,2024-08-25 07:00:00.000,19.9837295,summer weekend,19.7
14456,2024-08-25 08:00:00.000,19.8277205,summer weekend,19.7
14457,2024-08-25 09:00:00.000,19.2986465,summer weekend,19.7
14458,2024-08-25 10:00:00.000,18.843055,summer weekend,19.7
14459,2024-08-25 11:00:00.000,18.232585,summer weekend,19.7
14460,2024-08-25 12:00:00.000,17.7227295,summer weekend,19.7
14461,2024-08-25 13:00:00.000,17.743078500000003,summer weekend,19.7
14462,2024-08-25 14:00:00.000,18.837402500000003,summer weekend,19.7
14463,2024-08-25 15:00:00.000,19.4184795,summer weekend,19.7
14464,2024-08-25 16:00:00.000,20.10981,summer weekend,19.7
14465,2024-08-25 17:00:00.000,30.860507999999992,summer weekend,31.66
14466,2024-08-25 18:00:00.000,33.72935999999999,summer weekend,31.66
14467,2024-08-25 19:00:00.000,34.91013749999999,summer weekend,31.66
14468,2024-08-25 20:00:00.000,33.16583549999999,summer weekend,31.66
14469,2024-08-25 21:00:00.000,32.442375,summer weekend,31.66
14470,2024-08-25 22:00:00.000,31.540236,summer weekend,31.66
14471,2024-08-25 23:00:00.000,31.5739725,summer weekend,31.66
14472,2024-08-26 00:00:00.000,30.6868275,summer weekday,30.1
14473,2024-08-26 01:00:00.000,30.098313,summer weekday,30.1
14474,2024-08-26 02:00:00.000,30.400692,summer weekday,30.1
14475,2024-08-26 03:00:00.000,30.2844885,summer weekday,30.1
14476,2024-08-26 04:00:00.000,30.415686,summer weekday,30.1
14477,2024-08-26 05:00:00.000,34.1179545,summer weekday,34.9
14478,2024-08-26 06:00:00.000,39.1884255,summer weekday,34.9
14479,2024-08-26 07:00:00.000,36.34956149999999,summer weekday,34.9
14480,2024-08-26 08:00:00.000,32.3461635,summer weekday,30.1
14481,2024-08-26 09:00:00.000,29.60601,summer weekday,30.1
14482,2024-08-26 10:00:00.000,28.1453445,summer weekday,30.1
14483,2024-08-26 11:00:00.000,22.867456499999992,summer weekday,25.44
14484,2024-08-26 12:00:00.000,22.1777325,summer weekday,25.44
14485,2024-08-26 13:00:00.000,25.342716,summer weekday,25.44
14486,2024-08-26 14:00:00.000,28.8625575,summer weekday,30.1
14487,2024-08-26 15:00:00.000,30.98046,summer weekday,30.1
14488,2024-08-26 16:00:00.000,32.4136365,summer weekday,30.1
14489,2024-08-26 17:00:00.000,34.58151899999999,summer weekday,34.9
14490,2024-08-26 18:00:00.000,43.76409449999999,summer weekday,34.9
14491,2024-08-26 19:00:00.000,48.85580699999999,summer weekday,34.9
14492,2024-08-26 20:00:00.000,37.95516899999999,summer weekday,34.9
14493,2024-08-26 21:00:00.000,33.836817,summer weekday,34.9
14494,2024-08-26 22:00:00.000,33.421983,summer weekday,34.9
14495,2024-08-26 23:00:00.000,32.2811895,summer weekday,30.1
14496,2024-08-27 00:00:00.000,31.2191145,summer weekday,30.1
14497,2024-08-27 01:00:00.000,30.7867875,summer weekday,30.1
14498,2024-08-27 02:00:00.000,30.892995,summer weekday,30.1
14499,2024-08-27 03:00:00.000,31.117905,summer weekday,30.1
14500,2024-08-27 04:00:00.000,32.499852,summer weekday,30.1
14501,2024-08-27 05:00:00.000,35.698572,summer weekday,34.9
14502,2024-08-27 06:00:00.000,37.2267105,summer weekday,34.9
14503,2024-08-27 07:00:00.000,34.4803095,summer weekday,34.9
14504,2024-08-27 08:00:00.000,31.222863,summer weekday,30.1
14505,2024-08-27 09:00:00.000,29.196174,summer weekday,30.1
14506,2024-08-27 10:00:00.000,23.6246535,summer weekday,25.44
14507,2024-08-27 11:00:00.000,20.6183565,summer weekday,25.44
14508,2024-08-27 12:00:00.000,20.132301,summer weekday,25.44
14509,2024-08-27 13:00:00.000,20.2759935,summer weekday,25.44
14510,2024-08-27 14:00:00.000,22.9149375,summer weekday,25.44
14511,2024-08-27 15:00:00.000,26.544735,summer weekday,25.44
14512,2024-08-27 16:00:00.000,31.069174499999995,summer weekday,30.1
14513,2024-08-27 17:00:00.000,34.48655699999999,summer weekday,34.9
14514,2024-08-27 18:00:00.000,49.0044975,summer weekday,34.9
14515,2024-08-27 19:00:00.000,47.21396399999998,summer weekday,34.9
14516,2024-08-27 20:00:00.000,35.04383399999999,summer weekday,34.9
14517,2024-08-27 21:00:00.000,33.1308495,summer weekday,34.9
14518,2024-08-27 22:00:00.000,31.5389865,summer weekday,30.1
14519,2024-08-27 23:00:00.000,31.2890865,summer weekday,30.1
14520,2024-08-28 00:00:00.000,31.3940445,summer weekday,30.1
14521,2024-08-28 01:00:00.000,30.915486,summer weekday,30.1
14522,2024-08-28 02:00:00.000,31.130399999999995,summer weekday,30.1
14523,2024-08-28 03:00:00.000,31.447772999999994,summer weekday,30.1
14524,2024-08-28 04:00:00.000,31.52399249999999,summer weekday,30.1
14525,2024-08-28 05:00:00.000,34.35286049999999,summer weekday,34.9
14526,2024-08-28 06:00:00.000,36.04968149999999,summer weekday,34.9
14527,2024-08-28 07:00:00.000,35.10381,summer weekday,34.9
14528,2024-08-28 08:00:00.000,33.15459,summer weekday,34.9
14529,2024-08-28 09:00:00.000,30.925481999999995,summer weekday,30.1
14530,2024-08-28 10:00:00.000,28.578921,summer weekday,30.1
14531,2024-08-28 11:00:00.000,24.375602999999995,summer weekday,25.44
14532,2024-08-28 12:00:00.000,21.28434,summer weekday,25.44
14533,2024-08-28 13:00:00.000,21.0057015,summer weekday,25.44
14534,2024-08-28 14:00:00.000,26.837118,summer weekday,25.44
14535,2024-08-28 15:00:00.000,29.800931999999992,summer weekday,30.1
14536,2024-08-28 16:00:00.000,31.526491499999995,summer weekday,30.1
14537,2024-08-28 17:00:00.000,33.9255315,summer weekday,34.9
14538,2024-08-28 18:00:00.000,45.21351449999999,summer weekday,34.9
14539,2024-08-28 19:00:00.000,45.47840849999999,summer weekday,34.9
14540,2024-08-28 20:00:00.000,35.583617999999994,summer weekday,34.9
14541,2024-08-28 21:00:00.000,33.94927199999999,summer weekday,34.9
14542,2024-08-28 22:00:00.000,32.442375,summer weekday,30.1
14543,2024-08-28 23:00:00.000,31.6714335,summer weekday,30.1
14544,2024-08-29 00:00:00.000,31.727661,summer weekday,30.1
14545,2024-08-29 01:00:00.000,31.20661949999999,summer weekday,30.1
14546,2024-08-29 02:00:00.000,31.065426,summer weekday,30.1
14547,2024-08-29 03:00:00.000,31.1516415,summer weekday,30.1
14548,2024-08-29 04:00:00.000,32.6335485,summer weekday,34.9
14549,2024-08-29 05:00:00.000,35.661086999999995,summer weekday,34.9
14550,2024-08-29 06:00:00.000,36.7868865,summer weekday,34.9
14551,2024-08-29 07:00:00.000,35.75854799999999,summer weekday,34.9
14552,2024-08-29 08:00:00.000,33.56817449999999,summer weekday,34.9
14553,2024-08-29 09:00:00.000,31.5040005,summer weekday,30.1
14554,2024-08-29 10:00:00.000,30.53064,summer weekday,30.1
14555,2024-08-29 11:00:00.000,28.204070999999995,summer weekday,30.1
14556,2024-08-29 12:00:00.000,25.6388475,summer weekday,25.44
14557,2024-08-29 13:00:00.000,26.397293999999995,summer weekday,25.44
14558,2024-08-29 14:00:00.000,29.9121375,summer weekday,30.1
14559,2024-08-29 15:00:00.000,31.2491025,summer weekday,30.1
14560,2024-08-29 16:00:00.000,33.152091,summer weekday,34.9
14561,2024-08-29 17:00:00.000,35.4174345,summer weekday,34.9
14562,2024-08-29 18:00:00.000,48.40973549999999,summer weekday,34.9
14563,2024-08-29 19:00:00.000,56.1291465,summer weekday,34.9
14564,2024-08-29 20:00:00.000,41.1126555,summer weekday,34.9
14565,2024-08-29 21:00:00.000,35.60361,summer weekday,34.9
14566,2024-08-29 22:00:00.000,33.741854999999994,summer weekday,34.9
14567,2024-08-29 23:00:00.000,33.714366,summer weekday,34.9
14568,2024-08-30 00:00:00.000,32.51734499999999,summer weekday,34.9
14569,2024-08-30 01:00:00.000,31.6714335,summer weekday,30.1
14570,2024-08-30 02:00:00.000,31.640196,summer weekday,30.1
14571,2024-08-30 03:00:00.000,32.182478999999994,summer weekday,30.1
14572,2024-08-30 04:00:00.000,33.400741499999995,summer weekday,34.9
14573,2024-08-30 05:00:00.000,37.0817685,summer weekday,34.9
14574,2024-08-30 06:00:00.000,38.859807,summer weekday,34.9
14575,2024-08-30 07:00:00.000,36.67193249999999,summer weekday,34.9
14576,2024-08-30 08:00:00.000,34.191675,summer weekday,34.9
14577,2024-08-30 09:00:00.000,32.259947999999994,summer weekday,30.1
14578,2024-08-30 10:00:00.000,31.2241125,summer weekday,30.1
14579,2024-08-30 11:00:00.000,30.746803499999995,summer weekday,30.1
14580,2024-08-30 12:00:00.000,30.005849999999995,summer weekday,30.1
14581,2024-08-30 13:00:00.000,29.865905999999995,summer weekday,30.1
14582,2024-08-30 14:00:00.000,30.228261,summer weekday,30.1
14583,2024-08-30 15:00:00.000,30.7742925,summer weekday,30.1
14584,2024-08-30 16:00:00.000,32.724762,summer weekday,34.9
14585,2024-08-30 17:00:00.000,34.97761049999999,summer weekday,34.9
14586,2024-08-30 18:00:00.000,39.4908045,summer weekday,34.9
14587,2024-08-30 19:00:00.000,37.1392455,summer weekday,34.9
14588,2024-08-30 20:00:00.000,34.0679745,summer weekday,34.9
14589,2024-08-30 21:00:00.000,32.08376849999999,summer weekday,30.1
14590,2024-08-30 22:00:00.000,31.900092,summer weekday,30.1
14591,2024-08-30 23:00:00.000,33.4382265,summer weekday,34.9
14592,2024-08-31 00:00:00.000,33.159588,summer weekend,31.66
14593,2024-08-31 01:00:00.000,32.73725699999999,summer weekend,31.66
14594,2024-08-31 02:00:00.000,32.359908,summer weekend,31.66
14595,2024-08-31 03:00:00.000,32.0612775,summer weekend,31.66
14596,2024-08-31 04:00:00.000,32.23870649999999,summer weekend,31.66
14597,2024-08-31 05:00:00.000,33.7256115,summer weekend,31.66
14598,2024-08-31 06:00:00.000,33.823072499999995,summer weekend,31.66
14599,2024-08-31 07:00:00.000,33.7256115,summer weekend,31.66
14600,2024-08-31 08:00:00.000,30.595614,summer weekend,31.66
14601,2024-08-31 09:00:00.000,27.4981035,summer weekend,27.0
14602,2024-08-31 10:00:00.000,22.276443,summer weekend,19.7
14603,2024-08-31 11:00:00.000,20.0435865,summer weekend,19.7
14604,2024-08-31 12:00:00.000,19.918160499999995,summer weekend,19.7
14605,2024-08-31 13:00:00.000,19.89442,summer weekend,19.7
14606,2024-08-31 14:00:00.000,20.3034825,summer weekend,19.7
14607,2024-08-31 15:00:00.000,22.9474245,summer weekend,19.7
14608,2024-08-31 16:00:00.000,29.983359,summer weekend,31.66
14609,2024-08-31 17:00:00.000,34.641495,summer weekend,31.66
14610,2024-08-31 18:00:00.000,38.5136955,summer weekend,31.66
14611,2024-08-31 19:00:00.000,35.826021,summer weekend,31.66
14612,2024-08-31 20:00:00.000,33.390745499999994,summer weekend,31.66
14613,2024-08-31 21:00:00.000,32.46111749999999,summer weekend,31.66
14614,2024-08-31 22:00:00.000,31.134148499999995,summer weekend,31.66
14615,2024-08-31 23:00:00.000,31.700172,summer weekend,31.66
14616,2024-09-01 00:00:00.000,30.728061,summer weekend,31.66
14617,2024-09-01 01:00:00.000,30.0270915,summer weekend,31.66
14618,2024-09-01 02:00:00.000,29.998352999999994,summer weekend,31.66
14619,2024-09-01 03:00:00.000,30.1308,summer weekend,31.66
14620,2024-09-01 04:00:00.000,30.000851999999995,summer weekend,31.66
14621,2024-09-01 05:00:00.000,29.9171355,summer weekend,31.66
14622,2024-09-01 06:00:00.000,29.118704999999995,summer weekend,27.0
14623,2024-09-01 07:00:00.000,27.560578499999995,summer weekend,27.0
14624,2024-09-01 08:00:00.000,25.1415465,summer weekend,27.0
14625,2024-09-01 09:00:00.000,21.5754735,summer weekend,19.7
14626,2024-09-01 10:00:00.000,19.8955505,summer weekend,19.7
14627,2024-09-01 11:00:00.000,18.9481915,summer weekend,19.7
14628,2024-09-01 12:00:00.000,17.27166,summer weekend,19.7
14629,2024-09-01 13:00:00.000,17.730643,summer weekend,19.7
14630,2024-09-01 14:00:00.000,19.4207405,summer weekend,19.7
14631,2024-09-01 15:00:00.000,23.17858199999999,summer weekend,19.7
14632,2024-09-01 16:00:00.000,29.765946,summer weekend,31.66
14633,2024-09-01 17:00:00.000,33.6181545,summer weekend,31.66
14634,2024-09-01 18:00:00.000,36.42828,summer weekend,31.66
14635,2024-09-01 19:00:00.000,35.46741449999999,summer weekend,31.66
14636,2024-09-01 20:00:00.000,33.43322849999999,summer weekend,31.66
14637,2024-09-01 21:00:00.000,32.732259,summer weekend,31.66
14638,2024-09-01 22:00:00.000,31.41778499999999,summer weekend,31.66
14639,2024-09-01 23:00:00.000,31.385297999999995,summer weekend,31.66
14640,2024-09-02 00:00:00.000,31.8263715,summer weekday,30.1
14641,2024-09-02 01:00:00.000,31.5289905,summer weekday,30.1
14642,2024-09-02 02:00:00.000,31.5439845,summer weekday,30.1
14643,2024-09-02 03:00:00.000,31.4290305,summer weekday,30.1
14644,2024-09-02 04:00:00.000,32.66978399999999,summer weekday,34.9
14645,2024-09-02 05:00:00.000,34.320373499999995,summer weekday,34.9
14646,2024-09-02 06:00:00.000,36.84686249999999,summer weekday,34.9
14647,2024-09-02 07:00:00.000,36.470763,summer weekday,34.9
14648,2024-09-02 08:00:00.000,35.308727999999995,summer weekday,34.9
14649,2024-09-02 09:00:00.000,32.833468499999995,summer weekday,34.9
14650,2024-09-02 10:00:00.000,31.332819,summer weekday,30.1
14651,2024-09-02 11:00:00.000,30.611857499999992,summer weekday,30.1
14652,2024-09-02 12:00:00.000,30.1295505,summer weekday,30.1
14653,2024-09-02 13:00:00.000,30.4344285,summer weekday,30.1
14654,2024-09-02 14:00:00.000,31.010448,summer weekday,30.1
14655,2024-09-02 15:00:00.000,31.6839285,summer weekday,30.1
14656,2024-09-02 16:00:00.000,34.08921599999999,summer weekday,34.9
14657,2024-09-02 17:00:00.000,37.20047099999999,summer weekday,34.9
14658,2024-09-02 18:00:00.000,51.897089999999984,summer weekday,34.9
14659,2024-09-02 19:00:00.000,46.481757,summer weekday,34.9
14660,2024-09-02 20:00:00.000,36.465765,summer weekday,34.9
14661,2024-09-02 21:00:00.000,34.259148,summer weekday,34.9
14662,2024-09-02 22:00:00.000,32.95966799999999,summer weekday,34.9
14663,2024-09-02 23:00:00.000,32.42988,summer weekday,30.1
14664,2024-09-03 00:00:00.000,31.61770499999999,summer weekday,30.1
14665,2024-09-03 01:00:00.000,31.425282,summer weekday,30.1
14666,2024-09-03 02:00:00.000,31.6389465,summer weekday,30.1
14667,2024-09-03 03:00:00.000,32.010048,summer weekday,30.1
14668,2024-09-03 04:00:00.000,32.81472599999999,summer weekday,34.9
14669,2024-09-03 05:00:00.000,37.1292495,summer weekday,34.9
14670,2024-09-03 06:00:00.000,38.859807,summer weekday,34.9
14671,2024-09-03 07:00:00.000,36.7219125,summer weekday,34.9
14672,2024-09-03 08:00:00.000,34.476561,summer weekday,34.9
14673,2024-09-03 09:00:00.000,32.339915999999995,summer weekday,30.1
14674,2024-09-03 10:00:00.000,31.232859,summer weekday,30.1
14675,2024-09-03 11:00:00.000,30.58062,summer weekday,30.1
14676,2024-09-03 12:00:00.000,30.316975499999995,summer weekday,30.1
14677,2024-09-03 13:00:00.000,30.4969035,summer weekday,30.1
14678,2024-09-03 14:00:00.000,30.8142765,summer weekday,30.1
14679,2024-09-03 15:00:00.000,31.381549499999995,summer weekday,30.1
14680,2024-09-03 16:00:00.000,35.4699135,summer weekday,34.9
14681,2024-09-03 17:00:00.000,57.47110949999998,summer weekday,34.9
14682,2024-09-03 18:00:00.000,101.99829150000002,summer weekday,34.9
14683,2024-09-03 19:00:00.000,84.998844,summer weekday,34.9
14684,2024-09-03 20:00:00.000,47.09526149999999,summer weekday,34.9
14685,2024-09-03 21:00:00.000,36.62819999999999,summer weekday,34.9
14686,2024-09-03 22:00:00.000,34.673981999999995,summer weekday,34.9
14687,2024-09-03 23:00:00.000,33.5007015,summer weekday,34.9
14688,2024-09-04 00:00:00.000,32.607308999999994,summer weekday,34.9
14689,2024-09-04 01:00:00.000,32.3586585,summer weekday,30.1
14690,2024-09-04 02:00:00.000,32.477360999999995,summer weekday,30.1
14691,2024-09-04 03:00:00.000,32.362407,summer weekday,30.1
14692,2024-09-04 04:00:00.000,33.65064149999999,summer weekday,34.9
14693,2024-09-04 05:00:00.000,37.98015899999999,summer weekday,34.9
14694,2024-09-04 06:00:00.000,42.62080199999999,summer weekday,34.9
14695,2024-09-04 07:00:00.000,39.4633155,summer weekday,34.9
14696,2024-09-04 08:00:00.000,35.63984549999999,summer weekday,34.9
14697,2024-09-04 09:00:00.000,33.3807495,summer weekday,34.9
14698,2024-09-04 10:00:00.000,31.987556999999992,summer weekday,30.1
14699,2024-09-04 11:00:00.000,31.48026,summer weekday,30.1
14700,2024-09-04 12:00:00.000,31.2915855,summer weekday,30.1
14701,2024-09-04 13:00:00.000,31.130399999999995,summer weekday,30.1
14702,2024-09-04 14:00:00.000,31.570224,summer weekday,30.1
14703,2024-09-04 15:00:00.000,32.7110175,summer weekday,34.9
14704,2024-09-04 16:00:00.000,35.4749115,summer weekday,34.9
14705,2024-09-04 17:00:00.000,39.439575,summer weekday,34.9
14706,2024-09-04 18:00:00.000,59.97760649999999,summer weekday,34.9
14707,2024-09-04 19:00:00.000,43.62914849999999,summer weekday,34.9
14708,2024-09-04 20:00:00.000,36.28083899999999,summer weekday,34.9
14709,2024-09-04 21:00:00.000,33.5531805,summer weekday,34.9
14710,2024-09-04 22:00:00.000,32.427381,summer weekday,30.1
14711,2024-09-04 23:00:00.000,32.6385465,summer weekday,34.9
14712,2024-09-05 00:00:00.000,31.805129999999995,summer weekday,30.1
14713,2024-09-05 01:00:00.000,31.23036,summer weekday,30.1
14714,2024-09-05 02:00:00.000,30.8692545,summer weekday,30.1
14715,2024-09-05 03:00:00.000,30.095814,summer weekday,30.1
14716,2024-09-05 04:00:00.000,30.568124999999995,summer weekday,30.1
14717,2024-09-05 05:00:00.000,33.610657499999995,summer weekday,34.9
14718,2024-09-05 06:00:00.000,34.179179999999995,summer weekday,34.9
14719,2024-09-05 07:00:00.000,34.85890799999999,summer weekday,34.9
14720,2024-09-05 08:00:00.000,32.189976,summer weekday,30.1
14721,2024-09-05 09:00:00.000,28.861308,summer weekday,30.1
14722,2024-09-05 10:00:00.000,19.9986045,summer weekday,25.44
14723,2024-09-05 11:00:00.000,19.6400575,summer weekday,25.44
14724,2024-09-05 12:00:00.000,18.662175,summer weekday,25.44
14725,2024-09-05 13:00:00.000,17.760036,summer weekday,25.44
14726,2024-09-05 14:00:00.000,19.191249,summer weekday,25.44
14727,2024-09-05 15:00:00.000,19.9837295,summer weekday,25.44
14728,2024-09-05 16:00:00.000,24.4993035,summer weekday,25.44
14729,2024-09-05 17:00:00.000,30.5993625,summer weekday,30.1
14730,2024-09-05 18:00:00.000,32.44737299999999,summer weekday,30.1
14731,2024-09-05 19:00:00.000,31.5964635,summer weekday,30.1
14732,2024-09-05 20:00:00.000,29.993355,summer weekday,30.1
14733,2024-09-05 21:00:00.000,29.9846085,summer weekday,30.1
14734,2024-09-05 22:00:00.000,28.057879499999995,summer weekday,30.1
14735,2024-09-05 23:00:00.000,28.0803705,summer weekday,30.1
14736,2024-09-06 00:00:00.000,27.60681,summer weekday,25.44
14737,2024-09-06 01:00:00.000,26.384799,summer weekday,25.44
14738,2024-09-06 02:00:00.000,26.054931,summer weekday,25.44
14739,2024-09-06 03:00:00.000,27.2007225,summer weekday,25.44
14740,2024-09-06 04:00:00.000,28.713867,summer weekday,30.1
14741,2024-09-06 05:00:00.000,31.6414455,summer weekday,30.1
14742,2024-09-06 06:00:00.000,34.913886,summer weekday,34.9
14743,2024-09-06 07:00:00.000,35.025091499999995,summer weekday,34.9
14744,2024-09-06 08:00:00.000,32.4911055,summer weekday,30.1
14745,2024-09-06 09:00:00.000,29.98086,summer weekday,30.1
14746,2024-09-06 10:00:00.000,27.42063449999999,summer weekday,25.44
14747,2024-09-06 11:00:00.000,23.925782999999992,summer weekday,25.44
14748,2024-09-06 12:00:00.000,21.544236,summer weekday,25.44
14749,2024-09-06 13:00:00.000,21.800383499999995,summer weekday,25.44
14750,2024-09-06 14:00:00.000,23.740856999999995,summer weekday,25.44
14751,2024-09-06 15:00:00.000,28.878801,summer weekday,30.1
14752,2024-09-06 16:00:00.000,30.925481999999995,summer weekday,30.1
14753,2024-09-06 17:00:00.000,32.51359649999999,summer weekday,34.9
14754,2024-09-06 18:00:00.000,36.10341,summer weekday,34.9
14755,2024-09-06 19:00:00.000,37.0392855,summer weekday,34.9
14756,2024-09-06 20:00:00.000,32.449872,summer weekday,30.1
14757,2024-09-06 21:00:00.000,31.900092,summer weekday,30.1
14758,2024-09-06 22:00:00.000,31.590216,summer weekday,30.1
14759,2024-09-06 23:00:00.000,32.7884865,summer weekday,34.9
14760,2024-09-07 00:00:00.000,32.092515,summer weekend,31.66
14761,2024-09-07 01:00:00.000,32.01754499999999,summer weekend,31.66
14762,2024-09-07 02:00:00.000,31.8938445,summer weekend,31.66
14763,2024-09-07 03:00:00.000,32.266195499999995,summer weekend,31.66
14764,2024-09-07 04:00:00.000,32.607308999999994,summer weekend,31.66
14765,2024-09-07 05:00:00.000,32.964665999999994,summer weekend,31.66
14766,2024-09-07 06:00:00.000,33.0683745,summer weekend,31.66
14767,2024-09-07 07:00:00.000,31.910087999999995,summer weekend,31.66
14768,2024-09-07 08:00:00.000,30.5044005,summer weekend,31.66
14769,2024-09-07 09:00:00.000,26.422284,summer weekend,27.0
14770,2024-09-07 10:00:00.000,21.755401499999994,summer weekend,19.7
14771,2024-09-07 11:00:00.000,20.669586,summer weekend,19.7
14772,2024-09-07 12:00:00.000,20.112309,summer weekend,19.7
14773,2024-09-07 13:00:00.000,20.039838,summer weekend,19.7
14774,2024-09-07 14:00:00.000,21.0356895,summer weekend,19.7
14775,2024-09-07 15:00:00.000,26.184878999999995,summer weekend,27.0
14776,2024-09-07 16:00:00.000,32.65479,summer weekend,31.66
14777,2024-09-07 17:00:00.000,36.04968149999999,summer weekend,31.66
14778,2024-09-07 18:00:00.000,38.77734,summer weekend,31.66
14779,2024-09-07 19:00:00.000,36.60321,summer weekend,31.66
14780,2024-09-07 20:00:00.000,32.717265,summer weekend,31.66
14781,2024-09-07 21:00:00.000,31.520243999999995,summer weekend,31.66
14782,2024-09-07 22:00:00.000,31.135397999999995,summer weekend,31.66
14783,2024-09-07 23:00:00.000,31.7189145,summer weekend,31.66
14784,2024-09-08 00:00:00.000,30.788036999999992,summer weekend,31.66
14785,2024-09-08 01:00:00.000,30.440676,summer weekend,31.66
14786,2024-09-08 02:00:00.000,30.23076,summer weekend,31.66
14787,2024-09-08 03:00:00.000,30.2794905,summer weekend,31.66
14788,2024-09-08 04:00:00.000,30.618105,summer weekend,31.66
14789,2024-09-08 05:00:00.000,30.400692,summer weekend,31.66
14790,2024-09-08 06:00:00.000,30.2395065,summer weekend,31.66
14791,2024-09-08 07:00:00.000,29.5722735,summer weekend,31.66
14792,2024-09-08 08:00:00.000,25.055330999999995,summer weekend,27.0
14793,2024-09-08 09:00:00.000,21.0206955,summer weekend,19.7
14794,2024-09-08 10:00:00.000,20.039838,summer weekend,19.7
14795,2024-09-08 11:00:00.000,19.989858,summer weekend,19.7
14796,2024-09-08 12:00:00.000,19.9861095,summer weekend,19.7
14797,2024-09-08 13:00:00.000,20.129802,summer weekend,19.7
14798,2024-09-08 14:00:00.000,20.3809515,summer weekend,19.7
14799,2024-09-08 15:00:00.000,27.309429,summer weekend,27.0
14800,2024-09-08 16:00:00.000,31.9788105,summer weekend,31.66
14801,2024-09-08 17:00:00.000,34.92263249999999,summer weekend,31.66
14802,2024-09-08 18:00:00.000,35.4974025,summer weekend,31.66
14803,2024-09-08 19:00:00.000,35.99345399999999,summer weekend,31.66
14804,2024-09-08 20:00:00.000,34.629,summer weekend,31.66
14805,2024-09-08 21:00:00.000,33.20456999999999,summer weekend,31.66
14806,2024-09-08 22:00:00.000,32.121253499999995,summer weekend,31.66
14807,2024-09-08 23:00:00.000,30.78178949999999,summer weekend,31.66
14808,2024-09-09 00:00:00.000,30.700572,summer weekday,30.1
14809,2024-09-09 01:00:00.000,30.493154999999994,summer weekday,30.1
14810,2024-09-09 02:00:00.000,30.2345085,summer weekday,30.1
14811,2024-09-09 03:00:00.000,30.6193545,summer weekday,30.1
14812,2024-09-09 04:00:00.000,30.7043205,summer weekday,30.1
14813,2024-09-09 05:00:00.000,34.7876865,summer weekday,34.9
14814,2024-09-09 06:00:00.000,37.55532899999999,summer weekday,34.9
14815,2024-09-09 07:00:00.000,39.9231315,summer weekday,34.9
14816,2024-09-09 08:00:00.000,36.188376,summer weekday,34.9
14817,2024-09-09 09:00:00.000,33.8380665,summer weekday,34.9
14818,2024-09-09 10:00:00.000,32.572323,summer weekday,34.9
14819,2024-09-09 11:00:00.000,31.852610999999992,summer weekday,30.1
14820,2024-09-09 12:00:00.000,31.1266515,summer weekday,30.1
14821,2024-09-09 13:00:00.000,30.238257,summer weekday,30.1
14822,2024-09-09 14:00:00.000,30.478161,summer weekday,30.1
14823,2024-09-09 15:00:00.000,29.815926,summer weekday,30.1
14824,2024-09-09 16:00:00.000,31.58022,summer weekday,30.1
14825,2024-09-09 17:00:00.000,34.1229525,summer weekday,34.9
14826,2024-09-09 18:00:00.000,34.29913199999999,summer weekday,34.9
14827,2024-09-09 19:00:00.000,33.9205335,summer weekday,34.9
14828,2024-09-09 20:00:00.000,31.982558999999995,summer weekday,30.1
14829,2024-09-09 21:00:00.000,30.972963,summer weekday,30.1
14830,2024-09-09 22:00:00.000,29.920884,summer weekday,30.1
14831,2024-09-09 23:00:00.000,28.398993,summer weekday,30.1
14832,2024-09-10 00:00:00.000,27.455620499999995,summer weekday,25.44
14833,2024-09-10 01:00:00.000,27.6655365,summer weekday,25.44
14834,2024-09-10 02:00:00.000,27.651792,summer weekday,25.44
14835,2024-09-10 03:00:00.000,28.393995,summer weekday,30.1
14836,2024-09-10 04:00:00.000,30.095814,summer weekday,30.1
14837,2024-09-10 05:00:00.000,32.869704,summer weekday,34.9
14838,2024-09-10 06:00:00.000,36.215865,summer weekday,34.9
14839,2024-09-10 07:00:00.000,34.346613,summer weekday,34.9
14840,2024-09-10 08:00:00.000,32.479859999999995,summer weekday,30.1
14841,2024-09-10 09:00:00.000,27.471864,summer weekday,25.44
14842,2024-09-10 10:00:00.000,21.174384,summer weekday,25.44
14843,2024-09-10 11:00:00.000,19.989858,summer weekday,25.44
14844,2024-09-10 12:00:00.000,19.9769465,summer weekday,25.44
14845,2024-09-10 13:00:00.000,19.966772,summer weekday,25.44
14846,2024-09-10 14:00:00.000,19.980338,summer weekday,25.44
14847,2024-09-10 15:00:00.000,20.012349,summer weekday,25.44
14848,2024-09-10 16:00:00.000,22.7050215,summer weekday,25.44
14849,2024-09-10 17:00:00.000,30.03084,summer weekday,30.1
14850,2024-09-10 18:00:00.000,31.5939645,summer weekday,30.1
14851,2024-09-10 19:00:00.000,30.38694749999999,summer weekday,30.1
14852,2024-09-10 20:00:00.000,30.233259,summer weekday,30.1
14853,2024-09-10 21:00:00.000,29.5597785,summer weekday,30.1
14854,2024-09-10 22:00:00.000,28.029140999999992,summer weekday,30.1
14855,2024-09-10 23:00:00.000,24.982859999999995,summer weekday,25.44
14856,2024-09-11 00:00:00.000,24.9716145,summer weekday,25.44
14857,2024-09-11 01:00:00.000,24.1069605,summer weekday,25.44
14858,2024-09-11 02:00:00.000,24.199423499999995,summer weekday,25.44
14859,2024-09-11 03:00:00.000,24.8491635,summer weekday,25.44
14860,2024-09-11 04:00:00.000,27.676782,summer weekday,25.44
14861,2024-09-11 05:00:00.000,30.8292705,summer weekday,30.1
14862,2024-09-11 06:00:00.000,32.17373249999999,summer weekday,30.1
14863,2024-09-11 07:00:00.000,33.819323999999995,summer weekday,34.9
14864,2024-09-11 08:00:00.000,32.17997999999999,summer weekday,30.1
14865,2024-09-11 09:00:00.000,29.5822695,summer weekday,30.1
14866,2024-09-11 10:00:00.000,28.4202345,summer weekday,30.1
14867,2024-09-11 11:00:00.000,27.7879875,summer weekday,30.1
14868,2024-09-11 12:00:00.000,27.9629175,summer weekday,30.1
14869,2024-09-11 13:00:00.000,28.60641,summer weekday,30.1
14870,2024-09-11 14:00:00.000,28.6126575,summer weekday,30.1
14871,2024-09-11 15:00:00.000,29.574772499999995,summer weekday,30.1
14872,2024-09-11 16:00:00.000,32.65354049999999,summer weekday,34.9
14873,2024-09-11 17:00:00.000,34.37160299999999,summer weekday,34.9
14874,2024-09-11 18:00:00.000,37.835217,summer weekday,34.9
14875,2024-09-11 19:00:00.000,37.272942,summer weekday,34.9
14876,2024-09-11 20:00:00.000,34.37160299999999,summer weekday,34.9
14877,2024-09-11 21:00:00.000,32.8509615,summer weekday,34.9
14878,2024-09-11 22:00:00.000,32.66603549999999,summer weekday,34.9
14879,2024-09-11 23:00:00.000,31.237857,summer weekday,30.1
14880,2024-09-12 00:00:00.000,30.493154999999994,summer weekday,30.1
14881,2024-09-12 01:00:00.000,30.4719135,summer weekday,30.1
14882,2024-09-12 02:00:00.000,30.4119375,summer weekday,30.1
14883,2024-09-12 03:00:00.000,30.608108999999995,summer weekday,30.1
14884,2024-09-12 04:00:00.000,30.845513999999994,summer weekday,30.1
14885,2024-09-12 05:00:00.000,33.474461999999995,summer weekday,34.9
14886,2024-09-12 06:00:00.000,36.84561299999999,summer weekday,34.9
14887,2024-09-12 07:00:00.000,36.970563,summer weekday,34.9
14888,2024-09-12 08:00:00.000,32.899691999999995,summer weekday,34.9
14889,2024-09-12 09:00:00.000,30.605609999999995,summer weekday,30.1
14890,2024-09-12 10:00:00.000,30.0320895,summer weekday,30.1
14891,2024-09-12 11:00:00.000,29.808429,summer weekday,30.1
14892,2024-09-12 12:00:00.000,29.759698499999995,summer weekday,30.1
14893,2024-09-12 13:00:00.000,29.9946045,summer weekday,30.1
14894,2024-09-12 14:00:00.000,30.5968635,summer weekday,30.1
14895,2024-09-12 15:00:00.000,31.4390265,summer weekday,30.1
14896,2024-09-12 16:00:00.000,33.696873,summer weekday,34.9
14897,2024-09-12 17:00:00.000,38.1263505,summer weekday,34.9
14898,2024-09-12 18:00:00.000,57.47110949999998,summer weekday,34.9
14899,2024-09-12 19:00:00.000,51.224859,summer weekday,34.9
14900,2024-09-12 20:00:00.000,35.60361,summer weekday,34.9
14901,2024-09-12 21:00:00.000,32.4136365,summer weekday,30.1
14902,2024-09-12 22:00:00.000,31.485257999999995,summer weekday,30.1
14903,2024-09-12 23:00:00.000,32.476111499999995,summer weekday,30.1
14904,2024-09-13 00:00:00.000,31.420283999999995,summer weekday,30.1
14905,2024-09-13 01:00:00.000,30.8942445,summer weekday,30.1
14906,2024-09-13 02:00:00.000,30.825522,summer weekday,30.1
14907,2024-09-13 03:00:00.000,30.55937849999999,summer weekday,30.1
14908,2024-09-13 04:00:00.000,30.970464,summer weekday,30.1
14909,2024-09-13 05:00:00.000,32.541085499999994,summer weekday,34.9
14910,2024-09-13 06:00:00.000,34.973862,summer weekday,34.9
14911,2024-09-13 07:00:00.000,36.508248,summer weekday,34.9
14912,2024-09-13 08:00:00.000,34.509048,summer weekday,34.9
14913,2024-09-13 09:00:00.000,32.797233,summer weekday,34.9
14914,2024-09-13 10:00:00.000,31.8538605,summer weekday,30.1
14915,2024-09-13 11:00:00.000,31.0491825,summer weekday,30.1
14916,2024-09-13 12:00:00.000,29.668485,summer weekday,30.1
14917,2024-09-13 13:00:00.000,28.351511999999992,summer weekday,30.1
14918,2024-09-13 14:00:00.000,29.006249999999994,summer weekday,30.1
14919,2024-09-13 15:00:00.000,29.268645,summer weekday,30.1
14920,2024-09-13 16:00:00.000,29.96211749999999,summer weekday,30.1
14921,2024-09-13 17:00:00.000,32.03878649999999,summer weekday,30.1
14922,2024-09-13 18:00:00.000,32.479859999999995,summer weekday,30.1
14923,2024-09-13 19:00:00.000,31.7613975,summer weekday,30.1
14924,2024-09-13 20:00:00.000,30.5518815,summer weekday,30.1
14925,2024-09-13 21:00:00.000,29.893394999999995,summer weekday,30.1
14926,2024-09-13 22:00:00.000,27.6055605,summer weekday,25.44
14927,2024-09-13 23:00:00.000,26.9333295,summer weekday,25.44
14928,2024-09-14 00:00:00.000,26.2336095,summer weekend,27.0
14929,2024-09-14 01:00:00.000,25.398943499999994,summer weekend,27.0
14930,2024-09-14 02:00:00.000,25.630101,summer weekend,27.0
14931,2024-09-14 03:00:00.000,25.820025,summer weekend,27.0
14932,2024-09-14 04:00:00.000,25.516396499999995,summer weekend,27.0
14933,2024-09-14 05:00:00.000,26.9008425,summer weekend,27.0
14934,2024-09-14 06:00:00.000,28.10661,summer weekend,27.0
14935,2024-09-14 07:00:00.000,29.423583,summer weekend,31.66
14936,2024-09-14 08:00:00.000,28.306529999999995,summer weekend,27.0
14937,2024-09-14 09:00:00.000,25.110309,summer weekend,27.0
14938,2024-09-14 10:00:00.000,20.994456,summer weekend,19.7
14939,2024-09-14 11:00:00.000,20.092317,summer weekend,19.7
14940,2024-09-14 12:00:00.000,19.978077,summer weekend,19.7
14941,2024-09-14 13:00:00.000,19.932857,summer weekend,19.7
14942,2024-09-14 14:00:00.000,19.9769465,summer weekend,19.7
14943,2024-09-14 15:00:00.000,21.176883,summer weekend,19.7
14944,2024-09-14 16:00:00.000,28.1178555,summer weekend,27.0
14945,2024-09-14 17:00:00.000,31.7788905,summer weekend,31.66
14946,2024-09-14 18:00:00.000,35.801030999999995,summer weekend,31.66
14947,2024-09-14 19:00:00.000,34.71021749999999,summer weekend,31.66
14948,2024-09-14 20:00:00.000,32.8659555,summer weekend,31.66
14949,2024-09-14 21:00:00.000,31.698922499999995,summer weekend,31.66
14950,2024-09-14 22:00:00.000,30.575622,summer weekend,31.66
14951,2024-09-14 23:00:00.000,29.7447045,summer weekend,31.66
14952,2024-09-15 00:00:00.000,28.7401065,summer weekend,27.0
14953,2024-09-15 01:00:00.000,28.306529999999995,summer weekend,27.0
14954,2024-09-15 02:00:00.000,28.375252499999995,summer weekend,27.0
14955,2024-09-15 03:00:00.000,27.939177,summer weekend,27.0
14956,2024-09-15 04:00:00.000,28.1828295,summer weekend,27.0
14957,2024-09-15 05:00:00.000,28.628901,summer weekend,27.0
14958,2024-09-15 06:00:00.000,30.658089,summer weekend,31.66
14959,2024-09-15 07:00:00.000,29.601012,summer weekend,31.66
14960,2024-09-15 08:00:00.000,26.7409065,summer weekend,27.0
14961,2024-09-15 09:00:00.000,21.349314,summer weekend,19.7
14962,2024-09-15 10:00:00.000,19.9936065,summer weekend,19.7
14963,2024-09-15 11:00:00.000,19.98486,summer weekend,19.7
14964,2024-09-15 12:00:00.000,19.9837295,summer weekend,19.7
14965,2024-09-15 13:00:00.000,19.9385095,summer weekend,19.7
14966,2024-09-15 14:00:00.000,19.9543365,summer weekend,19.7
14967,2024-09-15 15:00:00.000,22.446375,summer weekend,19.7
14968,2024-09-15 16:00:00.000,30.2619975,summer weekend,31.66
14969,2024-09-15 17:00:00.000,34.07921999999999,summer weekend,31.66
14970,2024-09-15 18:00:00.000,36.62320199999999,summer weekend,31.66
14971,2024-09-15 19:00:00.000,35.42867999999999,summer weekend,31.66
14972,2024-09-15 20:00:00.000,34.06422599999999,summer weekend,31.66
14973,2024-09-15 21:00:00.000,33.3682545,summer weekend,31.66
14974,2024-09-15 22:00:00.000,31.55523,summer weekend,31.66
14975,2024-09-15 23:00:00.000,31.603960499999992,summer weekend,31.66
14976,2024-09-16 00:00:00.000,30.997952999999995,summer weekday,30.1
14977,2024-09-16 01:00:00.000,30.887997,summer weekday,30.1
14978,2024-09-16 02:00:00.000,30.5968635,summer weekday,30.1
14979,2024-09-16 03:00:00.000,30.523143,summer weekday,30.1
14980,2024-09-16 04:00:00.000,31.0191945,summer weekday,30.1
14981,2024-09-16 05:00:00.000,33.8505615,summer weekday,34.9
14982,2024-09-16 06:00:00.000,36.22836,summer weekday,34.9
14983,2024-09-16 07:00:00.000,38.235057,summer weekday,34.9
14984,2024-09-16 08:00:00.000,35.77854,summer weekday,34.9
14985,2024-09-16 09:00:00.000,34.0579785,summer weekday,34.9
14986,2024-09-16 10:00:00.000,33.107108999999994,summer weekday,34.9
14987,2024-09-16 11:00:00.000,31.982558999999995,summer weekday,30.1
14988,2024-09-16 12:00:00.000,30.8417655,summer weekday,30.1
14989,2024-09-16 13:00:00.000,30.088317,summer weekday,30.1
14990,2024-09-16 14:00:00.000,29.402341499999995,summer weekday,30.1
14991,2024-09-16 15:00:00.000,29.518545,summer weekday,30.1
14992,2024-09-16 16:00:00.000,30.853011,summer weekday,30.1
14993,2024-09-16 17:00:00.000,33.463216499999994,summer weekday,34.9
14994,2024-09-16 18:00:00.000,34.0504815,summer weekday,34.9
14995,2024-09-16 19:00:00.000,33.605659499999994,summer weekday,34.9
14996,2024-09-16 20:00:00.000,31.242854999999995,summer weekday,30.1
14997,2024-09-16 21:00:00.000,29.8321695,summer weekday,30.1
14998,2024-09-16 22:00:00.000,30.1720335,summer weekday,30.1
14999,2024-09-16 23:00:00.000,30.673082999999995,summer weekday,30.1
15000,2024-09-17 00:00:00.000,30.268245,summer weekday,30.1
15001,2024-09-17 01:00:00.000,30.0445845,summer weekday,30.1
15002,2024-09-17 02:00:00.000,29.960867999999994,summer weekday,30.1
15003,2024-09-17 03:00:00.000,29.985858,summer weekday,30.1
15004,2024-09-17 04:00:00.000,31.420283999999995,summer weekday,30.1
15005,2024-09-17 05:00:00.000,33.51944399999999,summer weekday,34.9
15006,2024-09-17 06:00:00.000,36.720663,summer weekday,34.9
15007,2024-09-17 07:00:00.000,37.167984,summer weekday,34.9
15008,2024-09-17 08:00:00.000,33.5931645,summer weekday,34.9
15009,2024-09-17 09:00:00.000,32.045033999999994,summer weekday,30.1
15010,2024-09-17 10:00:00.000,30.2794905,summer weekday,30.1
15011,2024-09-17 11:00:00.000,27.458119499999995,summer weekday,25.44
15012,2024-09-17 12:00:00.000,25.2040215,summer weekday,25.44
15013,2024-09-17 13:00:00.000,23.188578,summer weekday,25.44
15014,2024-09-17 14:00:00.000,25.537638,summer weekday,25.44
15015,2024-09-17 15:00:00.000,29.2673955,summer weekday,30.1
15016,2024-09-17 16:00:00.000,31.667684999999995,summer weekday,30.1
15017,2024-09-17 17:00:00.000,34.102960499999995,summer weekday,34.9
15018,2024-09-17 18:00:00.000,36.5444835,summer weekday,34.9
15019,2024-09-17 19:00:00.000,33.884297999999994,summer weekday,34.9
15020,2024-09-17 20:00:00.000,31.995054,summer weekday,30.1
15021,2024-09-17 21:00:00.000,31.222863,summer weekday,30.1
15022,2024-09-17 22:00:00.000,30.460667999999995,summer weekday,30.1
15023,2024-09-17 23:00:00.000,30.625602,summer weekday,30.1
15024,2024-09-18 00:00:00.000,30.098313,summer weekday,30.1
15025,2024-09-18 01:00:00.000,30.4444245,summer weekday,30.1
15026,2024-09-18 02:00:00.000,30.4394265,summer weekday,30.1
15027,2024-09-18 03:00:00.000,30.2944845,summer weekday,30.1
15028,2024-09-18 04:00:00.000,31.220364,summer weekday,30.1
15029,2024-09-18 05:00:00.000,33.1158555,summer weekday,34.9
15030,2024-09-18 06:00:00.000,37.717764,summer weekday,34.9
15031,2024-09-18 07:00:00.000,36.61195649999999,summer weekday,34.9
15032,2024-09-18 08:00:00.000,32.784738,summer weekday,34.9
15033,2024-09-18 09:00:00.000,29.855909999999994,summer weekday,30.1
15034,2024-09-18 10:00:00.000,26.897094,summer weekday,25.44
15035,2024-09-18 11:00:00.000,20.670835499999995,summer weekday,25.44
15036,2024-09-18 12:00:00.000,19.98486,summer weekday,25.44
15037,2024-09-18 13:00:00.000,19.9746855,summer weekday,25.44
15038,2024-09-18 14:00:00.000,20.114808,summer weekday,25.44
15039,2024-09-18 15:00:00.000,24.9891075,summer weekday,25.44
15040,2024-09-18 16:00:00.000,30.920483999999995,summer weekday,30.1
15041,2024-09-18 17:00:00.000,34.2179145,summer weekday,34.9
15042,2024-09-18 18:00:00.000,36.218364,summer weekday,34.9
15043,2024-09-18 19:00:00.000,33.50445,summer weekday,34.9
15044,2024-09-18 20:00:00.000,31.6364475,summer weekday,30.1
15045,2024-09-18 21:00:00.000,31.220364,summer weekday,30.1
15046,2024-09-18 22:00:00.000,29.9171355,summer weekday,30.1
15047,2024-09-18 23:00:00.000,29.53104,summer weekday,30.1
15048,2024-09-19 00:00:00.000,29.6722335,summer weekday,30.1
15049,2024-09-19 01:00:00.000,29.7347085,summer weekday,30.1
15050,2024-09-19 02:00:00.000,29.6497425,summer weekday,30.1
15051,2024-09-19 03:00:00.000,29.888397,summer weekday,30.1
15052,2024-09-19 04:00:00.000,31.2291105,summer weekday,30.1
15053,2024-09-19 05:00:00.000,34.1629365,summer weekday,34.9
15054,2024-09-19 06:00:00.000,37.882698,summer weekday,34.9
15055,2024-09-19 07:00:00.000,35.493654,summer weekday,34.9
15056,2024-09-19 08:00:00.000,32.184977999999994,summer weekday,30.1
15057,2024-09-19 09:00:00.000,29.3323695,summer weekday,30.1
15058,2024-09-19 10:00:00.000,26.2835895,summer weekday,25.44
15059,2024-09-19 11:00:00.000,20.6058615,summer weekday,25.44
15060,2024-09-19 12:00:00.000,19.978077,summer weekday,25.44
15061,2024-09-19 13:00:00.000,19.9746855,summer weekday,25.44
15062,2024-09-19 14:00:00.000,21.3480645,summer weekday,25.44
15063,2024-09-19 15:00:00.000,27.3006825,summer weekday,25.44
15064,2024-09-19 16:00:00.000,31.3615575,summer weekday,30.1
15065,2024-09-19 17:00:00.000,34.2953835,summer weekday,34.9
15066,2024-09-19 18:00:00.000,36.765645,summer weekday,34.9
15067,2024-09-19 19:00:00.000,34.166684999999994,summer weekday,34.9
15068,2024-09-19 20:00:00.000,31.367805,summer weekday,30.1
15069,2024-09-19 21:00:00.000,31.101661499999995,summer weekday,30.1
15070,2024-09-19 22:00:00.000,29.8396665,summer weekday,30.1
15071,2024-09-19 23:00:00.000,29.0574795,summer weekday,30.1
15072,2024-09-20 00:00:00.000,29.236158,summer weekday,30.1
15073,2024-09-20 01:00:00.000,29.158689,summer weekday,30.1
15074,2024-09-20 02:00:00.000,29.127451499999992,summer weekday,30.1
15075,2024-09-20 03:00:00.000,29.296133999999995,summer weekday,30.1
15076,2024-09-20 04:00:00.000,31.1166555,summer weekday,30.1
15077,2024-09-20 05:00:00.000,33.486957,summer weekday,34.9
15078,2024-09-20 06:00:00.000,37.6590375,summer weekday,34.9
15079,2024-09-20 07:00:00.000,33.55443,summer weekday,34.9
15080,2024-09-20 08:00:00.000,31.095413999999995,summer weekday,30.1
15081,2024-09-20 09:00:00.000,27.73800749999999,summer weekday,25.44
15082,2024-09-20 10:00:00.000,23.069875499999995,summer weekday,25.44
15083,2024-09-20 11:00:00.000,21.014448,summer weekday,25.44
15084,2024-09-20 12:00:00.000,19.9837295,summer weekday,25.44
15085,2024-09-20 13:00:00.000,19.9936065,summer weekday,25.44
15086,2024-09-20 14:00:00.000,20.929482,summer weekday,25.44
15087,2024-09-20 15:00:00.000,25.442675999999995,summer weekday,25.44
15088,2024-09-20 16:00:00.000,30.495654,summer weekday,30.1
15089,2024-09-20 17:00:00.000,33.2308095,summer weekday,34.9
15090,2024-09-20 18:00:00.000,38.192574,summer weekday,34.9
15091,2024-09-20 19:00:00.000,33.58441799999999,summer weekday,34.9
15092,2024-09-20 20:00:00.000,31.3640565,summer weekday,30.1
15093,2024-09-20 21:00:00.000,30.95546999999999,summer weekday,30.1
15094,2024-09-20 22:00:00.000,30.865506,summer weekday,30.1
15095,2024-09-20 23:00:00.000,31.0166955,summer weekday,30.1
15096,2024-09-21 00:00:00.000,30.643095,summer weekend,31.66
15097,2024-09-21 01:00:00.000,30.23076,summer weekend,31.66
15098,2024-09-21 02:00:00.000,30.254500499999992,summer weekend,31.66
15099,2024-09-21 03:00:00.000,30.778040999999995,summer weekend,31.66
15100,2024-09-21 04:00:00.000,31.165385999999994,summer weekend,31.66
15101,2024-09-21 05:00:00.000,32.44112549999999,summer weekend,31.66
15102,2024-09-21 06:00:00.000,32.199971999999995,summer weekend,31.66
15103,2024-09-21 07:00:00.000,30.643095,summer weekend,31.66
15104,2024-09-21 08:00:00.000,27.6055605,summer weekend,27.0
15105,2024-09-21 09:00:00.000,22.73376,summer weekend,19.7
15106,2024-09-21 10:00:00.000,20.3784525,summer weekend,19.7
15107,2024-09-21 11:00:00.000,19.98486,summer weekend,19.7
15108,2024-09-21 12:00:00.000,19.605012,summer weekend,19.7
15109,2024-09-21 13:00:00.000,19.5383125,summer weekend,19.7
15110,2024-09-21 14:00:00.000,20.1210555,summer weekend,19.7
15111,2024-09-21 15:00:00.000,25.889997,summer weekend,27.0
15112,2024-09-21 16:00:00.000,32.128750499999995,summer weekend,31.66
15113,2024-09-21 17:00:00.000,35.91598499999999,summer weekend,31.66
15114,2024-09-21 18:00:00.000,37.7265105,summer weekend,31.66
15115,2024-09-21 19:00:00.000,34.041735,summer weekend,31.66
15116,2024-09-21 20:00:00.000,31.9713135,summer weekend,31.66
15117,2024-09-21 21:00:00.000,31.68018,summer weekend,31.66
15118,2024-09-21 22:00:00.000,31.017945,summer weekend,31.66
15119,2024-09-21 23:00:00.000,32.196223499999995,summer weekend,31.66
15120,2024-09-22 00:00:00.000,31.236607499999995,summer weekend,31.66
15121,2024-09-22 01:00:00.000,31.2291105,summer weekend,31.66
15122,2024-09-22 02:00:00.000,31.16788499999999,summer weekend,31.66
15123,2024-09-22 03:00:00.000,31.3240725,summer weekend,31.66
15124,2024-09-22 04:00:00.000,31.3115775,summer weekend,31.66
15125,2024-09-22 05:00:00.000,31.840115999999995,summer weekend,31.66
15126,2024-09-22 06:00:00.000,32.1437445,summer weekend,31.66
15127,2024-09-22 07:00:00.000,30.790536,summer weekend,31.66
15128,2024-09-22 08:00:00.000,27.8304705,summer weekend,27.0
15129,2024-09-22 09:00:00.000,23.2548015,summer weekend,19.7
15130,2024-09-22 10:00:00.000,21.3755535,summer weekend,19.7
15131,2024-09-22 11:00:00.000,20.9457255,summer weekend,19.7
15132,2024-09-22 12:00:00.000,19.975816,summer weekend,19.7
15133,2024-09-22 13:00:00.000,19.9861095,summer weekend,19.7
15134,2024-09-22 14:00:00.000,21.191877,summer weekend,19.7
15135,2024-09-22 15:00:00.000,27.68178,summer weekend,27.0
15136,2024-09-22 16:00:00.000,33.2632965,summer weekend,31.66
15137,2024-09-22 17:00:00.000,36.5069985,summer weekend,31.66
15138,2024-09-22 18:00:00.000,39.624501,summer weekend,31.66
15139,2024-09-22 19:00:00.000,35.7423045,summer weekend,31.66
15140,2024-09-22 20:00:00.000,33.671883,summer weekend,31.66
15141,2024-09-22 21:00:00.000,32.31992399999999,summer weekend,31.66
15142,2024-09-22 22:00:00.000,31.48026,summer weekend,31.66
15143,2024-09-22 23:00:00.000,31.33032,summer weekend,31.66
15144,2024-09-23 00:00:00.000,30.490656,summer weekday,30.1
15145,2024-09-23 01:00:00.000,30.6306,summer weekday,30.1
15146,2024-09-23 02:00:00.000,30.8742525,summer weekday,30.1
15147,2024-09-23 03:00:00.000,30.8467635,summer weekday,30.1
15148,2024-09-23 04:00:00.000,32.142495,summer weekday,30.1
15149,2024-09-23 05:00:00.000,36.65319,summer weekday,34.9
15150,2024-09-23 06:00:00.000,45.44092349999999,summer weekday,34.9
15151,2024-09-23 07:00:00.000,38.8935435,summer weekday,34.9
15152,2024-09-23 08:00:00.000,33.7281105,summer weekday,34.9
15153,2024-09-23 09:00:00.000,31.812627,summer weekday,30.1
15154,2024-09-23 10:00:00.000,30.000851999999995,summer weekday,30.1
15155,2024-09-23 11:00:00.000,29.848413,summer weekday,30.1
15156,2024-09-23 12:00:00.000,29.5497825,summer weekday,30.1
15157,2024-09-23 13:00:00.000,29.577271499999995,summer weekday,30.1
15158,2024-09-23 14:00:00.000,30.103310999999994,summer weekday,30.1
15159,2024-09-23 15:00:00.000,32.760997499999995,summer weekday,34.9
15160,2024-09-23 16:00:00.000,36.97930949999999,summer weekday,34.9
15161,2024-09-23 17:00:00.000,50.00534699999999,summer weekday,34.9
15162,2024-09-23 18:00:00.000,61.017190499999984,summer weekday,34.9
15163,2024-09-23 19:00:00.000,42.305928,summer weekday,34.9
15164,2024-09-23 20:00:00.000,34.56777449999999,summer weekday,34.9
15165,2024-09-23 21:00:00.000,32.59606349999999,summer weekday,34.9
15166,2024-09-23 22:00:00.000,31.422783,summer weekday,30.1
15167,2024-09-23 23:00:00.000,31.00545,summer weekday,30.1
15168,2024-09-24 00:00:00.000,30.2944845,summer weekday,30.1
15169,2024-09-24 01:00:00.000,30.4419255,summer weekday,30.1
15170,2024-09-24 02:00:00.000,30.608108999999995,summer weekday,30.1
15171,2024-09-24 03:00:00.000,30.388196999999995,summer weekday,30.1
15172,2024-09-24 04:00:00.000,31.0166955,summer weekday,30.1
15173,2024-09-24 05:00:00.000,33.823072499999995,summer weekday,34.9
15174,2024-09-24 06:00:00.000,37.722762,summer weekday,34.9
15175,2024-09-24 07:00:00.000,35.90348999999999,summer weekday,34.9
15176,2024-09-24 08:00:00.000,33.232059,summer weekday,34.9
15177,2024-09-24 09:00:00.000,31.5564795,summer weekday,30.1
15178,2024-09-24 10:00:00.000,30.46441649999999,summer weekday,30.1
15179,2024-09-24 11:00:00.000,29.4498225,summer weekday,30.1
15180,2024-09-24 12:00:00.000,28.6051605,summer weekday,30.1
15181,2024-09-24 13:00:00.000,27.6805305,summer weekday,25.44
15182,2024-09-24 14:00:00.000,29.348613,summer weekday,30.1
15183,2024-09-24 15:00:00.000,30.389446499999995,summer weekday,30.1
15184,2024-09-24 16:00:00.000,32.984658,summer weekday,34.9
15185,2024-09-24 17:00:00.000,34.86015749999999,summer weekday,34.9
15186,2024-09-24 18:00:00.000,35.4949035,summer weekday,34.9
15187,2024-09-24 19:00:00.000,32.692274999999995,summer weekday,34.9
15188,2024-09-24 20:00:00.000,30.035837999999995,summer weekday,30.1
15189,2024-09-24 21:00:00.000,29.291136,summer weekday,30.1
15190,2024-09-24 22:00:00.000,27.554331,summer weekday,25.44
15191,2024-09-24 23:00:00.000,26.417286,summer weekday,25.44
15192,2024-09-25 00:00:00.000,25.255251,summer weekday,25.44
15193,2024-09-25 01:00:00.000,24.8829,summer weekday,25.44
15194,2024-09-25 02:00:00.000,24.914137499999995,summer weekday,25.44
15195,2024-09-25 03:00:00.000,26.8283715,summer weekday,25.44
15196,2024-09-25 04:00:00.000,27.9754125,summer weekday,30.1
15197,2024-09-25 05:00:00.000,29.773443,summer weekday,30.1
15198,2024-09-25 06:00:00.000,30.4519215,summer weekday,30.1
15199,2024-09-25 07:00:00.000,30.9992025,summer weekday,30.1
15200,2024-09-25 08:00:00.000,28.771343999999992,summer weekday,30.1
15201,2024-09-25 09:00:00.000,26.164887,summer weekday,25.44
15202,2024-09-25 10:00:00.000,23.138597999999995,summer weekday,25.44
15203,2024-09-25 11:00:00.000,22.371404999999992,summer weekday,25.44
15204,2024-09-25 12:00:00.000,22.33142099999999,summer weekday,25.44
15205,2024-09-25 13:00:00.000,26.9233335,summer weekday,25.44
15206,2024-09-25 14:00:00.000,29.009998499999995,summer weekday,30.1
15207,2024-09-25 15:00:00.000,31.1916255,summer weekday,30.1
15208,2024-09-25 16:00:00.000,33.4607175,summer weekday,34.9
15209,2024-09-25 17:00:00.000,39.50205,summer weekday,34.9
15210,2024-09-25 18:00:00.000,44.40258899999999,summer weekday,34.9
15211,2024-09-25 19:00:00.000,36.458268,summer weekday,34.9
15212,2024-09-25 20:00:00.000,32.056279499999995,summer weekday,30.1
15213,2024-09-25 21:00:00.000,31.435278,summer weekday,30.1
15214,2024-09-25 22:00:00.000,30.258249,summer weekday,30.1
15215,2024-09-25 23:00:00.000,28.234058999999995,summer weekday,30.1
15216,2024-09-26 00:00:00.000,27.329421,summer weekday,25.44
15217,2024-09-26 01:00:00.000,26.524743,summer weekday,25.44
15218,2024-09-26 02:00:00.000,26.2161165,summer weekday,25.44
15219,2024-09-26 03:00:00.000,25.6738335,summer weekday,25.44
15220,2024-09-26 04:00:00.000,26.1961245,summer weekday,25.44
15221,2024-09-26 05:00:00.000,28.9850085,summer weekday,30.1
15222,2024-09-26 06:00:00.000,30.6306,summer weekday,30.1
15223,2024-09-26 07:00:00.000,30.40569,summer weekday,30.1
15224,2024-09-26 08:00:00.000,28.3977435,summer weekday,30.1
15225,2024-09-26 09:00:00.000,26.1361485,summer weekday,25.44
15226,2024-09-26 10:00:00.000,23.935779,summer weekday,25.44
15227,2024-09-26 11:00:00.000,22.109009999999994,summer weekday,25.44
15228,2024-09-26 12:00:00.000,21.494256,summer weekday,25.44
15229,2024-09-26 13:00:00.000,21.569226,summer weekday,25.44
15230,2024-09-26 14:00:00.000,24.720465,summer weekday,25.44
15231,2024-09-26 15:00:00.000,26.8458645,summer weekday,25.44
15232,2024-09-26 16:00:00.000,29.1874275,summer weekday,30.1
15233,2024-09-26 17:00:00.000,29.98086,summer weekday,30.1
15234,2024-09-26 18:00:00.000,31.10541,summer weekday,30.1
15235,2024-09-26 19:00:00.000,29.8471635,summer weekday,30.1
15236,2024-09-26 20:00:00.000,27.836718,summer weekday,30.1
15237,2024-09-26 21:00:00.000,26.697174,summer weekday,25.44
15238,2024-09-26 22:00:00.000,24.520544999999995,summer weekday,25.44
15239,2024-09-26 23:00:00.000,19.978077,summer weekday,25.44
15240,2024-09-27 00:00:00.000,19.989858,summer weekday,25.44
15241,2024-09-27 01:00:00.000,19.9837295,summer weekday,25.44
15242,2024-09-27 02:00:00.000,19.918160499999995,summer weekday,25.44
15243,2024-09-27 03:00:00.000,19.96225,summer weekday,25.44
15244,2024-09-27 04:00:00.000,19.9814685,summer weekday,25.44
15245,2024-09-27 05:00:00.000,19.98486,summer weekday,25.44
15246,2024-09-27 06:00:00.000,23.223564,summer weekday,25.44
15247,2024-09-27 07:00:00.000,24.972864,summer weekday,25.44
15248,2024-09-27 08:00:00.000,20.6758335,summer weekday,25.44
15249,2024-09-27 09:00:00.000,19.9746855,summer weekday,25.44
15250,2024-09-27 10:00:00.000,19.5609225,summer weekday,25.44
15251,2024-09-27 11:00:00.000,19.356302,summer weekday,25.44
15252,2024-09-27 12:00:00.000,19.270384,summer weekday,25.44
15253,2024-09-27 13:00:00.000,19.4139575,summer weekday,25.44
15254,2024-09-27 14:00:00.000,19.972424499999995,summer weekday,25.44
15255,2024-09-27 15:00:00.000,19.98486,summer weekday,25.44
15256,2024-09-27 16:00:00.000,24.7117185,summer weekday,25.44
15257,2024-09-27 17:00:00.000,27.8004825,summer weekday,30.1
15258,2024-09-27 18:00:00.000,27.5405865,summer weekday,25.44
15259,2024-09-27 19:00:00.000,27.4281315,summer weekday,25.44
15260,2024-09-27 20:00:00.000,24.1194555,summer weekday,25.44
15261,2024-09-27 21:00:00.000,23.2373085,summer weekday,25.44
15262,2024-09-27 22:00:00.000,23.108609999999995,summer weekday,25.44
15263,2024-09-27 23:00:00.000,20.2060215,summer weekday,25.44
15264,2024-09-28 00:00:00.000,20.3634585,summer weekend,19.7
15265,2024-09-28 01:00:00.000,20.3959455,summer weekend,19.7
15266,2024-09-28 02:00:00.000,20.379702,summer weekend,19.7
15267,2024-09-28 03:00:00.000,20.3934465,summer weekend,19.7
15268,2024-09-28 04:00:00.000,20.5034025,summer weekend,19.7
15269,2024-09-28 05:00:00.000,21.479262,summer weekend,19.7
15270,2024-09-28 06:00:00.000,22.768746,summer weekend,19.7
15271,2024-09-28 07:00:00.000,23.2597995,summer weekend,19.7
15272,2024-09-28 08:00:00.000,22.3476645,summer weekend,19.7
15273,2024-09-28 09:00:00.000,21.2031225,summer weekend,19.7
15274,2024-09-28 10:00:00.000,20.457171,summer weekend,19.7
15275,2024-09-28 11:00:00.000,20.0660775,summer weekend,19.7
15276,2024-09-28 12:00:00.000,19.98486,summer weekend,19.7
15277,2024-09-28 13:00:00.000,19.98486,summer weekend,19.7
15278,2024-09-28 14:00:00.000,19.992357,summer weekend,19.7
15279,2024-09-28 15:00:00.000,21.211869,summer weekend,19.7
15280,2024-09-28 16:00:00.000,27.885448499999995,summer weekend,27.0
15281,2024-09-28 17:00:00.000,30.015846,summer weekend,31.66
15282,2024-09-28 18:00:00.000,32.489856,summer weekend,31.66
15283,2024-09-28 19:00:00.000,32.0187945,summer weekend,31.66
15284,2024-09-28 20:00:00.000,30.068325,summer weekend,31.66
15285,2024-09-28 21:00:00.000,30.015846,summer weekend,31.66
15286,2024-09-28 22:00:00.000,29.3223735,summer weekend,27.0
15287,2024-09-28 23:00:00.000,27.564326999999995,summer weekend,27.0
15288,2024-09-29 00:00:00.000,25.670085,summer weekend,27.0
15289,2024-09-29 01:00:00.000,25.502652,summer weekend,27.0
15290,2024-09-29 02:00:00.000,25.401442499999995,summer weekend,27.0
15291,2024-09-29 03:00:00.000,27.199473,summer weekend,27.0
15292,2024-09-29 04:00:00.000,29.184928499999995,summer weekend,27.0
15293,2024-09-29 05:00:00.000,29.60601,summer weekend,31.66
15294,2024-09-29 06:00:00.000,32.22996,summer weekend,31.66
15295,2024-09-29 07:00:00.000,32.09001599999999,summer weekend,31.66
15296,2024-09-29 08:00:00.000,26.78588849999999,summer weekend,27.0
15297,2024-09-29 09:00:00.000,20.1510435,summer weekend,19.7
15298,2024-09-29 10:00:00.000,19.98486,summer weekend,19.7
15299,2024-09-29 11:00:00.000,19.9837295,summer weekend,19.7
15300,2024-09-29 12:00:00.000,19.928335,summer weekend,19.7
15301,2024-09-29 13:00:00.000,19.9339875,summer weekend,19.7
15302,2024-09-29 14:00:00.000,19.98486,summer weekend,19.7
15303,2024-09-29 15:00:00.000,25.387698,summer weekend,27.0
15304,2024-09-29 16:00:00.000,31.731409499999994,summer weekend,31.66
15305,2024-09-29 17:00:00.000,39.0509805,summer weekend,31.66
15306,2024-09-29 18:00:00.000,40.89149399999999,summer weekend,31.66
15307,2024-09-29 19:00:00.000,33.680629499999995,summer weekend,31.66
15308,2024-09-29 20:00:00.000,29.997103499999994,summer weekend,31.66
15309,2024-09-29 21:00:00.000,28.019144999999995,summer weekend,27.0
15310,2024-09-29 22:00:00.000,24.656740499999994,summer weekend,27.0
15311,2024-09-29 23:00:00.000,22.35890999999999,summer weekend,19.7
15312,2024-09-30 00:00:00.000,21.4155375,summer weekday,25.44
15313,2024-09-30 01:00:00.000,21.03444,summer weekday,25.44
15314,2024-09-30 02:00:00.000,20.6758335,summer weekday,25.44
15315,2024-09-30 03:00:00.000,20.6858295,summer weekday,25.44
15316,2024-09-30 04:00:00.000,22.106511,summer weekday,25.44
15317,2024-09-30 05:00:00.000,25.687577999999995,summer weekday,25.44
15318,2024-09-30 06:00:00.000,31.282839,summer weekday,30.1
15319,2024-09-30 07:00:00.000,31.6739325,summer weekday,30.1
15320,2024-09-30 08:00:00.000,28.538937,summer weekday,30.1
15321,2024-09-30 09:00:00.000,25.5338895,summer weekday,25.44
15322,2024-09-30 10:00:00.000,22.5975645,summer weekday,25.44
15323,2024-09-30 11:00:00.000,21.144396,summer weekday,25.44
15324,2024-09-30 12:00:00.000,20.242257,summer weekday,25.44
15325,2024-09-30 13:00:00.000,20.9382285,summer weekday,25.44
15326,2024-09-30 14:00:00.000,22.728762,summer weekday,25.44
15327,2024-09-30 15:00:00.000,24.374353499999994,summer weekday,25.44
15328,2024-09-30 16:00:00.000,28.05662999999999,summer weekday,30.1
15329,2024-09-30 17:00:00.000,28.776342,summer weekday,30.1
15330,2024-09-30 18:00:00.000,28.011648,summer weekday,30.1
15331,2024-09-30 19:00:00.000,25.2764925,summer weekday,25.44
15332,2024-09-30 20:00:00.000,22.7250135,summer weekday,25.44
15333,2024-09-30 21:00:00.000,22.4851095,summer weekday,25.44
15334,2024-09-30 22:00:00.000,21.214368,summer weekday,25.44
15335,2024-09-30 23:00:00.000,20.3859495,summer weekday,25.44
