Time,Wholesale price corrected,group,tariff
2024-01-01 00:00:00,6.700500000000002,winter,8.77
2024-01-01 01:00:00,6.6910500000000015,winter,8.77
2024-01-01 02:00:00,6.690000000000001,winter,8.77
2024-01-01 03:00:00,6.689050000000002,winter,8.77
2024-01-01 04:00:00,6.687150000000002,winter,8.77
2024-01-01 05:00:00,6.688100000000001,winter,8.77
2024-01-01 06:00:00,6.685250000000002,winter,8.77
2024-01-01 07:00:00,6.688100000000001,winter,8.77
2024-01-01 08:00:00,6.690000000000001,winter,8.77
2024-01-01 09:00:00,6.694200000000001,winter,8.77
2024-01-01 10:00:00,6.696300000000002,winter,8.77
2024-01-01 11:00:00,6.7467000000000015,winter,8.77
2024-01-01 12:00:00,6.925200000000001,winter,8.77
2024-01-01 13:00:00,6.895800000000001,winter,8.77
2024-01-01 14:00:00,6.799200000000002,winter,8.77
2024-01-01 15:00:00,7.074300000000001,winter,8.77
2024-01-01 16:00:00,11.2113,winter,8.77
2024-01-01 17:00:00,11.93265,winter,14.02
2024-01-01 18:00:00,12.78,winter,14.02
2024-01-01 19:00:00,12.38625,winter,14.02
2024-01-01 20:00:00,11.73105,winter,14.02
2024-01-01 21:00:00,11.199750000000002,winter,8.77
2024-01-01 22:00:00,11.63445,winter,14.02
2024-01-01 23:00:00,10.42275,winter,8.77
2024-01-02 00:00:00,9.90195,winter,8.77
2024-01-02 01:00:00,8.79735,winter,8.77
2024-01-02 02:00:00,9.948150000000002,winter,8.77
2024-01-02 03:00:00,8.620949999999999,winter,8.77
2024-01-02 04:00:00,7.8534000000000015,winter,8.77
2024-01-02 05:00:00,8.1369,winter,8.77
2024-01-02 06:00:00,11.69115,winter,14.02
2024-01-02 07:00:00,12.790500000000002,winter,14.02
2024-01-02 08:00:00,13.585350000000002,winter,14.02
2024-01-02 09:00:00,13.48665,winter,14.02
2024-01-02 10:00:00,13.9329,winter,14.02
2024-01-02 11:00:00,14.411700000000002,winter,14.02
2024-01-02 12:00:00,14.8968,winter,14.02
2024-01-02 13:00:00,14.97135,winter,14.02
2024-01-02 14:00:00,15.0102,winter,14.02
2024-01-02 15:00:00,15.0858,winter,14.02
2024-01-02 16:00:00,15.453300000000002,winter,14.02
2024-01-02 17:00:00,15.186600000000002,winter,14.02
2024-01-02 18:00:00,14.55975,winter,14.02
2024-01-02 19:00:00,13.3239,winter,14.02
2024-01-02 20:00:00,12.68655,winter,14.02
2024-01-02 21:00:00,11.61345,winter,14.02
2024-01-02 22:00:00,10.89,winter,8.77
2024-01-02 23:00:00,7.470150000000001,winter,8.77
2024-01-03 00:00:00,6.682400000000001,winter,8.77
2024-01-03 01:00:00,6.573150000000001,winter,8.77
2024-01-03 02:00:00,6.566500000000001,winter,8.77
2024-01-03 03:00:00,6.565550000000001,winter,8.77
2024-01-03 04:00:00,6.565550000000001,winter,8.77
2024-01-03 05:00:00,6.558900000000001,winter,8.77
2024-01-03 06:00:00,6.804450000000001,winter,8.77
2024-01-03 07:00:00,10.95195,winter,8.77
2024-01-03 08:00:00,12.94905,winter,14.02
2024-01-03 09:00:00,13.05405,winter,14.02
2024-01-03 10:00:00,12.675,winter,14.02
2024-01-03 11:00:00,12.45345,winter,14.02
2024-01-03 12:00:00,12.34845,winter,14.02
2024-01-03 13:00:00,12.4041,winter,14.02
2024-01-03 14:00:00,13.0803,winter,14.02
2024-01-03 15:00:00,13.743900000000002,winter,14.02
2024-01-03 16:00:00,14.41695,winter,14.02
2024-01-03 17:00:00,15.3294,winter,14.02
2024-01-03 18:00:00,15.401850000000003,winter,14.02
2024-01-03 19:00:00,14.98815,winter,14.02
2024-01-03 20:00:00,14.37915,winter,14.02
2024-01-03 21:00:00,13.76805,winter,14.02
2024-01-03 22:00:00,13.515,winter,14.02
2024-01-03 23:00:00,12.7926,winter,14.02
2024-01-04 00:00:00,12.7065,winter,14.02
2024-01-04 01:00:00,11.9883,winter,14.02
2024-01-04 02:00:00,10.89,winter,8.77
2024-01-04 03:00:00,9.3654,winter,8.77
2024-01-04 04:00:00,10.365,winter,8.77
2024-01-04 05:00:00,12.75165,winter,14.02
2024-01-04 06:00:00,14.318250000000004,winter,14.02
2024-01-04 07:00:00,15.6171,winter,14.02
2024-01-04 08:00:00,16.29435,winter,14.02
2024-01-04 09:00:00,16.581,winter,19.05
2024-01-04 10:00:00,16.30905,winter,14.02
2024-01-04 11:00:00,16.143150000000002,winter,14.02
2024-01-04 12:00:00,15.7515,winter,14.02
2024-01-04 13:00:00,15.715800000000002,winter,14.02
2024-01-04 14:00:00,16.36155,winter,14.02
2024-01-04 15:00:00,17.0451,winter,19.05
2024-01-04 16:00:00,17.79165,winter,19.05
2024-01-04 17:00:00,20.67915,winter,19.05
2024-01-04 18:00:00,21.87825,winter,19.05
2024-01-04 19:00:00,19.815,winter,19.05
2024-01-04 20:00:00,17.566950000000002,winter,19.05
2024-01-04 21:00:00,17.19105,winter,19.05
2024-01-04 22:00:00,16.6503,winter,19.05
2024-01-04 23:00:00,16.01715,winter,14.02
2024-01-05 00:00:00,15.7284,winter,14.02
2024-01-05 01:00:00,15.14355,winter,14.02
2024-01-05 02:00:00,14.77605,winter,14.02
2024-01-05 03:00:00,14.37705,winter,14.02
2024-01-05 04:00:00,14.46525,winter,14.02
2024-01-05 05:00:00,14.67315,winter,14.02
2024-01-05 06:00:00,15.195,winter,14.02
2024-01-05 07:00:00,15.825,winter,14.02
2024-01-05 08:00:00,16.09485,winter,14.02
2024-01-05 09:00:00,16.65765,winter,19.05
2024-01-05 10:00:00,16.799400000000002,winter,19.05
2024-01-05 11:00:00,17.0031,winter,19.05
2024-01-05 12:00:00,16.3752,winter,14.02
2024-01-05 13:00:00,16.3017,winter,14.02
2024-01-05 14:00:00,16.81305,winter,19.05
2024-01-05 15:00:00,17.19525,winter,19.05
2024-01-05 16:00:00,17.50185,winter,19.05
2024-01-05 17:00:00,17.9649,winter,19.05
2024-01-05 18:00:00,18.077250000000003,winter,19.05
2024-01-05 19:00:00,17.6058,winter,19.05
2024-01-05 20:00:00,17.199450000000002,winter,19.05
2024-01-05 21:00:00,16.57995,winter,19.05
2024-01-05 22:00:00,16.6566,winter,19.05
2024-01-05 23:00:00,15.804000000000002,winter,14.02
2024-01-06 00:00:00,15.326250000000002,winter,14.02
2024-01-06 01:00:00,15.111,winter,14.02
2024-01-06 02:00:00,14.68365,winter,14.02
2024-01-06 03:00:00,14.35605,winter,14.02
2024-01-06 04:00:00,14.35605,winter,14.02
2024-01-06 05:00:00,14.52195,winter,14.02
2024-01-06 06:00:00,14.575500000000002,winter,14.02
2024-01-06 07:00:00,15.23595,winter,14.02
2024-01-06 08:00:00,15.972,winter,14.02
2024-01-06 09:00:00,16.37415,winter,14.02
2024-01-06 10:00:00,16.9065,winter,19.05
2024-01-06 11:00:00,17.23515,winter,19.05
2024-01-06 12:00:00,17.1018,winter,19.05
2024-01-06 13:00:00,16.688100000000002,winter,19.05
2024-01-06 14:00:00,16.40775,winter,14.02
2024-01-06 15:00:00,16.67445,winter,19.05
2024-01-06 16:00:00,17.17425,winter,19.05
2024-01-06 17:00:00,17.63835,winter,19.05
2024-01-06 18:00:00,17.57115,winter,19.05
2024-01-06 19:00:00,17.085,winter,19.05
2024-01-06 20:00:00,16.364700000000003,winter,14.02
2024-01-06 21:00:00,15.930000000000003,winter,14.02
2024-01-06 22:00:00,15.77985,winter,14.02
2024-01-06 23:00:00,15.07635,winter,14.02
2024-01-07 00:00:00,15.5184,winter,14.02
2024-01-07 01:00:00,15.0711,winter,14.02
2024-01-07 02:00:00,14.7498,winter,14.02
2024-01-07 03:00:00,14.4033,winter,14.02
2024-01-07 04:00:00,14.2353,winter,14.02
2024-01-07 05:00:00,14.258400000000002,winter,14.02
2024-01-07 06:00:00,14.5545,winter,14.02
2024-01-07 07:00:00,14.847450000000002,winter,14.02
2024-01-07 08:00:00,15.27795,winter,14.02
2024-01-07 09:00:00,15.6003,winter,14.02
2024-01-07 10:00:00,15.84075,winter,14.02
2024-01-07 11:00:00,16.0497,winter,14.02
2024-01-07 12:00:00,15.999300000000002,winter,14.02
2024-01-07 13:00:00,15.59505,winter,14.02
2024-01-07 14:00:00,15.545700000000004,winter,14.02
2024-01-07 15:00:00,15.931050000000004,winter,14.02
2024-01-07 16:00:00,16.499100000000002,winter,14.02
2024-01-07 17:00:00,17.37585,winter,19.05
2024-01-07 18:00:00,17.69925,winter,19.05
2024-01-07 19:00:00,17.56275,winter,19.05
2024-01-07 20:00:00,17.242500000000003,winter,19.05
2024-01-07 21:00:00,16.48755,winter,14.02
2024-01-07 22:00:00,16.26285,winter,14.02
2024-01-07 23:00:00,15.4953,winter,14.02
2024-01-08 00:00:00,15.827100000000002,winter,14.02
2024-01-08 01:00:00,15.543599999999998,winter,14.02
2024-01-08 02:00:00,15.2811,winter,14.02
2024-01-08 03:00:00,14.99655,winter,14.02
2024-01-08 04:00:00,14.930400000000002,winter,14.02
2024-01-08 05:00:00,15.3105,winter,14.02
2024-01-08 06:00:00,16.5915,winter,19.05
2024-01-08 07:00:00,18.3555,winter,19.05
2024-01-08 08:00:00,19.406550000000003,winter,19.05
2024-01-08 09:00:00,19.06215,winter,19.05
2024-01-08 10:00:00,18.303,winter,19.05
2024-01-08 11:00:00,17.505000000000003,winter,19.05
2024-01-08 12:00:00,16.7175,winter,19.05
2024-01-08 13:00:00,16.413,winter,14.02
2024-01-08 14:00:00,17.19,winter,19.05
2024-01-08 15:00:00,18.0279,winter,19.05
2024-01-08 16:00:00,18.961350000000003,winter,19.05
2024-01-08 17:00:00,20.24865,winter,19.05
2024-01-08 18:00:00,20.34105,winter,19.05
2024-01-08 19:00:00,19.5126,winter,19.05
2024-01-08 20:00:00,18.68205,winter,19.05
2024-01-08 21:00:00,17.48715,winter,19.05
2024-01-08 22:00:00,17.187900000000003,winter,19.05
2024-01-08 23:00:00,16.29645,winter,14.02
2024-01-09 00:00:00,15.9468,winter,14.02
2024-01-09 01:00:00,15.8292,winter,14.02
2024-01-09 02:00:00,15.615000000000002,winter,14.02
2024-01-09 03:00:00,15.5247,winter,14.02
2024-01-09 04:00:00,15.6906,winter,14.02
2024-01-09 05:00:00,16.064400000000003,winter,14.02
2024-01-09 06:00:00,18.08355,winter,19.05
2024-01-09 07:00:00,19.7163,winter,19.05
2024-01-09 08:00:00,20.680200000000003,winter,19.05
2024-01-09 09:00:00,19.38555,winter,19.05
2024-01-09 10:00:00,18.57495,winter,19.05
2024-01-09 11:00:00,17.7969,winter,19.05
2024-01-09 12:00:00,17.2131,winter,19.05
2024-01-09 13:00:00,17.2761,winter,19.05
2024-01-09 14:00:00,18.333450000000003,winter,19.05
2024-01-09 15:00:00,19.227000000000004,winter,19.05
2024-01-09 16:00:00,20.11425,winter,19.05
2024-01-09 17:00:00,21.163200000000003,winter,19.05
2024-01-09 18:00:00,21.159,winter,19.05
2024-01-09 19:00:00,20.385150000000003,winter,19.05
2024-01-09 20:00:00,19.3152,winter,19.05
2024-01-09 21:00:00,18.416400000000003,winter,19.05
2024-01-09 22:00:00,17.838900000000002,winter,19.05
2024-01-09 23:00:00,16.88445,winter,19.05
2024-01-10 00:00:00,16.065450000000002,winter,14.02
2024-01-10 01:00:00,15.7998,winter,14.02
2024-01-10 02:00:00,15.79665,winter,14.02
2024-01-10 03:00:00,15.72945,winter,14.02
2024-01-10 04:00:00,15.7515,winter,14.02
2024-01-10 05:00:00,16.04025,winter,14.02
2024-01-10 06:00:00,18.122400000000003,winter,19.05
2024-01-10 07:00:00,19.950450000000004,winter,19.05
2024-01-10 08:00:00,21.5244,winter,19.05
2024-01-10 09:00:00,20.38095,winter,19.05
2024-01-10 10:00:00,19.1388,winter,19.05
2024-01-10 11:00:00,18.14865,winter,19.05
2024-01-10 12:00:00,17.422050000000002,winter,19.05
2024-01-10 13:00:00,17.77905,winter,19.05
2024-01-10 14:00:00,18.54555,winter,19.05
2024-01-10 15:00:00,19.689,winter,19.05
2024-01-10 16:00:00,20.8272,winter,19.05
2024-01-10 17:00:00,21.78795,winter,19.05
2024-01-10 18:00:00,21.39,winter,19.05
2024-01-10 19:00:00,20.56575,winter,19.05
2024-01-10 20:00:00,19.290000000000003,winter,19.05
2024-01-10 21:00:00,18.2148,winter,19.05
2024-01-10 22:00:00,17.661450000000002,winter,19.05
2024-01-10 23:00:00,16.77315,winter,19.05
2024-01-11 00:00:00,16.32375,winter,14.02
2024-01-11 01:00:00,15.99195,winter,14.02
2024-01-11 02:00:00,15.85125,winter,14.02
2024-01-11 03:00:00,15.3399,winter,14.02
2024-01-11 04:00:00,15.29475,winter,14.02
2024-01-11 05:00:00,16.0728,winter,14.02
2024-01-11 06:00:00,17.40735,winter,19.05
2024-01-11 07:00:00,18.9603,winter,19.05
2024-01-11 08:00:00,21.495,winter,19.05
2024-01-11 09:00:00,20.251800000000003,winter,19.05
2024-01-11 10:00:00,18.62325,winter,19.05
2024-01-11 11:00:00,17.8704,winter,19.05
2024-01-11 12:00:00,17.1249,winter,19.05
2024-01-11 13:00:00,17.085,winter,19.05
2024-01-11 14:00:00,17.8179,winter,19.05
2024-01-11 15:00:00,19.0758,winter,19.05
2024-01-11 16:00:00,21.11175,winter,19.05
2024-01-11 17:00:00,22.44945,winter,19.05
2024-01-11 18:00:00,21.04245,winter,19.05
2024-01-11 19:00:00,20.58255,winter,19.05
2024-01-11 20:00:00,19.067400000000003,winter,19.05
2024-01-11 21:00:00,17.94495,winter,19.05
2024-01-11 22:00:00,17.19,winter,19.05
2024-01-11 23:00:00,16.8981,winter,19.05
2024-01-12 00:00:00,16.249200000000002,winter,14.02
2024-01-12 01:00:00,15.9531,winter,14.02
2024-01-12 02:00:00,15.6381,winter,14.02
2024-01-12 03:00:00,15.576149999999998,winter,14.02
2024-01-12 04:00:00,15.545700000000004,winter,14.02
2024-01-12 05:00:00,15.648600000000002,winter,14.02
2024-01-12 06:00:00,16.36155,winter,14.02
2024-01-12 07:00:00,19.0968,winter,19.05
2024-01-12 08:00:00,21.467700000000004,winter,19.05
2024-01-12 09:00:00,20.8608,winter,19.05
2024-01-12 10:00:00,19.501050000000003,winter,19.05
2024-01-12 11:00:00,18.73665,winter,19.05
2024-01-12 12:00:00,17.922900000000002,winter,19.05
2024-01-12 13:00:00,17.5134,winter,19.05
2024-01-12 14:00:00,17.666700000000002,winter,19.05
2024-01-12 15:00:00,18.24,winter,19.05
2024-01-12 16:00:00,19.290000000000003,winter,19.05
2024-01-12 17:00:00,20.0775,winter,19.05
2024-01-12 18:00:00,19.92,winter,19.05
2024-01-12 19:00:00,19.23435,winter,19.05
2024-01-12 20:00:00,18.11295,winter,19.05
2024-01-12 21:00:00,17.0304,winter,19.05
2024-01-12 22:00:00,16.493850000000002,winter,14.02
2024-01-12 23:00:00,15.6549,winter,14.02
2024-01-13 00:00:00,16.14,winter,14.02
2024-01-13 01:00:00,15.615000000000002,winter,14.02
2024-01-13 02:00:00,15.3,winter,14.02
2024-01-13 03:00:00,14.92935,winter,14.02
2024-01-13 04:00:00,14.565,winter,14.02
2024-01-13 05:00:00,14.5566,winter,14.02
2024-01-13 06:00:00,14.8905,winter,14.02
2024-01-13 07:00:00,15.3231,winter,14.02
2024-01-13 08:00:00,15.642300000000002,winter,14.02
2024-01-13 09:00:00,14.57655,winter,14.02
2024-01-13 10:00:00,14.48205,winter,14.02
2024-01-13 11:00:00,14.3256,winter,14.02
2024-01-13 12:00:00,14.07675,winter,14.02
2024-01-13 13:00:00,13.37535,winter,14.02
2024-01-13 14:00:00,13.82055,winter,14.02
2024-01-13 15:00:00,13.89405,winter,14.02
2024-01-13 16:00:00,14.1219,winter,14.02
2024-01-13 17:00:00,14.4831,winter,14.02
2024-01-13 18:00:00,14.65005,winter,14.02
2024-01-13 19:00:00,14.4411,winter,14.02
2024-01-13 20:00:00,14.3613,winter,14.02
2024-01-13 21:00:00,14.13765,winter,14.02
2024-01-13 22:00:00,13.4415,winter,14.02
2024-01-13 23:00:00,13.3218,winter,14.02
2024-01-14 00:00:00,13.4121,winter,14.02
2024-01-14 01:00:00,13.21155,winter,14.02
2024-01-14 02:00:00,13.29765,winter,14.02
2024-01-14 03:00:00,13.41105,winter,14.02
2024-01-14 04:00:00,13.48035,winter,14.02
2024-01-14 05:00:00,13.536,winter,14.02
2024-01-14 06:00:00,13.75755,winter,14.02
2024-01-14 07:00:00,14.2143,winter,14.02
2024-01-14 08:00:00,14.747700000000002,winter,14.02
2024-01-14 09:00:00,15.209700000000002,winter,14.02
2024-01-14 10:00:00,15.15615,winter,14.02
2024-01-14 11:00:00,15.2832,winter,14.02
2024-01-14 12:00:00,15.130950000000002,winter,14.02
2024-01-14 13:00:00,14.779200000000005,winter,14.02
2024-01-14 14:00:00,15.00075,winter,14.02
2024-01-14 15:00:00,15.3336,winter,14.02
2024-01-14 16:00:00,15.7851,winter,14.02
2024-01-14 17:00:00,16.3353,winter,14.02
2024-01-14 18:00:00,16.87185,winter,19.05
2024-01-14 19:00:00,16.02555,winter,14.02
2024-01-14 20:00:00,15.195,winter,14.02
2024-01-14 21:00:00,14.943,winter,14.02
2024-01-14 22:00:00,14.60595,winter,14.02
2024-01-14 23:00:00,13.74495,winter,14.02
2024-01-15 00:00:00,13.8195,winter,14.02
2024-01-15 01:00:00,13.515,winter,14.02
2024-01-15 02:00:00,13.4037,winter,14.02
2024-01-15 03:00:00,13.2042,winter,14.02
2024-01-15 04:00:00,13.2042,winter,14.02
2024-01-15 05:00:00,13.96125,winter,14.02
2024-01-15 06:00:00,15.08475,winter,14.02
2024-01-15 07:00:00,15.493200000000002,winter,14.02
2024-01-15 08:00:00,17.116500000000002,winter,19.05
2024-01-15 09:00:00,17.22045,winter,19.05
2024-01-15 10:00:00,16.6524,winter,19.05
2024-01-15 11:00:00,16.1673,winter,14.02
2024-01-15 12:00:00,15.4953,winter,14.02
2024-01-15 13:00:00,15.31575,winter,14.02
2024-01-15 14:00:00,15.5625,winter,14.02
2024-01-15 15:00:00,16.0812,winter,14.02
2024-01-15 16:00:00,16.9296,winter,19.05
2024-01-15 17:00:00,17.8683,winter,19.05
2024-01-15 18:00:00,18.534,winter,19.05
2024-01-15 19:00:00,18.2799,winter,19.05
2024-01-15 20:00:00,17.444100000000002,winter,19.05
2024-01-15 21:00:00,16.326900000000002,winter,14.02
2024-01-15 22:00:00,16.08645,winter,14.02
2024-01-15 23:00:00,15.765150000000002,winter,14.02
2024-01-16 00:00:00,15.242250000000002,winter,14.02
2024-01-16 01:00:00,15.20235,winter,14.02
2024-01-16 02:00:00,15.081600000000002,winter,14.02
2024-01-16 03:00:00,14.89995,winter,14.02
2024-01-16 04:00:00,14.77185,winter,14.02
2024-01-16 05:00:00,15.242250000000002,winter,14.02
2024-01-16 06:00:00,16.56735,winter,19.05
2024-01-16 07:00:00,18.74085,winter,19.05
2024-01-16 08:00:00,21.82155,winter,19.05
2024-01-16 09:00:00,21.243,winter,19.05
2024-01-16 10:00:00,19.5,winter,19.05
2024-01-16 11:00:00,18.24,winter,19.05
2024-01-16 12:00:00,17.550150000000002,winter,19.05
2024-01-16 13:00:00,16.6629,winter,19.05
2024-01-16 14:00:00,16.77,winter,19.05
2024-01-16 15:00:00,18.266250000000003,winter,19.05
2024-01-16 16:00:00,18.38595,winter,19.05
2024-01-16 17:00:00,20.145750000000003,winter,19.05
2024-01-16 18:00:00,20.05755,winter,19.05
2024-01-16 19:00:00,18.42585,winter,19.05
2024-01-16 20:00:00,16.716450000000002,winter,19.05
2024-01-16 21:00:00,15.74205,winter,14.02
2024-01-16 22:00:00,15.304200000000002,winter,14.02
2024-01-16 23:00:00,14.847450000000002,winter,14.02
2024-01-17 00:00:00,14.20905,winter,14.02
2024-01-17 01:00:00,14.1996,winter,14.02
2024-01-17 02:00:00,14.11245,winter,14.02
2024-01-17 03:00:00,14.0127,winter,14.02
2024-01-17 04:00:00,13.98435,winter,14.02
2024-01-17 05:00:00,14.1513,winter,14.02
2024-01-17 06:00:00,14.574450000000002,winter,14.02
2024-01-17 07:00:00,15.55095,winter,14.02
2024-01-17 08:00:00,16.8225,winter,19.05
2024-01-17 09:00:00,17.8368,winter,19.05
2024-01-17 10:00:00,18.27465,winter,19.05
2024-01-17 11:00:00,18.3555,winter,19.05
2024-01-17 12:00:00,19.04955,winter,19.05
2024-01-17 13:00:00,19.4685,winter,19.05
2024-01-17 14:00:00,19.4727,winter,19.05
2024-01-17 15:00:00,19.8633,winter,19.05
2024-01-17 16:00:00,20.1888,winter,19.05
2024-01-17 17:00:00,21.4446,winter,19.05
2024-01-17 18:00:00,19.66695,winter,19.05
2024-01-17 19:00:00,18.689400000000003,winter,19.05
2024-01-17 20:00:00,18.219,winter,19.05
2024-01-17 21:00:00,17.30445,winter,19.05
2024-01-17 22:00:00,16.5894,winter,19.05
2024-01-17 23:00:00,15.52785,winter,14.02
2024-01-18 00:00:00,15.22965,winter,14.02
2024-01-18 01:00:00,14.796000000000005,winter,14.02
2024-01-18 02:00:00,14.59545,winter,14.02
2024-01-18 03:00:00,14.55555,winter,14.02
2024-01-18 04:00:00,14.83485,winter,14.02
2024-01-18 05:00:00,15.195,winter,14.02
2024-01-18 06:00:00,16.2912,winter,14.02
2024-01-18 07:00:00,18.40275,winter,19.05
2024-01-18 08:00:00,19.90845,winter,19.05
2024-01-18 09:00:00,19.517850000000003,winter,19.05
2024-01-18 10:00:00,18.3345,winter,19.05
2024-01-18 11:00:00,18.02475,winter,19.05
2024-01-18 12:00:00,16.51275,winter,14.02
2024-01-18 13:00:00,15.8901,winter,14.02
2024-01-18 14:00:00,15.765150000000002,winter,14.02
2024-01-18 15:00:00,16.586250000000003,winter,19.05
2024-01-18 16:00:00,17.1396,winter,19.05
2024-01-18 17:00:00,17.6814,winter,19.05
2024-01-18 18:00:00,17.532300000000003,winter,19.05
2024-01-18 19:00:00,16.61565,winter,19.05
2024-01-18 20:00:00,15.82185,winter,14.02
2024-01-18 21:00:00,15.417600000000004,winter,14.02
2024-01-18 22:00:00,15.18765,winter,14.02
2024-01-18 23:00:00,14.41905,winter,14.02
2024-01-19 00:00:00,14.1009,winter,14.02
2024-01-19 01:00:00,13.71975,winter,14.02
2024-01-19 02:00:00,13.58115,winter,14.02
2024-01-19 03:00:00,13.279800000000002,winter,14.02
2024-01-19 04:00:00,13.3386,winter,14.02
2024-01-19 05:00:00,13.774350000000002,winter,14.02
2024-01-19 06:00:00,14.8737,winter,14.02
2024-01-19 07:00:00,15.842850000000002,winter,14.02
2024-01-19 08:00:00,17.63835,winter,19.05
2024-01-19 09:00:00,17.511300000000002,winter,19.05
2024-01-19 10:00:00,16.68075,winter,19.05
2024-01-19 11:00:00,15.7578,winter,14.02
2024-01-19 12:00:00,14.75715,winter,14.02
2024-01-19 13:00:00,14.39175,winter,14.02
2024-01-19 14:00:00,14.58705,winter,14.02
2024-01-19 15:00:00,14.82225,winter,14.02
2024-01-19 16:00:00,15.58245,winter,14.02
2024-01-19 17:00:00,16.518,winter,14.02
2024-01-19 18:00:00,16.3185,winter,14.02
2024-01-19 19:00:00,15.324150000000005,winter,14.02
2024-01-19 20:00:00,14.46,winter,14.02
2024-01-19 21:00:00,14.1576,winter,14.02
2024-01-19 22:00:00,13.897200000000002,winter,14.02
2024-01-19 23:00:00,13.48875,winter,14.02
2024-01-20 00:00:00,13.62,winter,14.02
2024-01-20 01:00:00,13.352250000000002,winter,14.02
2024-01-20 02:00:00,13.3617,winter,14.02
2024-01-20 03:00:00,13.1811,winter,14.02
2024-01-20 04:00:00,13.184250000000002,winter,14.02
2024-01-20 05:00:00,13.17375,winter,14.02
2024-01-20 06:00:00,13.261950000000002,winter,14.02
2024-01-20 07:00:00,13.7145,winter,14.02
2024-01-20 08:00:00,14.5461,winter,14.02
2024-01-20 09:00:00,14.869500000000002,winter,14.02
2024-01-20 10:00:00,14.229,winter,14.02
2024-01-20 11:00:00,14.12085,winter,14.02
2024-01-20 12:00:00,13.801650000000002,winter,14.02
2024-01-20 13:00:00,13.9119,winter,14.02
2024-01-20 14:00:00,14.39595,winter,14.02
2024-01-20 15:00:00,14.99655,winter,14.02
2024-01-20 16:00:00,15.909,winter,14.02
2024-01-20 17:00:00,16.65765,winter,19.05
2024-01-20 18:00:00,17.17635,winter,19.05
2024-01-20 19:00:00,16.304850000000002,winter,14.02
2024-01-20 20:00:00,15.29685,winter,14.02
2024-01-20 21:00:00,14.6427,winter,14.02
2024-01-20 22:00:00,14.5314,winter,14.02
2024-01-20 23:00:00,13.94865,winter,14.02
2024-01-21 00:00:00,13.70715,winter,14.02
2024-01-21 01:00:00,12.73275,winter,14.02
2024-01-21 02:00:00,12.48075,winter,14.02
2024-01-21 03:00:00,12.033450000000002,winter,14.02
2024-01-21 04:00:00,11.783550000000002,winter,14.02
2024-01-21 05:00:00,11.672250000000002,winter,14.02
2024-01-21 06:00:00,11.47065,winter,14.02
2024-01-21 07:00:00,11.3058,winter,8.77
2024-01-21 08:00:00,12.0828,winter,14.02
2024-01-21 09:00:00,12.3978,winter,14.02
2024-01-21 10:00:00,11.5263,winter,14.02
2024-01-21 11:00:00,11.800350000000002,winter,14.02
2024-01-21 12:00:00,10.7304,winter,8.77
2024-01-21 13:00:00,10.64745,winter,8.77
2024-01-21 14:00:00,11.3415,winter,8.77
2024-01-21 15:00:00,11.839200000000002,winter,14.02
2024-01-21 16:00:00,11.92215,winter,14.02
2024-01-21 17:00:00,12.63825,winter,14.02
2024-01-21 18:00:00,13.14225,winter,14.02
2024-01-21 19:00:00,12.8472,winter,14.02
2024-01-21 20:00:00,12.0975,winter,14.02
2024-01-21 21:00:00,12.1983,winter,14.02
2024-01-21 22:00:00,11.98095,winter,14.02
2024-01-21 23:00:00,10.8333,winter,8.77
2024-01-22 00:00:00,10.5393,winter,8.77
2024-01-22 01:00:00,9.025199999999998,winter,8.77
2024-01-22 02:00:00,8.6451,winter,8.77
2024-01-22 03:00:00,7.219200000000002,winter,8.77
2024-01-22 04:00:00,7.221300000000001,winter,8.77
2024-01-22 05:00:00,8.79,winter,8.77
2024-01-22 06:00:00,10.9425,winter,8.77
2024-01-22 07:00:00,13.03935,winter,14.02
2024-01-22 08:00:00,13.6704,winter,14.02
2024-01-22 09:00:00,12.7359,winter,14.02
2024-01-22 10:00:00,13.15275,winter,14.02
2024-01-22 11:00:00,13.053,winter,14.02
2024-01-22 12:00:00,12.6666,winter,14.02
2024-01-22 13:00:00,12.6456,winter,14.02
2024-01-22 14:00:00,12.80415,winter,14.02
2024-01-22 15:00:00,12.96165,winter,14.02
2024-01-22 16:00:00,12.98895,winter,14.02
2024-01-22 17:00:00,14.1387,winter,14.02
2024-01-22 18:00:00,14.81175,winter,14.02
2024-01-22 19:00:00,14.24895,winter,14.02
2024-01-22 20:00:00,13.688250000000002,winter,14.02
2024-01-22 21:00:00,12.675,winter,14.02
2024-01-22 22:00:00,12.55845,winter,14.02
2024-01-22 23:00:00,11.927400000000002,winter,14.02
2024-01-23 00:00:00,8.39415,winter,8.77
2024-01-23 01:00:00,7.7505000000000015,winter,8.77
2024-01-23 02:00:00,7.673850000000002,winter,8.77
2024-01-23 03:00:00,7.127850000000001,winter,8.77
2024-01-23 04:00:00,7.763100000000001,winter,8.77
2024-01-23 05:00:00,10.80915,winter,8.77
2024-01-23 06:00:00,12.9648,winter,14.02
2024-01-23 07:00:00,14.714100000000002,winter,14.02
2024-01-23 08:00:00,14.0211,winter,14.02
2024-01-23 09:00:00,14.03265,winter,14.02
2024-01-23 10:00:00,12.98685,winter,14.02
2024-01-23 11:00:00,12.969,winter,14.02
2024-01-23 12:00:00,12.8997,winter,14.02
2024-01-23 13:00:00,12.93015,winter,14.02
2024-01-23 14:00:00,13.273500000000002,winter,14.02
2024-01-23 15:00:00,14.52615,winter,14.02
2024-01-23 16:00:00,14.979750000000005,winter,14.02
2024-01-23 17:00:00,15.25695,winter,14.02
2024-01-23 18:00:00,15.563550000000005,winter,14.02
2024-01-23 19:00:00,14.51775,winter,14.02
2024-01-23 20:00:00,13.19475,winter,14.02
2024-01-23 21:00:00,12.3327,winter,14.02
2024-01-23 22:00:00,11.4528,winter,14.02
2024-01-23 23:00:00,10.1823,winter,8.77
2024-01-24 00:00:00,7.010250000000001,winter,8.77
2024-01-24 01:00:00,6.687150000000002,winter,8.77
2024-01-24 02:00:00,6.629200000000001,winter,8.77
2024-01-24 03:00:00,6.271050000000002,winter,8.77
2024-01-24 04:00:00,6.230200000000001,winter,8.77
2024-01-24 05:00:00,6.672900000000001,winter,8.77
2024-01-24 06:00:00,8.2398,winter,8.77
2024-01-24 07:00:00,11.10945,winter,8.77
2024-01-24 08:00:00,12.1059,winter,14.02
2024-01-24 09:00:00,12.0198,winter,14.02
2024-01-24 10:00:00,11.950500000000002,winter,14.02
2024-01-24 11:00:00,12.021900000000002,winter,14.02
2024-01-24 12:00:00,10.8186,winter,8.77
2024-01-24 13:00:00,10.5162,winter,8.77
2024-01-24 14:00:00,11.4192,winter,14.02
2024-01-24 15:00:00,11.93475,winter,14.02
2024-01-24 16:00:00,12.024,winter,14.02
2024-01-24 17:00:00,12.38205,winter,14.02
2024-01-24 18:00:00,12.2886,winter,14.02
2024-01-24 19:00:00,11.94945,winter,14.02
2024-01-24 20:00:00,11.1189,winter,8.77
2024-01-24 21:00:00,10.8942,winter,8.77
2024-01-24 22:00:00,11.10105,winter,8.77
2024-01-24 23:00:00,10.73565,winter,8.77
2024-01-25 00:00:00,11.3457,winter,8.77
2024-01-25 01:00:00,11.4213,winter,14.02
2024-01-25 02:00:00,11.2407,winter,8.77
2024-01-25 03:00:00,11.4066,winter,14.02
2024-01-25 04:00:00,11.5431,winter,14.02
2024-01-25 05:00:00,12.189900000000002,winter,14.02
2024-01-25 06:00:00,13.9455,winter,14.02
2024-01-25 07:00:00,14.84325,winter,14.02
2024-01-25 08:00:00,16.336350000000003,winter,14.02
2024-01-25 09:00:00,15.926850000000002,winter,14.02
2024-01-25 10:00:00,15.50475,winter,14.02
2024-01-25 11:00:00,14.9493,winter,14.02
2024-01-25 12:00:00,14.55975,winter,14.02
2024-01-25 13:00:00,14.8653,winter,14.02
2024-01-25 14:00:00,15.832349999999998,winter,14.02
2024-01-25 15:00:00,16.55055,winter,19.05
2024-01-25 16:00:00,17.4483,winter,19.05
2024-01-25 17:00:00,19.6449,winter,19.05
2024-01-25 18:00:00,18.8217,winter,19.05
2024-01-25 19:00:00,17.06295,winter,19.05
2024-01-25 20:00:00,16.25235,winter,14.02
2024-01-25 21:00:00,15.75255,winter,14.02
2024-01-25 22:00:00,15.135150000000005,winter,14.02
2024-01-25 23:00:00,14.5818,winter,14.02
2024-01-26 00:00:00,13.284,winter,14.02
2024-01-26 01:00:00,13.2,winter,14.02
2024-01-26 02:00:00,12.83145,winter,14.02
2024-01-26 03:00:00,12.75165,winter,14.02
2024-01-26 04:00:00,12.68235,winter,14.02
2024-01-26 05:00:00,12.1668,winter,14.02
2024-01-26 06:00:00,12.92385,winter,14.02
2024-01-26 07:00:00,14.1576,winter,14.02
2024-01-26 08:00:00,14.73195,winter,14.02
2024-01-26 09:00:00,14.1009,winter,14.02
2024-01-26 10:00:00,13.15905,winter,14.02
2024-01-26 11:00:00,12.8997,winter,14.02
2024-01-26 12:00:00,12.1794,winter,14.02
2024-01-26 13:00:00,11.56935,winter,14.02
2024-01-26 14:00:00,11.8644,winter,14.02
2024-01-26 15:00:00,11.95155,winter,14.02
2024-01-26 16:00:00,12.2277,winter,14.02
2024-01-26 17:00:00,13.0635,winter,14.02
2024-01-26 18:00:00,12.85875,winter,14.02
2024-01-26 19:00:00,13.5108,winter,14.02
2024-01-26 20:00:00,12.8619,winter,14.02
2024-01-26 21:00:00,13.202100000000002,winter,14.02
2024-01-26 22:00:00,12.945900000000002,winter,14.02
2024-01-26 23:00:00,12.6834,winter,14.02
2024-01-27 00:00:00,12.5175,winter,14.02
2024-01-27 01:00:00,12.46815,winter,14.02
2024-01-27 02:00:00,12.59205,winter,14.02
2024-01-27 03:00:00,12.47025,winter,14.02
2024-01-27 04:00:00,12.5427,winter,14.02
2024-01-27 05:00:00,12.65715,winter,14.02
2024-01-27 06:00:00,12.89235,winter,14.02
2024-01-27 07:00:00,13.61055,winter,14.02
2024-01-27 08:00:00,14.59545,winter,14.02
2024-01-27 09:00:00,14.308800000000002,winter,14.02
2024-01-27 10:00:00,12.996300000000002,winter,14.02
2024-01-27 11:00:00,12.63405,winter,14.02
2024-01-27 12:00:00,12.5532,winter,14.02
2024-01-27 13:00:00,12.3474,winter,14.02
2024-01-27 14:00:00,12.9606,winter,14.02
2024-01-27 15:00:00,14.2962,winter,14.02
2024-01-27 16:00:00,15.470100000000002,winter,14.02
2024-01-27 17:00:00,16.493850000000002,winter,14.02
2024-01-27 18:00:00,16.764750000000003,winter,19.05
2024-01-27 19:00:00,16.40565,winter,14.02
2024-01-27 20:00:00,15.554100000000002,winter,14.02
2024-01-27 21:00:00,14.67735,winter,14.02
2024-01-27 22:00:00,14.66685,winter,14.02
2024-01-27 23:00:00,14.3235,winter,14.02
2024-01-28 00:00:00,13.70085,winter,14.02
2024-01-28 01:00:00,13.0866,winter,14.02
2024-01-28 02:00:00,12.95325,winter,14.02
2024-01-28 03:00:00,12.9837,winter,14.02
2024-01-28 04:00:00,13.137,winter,14.02
2024-01-28 05:00:00,13.42155,winter,14.02
2024-01-28 06:00:00,13.04565,winter,14.02
2024-01-28 07:00:00,12.9522,winter,14.02
2024-01-28 08:00:00,12.951150000000002,winter,14.02
2024-01-28 09:00:00,12.473400000000002,winter,14.02
2024-01-28 10:00:00,12.0618,winter,14.02
2024-01-28 11:00:00,11.49375,winter,14.02
2024-01-28 12:00:00,11.0559,winter,8.77
2024-01-28 13:00:00,10.899450000000002,winter,8.77
2024-01-28 14:00:00,12.00825,winter,14.02
2024-01-28 15:00:00,12.61305,winter,14.02
2024-01-28 16:00:00,13.92135,winter,14.02
2024-01-28 17:00:00,14.863200000000004,winter,14.02
2024-01-28 18:00:00,14.24265,winter,14.02
2024-01-28 19:00:00,14.0274,winter,14.02
2024-01-28 20:00:00,13.85625,winter,14.02
2024-01-28 21:00:00,12.69285,winter,14.02
2024-01-28 22:00:00,12.93015,winter,14.02
2024-01-28 23:00:00,12.57,winter,14.02
2024-01-29 00:00:00,11.93685,winter,14.02
2024-01-29 01:00:00,11.6523,winter,14.02
2024-01-29 02:00:00,11.7426,winter,14.02
2024-01-29 03:00:00,11.72685,winter,14.02
2024-01-29 04:00:00,12.1059,winter,14.02
2024-01-29 05:00:00,12.996300000000002,winter,14.02
2024-01-29 06:00:00,15.09,winter,14.02
2024-01-29 07:00:00,16.51485,winter,14.02
2024-01-29 08:00:00,17.10285,winter,19.05
2024-01-29 09:00:00,15.970950000000002,winter,14.02
2024-01-29 10:00:00,14.974500000000004,winter,14.02
2024-01-29 11:00:00,14.17335,winter,14.02
2024-01-29 12:00:00,14.0652,winter,14.02
2024-01-29 13:00:00,14.56395,winter,14.02
2024-01-29 14:00:00,15.35775,winter,14.02
2024-01-29 15:00:00,16.938,winter,19.05
2024-01-29 16:00:00,18.07515,winter,19.05
2024-01-29 17:00:00,20.0691,winter,19.05
2024-01-29 18:00:00,19.006500000000003,winter,19.05
2024-01-29 19:00:00,17.9796,winter,19.05
2024-01-29 20:00:00,16.347900000000003,winter,14.02
2024-01-29 21:00:00,15.802950000000004,winter,14.02
2024-01-29 22:00:00,15.4491,winter,14.02
2024-01-29 23:00:00,15.120450000000002,winter,14.02
2024-01-30 00:00:00,14.2437,winter,14.02
2024-01-30 01:00:00,13.912950000000002,winter,14.02
2024-01-30 02:00:00,13.97385,winter,14.02
2024-01-30 03:00:00,13.7712,winter,14.02
2024-01-30 04:00:00,13.743900000000002,winter,14.02
2024-01-30 05:00:00,13.97385,winter,14.02
2024-01-30 06:00:00,14.925150000000002,winter,14.02
2024-01-30 07:00:00,16.203,winter,14.02
2024-01-30 08:00:00,16.76265,winter,19.05
2024-01-30 09:00:00,15.60765,winter,14.02
2024-01-30 10:00:00,14.790750000000005,winter,14.02
2024-01-30 11:00:00,14.0505,winter,14.02
2024-01-30 12:00:00,13.8405,winter,14.02
2024-01-30 13:00:00,13.85415,winter,14.02
2024-01-30 14:00:00,14.24265,winter,14.02
2024-01-30 15:00:00,15.036450000000002,winter,14.02
2024-01-30 16:00:00,15.3378,winter,14.02
2024-01-30 17:00:00,15.947850000000004,winter,14.02
2024-01-30 18:00:00,17.10915,winter,19.05
2024-01-30 19:00:00,16.34055,winter,14.02
2024-01-30 20:00:00,15.724200000000003,winter,14.02
2024-01-30 21:00:00,14.88,winter,14.02
2024-01-30 22:00:00,14.56605,winter,14.02
2024-01-30 23:00:00,14.19855,winter,14.02
2024-01-31 00:00:00,14.22165,winter,14.02
2024-01-31 01:00:00,14.05995,winter,14.02
2024-01-31 02:00:00,14.13345,winter,14.02
2024-01-31 03:00:00,14.0211,winter,14.02
2024-01-31 04:00:00,13.9497,winter,14.02
2024-01-31 05:00:00,14.4411,winter,14.02
2024-01-31 06:00:00,15.59925,winter,14.02
2024-01-31 07:00:00,18.04785,winter,19.05
2024-01-31 08:00:00,19.28265,winter,19.05
2024-01-31 09:00:00,16.51905,winter,14.02
2024-01-31 10:00:00,15.402900000000002,winter,14.02
2024-01-31 11:00:00,14.78445,winter,14.02
2024-01-31 12:00:00,14.55555,winter,14.02
2024-01-31 13:00:00,13.7943,winter,14.02
2024-01-31 14:00:00,13.69245,winter,14.02
2024-01-31 15:00:00,14.656350000000002,winter,14.02
2024-01-31 16:00:00,15.2601,winter,14.02
2024-01-31 17:00:00,15.920550000000002,winter,14.02
2024-01-31 18:00:00,15.801900000000003,winter,14.02
2024-01-31 19:00:00,14.42325,winter,14.02
2024-01-31 20:00:00,13.62315,winter,14.02
2024-01-31 21:00:00,12.6708,winter,14.02
2024-01-31 22:00:00,12.3684,winter,14.02
2024-01-31 23:00:00,10.86165,winter,8.77
2024-02-01 00:00:00,11.6313,winter,14.02
2024-02-01 01:00:00,11.0076,winter,8.77
2024-02-01 02:00:00,11.1168,winter,8.77
2024-02-01 03:00:00,11.21025,winter,8.77
2024-02-01 04:00:00,11.61555,winter,14.02
2024-02-01 05:00:00,12.500700000000002,winter,14.02
2024-02-01 06:00:00,13.936050000000002,winter,14.02
2024-02-01 07:00:00,15.7326,winter,14.02
2024-02-01 08:00:00,16.4025,winter,14.02
2024-02-01 09:00:00,15.75045,winter,14.02
2024-02-01 10:00:00,15.475350000000002,winter,14.02
2024-02-01 11:00:00,14.798100000000002,winter,14.02
2024-02-01 12:00:00,13.788,winter,14.02
2024-02-01 13:00:00,12.7023,winter,14.02
2024-02-01 14:00:00,13.9077,winter,14.02
2024-02-01 15:00:00,14.57235,winter,14.02
2024-02-01 16:00:00,14.780250000000002,winter,14.02
2024-02-01 17:00:00,16.30905,winter,14.02
2024-02-01 18:00:00,16.63035,winter,19.05
2024-02-01 19:00:00,16.96845,winter,19.05
2024-02-01 20:00:00,16.13685,winter,14.02
2024-02-01 21:00:00,15.435450000000005,winter,14.02
2024-02-01 22:00:00,15.287399999999998,winter,14.02
2024-02-01 23:00:00,14.3949,winter,14.02
2024-02-02 00:00:00,13.43835,winter,14.02
2024-02-02 01:00:00,12.9837,winter,14.02
2024-02-02 02:00:00,12.78,winter,14.02
2024-02-02 03:00:00,12.43245,winter,14.02
2024-02-02 04:00:00,12.27915,winter,14.02
2024-02-02 05:00:00,12.47235,winter,14.02
2024-02-02 06:00:00,13.718700000000002,winter,14.02
2024-02-02 07:00:00,14.77395,winter,14.02
2024-02-02 08:00:00,16.0686,winter,14.02
2024-02-02 09:00:00,15.709500000000002,winter,14.02
2024-02-02 10:00:00,15.170850000000002,winter,14.02
2024-02-02 11:00:00,14.580750000000002,winter,14.02
2024-02-02 12:00:00,13.494,winter,14.02
2024-02-02 13:00:00,12.6246,winter,14.02
2024-02-02 14:00:00,12.44715,winter,14.02
2024-02-02 15:00:00,12.26445,winter,14.02
2024-02-02 16:00:00,12.22665,winter,14.02
2024-02-02 17:00:00,12.8325,winter,14.02
2024-02-02 18:00:00,13.93185,winter,14.02
2024-02-02 19:00:00,13.340700000000002,winter,14.02
2024-02-02 20:00:00,12.4713,winter,14.02
2024-02-02 21:00:00,11.9064,winter,14.02
2024-02-02 22:00:00,11.52315,winter,14.02
2024-02-02 23:00:00,10.47525,winter,8.77
2024-02-03 00:00:00,9.2877,winter,8.77
2024-02-03 01:00:00,8.039250000000001,winter,8.77
2024-02-03 02:00:00,7.396650000000001,winter,8.77
2024-02-03 03:00:00,7.7935500000000015,winter,8.77
2024-02-03 04:00:00,7.585650000000001,winter,8.77
2024-02-03 05:00:00,7.614000000000002,winter,8.77
2024-02-03 06:00:00,8.420399999999999,winter,8.77
2024-02-03 07:00:00,10.27785,winter,8.77
2024-02-03 08:00:00,11.51895,winter,14.02
2024-02-03 09:00:00,11.51685,winter,14.02
2024-02-03 10:00:00,10.4301,winter,8.77
2024-02-03 11:00:00,9.8841,winter,8.77
2024-02-03 12:00:00,9.9009,winter,8.77
2024-02-03 13:00:00,9.9051,winter,8.77
2024-02-03 14:00:00,10.9677,winter,8.77
2024-02-03 15:00:00,11.2785,winter,8.77
2024-02-03 16:00:00,11.872800000000002,winter,14.02
2024-02-03 17:00:00,12.76215,winter,14.02
2024-02-03 18:00:00,13.88985,winter,14.02
2024-02-03 19:00:00,13.617900000000002,winter,14.02
2024-02-03 20:00:00,12.39885,winter,14.02
2024-02-03 21:00:00,12.067050000000002,winter,14.02
2024-02-03 22:00:00,12.02505,winter,14.02
2024-02-03 23:00:00,10.754550000000002,winter,8.77
2024-02-04 00:00:00,10.3965,winter,8.77
2024-02-04 01:00:00,7.744200000000001,winter,8.77
2024-02-04 02:00:00,7.029150000000001,winter,8.77
2024-02-04 03:00:00,6.761400000000001,winter,8.77
2024-02-04 04:00:00,6.690000000000001,winter,8.77
2024-02-04 05:00:00,6.690000000000001,winter,8.77
2024-02-04 06:00:00,6.690000000000001,winter,8.77
2024-02-04 07:00:00,6.800250000000001,winter,8.77
2024-02-04 08:00:00,7.621350000000001,winter,8.77
2024-02-04 09:00:00,7.722150000000002,winter,8.77
2024-02-04 10:00:00,7.831350000000001,winter,8.77
2024-02-04 11:00:00,8.035050000000002,winter,8.77
2024-02-04 12:00:00,8.1411,winter,8.77
2024-02-04 13:00:00,7.175100000000001,winter,8.77
2024-02-04 14:00:00,7.710600000000001,winter,8.77
2024-02-04 15:00:00,8.3406,winter,8.77
2024-02-04 16:00:00,8.62515,winter,8.77
2024-02-04 17:00:00,10.77555,winter,8.77
2024-02-04 18:00:00,11.52105,winter,14.02
2024-02-04 19:00:00,10.48785,winter,8.77
2024-02-04 20:00:00,9.74025,winter,8.77
2024-02-04 21:00:00,9.2646,winter,8.77
2024-02-04 22:00:00,9.2562,winter,8.77
2024-02-04 23:00:00,6.749850000000001,winter,8.77
2024-02-05 00:00:00,6.690000000000001,winter,8.77
2024-02-05 01:00:00,6.687150000000002,winter,8.77
2024-02-05 02:00:00,6.683350000000002,winter,8.77
2024-02-05 03:00:00,6.677650000000002,winter,8.77
2024-02-05 04:00:00,6.685250000000002,winter,8.77
2024-02-05 05:00:00,6.7341000000000015,winter,8.77
2024-02-05 06:00:00,10.78185,winter,8.77
2024-02-05 07:00:00,12.87555,winter,14.02
2024-02-05 08:00:00,13.2336,winter,14.02
2024-02-05 09:00:00,12.6603,winter,14.02
2024-02-05 10:00:00,12.24765,winter,14.02
2024-02-05 11:00:00,10.90575,winter,8.77
2024-02-05 12:00:00,7.430250000000001,winter,8.77
2024-02-05 13:00:00,6.804450000000001,winter,8.77
2024-02-05 14:00:00,7.216050000000001,winter,8.77
2024-02-05 15:00:00,12.2655,winter,14.02
2024-02-05 16:00:00,13.0656,winter,14.02
2024-02-05 17:00:00,13.87935,winter,14.02
2024-02-05 18:00:00,13.9119,winter,14.02
2024-02-05 19:00:00,13.1832,winter,14.02
2024-02-05 20:00:00,13.040400000000002,winter,14.02
2024-02-05 21:00:00,12.95325,winter,14.02
2024-02-05 22:00:00,12.6015,winter,14.02
2024-02-05 23:00:00,11.66805,winter,14.02
2024-02-06 00:00:00,10.3692,winter,8.77
2024-02-06 01:00:00,9.59325,winter,8.77
2024-02-06 02:00:00,7.433400000000002,winter,8.77
2024-02-06 03:00:00,7.012350000000001,winter,8.77
2024-02-06 04:00:00,6.893700000000002,winter,8.77
2024-02-06 05:00:00,8.724899999999998,winter,8.77
2024-02-06 06:00:00,11.94,winter,14.02
2024-02-06 07:00:00,13.846800000000002,winter,14.02
2024-02-06 08:00:00,13.2,winter,14.02
2024-02-06 09:00:00,13.13175,winter,14.02
2024-02-06 10:00:00,12.628800000000002,winter,14.02
2024-02-06 11:00:00,12.1185,winter,14.02
2024-02-06 12:00:00,11.25435,winter,8.77
2024-02-06 13:00:00,11.1567,winter,8.77
2024-02-06 14:00:00,10.90155,winter,8.77
2024-02-06 15:00:00,11.93055,winter,14.02
2024-02-06 16:00:00,12.6246,winter,14.02
2024-02-06 17:00:00,13.30185,winter,14.02
2024-02-06 18:00:00,13.1958,winter,14.02
2024-02-06 19:00:00,13.1118,winter,14.02
2024-02-06 20:00:00,12.8997,winter,14.02
2024-02-06 21:00:00,12.6162,winter,14.02
2024-02-06 22:00:00,12.6246,winter,14.02
2024-02-06 23:00:00,12.1878,winter,14.02
2024-02-07 00:00:00,11.01285,winter,8.77
2024-02-07 01:00:00,10.4196,winter,8.77
2024-02-07 02:00:00,10.27575,winter,8.77
2024-02-07 03:00:00,11.581950000000004,winter,14.02
2024-02-07 04:00:00,12.40935,winter,14.02
2024-02-07 05:00:00,12.951150000000002,winter,14.02
2024-02-07 06:00:00,14.54715,winter,14.02
2024-02-07 07:00:00,15.79035,winter,14.02
2024-02-07 08:00:00,15.825,winter,14.02
2024-02-07 09:00:00,15.670650000000002,winter,14.02
2024-02-07 10:00:00,15.212850000000005,winter,14.02
2024-02-07 11:00:00,14.881050000000002,winter,14.02
2024-02-07 12:00:00,14.6679,winter,14.02
2024-02-07 13:00:00,15.0102,winter,14.02
2024-02-07 14:00:00,14.87895,winter,14.02
2024-02-07 15:00:00,15.95205,winter,14.02
2024-02-07 16:00:00,16.9065,winter,19.05
2024-02-07 17:00:00,19.29525,winter,19.05
2024-02-07 18:00:00,20.9931,winter,19.05
2024-02-07 19:00:00,18.2085,winter,19.05
2024-02-07 20:00:00,17.18055,winter,19.05
2024-02-07 21:00:00,15.893250000000002,winter,14.02
2024-02-07 22:00:00,15.471150000000002,winter,14.02
2024-02-07 23:00:00,15.00705,winter,14.02
2024-02-08 00:00:00,14.4285,winter,14.02
2024-02-08 01:00:00,14.376,winter,14.02
2024-02-08 02:00:00,14.26575,winter,14.02
2024-02-08 03:00:00,14.3487,winter,14.02
2024-02-08 04:00:00,14.42325,winter,14.02
2024-02-08 05:00:00,14.864249999999998,winter,14.02
2024-02-08 06:00:00,15.8334,winter,14.02
2024-02-08 07:00:00,18.24,winter,19.05
2024-02-08 08:00:00,20.67075,winter,19.05
2024-02-08 09:00:00,18.61275,winter,19.05
2024-02-08 10:00:00,16.95795,winter,19.05
2024-02-08 11:00:00,16.336350000000003,winter,14.02
2024-02-08 12:00:00,16.0749,winter,14.02
2024-02-08 13:00:00,16.242900000000002,winter,14.02
2024-02-08 14:00:00,16.654500000000002,winter,19.05
2024-02-08 15:00:00,16.599899999999998,winter,19.05
2024-02-08 16:00:00,16.45605,winter,14.02
2024-02-08 17:00:00,17.505000000000003,winter,19.05
2024-02-08 18:00:00,16.63035,winter,19.05
2024-02-08 19:00:00,15.726300000000002,winter,14.02
2024-02-08 20:00:00,15.426000000000002,winter,14.02
2024-02-08 21:00:00,15.154050000000002,winter,14.02
2024-02-08 22:00:00,14.628,winter,14.02
2024-02-08 23:00:00,13.617900000000002,winter,14.02
2024-02-09 00:00:00,13.035150000000002,winter,14.02
2024-02-09 01:00:00,12.84405,winter,14.02
2024-02-09 02:00:00,12.5427,winter,14.02
2024-02-09 03:00:00,12.10905,winter,14.02
2024-02-09 04:00:00,11.9358,winter,14.02
2024-02-09 05:00:00,12.183600000000002,winter,14.02
2024-02-09 06:00:00,12.8934,winter,14.02
2024-02-09 07:00:00,13.70295,winter,14.02
2024-02-09 08:00:00,14.05365,winter,14.02
2024-02-09 09:00:00,13.868850000000002,winter,14.02
2024-02-09 10:00:00,13.9896,winter,14.02
2024-02-09 11:00:00,14.0337,winter,14.02
2024-02-09 12:00:00,13.81425,winter,14.02
2024-02-09 13:00:00,13.8027,winter,14.02
2024-02-09 14:00:00,14.3781,winter,14.02
2024-02-09 15:00:00,15.253800000000002,winter,14.02
2024-02-09 16:00:00,16.1526,winter,14.02
2024-02-09 17:00:00,16.71225,winter,19.05
2024-02-09 18:00:00,16.71225,winter,19.05
2024-02-09 19:00:00,15.83025,winter,14.02
2024-02-09 20:00:00,15.136200000000002,winter,14.02
2024-02-09 21:00:00,14.586000000000002,winter,14.02
2024-02-09 22:00:00,14.55555,winter,14.02
2024-02-09 23:00:00,14.1387,winter,14.02
2024-02-10 00:00:00,13.3155,winter,14.02
2024-02-10 01:00:00,13.4184,winter,14.02
2024-02-10 02:00:00,13.452000000000002,winter,14.02
2024-02-10 03:00:00,13.45095,winter,14.02
2024-02-10 04:00:00,13.45305,winter,14.02
2024-02-10 05:00:00,13.6011,winter,14.02
2024-02-10 06:00:00,14.13555,winter,14.02
2024-02-10 07:00:00,14.5503,winter,14.02
2024-02-10 08:00:00,14.8485,winter,14.02
2024-02-10 09:00:00,15.129900000000005,winter,14.02
2024-02-10 10:00:00,14.52195,winter,14.02
2024-02-10 11:00:00,13.980150000000002,winter,14.02
2024-02-10 12:00:00,13.8615,winter,14.02
2024-02-10 13:00:00,13.6956,winter,14.02
2024-02-10 14:00:00,13.990650000000002,winter,14.02
2024-02-10 15:00:00,14.79285,winter,14.02
2024-02-10 16:00:00,15.73365,winter,14.02
2024-02-10 17:00:00,16.02975,winter,14.02
2024-02-10 18:00:00,15.8901,winter,14.02
2024-02-10 19:00:00,15.196050000000003,winter,14.02
2024-02-10 20:00:00,14.502000000000002,winter,14.02
2024-02-10 21:00:00,13.813200000000002,winter,14.02
2024-02-10 22:00:00,13.6053,winter,14.02
2024-02-10 23:00:00,13.3533,winter,14.02
2024-02-11 00:00:00,12.5154,winter,14.02
2024-02-11 01:00:00,12.32535,winter,14.02
2024-02-11 02:00:00,12.213,winter,14.02
2024-02-11 03:00:00,11.60715,winter,14.02
2024-02-11 04:00:00,11.272200000000002,winter,8.77
2024-02-11 05:00:00,11.54625,winter,14.02
2024-02-11 06:00:00,11.85495,winter,14.02
2024-02-11 07:00:00,12.2718,winter,14.02
2024-02-11 08:00:00,12.4713,winter,14.02
2024-02-11 09:00:00,12.77685,winter,14.02
2024-02-11 10:00:00,13.1118,winter,14.02
2024-02-11 11:00:00,13.5717,winter,14.02
2024-02-11 12:00:00,13.473,winter,14.02
2024-02-11 13:00:00,13.2126,winter,14.02
2024-02-11 14:00:00,13.40895,winter,14.02
2024-02-11 15:00:00,13.6515,winter,14.02
2024-02-11 16:00:00,14.11245,winter,14.02
2024-02-11 17:00:00,14.9325,winter,14.02
2024-02-11 18:00:00,15.1677,winter,14.02
2024-02-11 19:00:00,15.0606,winter,14.02
2024-02-11 20:00:00,14.74875,winter,14.02
2024-02-11 21:00:00,14.1156,winter,14.02
2024-02-11 22:00:00,13.87095,winter,14.02
2024-02-11 23:00:00,13.41105,winter,14.02
2024-02-12 00:00:00,13.446750000000002,winter,14.02
2024-02-12 01:00:00,13.156950000000002,winter,14.02
2024-02-12 02:00:00,13.05825,winter,14.02
2024-02-12 03:00:00,12.92595,winter,14.02
2024-02-12 04:00:00,12.907050000000002,winter,14.02
2024-02-12 05:00:00,13.515,winter,14.02
2024-02-12 06:00:00,14.67,winter,14.02
2024-02-12 07:00:00,15.658050000000005,winter,14.02
2024-02-12 08:00:00,17.610000000000003,winter,19.05
2024-02-12 09:00:00,16.8225,winter,19.05
2024-02-12 10:00:00,15.664350000000002,winter,14.02
2024-02-12 11:00:00,14.9997,winter,14.02
2024-02-12 12:00:00,13.76385,winter,14.02
2024-02-12 13:00:00,13.38375,winter,14.02
2024-02-12 14:00:00,13.40475,winter,14.02
2024-02-12 15:00:00,13.662000000000004,winter,14.02
2024-02-12 16:00:00,14.924100000000005,winter,14.02
2024-02-12 17:00:00,16.549500000000002,winter,19.05
2024-02-12 18:00:00,16.77,winter,19.05
2024-02-12 19:00:00,16.043400000000002,winter,14.02
2024-02-12 20:00:00,15.00075,winter,14.02
2024-02-12 21:00:00,14.201700000000002,winter,14.02
2024-02-12 22:00:00,13.606350000000004,winter,14.02
2024-02-12 23:00:00,13.1895,winter,14.02
2024-02-13 00:00:00,13.89195,winter,14.02
2024-02-13 01:00:00,13.55385,winter,14.02
2024-02-13 02:00:00,13.34805,winter,14.02
2024-02-13 03:00:00,13.04145,winter,14.02
2024-02-13 04:00:00,12.996300000000002,winter,14.02
2024-02-13 05:00:00,13.36695,winter,14.02
2024-02-13 06:00:00,14.11245,winter,14.02
2024-02-13 07:00:00,15.3189,winter,14.02
2024-02-13 08:00:00,16.0455,winter,14.02
2024-02-13 09:00:00,14.5776,winter,14.02
2024-02-13 10:00:00,13.95705,winter,14.02
2024-02-13 11:00:00,13.39635,winter,14.02
2024-02-13 12:00:00,13.04565,winter,14.02
2024-02-13 13:00:00,13.0173,winter,14.02
2024-02-13 14:00:00,13.3155,winter,14.02
2024-02-13 15:00:00,14.113500000000002,winter,14.02
2024-02-13 16:00:00,14.9178,winter,14.02
2024-02-13 17:00:00,16.666050000000002,winter,19.05
2024-02-13 18:00:00,17.1774,winter,19.05
2024-02-13 19:00:00,16.24395,winter,14.02
2024-02-13 20:00:00,14.87685,winter,14.02
2024-02-13 21:00:00,14.2353,winter,14.02
2024-02-13 22:00:00,13.87095,winter,14.02
2024-02-13 23:00:00,13.4877,winter,14.02
2024-02-14 00:00:00,13.056150000000002,winter,14.02
2024-02-14 01:00:00,12.9207,winter,14.02
2024-02-14 02:00:00,12.5448,winter,14.02
2024-02-14 03:00:00,12.44295,winter,14.02
2024-02-14 04:00:00,12.4713,winter,14.02
2024-02-14 05:00:00,12.82515,winter,14.02
2024-02-14 06:00:00,13.32915,winter,14.02
2024-02-14 07:00:00,14.3277,winter,14.02
2024-02-14 08:00:00,15.06165,winter,14.02
2024-02-14 09:00:00,14.00325,winter,14.02
2024-02-14 10:00:00,13.3953,winter,14.02
2024-02-14 11:00:00,13.335450000000002,winter,14.02
2024-02-14 12:00:00,13.26615,winter,14.02
2024-02-14 13:00:00,13.391100000000002,winter,14.02
2024-02-14 14:00:00,13.93815,winter,14.02
2024-02-14 15:00:00,14.274150000000002,winter,14.02
2024-02-14 16:00:00,14.936700000000002,winter,14.02
2024-02-14 17:00:00,15.401850000000003,winter,14.02
2024-02-14 18:00:00,15.8859,winter,14.02
2024-02-14 19:00:00,15.559349999999998,winter,14.02
2024-02-14 20:00:00,14.7204,winter,14.02
2024-02-14 21:00:00,14.006400000000005,winter,14.02
2024-02-14 22:00:00,13.851,winter,14.02
2024-02-14 23:00:00,13.389,winter,14.02
2024-02-15 00:00:00,13.16955,winter,14.02
2024-02-15 01:00:00,13.10865,winter,14.02
2024-02-15 02:00:00,13.0215,winter,14.02
2024-02-15 03:00:00,12.96375,winter,14.02
2024-02-15 04:00:00,13.1937,winter,14.02
2024-02-15 05:00:00,13.6263,winter,14.02
2024-02-15 06:00:00,14.27205,winter,14.02
2024-02-15 07:00:00,15.25485,winter,14.02
2024-02-15 08:00:00,15.370350000000002,winter,14.02
2024-02-15 09:00:00,14.9598,winter,14.02
2024-02-15 10:00:00,14.478900000000005,winter,14.02
2024-02-15 11:00:00,14.0358,winter,14.02
2024-02-15 12:00:00,13.68615,winter,14.02
2024-02-15 13:00:00,13.63995,winter,14.02
2024-02-15 14:00:00,14.030550000000002,winter,14.02
2024-02-15 15:00:00,14.57025,winter,14.02
2024-02-15 16:00:00,14.99025,winter,14.02
2024-02-15 17:00:00,15.825,winter,14.02
2024-02-15 18:00:00,15.815549999999998,winter,14.02
2024-02-15 19:00:00,14.62905,winter,14.02
2024-02-15 20:00:00,14.08935,winter,14.02
2024-02-15 21:00:00,13.30185,winter,14.02
2024-02-15 22:00:00,13.31445,winter,14.02
2024-02-15 23:00:00,12.87555,winter,14.02
2024-02-16 00:00:00,12.1248,winter,14.02
2024-02-16 01:00:00,12.0534,winter,14.02
2024-02-16 02:00:00,11.9316,winter,14.02
2024-02-16 03:00:00,11.81505,winter,14.02
2024-02-16 04:00:00,12.0849,winter,14.02
2024-02-16 05:00:00,12.31065,winter,14.02
2024-02-16 06:00:00,12.90075,winter,14.02
2024-02-16 07:00:00,13.97595,winter,14.02
2024-02-16 08:00:00,14.0925,winter,14.02
2024-02-16 09:00:00,13.4982,winter,14.02
2024-02-16 10:00:00,12.39885,winter,14.02
2024-02-16 11:00:00,12.255,winter,14.02
2024-02-16 12:00:00,12.18465,winter,14.02
2024-02-16 13:00:00,12.18255,winter,14.02
2024-02-16 14:00:00,12.3369,winter,14.02
2024-02-16 15:00:00,13.261950000000002,winter,14.02
2024-02-16 16:00:00,14.03895,winter,14.02
2024-02-16 17:00:00,14.3109,winter,14.02
2024-02-16 18:00:00,14.819100000000002,winter,14.02
2024-02-16 19:00:00,14.7519,winter,14.02
2024-02-16 20:00:00,14.29935,winter,14.02
2024-02-16 21:00:00,13.977,winter,14.02
2024-02-16 22:00:00,13.83525,winter,14.02
2024-02-16 23:00:00,12.9921,winter,14.02
2024-02-17 00:00:00,12.70755,winter,14.02
2024-02-17 01:00:00,12.675,winter,14.02
2024-02-17 02:00:00,12.5574,winter,14.02
2024-02-17 03:00:00,12.4293,winter,14.02
2024-02-17 04:00:00,12.4251,winter,14.02
2024-02-17 05:00:00,12.5154,winter,14.02
2024-02-17 06:00:00,12.48285,winter,14.02
2024-02-17 07:00:00,12.6645,winter,14.02
2024-02-17 08:00:00,13.50345,winter,14.02
2024-02-17 09:00:00,13.335450000000002,winter,14.02
2024-02-17 10:00:00,13.202100000000002,winter,14.02
2024-02-17 11:00:00,13.062450000000002,winter,14.02
2024-02-17 12:00:00,12.8073,winter,14.02
2024-02-17 13:00:00,12.49125,winter,14.02
2024-02-17 14:00:00,12.894450000000004,winter,14.02
2024-02-17 15:00:00,13.91715,winter,14.02
2024-02-17 16:00:00,14.56815,winter,14.02
2024-02-17 17:00:00,15.92265,winter,14.02
2024-02-17 18:00:00,18.2463,winter,19.05
2024-02-17 19:00:00,16.1694,winter,14.02
2024-02-17 20:00:00,15.18765,winter,14.02
2024-02-17 21:00:00,14.51985,winter,14.02
2024-02-17 22:00:00,14.2962,winter,14.02
2024-02-17 23:00:00,13.94655,winter,14.02
2024-02-18 00:00:00,13.239900000000002,winter,14.02
2024-02-18 01:00:00,12.44505,winter,14.02
2024-02-18 02:00:00,12.0912,winter,14.02
2024-02-18 03:00:00,11.9736,winter,14.02
2024-02-18 04:00:00,11.95995,winter,14.02
2024-02-18 05:00:00,11.77935,winter,14.02
2024-02-18 06:00:00,11.522100000000002,winter,14.02
2024-02-18 07:00:00,11.83185,winter,14.02
2024-02-18 08:00:00,11.6544,winter,14.02
2024-02-18 09:00:00,11.20815,winter,8.77
2024-02-18 10:00:00,10.93725,winter,8.77
2024-02-18 11:00:00,10.995,winter,8.77
2024-02-18 12:00:00,10.9005,winter,8.77
2024-02-18 13:00:00,10.877400000000002,winter,8.77
2024-02-18 14:00:00,11.19135,winter,8.77
2024-02-18 15:00:00,12.39045,winter,14.02
2024-02-18 16:00:00,13.29135,winter,14.02
2024-02-18 17:00:00,14.25,winter,14.02
2024-02-18 18:00:00,14.4243,winter,14.02
2024-02-18 19:00:00,14.101950000000002,winter,14.02
2024-02-18 20:00:00,13.48455,winter,14.02
2024-02-18 21:00:00,12.97215,winter,14.02
2024-02-18 22:00:00,12.70965,winter,14.02
2024-02-18 23:00:00,12.3537,winter,14.02
2024-02-19 00:00:00,11.310000000000002,winter,8.77
2024-02-19 01:00:00,11.2092,winter,8.77
2024-02-19 02:00:00,11.33205,winter,8.77
2024-02-19 03:00:00,11.30055,winter,8.77
2024-02-19 04:00:00,11.4066,winter,14.02
2024-02-19 05:00:00,12.10485,winter,14.02
2024-02-19 06:00:00,13.893,winter,14.02
2024-02-19 07:00:00,14.99445,winter,14.02
2024-02-19 08:00:00,15.493200000000002,winter,14.02
2024-02-19 09:00:00,14.56815,winter,14.02
2024-02-19 10:00:00,14.12715,winter,14.02
2024-02-19 11:00:00,13.94865,winter,14.02
2024-02-19 12:00:00,13.24935,winter,14.02
2024-02-19 13:00:00,13.09395,winter,14.02
2024-02-19 14:00:00,13.6158,winter,14.02
2024-02-19 15:00:00,13.9644,winter,14.02
2024-02-19 16:00:00,14.19855,winter,14.02
2024-02-19 17:00:00,14.69625,winter,14.02
2024-02-19 18:00:00,16.943250000000003,winter,19.05
2024-02-19 19:00:00,15.0879,winter,14.02
2024-02-19 20:00:00,14.2353,winter,14.02
2024-02-19 21:00:00,13.774350000000002,winter,14.02
2024-02-19 22:00:00,13.64835,winter,14.02
2024-02-19 23:00:00,12.89235,winter,14.02
2024-02-20 00:00:00,12.7863,winter,14.02
2024-02-20 01:00:00,12.3936,winter,14.02
2024-02-20 02:00:00,12.3558,winter,14.02
2024-02-20 03:00:00,12.3054,winter,14.02
2024-02-20 04:00:00,12.25395,winter,14.02
2024-02-20 05:00:00,12.44295,winter,14.02
2024-02-20 06:00:00,14.09565,winter,14.02
2024-02-20 07:00:00,15.972,winter,14.02
2024-02-20 08:00:00,16.23345,winter,14.02
2024-02-20 09:00:00,14.93775,winter,14.02
2024-02-20 10:00:00,14.0232,winter,14.02
2024-02-20 11:00:00,13.0824,winter,14.02
2024-02-20 12:00:00,12.3096,winter,14.02
2024-02-20 13:00:00,12.089100000000002,winter,14.02
2024-02-20 14:00:00,12.127950000000002,winter,14.02
2024-02-20 15:00:00,12.5868,winter,14.02
2024-02-20 16:00:00,13.3134,winter,14.02
2024-02-20 17:00:00,14.096700000000002,winter,14.02
2024-02-20 18:00:00,14.17125,winter,14.02
2024-02-20 19:00:00,14.40435,winter,14.02
2024-02-20 20:00:00,13.880400000000002,winter,14.02
2024-02-20 21:00:00,13.129650000000002,winter,14.02
2024-02-20 22:00:00,12.6603,winter,14.02
2024-02-20 23:00:00,12.23085,winter,14.02
2024-02-21 00:00:00,12.00825,winter,14.02
2024-02-21 01:00:00,11.77935,winter,14.02
2024-02-21 02:00:00,11.6082,winter,14.02
2024-02-21 03:00:00,11.39085,winter,8.77
2024-02-21 04:00:00,11.45595,winter,14.02
2024-02-21 05:00:00,11.94315,winter,14.02
2024-02-21 06:00:00,13.62,winter,14.02
2024-02-21 07:00:00,15.230700000000002,winter,14.02
2024-02-21 08:00:00,15.626550000000002,winter,14.02
2024-02-21 09:00:00,14.0757,winter,14.02
2024-02-21 10:00:00,13.4205,winter,14.02
2024-02-21 11:00:00,13.03095,winter,14.02
2024-02-21 12:00:00,12.256050000000002,winter,14.02
2024-02-21 13:00:00,12.0681,winter,14.02
2024-02-21 14:00:00,12.33585,winter,14.02
2024-02-21 15:00:00,13.578,winter,14.02
2024-02-21 16:00:00,14.0316,winter,14.02
2024-02-21 17:00:00,14.00115,winter,14.02
2024-02-21 18:00:00,13.8909,winter,14.02
2024-02-21 19:00:00,13.13595,winter,14.02
2024-02-21 20:00:00,12.161550000000002,winter,14.02
2024-02-21 21:00:00,11.5179,winter,14.02
2024-02-21 22:00:00,11.06955,winter,8.77
2024-02-21 23:00:00,10.3881,winter,8.77
2024-02-22 00:00:00,9.88935,winter,8.77
2024-02-22 01:00:00,9.52605,winter,8.77
2024-02-22 02:00:00,9.53235,winter,8.77
2024-02-22 03:00:00,9.62475,winter,8.77
2024-02-22 04:00:00,10.575,winter,8.77
2024-02-22 05:00:00,11.73525,winter,14.02
2024-02-22 06:00:00,13.62945,winter,14.02
2024-02-22 07:00:00,14.725650000000002,winter,14.02
2024-02-22 08:00:00,15.29055,winter,14.02
2024-02-22 09:00:00,14.469450000000002,winter,14.02
2024-02-22 10:00:00,14.24475,winter,14.02
2024-02-22 11:00:00,13.88565,winter,14.02
2024-02-22 12:00:00,13.91085,winter,14.02
2024-02-22 13:00:00,13.9329,winter,14.02
2024-02-22 14:00:00,13.478250000000005,winter,14.02
2024-02-22 15:00:00,13.48875,winter,14.02
2024-02-22 16:00:00,13.33125,winter,14.02
2024-02-22 17:00:00,13.1748,winter,14.02
2024-02-22 18:00:00,12.98055,winter,14.02
2024-02-22 19:00:00,12.1941,winter,14.02
2024-02-22 20:00:00,11.14725,winter,8.77
2024-02-22 21:00:00,9.2604,winter,8.77
2024-02-22 22:00:00,7.9563000000000015,winter,8.77
2024-02-22 23:00:00,6.890550000000001,winter,8.77
2024-02-23 00:00:00,7.659150000000001,winter,8.77
2024-02-23 01:00:00,6.8023500000000015,winter,8.77
2024-02-23 02:00:00,6.814950000000001,winter,8.77
2024-02-23 03:00:00,6.6994500000000015,winter,8.77
2024-02-23 04:00:00,6.692100000000002,winter,8.77
2024-02-23 05:00:00,6.6994500000000015,winter,8.77
2024-02-23 06:00:00,10.8564,winter,8.77
2024-02-23 07:00:00,12.6813,winter,14.02
2024-02-23 08:00:00,12.92175,winter,14.02
2024-02-23 09:00:00,12.11745,winter,14.02
2024-02-23 10:00:00,11.5872,winter,14.02
2024-02-23 11:00:00,11.06325,winter,8.77
2024-02-23 12:00:00,10.5855,winter,8.77
2024-02-23 13:00:00,10.218,winter,8.77
2024-02-23 14:00:00,10.7934,winter,8.77
2024-02-23 15:00:00,11.88855,winter,14.02
2024-02-23 16:00:00,13.3134,winter,14.02
2024-02-23 17:00:00,14.439,winter,14.02
2024-02-23 18:00:00,15.7662,winter,14.02
2024-02-23 19:00:00,15.51105,winter,14.02
2024-02-23 20:00:00,14.35185,winter,14.02
2024-02-23 21:00:00,13.9623,winter,14.02
2024-02-23 22:00:00,13.8279,winter,14.02
2024-02-23 23:00:00,13.5255,winter,14.02
2024-02-24 00:00:00,13.66935,winter,14.02
2024-02-24 01:00:00,13.3995,winter,14.02
2024-02-24 02:00:00,12.9375,winter,14.02
2024-02-24 03:00:00,12.486,winter,14.02
2024-02-24 04:00:00,12.50595,winter,14.02
2024-02-24 05:00:00,12.6855,winter,14.02
2024-02-24 06:00:00,13.16535,winter,14.02
2024-02-24 07:00:00,13.63155,winter,14.02
2024-02-24 08:00:00,13.452000000000002,winter,14.02
2024-02-24 09:00:00,12.738,winter,14.02
2024-02-24 10:00:00,11.8518,winter,14.02
2024-02-24 11:00:00,11.5032,winter,14.02
2024-02-24 12:00:00,10.9236,winter,8.77
2024-02-24 13:00:00,10.0731,winter,8.77
2024-02-24 14:00:00,10.638000000000002,winter,8.77
2024-02-24 15:00:00,11.415,winter,14.02
2024-02-24 16:00:00,12.56475,winter,14.02
2024-02-24 17:00:00,14.21535,winter,14.02
2024-02-24 18:00:00,15.09,winter,14.02
2024-02-24 19:00:00,14.47365,winter,14.02
2024-02-24 20:00:00,13.53285,winter,14.02
2024-02-24 21:00:00,12.9837,winter,14.02
2024-02-24 22:00:00,12.5931,winter,14.02
2024-02-24 23:00:00,12.171,winter,14.02
2024-02-25 00:00:00,12.62985,winter,14.02
2024-02-25 01:00:00,12.5112,winter,14.02
2024-02-25 02:00:00,12.5049,winter,14.02
2024-02-25 03:00:00,12.45345,winter,14.02
2024-02-25 04:00:00,12.48495,winter,14.02
2024-02-25 05:00:00,12.47235,winter,14.02
2024-02-25 06:00:00,12.64455,winter,14.02
2024-02-25 07:00:00,12.9816,winter,14.02
2024-02-25 08:00:00,13.1559,winter,14.02
2024-02-25 09:00:00,13.1811,winter,14.02
2024-02-25 10:00:00,12.60255,winter,14.02
2024-02-25 11:00:00,12.3726,winter,14.02
2024-02-25 12:00:00,11.94,winter,14.02
2024-02-25 13:00:00,11.52315,winter,14.02
2024-02-25 14:00:00,11.9232,winter,14.02
2024-02-25 15:00:00,12.465,winter,14.02
2024-02-25 16:00:00,13.809,winter,14.02
2024-02-25 17:00:00,15.31995,winter,14.02
2024-02-25 18:00:00,16.52745,winter,14.02
2024-02-25 19:00:00,15.003900000000002,winter,14.02
2024-02-25 20:00:00,14.03895,winter,14.02
2024-02-25 21:00:00,13.6116,winter,14.02
2024-02-25 22:00:00,13.53915,winter,14.02
2024-02-25 23:00:00,12.8199,winter,14.02
2024-02-26 00:00:00,12.76215,winter,14.02
2024-02-26 01:00:00,12.656100000000002,winter,14.02
2024-02-26 02:00:00,12.5385,winter,14.02
2024-02-26 03:00:00,12.129,winter,14.02
2024-02-26 04:00:00,12.2865,winter,14.02
2024-02-26 05:00:00,12.7716,winter,14.02
2024-02-26 06:00:00,14.0421,winter,14.02
2024-02-26 07:00:00,15.0795,winter,14.02
2024-02-26 08:00:00,15.258000000000004,winter,14.02
2024-02-26 09:00:00,14.442150000000002,winter,14.02
2024-02-26 10:00:00,13.688250000000002,winter,14.02
2024-02-26 11:00:00,13.518150000000002,winter,14.02
2024-02-26 12:00:00,12.8241,winter,14.02
2024-02-26 13:00:00,12.79995,winter,14.02
2024-02-26 14:00:00,13.12545,winter,14.02
2024-02-26 15:00:00,13.50975,winter,14.02
2024-02-26 16:00:00,14.03895,winter,14.02
2024-02-26 17:00:00,14.775000000000002,winter,14.02
2024-02-26 18:00:00,15.648600000000002,winter,14.02
2024-02-26 19:00:00,15.196050000000003,winter,14.02
2024-02-26 20:00:00,14.27205,winter,14.02
2024-02-26 21:00:00,13.58745,winter,14.02
2024-02-26 22:00:00,13.53705,winter,14.02
2024-02-26 23:00:00,13.0698,winter,14.02
2024-02-27 00:00:00,12.7401,winter,14.02
2024-02-27 01:00:00,12.73275,winter,14.02
2024-02-27 02:00:00,12.711750000000002,winter,14.02
2024-02-27 03:00:00,12.66135,winter,14.02
2024-02-27 04:00:00,12.711750000000002,winter,14.02
2024-02-27 05:00:00,13.3155,winter,14.02
2024-02-27 06:00:00,14.49255,winter,14.02
2024-02-27 07:00:00,16.73115,winter,19.05
2024-02-27 08:00:00,16.7469,winter,19.05
2024-02-27 09:00:00,15.17505,winter,14.02
2024-02-27 10:00:00,13.90455,winter,14.02
2024-02-27 11:00:00,13.507650000000002,winter,14.02
2024-02-27 12:00:00,12.912300000000002,winter,14.02
2024-02-27 13:00:00,12.91125,winter,14.02
2024-02-27 14:00:00,13.48455,winter,14.02
2024-02-27 15:00:00,14.2563,winter,14.02
2024-02-27 16:00:00,15.0711,winter,14.02
2024-02-27 17:00:00,16.9821,winter,19.05
2024-02-27 18:00:00,18.429,winter,19.05
2024-02-27 19:00:00,17.73285,winter,19.05
2024-02-27 20:00:00,15.547800000000002,winter,14.02
2024-02-27 21:00:00,14.28885,winter,14.02
2024-02-27 22:00:00,14.06835,winter,14.02
2024-02-27 23:00:00,13.51185,winter,14.02
2024-02-28 00:00:00,13.0278,winter,14.02
2024-02-28 01:00:00,12.927,winter,14.02
2024-02-28 02:00:00,13.1307,winter,14.02
2024-02-28 03:00:00,13.3533,winter,14.02
2024-02-28 04:00:00,13.382700000000002,winter,14.02
2024-02-28 05:00:00,13.7712,winter,14.02
2024-02-28 06:00:00,14.4915,winter,14.02
2024-02-28 07:00:00,17.07345,winter,19.05
2024-02-28 08:00:00,17.661450000000002,winter,19.05
2024-02-28 09:00:00,15.6633,winter,14.02
2024-02-28 10:00:00,14.45895,winter,14.02
2024-02-28 11:00:00,13.78275,winter,14.02
2024-02-28 12:00:00,13.40265,winter,14.02
2024-02-28 13:00:00,13.0656,winter,14.02
2024-02-28 14:00:00,13.14855,winter,14.02
2024-02-28 15:00:00,14.085150000000002,winter,14.02
2024-02-28 16:00:00,14.5608,winter,14.02
2024-02-28 17:00:00,16.459200000000003,winter,14.02
2024-02-28 18:00:00,16.4802,winter,14.02
2024-02-28 19:00:00,14.91045,winter,14.02
2024-02-28 20:00:00,13.5612,winter,14.02
2024-02-28 21:00:00,13.261950000000002,winter,14.02
2024-02-28 22:00:00,13.4121,winter,14.02
2024-02-28 23:00:00,12.4776,winter,14.02
2024-02-29 00:00:00,12.47655,winter,14.02
2024-02-29 01:00:00,12.289650000000002,winter,14.02
2024-02-29 02:00:00,11.9463,winter,14.02
2024-02-29 03:00:00,11.628150000000002,winter,14.02
2024-02-29 04:00:00,11.64075,winter,14.02
2024-02-29 05:00:00,12.2886,winter,14.02
2024-02-29 06:00:00,13.20315,winter,14.02
2024-02-29 07:00:00,14.4327,winter,14.02
2024-02-29 08:00:00,14.44845,winter,14.02
2024-02-29 09:00:00,14.08095,winter,14.02
2024-02-29 10:00:00,13.03935,winter,14.02
2024-02-29 11:00:00,12.46605,winter,14.02
2024-02-29 12:00:00,12.3579,winter,14.02
2024-02-29 13:00:00,12.5721,winter,14.02
2024-02-29 14:00:00,12.47235,winter,14.02
2024-02-29 15:00:00,13.5108,winter,14.02
2024-02-29 16:00:00,14.1429,winter,14.02
2024-02-29 17:00:00,15.2244,winter,14.02
2024-02-29 18:00:00,15.747300000000005,winter,14.02
2024-02-29 19:00:00,15.19395,winter,14.02
2024-02-29 20:00:00,14.33085,winter,14.02
2024-02-29 21:00:00,13.75125,winter,14.02
2024-02-29 22:00:00,13.5045,winter,14.02
2024-02-29 23:00:00,13.0845,winter,14.02
2024-03-01 00:00:00,13.2042,winter,14.02
2024-03-01 01:00:00,13.1391,winter,14.02
2024-03-01 02:00:00,12.7947,winter,14.02
2024-03-01 03:00:00,12.76215,winter,14.02
2024-03-01 04:00:00,12.8115,winter,14.02
2024-03-01 05:00:00,13.251450000000002,winter,14.02
2024-03-01 06:00:00,14.2059,winter,14.02
2024-03-01 07:00:00,15.0228,winter,14.02
2024-03-01 08:00:00,15.48795,winter,14.02
2024-03-01 09:00:00,14.6574,winter,14.02
2024-03-01 10:00:00,13.6746,winter,14.02
2024-03-01 11:00:00,13.489800000000002,winter,14.02
2024-03-01 12:00:00,13.3134,winter,14.02
2024-03-01 13:00:00,13.47615,winter,14.02
2024-03-01 14:00:00,13.73655,winter,14.02
2024-03-01 15:00:00,14.30985,winter,14.02
2024-03-01 16:00:00,14.9787,winter,14.02
2024-03-01 17:00:00,16.077,winter,14.02
2024-03-01 18:00:00,16.531650000000003,winter,14.02
2024-03-01 19:00:00,15.84495,winter,14.02
2024-03-01 20:00:00,14.82645,winter,14.02
2024-03-01 21:00:00,14.2101,winter,14.02
2024-03-01 22:00:00,14.046300000000002,winter,14.02
2024-03-01 23:00:00,13.66095,winter,14.02
2024-03-02 00:00:00,12.984750000000002,winter,14.02
2024-03-02 01:00:00,12.57315,winter,14.02
2024-03-02 02:00:00,12.5721,winter,14.02
2024-03-02 03:00:00,12.5154,winter,14.02
2024-03-02 04:00:00,12.4524,winter,14.02
2024-03-02 05:00:00,12.56895,winter,14.02
2024-03-02 06:00:00,12.6309,winter,14.02
2024-03-02 07:00:00,13.06035,winter,14.02
2024-03-02 08:00:00,13.3848,winter,14.02
2024-03-02 09:00:00,13.59375,winter,14.02
2024-03-02 10:00:00,13.0362,winter,14.02
2024-03-02 11:00:00,12.9039,winter,14.02
2024-03-02 12:00:00,12.55215,winter,14.02
2024-03-02 13:00:00,12.4545,winter,14.02
2024-03-02 14:00:00,12.9753,winter,14.02
2024-03-02 15:00:00,13.6284,winter,14.02
2024-03-02 16:00:00,14.355,winter,14.02
2024-03-02 17:00:00,15.15615,winter,14.02
2024-03-02 18:00:00,16.518,winter,14.02
2024-03-02 19:00:00,16.1295,winter,14.02
2024-03-02 20:00:00,14.7729,winter,14.02
2024-03-02 21:00:00,14.02005,winter,14.02
2024-03-02 22:00:00,13.0887,winter,14.02
2024-03-02 23:00:00,12.46395,winter,14.02
2024-03-03 00:00:00,12.4125,winter,14.02
2024-03-03 01:00:00,12.32115,winter,14.02
2024-03-03 02:00:00,12.339,winter,14.02
2024-03-03 03:00:00,12.52695,winter,14.02
2024-03-03 04:00:00,12.49755,winter,14.02
2024-03-03 05:00:00,12.551100000000002,winter,14.02
2024-03-03 06:00:00,12.57,winter,14.02
2024-03-03 07:00:00,12.662400000000002,winter,14.02
2024-03-03 08:00:00,12.44085,winter,14.02
2024-03-03 09:00:00,12.35895,winter,14.02
2024-03-03 10:00:00,12.15105,winter,14.02
2024-03-03 11:00:00,11.8833,winter,14.02
2024-03-03 12:00:00,11.67855,winter,14.02
2024-03-03 13:00:00,11.15355,winter,8.77
2024-03-03 14:00:00,11.6082,winter,14.02
2024-03-03 15:00:00,12.37365,winter,14.02
2024-03-03 16:00:00,13.0194,winter,14.02
2024-03-03 17:00:00,14.6259,winter,14.02
2024-03-03 18:00:00,15.547800000000002,winter,14.02
2024-03-03 19:00:00,15.820800000000002,winter,14.02
2024-03-03 20:00:00,15.279,winter,14.02
2024-03-03 21:00:00,14.565,winter,14.02
2024-03-03 22:00:00,14.268900000000002,winter,14.02
2024-03-03 23:00:00,14.2941,winter,14.02
2024-03-04 00:00:00,13.94865,winter,14.02
2024-03-04 01:00:00,13.8195,winter,14.02
2024-03-04 02:00:00,13.76805,winter,14.02
2024-03-04 03:00:00,13.6431,winter,14.02
2024-03-04 04:00:00,13.57695,winter,14.02
2024-03-04 05:00:00,14.12715,winter,14.02
2024-03-04 06:00:00,15.213900000000002,winter,14.02
2024-03-04 07:00:00,16.84035,winter,19.05
2024-03-04 08:00:00,17.50185,winter,19.05
2024-03-04 09:00:00,15.6171,winter,14.02
2024-03-04 10:00:00,14.24265,winter,14.02
2024-03-04 11:00:00,13.50345,winter,14.02
2024-03-04 12:00:00,13.40265,winter,14.02
2024-03-04 13:00:00,13.1055,winter,14.02
2024-03-04 14:00:00,13.2525,winter,14.02
2024-03-04 15:00:00,14.0253,winter,14.02
2024-03-04 16:00:00,14.664750000000002,winter,14.02
2024-03-04 17:00:00,16.201950000000004,winter,14.02
2024-03-04 18:00:00,17.733900000000002,winter,19.05
2024-03-04 19:00:00,17.098650000000003,winter,19.05
2024-03-04 20:00:00,15.1446,winter,14.02
2024-03-04 21:00:00,14.185950000000002,winter,14.02
2024-03-04 22:00:00,13.77645,winter,14.02
2024-03-04 23:00:00,13.40265,winter,14.02
2024-03-05 00:00:00,13.1958,winter,14.02
2024-03-05 01:00:00,13.16535,winter,14.02
2024-03-05 02:00:00,13.129650000000002,winter,14.02
2024-03-05 03:00:00,12.9753,winter,14.02
2024-03-05 04:00:00,13.0488,winter,14.02
2024-03-05 05:00:00,13.16535,winter,14.02
2024-03-05 06:00:00,14.20065,winter,14.02
2024-03-05 07:00:00,15.014400000000002,winter,14.02
2024-03-05 08:00:00,15.4071,winter,14.02
2024-03-05 09:00:00,14.775000000000002,winter,14.02
2024-03-05 10:00:00,14.16075,winter,14.02
2024-03-05 11:00:00,14.0106,winter,14.02
2024-03-05 12:00:00,13.62105,winter,14.02
2024-03-05 13:00:00,13.602150000000002,winter,14.02
2024-03-05 14:00:00,13.99905,winter,14.02
2024-03-05 15:00:00,14.11035,winter,14.02
2024-03-05 16:00:00,14.6994,winter,14.02
2024-03-05 17:00:00,15.30735,winter,14.02
2024-03-05 18:00:00,17.6499,winter,19.05
2024-03-05 19:00:00,18.55395,winter,19.05
2024-03-05 20:00:00,16.4676,winter,14.02
2024-03-05 21:00:00,15.38505,winter,14.02
2024-03-05 22:00:00,14.6784,winter,14.02
2024-03-05 23:00:00,14.23215,winter,14.02
2024-03-06 00:00:00,14.145,winter,14.02
2024-03-06 01:00:00,14.113500000000002,winter,14.02
2024-03-06 02:00:00,14.0883,winter,14.02
2024-03-06 03:00:00,14.0127,winter,14.02
2024-03-06 04:00:00,14.0883,winter,14.02
2024-03-06 05:00:00,14.45055,winter,14.02
2024-03-06 06:00:00,15.5079,winter,14.02
2024-03-06 07:00:00,17.8872,winter,19.05
2024-03-06 08:00:00,18.1035,winter,19.05
2024-03-06 09:00:00,15.84705,winter,14.02
2024-03-06 10:00:00,14.6616,winter,14.02
2024-03-06 11:00:00,14.2521,winter,14.02
2024-03-06 12:00:00,13.97175,winter,14.02
2024-03-06 13:00:00,13.96545,winter,14.02
2024-03-06 14:00:00,14.1072,winter,14.02
2024-03-06 15:00:00,14.2773,winter,14.02
2024-03-06 16:00:00,15.2013,winter,14.02
2024-03-06 17:00:00,17.19,winter,19.05
2024-03-06 18:00:00,19.2459,winter,19.05
2024-03-06 19:00:00,19.211250000000003,winter,19.05
2024-03-06 20:00:00,16.497,winter,14.02
2024-03-06 21:00:00,15.10575,winter,14.02
2024-03-06 22:00:00,14.8779,winter,14.02
2024-03-06 23:00:00,14.4957,winter,14.02
2024-03-07 00:00:00,14.38965,winter,14.02
2024-03-07 01:00:00,14.2836,winter,14.02
2024-03-07 02:00:00,14.0757,winter,14.02
2024-03-07 03:00:00,13.90455,winter,14.02
2024-03-07 04:00:00,14.02845,winter,14.02
2024-03-07 05:00:00,14.36865,winter,14.02
2024-03-07 06:00:00,15.53835,winter,14.02
2024-03-07 07:00:00,17.526,winter,19.05
2024-03-07 08:00:00,16.843500000000002,winter,19.05
2024-03-07 09:00:00,14.99445,winter,14.02
2024-03-07 10:00:00,14.17755,winter,14.02
2024-03-07 11:00:00,13.6368,winter,14.02
2024-03-07 12:00:00,13.16745,winter,14.02
2024-03-07 13:00:00,13.0173,winter,14.02
2024-03-07 14:00:00,13.33965,winter,14.02
2024-03-07 15:00:00,13.624200000000002,winter,14.02
2024-03-07 16:00:00,14.0316,winter,14.02
2024-03-07 17:00:00,16.056,winter,14.02
2024-03-07 18:00:00,17.789550000000002,winter,19.05
2024-03-07 19:00:00,16.1715,winter,14.02
2024-03-07 20:00:00,15.35145,winter,14.02
2024-03-07 21:00:00,14.39175,winter,14.02
2024-03-07 22:00:00,14.3886,winter,14.02
2024-03-07 23:00:00,13.8006,winter,14.02
2024-03-08 00:00:00,13.87725,winter,14.02
2024-03-08 01:00:00,13.7208,winter,14.02
2024-03-08 02:00:00,13.72605,winter,14.02
2024-03-08 03:00:00,13.61895,winter,14.02
2024-03-08 04:00:00,13.6515,winter,14.02
2024-03-08 05:00:00,13.73655,winter,14.02
2024-03-08 06:00:00,15.39555,winter,14.02
2024-03-08 07:00:00,16.671300000000002,winter,19.05
2024-03-08 08:00:00,16.02345,winter,14.02
2024-03-08 09:00:00,14.497800000000002,winter,14.02
2024-03-08 10:00:00,12.73695,winter,14.02
2024-03-08 11:00:00,12.15525,winter,14.02
2024-03-08 12:00:00,8.97585,winter,8.77
2024-03-08 13:00:00,7.1373000000000015,winter,8.77
2024-03-08 14:00:00,9.230999999999998,winter,8.77
2024-03-08 15:00:00,10.916250000000002,winter,8.77
2024-03-08 16:00:00,12.5427,winter,14.02
2024-03-08 17:00:00,14.2479,winter,14.02
2024-03-08 18:00:00,15.484800000000003,winter,14.02
2024-03-08 19:00:00,15.0879,winter,14.02
2024-03-08 20:00:00,14.1933,winter,14.02
2024-03-08 21:00:00,13.5045,winter,14.02
2024-03-08 22:00:00,13.518150000000002,winter,14.02
2024-03-08 23:00:00,12.97845,winter,14.02
2024-03-09 00:00:00,12.628800000000002,winter,14.02
2024-03-09 01:00:00,12.45555,winter,14.02
2024-03-09 02:00:00,12.3306,winter,14.02
2024-03-09 03:00:00,12.2088,winter,14.02
2024-03-09 04:00:00,11.793,winter,14.02
2024-03-09 05:00:00,11.70795,winter,14.02
2024-03-09 06:00:00,11.98935,winter,14.02
2024-03-09 07:00:00,12.2613,winter,14.02
2024-03-09 08:00:00,12.2613,winter,14.02
2024-03-09 09:00:00,11.7426,winter,14.02
2024-03-09 10:00:00,10.1487,winter,8.77
2024-03-09 11:00:00,6.711000000000001,winter,8.77
2024-03-09 12:00:00,6.580750000000001,winter,8.77
2024-03-09 13:00:00,6.213100000000002,winter,8.77
2024-03-09 14:00:00,6.686200000000001,winter,8.77
2024-03-09 15:00:00,9.64995,winter,8.77
2024-03-09 16:00:00,12.217200000000002,winter,14.02
2024-03-09 17:00:00,13.98645,winter,14.02
2024-03-09 18:00:00,14.8821,winter,14.02
2024-03-09 19:00:00,14.56395,winter,14.02
2024-03-09 20:00:00,13.752300000000002,winter,14.02
2024-03-09 21:00:00,13.03935,winter,14.02
2024-03-09 22:00:00,13.04565,winter,14.02
2024-03-09 23:00:00,12.70545,winter,14.02
2024-03-10 00:00:00,11.79825,winter,14.02
2024-03-10 01:00:00,11.5263,winter,14.02
2024-03-10 02:00:00,10.9929,winter,8.77
2024-03-10 03:00:00,10.42275,winter,8.77
2024-03-10 04:00:00,10.09095,winter,8.77
2024-03-10 05:00:00,10.0794,winter,8.77
2024-03-10 06:00:00,10.25055,winter,8.77
2024-03-10 07:00:00,10.83645,winter,8.77
2024-03-10 08:00:00,10.3461,winter,8.77
2024-03-10 09:00:00,9.34125,winter,8.77
2024-03-10 10:00:00,6.936750000000001,winter,8.77
2024-03-10 11:00:00,6.680500000000001,winter,8.77
2024-03-10 12:00:00,5.907200000000001,winter,8.77
2024-03-10 13:00:00,5.741900000000001,winter,8.77
2024-03-10 14:00:00,6.641550000000001,winter,8.77
2024-03-10 15:00:00,8.203050000000001,winter,8.77
2024-03-10 16:00:00,11.7258,winter,14.02
2024-03-10 17:00:00,12.56685,winter,14.02
2024-03-10 18:00:00,13.65675,winter,14.02
2024-03-10 19:00:00,13.2336,winter,14.02
2024-03-10 20:00:00,12.689700000000002,winter,14.02
2024-03-10 21:00:00,12.3327,winter,14.02
2024-03-10 22:00:00,12.2634,winter,14.02
2024-03-10 23:00:00,12.15525,winter,14.02
2024-03-11 00:00:00,11.82765,winter,14.02
2024-03-11 01:00:00,11.86965,winter,14.02
2024-03-11 02:00:00,11.96205,winter,14.02
2024-03-11 03:00:00,11.8644,winter,14.02
2024-03-11 04:00:00,11.938950000000002,winter,14.02
2024-03-11 05:00:00,12.6015,winter,14.02
2024-03-11 06:00:00,14.7372,winter,14.02
2024-03-11 07:00:00,15.363,winter,14.02
2024-03-11 08:00:00,15.67695,winter,14.02
2024-03-11 09:00:00,15.137250000000002,winter,14.02
2024-03-11 10:00:00,14.166,winter,14.02
2024-03-11 11:00:00,13.518150000000002,winter,14.02
2024-03-11 12:00:00,13.07295,winter,14.02
2024-03-11 13:00:00,13.646250000000002,winter,14.02
2024-03-11 14:00:00,13.725,winter,14.02
2024-03-11 15:00:00,14.40435,winter,14.02
2024-03-11 16:00:00,15.10995,winter,14.02
2024-03-11 17:00:00,16.28595,winter,14.02
2024-03-11 18:00:00,17.2635,winter,19.05
2024-03-11 19:00:00,18.03105,winter,19.05
2024-03-11 20:00:00,15.92895,winter,14.02
2024-03-11 21:00:00,14.74455,winter,14.02
2024-03-11 22:00:00,14.569200000000002,winter,14.02
2024-03-11 23:00:00,13.7334,winter,14.02
2024-03-12 00:00:00,13.95495,winter,14.02
2024-03-12 01:00:00,13.5738,winter,14.02
2024-03-12 02:00:00,13.673550000000002,winter,14.02
2024-03-12 03:00:00,13.536,winter,14.02
2024-03-12 04:00:00,13.6809,winter,14.02
2024-03-12 05:00:00,14.18385,winter,14.02
2024-03-12 06:00:00,15.8313,winter,14.02
2024-03-12 07:00:00,16.82775,winter,19.05
2024-03-12 08:00:00,17.2719,winter,19.05
2024-03-12 09:00:00,16.54005,winter,19.05
2024-03-12 10:00:00,15.659100000000002,winter,14.02
2024-03-12 11:00:00,15.161400000000004,winter,14.02
2024-03-12 12:00:00,14.9262,winter,14.02
2024-03-12 13:00:00,14.907300000000005,winter,14.02
2024-03-12 14:00:00,14.987100000000002,winter,14.02
2024-03-12 15:00:00,15.7557,winter,14.02
2024-03-12 16:00:00,17.35905,winter,19.05
2024-03-12 17:00:00,18.561300000000003,winter,19.05
2024-03-12 18:00:00,20.8566,winter,19.05
2024-03-12 19:00:00,19.76985,winter,19.05
2024-03-12 20:00:00,16.925400000000003,winter,19.05
2024-03-12 21:00:00,15.471150000000002,winter,14.02
2024-03-12 22:00:00,14.97765,winter,14.02
2024-03-12 23:00:00,14.07465,winter,14.02
2024-03-13 00:00:00,13.40265,winter,14.02
2024-03-13 01:00:00,13.2315,winter,14.02
2024-03-13 02:00:00,13.17795,winter,14.02
2024-03-13 03:00:00,13.13385,winter,14.02
2024-03-13 04:00:00,13.41,winter,14.02
2024-03-13 05:00:00,13.704,winter,14.02
2024-03-13 06:00:00,14.808599999999998,winter,14.02
2024-03-13 07:00:00,15.95835,winter,14.02
2024-03-13 08:00:00,16.13055,winter,14.02
2024-03-13 09:00:00,14.84955,winter,14.02
2024-03-13 10:00:00,13.83735,winter,14.02
2024-03-13 11:00:00,13.49925,winter,14.02
2024-03-13 12:00:00,13.474050000000002,winter,14.02
2024-03-13 13:00:00,13.49715,winter,14.02
2024-03-13 14:00:00,13.4058,winter,14.02
2024-03-13 15:00:00,13.813200000000002,winter,14.02
2024-03-13 16:00:00,14.41065,winter,14.02
2024-03-13 17:00:00,16.13055,winter,14.02
2024-03-13 18:00:00,16.959,winter,19.05
2024-03-13 19:00:00,16.5978,winter,19.05
2024-03-13 20:00:00,14.7729,winter,14.02
2024-03-13 21:00:00,13.7061,winter,14.02
2024-03-13 22:00:00,13.841550000000002,winter,14.02
2024-03-13 23:00:00,13.3974,winter,14.02
2024-03-14 00:00:00,13.335450000000002,winter,14.02
2024-03-14 01:00:00,12.6645,winter,14.02
2024-03-14 02:00:00,12.7296,winter,14.02
2024-03-14 03:00:00,12.675,winter,14.02
2024-03-14 04:00:00,13.137,winter,14.02
2024-03-14 05:00:00,13.41735,winter,14.02
2024-03-14 06:00:00,14.57025,winter,14.02
2024-03-14 07:00:00,15.936300000000005,winter,14.02
2024-03-14 08:00:00,15.29895,winter,14.02
2024-03-14 09:00:00,13.58955,winter,14.02
2024-03-14 10:00:00,12.3936,winter,14.02
2024-03-14 11:00:00,12.18885,winter,14.02
2024-03-14 12:00:00,12.23715,winter,14.02
2024-03-14 13:00:00,11.8518,winter,14.02
2024-03-14 14:00:00,12.238200000000004,winter,14.02
2024-03-14 15:00:00,12.87555,winter,14.02
2024-03-14 16:00:00,14.37705,winter,14.02
2024-03-14 17:00:00,16.249200000000002,winter,14.02
2024-03-14 18:00:00,18.74085,winter,19.05
2024-03-14 19:00:00,16.249200000000002,winter,14.02
2024-03-14 20:00:00,14.469450000000002,winter,14.02
2024-03-14 21:00:00,13.26615,winter,14.02
2024-03-14 22:00:00,12.9501,winter,14.02
2024-03-14 23:00:00,12.1143,winter,14.02
2024-03-15 00:00:00,11.77095,winter,14.02
2024-03-15 01:00:00,11.5809,winter,14.02
2024-03-15 02:00:00,11.47485,winter,14.02
2024-03-15 03:00:00,11.304750000000002,winter,8.77
2024-03-15 04:00:00,11.6208,winter,14.02
2024-03-15 05:00:00,11.871750000000002,winter,14.02
2024-03-15 06:00:00,13.2273,winter,14.02
2024-03-15 07:00:00,13.990650000000002,winter,14.02
2024-03-15 08:00:00,13.90875,winter,14.02
2024-03-15 09:00:00,12.339,winter,14.02
2024-03-15 10:00:00,11.5788,winter,14.02
2024-03-15 11:00:00,10.81335,winter,8.77
2024-03-15 12:00:00,10.715700000000002,winter,8.77
2024-03-15 13:00:00,10.56135,winter,8.77
2024-03-15 14:00:00,11.40765,winter,14.02
2024-03-15 15:00:00,12.10275,winter,14.02
2024-03-15 16:00:00,13.6935,winter,14.02
2024-03-15 17:00:00,15.8166,winter,14.02
2024-03-15 18:00:00,15.30315,winter,14.02
2024-03-15 19:00:00,15.92895,winter,14.02
2024-03-15 20:00:00,13.4373,winter,14.02
2024-03-15 21:00:00,12.5028,winter,14.02
2024-03-15 22:00:00,12.606750000000002,winter,14.02
2024-03-15 23:00:00,11.86965,winter,14.02
2024-03-16 00:00:00,11.3226,winter,8.77
2024-03-16 01:00:00,11.10105,winter,8.77
2024-03-16 02:00:00,10.96245,winter,8.77
2024-03-16 03:00:00,10.7724,winter,8.77
2024-03-16 04:00:00,10.75035,winter,8.77
2024-03-16 05:00:00,10.925700000000004,winter,8.77
2024-03-16 06:00:00,11.6523,winter,14.02
2024-03-16 07:00:00,12.07755,winter,14.02
2024-03-16 08:00:00,12.1752,winter,14.02
2024-03-16 09:00:00,11.62605,winter,14.02
2024-03-16 10:00:00,11.4024,winter,14.02
2024-03-16 11:00:00,11.0601,winter,8.77
2024-03-16 12:00:00,10.543500000000002,winter,8.77
2024-03-16 13:00:00,8.897099999999998,winter,8.77
2024-03-16 14:00:00,7.843950000000001,winter,8.77
2024-03-16 15:00:00,9.94605,winter,8.77
2024-03-16 16:00:00,11.6229,winter,14.02
2024-03-16 17:00:00,14.258400000000002,winter,14.02
2024-03-16 18:00:00,15.26745,winter,14.02
2024-03-16 19:00:00,15.85755,winter,14.02
2024-03-16 20:00:00,15.0333,winter,14.02
2024-03-16 21:00:00,14.35395,winter,14.02
2024-03-16 22:00:00,14.28255,winter,14.02
2024-03-16 23:00:00,13.7355,winter,14.02
2024-03-17 00:00:00,13.51395,winter,14.02
2024-03-17 01:00:00,13.04145,winter,14.02
2024-03-17 02:00:00,12.56685,winter,14.02
2024-03-17 03:00:00,12.85875,winter,14.02
2024-03-17 04:00:00,13.03725,winter,14.02
2024-03-17 05:00:00,13.04145,winter,14.02
2024-03-17 06:00:00,13.263000000000002,winter,14.02
2024-03-17 07:00:00,12.633,winter,14.02
2024-03-17 08:00:00,12.0009,winter,14.02
2024-03-17 09:00:00,11.64075,winter,14.02
2024-03-17 10:00:00,11.457,winter,14.02
2024-03-17 11:00:00,11.51055,winter,14.02
2024-03-17 12:00:00,11.08005,winter,8.77
2024-03-17 13:00:00,10.90575,winter,8.77
2024-03-17 14:00:00,11.7363,winter,14.02
2024-03-17 15:00:00,12.5826,winter,14.02
2024-03-17 16:00:00,14.224800000000002,winter,14.02
2024-03-17 17:00:00,15.6612,winter,14.02
2024-03-17 18:00:00,16.592550000000003,winter,19.05
2024-03-17 19:00:00,15.960450000000002,winter,14.02
2024-03-17 20:00:00,14.86845,winter,14.02
2024-03-17 21:00:00,14.28465,winter,14.02
2024-03-17 22:00:00,14.2605,winter,14.02
2024-03-17 23:00:00,13.61055,winter,14.02
2024-03-18 00:00:00,13.422600000000005,winter,14.02
2024-03-18 01:00:00,12.689700000000002,winter,14.02
2024-03-18 02:00:00,12.812550000000002,winter,14.02
2024-03-18 03:00:00,12.9249,winter,14.02
2024-03-18 04:00:00,13.4499,winter,14.02
2024-03-18 05:00:00,14.124,winter,14.02
2024-03-18 06:00:00,15.7536,winter,14.02
2024-03-18 07:00:00,16.966350000000002,winter,19.05
2024-03-18 08:00:00,16.60725,winter,19.05
2024-03-18 09:00:00,15.384,winter,14.02
2024-03-18 10:00:00,14.3382,winter,14.02
2024-03-18 11:00:00,13.6872,winter,14.02
2024-03-18 12:00:00,13.7985,winter,14.02
2024-03-18 13:00:00,13.8615,winter,14.02
2024-03-18 14:00:00,13.9287,winter,14.02
2024-03-18 15:00:00,14.397000000000002,winter,14.02
2024-03-18 16:00:00,14.9829,winter,14.02
2024-03-18 17:00:00,17.99325,winter,19.05
2024-03-18 18:00:00,21.98955,winter,19.05
2024-03-18 19:00:00,19.97565,winter,19.05
2024-03-18 20:00:00,17.5806,winter,19.05
2024-03-18 21:00:00,15.216,winter,14.02
2024-03-18 22:00:00,14.919899999999998,winter,14.02
2024-03-18 23:00:00,14.50725,winter,14.02
2024-03-19 00:00:00,14.25,winter,14.02
2024-03-19 01:00:00,14.1702,winter,14.02
2024-03-19 02:00:00,14.213250000000002,winter,14.02
2024-03-19 03:00:00,14.20275,winter,14.02
2024-03-19 04:00:00,14.1702,winter,14.02
2024-03-19 05:00:00,14.146050000000002,winter,14.02
2024-03-19 06:00:00,16.0875,winter,14.02
2024-03-19 07:00:00,18.3219,winter,19.05
2024-03-19 08:00:00,16.75635,winter,19.05
2024-03-19 09:00:00,14.2521,winter,14.02
2024-03-19 10:00:00,13.5528,winter,14.02
2024-03-19 11:00:00,12.8661,winter,14.02
2024-03-19 12:00:00,12.40935,winter,14.02
2024-03-19 13:00:00,12.6456,winter,14.02
2024-03-19 14:00:00,13.040400000000002,winter,14.02
2024-03-19 15:00:00,14.04525,winter,14.02
2024-03-19 16:00:00,14.4285,winter,14.02
2024-03-19 17:00:00,17.60475,winter,19.05
2024-03-19 18:00:00,20.4891,winter,19.05
2024-03-19 19:00:00,20.2308,winter,19.05
2024-03-19 20:00:00,18.24,winter,19.05
2024-03-19 21:00:00,16.0371,winter,14.02
2024-03-19 22:00:00,15.270600000000002,winter,14.02
2024-03-19 23:00:00,14.6805,winter,14.02
2024-03-20 00:00:00,14.67105,winter,14.02
2024-03-20 01:00:00,14.397000000000002,winter,14.02
2024-03-20 02:00:00,14.5545,winter,14.02
2024-03-20 03:00:00,14.6385,winter,14.02
2024-03-20 04:00:00,14.707800000000002,winter,14.02
2024-03-20 05:00:00,15.1845,winter,14.02
2024-03-20 06:00:00,18.87,winter,19.05
2024-03-20 07:00:00,18.8952,winter,19.05
2024-03-20 08:00:00,17.01465,winter,19.05
2024-03-20 09:00:00,14.10615,winter,14.02
2024-03-20 10:00:00,13.62,winter,14.02
2024-03-20 11:00:00,13.55595,winter,14.02
2024-03-20 12:00:00,13.14015,winter,14.02
2024-03-20 13:00:00,13.40475,winter,14.02
2024-03-20 14:00:00,13.446750000000002,winter,14.02
2024-03-20 15:00:00,14.1219,winter,14.02
2024-03-20 16:00:00,15.832349999999998,winter,14.02
2024-03-20 17:00:00,19.2564,winter,19.05
2024-03-20 18:00:00,24.3867,winter,19.05
2024-03-20 19:00:00,23.39025,winter,19.05
2024-03-20 20:00:00,19.80975,winter,19.05
2024-03-20 21:00:00,17.8746,winter,19.05
2024-03-20 22:00:00,16.77735,winter,19.05
2024-03-20 23:00:00,15.0879,winter,14.02
2024-03-21 00:00:00,14.6889,winter,14.02
2024-03-21 01:00:00,14.39385,winter,14.02
2024-03-21 02:00:00,14.20275,winter,14.02
2024-03-21 03:00:00,14.1786,winter,14.02
2024-03-21 04:00:00,14.145,winter,14.02
2024-03-21 05:00:00,14.408550000000002,winter,14.02
2024-03-21 06:00:00,16.0623,winter,14.02
2024-03-21 07:00:00,17.00205,winter,19.05
2024-03-21 08:00:00,17.43045,winter,19.05
2024-03-21 09:00:00,15.09,winter,14.02
2024-03-21 10:00:00,14.29305,winter,14.02
2024-03-21 11:00:00,13.83315,winter,14.02
2024-03-21 12:00:00,13.4772,winter,14.02
2024-03-21 13:00:00,12.9858,winter,14.02
2024-03-21 14:00:00,13.70925,winter,14.02
2024-03-21 15:00:00,13.6494,winter,14.02
2024-03-21 16:00:00,14.59335,winter,14.02
2024-03-21 17:00:00,17.2845,winter,19.05
2024-03-21 18:00:00,20.03865,winter,19.05
2024-03-21 19:00:00,19.58925,winter,19.05
2024-03-21 20:00:00,16.5642,winter,19.05
2024-03-21 21:00:00,15.047999999999998,winter,14.02
2024-03-21 22:00:00,14.825400000000002,winter,14.02
2024-03-21 23:00:00,14.169150000000002,winter,14.02
2024-03-22 00:00:00,12.6057,winter,14.02
2024-03-22 01:00:00,12.1752,winter,14.02
2024-03-22 02:00:00,11.90745,winter,14.02
2024-03-22 03:00:00,12.13215,winter,14.02
2024-03-22 04:00:00,12.234,winter,14.02
2024-03-22 05:00:00,12.97845,winter,14.02
2024-03-22 06:00:00,14.4705,winter,14.02
2024-03-22 07:00:00,13.76595,winter,14.02
2024-03-22 08:00:00,13.83945,winter,14.02
2024-03-22 09:00:00,12.6036,winter,14.02
2024-03-22 10:00:00,12.13005,winter,14.02
2024-03-22 11:00:00,11.92425,winter,14.02
2024-03-22 12:00:00,11.9148,winter,14.02
2024-03-22 13:00:00,12.09645,winter,14.02
2024-03-22 14:00:00,12.19095,winter,14.02
2024-03-22 15:00:00,12.98685,winter,14.02
2024-03-22 16:00:00,14.76135,winter,14.02
2024-03-22 17:00:00,16.0329,winter,14.02
2024-03-22 18:00:00,19.456950000000003,winter,19.05
2024-03-22 19:00:00,19.15455,winter,19.05
2024-03-22 20:00:00,16.665,winter,19.05
2024-03-22 21:00:00,15.326250000000002,winter,14.02
2024-03-22 22:00:00,15.10575,winter,14.02
2024-03-22 23:00:00,14.82435,winter,14.02
2024-03-23 00:00:00,14.85585,winter,14.02
2024-03-23 01:00:00,14.29935,winter,14.02
2024-03-23 02:00:00,13.6116,winter,14.02
2024-03-23 03:00:00,13.4079,winter,14.02
2024-03-23 04:00:00,12.9732,winter,14.02
2024-03-23 05:00:00,13.1412,winter,14.02
2024-03-23 06:00:00,12.8157,winter,14.02
2024-03-23 07:00:00,12.2361,winter,14.02
2024-03-23 08:00:00,10.7976,winter,8.77
2024-03-23 09:00:00,8.076,winter,8.77
2024-03-23 10:00:00,6.692100000000002,winter,8.77
2024-03-23 11:00:00,6.685250000000002,winter,8.77
2024-03-23 12:00:00,6.505700000000001,winter,8.77
2024-03-23 13:00:00,6.147550000000002,winter,8.77
2024-03-23 14:00:00,5.887250000000002,winter,8.77
2024-03-23 15:00:00,6.551300000000001,winter,8.77
2024-03-23 16:00:00,6.697350000000001,winter,8.77
2024-03-23 17:00:00,11.709,winter,14.02
2024-03-23 18:00:00,14.04945,winter,14.02
2024-03-23 19:00:00,13.950750000000005,winter,14.02
2024-03-23 20:00:00,12.2487,winter,14.02
2024-03-23 21:00:00,11.5032,winter,14.02
2024-03-23 22:00:00,10.9194,winter,8.77
2024-03-23 23:00:00,9.67095,winter,8.77
2024-03-24 00:00:00,10.0605,winter,8.77
2024-03-24 01:00:00,8.0844,winter,8.77
2024-03-24 02:00:00,7.753650000000001,winter,8.77
2024-03-24 03:00:00,8.475,winter,8.77
2024-03-24 04:00:00,8.7816,winter,8.77
2024-03-24 05:00:00,9.5061,winter,8.77
2024-03-24 06:00:00,8.25135,winter,8.77
2024-03-24 07:00:00,6.895800000000001,winter,8.77
2024-03-24 08:00:00,6.690000000000001,winter,8.77
2024-03-24 09:00:00,6.690000000000001,winter,8.77
2024-03-24 10:00:00,6.690000000000001,winter,8.77
2024-03-24 11:00:00,6.690000000000001,winter,8.77
2024-03-24 12:00:00,6.690000000000001,winter,8.77
2024-03-24 13:00:00,6.690000000000001,winter,8.77
2024-03-24 14:00:00,6.690000000000001,winter,8.77
2024-03-24 15:00:00,6.690000000000001,winter,8.77
2024-03-24 16:00:00,8.44245,winter,8.77
2024-03-24 17:00:00,12.927,winter,14.02
2024-03-24 18:00:00,14.565,winter,14.02
2024-03-24 19:00:00,14.5545,winter,14.02
2024-03-24 20:00:00,13.7145,winter,14.02
2024-03-24 21:00:00,13.49085,winter,14.02
2024-03-24 22:00:00,13.43835,winter,14.02
2024-03-24 23:00:00,13.30185,winter,14.02
2024-03-25 00:00:00,13.25355,winter,14.02
2024-03-25 01:00:00,13.23045,winter,14.02
2024-03-25 02:00:00,13.2504,winter,14.02
2024-03-25 03:00:00,13.46355,winter,14.02
2024-03-25 04:00:00,13.7208,winter,14.02
2024-03-25 05:00:00,14.7897,winter,14.02
2024-03-25 06:00:00,15.97515,winter,14.02
2024-03-25 07:00:00,18.64635,winter,19.05
2024-03-25 08:00:00,17.1564,winter,19.05
2024-03-25 09:00:00,14.820150000000002,winter,14.02
2024-03-25 10:00:00,14.04525,winter,14.02
2024-03-25 11:00:00,13.374300000000002,winter,14.02
2024-03-25 12:00:00,13.184250000000002,winter,14.02
2024-03-25 13:00:00,13.3281,winter,14.02
2024-03-25 14:00:00,13.4646,winter,14.02
2024-03-25 15:00:00,14.45685,winter,14.02
2024-03-25 16:00:00,15.20025,winter,14.02
2024-03-25 17:00:00,18.4374,winter,19.05
2024-03-25 18:00:00,25.0335,winter,19.05
2024-03-25 19:00:00,22.41375,winter,19.05
2024-03-25 20:00:00,17.47665,winter,19.05
2024-03-25 21:00:00,15.340950000000005,winter,14.02
2024-03-25 22:00:00,15.0438,winter,14.02
2024-03-25 23:00:00,14.5377,winter,14.02
2024-03-26 00:00:00,15.0795,winter,14.02
2024-03-26 01:00:00,14.386500000000002,winter,14.02
2024-03-26 02:00:00,13.92555,winter,14.02
2024-03-26 03:00:00,13.8279,winter,14.02
2024-03-26 04:00:00,14.047350000000002,winter,14.02
2024-03-26 05:00:00,14.2794,winter,14.02
2024-03-26 06:00:00,15.129900000000005,winter,14.02
2024-03-26 07:00:00,15.006,winter,14.02
2024-03-26 08:00:00,14.2605,winter,14.02
2024-03-26 09:00:00,13.2,winter,14.02
2024-03-26 10:00:00,11.8875,winter,14.02
2024-03-26 11:00:00,10.57815,winter,8.77
2024-03-26 12:00:00,7.8964500000000015,winter,8.77
2024-03-26 13:00:00,9.56175,winter,8.77
2024-03-26 14:00:00,10.5855,winter,8.77
2024-03-26 15:00:00,12.14265,winter,14.02
2024-03-26 16:00:00,13.8363,winter,14.02
2024-03-26 17:00:00,15.20025,winter,14.02
2024-03-26 18:00:00,17.26875,winter,19.05
2024-03-26 19:00:00,17.2215,winter,19.05
2024-03-26 20:00:00,15.09,winter,14.02
2024-03-26 21:00:00,14.780250000000002,winter,14.02
2024-03-26 22:00:00,14.3361,winter,14.02
2024-03-26 23:00:00,13.7166,winter,14.02
2024-03-27 00:00:00,12.81675,winter,14.02
2024-03-27 01:00:00,12.684450000000002,winter,14.02
2024-03-27 02:00:00,12.7044,winter,14.02
2024-03-27 03:00:00,12.75795,winter,14.02
2024-03-27 04:00:00,12.99315,winter,14.02
2024-03-27 05:00:00,14.2899,winter,14.02
2024-03-27 06:00:00,15.212850000000005,winter,14.02
2024-03-27 07:00:00,15.381900000000002,winter,14.02
2024-03-27 08:00:00,15.091050000000005,winter,14.02
2024-03-27 09:00:00,13.8426,winter,14.02
2024-03-27 10:00:00,13.3995,winter,14.02
2024-03-27 11:00:00,12.68865,winter,14.02
2024-03-27 12:00:00,12.7443,winter,14.02
2024-03-27 13:00:00,12.990000000000002,winter,14.02
2024-03-27 14:00:00,13.809,winter,14.02
2024-03-27 15:00:00,14.97765,winter,14.02
2024-03-27 16:00:00,15.5247,winter,14.02
2024-03-27 17:00:00,17.24565,winter,19.05
2024-03-27 18:00:00,19.91265,winter,19.05
2024-03-27 19:00:00,19.178700000000003,winter,19.05
2024-03-27 20:00:00,17.1291,winter,19.05
2024-03-27 21:00:00,15.536250000000004,winter,14.02
2024-03-27 22:00:00,15.4071,winter,14.02
2024-03-27 23:00:00,14.50935,winter,14.02
2024-03-28 00:00:00,14.99445,winter,14.02
2024-03-28 01:00:00,14.313,winter,14.02
2024-03-28 02:00:00,13.5402,winter,14.02
2024-03-28 03:00:00,13.45305,winter,14.02
2024-03-28 04:00:00,13.69245,winter,14.02
2024-03-28 05:00:00,14.208,winter,14.02
2024-03-28 06:00:00,15.30735,winter,14.02
2024-03-28 07:00:00,15.42495,winter,14.02
2024-03-28 08:00:00,15.186600000000002,winter,14.02
2024-03-28 09:00:00,13.3302,winter,14.02
2024-03-28 10:00:00,11.63235,winter,14.02
2024-03-28 11:00:00,10.575,winter,8.77
2024-03-28 12:00:00,7.397700000000001,winter,8.77
2024-03-28 13:00:00,6.6952500000000015,winter,8.77
2024-03-28 14:00:00,6.694200000000001,winter,8.77
2024-03-28 15:00:00,7.721100000000002,winter,8.77
2024-03-28 16:00:00,10.17285,winter,8.77
2024-03-28 17:00:00,12.2256,winter,14.02
2024-03-28 18:00:00,14.45685,winter,14.02
2024-03-28 19:00:00,14.07465,winter,14.02
2024-03-28 20:00:00,13.2567,winter,14.02
2024-03-28 21:00:00,12.13215,winter,14.02
2024-03-28 22:00:00,10.16025,winter,8.77
2024-03-28 23:00:00,9.315,winter,8.77
2024-03-29 00:00:00,8.853,winter,8.77
2024-03-29 01:00:00,8.66715,winter,8.77
2024-03-29 02:00:00,7.9951500000000015,winter,8.77
2024-03-29 03:00:00,7.765200000000001,winter,8.77
2024-03-29 04:00:00,8.01195,winter,8.77
2024-03-29 05:00:00,8.1936,winter,8.77
2024-03-29 06:00:00,9.002099999999999,winter,8.77
2024-03-29 07:00:00,9.04095,winter,8.77
2024-03-29 08:00:00,8.3637,winter,8.77
2024-03-29 09:00:00,8.0844,winter,8.77
2024-03-29 10:00:00,8.462399999999999,winter,8.77
2024-03-29 11:00:00,8.66715,winter,8.77
2024-03-29 12:00:00,8.055000000000001,winter,8.77
2024-03-29 13:00:00,7.725300000000002,winter,8.77
2024-03-29 14:00:00,8.1012,winter,8.77
2024-03-29 15:00:00,8.955899999999998,winter,8.77
2024-03-29 16:00:00,11.8875,winter,14.02
2024-03-29 17:00:00,15.08265,winter,14.02
2024-03-29 18:00:00,17.39685,winter,19.05
2024-03-29 19:00:00,17.76225,winter,19.05
2024-03-29 20:00:00,15.867,winter,14.02
2024-03-29 21:00:00,15.08265,winter,14.02
2024-03-29 22:00:00,14.658450000000002,winter,14.02
2024-03-29 23:00:00,14.04,winter,14.02
2024-03-30 00:00:00,13.9665,winter,14.02
2024-03-30 01:00:00,12.7968,winter,14.02
2024-03-30 02:00:00,12.8724,winter,14.02
2024-03-30 03:00:00,12.87975,winter,14.02
2024-03-30 04:00:00,12.90915,winter,14.02
2024-03-30 05:00:00,13.52025,winter,14.02
2024-03-30 06:00:00,12.839850000000002,winter,14.02
2024-03-30 07:00:00,11.70795,winter,14.02
2024-03-30 08:00:00,11.43915,winter,14.02
2024-03-30 09:00:00,11.2449,winter,8.77
2024-03-30 10:00:00,10.31145,winter,8.77
2024-03-30 11:00:00,9.12705,winter,8.77
2024-03-30 12:00:00,8.2398,winter,8.77
2024-03-30 13:00:00,7.409250000000001,winter,8.77
2024-03-30 14:00:00,8.35635,winter,8.77
2024-03-30 15:00:00,10.281,winter,8.77
2024-03-30 16:00:00,12.2046,winter,14.02
2024-03-30 17:00:00,14.853750000000002,winter,14.02
2024-03-30 18:00:00,15.94155,winter,14.02
2024-03-30 19:00:00,15.46065,winter,14.02
2024-03-30 20:00:00,14.47155,winter,14.02
2024-03-30 21:00:00,14.19435,winter,14.02
2024-03-30 22:00:00,14.12715,winter,14.02
2024-03-30 23:00:00,13.5927,winter,14.02
2024-03-31 00:00:00,14.6385,winter,14.02
2024-03-31 01:00:00,13.69455,winter,14.02
2024-03-31 02:00:00,13.512900000000002,winter,14.02
2024-03-31 03:00:00,13.040400000000002,winter,14.02
2024-03-31 04:00:00,12.8577,winter,14.02
2024-03-31 05:00:00,13.4583,winter,14.02
2024-03-31 06:00:00,14.19855,winter,14.02
2024-03-31 07:00:00,13.518150000000002,winter,14.02
2024-03-31 08:00:00,11.9736,winter,14.02
2024-03-31 09:00:00,10.99815,winter,8.77
2024-03-31 10:00:00,9.7896,winter,8.77
2024-03-31 11:00:00,8.774249999999999,winter,8.77
2024-03-31 12:00:00,7.011300000000001,winter,8.77
2024-03-31 13:00:00,6.7981500000000015,winter,8.77
2024-03-31 14:00:00,8.29335,winter,8.77
2024-03-31 15:00:00,11.00235,winter,8.77
2024-03-31 16:00:00,13.6977,winter,14.02
2024-03-31 17:00:00,16.0686,winter,14.02
2024-03-31 18:00:00,19.005450000000003,winter,19.05
2024-03-31 19:00:00,15.4806,winter,14.02
2024-03-31 20:00:00,14.04,winter,14.02
2024-03-31 21:00:00,13.46355,winter,14.02
2024-03-31 22:00:00,12.4545,winter,14.02
2024-03-31 23:00:00,11.93475,winter,14.02
2024-04-01 00:00:00,11.8329,summer,14.54
2024-04-01 01:00:00,11.5263,summer,14.54
2024-04-01 02:00:00,11.2659,summer,14.54
2024-04-01 03:00:00,11.877,summer,14.54
2024-04-01 04:00:00,12.18675,summer,14.54
2024-04-01 05:00:00,12.85455,summer,14.54
2024-04-01 06:00:00,13.46145,summer,14.54
2024-04-01 07:00:00,12.85455,summer,14.54
2024-04-01 08:00:00,13.08345,summer,14.54
2024-04-01 09:00:00,12.3978,summer,14.54
2024-04-01 10:00:00,10.40595,summer,7.87
2024-04-01 11:00:00,8.0592,summer,7.87
2024-04-01 12:00:00,6.693150000000001,summer,7.87
2024-04-01 13:00:00,6.689050000000002,summer,7.87
2024-04-01 14:00:00,6.689050000000002,summer,7.87
2024-04-01 15:00:00,6.689050000000002,summer,7.87
2024-04-01 16:00:00,7.297950000000001,summer,7.87
2024-04-01 17:00:00,11.09685,summer,7.87
2024-04-01 18:00:00,11.78565,summer,14.54
2024-04-01 19:00:00,11.927400000000002,summer,14.54
2024-04-01 20:00:00,11.48745,summer,14.54
2024-04-01 21:00:00,9.416849999999998,summer,7.87
2024-04-01 22:00:00,7.474350000000001,summer,7.87
2024-04-01 23:00:00,7.526850000000001,summer,7.87
2024-04-02 00:00:00,6.824400000000002,summer,7.87
2024-04-02 01:00:00,6.754050000000001,summer,7.87
2024-04-02 02:00:00,6.7813500000000015,summer,7.87
2024-04-02 03:00:00,6.893700000000002,summer,7.87
2024-04-02 04:00:00,7.453350000000001,summer,7.87
2024-04-02 05:00:00,12.6981,summer,14.54
2024-04-02 06:00:00,14.497800000000002,summer,14.54
2024-04-02 07:00:00,13.927650000000002,summer,14.54
2024-04-02 08:00:00,11.6229,summer,14.54
2024-04-02 09:00:00,6.969300000000001,summer,7.87
2024-04-02 10:00:00,6.684300000000001,summer,7.87
2024-04-02 11:00:00,6.586450000000001,summer,7.87
2024-04-02 12:00:00,6.597850000000001,summer,7.87
2024-04-02 13:00:00,6.683350000000002,summer,7.87
2024-04-02 14:00:00,6.690000000000001,summer,7.87
2024-04-02 15:00:00,7.142550000000001,summer,7.87
2024-04-02 16:00:00,11.0433,summer,7.87
2024-04-02 17:00:00,14.3235,summer,14.54
2024-04-02 18:00:00,16.70595,summer,18.77
2024-04-02 19:00:00,16.6524,summer,14.54
2024-04-02 20:00:00,14.89365,summer,14.54
2024-04-02 21:00:00,14.5503,summer,14.54
2024-04-02 22:00:00,14.1324,summer,14.54
2024-04-02 23:00:00,14.47365,summer,14.54
2024-04-03 00:00:00,14.22375,summer,14.54
2024-04-03 01:00:00,14.04525,summer,14.54
2024-04-03 02:00:00,14.30355,summer,14.54
2024-04-03 03:00:00,14.2857,summer,14.54
2024-04-03 04:00:00,14.95455,summer,14.54
2024-04-03 05:00:00,16.65555,summer,18.77
2024-04-03 06:00:00,19.072650000000003,summer,18.77
2024-04-03 07:00:00,19.072650000000003,summer,18.77
2024-04-03 08:00:00,17.292900000000003,summer,18.77
2024-04-03 09:00:00,17.96175,summer,18.77
2024-04-03 10:00:00,16.22505,summer,14.54
2024-04-03 11:00:00,15.30315,summer,14.54
2024-04-03 12:00:00,14.7624,summer,14.54
2024-04-03 13:00:00,14.3592,summer,14.54
2024-04-03 14:00:00,14.36235,summer,14.54
2024-04-03 15:00:00,14.7435,summer,14.54
2024-04-03 16:00:00,16.3962,summer,14.54
2024-04-03 17:00:00,18.0447,summer,18.77
2024-04-03 18:00:00,19.6365,summer,18.77
2024-04-03 19:00:00,17.355900000000002,summer,18.77
2024-04-03 20:00:00,15.19185,summer,14.54
2024-04-03 21:00:00,14.61855,summer,14.54
2024-04-03 22:00:00,13.39845,summer,14.54
2024-04-03 23:00:00,12.4146,summer,14.54
2024-04-04 00:00:00,12.15105,summer,14.54
2024-04-04 01:00:00,11.95785,summer,14.54
2024-04-04 02:00:00,12.10485,summer,14.54
2024-04-04 03:00:00,12.1437,summer,14.54
2024-04-04 04:00:00,12.4755,summer,14.54
2024-04-04 05:00:00,13.7796,summer,14.54
2024-04-04 06:00:00,15.0018,summer,14.54
2024-04-04 07:00:00,14.7939,summer,14.54
2024-04-04 08:00:00,14.2437,summer,14.54
2024-04-04 09:00:00,13.98225,summer,14.54
2024-04-04 10:00:00,13.3113,summer,14.54
2024-04-04 11:00:00,12.7884,summer,14.54
2024-04-04 12:00:00,12.5931,summer,14.54
2024-04-04 13:00:00,12.51645,summer,14.54
2024-04-04 14:00:00,12.58785,summer,14.54
2024-04-04 15:00:00,12.6834,summer,14.54
2024-04-04 16:00:00,13.9434,summer,14.54
2024-04-04 17:00:00,14.6028,summer,14.54
2024-04-04 18:00:00,16.2093,summer,14.54
2024-04-04 19:00:00,15.1509,summer,14.54
2024-04-04 20:00:00,14.385450000000002,summer,14.54
2024-04-04 21:00:00,14.19435,summer,14.54
2024-04-04 22:00:00,13.150650000000002,summer,14.54
2024-04-04 23:00:00,13.2756,summer,14.54
2024-04-05 00:00:00,12.8934,summer,14.54
2024-04-05 01:00:00,12.5658,summer,14.54
2024-04-05 02:00:00,12.631950000000002,summer,14.54
2024-04-05 03:00:00,12.3495,summer,14.54
2024-04-05 04:00:00,13.2525,summer,14.54
2024-04-05 05:00:00,14.70045,summer,14.54
2024-04-05 06:00:00,15.5352,summer,14.54
2024-04-05 07:00:00,15.195,summer,14.54
2024-04-05 08:00:00,13.78695,summer,14.54
2024-04-05 09:00:00,11.9925,summer,14.54
2024-04-05 10:00:00,9.416849999999998,summer,7.87
2024-04-05 11:00:00,7.6518000000000015,summer,7.87
2024-04-05 12:00:00,6.690000000000001,summer,7.87
2024-04-05 13:00:00,6.680500000000001,summer,7.87
2024-04-05 14:00:00,6.6952500000000015,summer,7.87
2024-04-05 15:00:00,7.539450000000001,summer,7.87
2024-04-05 16:00:00,10.6233,summer,7.87
2024-04-05 17:00:00,11.90325,summer,14.54
2024-04-05 18:00:00,12.5637,summer,14.54
2024-04-05 19:00:00,12.5322,summer,14.54
2024-04-05 20:00:00,12.434550000000002,summer,14.54
2024-04-05 21:00:00,12.583650000000002,summer,14.54
2024-04-05 22:00:00,12.47235,summer,14.54
2024-04-05 23:00:00,11.2134,summer,14.54
2024-04-06 00:00:00,11.41605,summer,14.54
2024-04-06 01:00:00,11.61345,summer,14.54
2024-04-06 02:00:00,11.683800000000002,summer,14.54
2024-04-06 03:00:00,12.00825,summer,14.54
2024-04-06 04:00:00,12.4524,summer,14.54
2024-04-06 05:00:00,12.85665,summer,14.54
2024-04-06 06:00:00,12.97635,summer,14.54
2024-04-06 07:00:00,12.9102,summer,14.54
2024-04-06 08:00:00,11.8287,summer,14.54
2024-04-06 09:00:00,9.7791,summer,7.87
2024-04-06 10:00:00,6.620650000000001,summer,7.87
2024-04-06 11:00:00,5.1320000000000014,summer,7.87
2024-04-06 12:00:00,0.9976000000000004,summer,7.87
2024-04-06 13:00:00,1.2189500000000006,summer,7.87
2024-04-06 14:00:00,3.4020500000000005,summer,7.87
2024-04-06 15:00:00,6.247300000000001,summer,7.87
2024-04-06 16:00:00,8.35005,summer,7.87
2024-04-06 17:00:00,13.7838,summer,14.54
2024-04-06 18:00:00,14.45895,summer,14.54
2024-04-06 19:00:00,13.89825,summer,14.54
2024-04-06 20:00:00,11.5683,summer,14.54
2024-04-06 21:00:00,11.422350000000002,summer,14.54
2024-04-06 22:00:00,9.4074,summer,7.87
2024-04-06 23:00:00,7.841850000000002,summer,7.87
2024-04-07 00:00:00,6.6994500000000015,summer,7.87
2024-04-07 01:00:00,6.690000000000001,summer,7.87
2024-04-07 02:00:00,6.690000000000001,summer,7.87
2024-04-07 03:00:00,6.690000000000001,summer,7.87
2024-04-07 04:00:00,6.690000000000001,summer,7.87
2024-04-07 05:00:00,6.690000000000001,summer,7.87
2024-04-07 06:00:00,6.690000000000001,summer,7.87
2024-04-07 07:00:00,6.690000000000001,summer,7.87
2024-04-07 08:00:00,6.689050000000002,summer,7.87
2024-04-07 09:00:00,6.674800000000001,summer,7.87
2024-04-07 10:00:00,6.381250000000001,summer,7.87
2024-04-07 11:00:00,5.745700000000001,summer,7.87
2024-04-07 12:00:00,4.144950000000001,summer,7.87
2024-04-07 13:00:00,4.784300000000002,summer,7.87
2024-04-07 14:00:00,6.211200000000002,summer,7.87
2024-04-07 15:00:00,6.674800000000001,summer,7.87
2024-04-07 16:00:00,7.416600000000002,summer,7.87
2024-04-07 17:00:00,16.2933,summer,14.54
2024-04-07 18:00:00,18.07095,summer,18.77
2024-04-07 19:00:00,17.862000000000002,summer,18.77
2024-04-07 20:00:00,16.13475,summer,14.54
2024-04-07 21:00:00,14.8233,summer,14.54
2024-04-07 22:00:00,14.2563,summer,14.54
2024-04-07 23:00:00,14.12085,summer,14.54
2024-04-08 00:00:00,14.11455,summer,14.54
2024-04-08 01:00:00,13.8426,summer,14.54
2024-04-08 02:00:00,14.11455,summer,14.54
2024-04-08 03:00:00,14.20485,summer,14.54
2024-04-08 04:00:00,14.8212,summer,14.54
2024-04-08 05:00:00,17.39895,summer,18.77
2024-04-08 06:00:00,22.4169,summer,18.77
2024-04-08 07:00:00,20.1846,summer,18.77
2024-04-08 08:00:00,15.66855,summer,14.54
2024-04-08 09:00:00,15.153,summer,14.54
2024-04-08 10:00:00,14.169150000000002,summer,14.54
2024-04-08 11:00:00,13.4835,summer,14.54
2024-04-08 12:00:00,12.990000000000002,summer,14.54
2024-04-08 13:00:00,12.76845,summer,14.54
2024-04-08 14:00:00,13.347,summer,14.54
2024-04-08 15:00:00,14.04,summer,14.54
2024-04-08 16:00:00,14.56605,summer,14.54
2024-04-08 17:00:00,17.7045,summer,18.77
2024-04-08 18:00:00,21.1065,summer,18.77
2024-04-08 19:00:00,19.794,summer,18.77
2024-04-08 20:00:00,15.59925,summer,14.54
2024-04-08 21:00:00,14.775000000000002,summer,14.54
2024-04-08 22:00:00,14.05995,summer,14.54
2024-04-08 23:00:00,14.90205,summer,14.54
2024-04-09 00:00:00,13.97595,summer,14.54
2024-04-09 01:00:00,13.48665,summer,14.54
2024-04-09 02:00:00,12.984750000000002,summer,14.54
2024-04-09 03:00:00,13.2504,summer,14.54
2024-04-09 04:00:00,13.8657,summer,14.54
2024-04-09 05:00:00,15.792450000000002,summer,14.54
2024-04-09 06:00:00,16.2345,summer,14.54
2024-04-09 07:00:00,15.0669,summer,14.54
2024-04-09 08:00:00,13.8615,summer,14.54
2024-04-09 09:00:00,12.108,summer,14.54
2024-04-09 10:00:00,11.3079,summer,14.54
2024-04-09 11:00:00,10.47525,summer,7.87
2024-04-09 12:00:00,7.749450000000001,summer,7.87
2024-04-09 13:00:00,7.792500000000001,summer,7.87
2024-04-09 14:00:00,9.7392,summer,7.87
2024-04-09 15:00:00,10.70835,summer,7.87
2024-04-09 16:00:00,11.95575,summer,14.54
2024-04-09 17:00:00,13.6095,summer,14.54
2024-04-09 18:00:00,15.273750000000003,summer,14.54
2024-04-09 19:00:00,15.2727,summer,14.54
2024-04-09 20:00:00,13.8279,summer,14.54
2024-04-09 21:00:00,13.04355,summer,14.54
2024-04-09 22:00:00,10.41645,summer,7.87
2024-04-09 23:00:00,9.09345,summer,7.87
2024-04-10 00:00:00,7.314750000000001,summer,7.87
2024-04-10 01:00:00,7.339950000000001,summer,7.87
2024-04-10 02:00:00,7.633950000000001,summer,7.87
2024-04-10 03:00:00,9.4515,summer,7.87
2024-04-10 04:00:00,11.94315,summer,14.54
2024-04-10 05:00:00,14.66055,summer,14.54
2024-04-10 06:00:00,17.15115,summer,18.77
2024-04-10 07:00:00,17.822100000000002,summer,18.77
2024-04-10 08:00:00,15.1383,summer,14.54
2024-04-10 09:00:00,13.7943,summer,14.54
2024-04-10 10:00:00,12.57525,summer,14.54
2024-04-10 11:00:00,12.5301,summer,14.54
2024-04-10 12:00:00,9.8736,summer,7.87
2024-04-10 13:00:00,9.97545,summer,7.87
2024-04-10 14:00:00,12.50175,summer,14.54
2024-04-10 15:00:00,13.29555,summer,14.54
2024-04-10 16:00:00,14.5986,summer,14.54
2024-04-10 17:00:00,17.277150000000002,summer,18.77
2024-04-10 18:00:00,26.760750000000005,summer,18.77
2024-04-10 19:00:00,26.76495,summer,18.77
2024-04-10 20:00:00,18.826950000000004,summer,18.77
2024-04-10 21:00:00,15.7305,summer,14.54
2024-04-10 22:00:00,14.6805,summer,14.54
2024-04-10 23:00:00,14.3109,summer,14.54
2024-04-11 00:00:00,13.7628,summer,14.54
2024-04-11 01:00:00,13.2252,summer,14.54
2024-04-11 02:00:00,12.86505,summer,14.54
2024-04-11 03:00:00,12.8934,summer,14.54
2024-04-11 04:00:00,12.52485,summer,14.54
2024-04-11 05:00:00,14.52615,summer,14.54
2024-04-11 06:00:00,13.914,summer,14.54
2024-04-11 07:00:00,12.171,summer,14.54
2024-04-11 08:00:00,9.84,summer,7.87
2024-04-11 09:00:00,7.745250000000001,summer,7.87
2024-04-11 10:00:00,6.780300000000001,summer,7.87
2024-04-11 11:00:00,6.7855500000000015,summer,7.87
2024-04-11 12:00:00,6.805500000000001,summer,7.87
2024-04-11 13:00:00,6.749850000000001,summer,7.87
2024-04-11 14:00:00,9.79485,summer,7.87
2024-04-11 15:00:00,12.962700000000002,summer,14.54
2024-04-11 16:00:00,14.747700000000002,summer,14.54
2024-04-11 17:00:00,17.2635,summer,18.77
2024-04-11 18:00:00,20.7978,summer,18.77
2024-04-11 19:00:00,21.1611,summer,18.77
2024-04-11 20:00:00,17.06295,summer,18.77
2024-04-11 21:00:00,15.3441,summer,14.54
2024-04-11 22:00:00,14.723550000000005,summer,14.54
2024-04-11 23:00:00,14.63955,summer,14.54
2024-04-12 00:00:00,14.2227,summer,14.54
2024-04-12 01:00:00,13.92345,summer,14.54
2024-04-12 02:00:00,13.9623,summer,14.54
2024-04-12 03:00:00,13.9896,summer,14.54
2024-04-12 04:00:00,14.830650000000002,summer,14.54
2024-04-12 05:00:00,16.269150000000003,summer,14.54
2024-04-12 06:00:00,16.875,summer,18.77
2024-04-12 07:00:00,15.80715,summer,14.54
2024-04-12 08:00:00,14.1429,summer,14.54
2024-04-12 09:00:00,11.1903,summer,7.87
2024-04-12 10:00:00,8.6703,summer,7.87
2024-04-12 11:00:00,6.690000000000001,summer,7.87
2024-04-12 12:00:00,6.683350000000002,summer,7.87
2024-04-12 13:00:00,6.6910500000000015,summer,7.87
2024-04-12 14:00:00,6.708900000000002,summer,7.87
2024-04-12 15:00:00,6.713100000000002,summer,7.87
2024-04-12 16:00:00,12.71385,summer,14.54
2024-04-12 17:00:00,15.292650000000002,summer,14.54
2024-04-12 18:00:00,19.91475,summer,18.77
2024-04-12 19:00:00,19.723650000000003,summer,18.77
2024-04-12 20:00:00,15.783,summer,14.54
2024-04-12 21:00:00,14.87895,summer,14.54
2024-04-12 22:00:00,13.8405,summer,14.54
2024-04-12 23:00:00,13.0131,summer,14.54
2024-04-13 00:00:00,11.84235,summer,14.54
2024-04-13 01:00:00,9.253049999999998,summer,7.87
2024-04-13 02:00:00,8.72805,summer,7.87
2024-04-13 03:00:00,8.784749999999999,summer,7.87
2024-04-13 04:00:00,9.3486,summer,7.87
2024-04-13 05:00:00,9.8589,summer,7.87
2024-04-13 06:00:00,10.3923,summer,7.87
2024-04-13 07:00:00,9.063,summer,7.87
2024-04-13 08:00:00,7.614000000000002,summer,7.87
2024-04-13 09:00:00,6.688100000000001,summer,7.87
2024-04-13 10:00:00,5.742850000000002,summer,7.87
2024-04-13 11:00:00,4.223800000000001,summer,7.87
2024-04-13 12:00:00,1.9400000000000004,summer,7.87
2024-04-13 13:00:00,1.4640500000000014,summer,7.87
2024-04-13 14:00:00,1.948550000000001,summer,7.87
2024-04-13 15:00:00,4.8698000000000015,summer,7.87
2024-04-13 16:00:00,6.674800000000001,summer,7.87
2024-04-13 17:00:00,10.88055,summer,7.87
2024-04-13 18:00:00,14.4012,summer,14.54
2024-04-13 19:00:00,13.596900000000002,summer,14.54
2024-04-13 20:00:00,10.821750000000002,summer,7.87
2024-04-13 21:00:00,8.90655,summer,7.87
2024-04-13 22:00:00,7.430250000000001,summer,7.87
2024-04-13 23:00:00,6.735150000000001,summer,7.87
2024-04-14 00:00:00,6.777150000000002,summer,7.87
2024-04-14 01:00:00,6.787650000000001,summer,7.87
2024-04-14 02:00:00,6.808650000000001,summer,7.87
2024-04-14 03:00:00,6.9357000000000015,summer,7.87
2024-04-14 04:00:00,7.314750000000001,summer,7.87
2024-04-14 05:00:00,8.0403,summer,7.87
2024-04-14 06:00:00,8.055000000000001,summer,7.87
2024-04-14 07:00:00,7.468050000000002,summer,7.87
2024-04-14 08:00:00,6.690000000000001,summer,7.87
2024-04-14 09:00:00,6.464850000000001,summer,7.87
2024-04-14 10:00:00,5.533850000000001,summer,7.87
2024-04-14 11:00:00,2.67435,summer,7.87
2024-04-14 12:00:00,0.9852500000000008,summer,7.87
2024-04-14 13:00:00,0.9833500000000008,summer,7.87
2024-04-14 14:00:00,2.8852500000000005,summer,7.87
2024-04-14 15:00:00,6.096250000000001,summer,7.87
2024-04-14 16:00:00,6.854850000000002,summer,7.87
2024-04-14 17:00:00,13.74915,summer,14.54
2024-04-14 18:00:00,15.909,summer,14.54
2024-04-14 19:00:00,19.28055,summer,18.77
2024-04-14 20:00:00,18.51405,summer,18.77
2024-04-14 21:00:00,17.60475,summer,18.77
2024-04-14 22:00:00,15.8502,summer,14.54
2024-04-14 23:00:00,15.2958,summer,14.54
2024-04-15 00:00:00,15.2223,summer,14.54
2024-04-15 01:00:00,14.8317,summer,14.54
2024-04-15 02:00:00,14.8989,summer,14.54
2024-04-15 03:00:00,14.58915,summer,14.54
2024-04-15 04:00:00,15.7977,summer,14.54
2024-04-15 05:00:00,18.84165,summer,18.77
2024-04-15 06:00:00,24.450750000000003,summer,18.77
2024-04-15 07:00:00,22.780200000000004,summer,18.77
2024-04-15 08:00:00,16.303800000000003,summer,14.54
2024-04-15 09:00:00,15.147750000000002,summer,14.54
2024-04-15 10:00:00,13.32075,summer,14.54
2024-04-15 11:00:00,11.32575,summer,14.54
2024-04-15 12:00:00,10.0227,summer,7.87
2024-04-15 13:00:00,8.0508,summer,7.87
2024-04-15 14:00:00,7.509000000000001,summer,7.87
2024-04-15 15:00:00,7.528950000000001,summer,7.87
2024-04-15 16:00:00,11.5515,summer,14.54
2024-04-15 17:00:00,13.956,summer,14.54
2024-04-15 18:00:00,14.9766,summer,14.54
2024-04-15 19:00:00,14.7771,summer,14.54
2024-04-15 20:00:00,13.652550000000002,summer,14.54
2024-04-15 21:00:00,12.33585,summer,14.54
2024-04-15 22:00:00,10.27785,summer,7.87
2024-04-15 23:00:00,6.902100000000002,summer,7.87
2024-04-16 00:00:00,6.694200000000001,summer,7.87
2024-04-16 01:00:00,6.704700000000002,summer,7.87
2024-04-16 02:00:00,6.766650000000001,summer,7.87
2024-04-16 03:00:00,8.524349999999998,summer,7.87
2024-04-16 04:00:00,10.4931,summer,7.87
2024-04-16 05:00:00,13.3197,summer,14.54
2024-04-16 06:00:00,14.4873,summer,14.54
2024-04-16 07:00:00,14.4873,summer,14.54
2024-04-16 08:00:00,13.49505,summer,14.54
2024-04-16 09:00:00,12.04815,summer,14.54
2024-04-16 10:00:00,11.1672,summer,7.87
2024-04-16 11:00:00,10.89,summer,7.87
2024-04-16 12:00:00,10.9131,summer,7.87
2024-04-16 13:00:00,11.1084,summer,7.87
2024-04-16 14:00:00,11.78565,summer,14.54
2024-04-16 15:00:00,13.288200000000002,summer,14.54
2024-04-16 16:00:00,15.05535,summer,14.54
2024-04-16 17:00:00,16.4466,summer,14.54
2024-04-16 18:00:00,18.65895,summer,18.77
2024-04-16 19:00:00,19.7646,summer,18.77
2024-04-16 20:00:00,17.6583,summer,18.77
2024-04-16 21:00:00,16.1505,summer,14.54
2024-04-16 22:00:00,15.520500000000002,summer,14.54
2024-04-16 23:00:00,15.493200000000002,summer,14.54
2024-04-17 00:00:00,15.493200000000002,summer,14.54
2024-04-17 01:00:00,15.231750000000002,summer,14.54
2024-04-17 02:00:00,15.342000000000002,summer,14.54
2024-04-17 03:00:00,15.4008,summer,14.54
2024-04-17 04:00:00,15.481650000000002,summer,14.54
2024-04-17 05:00:00,18.17595,summer,18.77
2024-04-17 06:00:00,24.53685,summer,18.77
2024-04-17 07:00:00,22.982850000000003,summer,18.77
2024-04-17 08:00:00,17.6751,summer,18.77
2024-04-17 09:00:00,15.4995,summer,14.54
2024-04-17 10:00:00,15.0795,summer,14.54
2024-04-17 11:00:00,15.402900000000002,summer,14.54
2024-04-17 12:00:00,15.176099999999998,summer,14.54
2024-04-17 13:00:00,14.84955,summer,14.54
2024-04-17 14:00:00,14.77815,summer,14.54
2024-04-17 15:00:00,15.09,summer,14.54
2024-04-17 16:00:00,15.814500000000002,summer,14.54
2024-04-17 17:00:00,18.76185,summer,18.77
2024-04-17 18:00:00,23.4816,summer,18.77
2024-04-17 19:00:00,24.52950000000001,summer,18.77
2024-04-17 20:00:00,20.346300000000003,summer,18.77
2024-04-17 21:00:00,17.0892,summer,18.77
2024-04-17 22:00:00,15.910050000000002,summer,14.54
2024-04-17 23:00:00,16.332150000000002,summer,14.54
2024-04-18 00:00:00,15.869100000000005,summer,14.54
2024-04-18 01:00:00,15.98565,summer,14.54
2024-04-18 02:00:00,15.904800000000002,summer,14.54
2024-04-18 03:00:00,16.099050000000002,summer,14.54
2024-04-18 04:00:00,16.50435,summer,14.54
2024-04-18 05:00:00,19.4874,summer,18.77
2024-04-18 06:00:00,23.049000000000003,summer,18.77
2024-04-18 07:00:00,20.46495,summer,18.77
2024-04-18 08:00:00,17.3076,summer,18.77
2024-04-18 09:00:00,16.16205,summer,14.54
2024-04-18 10:00:00,15.49635,summer,14.54
2024-04-18 11:00:00,15.1572,summer,14.54
2024-04-18 12:00:00,14.796000000000005,summer,14.54
2024-04-18 13:00:00,14.35605,summer,14.54
2024-04-18 14:00:00,14.113500000000002,summer,14.54
2024-04-18 15:00:00,14.1324,summer,14.54
2024-04-18 16:00:00,15.22965,summer,14.54
2024-04-18 17:00:00,16.56315,summer,14.54
2024-04-18 18:00:00,19.8402,summer,18.77
2024-04-18 19:00:00,20.21715,summer,18.77
2024-04-18 20:00:00,17.811600000000002,summer,18.77
2024-04-18 21:00:00,16.12845,summer,14.54
2024-04-18 22:00:00,15.02385,summer,14.54
2024-04-18 23:00:00,14.79705,summer,14.54
2024-04-19 00:00:00,13.07715,summer,14.54
2024-04-19 01:00:00,11.99565,summer,14.54
2024-04-19 02:00:00,11.88435,summer,14.54
2024-04-19 03:00:00,11.72685,summer,14.54
2024-04-19 04:00:00,11.8434,summer,14.54
2024-04-19 05:00:00,13.0026,summer,14.54
2024-04-19 06:00:00,13.9392,summer,14.54
2024-04-19 07:00:00,14.67,summer,14.54
2024-04-19 08:00:00,13.8615,summer,14.54
2024-04-19 09:00:00,13.011,summer,14.54
2024-04-19 10:00:00,12.5784,summer,14.54
2024-04-19 11:00:00,12.03555,summer,14.54
2024-04-19 12:00:00,11.625,summer,14.54
2024-04-19 13:00:00,11.4087,summer,14.54
2024-04-19 14:00:00,11.3688,summer,14.54
2024-04-19 15:00:00,12.03555,summer,14.54
2024-04-19 16:00:00,12.86085,summer,14.54
2024-04-19 17:00:00,13.35645,summer,14.54
2024-04-19 18:00:00,13.5486,summer,14.54
2024-04-19 19:00:00,13.6494,summer,14.54
2024-04-19 20:00:00,13.641000000000002,summer,14.54
2024-04-19 21:00:00,13.54335,summer,14.54
2024-04-19 22:00:00,13.32075,summer,14.54
2024-04-19 23:00:00,13.0152,summer,14.54
2024-04-20 00:00:00,12.77685,summer,14.54
2024-04-20 01:00:00,12.70965,summer,14.54
2024-04-20 02:00:00,12.75375,summer,14.54
2024-04-20 03:00:00,13.0992,summer,14.54
2024-04-20 04:00:00,13.28715,summer,14.54
2024-04-20 05:00:00,13.401600000000002,summer,14.54
2024-04-20 06:00:00,13.8279,summer,14.54
2024-04-20 07:00:00,13.5192,summer,14.54
2024-04-20 08:00:00,12.979500000000002,summer,14.54
2024-04-20 09:00:00,11.94525,summer,14.54
2024-04-20 10:00:00,10.72515,summer,7.87
2024-04-20 11:00:00,9.73185,summer,7.87
2024-04-20 12:00:00,7.984650000000001,summer,7.87
2024-04-20 13:00:00,7.7977500000000015,summer,7.87
2024-04-20 14:00:00,8.61465,summer,7.87
2024-04-20 15:00:00,10.61805,summer,7.87
2024-04-20 16:00:00,13.28715,summer,14.54
2024-04-20 17:00:00,14.974500000000004,summer,14.54
2024-04-20 18:00:00,16.099050000000002,summer,14.54
2024-04-20 19:00:00,16.8792,summer,18.77
2024-04-20 20:00:00,16.17255,summer,14.54
2024-04-20 21:00:00,15.72735,summer,14.54
2024-04-20 22:00:00,15.3945,summer,14.54
2024-04-20 23:00:00,15.28425,summer,14.54
2024-04-21 00:00:00,14.101950000000002,summer,14.54
2024-04-21 01:00:00,13.990650000000002,summer,14.54
2024-04-21 02:00:00,13.452000000000002,summer,14.54
2024-04-21 03:00:00,13.3974,summer,14.54
2024-04-21 04:00:00,13.3701,summer,14.54
2024-04-21 05:00:00,13.45515,summer,14.54
2024-04-21 06:00:00,13.04565,summer,14.54
2024-04-21 07:00:00,13.0824,summer,14.54
2024-04-21 08:00:00,12.5049,summer,14.54
2024-04-21 09:00:00,10.153950000000002,summer,7.87
2024-04-21 10:00:00,10.5708,summer,7.87
2024-04-21 11:00:00,7.326300000000002,summer,7.87
2024-04-21 12:00:00,6.719400000000001,summer,7.87
2024-04-21 13:00:00,6.604500000000002,summer,7.87
2024-04-21 14:00:00,6.768750000000002,summer,7.87
2024-04-21 15:00:00,7.321050000000001,summer,7.87
2024-04-21 16:00:00,12.8031,summer,14.54
2024-04-21 17:00:00,14.523,summer,14.54
2024-04-21 18:00:00,16.0728,summer,14.54
2024-04-21 19:00:00,16.6923,summer,18.77
2024-04-21 20:00:00,16.25235,summer,14.54
2024-04-21 21:00:00,16.07805,summer,14.54
2024-04-21 22:00:00,15.9783,summer,14.54
2024-04-21 23:00:00,14.98185,summer,14.54
2024-04-22 00:00:00,14.88525,summer,14.54
2024-04-22 01:00:00,14.9262,summer,14.54
2024-04-22 02:00:00,15.081600000000002,summer,14.54
2024-04-22 03:00:00,15.067950000000003,summer,14.54
2024-04-22 04:00:00,15.8775,summer,14.54
2024-04-22 05:00:00,17.8095,summer,18.77
2024-04-22 06:00:00,20.42295,summer,18.77
2024-04-22 07:00:00,19.0233,summer,18.77
2024-04-22 08:00:00,16.88025,summer,18.77
2024-04-22 09:00:00,15.2853,summer,14.54
2024-04-22 10:00:00,15.220199999999998,summer,14.54
2024-04-22 11:00:00,14.780250000000002,summer,14.54
2024-04-22 12:00:00,14.425350000000002,summer,14.54
2024-04-22 13:00:00,14.47785,summer,14.54
2024-04-22 14:00:00,14.930400000000002,summer,14.54
2024-04-22 15:00:00,15.25485,summer,14.54
2024-04-22 16:00:00,16.85295,summer,18.77
2024-04-22 17:00:00,19.101000000000003,summer,18.77
2024-04-22 18:00:00,23.915250000000004,summer,18.77
2024-04-22 19:00:00,24.6408,summer,18.77
2024-04-22 20:00:00,20.34525,summer,18.77
2024-04-22 21:00:00,17.79585,summer,18.77
2024-04-22 22:00:00,16.87395,summer,18.77
2024-04-22 23:00:00,15.9636,summer,14.54
2024-04-23 00:00:00,15.792450000000002,summer,14.54
2024-04-23 01:00:00,15.714750000000002,summer,14.54
2024-04-23 02:00:00,15.659100000000002,summer,14.54
2024-04-23 03:00:00,15.75675,summer,14.54
2024-04-23 04:00:00,16.94745,summer,18.77
2024-04-23 05:00:00,19.437,summer,18.77
2024-04-23 06:00:00,25.7223,summer,18.77
2024-04-23 07:00:00,20.9994,summer,18.77
2024-04-23 08:00:00,17.0199,summer,18.77
2024-04-23 09:00:00,15.391350000000005,summer,14.54
2024-04-23 10:00:00,14.802300000000002,summer,14.54
2024-04-23 11:00:00,14.8233,summer,14.54
2024-04-23 12:00:00,15.0249,summer,14.54
2024-04-23 13:00:00,14.9451,summer,14.54
2024-04-23 14:00:00,15.0921,summer,14.54
2024-04-23 15:00:00,15.4071,summer,14.54
2024-04-23 16:00:00,16.13685,summer,14.54
2024-04-23 17:00:00,17.442,summer,18.77
2024-04-23 18:00:00,19.60605,summer,18.77
2024-04-23 19:00:00,19.82235,summer,18.77
2024-04-23 20:00:00,17.7255,summer,18.77
2024-04-23 21:00:00,16.426650000000002,summer,14.54
2024-04-23 22:00:00,15.25275,summer,14.54
2024-04-23 23:00:00,15.279,summer,14.54
2024-04-24 00:00:00,14.87685,summer,14.54
2024-04-24 01:00:00,14.7918,summer,14.54
2024-04-24 02:00:00,14.5503,summer,14.54
2024-04-24 03:00:00,14.813850000000002,summer,14.54
2024-04-24 04:00:00,15.28215,summer,14.54
2024-04-24 05:00:00,17.3643,summer,18.77
2024-04-24 06:00:00,20.14785,summer,18.77
2024-04-24 07:00:00,17.93235,summer,18.77
2024-04-24 08:00:00,16.330050000000004,summer,14.54
2024-04-24 09:00:00,16.2177,summer,14.54
2024-04-24 10:00:00,15.96675,summer,14.54
2024-04-24 11:00:00,15.363,summer,14.54
2024-04-24 12:00:00,15.09945,summer,14.54
2024-04-24 13:00:00,14.725650000000002,summer,14.54
2024-04-24 14:00:00,15.164550000000002,summer,14.54
2024-04-24 15:00:00,15.2076,summer,14.54
2024-04-24 16:00:00,15.783,summer,14.54
2024-04-24 17:00:00,17.3517,summer,18.77
2024-04-24 18:00:00,20.886,summer,18.77
2024-04-24 19:00:00,21.7512,summer,18.77
2024-04-24 20:00:00,19.4118,summer,18.77
2024-04-24 21:00:00,17.74755,summer,18.77
2024-04-24 22:00:00,16.16205,summer,14.54
2024-04-24 23:00:00,15.4575,summer,14.54
2024-04-25 00:00:00,15.09,summer,14.54
2024-04-25 01:00:00,14.813850000000002,summer,14.54
2024-04-25 02:00:00,14.67525,summer,14.54
2024-04-25 03:00:00,14.5902,summer,14.54
2024-04-25 04:00:00,15.5121,summer,14.54
2024-04-25 05:00:00,17.4462,summer,18.77
2024-04-25 06:00:00,20.240250000000003,summer,18.77
2024-04-25 07:00:00,18.52455,summer,18.77
2024-04-25 08:00:00,16.3605,summer,14.54
2024-04-25 09:00:00,15.091050000000005,summer,14.54
2024-04-25 10:00:00,14.901,summer,14.54
2024-04-25 11:00:00,14.4516,summer,14.54
2024-04-25 12:00:00,13.90035,summer,14.54
2024-04-25 13:00:00,13.663050000000002,summer,14.54
2024-04-25 14:00:00,13.9686,summer,14.54
2024-04-25 15:00:00,14.335050000000004,summer,14.54
2024-04-25 16:00:00,15.0774,summer,14.54
2024-04-25 17:00:00,16.682850000000002,summer,18.77
2024-04-25 18:00:00,21.50445,summer,18.77
2024-04-25 19:00:00,22.68045,summer,18.77
2024-04-25 20:00:00,18.62955,summer,18.77
2024-04-25 21:00:00,16.28175,summer,14.54
2024-04-25 22:00:00,15.0627,summer,14.54
2024-04-25 23:00:00,15.07635,summer,14.54
2024-04-26 00:00:00,14.46,summer,14.54
2024-04-26 01:00:00,14.5335,summer,14.54
2024-04-26 02:00:00,14.46735,summer,14.54
2024-04-26 03:00:00,14.7855,summer,14.54
2024-04-26 04:00:00,15.47745,summer,14.54
2024-04-26 05:00:00,16.5075,summer,14.54
2024-04-26 06:00:00,17.616300000000003,summer,18.77
2024-04-26 07:00:00,16.7763,summer,18.77
2024-04-26 08:00:00,15.203400000000002,summer,14.54
2024-04-26 09:00:00,14.86005,summer,14.54
2024-04-26 10:00:00,14.34975,summer,14.54
2024-04-26 11:00:00,14.07675,summer,14.54
2024-04-26 12:00:00,13.9077,summer,14.54
2024-04-26 13:00:00,13.55385,summer,14.54
2024-04-26 14:00:00,14.0316,summer,14.54
2024-04-26 15:00:00,14.2185,summer,14.54
2024-04-26 16:00:00,15.1383,summer,14.54
2024-04-26 17:00:00,16.6419,summer,14.54
2024-04-26 18:00:00,20.539500000000004,summer,18.77
2024-04-26 19:00:00,21.5559,summer,18.77
2024-04-26 20:00:00,18.24,summer,18.77
2024-04-26 21:00:00,16.42455,summer,14.54
2024-04-26 22:00:00,15.9573,summer,14.54
2024-04-26 23:00:00,16.170450000000002,summer,14.54
2024-04-27 00:00:00,16.0245,summer,14.54
2024-04-27 01:00:00,15.781950000000002,summer,14.54
2024-04-27 02:00:00,16.03815,summer,14.54
2024-04-27 03:00:00,15.89745,summer,14.54
2024-04-27 04:00:00,15.686400000000004,summer,14.54
2024-04-27 05:00:00,15.7284,summer,14.54
2024-04-27 06:00:00,14.9892,summer,14.54
2024-04-27 07:00:00,13.89825,summer,14.54
2024-04-27 08:00:00,12.89235,summer,14.54
2024-04-27 09:00:00,10.4721,summer,7.87
2024-04-27 10:00:00,7.575150000000002,summer,7.87
2024-04-27 11:00:00,6.693150000000001,summer,7.87
2024-04-27 12:00:00,6.684300000000001,summer,7.87
2024-04-27 13:00:00,6.690000000000001,summer,7.87
2024-04-27 14:00:00,6.690000000000001,summer,7.87
2024-04-27 15:00:00,8.784749999999999,summer,7.87
2024-04-27 16:00:00,13.2189,summer,14.54
2024-04-27 17:00:00,15.7389,summer,14.54
2024-04-27 18:00:00,19.2795,summer,18.77
2024-04-27 19:00:00,18.47835,summer,18.77
2024-04-27 20:00:00,15.615000000000002,summer,14.54
2024-04-27 21:00:00,14.6595,summer,14.54
2024-04-27 22:00:00,13.53915,summer,14.54
2024-04-27 23:00:00,12.61095,summer,14.54
2024-04-28 00:00:00,11.5347,summer,14.54
2024-04-28 01:00:00,10.848,summer,7.87
2024-04-28 02:00:00,10.00275,summer,7.87
2024-04-28 03:00:00,9.588,summer,7.87
2024-04-28 04:00:00,9.425249999999998,summer,7.87
2024-04-28 05:00:00,7.731600000000001,summer,7.87
2024-04-28 06:00:00,6.700500000000002,summer,7.87
2024-04-28 07:00:00,6.683350000000002,summer,7.87
2024-04-28 08:00:00,6.5931000000000015,summer,7.87
2024-04-28 09:00:00,5.110150000000002,summer,7.87
2024-04-28 10:00:00,3.2016000000000004,summer,7.87
2024-04-28 11:00:00,0.9852500000000008,summer,7.87
2024-04-28 12:00:00,0.9814500000000008,summer,7.87
2024-04-28 13:00:00,0.5093000000000006,summer,7.87
2024-04-28 14:00:00,1.7091500000000002,summer,7.87
2024-04-28 15:00:00,4.462250000000002,summer,7.87
2024-04-28 16:00:00,6.688100000000001,summer,7.87
2024-04-28 17:00:00,9.3549,summer,7.87
2024-04-28 18:00:00,13.9728,summer,14.54
2024-04-28 19:00:00,14.82225,summer,14.54
2024-04-28 20:00:00,14.9388,summer,14.54
2024-04-28 21:00:00,14.27205,summer,14.54
2024-04-28 22:00:00,13.718700000000002,summer,14.54
2024-04-28 23:00:00,13.32075,summer,14.54
2024-04-29 00:00:00,12.99525,summer,14.54
2024-04-29 01:00:00,12.87765,summer,14.54
2024-04-29 02:00:00,13.2483,summer,14.54
2024-04-29 03:00:00,14.7561,summer,14.54
2024-04-29 04:00:00,15.6339,summer,14.54
2024-04-29 05:00:00,17.4399,summer,18.77
2024-04-29 06:00:00,19.07475,summer,18.77
2024-04-29 07:00:00,17.26245,summer,18.77
2024-04-29 08:00:00,14.58285,summer,14.54
2024-04-29 09:00:00,12.907050000000002,summer,14.54
2024-04-29 10:00:00,10.5183,summer,7.87
2024-04-29 11:00:00,10.4889,summer,7.87
2024-04-29 12:00:00,10.42695,summer,7.87
2024-04-29 13:00:00,10.221150000000002,summer,7.87
2024-04-29 14:00:00,10.42485,summer,7.87
2024-04-29 15:00:00,11.6964,summer,14.54
2024-04-29 16:00:00,15.69375,summer,14.54
2024-04-29 17:00:00,17.68665,summer,18.77
2024-04-29 18:00:00,25.5942,summer,18.77
2024-04-29 19:00:00,28.169850000000004,summer,18.77
2024-04-29 20:00:00,18.08775,summer,18.77
2024-04-29 21:00:00,15.85545,summer,14.54
2024-04-29 22:00:00,15.21075,summer,14.54
2024-04-29 23:00:00,14.4348,summer,14.54
2024-04-30 00:00:00,13.70085,summer,14.54
2024-04-30 01:00:00,14.08305,summer,14.54
2024-04-30 02:00:00,14.04,summer,14.54
2024-04-30 03:00:00,14.04,summer,14.54
2024-04-30 04:00:00,14.96085,summer,14.54
2024-04-30 05:00:00,16.659750000000003,summer,18.77
2024-04-30 06:00:00,17.394750000000002,summer,18.77
2024-04-30 07:00:00,15.9783,summer,14.54
2024-04-30 08:00:00,14.775000000000002,summer,14.54
2024-04-30 09:00:00,13.206300000000002,summer,14.54
2024-04-30 10:00:00,11.6355,summer,14.54
2024-04-30 11:00:00,9.63525,summer,7.87
2024-04-30 12:00:00,7.876500000000001,summer,7.87
2024-04-30 13:00:00,7.740000000000001,summer,7.87
2024-04-30 14:00:00,8.699699999999998,summer,7.87
2024-04-30 15:00:00,11.5032,summer,14.54
2024-04-30 16:00:00,13.71975,summer,14.54
2024-04-30 17:00:00,15.741000000000003,summer,14.54
2024-04-30 18:00:00,19.501050000000003,summer,18.77
2024-04-30 19:00:00,20.59305,summer,18.77
2024-04-30 20:00:00,15.96885,summer,14.54
2024-04-30 21:00:00,14.87685,summer,14.54
2024-04-30 22:00:00,14.63745,summer,14.54
2024-04-30 23:00:00,13.70505,summer,14.54
2024-05-01 00:00:00,12.47445,summer,14.54
2024-05-01 01:00:00,11.972550000000002,summer,14.54
2024-05-01 02:00:00,11.30895,summer,14.54
2024-05-01 03:00:00,11.710050000000004,summer,14.54
2024-05-01 04:00:00,11.38245,summer,14.54
2024-05-01 05:00:00,11.1504,summer,7.87
2024-05-01 06:00:00,9.6384,summer,7.87
2024-05-01 07:00:00,7.577250000000001,summer,7.87
2024-05-01 08:00:00,6.6910500000000015,summer,7.87
2024-05-01 09:00:00,6.597850000000001,summer,7.87
2024-05-01 10:00:00,2.8852500000000005,summer,7.87
2024-05-01 11:00:00,0.0,summer,7.87
2024-05-01 12:00:00,0.0,summer,7.87
2024-05-01 13:00:00,0.0,summer,7.87
2024-05-01 14:00:00,0.0,summer,7.87
2024-05-01 15:00:00,3.83905,summer,7.87
2024-05-01 16:00:00,6.581700000000001,summer,7.87
2024-05-01 17:00:00,8.2986,summer,7.87
2024-05-01 18:00:00,11.982,summer,14.54
2024-05-01 19:00:00,11.94,summer,14.54
2024-05-01 20:00:00,10.26105,summer,7.87
2024-05-01 21:00:00,9.8316,summer,7.87
2024-05-01 22:00:00,9.0,summer,7.87
2024-05-01 23:00:00,8.2188,summer,7.87
2024-05-02 00:00:00,7.838700000000001,summer,7.87
2024-05-02 01:00:00,7.740000000000001,summer,7.87
2024-05-02 02:00:00,7.509000000000001,summer,7.87
2024-05-02 03:00:00,7.8061500000000015,summer,7.87
2024-05-02 04:00:00,10.0563,summer,7.87
2024-05-02 05:00:00,14.3256,summer,14.54
2024-05-02 06:00:00,14.909400000000002,summer,14.54
2024-05-02 07:00:00,13.2945,summer,14.54
2024-05-02 08:00:00,9.99225,summer,7.87
2024-05-02 09:00:00,7.225500000000001,summer,7.87
2024-05-02 10:00:00,6.682400000000001,summer,7.87
2024-05-02 11:00:00,6.5256500000000015,summer,7.87
2024-05-02 12:00:00,6.291950000000001,summer,7.87
2024-05-02 13:00:00,6.685250000000002,summer,7.87
2024-05-02 14:00:00,6.557950000000002,summer,7.87
2024-05-02 15:00:00,7.114200000000001,summer,7.87
2024-05-02 16:00:00,12.4818,summer,14.54
2024-05-02 17:00:00,15.2181,summer,14.54
2024-05-02 18:00:00,15.9258,summer,14.54
2024-05-02 19:00:00,15.6297,summer,14.54
2024-05-02 20:00:00,15.33255,summer,14.54
2024-05-02 21:00:00,14.90205,summer,14.54
2024-05-02 22:00:00,14.1471,summer,14.54
2024-05-02 23:00:00,13.1895,summer,14.54
2024-05-03 00:00:00,12.8997,summer,14.54
2024-05-03 01:00:00,12.77475,summer,14.54
2024-05-03 02:00:00,12.8325,summer,14.54
2024-05-03 03:00:00,12.8997,summer,14.54
2024-05-03 04:00:00,13.952850000000002,summer,14.54
2024-05-03 05:00:00,15.484800000000003,summer,14.54
2024-05-03 06:00:00,15.664350000000002,summer,14.54
2024-05-03 07:00:00,16.382550000000002,summer,14.54
2024-05-03 08:00:00,15.95625,summer,14.54
2024-05-03 09:00:00,14.874750000000002,summer,14.54
2024-05-03 10:00:00,14.3109,summer,14.54
2024-05-03 11:00:00,13.42155,summer,14.54
2024-05-03 12:00:00,12.91965,summer,14.54
2024-05-03 13:00:00,12.99525,summer,14.54
2024-05-03 14:00:00,13.48245,summer,14.54
2024-05-03 15:00:00,14.280450000000002,summer,14.54
2024-05-03 16:00:00,15.042750000000002,summer,14.54
2024-05-03 17:00:00,16.02345,summer,14.54
2024-05-03 18:00:00,17.76645,summer,18.77
2024-05-03 19:00:00,19.2837,summer,18.77
2024-05-03 20:00:00,18.02475,summer,18.77
2024-05-03 21:00:00,16.5033,summer,14.54
2024-05-03 22:00:00,15.673800000000004,summer,14.54
2024-05-03 23:00:00,16.224,summer,14.54
2024-05-04 00:00:00,15.90795,summer,14.54
2024-05-04 01:00:00,15.747300000000005,summer,14.54
2024-05-04 02:00:00,15.9006,summer,14.54
2024-05-04 03:00:00,16.2072,summer,14.54
2024-05-04 04:00:00,17.0157,summer,18.77
2024-05-04 05:00:00,16.57995,summer,14.54
2024-05-04 06:00:00,16.1421,summer,14.54
2024-05-04 07:00:00,14.930400000000002,summer,14.54
2024-05-04 08:00:00,13.239900000000002,summer,14.54
2024-05-04 09:00:00,11.01285,summer,7.87
2024-05-04 10:00:00,9.9639,summer,7.87
2024-05-04 11:00:00,9.30765,summer,7.87
2024-05-04 12:00:00,8.21565,summer,7.87
2024-05-04 13:00:00,8.0907,summer,7.87
2024-05-04 14:00:00,9.42315,summer,7.87
2024-05-04 15:00:00,13.3701,summer,14.54
2024-05-04 16:00:00,15.0228,summer,14.54
2024-05-04 17:00:00,16.98105,summer,18.77
2024-05-04 18:00:00,19.4916,summer,18.77
2024-05-04 19:00:00,20.907000000000004,summer,18.77
2024-05-04 20:00:00,18.6138,summer,18.77
2024-05-04 21:00:00,16.1673,summer,14.54
2024-05-04 22:00:00,15.468,summer,14.54
2024-05-04 23:00:00,16.2009,summer,14.54
2024-05-05 00:00:00,15.5961,summer,14.54
2024-05-05 01:00:00,15.459600000000002,summer,14.54
2024-05-05 02:00:00,15.14145,summer,14.54
2024-05-05 03:00:00,14.5377,summer,14.54
2024-05-05 04:00:00,14.158650000000002,summer,14.54
2024-05-05 05:00:00,13.2168,summer,14.54
2024-05-05 06:00:00,12.473400000000002,summer,14.54
2024-05-05 07:00:00,11.02965,summer,7.87
2024-05-05 08:00:00,9.4326,summer,7.87
2024-05-05 09:00:00,7.619250000000001,summer,7.87
2024-05-05 10:00:00,6.736200000000001,summer,7.87
2024-05-05 11:00:00,6.690000000000001,summer,7.87
2024-05-05 12:00:00,6.686200000000001,summer,7.87
2024-05-05 13:00:00,6.597850000000001,summer,7.87
2024-05-05 14:00:00,6.680500000000001,summer,7.87
2024-05-05 15:00:00,6.690000000000001,summer,7.87
2024-05-05 16:00:00,10.05,summer,7.87
2024-05-05 17:00:00,15.7725,summer,14.54
2024-05-05 18:00:00,16.7952,summer,18.77
2024-05-05 19:00:00,18.4416,summer,18.77
2024-05-05 20:00:00,17.98065,summer,18.77
2024-05-05 21:00:00,17.0577,summer,18.77
2024-05-05 22:00:00,16.00035,summer,14.54
2024-05-05 23:00:00,15.3903,summer,14.54
2024-05-06 00:00:00,15.046950000000002,summer,14.54
2024-05-06 01:00:00,15.13305,summer,14.54
2024-05-06 02:00:00,15.08475,summer,14.54
2024-05-06 03:00:00,15.26745,summer,14.54
2024-05-06 04:00:00,16.0119,summer,14.54
2024-05-06 05:00:00,17.934450000000002,summer,18.77
2024-05-06 06:00:00,20.3673,summer,18.77
2024-05-06 07:00:00,17.33175,summer,18.77
2024-05-06 08:00:00,16.035,summer,14.54
2024-05-06 09:00:00,15.20655,summer,14.54
2024-05-06 10:00:00,14.69415,summer,14.54
2024-05-06 11:00:00,14.697300000000002,summer,14.54
2024-05-06 12:00:00,14.53455,summer,14.54
2024-05-06 13:00:00,14.553450000000002,summer,14.54
2024-05-06 14:00:00,15.20655,summer,14.54
2024-05-06 15:00:00,15.2601,summer,14.54
2024-05-06 16:00:00,16.492800000000003,summer,14.54
2024-05-06 17:00:00,18.06885,summer,18.77
2024-05-06 18:00:00,21.03825,summer,18.77
2024-05-06 19:00:00,21.808950000000003,summer,18.77
2024-05-06 20:00:00,18.0279,summer,18.77
2024-05-06 21:00:00,16.620900000000002,summer,14.54
2024-05-06 22:00:00,15.554100000000002,summer,14.54
2024-05-06 23:00:00,15.27165,summer,14.54
2024-05-07 00:00:00,15.002850000000002,summer,14.54
2024-05-07 01:00:00,14.79915,summer,14.54
2024-05-07 02:00:00,15.08895,summer,14.54
2024-05-07 03:00:00,15.098400000000002,summer,14.54
2024-05-07 04:00:00,15.3063,summer,14.54
2024-05-07 05:00:00,17.0682,summer,18.77
2024-05-07 06:00:00,19.4685,summer,18.77
2024-05-07 07:00:00,18.5193,summer,18.77
2024-05-07 08:00:00,16.32375,summer,14.54
2024-05-07 09:00:00,15.63705,summer,14.54
2024-05-07 10:00:00,15.203400000000002,summer,14.54
2024-05-07 11:00:00,14.536650000000002,summer,14.54
2024-05-07 12:00:00,14.085150000000002,summer,14.54
2024-05-07 13:00:00,13.57065,summer,14.54
2024-05-07 14:00:00,14.46525,summer,14.54
2024-05-07 15:00:00,15.417600000000004,summer,14.54
2024-05-07 16:00:00,16.2261,summer,14.54
2024-05-07 17:00:00,17.805300000000003,summer,18.77
2024-05-07 18:00:00,20.74425,summer,18.77
2024-05-07 19:00:00,22.55025,summer,18.77
2024-05-07 20:00:00,19.5042,summer,18.77
2024-05-07 21:00:00,17.3685,summer,18.77
2024-05-07 22:00:00,15.9531,summer,14.54
2024-05-07 23:00:00,15.50685,summer,14.54
2024-05-08 00:00:00,15.1782,summer,14.54
2024-05-08 01:00:00,15.1824,summer,14.54
2024-05-08 02:00:00,15.34935,summer,14.54
2024-05-08 03:00:00,15.3504,summer,14.54
2024-05-08 04:00:00,16.09695,summer,14.54
2024-05-08 05:00:00,17.9754,summer,18.77
2024-05-08 06:00:00,19.1808,summer,18.77
2024-05-08 07:00:00,18.2526,summer,18.77
2024-05-08 08:00:00,16.39305,summer,14.54
2024-05-08 09:00:00,15.657,summer,14.54
2024-05-08 10:00:00,15.035400000000005,summer,14.54
2024-05-08 11:00:00,14.347650000000002,summer,14.54
2024-05-08 12:00:00,13.912950000000002,summer,14.54
2024-05-08 13:00:00,13.6809,summer,14.54
2024-05-08 14:00:00,13.71975,summer,14.54
2024-05-08 15:00:00,14.6406,summer,14.54
2024-05-08 16:00:00,16.2555,summer,14.54
2024-05-08 17:00:00,17.872500000000002,summer,18.77
2024-05-08 18:00:00,20.0817,summer,18.77
2024-05-08 19:00:00,20.8041,summer,18.77
2024-05-08 20:00:00,18.72825,summer,18.77
2024-05-08 21:00:00,16.826700000000002,summer,18.77
2024-05-08 22:00:00,15.9258,summer,14.54
2024-05-08 23:00:00,15.888000000000002,summer,14.54
2024-05-09 00:00:00,15.936300000000005,summer,14.54
2024-05-09 01:00:00,15.401850000000003,summer,14.54
2024-05-09 02:00:00,15.39975,summer,14.54
2024-05-09 03:00:00,16.01715,summer,14.54
2024-05-09 04:00:00,16.18095,summer,14.54
2024-05-09 05:00:00,15.943649999999998,summer,14.54
2024-05-09 06:00:00,15.158250000000002,summer,14.54
2024-05-09 07:00:00,13.57065,summer,14.54
2024-05-09 08:00:00,9.1407,summer,7.87
2024-05-09 09:00:00,7.222350000000001,summer,7.87
2024-05-09 10:00:00,6.640600000000001,summer,7.87
2024-05-09 11:00:00,6.606400000000002,summer,7.87
2024-05-09 12:00:00,6.561750000000001,summer,7.87
2024-05-09 13:00:00,6.497150000000001,summer,7.87
2024-05-09 14:00:00,6.601650000000001,summer,7.87
2024-05-09 15:00:00,6.761400000000001,summer,7.87
2024-05-09 16:00:00,13.4604,summer,14.54
2024-05-09 17:00:00,16.1106,summer,14.54
2024-05-09 18:00:00,18.01425,summer,18.77
2024-05-09 19:00:00,20.63295,summer,18.77
2024-05-09 20:00:00,19.67535,summer,18.77
2024-05-09 21:00:00,17.1837,summer,18.77
2024-05-09 22:00:00,15.903750000000002,summer,14.54
2024-05-09 23:00:00,16.36365,summer,14.54
2024-05-10 00:00:00,15.60765,summer,14.54
2024-05-10 01:00:00,14.78235,summer,14.54
2024-05-10 02:00:00,14.5104,summer,14.54
2024-05-10 03:00:00,14.5419,summer,14.54
2024-05-10 04:00:00,16.187250000000002,summer,14.54
2024-05-10 05:00:00,18.786,summer,18.77
2024-05-10 06:00:00,18.18435,summer,18.77
2024-05-10 07:00:00,16.727999999999998,summer,18.77
2024-05-10 08:00:00,13.76595,summer,14.54
2024-05-10 09:00:00,8.8782,summer,7.87
2024-05-10 10:00:00,6.9913500000000015,summer,7.87
2024-05-10 11:00:00,6.744600000000001,summer,7.87
2024-05-10 12:00:00,6.692100000000002,summer,7.87
2024-05-10 13:00:00,6.692100000000002,summer,7.87
2024-05-10 14:00:00,8.8341,summer,7.87
2024-05-10 15:00:00,13.5633,summer,14.54
2024-05-10 16:00:00,15.7074,summer,14.54
2024-05-10 17:00:00,17.81055,summer,18.77
2024-05-10 18:00:00,20.9973,summer,18.77
2024-05-10 19:00:00,24.6156,summer,18.77
2024-05-10 20:00:00,21.002550000000003,summer,18.77
2024-05-10 21:00:00,17.70135,summer,18.77
2024-05-10 22:00:00,16.3668,summer,14.54
2024-05-10 23:00:00,16.849800000000002,summer,18.77
2024-05-11 00:00:00,16.5789,summer,14.54
2024-05-11 01:00:00,16.143150000000002,summer,14.54
2024-05-11 02:00:00,16.04445,summer,14.54
2024-05-11 03:00:00,16.13055,summer,14.54
2024-05-11 04:00:00,16.2135,summer,14.54
2024-05-11 05:00:00,15.7956,summer,14.54
2024-05-11 06:00:00,15.0732,summer,14.54
2024-05-11 07:00:00,12.61935,summer,14.54
2024-05-11 08:00:00,7.404000000000001,summer,7.87
2024-05-11 09:00:00,6.690000000000001,summer,7.87
2024-05-11 10:00:00,5.695350000000001,summer,7.87
2024-05-11 11:00:00,4.6750500000000015,summer,7.87
2024-05-11 12:00:00,4.600950000000001,summer,7.87
2024-05-11 13:00:00,4.38815,summer,7.87
2024-05-11 14:00:00,5.601300000000001,summer,7.87
2024-05-11 15:00:00,6.6510500000000015,summer,7.87
2024-05-11 16:00:00,10.13085,summer,7.87
2024-05-11 17:00:00,15.28215,summer,14.54
2024-05-11 18:00:00,17.366400000000002,summer,18.77
2024-05-11 19:00:00,19.5525,summer,18.77
2024-05-11 20:00:00,17.555400000000002,summer,18.77
2024-05-11 21:00:00,15.747300000000005,summer,14.54
2024-05-11 22:00:00,13.868850000000002,summer,14.54
2024-05-11 23:00:00,13.56645,summer,14.54
2024-05-12 00:00:00,12.4125,summer,14.54
2024-05-12 01:00:00,11.3646,summer,14.54
2024-05-12 02:00:00,11.0181,summer,7.87
2024-05-12 03:00:00,11.55465,summer,14.54
2024-05-12 04:00:00,11.2575,summer,14.54
2024-05-12 05:00:00,8.53905,summer,7.87
2024-05-12 06:00:00,7.1929500000000015,summer,7.87
2024-05-12 07:00:00,6.936750000000001,summer,7.87
2024-05-12 08:00:00,6.424000000000001,summer,7.87
2024-05-12 09:00:00,4.315,summer,7.87
2024-05-12 10:00:00,0.0742000000000003,summer,7.87
2024-05-12 11:00:00,0.0,summer,7.87
2024-05-12 12:00:00,0.0,summer,7.87
2024-05-12 13:00:00,0.0,summer,7.87
2024-05-12 14:00:00,0.0,summer,7.87
2024-05-12 15:00:00,3.84,summer,7.87
2024-05-12 16:00:00,6.563650000000001,summer,7.87
2024-05-12 17:00:00,9.052499999999998,summer,7.87
2024-05-12 18:00:00,13.8237,summer,14.54
2024-05-12 19:00:00,14.6427,summer,14.54
2024-05-12 20:00:00,12.8073,summer,14.54
2024-05-12 21:00:00,11.373,summer,14.54
2024-05-12 22:00:00,10.42905,summer,7.87
2024-05-12 23:00:00,9.5082,summer,7.87
2024-05-13 00:00:00,9.4074,summer,7.87
2024-05-13 01:00:00,9.38955,summer,7.87
2024-05-13 02:00:00,9.283499999999998,summer,7.87
2024-05-13 03:00:00,9.525,summer,7.87
2024-05-13 04:00:00,10.8564,summer,7.87
2024-05-13 05:00:00,15.086850000000002,summer,14.54
2024-05-13 06:00:00,17.883000000000003,summer,18.77
2024-05-13 07:00:00,14.92935,summer,14.54
2024-05-13 08:00:00,11.25855,summer,14.54
2024-05-13 09:00:00,7.779900000000001,summer,7.87
2024-05-13 10:00:00,6.597850000000001,summer,7.87
2024-05-13 11:00:00,6.434450000000001,summer,7.87
2024-05-13 12:00:00,6.474350000000001,summer,7.87
2024-05-13 13:00:00,6.4563000000000015,summer,7.87
2024-05-13 14:00:00,6.620650000000001,summer,7.87
2024-05-13 15:00:00,6.697350000000001,summer,7.87
2024-05-13 16:00:00,12.46605,summer,14.54
2024-05-13 17:00:00,15.417600000000004,summer,14.54
2024-05-13 18:00:00,22.0389,summer,18.77
2024-05-13 19:00:00,21.285,summer,18.77
2024-05-13 20:00:00,16.003500000000003,summer,14.54
2024-05-13 21:00:00,13.99275,summer,14.54
2024-05-13 22:00:00,12.2235,summer,14.54
2024-05-13 23:00:00,11.7909,summer,14.54
2024-05-14 00:00:00,11.25015,summer,14.54
2024-05-14 01:00:00,10.40175,summer,7.87
2024-05-14 02:00:00,10.2684,summer,7.87
2024-05-14 03:00:00,9.72345,summer,7.87
2024-05-14 04:00:00,12.18675,summer,14.54
2024-05-14 05:00:00,14.2374,summer,14.54
2024-05-14 06:00:00,14.80965,summer,14.54
2024-05-14 07:00:00,12.0975,summer,14.54
2024-05-14 08:00:00,7.282200000000001,summer,7.87
2024-05-14 09:00:00,6.468650000000001,summer,7.87
2024-05-14 10:00:00,5.633600000000001,summer,7.87
2024-05-14 11:00:00,3.2386500000000003,summer,7.87
2024-05-14 12:00:00,2.6097500000000005,summer,7.87
2024-05-14 13:00:00,2.9223000000000003,summer,7.87
2024-05-14 14:00:00,4.803300000000001,summer,7.87
2024-05-14 15:00:00,6.411650000000002,summer,7.87
2024-05-14 16:00:00,6.686200000000001,summer,7.87
2024-05-14 17:00:00,11.282700000000002,summer,14.54
2024-05-14 18:00:00,15.4995,summer,14.54
2024-05-14 19:00:00,16.50435,summer,14.54
2024-05-14 20:00:00,14.71305,summer,14.54
2024-05-14 21:00:00,11.45175,summer,14.54
2024-05-14 22:00:00,9.59955,summer,7.87
2024-05-14 23:00:00,9.8988,summer,7.87
2024-05-15 00:00:00,10.0857,summer,7.87
2024-05-15 01:00:00,10.8249,summer,7.87
2024-05-15 02:00:00,11.079,summer,7.87
2024-05-15 03:00:00,10.6758,summer,7.87
2024-05-15 04:00:00,12.24135,summer,14.54
2024-05-15 05:00:00,15.61605,summer,14.54
2024-05-15 06:00:00,15.9468,summer,14.54
2024-05-15 07:00:00,15.55725,summer,14.54
2024-05-15 08:00:00,11.7741,summer,14.54
2024-05-15 09:00:00,7.462800000000001,summer,7.87
2024-05-15 10:00:00,6.682400000000001,summer,7.87
2024-05-15 11:00:00,5.744750000000002,summer,7.87
2024-05-15 12:00:00,5.627900000000001,summer,7.87
2024-05-15 13:00:00,5.748550000000002,summer,7.87
2024-05-15 14:00:00,6.681450000000002,summer,7.87
2024-05-15 15:00:00,6.871650000000002,summer,7.87
2024-05-15 16:00:00,9.87465,summer,7.87
2024-05-15 17:00:00,14.4243,summer,14.54
2024-05-15 18:00:00,17.3202,summer,18.77
2024-05-15 19:00:00,18.261,summer,18.77
2024-05-15 20:00:00,15.489,summer,14.54
2024-05-15 21:00:00,13.3722,summer,14.54
2024-05-15 22:00:00,11.800350000000002,summer,14.54
2024-05-15 23:00:00,12.0597,summer,14.54
2024-05-16 00:00:00,11.7048,summer,14.54
2024-05-16 01:00:00,10.8501,summer,7.87
2024-05-16 02:00:00,11.88645,summer,14.54
2024-05-16 03:00:00,11.3562,summer,14.54
2024-05-16 04:00:00,12.7275,summer,14.54
2024-05-16 05:00:00,15.231750000000002,summer,14.54
2024-05-16 06:00:00,16.75005,summer,18.77
2024-05-16 07:00:00,15.402900000000002,summer,14.54
2024-05-16 08:00:00,12.2655,summer,14.54
2024-05-16 09:00:00,7.897500000000002,summer,7.87
2024-05-16 10:00:00,6.698400000000001,summer,7.87
2024-05-16 11:00:00,6.688100000000001,summer,7.87
2024-05-16 12:00:00,6.622550000000001,summer,7.87
2024-05-16 13:00:00,6.674800000000001,summer,7.87
2024-05-16 14:00:00,6.6910500000000015,summer,7.87
2024-05-16 15:00:00,7.740000000000001,summer,7.87
2024-05-16 16:00:00,11.40975,summer,14.54
2024-05-16 17:00:00,14.5608,summer,14.54
2024-05-16 18:00:00,16.7763,summer,18.77
2024-05-16 19:00:00,18.23055,summer,18.77
2024-05-16 20:00:00,15.91845,summer,14.54
2024-05-16 21:00:00,15.359850000000002,summer,14.54
2024-05-16 22:00:00,13.9539,summer,14.54
2024-05-16 23:00:00,13.9896,summer,14.54
2024-05-17 00:00:00,13.326,summer,14.54
2024-05-17 01:00:00,13.3281,summer,14.54
2024-05-17 02:00:00,13.2504,summer,14.54
2024-05-17 03:00:00,13.45095,summer,14.54
2024-05-17 04:00:00,13.3302,summer,14.54
2024-05-17 05:00:00,15.481650000000002,summer,14.54
2024-05-17 06:00:00,17.1837,summer,18.77
2024-05-17 07:00:00,16.63455,summer,14.54
2024-05-17 08:00:00,14.4495,summer,14.54
2024-05-17 09:00:00,13.4583,summer,14.54
2024-05-17 10:00:00,12.71805,summer,14.54
2024-05-17 11:00:00,10.69155,summer,7.87
2024-05-17 12:00:00,9.6552,summer,7.87
2024-05-17 13:00:00,10.008,summer,7.87
2024-05-17 14:00:00,10.6275,summer,7.87
2024-05-17 15:00:00,12.15945,summer,14.54
2024-05-17 16:00:00,14.096700000000002,summer,14.54
2024-05-17 17:00:00,14.0274,summer,14.54
2024-05-17 18:00:00,16.659750000000003,summer,18.77
2024-05-17 19:00:00,18.0237,summer,18.77
2024-05-17 20:00:00,16.688100000000002,summer,18.77
2024-05-17 21:00:00,16.075950000000002,summer,14.54
2024-05-17 22:00:00,15.158250000000002,summer,14.54
2024-05-17 23:00:00,13.78275,summer,14.54
2024-05-18 00:00:00,13.36905,summer,14.54
2024-05-18 01:00:00,13.391100000000002,summer,14.54
2024-05-18 02:00:00,13.533900000000004,summer,14.54
2024-05-18 03:00:00,13.936050000000002,summer,14.54
2024-05-18 04:00:00,14.30355,summer,14.54
2024-05-18 05:00:00,14.2353,summer,14.54
2024-05-18 06:00:00,14.08095,summer,14.54
2024-05-18 07:00:00,13.3953,summer,14.54
2024-05-18 08:00:00,11.6628,summer,14.54
2024-05-18 09:00:00,7.680150000000001,summer,7.87
2024-05-18 10:00:00,6.764550000000002,summer,7.87
2024-05-18 11:00:00,6.688100000000001,summer,7.87
2024-05-18 12:00:00,6.566500000000001,summer,7.87
2024-05-18 13:00:00,6.424950000000002,summer,7.87
2024-05-18 14:00:00,6.507600000000001,summer,7.87
2024-05-18 15:00:00,6.686200000000001,summer,7.87
2024-05-18 16:00:00,12.0093,summer,14.54
2024-05-18 17:00:00,15.29055,summer,14.54
2024-05-18 18:00:00,18.2337,summer,18.77
2024-05-18 19:00:00,20.5143,summer,18.77
2024-05-18 20:00:00,19.5819,summer,18.77
2024-05-18 21:00:00,16.8246,summer,18.77
2024-05-18 22:00:00,15.783,summer,14.54
2024-05-18 23:00:00,16.21245,summer,14.54
2024-05-19 00:00:00,16.0413,summer,14.54
2024-05-19 01:00:00,15.999300000000002,summer,14.54
2024-05-19 02:00:00,15.815549999999998,summer,14.54
2024-05-19 03:00:00,15.73365,summer,14.54
2024-05-19 04:00:00,15.1488,summer,14.54
2024-05-19 05:00:00,14.62485,summer,14.54
2024-05-19 06:00:00,14.0652,summer,14.54
2024-05-19 07:00:00,11.6208,summer,14.54
2024-05-19 08:00:00,7.278000000000001,summer,7.87
2024-05-19 09:00:00,6.687150000000002,summer,7.87
2024-05-19 10:00:00,6.672900000000001,summer,7.87
2024-05-19 11:00:00,6.494300000000001,summer,7.87
2024-05-19 12:00:00,5.986050000000001,summer,7.87
2024-05-19 13:00:00,5.252650000000001,summer,7.87
2024-05-19 14:00:00,5.740000000000001,summer,7.87
2024-05-19 15:00:00,6.329950000000001,summer,7.87
2024-05-19 16:00:00,6.684300000000001,summer,7.87
2024-05-19 17:00:00,13.42785,summer,14.54
2024-05-19 18:00:00,16.09695,summer,14.54
2024-05-19 19:00:00,18.6243,summer,18.77
2024-05-19 20:00:00,19.5903,summer,18.77
2024-05-19 21:00:00,17.392650000000003,summer,18.77
2024-05-19 22:00:00,15.7347,summer,14.54
2024-05-19 23:00:00,16.254450000000002,summer,14.54
2024-05-20 00:00:00,15.3672,summer,14.54
2024-05-20 01:00:00,15.79665,summer,14.54
2024-05-20 02:00:00,15.72945,summer,14.54
2024-05-20 03:00:00,15.95205,summer,14.54
2024-05-20 04:00:00,16.2933,summer,14.54
2024-05-20 05:00:00,17.6856,summer,18.77
2024-05-20 06:00:00,17.78745,summer,18.77
2024-05-20 07:00:00,14.2752,summer,14.54
2024-05-20 08:00:00,10.134,summer,7.87
2024-05-20 09:00:00,7.993050000000001,summer,7.87
2024-05-20 10:00:00,7.326300000000002,summer,7.87
2024-05-20 11:00:00,6.943050000000001,summer,7.87
2024-05-20 12:00:00,6.690000000000001,summer,7.87
2024-05-20 13:00:00,6.6586500000000015,summer,7.87
2024-05-20 14:00:00,6.683350000000002,summer,7.87
2024-05-20 15:00:00,6.783450000000001,summer,7.87
2024-05-20 16:00:00,13.42785,summer,14.54
2024-05-20 17:00:00,15.7137,summer,14.54
2024-05-20 18:00:00,18.62115,summer,18.77
2024-05-20 19:00:00,20.9595,summer,18.77
2024-05-20 20:00:00,19.32465,summer,18.77
2024-05-20 21:00:00,16.83615,summer,18.77
2024-05-20 22:00:00,15.075300000000002,summer,14.54
2024-05-20 23:00:00,15.2433,summer,14.54
2024-05-21 00:00:00,14.712,summer,14.54
2024-05-21 01:00:00,14.692050000000002,summer,14.54
2024-05-21 02:00:00,14.8716,summer,14.54
2024-05-21 03:00:00,14.55765,summer,14.54
2024-05-21 04:00:00,15.0459,summer,14.54
2024-05-21 05:00:00,18.477300000000003,summer,18.77
2024-05-21 06:00:00,19.6029,summer,18.77
2024-05-21 07:00:00,16.91175,summer,18.77
2024-05-21 08:00:00,15.2853,summer,14.54
2024-05-21 09:00:00,13.7229,summer,14.54
2024-05-21 10:00:00,12.4041,summer,14.54
2024-05-21 11:00:00,9.67935,summer,7.87
2024-05-21 12:00:00,9.9807,summer,7.87
2024-05-21 13:00:00,12.36945,summer,14.54
2024-05-21 14:00:00,14.00325,summer,14.54
2024-05-21 15:00:00,15.04905,summer,14.54
2024-05-21 16:00:00,15.9279,summer,14.54
2024-05-21 17:00:00,17.5512,summer,18.77
2024-05-21 18:00:00,20.0229,summer,18.77
2024-05-21 19:00:00,17.09235,summer,18.77
2024-05-21 20:00:00,15.4659,summer,14.54
2024-05-21 21:00:00,15.41025,summer,14.54
2024-05-21 22:00:00,13.61055,summer,14.54
2024-05-21 23:00:00,14.04315,summer,14.54
2024-05-22 00:00:00,13.662000000000004,summer,14.54
2024-05-22 01:00:00,13.5045,summer,14.54
2024-05-22 02:00:00,12.3726,summer,14.54
2024-05-22 03:00:00,13.2693,summer,14.54
2024-05-22 04:00:00,14.061,summer,14.54
2024-05-22 05:00:00,16.9947,summer,18.77
2024-05-22 06:00:00,17.5176,summer,18.77
2024-05-22 07:00:00,16.6629,summer,18.77
2024-05-22 08:00:00,15.21705,summer,14.54
2024-05-22 09:00:00,14.04,summer,14.54
2024-05-22 10:00:00,14.0169,summer,14.54
2024-05-22 11:00:00,13.58325,summer,14.54
2024-05-22 12:00:00,12.66555,summer,14.54
2024-05-22 13:00:00,12.584700000000002,summer,14.54
2024-05-22 14:00:00,13.74285,summer,14.54
2024-05-22 15:00:00,14.83905,summer,14.54
2024-05-22 16:00:00,16.397250000000003,summer,14.54
2024-05-22 17:00:00,17.187900000000003,summer,18.77
2024-05-22 18:00:00,22.1271,summer,18.77
2024-05-22 19:00:00,22.9524,summer,18.77
2024-05-22 20:00:00,20.96895,summer,18.77
2024-05-22 21:00:00,17.99955,summer,18.77
2024-05-22 22:00:00,16.4781,summer,14.54
2024-05-22 23:00:00,15.01335,summer,14.54
2024-05-23 00:00:00,14.92725,summer,14.54
2024-05-23 01:00:00,14.55765,summer,14.54
2024-05-23 02:00:00,14.741400000000002,summer,14.54
2024-05-23 03:00:00,14.948250000000002,summer,14.54
2024-05-23 04:00:00,15.594,summer,14.54
2024-05-23 05:00:00,18.0279,summer,18.77
2024-05-23 06:00:00,19.08,summer,18.77
2024-05-23 07:00:00,16.9632,summer,18.77
2024-05-23 08:00:00,14.63325,summer,14.54
2024-05-23 09:00:00,14.553450000000002,summer,14.54
2024-05-23 10:00:00,13.4205,summer,14.54
2024-05-23 11:00:00,12.2025,summer,14.54
2024-05-23 12:00:00,11.44755,summer,14.54
2024-05-23 13:00:00,12.6729,summer,14.54
2024-05-23 14:00:00,14.187,summer,14.54
2024-05-23 15:00:00,15.48585,summer,14.54
2024-05-23 16:00:00,16.8372,summer,18.77
2024-05-23 17:00:00,18.39645,summer,18.77
2024-05-23 18:00:00,23.099400000000003,summer,18.77
2024-05-23 19:00:00,25.596300000000003,summer,18.77
2024-05-23 20:00:00,23.0679,summer,18.77
2024-05-23 21:00:00,19.93575,summer,18.77
2024-05-23 22:00:00,17.71815,summer,18.77
2024-05-23 23:00:00,17.522850000000002,summer,18.77
2024-05-24 00:00:00,16.5726,summer,14.54
2024-05-24 01:00:00,16.11795,summer,14.54
2024-05-24 02:00:00,15.9531,summer,14.54
2024-05-24 03:00:00,16.329,summer,14.54
2024-05-24 04:00:00,17.52915,summer,18.77
2024-05-24 05:00:00,19.6932,summer,18.77
2024-05-24 06:00:00,19.50735,summer,18.77
2024-05-24 07:00:00,18.8595,summer,18.77
2024-05-24 08:00:00,17.8305,summer,18.77
2024-05-24 09:00:00,16.7868,summer,18.77
2024-05-24 10:00:00,16.14735,summer,14.54
2024-05-24 11:00:00,16.0329,summer,14.54
2024-05-24 12:00:00,15.9027,summer,14.54
2024-05-24 13:00:00,15.942600000000002,summer,14.54
2024-05-24 14:00:00,15.948900000000002,summer,14.54
2024-05-24 15:00:00,15.53835,summer,14.54
2024-05-24 16:00:00,17.06295,summer,18.77
2024-05-24 17:00:00,18.42585,summer,18.77
2024-05-24 18:00:00,20.33895,summer,18.77
2024-05-24 19:00:00,19.815,summer,18.77
2024-05-24 20:00:00,18.8532,summer,18.77
2024-05-24 21:00:00,18.205350000000003,summer,18.77
2024-05-24 22:00:00,17.1732,summer,18.77
2024-05-24 23:00:00,16.6524,summer,14.54
2024-05-25 00:00:00,16.332150000000002,summer,14.54
2024-05-25 01:00:00,16.18515,summer,14.54
2024-05-25 02:00:00,16.0518,summer,14.54
2024-05-25 03:00:00,16.03815,summer,14.54
2024-05-25 04:00:00,16.1673,summer,14.54
2024-05-25 05:00:00,16.2114,summer,14.54
2024-05-25 06:00:00,15.74415,summer,14.54
2024-05-25 07:00:00,14.9409,summer,14.54
2024-05-25 08:00:00,14.53875,summer,14.54
2024-05-25 09:00:00,12.384150000000002,summer,14.54
2024-05-25 10:00:00,7.670700000000001,summer,7.87
2024-05-25 11:00:00,7.030200000000002,summer,7.87
2024-05-25 12:00:00,6.694200000000001,summer,7.87
2024-05-25 13:00:00,6.690000000000001,summer,7.87
2024-05-25 14:00:00,6.692100000000002,summer,7.87
2024-05-25 15:00:00,8.18415,summer,7.87
2024-05-25 16:00:00,14.674200000000004,summer,14.54
2024-05-25 17:00:00,16.794150000000002,summer,18.77
2024-05-25 18:00:00,18.84585,summer,18.77
2024-05-25 19:00:00,20.5416,summer,18.77
2024-05-25 20:00:00,21.06975,summer,18.77
2024-05-25 21:00:00,18.84585,summer,18.77
2024-05-25 22:00:00,17.666700000000002,summer,18.77
2024-05-25 23:00:00,17.9628,summer,18.77
2024-05-26 00:00:00,17.0115,summer,18.77
2024-05-26 01:00:00,16.220850000000002,summer,14.54
2024-05-26 02:00:00,16.1505,summer,14.54
2024-05-26 03:00:00,16.2618,summer,14.54
2024-05-26 04:00:00,15.99405,summer,14.54
2024-05-26 05:00:00,15.45645,summer,14.54
2024-05-26 06:00:00,14.2395,summer,14.54
2024-05-26 07:00:00,8.08125,summer,7.87
2024-05-26 08:00:00,6.692100000000002,summer,7.87
2024-05-26 09:00:00,6.690000000000001,summer,7.87
2024-05-26 10:00:00,6.681450000000002,summer,7.87
2024-05-26 11:00:00,6.488600000000001,summer,7.87
2024-05-26 12:00:00,5.677300000000002,summer,7.87
2024-05-26 13:00:00,4.421400000000001,summer,7.87
2024-05-26 14:00:00,5.748550000000002,summer,7.87
2024-05-26 15:00:00,6.633000000000001,summer,7.87
2024-05-26 16:00:00,12.675,summer,14.54
2024-05-26 17:00:00,16.482300000000002,summer,14.54
2024-05-26 18:00:00,19.0884,summer,18.77
2024-05-26 19:00:00,19.1577,summer,18.77
2024-05-26 20:00:00,19.4055,summer,18.77
2024-05-26 21:00:00,17.9187,summer,18.77
2024-05-26 22:00:00,15.8775,summer,14.54
2024-05-26 23:00:00,14.9157,summer,14.54
2024-05-27 00:00:00,14.57235,summer,14.54
2024-05-27 01:00:00,14.5062,summer,14.54
2024-05-27 02:00:00,14.50515,summer,14.54
2024-05-27 03:00:00,14.86635,summer,14.54
2024-05-27 04:00:00,15.514200000000002,summer,14.54
2024-05-27 05:00:00,18.5487,summer,18.77
2024-05-27 06:00:00,20.207700000000003,summer,18.77
2024-05-27 07:00:00,19.76775,summer,18.77
2024-05-27 08:00:00,17.9481,summer,18.77
2024-05-27 09:00:00,15.9762,summer,14.54
2024-05-27 10:00:00,15.747300000000005,summer,14.54
2024-05-27 11:00:00,14.8107,summer,14.54
2024-05-27 12:00:00,14.5083,summer,14.54
2024-05-27 13:00:00,14.3508,summer,14.54
2024-05-27 14:00:00,14.8569,summer,14.54
2024-05-27 15:00:00,15.5793,summer,14.54
2024-05-27 16:00:00,18.349200000000003,summer,18.77
2024-05-27 17:00:00,20.487,summer,18.77
2024-05-27 18:00:00,26.291400000000003,summer,18.77
2024-05-27 19:00:00,29.943300000000004,summer,18.77
2024-05-27 20:00:00,24.5253,summer,18.77
2024-05-27 21:00:00,20.487,summer,18.77
2024-05-27 22:00:00,18.6369,summer,18.77
2024-05-27 23:00:00,16.9569,summer,18.77
2024-05-28 00:00:00,16.192500000000003,summer,14.54
2024-05-28 01:00:00,15.8922,summer,14.54
2024-05-28 02:00:00,15.6381,summer,14.54
2024-05-28 03:00:00,15.5058,summer,14.54
2024-05-28 04:00:00,15.9342,summer,14.54
2024-05-28 05:00:00,18.2757,summer,18.77
2024-05-28 06:00:00,19.3005,summer,18.77
2024-05-28 07:00:00,17.42415,summer,18.77
2024-05-28 08:00:00,15.660150000000002,summer,14.54
2024-05-28 09:00:00,14.3046,summer,14.54
2024-05-28 10:00:00,13.952850000000002,summer,14.54
2024-05-28 11:00:00,13.1055,summer,14.54
2024-05-28 12:00:00,12.49125,summer,14.54
2024-05-28 13:00:00,12.49335,summer,14.54
2024-05-28 14:00:00,13.5843,summer,14.54
2024-05-28 15:00:00,14.3046,summer,14.54
2024-05-28 16:00:00,15.699000000000002,summer,14.54
2024-05-28 17:00:00,17.4294,summer,18.77
2024-05-28 18:00:00,20.34525,summer,18.77
2024-05-28 19:00:00,21.842550000000003,summer,18.77
2024-05-28 20:00:00,19.71,summer,18.77
2024-05-28 21:00:00,17.199450000000002,summer,18.77
2024-05-28 22:00:00,16.0119,summer,14.54
2024-05-28 23:00:00,14.2731,summer,14.54
2024-05-29 00:00:00,12.7317,summer,14.54
2024-05-29 01:00:00,12.3894,summer,14.54
2024-05-29 02:00:00,12.00195,summer,14.54
2024-05-29 03:00:00,11.92215,summer,14.54
2024-05-29 04:00:00,11.51055,summer,14.54
2024-05-29 05:00:00,14.26575,summer,14.54
2024-05-29 06:00:00,15.76725,summer,14.54
2024-05-29 07:00:00,16.2996,summer,14.54
2024-05-29 08:00:00,13.94655,summer,14.54
2024-05-29 09:00:00,13.81425,summer,14.54
2024-05-29 10:00:00,13.2126,summer,14.54
2024-05-29 11:00:00,12.89235,summer,14.54
2024-05-29 12:00:00,13.22625,summer,14.54
2024-05-29 13:00:00,13.2189,summer,14.54
2024-05-29 14:00:00,13.98645,summer,14.54
2024-05-29 15:00:00,14.32035,summer,14.54
2024-05-29 16:00:00,16.059150000000002,summer,14.54
2024-05-29 17:00:00,16.6293,summer,14.54
2024-05-29 18:00:00,18.3912,summer,18.77
2024-05-29 19:00:00,21.442500000000003,summer,18.77
2024-05-29 20:00:00,21.7323,summer,18.77
2024-05-29 21:00:00,19.33095,summer,18.77
2024-05-29 22:00:00,16.720650000000003,summer,18.77
2024-05-29 23:00:00,17.23515,summer,18.77
2024-05-30 00:00:00,16.791,summer,18.77
2024-05-30 01:00:00,16.26705,summer,14.54
2024-05-30 02:00:00,16.52115,summer,14.54
2024-05-30 03:00:00,16.6188,summer,14.54
2024-05-30 04:00:00,17.27295,summer,18.77
2024-05-30 05:00:00,17.54385,summer,18.77
2024-05-30 06:00:00,17.89035,summer,18.77
2024-05-30 07:00:00,16.94955,summer,18.77
2024-05-30 08:00:00,16.549500000000002,summer,14.54
2024-05-30 09:00:00,15.615000000000002,summer,14.54
2024-05-30 10:00:00,15.09,summer,14.54
2024-05-30 11:00:00,14.1366,summer,14.54
2024-05-30 12:00:00,13.30185,summer,14.54
2024-05-30 13:00:00,13.30185,summer,14.54
2024-05-30 14:00:00,13.79745,summer,14.54
2024-05-30 15:00:00,15.48375,summer,14.54
2024-05-30 16:00:00,16.15365,summer,14.54
2024-05-30 17:00:00,18.31035,summer,18.77
2024-05-30 18:00:00,20.88915,summer,18.77
2024-05-30 19:00:00,22.93665,summer,18.77
2024-05-30 20:00:00,21.75225,summer,18.77
2024-05-30 21:00:00,18.461550000000003,summer,18.77
2024-05-30 22:00:00,17.26455,summer,18.77
2024-05-30 23:00:00,16.79205,summer,18.77
2024-05-31 00:00:00,15.164550000000002,summer,14.54
2024-05-31 01:00:00,15.036450000000002,summer,14.54
2024-05-31 02:00:00,14.42955,summer,14.54
2024-05-31 03:00:00,14.51565,summer,14.54
2024-05-31 04:00:00,16.1463,summer,14.54
2024-05-31 05:00:00,17.84835,summer,18.77
2024-05-31 06:00:00,18.14655,summer,18.77
2024-05-31 07:00:00,18.1056,summer,18.77
2024-05-31 08:00:00,17.437800000000003,summer,18.77
2024-05-31 09:00:00,16.34685,summer,14.54
2024-05-31 10:00:00,15.3021,summer,14.54
2024-05-31 11:00:00,14.55555,summer,14.54
2024-05-31 12:00:00,13.8825,summer,14.54
2024-05-31 13:00:00,13.5465,summer,14.54
2024-05-31 14:00:00,13.718700000000002,summer,14.54
2024-05-31 15:00:00,14.57235,summer,14.54
2024-05-31 16:00:00,15.520500000000002,summer,14.54
2024-05-31 17:00:00,16.6083,summer,14.54
2024-05-31 18:00:00,18.0237,summer,18.77
2024-05-31 19:00:00,18.765,summer,18.77
2024-05-31 20:00:00,18.02055,summer,18.77
2024-05-31 21:00:00,17.372700000000002,summer,18.77
2024-05-31 22:00:00,15.5289,summer,14.54
2024-05-31 23:00:00,15.9909,summer,14.54
2024-06-01 00:00:00,16.0161,summer,14.54
2024-06-01 01:00:00,15.0543,summer,14.54
2024-06-01 02:00:00,14.2647,summer,14.54
2024-06-01 03:00:00,14.236350000000002,summer,14.54
2024-06-01 04:00:00,14.23215,summer,14.54
2024-06-01 05:00:00,14.586000000000002,summer,14.54
2024-06-01 06:00:00,14.502000000000002,summer,14.54
2024-06-01 07:00:00,14.30145,summer,14.54
2024-06-01 08:00:00,13.13175,summer,14.54
2024-06-01 09:00:00,11.6418,summer,14.54
2024-06-01 10:00:00,11.0853,summer,7.87
2024-06-01 11:00:00,8.91705,summer,7.87
2024-06-01 12:00:00,7.471200000000001,summer,7.87
2024-06-01 13:00:00,6.996600000000002,summer,7.87
2024-06-01 14:00:00,7.299000000000001,summer,7.87
2024-06-01 15:00:00,8.055000000000001,summer,7.87
2024-06-01 16:00:00,12.1584,summer,14.54
2024-06-01 17:00:00,13.7775,summer,14.54
2024-06-01 18:00:00,15.289500000000004,summer,14.54
2024-06-01 19:00:00,15.7053,summer,14.54
2024-06-01 20:00:00,15.274800000000004,summer,14.54
2024-06-01 21:00:00,15.5604,summer,14.54
2024-06-01 22:00:00,13.55595,summer,14.54
2024-06-01 23:00:00,10.43955,summer,7.87
2024-06-02 00:00:00,9.9576,summer,7.87
2024-06-02 01:00:00,8.35425,summer,7.87
2024-06-02 02:00:00,7.448100000000001,summer,7.87
2024-06-02 03:00:00,7.630800000000002,summer,7.87
2024-06-02 04:00:00,7.228650000000001,summer,7.87
2024-06-02 05:00:00,7.2055500000000015,summer,7.87
2024-06-02 06:00:00,7.121550000000001,summer,7.87
2024-06-02 07:00:00,6.791850000000001,summer,7.87
2024-06-02 08:00:00,6.690000000000001,summer,7.87
2024-06-02 09:00:00,6.8538000000000014,summer,7.87
2024-06-02 10:00:00,6.770850000000001,summer,7.87
2024-06-02 11:00:00,6.680500000000001,summer,7.87
2024-06-02 12:00:00,6.309050000000001,summer,7.87
2024-06-02 13:00:00,5.176650000000001,summer,7.87
2024-06-02 14:00:00,4.829900000000001,summer,7.87
2024-06-02 15:00:00,5.836900000000001,summer,7.87
2024-06-02 16:00:00,6.569350000000001,summer,7.87
2024-06-02 17:00:00,8.15475,summer,7.87
2024-06-02 18:00:00,13.74915,summer,14.54
2024-06-02 19:00:00,16.66395,summer,18.77
2024-06-02 20:00:00,17.917650000000002,summer,18.77
2024-06-02 21:00:00,18.13605,summer,18.77
2024-06-02 22:00:00,17.1018,summer,18.77
2024-06-02 23:00:00,17.0073,summer,18.77
2024-06-03 00:00:00,15.570900000000002,summer,14.54
2024-06-03 01:00:00,15.475350000000002,summer,14.54
2024-06-03 02:00:00,15.49005,summer,14.54
2024-06-03 03:00:00,15.31785,summer,14.54
2024-06-03 04:00:00,16.787850000000002,summer,18.77
2024-06-03 05:00:00,20.6844,summer,18.77
2024-06-03 06:00:00,26.9613,summer,18.77
2024-06-03 07:00:00,23.960400000000003,summer,18.77
2024-06-03 08:00:00,20.138400000000004,summer,18.77
2024-06-03 09:00:00,17.09025,summer,18.77
2024-06-03 10:00:00,16.7595,summer,18.77
2024-06-03 11:00:00,15.20445,summer,14.54
2024-06-03 12:00:00,14.5545,summer,14.54
2024-06-03 13:00:00,13.7565,summer,14.54
2024-06-03 14:00:00,14.2521,summer,14.54
2024-06-03 15:00:00,14.88,summer,14.54
2024-06-03 16:00:00,17.81475,summer,18.77
2024-06-03 17:00:00,20.0586,summer,18.77
2024-06-03 18:00:00,25.895550000000004,summer,18.77
2024-06-03 19:00:00,29.2944,summer,18.77
2024-06-03 20:00:00,27.56295,summer,18.77
2024-06-03 21:00:00,22.36545,summer,18.77
2024-06-03 22:00:00,18.8742,summer,18.77
2024-06-03 23:00:00,17.911350000000002,summer,18.77
2024-06-04 00:00:00,17.187900000000003,summer,18.77
2024-06-04 01:00:00,16.7091,summer,18.77
2024-06-04 02:00:00,16.448700000000002,summer,14.54
2024-06-04 03:00:00,16.37625,summer,14.54
2024-06-04 04:00:00,17.68245,summer,18.77
2024-06-04 05:00:00,23.700000000000003,summer,18.77
2024-06-04 06:00:00,25.3443,summer,18.77
2024-06-04 07:00:00,21.5664,summer,18.77
2024-06-04 08:00:00,18.48885,summer,18.77
2024-06-04 09:00:00,16.308,summer,14.54
2024-06-04 10:00:00,15.22755,summer,14.54
2024-06-04 11:00:00,13.7607,summer,14.54
2024-06-04 12:00:00,12.49335,summer,14.54
2024-06-04 13:00:00,11.2953,summer,14.54
2024-06-04 14:00:00,11.6313,summer,14.54
2024-06-04 15:00:00,13.413150000000002,summer,14.54
2024-06-04 16:00:00,15.6024,summer,14.54
2024-06-04 17:00:00,18.8931,summer,18.77
2024-06-04 18:00:00,25.251900000000003,summer,18.77
2024-06-04 19:00:00,31.419600000000003,summer,18.77
2024-06-04 20:00:00,21.4614,summer,18.77
2024-06-04 21:00:00,17.9607,summer,18.77
2024-06-04 22:00:00,14.65005,summer,14.54
2024-06-04 23:00:00,12.65925,summer,14.54
2024-06-05 00:00:00,11.30265,summer,14.54
2024-06-05 01:00:00,11.36775,summer,14.54
2024-06-05 02:00:00,11.94525,summer,14.54
2024-06-05 03:00:00,11.73945,summer,14.54
2024-06-05 04:00:00,14.16495,summer,14.54
2024-06-05 05:00:00,17.56275,summer,18.77
2024-06-05 06:00:00,21.6798,summer,18.77
2024-06-05 07:00:00,18.5466,summer,18.77
2024-06-05 08:00:00,15.5268,summer,14.54
2024-06-05 09:00:00,14.03265,summer,14.54
2024-06-05 10:00:00,13.20315,summer,14.54
2024-06-05 11:00:00,11.772,summer,14.54
2024-06-05 12:00:00,9.85785,summer,7.87
2024-06-05 13:00:00,9.4515,summer,7.87
2024-06-05 14:00:00,9.8463,summer,7.87
2024-06-05 15:00:00,13.25985,summer,14.54
2024-06-05 16:00:00,15.135150000000005,summer,14.54
2024-06-05 17:00:00,17.72445,summer,18.77
2024-06-05 18:00:00,20.02185,summer,18.77
2024-06-05 19:00:00,23.059500000000003,summer,18.77
2024-06-05 20:00:00,23.282100000000003,summer,18.77
2024-06-05 21:00:00,21.54435,summer,18.77
2024-06-05 22:00:00,17.81895,summer,18.77
2024-06-05 23:00:00,16.4802,summer,14.54
2024-06-06 00:00:00,16.131600000000002,summer,14.54
2024-06-06 01:00:00,15.7053,summer,14.54
2024-06-06 02:00:00,15.65175,summer,14.54
2024-06-06 03:00:00,15.95625,summer,14.54
2024-06-06 04:00:00,17.08185,summer,18.77
2024-06-06 05:00:00,19.6995,summer,18.77
2024-06-06 06:00:00,20.1216,summer,18.77
2024-06-06 07:00:00,16.85715,summer,18.77
2024-06-06 08:00:00,14.23845,summer,14.54
2024-06-06 09:00:00,12.759,summer,14.54
2024-06-06 10:00:00,9.86625,summer,7.87
2024-06-06 11:00:00,9.244649999999998,summer,7.87
2024-06-06 12:00:00,8.737499999999999,summer,7.87
2024-06-06 13:00:00,9.23415,summer,7.87
2024-06-06 14:00:00,10.64325,summer,7.87
2024-06-06 15:00:00,13.21155,summer,14.54
2024-06-06 16:00:00,15.16035,summer,14.54
2024-06-06 17:00:00,16.131600000000002,summer,14.54
2024-06-06 18:00:00,18.83745,summer,18.77
2024-06-06 19:00:00,23.9079,summer,18.77
2024-06-06 20:00:00,24.3006,summer,18.77
2024-06-06 21:00:00,20.59725,summer,18.77
2024-06-06 22:00:00,17.65095,summer,18.77
2024-06-06 23:00:00,17.295,summer,18.77
2024-06-07 00:00:00,16.78365,summer,18.77
2024-06-07 01:00:00,16.3185,summer,14.54
2024-06-07 02:00:00,15.88065,summer,14.54
2024-06-07 03:00:00,15.536250000000004,summer,14.54
2024-06-07 04:00:00,16.3395,summer,14.54
2024-06-07 05:00:00,18.65475,summer,18.77
2024-06-07 06:00:00,19.19025,summer,18.77
2024-06-07 07:00:00,17.4798,summer,18.77
2024-06-07 08:00:00,14.9388,summer,14.54
2024-06-07 09:00:00,13.0593,summer,14.54
2024-06-07 10:00:00,11.03595,summer,7.87
2024-06-07 11:00:00,10.25055,summer,7.87
2024-06-07 12:00:00,9.352799999999998,summer,7.87
2024-06-07 13:00:00,8.518049999999999,summer,7.87
2024-06-07 14:00:00,8.063400000000001,summer,7.87
2024-06-07 15:00:00,9.37485,summer,7.87
2024-06-07 16:00:00,13.468800000000002,summer,14.54
2024-06-07 17:00:00,15.63705,summer,14.54
2024-06-07 18:00:00,20.190900000000003,summer,18.77
2024-06-07 19:00:00,22.93875,summer,18.77
2024-06-07 20:00:00,22.84425,summer,18.77
2024-06-07 21:00:00,20.0124,summer,18.77
2024-06-07 22:00:00,16.922250000000002,summer,18.77
2024-06-07 23:00:00,17.0178,summer,18.77
2024-06-08 00:00:00,16.1442,summer,14.54
2024-06-08 01:00:00,15.437550000000002,summer,14.54
2024-06-08 02:00:00,15.46065,summer,14.54
2024-06-08 03:00:00,15.052200000000004,summer,14.54
2024-06-08 04:00:00,15.31155,summer,14.54
2024-06-08 05:00:00,15.0249,summer,14.54
2024-06-08 06:00:00,13.2861,summer,14.54
2024-06-08 07:00:00,11.121000000000002,summer,7.87
2024-06-08 08:00:00,7.975200000000002,summer,7.87
2024-06-08 09:00:00,6.677650000000002,summer,7.87
2024-06-08 10:00:00,6.474350000000001,summer,7.87
2024-06-08 11:00:00,5.715300000000001,summer,7.87
2024-06-08 12:00:00,4.438500000000001,summer,7.87
2024-06-08 13:00:00,3.83715,summer,7.87
2024-06-08 14:00:00,4.731100000000001,summer,7.87
2024-06-08 15:00:00,5.906250000000001,summer,7.87
2024-06-08 16:00:00,6.6910500000000015,summer,7.87
2024-06-08 17:00:00,11.40555,summer,14.54
2024-06-08 18:00:00,13.918200000000002,summer,14.54
2024-06-08 19:00:00,17.1186,summer,18.77
2024-06-08 20:00:00,16.45605,summer,14.54
2024-06-08 21:00:00,17.19,summer,18.77
2024-06-08 22:00:00,14.962950000000005,summer,14.54
2024-06-08 23:00:00,14.4894,summer,14.54
2024-06-09 00:00:00,13.36695,summer,14.54
2024-06-09 01:00:00,11.154600000000002,summer,7.87
2024-06-09 02:00:00,8.32485,summer,7.87
2024-06-09 03:00:00,8.59995,summer,7.87
2024-06-09 04:00:00,7.903800000000001,summer,7.87
2024-06-09 05:00:00,7.572000000000002,summer,7.87
2024-06-09 06:00:00,6.923100000000002,summer,7.87
2024-06-09 07:00:00,6.682400000000001,summer,7.87
2024-06-09 08:00:00,6.499050000000001,summer,7.87
2024-06-09 09:00:00,5.968000000000001,summer,7.87
2024-06-09 10:00:00,5.2650000000000015,summer,7.87
2024-06-09 11:00:00,4.315,summer,7.87
2024-06-09 12:00:00,3.584450000000001,summer,7.87
2024-06-09 13:00:00,3.1617,summer,7.87
2024-06-09 14:00:00,3.9654,summer,7.87
2024-06-09 15:00:00,6.135200000000001,summer,7.87
2024-06-09 16:00:00,6.642500000000001,summer,7.87
2024-06-09 17:00:00,11.1798,summer,7.87
2024-06-09 18:00:00,16.85925,summer,18.77
2024-06-09 19:00:00,18.8553,summer,18.77
2024-06-09 20:00:00,18.3702,summer,18.77
2024-06-09 21:00:00,18.0741,summer,18.77
2024-06-09 22:00:00,16.89705,summer,18.77
2024-06-09 23:00:00,14.4558,summer,14.54
2024-06-10 00:00:00,14.206950000000004,summer,14.54
2024-06-10 01:00:00,13.90665,summer,14.54
2024-06-10 02:00:00,13.858350000000002,summer,14.54
2024-06-10 03:00:00,13.935000000000002,summer,14.54
2024-06-10 04:00:00,14.9136,summer,14.54
2024-06-10 05:00:00,19.017,summer,18.77
2024-06-10 06:00:00,26.133900000000004,summer,18.77
2024-06-10 07:00:00,22.042050000000003,summer,18.77
2024-06-10 08:00:00,17.95125,summer,18.77
2024-06-10 09:00:00,16.0833,summer,14.54
2024-06-10 10:00:00,15.619200000000005,summer,14.54
2024-06-10 11:00:00,14.4915,summer,14.54
2024-06-10 12:00:00,14.41695,summer,14.54
2024-06-10 13:00:00,13.73235,summer,14.54
2024-06-10 14:00:00,13.6074,summer,14.54
2024-06-10 15:00:00,14.04,summer,14.54
2024-06-10 16:00:00,15.216,summer,14.54
2024-06-10 17:00:00,17.03565,summer,18.77
2024-06-10 18:00:00,19.14195,summer,18.77
2024-06-10 19:00:00,19.757250000000003,summer,18.77
2024-06-10 20:00:00,18.5886,summer,18.77
2024-06-10 21:00:00,17.02305,summer,18.77
2024-06-10 22:00:00,14.8548,summer,14.54
2024-06-10 23:00:00,12.99735,summer,14.54
2024-06-11 00:00:00,12.6708,summer,14.54
2024-06-11 01:00:00,13.29975,summer,14.54
2024-06-11 02:00:00,12.551100000000002,summer,14.54
2024-06-11 03:00:00,12.996300000000002,summer,14.54
2024-06-11 04:00:00,12.89655,summer,14.54
2024-06-11 05:00:00,15.28215,summer,14.54
2024-06-11 06:00:00,17.2173,summer,18.77
2024-06-11 07:00:00,16.2975,summer,14.54
2024-06-11 08:00:00,13.858350000000002,summer,14.54
2024-06-11 09:00:00,11.9316,summer,14.54
2024-06-11 10:00:00,10.06365,summer,7.87
2024-06-11 11:00:00,7.8576000000000015,summer,7.87
2024-06-11 12:00:00,6.769800000000001,summer,7.87
2024-06-11 13:00:00,6.690000000000001,summer,7.87
2024-06-11 14:00:00,6.693150000000001,summer,7.87
2024-06-11 15:00:00,8.14845,summer,7.87
2024-06-11 16:00:00,12.49335,summer,14.54
2024-06-11 17:00:00,14.213250000000002,summer,14.54
2024-06-11 18:00:00,17.19,summer,18.77
2024-06-11 19:00:00,20.0922,summer,18.77
2024-06-11 20:00:00,19.53885,summer,18.77
2024-06-11 21:00:00,17.8977,summer,18.77
2024-06-11 22:00:00,16.2261,summer,14.54
2024-06-11 23:00:00,16.01925,summer,14.54
2024-06-12 00:00:00,15.65175,summer,14.54
2024-06-12 01:00:00,15.120450000000002,summer,14.54
2024-06-12 02:00:00,15.31155,summer,14.54
2024-06-12 03:00:00,15.731550000000002,summer,14.54
2024-06-12 04:00:00,16.62825,summer,14.54
2024-06-12 05:00:00,19.7877,summer,18.77
2024-06-12 06:00:00,21.012,summer,18.77
2024-06-12 07:00:00,18.7251,summer,18.77
2024-06-12 08:00:00,14.948250000000002,summer,14.54
2024-06-12 09:00:00,13.42995,summer,14.54
2024-06-12 10:00:00,12.78,summer,14.54
2024-06-12 11:00:00,11.10945,summer,7.87
2024-06-12 12:00:00,10.9656,summer,7.87
2024-06-12 13:00:00,10.8564,summer,7.87
2024-06-12 14:00:00,11.4507,summer,14.54
2024-06-12 15:00:00,13.305,summer,14.54
2024-06-12 16:00:00,15.216,summer,14.54
2024-06-12 17:00:00,17.18475,summer,18.77
2024-06-12 18:00:00,20.9385,summer,18.77
2024-06-12 19:00:00,22.8957,summer,18.77
2024-06-12 20:00:00,22.9293,summer,18.77
2024-06-12 21:00:00,20.4324,summer,18.77
2024-06-12 22:00:00,17.93235,summer,18.77
2024-06-12 23:00:00,17.085,summer,18.77
2024-06-13 00:00:00,16.482300000000002,summer,14.54
2024-06-13 01:00:00,15.529950000000005,summer,14.54
2024-06-13 02:00:00,15.63705,summer,14.54
2024-06-13 03:00:00,15.49215,summer,14.54
2024-06-13 04:00:00,17.0808,summer,18.77
2024-06-13 05:00:00,19.54305,summer,18.77
2024-06-13 06:00:00,20.45445,summer,18.77
2024-06-13 07:00:00,18.7671,summer,18.77
2024-06-13 08:00:00,15.489,summer,14.54
2024-06-13 09:00:00,13.936050000000002,summer,14.54
2024-06-13 10:00:00,13.16955,summer,14.54
2024-06-13 11:00:00,12.2928,summer,14.54
2024-06-13 12:00:00,11.6208,summer,14.54
2024-06-13 13:00:00,11.24175,summer,14.54
2024-06-13 14:00:00,12.3327,summer,14.54
2024-06-13 15:00:00,14.819100000000002,summer,14.54
2024-06-13 16:00:00,15.098400000000002,summer,14.54
2024-06-13 17:00:00,17.91555,summer,18.77
2024-06-13 18:00:00,21.3543,summer,18.77
2024-06-13 19:00:00,26.466750000000005,summer,18.77
2024-06-13 20:00:00,23.893200000000004,summer,18.77
2024-06-13 21:00:00,18.06885,summer,18.77
2024-06-13 22:00:00,15.6339,summer,14.54
2024-06-13 23:00:00,15.41865,summer,14.54
2024-06-14 00:00:00,14.19225,summer,14.54
2024-06-14 01:00:00,13.40265,summer,14.54
2024-06-14 02:00:00,12.940650000000002,summer,14.54
2024-06-14 03:00:00,12.551100000000002,summer,14.54
2024-06-14 04:00:00,13.4331,summer,14.54
2024-06-14 05:00:00,15.61605,summer,14.54
2024-06-14 06:00:00,17.28975,summer,18.77
2024-06-14 07:00:00,17.71395,summer,18.77
2024-06-14 08:00:00,17.4567,summer,18.77
2024-06-14 09:00:00,15.3189,summer,14.54
2024-06-14 10:00:00,13.8405,summer,14.54
2024-06-14 11:00:00,13.0824,summer,14.54
2024-06-14 12:00:00,11.6733,summer,14.54
2024-06-14 13:00:00,10.9677,summer,7.87
2024-06-14 14:00:00,10.995,summer,7.87
2024-06-14 15:00:00,13.022550000000004,summer,14.54
2024-06-14 16:00:00,14.565,summer,14.54
2024-06-14 17:00:00,16.242900000000002,summer,14.54
2024-06-14 18:00:00,20.97,summer,18.77
2024-06-14 19:00:00,20.05755,summer,18.77
2024-06-14 20:00:00,18.9876,summer,18.77
2024-06-14 21:00:00,15.44805,summer,14.54
2024-06-14 22:00:00,12.929100000000002,summer,14.54
2024-06-14 23:00:00,13.0614,summer,14.54
2024-06-15 00:00:00,10.999200000000002,summer,7.87
2024-06-15 01:00:00,9.83685,summer,7.87
2024-06-15 02:00:00,9.720300000000002,summer,7.87
2024-06-15 03:00:00,9.05355,summer,7.87
2024-06-15 04:00:00,7.744200000000001,summer,7.87
2024-06-15 05:00:00,6.851700000000001,summer,7.87
2024-06-15 06:00:00,6.6994500000000015,summer,7.87
2024-06-15 07:00:00,6.690000000000001,summer,7.87
2024-06-15 08:00:00,6.684300000000001,summer,7.87
2024-06-15 09:00:00,5.732400000000001,summer,7.87
2024-06-15 10:00:00,3.9312,summer,7.87
2024-06-15 11:00:00,2.4226000000000005,summer,7.87
2024-06-15 12:00:00,0.4713000000000013,summer,7.87
2024-06-15 13:00:00,0.0,summer,7.87
2024-06-15 14:00:00,1.3481500000000015,summer,7.87
2024-06-15 15:00:00,3.88465,summer,7.87
2024-06-15 16:00:00,6.230200000000001,summer,7.87
2024-06-15 17:00:00,6.689050000000002,summer,7.87
2024-06-15 18:00:00,10.89,summer,7.87
2024-06-15 19:00:00,15.5394,summer,14.54
2024-06-15 20:00:00,15.081600000000002,summer,14.54
2024-06-15 21:00:00,13.4415,summer,14.54
2024-06-15 22:00:00,10.932,summer,7.87
2024-06-15 23:00:00,9.305549999999998,summer,7.87
2024-06-16 00:00:00,7.777800000000002,summer,7.87
2024-06-16 01:00:00,7.206600000000002,summer,7.87
2024-06-16 02:00:00,6.996600000000002,summer,7.87
2024-06-16 03:00:00,6.919950000000001,summer,7.87
2024-06-16 04:00:00,6.955650000000001,summer,7.87
2024-06-16 05:00:00,6.9997500000000015,summer,7.87
2024-06-16 06:00:00,6.762450000000001,summer,7.87
2024-06-16 07:00:00,6.688100000000001,summer,7.87
2024-06-16 08:00:00,6.568400000000001,summer,7.87
2024-06-16 09:00:00,5.740000000000001,summer,7.87
2024-06-16 10:00:00,5.423650000000001,summer,7.87
2024-06-16 11:00:00,4.789050000000001,summer,7.87
2024-06-16 12:00:00,3.83905,summer,7.87
2024-06-16 13:00:00,3.30135,summer,7.87
2024-06-16 14:00:00,3.9312,summer,7.87
2024-06-16 15:00:00,5.726700000000001,summer,7.87
2024-06-16 16:00:00,6.467700000000002,summer,7.87
2024-06-16 17:00:00,12.5931,summer,14.54
2024-06-16 18:00:00,17.15325,summer,18.77
2024-06-16 19:00:00,19.200750000000003,summer,18.77
2024-06-16 20:00:00,19.739400000000003,summer,18.77
2024-06-16 21:00:00,19.3257,summer,18.77
2024-06-16 22:00:00,16.6062,summer,14.54
2024-06-16 23:00:00,14.735100000000005,summer,14.54
2024-06-17 00:00:00,13.696650000000002,summer,14.54
2024-06-17 01:00:00,13.91505,summer,14.54
2024-06-17 02:00:00,14.230050000000002,summer,14.54
2024-06-17 03:00:00,14.4138,summer,14.54
2024-06-17 04:00:00,16.1421,summer,14.54
2024-06-17 05:00:00,19.19865,summer,18.77
2024-06-17 06:00:00,20.6214,summer,18.77
2024-06-17 07:00:00,18.894150000000003,summer,18.77
2024-06-17 08:00:00,15.586650000000002,summer,14.54
2024-06-17 09:00:00,13.21155,summer,14.54
2024-06-17 10:00:00,12.46605,summer,14.54
2024-06-17 11:00:00,11.0853,summer,7.87
2024-06-17 12:00:00,10.832250000000002,summer,7.87
2024-06-17 13:00:00,11.5851,summer,14.54
2024-06-17 14:00:00,12.4167,summer,14.54
2024-06-17 15:00:00,13.43205,summer,14.54
2024-06-17 16:00:00,15.9909,summer,14.54
2024-06-17 17:00:00,18.6768,summer,18.77
2024-06-17 18:00:00,23.21385,summer,18.77
2024-06-17 19:00:00,28.7568,summer,18.77
2024-06-17 20:00:00,27.69105,summer,18.77
2024-06-17 21:00:00,20.145750000000003,summer,18.77
2024-06-17 22:00:00,17.35275,summer,18.77
2024-06-17 23:00:00,16.866600000000002,summer,18.77
2024-06-18 00:00:00,16.170450000000002,summer,14.54
2024-06-18 01:00:00,15.88065,summer,14.54
2024-06-18 02:00:00,16.065450000000002,summer,14.54
2024-06-18 03:00:00,16.170450000000002,summer,14.54
2024-06-18 04:00:00,16.7637,summer,18.77
2024-06-18 05:00:00,20.811450000000004,summer,18.77
2024-06-18 06:00:00,20.35785,summer,18.77
2024-06-18 07:00:00,16.765800000000002,summer,18.77
2024-06-18 08:00:00,15.1845,summer,14.54
2024-06-18 09:00:00,14.030550000000002,summer,14.54
2024-06-18 10:00:00,12.44505,summer,14.54
2024-06-18 11:00:00,12.0618,summer,14.54
2024-06-18 12:00:00,12.04815,summer,14.54
2024-06-18 13:00:00,12.679200000000002,summer,14.54
2024-06-18 14:00:00,14.3676,summer,14.54
2024-06-18 15:00:00,14.6952,summer,14.54
2024-06-18 16:00:00,16.1463,summer,14.54
2024-06-18 17:00:00,20.68125,summer,18.77
2024-06-18 18:00:00,23.299950000000003,summer,18.77
2024-06-18 19:00:00,24.73635,summer,18.77
2024-06-18 20:00:00,20.80935,summer,18.77
2024-06-18 21:00:00,17.631,summer,18.77
2024-06-18 22:00:00,16.31115,summer,14.54
2024-06-18 23:00:00,17.18475,summer,18.77
2024-06-19 00:00:00,16.29015,summer,14.54
2024-06-19 01:00:00,15.80925,summer,14.54
2024-06-19 02:00:00,15.6969,summer,14.54
2024-06-19 03:00:00,15.454350000000002,summer,14.54
2024-06-19 04:00:00,15.76305,summer,14.54
2024-06-19 05:00:00,18.50775,summer,18.77
2024-06-19 06:00:00,18.95715,summer,18.77
2024-06-19 07:00:00,17.95965,summer,18.77
2024-06-19 08:00:00,15.75255,summer,14.54
2024-06-19 09:00:00,14.575500000000002,summer,14.54
2024-06-19 10:00:00,13.64415,summer,14.54
2024-06-19 11:00:00,12.78315,summer,14.54
2024-06-19 12:00:00,10.8732,summer,7.87
2024-06-19 13:00:00,9.04305,summer,7.87
2024-06-19 14:00:00,9.163799999999998,summer,7.87
2024-06-19 15:00:00,12.979500000000002,summer,14.54
2024-06-19 16:00:00,14.04,summer,14.54
2024-06-19 17:00:00,15.9762,summer,14.54
2024-06-19 18:00:00,17.494500000000002,summer,18.77
2024-06-19 19:00:00,21.7743,summer,18.77
2024-06-19 20:00:00,18.7734,summer,18.77
2024-06-19 21:00:00,18.0573,summer,18.77
2024-06-19 22:00:00,16.477050000000002,summer,14.54
2024-06-19 23:00:00,15.708450000000004,summer,14.54
2024-06-20 00:00:00,14.9451,summer,14.54
2024-06-20 01:00:00,14.9724,summer,14.54
2024-06-20 02:00:00,14.9661,summer,14.54
2024-06-20 03:00:00,14.9451,summer,14.54
2024-06-20 04:00:00,15.77775,summer,14.54
2024-06-20 05:00:00,18.67155,summer,18.77
2024-06-20 06:00:00,18.538200000000003,summer,18.77
2024-06-20 07:00:00,17.50395,summer,18.77
2024-06-20 08:00:00,15.16245,summer,14.54
2024-06-20 09:00:00,13.94865,summer,14.54
2024-06-20 10:00:00,12.86085,summer,14.54
2024-06-20 11:00:00,12.5133,summer,14.54
2024-06-20 12:00:00,12.340050000000002,summer,14.54
2024-06-20 13:00:00,12.6939,summer,14.54
2024-06-20 14:00:00,13.8909,summer,14.54
2024-06-20 15:00:00,15.09,summer,14.54
2024-06-20 16:00:00,17.00835,summer,18.77
2024-06-20 17:00:00,19.217550000000003,summer,18.77
2024-06-20 18:00:00,23.030100000000004,summer,18.77
2024-06-20 19:00:00,27.69945,summer,18.77
2024-06-20 20:00:00,20.346300000000003,summer,18.77
2024-06-20 21:00:00,18.43215,summer,18.77
2024-06-20 22:00:00,16.67025,summer,18.77
2024-06-20 23:00:00,17.27505,summer,18.77
2024-06-21 00:00:00,16.220850000000002,summer,14.54
2024-06-21 01:00:00,16.13475,summer,14.54
2024-06-21 02:00:00,15.91215,summer,14.54
2024-06-21 03:00:00,15.75255,summer,14.54
2024-06-21 04:00:00,15.7347,summer,14.54
2024-06-21 05:00:00,16.866600000000002,summer,18.77
2024-06-21 06:00:00,19.584,summer,18.77
2024-06-21 07:00:00,19.483200000000004,summer,18.77
2024-06-21 08:00:00,18.41535,summer,18.77
2024-06-21 09:00:00,17.258250000000004,summer,18.77
2024-06-21 10:00:00,16.1337,summer,14.54
2024-06-21 11:00:00,15.986700000000004,summer,14.54
2024-06-21 12:00:00,15.3714,summer,14.54
2024-06-21 13:00:00,14.903100000000002,summer,14.54
2024-06-21 14:00:00,15.30315,summer,14.54
2024-06-21 15:00:00,16.01925,summer,14.54
2024-06-21 16:00:00,17.258250000000004,summer,18.77
2024-06-21 17:00:00,18.24,summer,18.77
2024-06-21 18:00:00,18.967650000000003,summer,18.77
2024-06-21 19:00:00,18.702,summer,18.77
2024-06-21 20:00:00,17.7423,summer,18.77
2024-06-21 21:00:00,16.76895,summer,18.77
2024-06-21 22:00:00,15.314700000000002,summer,14.54
2024-06-21 23:00:00,15.09735,summer,14.54
2024-06-22 00:00:00,14.06625,summer,14.54
2024-06-22 01:00:00,13.24515,summer,14.54
2024-06-22 02:00:00,11.9925,summer,14.54
2024-06-22 03:00:00,11.9001,summer,14.54
2024-06-22 04:00:00,11.56935,summer,14.54
2024-06-22 05:00:00,13.0488,summer,14.54
2024-06-22 06:00:00,11.82345,summer,14.54
2024-06-22 07:00:00,11.4066,summer,14.54
2024-06-22 08:00:00,10.32825,summer,7.87
2024-06-22 09:00:00,8.0067,summer,7.87
2024-06-22 10:00:00,7.066950000000001,summer,7.87
2024-06-22 11:00:00,6.965100000000001,summer,7.87
2024-06-22 12:00:00,6.693150000000001,summer,7.87
2024-06-22 13:00:00,6.689050000000002,summer,7.87
2024-06-22 14:00:00,6.683350000000002,summer,7.87
2024-06-22 15:00:00,7.134150000000001,summer,7.87
2024-06-22 16:00:00,11.16195,summer,7.87
2024-06-22 17:00:00,15.14145,summer,14.54
2024-06-22 18:00:00,18.4668,summer,18.77
2024-06-22 19:00:00,19.585050000000003,summer,18.77
2024-06-22 20:00:00,19.71525,summer,18.77
2024-06-22 21:00:00,18.25785,summer,18.77
2024-06-22 22:00:00,16.115850000000002,summer,14.54
2024-06-22 23:00:00,16.19145,summer,14.54
2024-06-23 00:00:00,15.01125,summer,14.54
2024-06-23 01:00:00,14.1702,summer,14.54
2024-06-23 02:00:00,14.11035,summer,14.54
2024-06-23 03:00:00,13.718700000000002,summer,14.54
2024-06-23 04:00:00,13.20945,summer,14.54
2024-06-23 05:00:00,12.7695,summer,14.54
2024-06-23 06:00:00,11.55675,summer,14.54
2024-06-23 07:00:00,8.765849999999999,summer,7.87
2024-06-23 08:00:00,7.135200000000001,summer,7.87
2024-06-23 09:00:00,6.690000000000001,summer,7.87
2024-06-23 10:00:00,6.685250000000002,summer,7.87
2024-06-23 11:00:00,6.680500000000001,summer,7.87
2024-06-23 12:00:00,6.590250000000001,summer,7.87
2024-06-23 13:00:00,6.480050000000001,summer,7.87
2024-06-23 14:00:00,6.495250000000001,summer,7.87
2024-06-23 15:00:00,6.6643500000000016,summer,7.87
2024-06-23 16:00:00,9.06405,summer,7.87
2024-06-23 17:00:00,14.1576,summer,14.54
2024-06-23 18:00:00,17.1375,summer,18.77
2024-06-23 19:00:00,18.7797,summer,18.77
2024-06-23 20:00:00,18.811200000000003,summer,18.77
2024-06-23 21:00:00,18.69465,summer,18.77
2024-06-23 22:00:00,17.16795,summer,18.77
2024-06-23 23:00:00,17.838900000000002,summer,18.77
2024-06-24 00:00:00,16.36995,summer,14.54
2024-06-24 01:00:00,15.60765,summer,14.54
2024-06-24 02:00:00,15.5583,summer,14.54
2024-06-24 03:00:00,15.6108,summer,14.54
2024-06-24 04:00:00,16.877100000000002,summer,18.77
2024-06-24 05:00:00,20.9763,summer,18.77
2024-06-24 06:00:00,20.97,summer,18.77
2024-06-24 07:00:00,17.50395,summer,18.77
2024-06-24 08:00:00,15.0207,summer,14.54
2024-06-24 09:00:00,12.3474,summer,14.54
2024-06-24 10:00:00,10.660050000000002,summer,7.87
2024-06-24 11:00:00,9.964950000000002,summer,7.87
2024-06-24 12:00:00,9.8358,summer,7.87
2024-06-24 13:00:00,9.93765,summer,7.87
2024-06-24 14:00:00,11.71425,summer,14.54
2024-06-24 15:00:00,13.6536,summer,14.54
2024-06-24 16:00:00,15.35145,summer,14.54
2024-06-24 17:00:00,17.020950000000003,summer,18.77
2024-06-24 18:00:00,22.786500000000004,summer,18.77
2024-06-24 19:00:00,28.6686,summer,18.77
2024-06-24 20:00:00,23.07,summer,18.77
2024-06-24 21:00:00,18.93195,summer,18.77
2024-06-24 22:00:00,16.33845,summer,14.54
2024-06-24 23:00:00,16.014,summer,14.54
2024-06-25 00:00:00,15.594,summer,14.54
2024-06-25 01:00:00,15.5919,summer,14.54
2024-06-25 02:00:00,15.6381,summer,14.54
2024-06-25 03:00:00,15.6675,summer,14.54
2024-06-25 04:00:00,16.654500000000002,summer,14.54
2024-06-25 05:00:00,18.744,summer,18.77
2024-06-25 06:00:00,19.5,summer,18.77
2024-06-25 07:00:00,17.589,summer,18.77
2024-06-25 08:00:00,14.5272,summer,14.54
2024-06-25 09:00:00,11.7636,summer,14.54
2024-06-25 10:00:00,8.03715,summer,7.87
2024-06-25 11:00:00,6.690000000000001,summer,7.87
2024-06-25 12:00:00,6.685250000000002,summer,7.87
2024-06-25 13:00:00,6.686200000000001,summer,7.87
2024-06-25 14:00:00,7.906950000000001,summer,7.87
2024-06-25 15:00:00,11.76885,summer,14.54
2024-06-25 16:00:00,14.46,summer,14.54
2024-06-25 17:00:00,16.7595,summer,18.77
2024-06-25 18:00:00,20.224500000000003,summer,18.77
2024-06-25 19:00:00,21.04245,summer,18.77
2024-06-25 20:00:00,19.50945,summer,18.77
2024-06-25 21:00:00,17.87985,summer,18.77
2024-06-25 22:00:00,16.13475,summer,14.54
2024-06-25 23:00:00,17.94075,summer,18.77
2024-06-26 00:00:00,17.1774,summer,18.77
2024-06-26 01:00:00,16.698600000000003,summer,18.77
2024-06-26 02:00:00,16.7133,summer,18.77
2024-06-26 03:00:00,16.3164,summer,14.54
2024-06-26 04:00:00,16.876050000000003,summer,18.77
2024-06-26 05:00:00,17.9733,summer,18.77
2024-06-26 06:00:00,20.34,summer,18.77
2024-06-26 07:00:00,19.4055,summer,18.77
2024-06-26 08:00:00,17.3748,summer,18.77
2024-06-26 09:00:00,16.0854,summer,14.54
2024-06-26 10:00:00,15.520500000000002,summer,14.54
2024-06-26 11:00:00,14.947200000000002,summer,14.54
2024-06-26 12:00:00,14.7267,summer,14.54
2024-06-26 13:00:00,15.09,summer,14.54
2024-06-26 14:00:00,16.187250000000002,summer,14.54
2024-06-26 15:00:00,17.1753,summer,18.77
2024-06-26 16:00:00,17.799,summer,18.77
2024-06-26 17:00:00,17.728650000000002,summer,18.77
2024-06-26 18:00:00,19.99665,summer,18.77
2024-06-26 19:00:00,20.80095,summer,18.77
2024-06-26 20:00:00,20.21925,summer,18.77
2024-06-26 21:00:00,18.82275,summer,18.77
2024-06-26 22:00:00,18.24,summer,18.77
2024-06-26 23:00:00,16.77,summer,18.77
2024-06-27 00:00:00,15.814500000000002,summer,14.54
2024-06-27 01:00:00,15.132,summer,14.54
2024-06-27 02:00:00,15.3882,summer,14.54
2024-06-27 03:00:00,14.962950000000005,summer,14.54
2024-06-27 04:00:00,15.612900000000003,summer,14.54
2024-06-27 05:00:00,19.028550000000003,summer,18.77
2024-06-27 06:00:00,19.82655,summer,18.77
2024-06-27 07:00:00,18.765,summer,18.77
2024-06-27 08:00:00,16.02135,summer,14.54
2024-06-27 09:00:00,13.6977,summer,14.54
2024-06-27 10:00:00,12.192,summer,14.54
2024-06-27 11:00:00,11.8161,summer,14.54
2024-06-27 12:00:00,11.44755,summer,14.54
2024-06-27 13:00:00,11.3688,summer,14.54
2024-06-27 14:00:00,11.77095,summer,14.54
2024-06-27 15:00:00,13.1916,summer,14.54
2024-06-27 16:00:00,14.62695,summer,14.54
2024-06-27 17:00:00,15.04065,summer,14.54
2024-06-27 18:00:00,18.2484,summer,18.77
2024-06-27 19:00:00,27.6942,summer,18.77
2024-06-27 20:00:00,26.238900000000005,summer,18.77
2024-06-27 21:00:00,19.83705,summer,18.77
2024-06-27 22:00:00,17.379,summer,18.77
2024-06-27 23:00:00,16.85925,summer,18.77
2024-06-28 00:00:00,16.7091,summer,18.77
2024-06-28 01:00:00,15.7284,summer,14.54
2024-06-28 02:00:00,15.086850000000002,summer,14.54
2024-06-28 03:00:00,15.469050000000005,summer,14.54
2024-06-28 04:00:00,16.2744,summer,14.54
2024-06-28 05:00:00,19.32045,summer,18.77
2024-06-28 06:00:00,18.127650000000003,summer,18.77
2024-06-28 07:00:00,15.603450000000002,summer,14.54
2024-06-28 08:00:00,12.979500000000002,summer,14.54
2024-06-28 09:00:00,9.25725,summer,7.87
2024-06-28 10:00:00,6.903150000000001,summer,7.87
2024-06-28 11:00:00,6.541800000000001,summer,7.87
2024-06-28 12:00:00,6.206450000000001,summer,7.87
2024-06-28 13:00:00,5.744750000000002,summer,7.87
2024-06-28 14:00:00,5.748550000000002,summer,7.87
2024-06-28 15:00:00,6.074400000000002,summer,7.87
2024-06-28 16:00:00,7.070100000000001,summer,7.87
2024-06-28 17:00:00,11.0979,summer,7.87
2024-06-28 18:00:00,15.543599999999998,summer,14.54
2024-06-28 19:00:00,18.127650000000003,summer,18.77
2024-06-28 20:00:00,21.186300000000003,summer,18.77
2024-06-28 21:00:00,19.979850000000003,summer,18.77
2024-06-28 22:00:00,18.1371,summer,18.77
2024-06-28 23:00:00,18.282000000000004,summer,18.77
2024-06-29 00:00:00,18.23055,summer,18.77
2024-06-29 01:00:00,18.22845,summer,18.77
2024-06-29 02:00:00,18.1938,summer,18.77
2024-06-29 03:00:00,18.03945,summer,18.77
2024-06-29 04:00:00,17.512349999999998,summer,18.77
2024-06-29 05:00:00,16.8351,summer,18.77
2024-06-29 06:00:00,15.5247,summer,14.54
2024-06-29 07:00:00,13.71555,summer,14.54
2024-06-29 08:00:00,9.7959,summer,7.87
2024-06-29 09:00:00,7.219200000000002,summer,7.87
2024-06-29 10:00:00,6.694200000000001,summer,7.87
2024-06-29 11:00:00,6.688100000000001,summer,7.87
2024-06-29 12:00:00,6.668150000000002,summer,7.87
2024-06-29 13:00:00,6.682400000000001,summer,7.87
2024-06-29 14:00:00,6.826500000000001,summer,7.87
2024-06-29 15:00:00,7.940550000000001,summer,7.87
2024-06-29 16:00:00,13.98855,summer,14.54
2024-06-29 17:00:00,17.6415,summer,18.77
2024-06-29 18:00:00,20.017650000000003,summer,18.77
2024-06-29 19:00:00,21.306,summer,18.77
2024-06-29 20:00:00,18.5865,summer,18.77
2024-06-29 21:00:00,17.1984,summer,18.77
2024-06-29 22:00:00,16.54215,summer,14.54
2024-06-29 23:00:00,14.046300000000002,summer,14.54
2024-06-30 00:00:00,13.16745,summer,14.54
2024-06-30 01:00:00,13.69035,summer,14.54
2024-06-30 02:00:00,13.730250000000002,summer,14.54
2024-06-30 03:00:00,13.4478,summer,14.54
2024-06-30 04:00:00,12.08595,summer,14.54
2024-06-30 05:00:00,12.1038,summer,14.54
2024-06-30 06:00:00,8.8341,summer,7.87
2024-06-30 07:00:00,7.4071500000000015,summer,7.87
2024-06-30 08:00:00,6.776100000000001,summer,7.87
2024-06-30 09:00:00,6.690000000000001,summer,7.87
2024-06-30 10:00:00,6.690000000000001,summer,7.87
2024-06-30 11:00:00,6.688100000000001,summer,7.87
2024-06-30 12:00:00,6.546550000000002,summer,7.87
2024-06-30 13:00:00,6.586450000000001,summer,7.87
2024-06-30 14:00:00,6.690000000000001,summer,7.87
2024-06-30 15:00:00,6.7855500000000015,summer,7.87
2024-06-30 16:00:00,10.5393,summer,7.87
2024-06-30 17:00:00,14.0421,summer,14.54
2024-06-30 18:00:00,15.852300000000003,summer,14.54
2024-06-30 19:00:00,17.1795,summer,18.77
2024-06-30 20:00:00,17.44095,summer,18.77
2024-06-30 21:00:00,17.4168,summer,18.77
2024-06-30 22:00:00,16.45605,summer,14.54
2024-06-30 23:00:00,16.6524,summer,14.54
2024-07-01 00:00:00,15.543599999999998,summer,14.54
2024-07-01 01:00:00,14.89995,summer,14.54
2024-07-01 02:00:00,14.881050000000002,summer,14.54
2024-07-01 03:00:00,14.631150000000002,summer,14.54
2024-07-01 04:00:00,15.176099999999998,summer,14.54
2024-07-01 05:00:00,19.51995,summer,18.77
2024-07-01 06:00:00,21.5265,summer,18.77
2024-07-01 07:00:00,21.6378,summer,18.77
2024-07-01 08:00:00,18.82485,summer,18.77
2024-07-01 09:00:00,17.92605,summer,18.77
2024-07-01 10:00:00,16.315350000000002,summer,14.54
2024-07-01 11:00:00,14.814900000000002,summer,14.54
2024-07-01 12:00:00,14.0295,summer,14.54
2024-07-01 13:00:00,10.8816,summer,7.87
2024-07-01 14:00:00,10.32405,summer,7.87
2024-07-01 15:00:00,10.64115,summer,7.87
2024-07-01 16:00:00,13.221,summer,14.54
2024-07-01 17:00:00,14.8842,summer,14.54
2024-07-01 18:00:00,17.44935,summer,18.77
2024-07-01 19:00:00,24.20295,summer,18.77
2024-07-01 20:00:00,20.2455,summer,18.77
2024-07-01 21:00:00,17.978550000000002,summer,18.77
2024-07-01 22:00:00,15.9174,summer,14.54
2024-07-01 23:00:00,15.25695,summer,14.54
2024-07-02 00:00:00,15.08265,summer,14.54
2024-07-02 01:00:00,15.30735,summer,14.54
2024-07-02 02:00:00,15.18975,summer,14.54
2024-07-02 03:00:00,15.29895,summer,14.54
2024-07-02 04:00:00,15.29895,summer,14.54
2024-07-02 05:00:00,16.8225,summer,18.77
2024-07-02 06:00:00,17.26245,summer,18.77
2024-07-02 07:00:00,17.32335,summer,18.77
2024-07-02 08:00:00,15.8775,summer,14.54
2024-07-02 09:00:00,15.41655,summer,14.54
2024-07-02 10:00:00,14.518800000000002,summer,14.54
2024-07-02 11:00:00,14.3256,summer,14.54
2024-07-02 12:00:00,13.9518,summer,14.54
2024-07-02 13:00:00,13.08765,summer,14.54
2024-07-02 14:00:00,13.27665,summer,14.54
2024-07-02 15:00:00,14.4831,summer,14.54
2024-07-02 16:00:00,14.6595,summer,14.54
2024-07-02 17:00:00,15.592950000000002,summer,14.54
2024-07-02 18:00:00,17.57115,summer,18.77
2024-07-02 19:00:00,18.765,summer,18.77
2024-07-02 20:00:00,18.2358,summer,18.77
2024-07-02 21:00:00,18.14025,summer,18.77
2024-07-02 22:00:00,15.72,summer,14.54
2024-07-02 23:00:00,13.84995,summer,14.54
2024-07-03 00:00:00,13.5465,summer,14.54
2024-07-03 01:00:00,13.3239,summer,14.54
2024-07-03 02:00:00,13.5759,summer,14.54
2024-07-03 03:00:00,14.1597,summer,14.54
2024-07-03 04:00:00,14.975550000000002,summer,14.54
2024-07-03 05:00:00,17.216250000000002,summer,18.77
2024-07-03 06:00:00,18.92355,summer,18.77
2024-07-03 07:00:00,18.765,summer,18.77
2024-07-03 08:00:00,16.201950000000004,summer,14.54
2024-07-03 09:00:00,14.73615,summer,14.54
2024-07-03 10:00:00,14.3655,summer,14.54
2024-07-03 11:00:00,14.224800000000002,summer,14.54
2024-07-03 12:00:00,14.1597,summer,14.54
2024-07-03 13:00:00,14.3676,summer,14.54
2024-07-03 14:00:00,14.2479,summer,14.54
2024-07-03 15:00:00,14.46105,summer,14.54
2024-07-03 16:00:00,15.82185,summer,14.54
2024-07-03 17:00:00,17.148,summer,18.77
2024-07-03 18:00:00,19.16295,summer,18.77
2024-07-03 19:00:00,23.89845,summer,18.77
2024-07-03 20:00:00,18.8574,summer,18.77
2024-07-03 21:00:00,16.698600000000003,summer,18.77
2024-07-03 22:00:00,14.6805,summer,14.54
2024-07-03 23:00:00,13.4352,summer,14.54
2024-07-04 00:00:00,12.1437,summer,14.54
2024-07-04 01:00:00,9.4683,summer,7.87
2024-07-04 02:00:00,8.58105,summer,7.87
2024-07-04 03:00:00,7.748400000000001,summer,7.87
2024-07-04 04:00:00,7.768350000000001,summer,7.87
2024-07-04 05:00:00,10.51515,summer,7.87
2024-07-04 06:00:00,10.89,summer,7.87
2024-07-04 07:00:00,10.2138,summer,7.87
2024-07-04 08:00:00,9.06825,summer,7.87
2024-07-04 09:00:00,6.889500000000001,summer,7.87
2024-07-04 10:00:00,6.690000000000001,summer,7.87
2024-07-04 11:00:00,6.686200000000001,summer,7.87
2024-07-04 12:00:00,6.212150000000001,summer,7.87
2024-07-04 13:00:00,4.876450000000001,summer,7.87
2024-07-04 14:00:00,4.977150000000001,summer,7.87
2024-07-04 15:00:00,5.863500000000001,summer,7.87
2024-07-04 16:00:00,6.687150000000002,summer,7.87
2024-07-04 17:00:00,7.400850000000001,summer,7.87
2024-07-04 18:00:00,11.92425,summer,14.54
2024-07-04 19:00:00,15.815549999999998,summer,14.54
2024-07-04 20:00:00,18.7965,summer,18.77
2024-07-04 21:00:00,15.815549999999998,summer,14.54
2024-07-04 22:00:00,13.41105,summer,14.54
2024-07-04 23:00:00,9.98805,summer,7.87
2024-07-05 00:00:00,8.80365,summer,7.87
2024-07-05 01:00:00,8.851949999999999,summer,7.87
2024-07-05 02:00:00,8.767949999999999,summer,7.87
2024-07-05 03:00:00,7.632900000000001,summer,7.87
2024-07-05 04:00:00,7.741050000000001,summer,7.87
2024-07-05 05:00:00,10.69995,summer,7.87
2024-07-05 06:00:00,11.49375,summer,14.54
2024-07-05 07:00:00,10.83015,summer,7.87
2024-07-05 08:00:00,8.638799999999998,summer,7.87
2024-07-05 09:00:00,6.9997500000000015,summer,7.87
2024-07-05 10:00:00,6.733050000000001,summer,7.87
2024-07-05 11:00:00,6.685250000000002,summer,7.87
2024-07-05 12:00:00,6.629200000000001,summer,7.87
2024-07-05 13:00:00,6.615900000000002,summer,7.87
2024-07-05 14:00:00,6.687150000000002,summer,7.87
2024-07-05 15:00:00,6.8926500000000015,summer,7.87
2024-07-05 16:00:00,8.455049999999998,summer,7.87
2024-07-05 17:00:00,13.446750000000002,summer,14.54
2024-07-05 18:00:00,16.14945,summer,14.54
2024-07-05 19:00:00,21.6378,summer,18.77
2024-07-05 20:00:00,20.379900000000003,summer,18.77
2024-07-05 21:00:00,17.4231,summer,18.77
2024-07-05 22:00:00,15.609750000000002,summer,14.54
2024-07-05 23:00:00,16.0455,summer,14.54
2024-07-06 00:00:00,14.11455,summer,14.54
2024-07-06 01:00:00,13.3596,summer,14.54
2024-07-06 02:00:00,11.5683,summer,14.54
2024-07-06 03:00:00,10.7451,summer,7.87
2024-07-06 04:00:00,8.33745,summer,7.87
2024-07-06 05:00:00,7.2916500000000015,summer,7.87
2024-07-06 06:00:00,7.253850000000002,summer,7.87
2024-07-06 07:00:00,7.045950000000001,summer,7.87
2024-07-06 08:00:00,6.690000000000001,summer,7.87
2024-07-06 09:00:00,5.747600000000001,summer,7.87
2024-07-06 10:00:00,3.9473500000000006,summer,7.87
2024-07-06 11:00:00,3.584450000000001,summer,7.87
2024-07-06 12:00:00,2.5005,summer,7.87
2024-07-06 13:00:00,2.12335,summer,7.87
2024-07-06 14:00:00,3.3802,summer,7.87
2024-07-06 15:00:00,5.390400000000001,summer,7.87
2024-07-06 16:00:00,6.684300000000001,summer,7.87
2024-07-06 17:00:00,6.887400000000001,summer,7.87
2024-07-06 18:00:00,6.713100000000002,summer,7.87
2024-07-06 19:00:00,7.392450000000001,summer,7.87
2024-07-06 20:00:00,7.677000000000001,summer,7.87
2024-07-06 21:00:00,8.579999999999998,summer,7.87
2024-07-06 22:00:00,8.1621,summer,7.87
2024-07-06 23:00:00,6.687150000000002,summer,7.87
2024-07-07 00:00:00,6.680500000000001,summer,7.87
2024-07-07 01:00:00,6.614000000000002,summer,7.87
2024-07-07 02:00:00,6.644400000000001,summer,7.87
2024-07-07 03:00:00,6.684300000000001,summer,7.87
2024-07-07 04:00:00,6.689050000000002,summer,7.87
2024-07-07 05:00:00,6.689050000000002,summer,7.87
2024-07-07 06:00:00,6.689050000000002,summer,7.87
2024-07-07 07:00:00,6.633000000000001,summer,7.87
2024-07-07 08:00:00,6.073450000000001,summer,7.87
2024-07-07 09:00:00,5.741900000000001,summer,7.87
2024-07-07 10:00:00,5.546200000000002,summer,7.87
2024-07-07 11:00:00,5.408450000000001,summer,7.87
2024-07-07 12:00:00,4.564850000000001,summer,7.87
2024-07-07 13:00:00,4.696900000000001,summer,7.87
2024-07-07 14:00:00,5.5310000000000015,summer,7.87
2024-07-07 15:00:00,6.104800000000002,summer,7.87
2024-07-07 16:00:00,6.682400000000001,summer,7.87
2024-07-07 17:00:00,13.40895,summer,14.54
2024-07-07 18:00:00,16.16835,summer,14.54
2024-07-07 19:00:00,19.8822,summer,18.77
2024-07-07 20:00:00,20.67285,summer,18.77
2024-07-07 21:00:00,18.786,summer,18.77
2024-07-07 22:00:00,16.88865,summer,18.77
2024-07-07 23:00:00,15.2601,summer,14.54
2024-07-08 00:00:00,14.73825,summer,14.54
2024-07-08 01:00:00,14.4684,summer,14.54
2024-07-08 02:00:00,14.8506,summer,14.54
2024-07-08 03:00:00,14.6994,summer,14.54
2024-07-08 04:00:00,15.136200000000002,summer,14.54
2024-07-08 05:00:00,18.4689,summer,18.77
2024-07-08 06:00:00,19.815,summer,18.77
2024-07-08 07:00:00,17.2572,summer,18.77
2024-07-08 08:00:00,14.83905,summer,14.54
2024-07-08 09:00:00,12.35265,summer,14.54
2024-07-08 10:00:00,10.72515,summer,7.87
2024-07-08 11:00:00,10.02795,summer,7.87
2024-07-08 12:00:00,9.78225,summer,7.87
2024-07-08 13:00:00,9.7938,summer,7.87
2024-07-08 14:00:00,10.54875,summer,7.87
2024-07-08 15:00:00,13.41,summer,14.54
2024-07-08 16:00:00,15.111,summer,14.54
2024-07-08 17:00:00,17.466150000000003,summer,18.77
2024-07-08 18:00:00,21.02145,summer,18.77
2024-07-08 19:00:00,33.711749999999995,summer,18.77
2024-07-08 20:00:00,24.92745,summer,18.77
2024-07-08 21:00:00,18.62325,summer,18.77
2024-07-08 22:00:00,16.3521,summer,14.54
2024-07-08 23:00:00,17.7696,summer,18.77
2024-07-09 00:00:00,16.765800000000002,summer,18.77
2024-07-09 01:00:00,16.4634,summer,14.54
2024-07-09 02:00:00,16.259700000000002,summer,14.54
2024-07-09 03:00:00,15.8943,summer,14.54
2024-07-09 04:00:00,16.85715,summer,18.77
2024-07-09 05:00:00,18.3849,summer,18.77
2024-07-09 06:00:00,17.5848,summer,18.77
2024-07-09 07:00:00,16.560000000000002,summer,14.54
2024-07-09 08:00:00,13.752300000000002,summer,14.54
2024-07-09 09:00:00,11.58615,summer,14.54
2024-07-09 10:00:00,10.22955,summer,7.87
2024-07-09 11:00:00,8.994749999999998,summer,7.87
2024-07-09 12:00:00,7.219200000000002,summer,7.87
2024-07-09 13:00:00,6.974550000000002,summer,7.87
2024-07-09 14:00:00,7.8534000000000015,summer,7.87
2024-07-09 15:00:00,12.33165,summer,14.54
2024-07-09 16:00:00,15.26745,summer,14.54
2024-07-09 17:00:00,17.11335,summer,18.77
2024-07-09 18:00:00,22.5975,summer,18.77
2024-07-09 19:00:00,22.1922,summer,18.77
2024-07-09 20:00:00,18.042600000000004,summer,18.77
2024-07-09 21:00:00,15.72735,summer,14.54
2024-07-09 22:00:00,13.92345,summer,14.54
2024-07-09 23:00:00,12.465,summer,14.54
2024-07-10 00:00:00,12.4545,summer,14.54
2024-07-10 01:00:00,12.3516,summer,14.54
2024-07-10 02:00:00,12.4629,summer,14.54
2024-07-10 03:00:00,12.9816,summer,14.54
2024-07-10 04:00:00,13.6347,summer,14.54
2024-07-10 05:00:00,15.5583,summer,14.54
2024-07-10 06:00:00,17.8683,summer,18.77
2024-07-10 07:00:00,17.40105,summer,18.77
2024-07-10 08:00:00,15.60765,summer,14.54
2024-07-10 09:00:00,13.515,summer,14.54
2024-07-10 10:00:00,12.545850000000002,summer,14.54
2024-07-10 11:00:00,11.638650000000002,summer,14.54
2024-07-10 12:00:00,11.3709,summer,14.54
2024-07-10 13:00:00,12.465,summer,14.54
2024-07-10 14:00:00,12.82515,summer,14.54
2024-07-10 15:00:00,13.7754,summer,14.54
2024-07-10 16:00:00,15.1047,summer,14.54
2024-07-10 17:00:00,15.16665,summer,14.54
2024-07-10 18:00:00,17.1606,summer,18.77
2024-07-10 19:00:00,22.29405,summer,18.77
2024-07-10 20:00:00,23.9184,summer,18.77
2024-07-10 21:00:00,18.65685,summer,18.77
2024-07-10 22:00:00,16.4466,summer,14.54
2024-07-10 23:00:00,16.772100000000002,summer,18.77
2024-07-11 00:00:00,15.08475,summer,14.54
2024-07-11 01:00:00,14.781300000000002,summer,14.54
2024-07-11 02:00:00,15.047999999999998,summer,14.54
2024-07-11 03:00:00,15.12255,summer,14.54
2024-07-11 04:00:00,15.297900000000002,summer,14.54
2024-07-11 05:00:00,17.99955,summer,18.77
2024-07-11 06:00:00,19.290000000000003,summer,18.77
2024-07-11 07:00:00,17.87565,summer,18.77
2024-07-11 08:00:00,16.04655,summer,14.54
2024-07-11 09:00:00,15.16245,summer,14.54
2024-07-11 10:00:00,13.683,summer,14.54
2024-07-11 11:00:00,12.7212,summer,14.54
2024-07-11 12:00:00,11.6985,summer,14.54
2024-07-11 13:00:00,11.3604,summer,14.54
2024-07-11 14:00:00,11.950500000000002,summer,14.54
2024-07-11 15:00:00,13.0929,summer,14.54
2024-07-11 16:00:00,15.29055,summer,14.54
2024-07-11 17:00:00,16.3059,summer,14.54
2024-07-11 18:00:00,19.290000000000003,summer,18.77
2024-07-11 19:00:00,26.04465,summer,18.77
2024-07-11 20:00:00,24.1977,summer,18.77
2024-07-11 21:00:00,19.456950000000003,summer,18.77
2024-07-11 22:00:00,16.992600000000003,summer,18.77
2024-07-11 23:00:00,17.444100000000002,summer,18.77
2024-07-12 00:00:00,15.85755,summer,14.54
2024-07-12 01:00:00,15.391350000000005,summer,14.54
2024-07-12 02:00:00,15.408150000000004,summer,14.54
2024-07-12 03:00:00,15.32205,summer,14.54
2024-07-12 04:00:00,15.536250000000004,summer,14.54
2024-07-12 05:00:00,18.0237,summer,18.77
2024-07-12 06:00:00,18.2316,summer,18.77
2024-07-12 07:00:00,18.198,summer,18.77
2024-07-12 08:00:00,17.442,summer,18.77
2024-07-12 09:00:00,16.75635,summer,18.77
2024-07-12 10:00:00,16.12215,summer,14.54
2024-07-12 11:00:00,15.43125,summer,14.54
2024-07-12 12:00:00,14.943,summer,14.54
2024-07-12 13:00:00,14.8842,summer,14.54
2024-07-12 14:00:00,14.89995,summer,14.54
2024-07-12 15:00:00,15.68955,summer,14.54
2024-07-12 16:00:00,15.6717,summer,14.54
2024-07-12 17:00:00,16.3773,summer,14.54
2024-07-12 18:00:00,17.44095,summer,18.77
2024-07-12 19:00:00,16.48545,summer,14.54
2024-07-12 20:00:00,16.62405,summer,14.54
2024-07-12 21:00:00,15.6843,summer,14.54
2024-07-12 22:00:00,14.99655,summer,14.54
2024-07-12 23:00:00,12.00825,summer,14.54
2024-07-13 00:00:00,11.994600000000002,summer,14.54
2024-07-13 01:00:00,10.5666,summer,7.87
2024-07-13 02:00:00,10.64535,summer,7.87
2024-07-13 03:00:00,10.1256,summer,7.87
2024-07-13 04:00:00,9.95025,summer,7.87
2024-07-13 05:00:00,9.9093,summer,7.87
2024-07-13 06:00:00,9.6111,summer,7.87
2024-07-13 07:00:00,9.483,summer,7.87
2024-07-13 08:00:00,8.891849999999998,summer,7.87
2024-07-13 09:00:00,7.231800000000002,summer,7.87
2024-07-13 10:00:00,6.694200000000001,summer,7.87
2024-07-13 11:00:00,6.689050000000002,summer,7.87
2024-07-13 12:00:00,6.215000000000002,summer,7.87
2024-07-13 13:00:00,5.2745000000000015,summer,7.87
2024-07-13 14:00:00,5.6003500000000015,summer,7.87
2024-07-13 15:00:00,6.359400000000002,summer,7.87
2024-07-13 16:00:00,6.689050000000002,summer,7.87
2024-07-13 17:00:00,9.71085,summer,7.87
2024-07-13 18:00:00,11.97465,summer,14.54
2024-07-13 19:00:00,14.61225,summer,14.54
2024-07-13 20:00:00,14.697300000000002,summer,14.54
2024-07-13 21:00:00,14.9682,summer,14.54
2024-07-13 22:00:00,13.305,summer,14.54
2024-07-13 23:00:00,16.02975,summer,14.54
2024-07-14 00:00:00,13.32495,summer,14.54
2024-07-14 01:00:00,12.512250000000002,summer,14.54
2024-07-14 02:00:00,11.3415,summer,14.54
2024-07-14 03:00:00,10.67265,summer,7.87
2024-07-14 04:00:00,10.55505,summer,7.87
2024-07-14 05:00:00,10.0458,summer,7.87
2024-07-14 06:00:00,8.189400000000001,summer,7.87
2024-07-14 07:00:00,6.720450000000001,summer,7.87
2024-07-14 08:00:00,6.375550000000001,summer,7.87
2024-07-14 09:00:00,4.6826500000000015,summer,7.87
2024-07-14 10:00:00,2.8824,summer,7.87
2024-07-14 11:00:00,1.0403500000000012,summer,7.87
2024-07-14 12:00:00,0.0,summer,7.87
2024-07-14 13:00:00,0.0,summer,7.87
2024-07-14 14:00:00,1.7671,summer,7.87
2024-07-14 15:00:00,4.787150000000001,summer,7.87
2024-07-14 16:00:00,6.685250000000002,summer,7.87
2024-07-14 17:00:00,11.5767,summer,14.54
2024-07-14 18:00:00,16.342650000000003,summer,14.54
2024-07-14 19:00:00,18.849,summer,18.77
2024-07-14 20:00:00,18.1014,summer,18.77
2024-07-14 21:00:00,17.8032,summer,18.77
2024-07-14 22:00:00,15.8313,summer,14.54
2024-07-14 23:00:00,15.02175,summer,14.54
2024-07-15 00:00:00,13.6452,summer,14.54
2024-07-15 01:00:00,12.79785,summer,14.54
2024-07-15 02:00:00,13.30815,summer,14.54
2024-07-15 03:00:00,13.8111,summer,14.54
2024-07-15 04:00:00,15.09735,summer,14.54
2024-07-15 05:00:00,19.290000000000003,summer,18.77
2024-07-15 06:00:00,21.820500000000003,summer,18.77
2024-07-15 07:00:00,16.115850000000002,summer,14.54
2024-07-15 08:00:00,12.91545,summer,14.54
2024-07-15 09:00:00,10.4196,summer,7.87
2024-07-15 10:00:00,7.875450000000002,summer,7.87
2024-07-15 11:00:00,6.697350000000001,summer,7.87
2024-07-15 12:00:00,6.689050000000002,summer,7.87
2024-07-15 13:00:00,6.683350000000002,summer,7.87
2024-07-15 14:00:00,7.061700000000001,summer,7.87
2024-07-15 15:00:00,11.34045,summer,14.54
2024-07-15 16:00:00,15.3,summer,14.54
2024-07-15 17:00:00,18.69675,summer,18.77
2024-07-15 18:00:00,28.129950000000004,summer,18.77
2024-07-15 19:00:00,30.310800000000004,summer,18.77
2024-07-15 20:00:00,21.7638,summer,18.77
2024-07-15 21:00:00,16.4004,summer,14.54
2024-07-15 22:00:00,15.1005,summer,14.54
2024-07-15 23:00:00,14.73195,summer,14.54
2024-07-16 00:00:00,13.38585,summer,14.54
2024-07-16 01:00:00,12.20145,summer,14.54
2024-07-16 02:00:00,10.5561,summer,7.87
2024-07-16 03:00:00,10.6968,summer,7.87
2024-07-16 04:00:00,11.9736,summer,14.54
2024-07-16 05:00:00,15.12675,summer,14.54
2024-07-16 06:00:00,16.23975,summer,14.54
2024-07-16 07:00:00,15.542550000000002,summer,14.54
2024-07-16 08:00:00,13.28085,summer,14.54
2024-07-16 09:00:00,8.946449999999999,summer,7.87
2024-07-16 10:00:00,6.696300000000002,summer,7.87
2024-07-16 11:00:00,5.927150000000001,summer,7.87
2024-07-16 12:00:00,5.642150000000002,summer,7.87
2024-07-16 13:00:00,5.599400000000001,summer,7.87
2024-07-16 14:00:00,5.631700000000001,summer,7.87
2024-07-16 15:00:00,6.471500000000002,summer,7.87
2024-07-16 16:00:00,9.0126,summer,7.87
2024-07-16 17:00:00,13.307100000000002,summer,14.54
2024-07-16 18:00:00,15.29895,summer,14.54
2024-07-16 19:00:00,19.458,summer,18.77
2024-07-16 20:00:00,18.689400000000003,summer,18.77
2024-07-16 21:00:00,17.80005,summer,18.77
2024-07-16 22:00:00,15.542550000000002,summer,14.54
2024-07-16 23:00:00,15.867,summer,14.54
2024-07-17 00:00:00,14.352900000000002,summer,14.54
2024-07-17 01:00:00,14.3361,summer,14.54
2024-07-17 02:00:00,14.09565,summer,14.54
2024-07-17 03:00:00,14.15025,summer,14.54
2024-07-17 04:00:00,14.8212,summer,14.54
2024-07-17 05:00:00,16.14525,summer,14.54
2024-07-17 06:00:00,17.164800000000003,summer,18.77
2024-07-17 07:00:00,17.788500000000003,summer,18.77
2024-07-17 08:00:00,14.7897,summer,14.54
2024-07-17 09:00:00,12.79995,summer,14.54
2024-07-17 10:00:00,11.07375,summer,7.87
2024-07-17 11:00:00,10.11195,summer,7.87
2024-07-17 12:00:00,8.98425,summer,7.87
2024-07-17 13:00:00,7.824000000000002,summer,7.87
2024-07-17 14:00:00,8.10435,summer,7.87
2024-07-17 15:00:00,10.7724,summer,7.87
2024-07-17 16:00:00,13.1664,summer,14.54
2024-07-17 17:00:00,15.397650000000002,summer,14.54
2024-07-17 18:00:00,17.91345,summer,18.77
2024-07-17 19:00:00,26.42475,summer,18.77
2024-07-17 20:00:00,21.75435,summer,18.77
2024-07-17 21:00:00,18.75555,summer,18.77
2024-07-17 22:00:00,16.43505,summer,14.54
2024-07-17 23:00:00,16.13685,summer,14.54
2024-07-18 00:00:00,15.120450000000002,summer,14.54
2024-07-18 01:00:00,14.99025,summer,14.54
2024-07-18 02:00:00,14.936700000000002,summer,14.54
2024-07-18 03:00:00,15.01335,summer,14.54
2024-07-18 04:00:00,16.3605,summer,14.54
2024-07-18 05:00:00,19.3824,summer,18.77
2024-07-18 06:00:00,17.95335,summer,18.77
2024-07-18 07:00:00,16.8477,summer,18.77
2024-07-18 08:00:00,15.0081,summer,14.54
2024-07-18 09:00:00,13.3932,summer,14.54
2024-07-18 10:00:00,11.638650000000002,summer,14.54
2024-07-18 11:00:00,10.36605,summer,7.87
2024-07-18 12:00:00,10.2558,summer,7.87
2024-07-18 13:00:00,10.57605,summer,7.87
2024-07-18 14:00:00,11.8119,summer,14.54
2024-07-18 15:00:00,13.7838,summer,14.54
2024-07-18 16:00:00,15.665400000000002,summer,14.54
2024-07-18 17:00:00,16.35,summer,14.54
2024-07-18 18:00:00,20.3589,summer,18.77
2024-07-18 19:00:00,30.588,summer,18.77
2024-07-18 20:00:00,26.058300000000003,summer,18.77
2024-07-18 21:00:00,19.2417,summer,18.77
2024-07-18 22:00:00,17.3916,summer,18.77
2024-07-18 23:00:00,16.15155,summer,14.54
2024-07-19 00:00:00,15.137250000000002,summer,14.54
2024-07-19 01:00:00,15.08055,summer,14.54
2024-07-19 02:00:00,15.01545,summer,14.54
2024-07-19 03:00:00,15.4449,summer,14.54
2024-07-19 04:00:00,16.2849,summer,14.54
2024-07-19 05:00:00,18.828,summer,18.77
2024-07-19 06:00:00,18.3156,summer,18.77
2024-07-19 07:00:00,17.022000000000002,summer,18.77
2024-07-19 08:00:00,15.24015,summer,14.54
2024-07-19 09:00:00,14.04,summer,14.54
2024-07-19 10:00:00,12.85875,summer,14.54
2024-07-19 11:00:00,11.3457,summer,14.54
2024-07-19 12:00:00,10.5225,summer,7.87
2024-07-19 13:00:00,10.491,summer,7.87
2024-07-19 14:00:00,11.1567,summer,7.87
2024-07-19 15:00:00,13.38795,summer,14.54
2024-07-19 16:00:00,14.8107,summer,14.54
2024-07-19 17:00:00,16.30905,summer,14.54
2024-07-19 18:00:00,19.3971,summer,18.77
2024-07-19 19:00:00,26.6883,summer,18.77
2024-07-19 20:00:00,19.290000000000003,summer,18.77
2024-07-19 21:00:00,17.9103,summer,18.77
2024-07-19 22:00:00,16.30275,summer,14.54
2024-07-19 23:00:00,16.636650000000003,summer,14.54
2024-07-20 00:00:00,16.07805,summer,14.54
2024-07-20 01:00:00,15.95625,summer,14.54
2024-07-20 02:00:00,16.1274,summer,14.54
2024-07-20 03:00:00,16.5852,summer,14.54
2024-07-20 04:00:00,16.539,summer,14.54
2024-07-20 05:00:00,16.29645,summer,14.54
2024-07-20 06:00:00,15.71895,summer,14.54
2024-07-20 07:00:00,13.851,summer,14.54
2024-07-20 08:00:00,11.919,summer,14.54
2024-07-20 09:00:00,7.230750000000001,summer,7.87
2024-07-20 10:00:00,6.690000000000001,summer,7.87
2024-07-20 11:00:00,6.248250000000001,summer,7.87
2024-07-20 12:00:00,6.282450000000002,summer,7.87
2024-07-20 13:00:00,6.416400000000001,summer,7.87
2024-07-20 14:00:00,6.432550000000001,summer,7.87
2024-07-20 15:00:00,6.9441000000000015,summer,7.87
2024-07-20 16:00:00,12.18045,summer,14.54
2024-07-20 17:00:00,15.615000000000002,summer,14.54
2024-07-20 18:00:00,18.1938,summer,18.77
2024-07-20 19:00:00,20.83875,summer,18.77
2024-07-20 20:00:00,18.11505,summer,18.77
2024-07-20 21:00:00,15.520500000000002,summer,14.54
2024-07-20 22:00:00,14.513550000000002,summer,14.54
2024-07-20 23:00:00,13.37115,summer,14.54
2024-07-21 00:00:00,12.6015,summer,14.54
2024-07-21 01:00:00,12.486,summer,14.54
2024-07-21 02:00:00,13.0299,summer,14.54
2024-07-21 03:00:00,13.89405,summer,14.54
2024-07-21 04:00:00,14.5902,summer,14.54
2024-07-21 05:00:00,15.23385,summer,14.54
2024-07-21 06:00:00,13.022550000000004,summer,14.54
2024-07-21 07:00:00,11.8014,summer,14.54
2024-07-21 08:00:00,7.799850000000001,summer,7.87
2024-07-21 09:00:00,6.697350000000001,summer,7.87
2024-07-21 10:00:00,6.6910500000000015,summer,7.87
2024-07-21 11:00:00,6.6910500000000015,summer,7.87
2024-07-21 12:00:00,6.682400000000001,summer,7.87
2024-07-21 13:00:00,6.670050000000002,summer,7.87
2024-07-21 14:00:00,6.694200000000001,summer,7.87
2024-07-21 15:00:00,6.701550000000001,summer,7.87
2024-07-21 16:00:00,12.97005,summer,14.54
2024-07-21 17:00:00,16.588350000000002,summer,14.54
2024-07-21 18:00:00,18.05835,summer,18.77
2024-07-21 19:00:00,20.096400000000003,summer,18.77
2024-07-21 20:00:00,20.1426,summer,18.77
2024-07-21 21:00:00,18.43425,summer,18.77
2024-07-21 22:00:00,16.5285,summer,14.54
2024-07-21 23:00:00,19.5105,summer,18.77
2024-07-22 00:00:00,16.83615,summer,18.77
2024-07-22 01:00:00,15.8124,summer,14.54
2024-07-22 02:00:00,15.817650000000004,summer,14.54
2024-07-22 03:00:00,15.7347,summer,14.54
2024-07-22 04:00:00,15.3273,summer,14.54
2024-07-22 05:00:00,19.2354,summer,18.77
2024-07-22 06:00:00,20.5164,summer,18.77
2024-07-22 07:00:00,19.92525,summer,18.77
2024-07-22 08:00:00,16.5957,summer,14.54
2024-07-22 09:00:00,14.5797,summer,14.54
2024-07-22 10:00:00,14.3424,summer,14.54
2024-07-22 11:00:00,13.6431,summer,14.54
2024-07-22 12:00:00,11.23125,summer,14.54
2024-07-22 13:00:00,8.72805,summer,7.87
2024-07-22 14:00:00,8.829899999999999,summer,7.87
2024-07-22 15:00:00,11.778300000000002,summer,14.54
2024-07-22 16:00:00,13.37745,summer,14.54
2024-07-22 17:00:00,15.21075,summer,14.54
2024-07-22 18:00:00,17.0892,summer,18.77
2024-07-22 19:00:00,26.245200000000004,summer,18.77
2024-07-22 20:00:00,24.754200000000004,summer,18.77
2024-07-22 21:00:00,18.349200000000003,summer,18.77
2024-07-22 22:00:00,16.98,summer,18.77
2024-07-22 23:00:00,15.44595,summer,14.54
2024-07-23 00:00:00,14.649,summer,14.54
2024-07-23 01:00:00,14.7435,summer,14.54
2024-07-23 02:00:00,14.0925,summer,14.54
2024-07-23 03:00:00,14.442150000000002,summer,14.54
2024-07-23 04:00:00,14.73405,summer,14.54
2024-07-23 05:00:00,17.89665,summer,18.77
2024-07-23 06:00:00,19.34355,summer,18.77
2024-07-23 07:00:00,18.78705,summer,18.77
2024-07-23 08:00:00,15.85545,summer,14.54
2024-07-23 09:00:00,13.92135,summer,14.54
2024-07-23 10:00:00,13.13385,summer,14.54
2024-07-23 11:00:00,11.249100000000002,summer,14.54
2024-07-23 12:00:00,10.710450000000002,summer,7.87
2024-07-23 13:00:00,10.47105,summer,7.87
2024-07-23 14:00:00,11.0958,summer,7.87
2024-07-23 15:00:00,13.5003,summer,14.54
2024-07-23 16:00:00,15.04065,summer,14.54
2024-07-23 17:00:00,15.081600000000002,summer,14.54
2024-07-23 18:00:00,16.77315,summer,18.77
2024-07-23 19:00:00,19.1346,summer,18.77
2024-07-23 20:00:00,17.40105,summer,18.77
2024-07-23 21:00:00,17.10915,summer,18.77
2024-07-23 22:00:00,16.3059,summer,14.54
2024-07-23 23:00:00,15.46275,summer,14.54
2024-07-24 00:00:00,14.914650000000002,summer,14.54
2024-07-24 01:00:00,14.308800000000002,summer,14.54
2024-07-24 02:00:00,14.54925,summer,14.54
2024-07-24 03:00:00,14.56395,summer,14.54
2024-07-24 04:00:00,14.64585,summer,14.54
2024-07-24 05:00:00,17.512349999999998,summer,18.77
2024-07-24 06:00:00,20.224500000000003,summer,18.77
2024-07-24 07:00:00,17.104950000000002,summer,18.77
2024-07-24 08:00:00,14.34555,summer,14.54
2024-07-24 09:00:00,12.4545,summer,14.54
2024-07-24 10:00:00,8.91495,summer,7.87
2024-07-24 11:00:00,6.855900000000001,summer,7.87
2024-07-24 12:00:00,6.675750000000002,summer,7.87
2024-07-24 13:00:00,6.494300000000001,summer,7.87
2024-07-24 14:00:00,6.503800000000001,summer,7.87
2024-07-24 15:00:00,6.922050000000001,summer,7.87
2024-07-24 16:00:00,10.81335,summer,7.87
2024-07-24 17:00:00,13.9707,summer,14.54
2024-07-24 18:00:00,16.7595,summer,18.77
2024-07-24 19:00:00,18.23265,summer,18.77
2024-07-24 20:00:00,19.4811,summer,18.77
2024-07-24 21:00:00,18.1959,summer,18.77
2024-07-24 22:00:00,16.66815,summer,18.77
2024-07-24 23:00:00,16.40775,summer,14.54
2024-07-25 00:00:00,15.846,summer,14.54
2024-07-25 01:00:00,15.604500000000002,summer,14.54
2024-07-25 02:00:00,15.081600000000002,summer,14.54
2024-07-25 03:00:00,14.712,summer,14.54
2024-07-25 04:00:00,16.40565,summer,14.54
2024-07-25 05:00:00,17.8368,summer,18.77
2024-07-25 06:00:00,18.9603,summer,18.77
2024-07-25 07:00:00,16.242900000000002,summer,14.54
2024-07-25 08:00:00,14.2479,summer,14.54
2024-07-25 09:00:00,12.473400000000002,summer,14.54
2024-07-25 10:00:00,10.56975,summer,7.87
2024-07-25 11:00:00,9.24255,summer,7.87
2024-07-25 12:00:00,8.512799999999999,summer,7.87
2024-07-25 13:00:00,8.083350000000001,summer,7.87
2024-07-25 14:00:00,9.441,summer,7.87
2024-07-25 15:00:00,12.339,summer,14.54
2024-07-25 16:00:00,15.09,summer,14.54
2024-07-25 17:00:00,16.875,summer,18.77
2024-07-25 18:00:00,20.017650000000003,summer,18.77
2024-07-25 19:00:00,23.0406,summer,18.77
2024-07-25 20:00:00,20.50905,summer,18.77
2024-07-25 21:00:00,17.19,summer,18.77
2024-07-25 22:00:00,15.609750000000002,summer,14.54
2024-07-25 23:00:00,15.4386,summer,14.54
2024-07-26 00:00:00,14.4495,summer,14.54
2024-07-26 01:00:00,14.9955,summer,14.54
2024-07-26 02:00:00,15.259050000000002,summer,14.54
2024-07-26 03:00:00,15.212850000000005,summer,14.54
2024-07-26 04:00:00,15.42705,summer,14.54
2024-07-26 05:00:00,17.1396,summer,18.77
2024-07-26 06:00:00,18.928800000000003,summer,18.77
2024-07-26 07:00:00,17.6205,summer,18.77
2024-07-26 08:00:00,16.85715,summer,18.77
2024-07-26 09:00:00,16.19565,summer,14.54
2024-07-26 10:00:00,15.231750000000002,summer,14.54
2024-07-26 11:00:00,14.04,summer,14.54
2024-07-26 12:00:00,13.3176,summer,14.54
2024-07-26 13:00:00,13.00995,summer,14.54
2024-07-26 14:00:00,13.8447,summer,14.54
2024-07-26 15:00:00,14.3382,summer,14.54
2024-07-26 16:00:00,15.9846,summer,14.54
2024-07-26 17:00:00,16.5957,summer,14.54
2024-07-26 18:00:00,18.00795,summer,18.77
2024-07-26 19:00:00,21.73125,summer,18.77
2024-07-26 20:00:00,21.285,summer,18.77
2024-07-26 21:00:00,17.86095,summer,18.77
2024-07-26 22:00:00,16.970550000000003,summer,18.77
2024-07-26 23:00:00,17.6058,summer,18.77
2024-07-27 00:00:00,17.54805,summer,18.77
2024-07-27 01:00:00,16.915950000000002,summer,18.77
2024-07-27 02:00:00,16.69125,summer,18.77
2024-07-27 03:00:00,16.3983,summer,14.54
2024-07-27 04:00:00,16.193550000000002,summer,14.54
2024-07-27 05:00:00,15.867,summer,14.54
2024-07-27 06:00:00,15.37875,summer,14.54
2024-07-27 07:00:00,15.58245,summer,14.54
2024-07-27 08:00:00,13.79535,summer,14.54
2024-07-27 09:00:00,13.0719,summer,14.54
2024-07-27 10:00:00,10.8795,summer,7.87
2024-07-27 11:00:00,9.63,summer,7.87
2024-07-27 12:00:00,8.559,summer,7.87
2024-07-27 13:00:00,8.5716,summer,7.87
2024-07-27 14:00:00,10.3671,summer,7.87
2024-07-27 15:00:00,13.8006,summer,14.54
2024-07-27 16:00:00,16.636650000000003,summer,14.54
2024-07-27 17:00:00,17.711850000000002,summer,18.77
2024-07-27 18:00:00,18.94245,summer,18.77
2024-07-27 19:00:00,19.6155,summer,18.77
2024-07-27 20:00:00,19.4811,summer,18.77
2024-07-27 21:00:00,18.0405,summer,18.77
2024-07-27 22:00:00,16.9737,summer,18.77
2024-07-27 23:00:00,18.23895,summer,18.77
2024-07-28 00:00:00,16.67655,summer,18.77
2024-07-28 01:00:00,15.95205,summer,14.54
2024-07-28 02:00:00,15.25065,summer,14.54
2024-07-28 03:00:00,14.936700000000002,summer,14.54
2024-07-28 04:00:00,15.0123,summer,14.54
2024-07-28 05:00:00,14.62065,summer,14.54
2024-07-28 06:00:00,14.314050000000002,summer,14.54
2024-07-28 07:00:00,9.36645,summer,7.87
2024-07-28 08:00:00,7.206600000000002,summer,7.87
2024-07-28 09:00:00,6.690000000000001,summer,7.87
2024-07-28 10:00:00,6.459150000000001,summer,7.87
2024-07-28 11:00:00,5.110150000000002,summer,7.87
2024-07-28 12:00:00,2.8985500000000006,summer,7.87
2024-07-28 13:00:00,2.064450000000001,summer,7.87
2024-07-28 14:00:00,3.5046500000000003,summer,7.87
2024-07-28 15:00:00,5.381850000000001,summer,7.87
2024-07-28 16:00:00,6.500950000000001,summer,7.87
2024-07-28 17:00:00,10.98135,summer,7.87
2024-07-28 18:00:00,16.4004,summer,14.54
2024-07-28 19:00:00,18.43425,summer,18.77
2024-07-28 20:00:00,18.8343,summer,18.77
2024-07-28 21:00:00,17.709750000000003,summer,18.77
2024-07-28 22:00:00,15.5583,summer,14.54
2024-07-28 23:00:00,15.046950000000002,summer,14.54
2024-07-29 00:00:00,14.67315,summer,14.54
2024-07-29 01:00:00,14.27625,summer,14.54
2024-07-29 02:00:00,14.70045,summer,14.54
2024-07-29 03:00:00,15.09,summer,14.54
2024-07-29 04:00:00,17.3265,summer,18.77
2024-07-29 05:00:00,20.865,summer,18.77
2024-07-29 06:00:00,19.4643,summer,18.77
2024-07-29 07:00:00,17.0283,summer,18.77
2024-07-29 08:00:00,13.374300000000002,summer,14.54
2024-07-29 09:00:00,7.800900000000001,summer,7.87
2024-07-29 10:00:00,6.674800000000001,summer,7.87
2024-07-29 11:00:00,6.671950000000002,summer,7.87
2024-07-29 12:00:00,6.528500000000001,summer,7.87
2024-07-29 13:00:00,6.5969000000000015,summer,7.87
2024-07-29 14:00:00,6.683350000000002,summer,7.87
2024-07-29 15:00:00,8.1327,summer,7.87
2024-07-29 16:00:00,13.4604,summer,14.54
2024-07-29 17:00:00,16.86555,summer,18.77
2024-07-29 18:00:00,19.6302,summer,18.77
2024-07-29 19:00:00,25.38735,summer,18.77
2024-07-29 20:00:00,20.6256,summer,18.77
2024-07-29 21:00:00,18.009,summer,18.77
2024-07-29 22:00:00,16.161,summer,14.54
2024-07-29 23:00:00,14.881050000000002,summer,14.54
2024-07-30 00:00:00,14.64585,summer,14.54
2024-07-30 01:00:00,15.01335,summer,14.54
2024-07-30 02:00:00,15.481650000000002,summer,14.54
2024-07-30 03:00:00,15.99195,summer,14.54
2024-07-30 04:00:00,17.384249999999998,summer,18.77
2024-07-30 05:00:00,18.8322,summer,18.77
2024-07-30 06:00:00,18.605400000000003,summer,18.77
2024-07-30 07:00:00,17.15325,summer,18.77
2024-07-30 08:00:00,13.806900000000002,summer,14.54
2024-07-30 09:00:00,10.6296,summer,7.87
2024-07-30 10:00:00,7.513200000000001,summer,7.87
2024-07-30 11:00:00,6.804450000000001,summer,7.87
2024-07-30 12:00:00,6.686200000000001,summer,7.87
2024-07-30 13:00:00,6.684300000000001,summer,7.87
2024-07-30 14:00:00,8.08125,summer,7.87
2024-07-30 15:00:00,10.9614,summer,7.87
2024-07-30 16:00:00,14.8905,summer,14.54
2024-07-30 17:00:00,17.547,summer,18.77
2024-07-30 18:00:00,20.2812,summer,18.77
2024-07-30 19:00:00,25.288650000000004,summer,18.77
2024-07-30 20:00:00,22.19535,summer,18.77
2024-07-30 21:00:00,18.7629,summer,18.77
2024-07-30 22:00:00,17.0892,summer,18.77
2024-07-30 23:00:00,17.06925,summer,18.77
2024-07-31 00:00:00,15.85545,summer,14.54
2024-07-31 01:00:00,15.63495,summer,14.54
2024-07-31 02:00:00,15.3945,summer,14.54
2024-07-31 03:00:00,16.203,summer,14.54
2024-07-31 04:00:00,17.44095,summer,18.77
2024-07-31 05:00:00,18.50355,summer,18.77
2024-07-31 06:00:00,18.2547,summer,18.77
2024-07-31 07:00:00,16.6923,summer,18.77
2024-07-31 08:00:00,14.987100000000002,summer,14.54
2024-07-31 09:00:00,12.55845,summer,14.54
2024-07-31 10:00:00,10.2033,summer,7.87
2024-07-31 11:00:00,8.973749999999999,summer,7.87
2024-07-31 12:00:00,7.882800000000001,summer,7.87
2024-07-31 13:00:00,8.53065,summer,7.87
2024-07-31 14:00:00,10.0227,summer,7.87
2024-07-31 15:00:00,11.52945,summer,14.54
2024-07-31 16:00:00,14.65425,summer,14.54
2024-07-31 17:00:00,17.1018,summer,18.77
2024-07-31 18:00:00,18.80595,summer,18.77
2024-07-31 19:00:00,20.98575,summer,18.77
2024-07-31 20:00:00,18.88995,summer,18.77
2024-07-31 21:00:00,17.66355,summer,18.77
2024-07-31 22:00:00,16.82145,summer,18.77
2024-07-31 23:00:00,16.81725,summer,18.77
2024-08-01 00:00:00,16.392,summer,14.54
2024-08-01 01:00:00,15.80925,summer,14.54
2024-08-01 02:00:00,15.52155,summer,14.54
2024-08-01 03:00:00,16.4634,summer,14.54
2024-08-01 04:00:00,18.52455,summer,18.77
2024-08-01 05:00:00,20.80095,summer,18.77
2024-08-01 06:00:00,18.1896,summer,18.77
2024-08-01 07:00:00,17.81475,summer,18.77
2024-08-01 08:00:00,16.1505,summer,14.54
2024-08-01 09:00:00,14.769750000000002,summer,14.54
2024-08-01 10:00:00,13.7922,summer,14.54
2024-08-01 11:00:00,13.413150000000002,summer,14.54
2024-08-01 12:00:00,13.0299,summer,14.54
2024-08-01 13:00:00,13.240950000000002,summer,14.54
2024-08-01 14:00:00,14.1681,summer,14.54
2024-08-01 15:00:00,14.81595,summer,14.54
2024-08-01 16:00:00,16.6818,summer,18.77
2024-08-01 17:00:00,17.48715,summer,18.77
2024-08-01 18:00:00,18.5025,summer,18.77
2024-08-01 19:00:00,21.18735,summer,18.77
2024-08-01 20:00:00,19.71315,summer,18.77
2024-08-01 21:00:00,18.5487,summer,18.77
2024-08-01 22:00:00,17.788500000000003,summer,18.77
2024-08-01 23:00:00,16.55265,summer,14.54
2024-08-02 00:00:00,16.05285,summer,14.54
2024-08-02 01:00:00,15.94155,summer,14.54
2024-08-02 02:00:00,15.401850000000003,summer,14.54
2024-08-02 03:00:00,15.819750000000004,summer,14.54
2024-08-02 04:00:00,16.83405,summer,18.77
2024-08-02 05:00:00,18.31875,summer,18.77
2024-08-02 06:00:00,19.434900000000003,summer,18.77
2024-08-02 07:00:00,18.57495,summer,18.77
2024-08-02 08:00:00,17.6541,summer,18.77
2024-08-02 09:00:00,16.3164,summer,14.54
2024-08-02 10:00:00,14.847450000000002,summer,14.54
2024-08-02 11:00:00,14.4159,summer,14.54
2024-08-02 12:00:00,13.1937,summer,14.54
2024-08-02 13:00:00,12.3012,summer,14.54
2024-08-02 14:00:00,12.0009,summer,14.54
2024-08-02 15:00:00,13.5591,summer,14.54
2024-08-02 16:00:00,14.847450000000002,summer,14.54
2024-08-02 17:00:00,17.4231,summer,18.77
2024-08-02 18:00:00,20.18145,summer,18.77
2024-08-02 19:00:00,22.03995,summer,18.77
2024-08-02 20:00:00,19.4643,summer,18.77
2024-08-02 21:00:00,18.7041,summer,18.77
2024-08-02 22:00:00,17.08605,summer,18.77
2024-08-02 23:00:00,17.46825,summer,18.77
2024-08-03 00:00:00,17.099700000000002,summer,18.77
2024-08-03 01:00:00,16.4865,summer,14.54
2024-08-03 02:00:00,16.0455,summer,14.54
2024-08-03 03:00:00,15.75255,summer,14.54
2024-08-03 04:00:00,16.6524,summer,14.54
2024-08-03 05:00:00,17.5827,summer,18.77
2024-08-03 06:00:00,16.71855,summer,18.77
2024-08-03 07:00:00,15.5625,summer,14.54
2024-08-03 08:00:00,13.6263,summer,14.54
2024-08-03 09:00:00,10.0962,summer,7.87
2024-08-03 10:00:00,8.827799999999998,summer,7.87
2024-08-03 11:00:00,8.2293,summer,7.87
2024-08-03 12:00:00,7.363050000000001,summer,7.87
2024-08-03 13:00:00,7.120500000000002,summer,7.87
2024-08-03 14:00:00,7.989900000000001,summer,7.87
2024-08-03 15:00:00,10.0962,summer,7.87
2024-08-03 16:00:00,14.41905,summer,14.54
2024-08-03 17:00:00,17.56275,summer,18.77
2024-08-03 18:00:00,18.2421,summer,18.77
2024-08-03 19:00:00,19.7772,summer,18.77
2024-08-03 20:00:00,21.0372,summer,18.77
2024-08-03 21:00:00,19.206,summer,18.77
2024-08-03 22:00:00,17.3265,summer,18.77
2024-08-03 23:00:00,18.26205,summer,18.77
2024-08-04 00:00:00,17.3307,summer,18.77
2024-08-04 01:00:00,16.864500000000003,summer,18.77
2024-08-04 02:00:00,16.421400000000002,summer,14.54
2024-08-04 03:00:00,16.16205,summer,14.54
2024-08-04 04:00:00,15.405,summer,14.54
2024-08-04 05:00:00,14.8485,summer,14.54
2024-08-04 06:00:00,14.376,summer,14.54
2024-08-04 07:00:00,13.40265,summer,14.54
2024-08-04 08:00:00,9.64155,summer,7.87
2024-08-04 09:00:00,7.535250000000001,summer,7.87
2024-08-04 10:00:00,6.905250000000001,summer,7.87
2024-08-04 11:00:00,6.696300000000002,summer,7.87
2024-08-04 12:00:00,6.686200000000001,summer,7.87
2024-08-04 13:00:00,6.484800000000002,summer,7.87
2024-08-04 14:00:00,6.689050000000002,summer,7.87
2024-08-04 15:00:00,6.795000000000002,summer,7.87
2024-08-04 16:00:00,9.0483,summer,7.87
2024-08-04 17:00:00,14.37285,summer,14.54
2024-08-04 18:00:00,17.784299999999998,summer,18.77
2024-08-04 19:00:00,19.2816,summer,18.77
2024-08-04 20:00:00,19.81395,summer,18.77
2024-08-04 21:00:00,18.5487,summer,18.77
2024-08-04 22:00:00,17.69715,summer,18.77
2024-08-04 23:00:00,17.5134,summer,18.77
2024-08-05 00:00:00,15.648600000000002,summer,14.54
2024-08-05 01:00:00,15.331500000000002,summer,14.54
2024-08-05 02:00:00,15.65175,summer,14.54
2024-08-05 03:00:00,15.46695,summer,14.54
2024-08-05 04:00:00,16.9002,summer,18.77
2024-08-05 05:00:00,19.1829,summer,18.77
2024-08-05 06:00:00,21.04875,summer,18.77
2024-08-05 07:00:00,18.65685,summer,18.77
2024-08-05 08:00:00,17.48715,summer,18.77
2024-08-05 09:00:00,14.5125,summer,14.54
2024-08-05 10:00:00,13.4415,summer,14.54
2024-08-05 11:00:00,12.6876,summer,14.54
2024-08-05 12:00:00,11.105250000000002,summer,7.87
2024-08-05 13:00:00,10.50675,summer,7.87
2024-08-05 14:00:00,12.09015,summer,14.54
2024-08-05 15:00:00,14.0505,summer,14.54
2024-08-05 16:00:00,15.657,summer,14.54
2024-08-05 17:00:00,18.13185,summer,18.77
2024-08-05 18:00:00,22.7298,summer,18.77
2024-08-05 19:00:00,32.94105,summer,18.77
2024-08-05 20:00:00,24.63765,summer,18.77
2024-08-05 21:00:00,19.3215,summer,18.77
2024-08-05 22:00:00,17.4966,summer,18.77
2024-08-05 23:00:00,17.514450000000004,summer,18.77
2024-08-06 00:00:00,16.72485,summer,18.77
2024-08-06 01:00:00,16.060200000000002,summer,14.54
2024-08-06 02:00:00,15.6402,summer,14.54
2024-08-06 03:00:00,15.6948,summer,14.54
2024-08-06 04:00:00,16.74585,summer,18.77
2024-08-06 05:00:00,19.6953,summer,18.77
2024-08-06 06:00:00,19.924200000000003,summer,18.77
2024-08-06 07:00:00,15.64545,summer,14.54
2024-08-06 08:00:00,14.513550000000002,summer,14.54
2024-08-06 09:00:00,10.4742,summer,7.87
2024-08-06 10:00:00,8.94015,summer,7.87
2024-08-06 11:00:00,8.3553,summer,7.87
2024-08-06 12:00:00,6.9997500000000015,summer,7.87
2024-08-06 13:00:00,7.1929500000000015,summer,7.87
2024-08-06 14:00:00,8.7312,summer,7.87
2024-08-06 15:00:00,10.85955,summer,7.87
2024-08-06 16:00:00,15.31995,summer,14.54
2024-08-06 17:00:00,17.850450000000002,summer,18.77
2024-08-06 18:00:00,25.020900000000005,summer,18.77
2024-08-06 19:00:00,30.929250000000003,summer,18.77
2024-08-06 20:00:00,24.58725,summer,18.77
2024-08-06 21:00:00,19.1367,summer,18.77
2024-08-06 22:00:00,17.19315,summer,18.77
2024-08-06 23:00:00,16.28595,summer,14.54
2024-08-07 00:00:00,15.4302,summer,14.54
2024-08-07 01:00:00,15.01545,summer,14.54
2024-08-07 02:00:00,15.4302,summer,14.54
2024-08-07 03:00:00,15.765150000000002,summer,14.54
2024-08-07 04:00:00,17.6478,summer,18.77
2024-08-07 05:00:00,19.92735,summer,18.77
2024-08-07 06:00:00,20.1279,summer,18.77
2024-08-07 07:00:00,18.1413,summer,18.77
2024-08-07 08:00:00,16.02555,summer,14.54
2024-08-07 09:00:00,14.4138,summer,14.54
2024-08-07 10:00:00,13.251450000000002,summer,14.54
2024-08-07 11:00:00,11.1147,summer,7.87
2024-08-07 12:00:00,10.37025,summer,7.87
2024-08-07 13:00:00,12.06495,summer,14.54
2024-08-07 14:00:00,13.9644,summer,14.54
2024-08-07 15:00:00,15.692700000000002,summer,14.54
2024-08-07 16:00:00,17.736,summer,18.77
2024-08-07 17:00:00,17.86305,summer,18.77
2024-08-07 18:00:00,19.26375,summer,18.77
2024-08-07 19:00:00,22.364400000000003,summer,18.77
2024-08-07 20:00:00,20.786250000000003,summer,18.77
2024-08-07 21:00:00,18.5277,summer,18.77
2024-08-07 22:00:00,17.481900000000003,summer,18.77
2024-08-07 23:00:00,16.815150000000003,summer,18.77
2024-08-08 00:00:00,15.936300000000005,summer,14.54
2024-08-08 01:00:00,15.8628,summer,14.54
2024-08-08 02:00:00,15.936300000000005,summer,14.54
2024-08-08 03:00:00,15.95835,summer,14.54
2024-08-08 04:00:00,16.781550000000003,summer,18.77
2024-08-08 05:00:00,18.33765,summer,18.77
2024-08-08 06:00:00,19.80765,summer,18.77
2024-08-08 07:00:00,18.70305,summer,18.77
2024-08-08 08:00:00,17.9082,summer,18.77
2024-08-08 09:00:00,15.7305,summer,14.54
2024-08-08 10:00:00,14.208,summer,14.54
2024-08-08 11:00:00,12.684450000000002,summer,14.54
2024-08-08 12:00:00,10.94145,summer,7.87
2024-08-08 13:00:00,10.0689,summer,7.87
2024-08-08 14:00:00,10.9152,summer,7.87
2024-08-08 15:00:00,12.76005,summer,14.54
2024-08-08 16:00:00,15.1446,summer,14.54
2024-08-08 17:00:00,17.3916,summer,18.77
2024-08-08 18:00:00,21.23145,summer,18.77
2024-08-08 19:00:00,27.407550000000004,summer,18.77
2024-08-08 20:00:00,20.865,summer,18.77
2024-08-08 21:00:00,17.4,summer,18.77
2024-08-08 22:00:00,16.5138,summer,14.54
2024-08-08 23:00:00,17.57955,summer,18.77
2024-08-09 00:00:00,15.5016,summer,14.54
2024-08-09 01:00:00,13.7607,summer,14.54
2024-08-09 02:00:00,13.4415,summer,14.54
2024-08-09 03:00:00,12.28755,summer,14.54
2024-08-09 04:00:00,13.4478,summer,14.54
2024-08-09 05:00:00,15.09,summer,14.54
2024-08-09 06:00:00,15.97305,summer,14.54
2024-08-09 07:00:00,12.927,summer,14.54
2024-08-09 08:00:00,9.97755,summer,7.87
2024-08-09 09:00:00,7.632900000000001,summer,7.87
2024-08-09 10:00:00,6.753000000000001,summer,7.87
2024-08-09 11:00:00,6.687150000000002,summer,7.87
2024-08-09 12:00:00,6.674800000000001,summer,7.87
2024-08-09 13:00:00,6.614000000000002,summer,7.87
2024-08-09 14:00:00,6.679550000000002,summer,7.87
2024-08-09 15:00:00,6.689050000000002,summer,7.87
2024-08-09 16:00:00,6.957750000000002,summer,7.87
2024-08-09 17:00:00,11.0769,summer,7.87
2024-08-09 18:00:00,15.1992,summer,14.54
2024-08-09 19:00:00,19.81185,summer,18.77
2024-08-09 20:00:00,19.08525,summer,18.77
2024-08-09 21:00:00,18.6033,summer,18.77
2024-08-09 22:00:00,16.47915,summer,14.54
2024-08-09 23:00:00,15.62445,summer,14.54
2024-08-10 00:00:00,16.36365,summer,14.54
2024-08-10 01:00:00,15.854400000000002,summer,14.54
2024-08-10 02:00:00,15.580350000000005,summer,14.54
2024-08-10 03:00:00,15.397650000000002,summer,14.54
2024-08-10 04:00:00,15.6696,summer,14.54
2024-08-10 05:00:00,16.0014,summer,14.54
2024-08-10 06:00:00,14.67105,summer,14.54
2024-08-10 07:00:00,10.0353,summer,7.87
2024-08-10 08:00:00,6.711000000000001,summer,7.87
2024-08-10 09:00:00,6.405000000000001,summer,7.87
2024-08-10 10:00:00,5.5310000000000015,summer,7.87
2024-08-10 11:00:00,4.5534500000000016,summer,7.87
2024-08-10 12:00:00,2.81685,summer,7.87
2024-08-10 13:00:00,2.88145,summer,7.87
2024-08-10 14:00:00,3.87135,summer,7.87
2024-08-10 15:00:00,5.911000000000001,summer,7.87
2024-08-10 16:00:00,6.697350000000001,summer,7.87
2024-08-10 17:00:00,11.8182,summer,14.54
2024-08-10 18:00:00,17.87775,summer,18.77
2024-08-10 19:00:00,19.86015,summer,18.77
2024-08-10 20:00:00,20.655,summer,18.77
2024-08-10 21:00:00,19.06425,summer,18.77
2024-08-10 22:00:00,17.8872,summer,18.77
2024-08-10 23:00:00,17.89455,summer,18.77
2024-08-11 00:00:00,17.627850000000002,summer,18.77
2024-08-11 01:00:00,17.1858,summer,18.77
2024-08-11 02:00:00,16.6797,summer,18.77
2024-08-11 03:00:00,16.82145,summer,18.77
2024-08-11 04:00:00,18.76185,summer,18.77
2024-08-11 05:00:00,17.866200000000003,summer,18.77
2024-08-11 06:00:00,14.1471,summer,14.54
2024-08-11 07:00:00,9.609000000000002,summer,7.87
2024-08-11 08:00:00,6.690000000000001,summer,7.87
2024-08-11 09:00:00,6.214050000000001,summer,7.87
2024-08-11 10:00:00,5.265950000000001,summer,7.87
2024-08-11 11:00:00,3.6462000000000008,summer,7.87
2024-08-11 12:00:00,0.9938000000000003,summer,7.87
2024-08-11 13:00:00,1.93145,summer,7.87
2024-08-11 14:00:00,3.7051,summer,7.87
2024-08-11 15:00:00,6.217850000000001,summer,7.87
2024-08-11 16:00:00,6.843300000000001,summer,7.87
2024-08-11 17:00:00,15.9447,summer,14.54
2024-08-11 18:00:00,20.214,summer,18.77
2024-08-11 19:00:00,21.0939,summer,18.77
2024-08-11 20:00:00,19.93575,summer,18.77
2024-08-11 21:00:00,18.23895,summer,18.77
2024-08-11 22:00:00,16.9044,summer,18.77
2024-08-11 23:00:00,17.7129,summer,18.77
2024-08-12 00:00:00,16.6251,summer,14.54
2024-08-12 01:00:00,15.6465,summer,14.54
2024-08-12 02:00:00,15.783,summer,14.54
2024-08-12 03:00:00,16.01925,summer,14.54
2024-08-12 04:00:00,18.716700000000003,summer,18.77
2024-08-12 05:00:00,22.8411,summer,18.77
2024-08-12 06:00:00,22.8411,summer,18.77
2024-08-12 07:00:00,18.79125,summer,18.77
2024-08-12 08:00:00,14.0295,summer,14.54
2024-08-12 09:00:00,10.9026,summer,7.87
2024-08-12 10:00:00,8.3742,summer,7.87
2024-08-12 11:00:00,7.7463000000000015,summer,7.87
2024-08-12 12:00:00,7.422900000000001,summer,7.87
2024-08-12 13:00:00,8.139000000000001,summer,7.87
2024-08-12 14:00:00,9.61635,summer,7.87
2024-08-12 15:00:00,11.79825,summer,14.54
2024-08-12 16:00:00,16.065450000000002,summer,14.54
2024-08-12 17:00:00,19.5819,summer,18.77
2024-08-12 18:00:00,28.3221,summer,18.77
2024-08-12 19:00:00,30.298200000000005,summer,18.77
2024-08-12 20:00:00,20.1657,summer,18.77
2024-08-12 21:00:00,17.912399999999998,summer,18.77
2024-08-12 22:00:00,17.19525,summer,18.77
2024-08-12 23:00:00,17.1522,summer,18.77
2024-08-13 00:00:00,15.920550000000002,summer,14.54
2024-08-13 01:00:00,15.783,summer,14.54
2024-08-13 02:00:00,15.592950000000002,summer,14.54
2024-08-13 03:00:00,15.5898,summer,14.54
2024-08-13 04:00:00,17.33385,summer,18.77
2024-08-13 05:00:00,19.8843,summer,18.77
2024-08-13 06:00:00,20.72955,summer,18.77
2024-08-13 07:00:00,19.06845,summer,18.77
2024-08-13 08:00:00,15.910050000000002,summer,14.54
2024-08-13 09:00:00,13.69035,summer,14.54
2024-08-13 10:00:00,12.5637,summer,14.54
2024-08-13 11:00:00,11.20605,summer,14.54
2024-08-13 12:00:00,10.92885,summer,7.87
2024-08-13 13:00:00,11.7258,summer,14.54
2024-08-13 14:00:00,13.42575,summer,14.54
2024-08-13 15:00:00,15.72,summer,14.54
2024-08-13 16:00:00,17.715,summer,18.77
2024-08-13 17:00:00,19.3992,summer,18.77
2024-08-13 18:00:00,27.9756,summer,18.77
2024-08-13 19:00:00,28.25175,summer,18.77
2024-08-13 20:00:00,20.224500000000003,summer,18.77
2024-08-13 21:00:00,18.3954,summer,18.77
2024-08-13 22:00:00,17.71395,summer,18.77
2024-08-13 23:00:00,15.90165,summer,14.54
2024-08-14 00:00:00,16.22295,summer,14.54
2024-08-14 01:00:00,15.90165,summer,14.54
2024-08-14 02:00:00,16.497,summer,14.54
2024-08-14 03:00:00,16.518,summer,14.54
2024-08-14 04:00:00,17.9355,summer,18.77
2024-08-14 05:00:00,20.3127,summer,18.77
2024-08-14 06:00:00,21.035100000000003,summer,18.77
2024-08-14 07:00:00,19.3908,summer,18.77
2024-08-14 08:00:00,18.11295,summer,18.77
2024-08-14 09:00:00,15.4134,summer,14.54
2024-08-14 10:00:00,14.8002,summer,14.54
2024-08-14 11:00:00,14.33925,summer,14.54
2024-08-14 12:00:00,14.6049,summer,14.54
2024-08-14 13:00:00,14.53455,summer,14.54
2024-08-14 14:00:00,15.2727,summer,14.54
2024-08-14 15:00:00,16.5978,summer,14.54
2024-08-14 16:00:00,17.776950000000003,summer,18.77
2024-08-14 17:00:00,18.3954,summer,18.77
2024-08-14 18:00:00,23.63805,summer,18.77
2024-08-14 19:00:00,29.6766,summer,18.77
2024-08-14 20:00:00,22.3035,summer,18.77
2024-08-14 21:00:00,19.33515,summer,18.77
2024-08-14 22:00:00,18.23475,summer,18.77
2024-08-14 23:00:00,18.27465,summer,18.77
2024-08-15 00:00:00,18.2043,summer,18.77
2024-08-15 01:00:00,17.7465,summer,18.77
2024-08-15 02:00:00,16.637700000000002,summer,14.54
2024-08-15 03:00:00,16.772100000000002,summer,18.77
2024-08-15 04:00:00,18.12555,summer,18.77
2024-08-15 05:00:00,19.26375,summer,18.77
2024-08-15 06:00:00,19.36455,summer,18.77
2024-08-15 07:00:00,18.76185,summer,18.77
2024-08-15 08:00:00,16.2576,summer,14.54
2024-08-15 09:00:00,12.895500000000002,summer,14.54
2024-08-15 10:00:00,8.7837,summer,7.87
2024-08-15 11:00:00,7.725300000000002,summer,7.87
2024-08-15 12:00:00,6.6910500000000015,summer,7.87
2024-08-15 13:00:00,6.686200000000001,summer,7.87
2024-08-15 14:00:00,7.136250000000001,summer,7.87
2024-08-15 15:00:00,10.19805,summer,7.87
2024-08-15 16:00:00,14.802300000000002,summer,14.54
2024-08-15 17:00:00,19.28265,summer,18.77
2024-08-15 18:00:00,21.65355,summer,18.77
2024-08-15 19:00:00,23.521500000000003,summer,18.77
2024-08-15 20:00:00,21.4782,summer,18.77
2024-08-15 21:00:00,19.17135,summer,18.77
2024-08-15 22:00:00,16.6587,summer,18.77
2024-08-15 23:00:00,18.13185,summer,18.77
2024-08-16 00:00:00,15.801900000000003,summer,14.54
2024-08-16 01:00:00,15.675900000000002,summer,14.54
2024-08-16 02:00:00,15.70215,summer,14.54
2024-08-16 03:00:00,15.904800000000002,summer,14.54
2024-08-16 04:00:00,16.35525,summer,14.54
2024-08-16 05:00:00,20.1741,summer,18.77
2024-08-16 06:00:00,20.85555,summer,18.77
2024-08-16 07:00:00,19.79715,summer,18.77
2024-08-16 08:00:00,17.28975,summer,18.77
2024-08-16 09:00:00,14.68575,summer,14.54
2024-08-16 10:00:00,12.97215,summer,14.54
2024-08-16 11:00:00,12.0114,summer,14.54
2024-08-16 12:00:00,11.93265,summer,14.54
2024-08-16 13:00:00,11.68485,summer,14.54
2024-08-16 14:00:00,12.4818,summer,14.54
2024-08-16 15:00:00,15.370350000000002,summer,14.54
2024-08-16 16:00:00,17.5848,summer,18.77
2024-08-16 17:00:00,20.8566,summer,18.77
2024-08-16 18:00:00,30.8946,summer,18.77
2024-08-16 19:00:00,32.217600000000004,summer,18.77
2024-08-16 20:00:00,24.73215,summer,18.77
2024-08-16 21:00:00,20.8167,summer,18.77
2024-08-16 22:00:00,18.88785,summer,18.77
2024-08-16 23:00:00,17.93655,summer,18.77
2024-08-17 00:00:00,18.1623,summer,18.77
2024-08-17 01:00:00,17.51865,summer,18.77
2024-08-17 02:00:00,17.3811,summer,18.77
2024-08-17 03:00:00,18.30195,summer,18.77
2024-08-17 04:00:00,18.3282,summer,18.77
2024-08-17 05:00:00,17.8935,summer,18.77
2024-08-17 06:00:00,17.60685,summer,18.77
2024-08-17 07:00:00,17.550150000000002,summer,18.77
2024-08-17 08:00:00,15.510000000000002,summer,14.54
2024-08-17 09:00:00,13.98645,summer,14.54
2024-08-17 10:00:00,12.3894,summer,14.54
2024-08-17 11:00:00,11.61765,summer,14.54
2024-08-17 12:00:00,10.96455,summer,7.87
2024-08-17 13:00:00,10.83015,summer,7.87
2024-08-17 14:00:00,10.843800000000002,summer,7.87
2024-08-17 15:00:00,12.894450000000004,summer,14.54
2024-08-17 16:00:00,15.972,summer,14.54
2024-08-17 17:00:00,19.2564,summer,18.77
2024-08-17 18:00:00,21.4488,summer,18.77
2024-08-17 19:00:00,22.353900000000003,summer,18.77
2024-08-17 20:00:00,20.0229,summer,18.77
2024-08-17 21:00:00,18.9435,summer,18.77
2024-08-17 22:00:00,17.801099999999998,summer,18.77
2024-08-17 23:00:00,18.4311,summer,18.77
2024-08-18 00:00:00,18.534,summer,18.77
2024-08-18 01:00:00,17.837850000000003,summer,18.77
2024-08-18 02:00:00,17.8431,summer,18.77
2024-08-18 03:00:00,17.68875,summer,18.77
2024-08-18 04:00:00,17.711850000000002,summer,18.77
2024-08-18 05:00:00,17.14065,summer,18.77
2024-08-18 06:00:00,16.686,summer,18.77
2024-08-18 07:00:00,15.951,summer,14.54
2024-08-18 08:00:00,15.3336,summer,14.54
2024-08-18 09:00:00,14.262600000000004,summer,14.54
2024-08-18 10:00:00,14.3046,summer,14.54
2024-08-18 11:00:00,13.62315,summer,14.54
2024-08-18 12:00:00,10.2222,summer,7.87
2024-08-18 13:00:00,8.5506,summer,7.87
2024-08-18 14:00:00,12.0744,summer,14.54
2024-08-18 15:00:00,14.0253,summer,14.54
2024-08-18 16:00:00,15.340950000000005,summer,14.54
2024-08-18 17:00:00,16.54425,summer,14.54
2024-08-18 18:00:00,18.23265,summer,18.77
2024-08-18 19:00:00,18.8364,summer,18.77
2024-08-18 20:00:00,18.222150000000003,summer,18.77
2024-08-18 21:00:00,18.387,summer,18.77
2024-08-18 22:00:00,17.132250000000003,summer,18.77
2024-08-18 23:00:00,16.915950000000002,summer,18.77
2024-08-19 00:00:00,16.1505,summer,14.54
2024-08-19 01:00:00,16.003500000000003,summer,14.54
2024-08-19 02:00:00,15.6003,summer,14.54
2024-08-19 03:00:00,15.5625,summer,14.54
2024-08-19 04:00:00,15.926850000000002,summer,14.54
2024-08-19 05:00:00,20.235000000000003,summer,18.77
2024-08-19 06:00:00,22.68465,summer,18.77
2024-08-19 07:00:00,20.298,summer,18.77
2024-08-19 08:00:00,18.5109,summer,18.77
2024-08-19 09:00:00,16.864500000000003,summer,18.77
2024-08-19 10:00:00,16.1127,summer,14.54
2024-08-19 11:00:00,15.5499,summer,14.54
2024-08-19 12:00:00,14.97135,summer,14.54
2024-08-19 13:00:00,15.11205,summer,14.54
2024-08-19 14:00:00,15.0795,summer,14.54
2024-08-19 15:00:00,15.515250000000002,summer,14.54
2024-08-19 16:00:00,17.2635,summer,18.77
2024-08-19 17:00:00,18.65685,summer,18.77
2024-08-19 18:00:00,27.69,summer,18.77
2024-08-19 19:00:00,28.092150000000004,summer,18.77
2024-08-19 20:00:00,21.401550000000004,summer,18.77
2024-08-19 21:00:00,17.2761,summer,18.77
2024-08-19 22:00:00,15.741000000000003,summer,14.54
2024-08-19 23:00:00,16.518,summer,14.54
2024-08-20 00:00:00,16.092750000000002,summer,14.54
2024-08-20 01:00:00,15.982500000000002,summer,14.54
2024-08-20 02:00:00,16.06755,summer,14.54
2024-08-20 03:00:00,15.73995,summer,14.54
2024-08-20 04:00:00,16.13685,summer,14.54
2024-08-20 05:00:00,19.611300000000004,summer,18.77
2024-08-20 06:00:00,20.67915,summer,18.77
2024-08-20 07:00:00,19.60185,summer,18.77
2024-08-20 08:00:00,17.514450000000004,summer,18.77
2024-08-20 09:00:00,14.56605,summer,14.54
2024-08-20 10:00:00,11.95365,summer,14.54
2024-08-20 11:00:00,10.64745,summer,7.87
2024-08-20 12:00:00,8.6031,summer,7.87
2024-08-20 13:00:00,8.827799999999998,summer,7.87
2024-08-20 14:00:00,11.8245,summer,14.54
2024-08-20 15:00:00,15.31575,summer,14.54
2024-08-20 16:00:00,17.6625,summer,18.77
2024-08-20 17:00:00,19.08735,summer,18.77
2024-08-20 18:00:00,23.365050000000004,summer,18.77
2024-08-20 19:00:00,22.93455,summer,18.77
2024-08-20 20:00:00,19.38345,summer,18.77
2024-08-20 21:00:00,17.5911,summer,18.77
2024-08-20 22:00:00,16.9758,summer,18.77
2024-08-20 23:00:00,15.8628,summer,14.54
2024-08-21 00:00:00,15.3,summer,14.54
2024-08-21 01:00:00,13.612650000000002,summer,14.54
2024-08-21 02:00:00,12.57945,summer,14.54
2024-08-21 03:00:00,13.0341,summer,14.54
2024-08-21 04:00:00,12.984750000000002,summer,14.54
2024-08-21 05:00:00,15.2265,summer,14.54
2024-08-21 06:00:00,15.7116,summer,14.54
2024-08-21 07:00:00,15.8649,summer,14.54
2024-08-21 08:00:00,12.2718,summer,14.54
2024-08-21 09:00:00,6.706800000000001,summer,7.87
2024-08-21 10:00:00,6.219750000000001,summer,7.87
2024-08-21 11:00:00,5.454050000000001,summer,7.87
2024-08-21 12:00:00,4.759600000000002,summer,7.87
2024-08-21 13:00:00,4.668400000000001,summer,7.87
2024-08-21 14:00:00,5.165250000000001,summer,7.87
2024-08-21 15:00:00,5.489200000000001,summer,7.87
2024-08-21 16:00:00,6.9010500000000015,summer,7.87
2024-08-21 17:00:00,13.752300000000002,summer,14.54
2024-08-21 18:00:00,17.388450000000002,summer,18.77
2024-08-21 19:00:00,21.42675,summer,18.77
2024-08-21 20:00:00,20.4408,summer,18.77
2024-08-21 21:00:00,17.549100000000003,summer,18.77
2024-08-21 22:00:00,15.68325,summer,14.54
2024-08-21 23:00:00,14.9787,summer,14.54
2024-08-22 00:00:00,14.3592,summer,14.54
2024-08-22 01:00:00,15.1383,summer,14.54
2024-08-22 02:00:00,15.10785,summer,14.54
2024-08-22 03:00:00,14.06415,summer,14.54
2024-08-22 04:00:00,15.659100000000002,summer,14.54
2024-08-22 05:00:00,17.18475,summer,18.77
2024-08-22 06:00:00,20.283300000000004,summer,18.77
2024-08-22 07:00:00,18.56025,summer,18.77
2024-08-22 08:00:00,14.3655,summer,14.54
2024-08-22 09:00:00,8.244,summer,7.87
2024-08-22 10:00:00,6.690000000000001,summer,7.87
2024-08-22 11:00:00,6.653900000000001,summer,7.87
2024-08-22 12:00:00,6.446800000000001,summer,7.87
2024-08-22 13:00:00,6.546550000000002,summer,7.87
2024-08-22 14:00:00,6.276750000000002,summer,7.87
2024-08-22 15:00:00,6.681450000000002,summer,7.87
2024-08-22 16:00:00,9.303449999999998,summer,7.87
2024-08-22 17:00:00,16.0833,summer,14.54
2024-08-22 18:00:00,18.5277,summer,18.77
2024-08-22 19:00:00,18.3975,summer,18.77
2024-08-22 20:00:00,18.23895,summer,18.77
2024-08-22 21:00:00,16.715400000000002,summer,18.77
2024-08-22 22:00:00,15.0081,summer,14.54
2024-08-22 23:00:00,12.1395,summer,14.54
2024-08-23 00:00:00,11.50635,summer,14.54
2024-08-23 01:00:00,10.73355,summer,7.87
2024-08-23 02:00:00,9.4578,summer,7.87
2024-08-23 03:00:00,9.4704,summer,7.87
2024-08-23 04:00:00,9.90195,summer,7.87
2024-08-23 05:00:00,13.4331,summer,14.54
2024-08-23 06:00:00,13.056150000000002,summer,14.54
2024-08-23 07:00:00,11.272200000000002,summer,14.54
2024-08-23 08:00:00,7.116300000000002,summer,7.87
2024-08-23 09:00:00,6.689050000000002,summer,7.87
2024-08-23 10:00:00,6.312850000000001,summer,7.87
2024-08-23 11:00:00,5.783700000000001,summer,7.87
2024-08-23 12:00:00,5.234600000000001,summer,7.87
2024-08-23 13:00:00,5.117750000000001,summer,7.87
2024-08-23 14:00:00,5.7257500000000014,summer,7.87
2024-08-23 15:00:00,5.817900000000002,summer,7.87
2024-08-23 16:00:00,6.687150000000002,summer,7.87
2024-08-23 17:00:00,11.961000000000002,summer,14.54
2024-08-23 18:00:00,17.14065,summer,18.77
2024-08-23 19:00:00,19.13985,summer,18.77
2024-08-23 20:00:00,19.62075,summer,18.77
2024-08-23 21:00:00,19.2417,summer,18.77
2024-08-23 22:00:00,17.242500000000003,summer,18.77
2024-08-23 23:00:00,18.28725,summer,18.77
2024-08-24 00:00:00,17.5869,summer,18.77
2024-08-24 01:00:00,17.2341,summer,18.77
2024-08-24 02:00:00,17.2194,summer,18.77
2024-08-24 03:00:00,17.2845,summer,18.77
2024-08-24 04:00:00,17.757,summer,18.77
2024-08-24 05:00:00,17.2971,summer,18.77
2024-08-24 06:00:00,17.42415,summer,18.77
2024-08-24 07:00:00,14.6931,summer,14.54
2024-08-24 08:00:00,8.265,summer,7.87
2024-08-24 09:00:00,6.687150000000002,summer,7.87
2024-08-24 10:00:00,6.039250000000002,summer,7.87
2024-08-24 11:00:00,4.915400000000002,summer,7.87
2024-08-24 12:00:00,2.88145,summer,7.87
2024-08-24 13:00:00,2.4929,summer,7.87
2024-08-24 14:00:00,4.0642000000000005,summer,7.87
2024-08-24 15:00:00,5.915750000000001,summer,7.87
2024-08-24 16:00:00,6.595950000000001,summer,7.87
2024-08-24 17:00:00,14.216400000000002,summer,14.54
2024-08-24 18:00:00,16.2996,summer,14.54
2024-08-24 19:00:00,15.098400000000002,summer,14.54
2024-08-24 20:00:00,13.92555,summer,14.54
2024-08-24 21:00:00,13.4247,summer,14.54
2024-08-24 22:00:00,11.94,summer,14.54
2024-08-24 23:00:00,6.728850000000001,summer,7.87
2024-08-25 00:00:00,6.688100000000001,summer,7.87
2024-08-25 01:00:00,6.657700000000001,summer,7.87
2024-08-25 02:00:00,6.5950000000000015,summer,7.87
2024-08-25 03:00:00,6.605450000000001,summer,7.87
2024-08-25 04:00:00,6.650100000000001,summer,7.87
2024-08-25 05:00:00,6.685250000000002,summer,7.87
2024-08-25 06:00:00,6.689050000000002,summer,7.87
2024-08-25 07:00:00,6.689050000000002,summer,7.87
2024-08-25 08:00:00,6.557950000000002,summer,7.87
2024-08-25 09:00:00,6.113350000000001,summer,7.87
2024-08-25 10:00:00,5.730500000000001,summer,7.87
2024-08-25 11:00:00,5.217500000000001,summer,7.87
2024-08-25 12:00:00,4.789050000000001,summer,7.87
2024-08-25 13:00:00,4.8061500000000015,summer,7.87
2024-08-25 14:00:00,5.7257500000000014,summer,7.87
2024-08-25 15:00:00,6.214050000000001,summer,7.87
2024-08-25 16:00:00,6.795000000000002,summer,7.87
2024-08-25 17:00:00,15.8292,summer,14.54
2024-08-25 18:00:00,18.24,summer,18.77
2024-08-25 19:00:00,19.23225,summer,18.77
2024-08-25 20:00:00,17.76645,summer,18.77
2024-08-25 21:00:00,17.1585,summer,18.77
2024-08-25 22:00:00,16.4004,summer,14.54
2024-08-25 23:00:00,16.42875,summer,14.54
2024-08-26 00:00:00,15.68325,summer,14.54
2024-08-26 01:00:00,15.1887,summer,14.54
2024-08-26 02:00:00,15.442800000000002,summer,14.54
2024-08-26 03:00:00,15.34515,summer,14.54
2024-08-26 04:00:00,15.4554,summer,14.54
2024-08-26 05:00:00,18.56655,summer,18.77
2024-08-26 06:00:00,22.82745,summer,18.77
2024-08-26 07:00:00,20.44185,summer,18.77
2024-08-26 08:00:00,17.077650000000002,summer,18.77
2024-08-26 09:00:00,14.775000000000002,summer,14.54
2024-08-26 10:00:00,13.54755,summer,14.54
2024-08-26 11:00:00,9.11235,summer,7.87
2024-08-26 12:00:00,8.532749999999998,summer,7.87
2024-08-26 13:00:00,11.1924,summer,7.87
2024-08-26 14:00:00,14.15025,summer,14.54
2024-08-26 15:00:00,15.930000000000003,summer,14.54
2024-08-26 16:00:00,17.13435,summer,18.77
2024-08-26 17:00:00,18.9561,summer,18.77
2024-08-26 18:00:00,26.67255,summer,18.77
2024-08-26 19:00:00,30.951300000000003,summer,18.77
2024-08-26 20:00:00,21.7911,summer,18.77
2024-08-26 21:00:00,18.3303,summer,18.77
2024-08-26 22:00:00,17.981700000000004,summer,18.77
2024-08-26 23:00:00,17.02305,summer,18.77
2024-08-27 00:00:00,16.13055,summer,14.54
2024-08-27 01:00:00,15.76725,summer,14.54
2024-08-27 02:00:00,15.8565,summer,14.54
2024-08-27 03:00:00,16.0455,summer,14.54
2024-08-27 04:00:00,17.2068,summer,18.77
2024-08-27 05:00:00,19.8948,summer,18.77
2024-08-27 06:00:00,21.178950000000004,summer,18.77
2024-08-27 07:00:00,18.87105,summer,18.77
2024-08-27 08:00:00,16.1337,summer,14.54
2024-08-27 09:00:00,14.430600000000002,summer,14.54
2024-08-27 10:00:00,9.74865,summer,7.87
2024-08-27 11:00:00,7.222350000000001,summer,7.87
2024-08-27 12:00:00,6.813900000000001,summer,7.87
2024-08-27 13:00:00,6.934650000000001,summer,7.87
2024-08-27 14:00:00,9.15225,summer,7.87
2024-08-27 15:00:00,12.2025,summer,14.54
2024-08-27 16:00:00,16.00455,summer,14.54
2024-08-27 17:00:00,18.8763,summer,18.77
2024-08-27 18:00:00,31.076250000000005,summer,18.77
2024-08-27 19:00:00,29.5716,summer,18.77
2024-08-27 20:00:00,19.3446,summer,18.77
2024-08-27 21:00:00,17.73705,summer,18.77
2024-08-27 22:00:00,16.399350000000002,summer,14.54
2024-08-27 23:00:00,16.18935,summer,14.54
2024-08-28 00:00:00,16.27755,summer,14.54
2024-08-28 01:00:00,15.875400000000004,summer,14.54
2024-08-28 02:00:00,16.056,summer,14.54
2024-08-28 03:00:00,16.3227,summer,14.54
2024-08-28 04:00:00,16.38675,summer,14.54
2024-08-28 05:00:00,18.76395,summer,18.77
2024-08-28 06:00:00,20.18985,summer,18.77
2024-08-28 07:00:00,19.395,summer,18.77
2024-08-28 08:00:00,17.757,summer,18.77
2024-08-28 09:00:00,15.8838,summer,14.54
2024-08-28 10:00:00,13.9119,summer,14.54
2024-08-28 11:00:00,10.3797,summer,7.87
2024-08-28 12:00:00,7.782000000000001,summer,7.87
2024-08-28 13:00:00,7.547850000000001,summer,7.87
2024-08-28 14:00:00,12.4482,summer,14.54
2024-08-28 15:00:00,14.9388,summer,14.54
2024-08-28 16:00:00,16.38885,summer,14.54
2024-08-28 17:00:00,18.40485,summer,18.77
2024-08-28 18:00:00,27.89055,summer,18.77
2024-08-28 19:00:00,28.11315,summer,18.77
2024-08-28 20:00:00,19.7982,summer,18.77
2024-08-28 21:00:00,18.4248,summer,18.77
2024-08-28 22:00:00,17.1585,summer,18.77
2024-08-28 23:00:00,16.510650000000002,summer,14.54
2024-08-29 00:00:00,16.5579,summer,14.54
2024-08-29 01:00:00,16.12005,summer,14.54
2024-08-29 02:00:00,16.0014,summer,14.54
2024-08-29 03:00:00,16.073850000000004,summer,14.54
2024-08-29 04:00:00,17.31915,summer,18.77
2024-08-29 05:00:00,19.8633,summer,18.77
2024-08-29 06:00:00,20.80935,summer,18.77
2024-08-29 07:00:00,19.9452,summer,18.77
2024-08-29 08:00:00,18.10455,summer,18.77
2024-08-29 09:00:00,16.36995,summer,14.54
2024-08-29 10:00:00,15.552000000000003,summer,14.54
2024-08-29 11:00:00,13.596900000000002,summer,14.54
2024-08-29 12:00:00,11.44125,summer,14.54
2024-08-29 13:00:00,12.078600000000002,summer,14.54
2024-08-29 14:00:00,15.03225,summer,14.54
2024-08-29 15:00:00,16.15575,summer,14.54
2024-08-29 16:00:00,17.754900000000003,summer,18.77
2024-08-29 17:00:00,19.65855,summer,18.77
2024-08-29 18:00:00,30.576450000000005,summer,18.77
2024-08-29 19:00:00,37.06334999999999,summer,18.77
2024-08-29 20:00:00,24.44445,summer,18.77
2024-08-29 21:00:00,19.815,summer,18.77
2024-08-29 22:00:00,18.2505,summer,18.77
2024-08-29 23:00:00,18.2274,summer,18.77
2024-08-30 00:00:00,17.2215,summer,18.77
2024-08-30 01:00:00,16.510650000000002,summer,14.54
2024-08-30 02:00:00,16.4844,summer,14.54
2024-08-30 03:00:00,16.9401,summer,18.77
2024-08-30 04:00:00,17.96385,summer,18.77
2024-08-30 05:00:00,21.057150000000004,summer,18.77
2024-08-30 06:00:00,22.5513,summer,18.77
2024-08-30 07:00:00,20.71275,summer,18.77
2024-08-30 08:00:00,18.628500000000003,summer,18.77
2024-08-30 09:00:00,17.005200000000002,summer,18.77
2024-08-30 10:00:00,16.13475,summer,14.54
2024-08-30 11:00:00,15.73365,summer,14.54
2024-08-30 12:00:00,15.111,summer,14.54
2024-08-30 13:00:00,14.9934,summer,14.54
2024-08-30 14:00:00,15.297900000000002,summer,14.54
2024-08-30 15:00:00,15.75675,summer,14.54
2024-08-30 16:00:00,17.3958,summer,18.77
2024-08-30 17:00:00,19.28895,summer,18.77
2024-08-30 18:00:00,23.081550000000004,summer,18.77
2024-08-30 19:00:00,21.10545,summer,18.77
2024-08-30 20:00:00,18.52455,summer,18.77
2024-08-30 21:00:00,16.85715,summer,18.77
2024-08-30 22:00:00,16.7028,summer,18.77
2024-08-30 23:00:00,17.995350000000002,summer,18.77
2024-08-31 00:00:00,17.761200000000002,summer,18.77
2024-08-31 01:00:00,17.4063,summer,18.77
2024-08-31 02:00:00,17.0892,summer,18.77
2024-08-31 03:00:00,16.838250000000002,summer,18.77
2024-08-31 04:00:00,16.98735,summer,18.77
2024-08-31 05:00:00,18.23685,summer,18.77
2024-08-31 06:00:00,18.31875,summer,18.77
2024-08-31 07:00:00,18.23685,summer,18.77
2024-08-31 08:00:00,15.6066,summer,14.54
2024-08-31 09:00:00,13.00365,summer,14.54
2024-08-31 10:00:00,8.615699999999999,summer,7.87
2024-08-31 11:00:00,6.739350000000001,summer,7.87
2024-08-31 12:00:00,6.633950000000001,summer,7.87
2024-08-31 13:00:00,6.614000000000002,summer,7.87
2024-08-31 14:00:00,6.957750000000002,summer,7.87
2024-08-31 15:00:00,9.17955,summer,7.87
2024-08-31 16:00:00,15.0921,summer,14.54
2024-08-31 17:00:00,19.006500000000003,summer,18.77
2024-08-31 18:00:00,22.26045,summer,18.77
2024-08-31 19:00:00,20.001900000000003,summer,18.77
2024-08-31 20:00:00,17.955450000000003,summer,18.77
2024-08-31 21:00:00,17.17425,summer,18.77
2024-08-31 22:00:00,16.059150000000002,summer,14.54
2024-08-31 23:00:00,16.5348,summer,14.54
2024-09-01 00:00:00,15.7179,summer,14.54
2024-09-01 01:00:00,15.12885,summer,14.54
2024-09-01 02:00:00,15.1047,summer,14.54
2024-09-01 03:00:00,15.216,summer,14.54
2024-09-01 04:00:00,15.1068,summer,14.54
2024-09-01 05:00:00,15.036450000000002,summer,14.54
2024-09-01 06:00:00,14.3655,summer,14.54
2024-09-01 07:00:00,13.056150000000002,summer,14.54
2024-09-01 08:00:00,11.02335,summer,7.87
2024-09-01 09:00:00,8.02665,summer,7.87
2024-09-01 10:00:00,6.614950000000001,summer,7.87
2024-09-01 11:00:00,5.818850000000001,summer,7.87
2024-09-01 12:00:00,4.410000000000001,summer,7.87
2024-09-01 13:00:00,4.795700000000001,summer,7.87
2024-09-01 14:00:00,6.215950000000001,summer,7.87
2024-09-01 15:00:00,9.3738,summer,7.87
2024-09-01 16:00:00,14.909400000000002,summer,14.54
2024-09-01 17:00:00,18.14655,summer,18.77
2024-09-01 18:00:00,20.508000000000003,summer,18.77
2024-09-01 19:00:00,19.70055,summer,18.77
2024-09-01 20:00:00,17.99115,summer,18.77
2024-09-01 21:00:00,17.4021,summer,18.77
2024-09-01 22:00:00,16.2975,summer,14.54
2024-09-01 23:00:00,16.2702,summer,14.54
2024-09-02 00:00:00,16.64085,summer,14.54
2024-09-02 01:00:00,16.39095,summer,14.54
2024-09-02 02:00:00,16.403550000000003,summer,14.54
2024-09-02 03:00:00,16.30695,summer,14.54
2024-09-02 04:00:00,17.3496,summer,18.77
2024-09-02 05:00:00,18.73665,summer,18.77
2024-09-02 06:00:00,20.85975,summer,18.77
2024-09-02 07:00:00,20.5437,summer,18.77
2024-09-02 08:00:00,19.5672,summer,18.77
2024-09-02 09:00:00,17.48715,summer,18.77
2024-09-02 10:00:00,16.2261,summer,14.54
2024-09-02 11:00:00,15.62025,summer,14.54
2024-09-02 12:00:00,15.214950000000002,summer,14.54
2024-09-02 13:00:00,15.471150000000002,summer,14.54
2024-09-02 14:00:00,15.9552,summer,14.54
2024-09-02 15:00:00,16.52115,summer,14.54
2024-09-02 16:00:00,18.5424,summer,18.77
2024-09-02 17:00:00,21.1569,summer,18.77
2024-09-02 18:00:00,33.50699999999999,summer,18.77
2024-09-02 19:00:00,28.9563,summer,18.77
2024-09-02 20:00:00,20.539500000000004,summer,18.77
2024-09-02 21:00:00,18.6852,summer,18.77
2024-09-02 22:00:00,17.5932,summer,18.77
2024-09-02 23:00:00,17.148,summer,18.77
2024-09-03 00:00:00,16.4655,summer,14.54
2024-09-03 01:00:00,16.303800000000003,summer,14.54
2024-09-03 02:00:00,16.48335,summer,14.54
2024-09-03 03:00:00,16.7952,summer,18.77
2024-09-03 04:00:00,17.471400000000003,summer,18.77
2024-09-03 05:00:00,21.09705,summer,18.77
2024-09-03 06:00:00,22.5513,summer,18.77
2024-09-03 07:00:00,20.75475,summer,18.77
2024-09-03 08:00:00,18.8679,summer,18.77
2024-09-03 09:00:00,17.072400000000002,summer,18.77
2024-09-03 10:00:00,16.1421,summer,14.54
2024-09-03 11:00:00,15.594,summer,14.54
2024-09-03 12:00:00,15.37245,summer,14.54
2024-09-03 13:00:00,15.52365,summer,14.54
2024-09-03 14:00:00,15.79035,summer,14.54
2024-09-03 15:00:00,16.26705,summer,14.54
2024-09-03 16:00:00,19.70265,summer,18.77
2024-09-03 17:00:00,38.19104999999999,summer,18.77
2024-09-03 18:00:00,75.60885,summer,18.77
2024-09-03 19:00:00,61.3236,summer,18.77
2024-09-03 20:00:00,29.47185,summer,18.77
2024-09-03 21:00:00,20.676,summer,18.77
2024-09-03 22:00:00,19.0338,summer,18.77
2024-09-03 23:00:00,18.04785,summer,18.77
2024-09-04 00:00:00,17.2971,summer,18.77
2024-09-04 01:00:00,17.088150000000002,summer,18.77
2024-09-04 02:00:00,17.187900000000003,summer,18.77
2024-09-04 03:00:00,17.0913,summer,18.77
2024-09-04 04:00:00,18.17385,summer,18.77
2024-09-04 05:00:00,21.8121,summer,18.77
2024-09-04 06:00:00,25.7118,summer,18.77
2024-09-04 07:00:00,23.05845,summer,18.77
2024-09-04 08:00:00,19.84545,summer,18.77
2024-09-04 09:00:00,17.94705,summer,18.77
2024-09-04 10:00:00,16.7763,summer,18.77
2024-09-04 11:00:00,16.35,summer,14.54
2024-09-04 12:00:00,16.19145,summer,14.54
2024-09-04 13:00:00,16.056,summer,14.54
2024-09-04 14:00:00,16.4256,summer,14.54
2024-09-04 15:00:00,17.384249999999998,summer,18.77
2024-09-04 16:00:00,19.706850000000003,summer,18.77
2024-09-04 17:00:00,23.0385,summer,18.77
2024-09-04 18:00:00,40.29734999999999,summer,18.77
2024-09-04 19:00:00,26.55915,summer,18.77
2024-09-04 20:00:00,20.3841,summer,18.77
2024-09-04 21:00:00,18.09195,summer,18.77
2024-09-04 22:00:00,17.1459,summer,18.77
2024-09-04 23:00:00,17.32335,summer,18.77
2024-09-05 00:00:00,16.623,summer,14.54
2024-09-05 01:00:00,16.14,summer,14.54
2024-09-05 02:00:00,15.836550000000004,summer,14.54
2024-09-05 03:00:00,15.186600000000002,summer,14.54
2024-09-05 04:00:00,15.5835,summer,14.54
2024-09-05 05:00:00,18.14025,summer,18.77
2024-09-05 06:00:00,18.618,summer,18.77
2024-09-05 07:00:00,19.1892,summer,18.77
2024-09-05 08:00:00,16.9464,summer,18.77
2024-09-05 09:00:00,14.1492,summer,14.54
2024-09-05 10:00:00,6.701550000000001,summer,7.87
2024-09-05 11:00:00,6.4002500000000015,summer,7.87
2024-09-05 12:00:00,5.578500000000001,summer,7.87
2024-09-05 13:00:00,4.820400000000001,summer,7.87
2024-09-05 14:00:00,6.023100000000001,summer,7.87
2024-09-05 15:00:00,6.689050000000002,summer,7.87
2024-09-05 16:00:00,10.48365,summer,7.87
2024-09-05 17:00:00,15.609750000000002,summer,14.54
2024-09-05 18:00:00,17.1627,summer,18.77
2024-09-05 19:00:00,16.447650000000003,summer,14.54
2024-09-05 20:00:00,15.1005,summer,14.54
2024-09-05 21:00:00,15.09315,summer,14.54
2024-09-05 22:00:00,13.474050000000002,summer,14.54
2024-09-05 23:00:00,13.49295,summer,14.54
2024-09-06 00:00:00,13.095,summer,14.54
2024-09-06 01:00:00,12.0681,summer,14.54
2024-09-06 02:00:00,11.7909,summer,14.54
2024-09-06 03:00:00,12.75375,summer,14.54
2024-09-06 04:00:00,14.0253,summer,14.54
2024-09-06 05:00:00,16.48545,summer,14.54
2024-09-06 06:00:00,19.2354,summer,18.77
2024-09-06 07:00:00,19.328850000000003,summer,18.77
2024-09-06 08:00:00,17.199450000000002,summer,18.77
2024-09-06 09:00:00,15.09,summer,14.54
2024-09-06 10:00:00,12.93855,summer,14.54
2024-09-06 11:00:00,10.0017,summer,7.87
2024-09-06 12:00:00,8.0004,summer,7.87
2024-09-06 13:00:00,8.21565,summer,7.87
2024-09-06 14:00:00,9.8463,summer,7.87
2024-09-06 15:00:00,14.163900000000002,summer,14.54
2024-09-06 16:00:00,15.8838,summer,14.54
2024-09-06 17:00:00,17.21835,summer,18.77
2024-09-06 18:00:00,20.235000000000003,summer,18.77
2024-09-06 19:00:00,21.02145,summer,18.77
2024-09-06 20:00:00,17.164800000000003,summer,18.77
2024-09-06 21:00:00,16.7028,summer,18.77
2024-09-06 22:00:00,16.442400000000003,summer,14.54
2024-09-06 23:00:00,17.44935,summer,18.77
2024-09-07 00:00:00,16.864500000000003,summer,18.77
2024-09-07 01:00:00,16.8015,summer,18.77
2024-09-07 02:00:00,16.69755,summer,18.77
2024-09-07 03:00:00,17.010450000000002,summer,18.77
2024-09-07 04:00:00,17.2971,summer,18.77
2024-09-07 05:00:00,17.5974,summer,18.77
2024-09-07 06:00:00,17.68455,summer,18.77
2024-09-07 07:00:00,16.7112,summer,18.77
2024-09-07 08:00:00,15.529950000000005,summer,14.54
2024-09-07 09:00:00,12.0996,summer,14.54
2024-09-07 10:00:00,8.17785,summer,7.87
2024-09-07 11:00:00,7.265400000000001,summer,7.87
2024-09-07 12:00:00,6.797100000000001,summer,7.87
2024-09-07 13:00:00,6.736200000000001,summer,7.87
2024-09-07 14:00:00,7.573050000000001,summer,7.87
2024-09-07 15:00:00,11.9001,summer,14.54
2024-09-07 16:00:00,17.337,summer,18.77
2024-09-07 17:00:00,20.18985,summer,18.77
2024-09-07 18:00:00,22.482000000000003,summer,18.77
2024-09-07 19:00:00,20.655,summer,18.77
2024-09-07 20:00:00,17.3895,summer,18.77
2024-09-07 21:00:00,16.3836,summer,14.54
2024-09-07 22:00:00,16.060200000000002,summer,14.54
2024-09-07 23:00:00,16.55055,summer,14.54
2024-09-08 00:00:00,15.7683,summer,14.54
2024-09-08 01:00:00,15.476400000000002,summer,14.54
2024-09-08 02:00:00,15.3,summer,14.54
2024-09-08 03:00:00,15.340950000000005,summer,14.54
2024-09-08 04:00:00,15.6255,summer,14.54
2024-09-08 05:00:00,15.442800000000002,summer,14.54
2024-09-08 06:00:00,15.30735,summer,14.54
2024-09-08 07:00:00,14.746650000000002,summer,14.54
2024-09-08 08:00:00,10.9509,summer,7.87
2024-09-08 09:00:00,7.560450000000001,summer,7.87
2024-09-08 10:00:00,6.736200000000001,summer,7.87
2024-09-08 11:00:00,6.694200000000001,summer,7.87
2024-09-08 12:00:00,6.6910500000000015,summer,7.87
2024-09-08 13:00:00,6.811800000000002,summer,7.87
2024-09-08 14:00:00,7.022850000000001,summer,7.87
2024-09-08 15:00:00,12.8451,summer,14.54
2024-09-08 16:00:00,16.76895,summer,18.77
2024-09-08 17:00:00,19.24275,summer,18.77
2024-09-08 18:00:00,19.72575,summer,18.77
2024-09-08 19:00:00,20.1426,summer,18.77
2024-09-08 20:00:00,18.996,summer,18.77
2024-09-08 21:00:00,17.799,summer,18.77
2024-09-08 22:00:00,16.88865,summer,18.77
2024-09-08 23:00:00,15.76305,summer,14.54
2024-09-09 00:00:00,15.6948,summer,14.54
2024-09-09 01:00:00,15.520500000000002,summer,14.54
2024-09-09 02:00:00,15.30315,summer,14.54
2024-09-09 03:00:00,15.626550000000002,summer,14.54
2024-09-09 04:00:00,15.697950000000002,summer,14.54
2024-09-09 05:00:00,19.12935,summer,18.77
2024-09-09 06:00:00,21.4551,summer,18.77
2024-09-09 07:00:00,23.44485,summer,18.77
2024-09-09 08:00:00,20.3064,summer,18.77
2024-09-09 09:00:00,18.33135,summer,18.77
2024-09-09 10:00:00,17.2677,summer,18.77
2024-09-09 11:00:00,16.6629,summer,18.77
2024-09-09 12:00:00,16.05285,summer,14.54
2024-09-09 13:00:00,15.3063,summer,14.54
2024-09-09 14:00:00,15.5079,summer,14.54
2024-09-09 15:00:00,14.9514,summer,14.54
2024-09-09 16:00:00,16.434,summer,14.54
2024-09-09 17:00:00,18.570750000000004,summer,18.77
2024-09-09 18:00:00,18.7188,summer,18.77
2024-09-09 19:00:00,18.40065,summer,18.77
2024-09-09 20:00:00,16.772100000000002,summer,18.77
2024-09-09 21:00:00,15.9237,summer,14.54
2024-09-09 22:00:00,15.0396,summer,14.54
2024-09-09 23:00:00,13.7607,summer,14.54
2024-09-10 00:00:00,12.967950000000002,summer,14.54
2024-09-10 01:00:00,13.14435,summer,14.54
2024-09-10 02:00:00,13.1328,summer,14.54
2024-09-10 03:00:00,13.7565,summer,14.54
2024-09-10 04:00:00,15.186600000000002,summer,14.54
2024-09-10 05:00:00,17.5176,summer,18.77
2024-09-10 06:00:00,20.3295,summer,18.77
2024-09-10 07:00:00,18.7587,summer,18.77
2024-09-10 08:00:00,17.19,summer,18.77
2024-09-10 09:00:00,12.9816,summer,14.54
2024-09-10 10:00:00,7.689600000000001,summer,7.87
2024-09-10 11:00:00,6.694200000000001,summer,7.87
2024-09-10 12:00:00,6.683350000000002,summer,7.87
2024-09-10 13:00:00,6.674800000000001,summer,7.87
2024-09-10 14:00:00,6.686200000000001,summer,7.87
2024-09-10 15:00:00,6.713100000000002,summer,7.87
2024-09-10 16:00:00,8.97585,summer,7.87
2024-09-10 17:00:00,15.132,summer,14.54
2024-09-10 18:00:00,16.44555,summer,14.54
2024-09-10 19:00:00,15.43125,summer,14.54
2024-09-10 20:00:00,15.3021,summer,14.54
2024-09-10 21:00:00,14.73615,summer,14.54
2024-09-10 22:00:00,13.4499,summer,14.54
2024-09-10 23:00:00,10.89,summer,7.87
2024-09-11 00:00:00,10.88055,summer,7.87
2024-09-11 01:00:00,10.153950000000002,summer,7.87
2024-09-11 02:00:00,10.23165,summer,7.87
2024-09-11 03:00:00,10.77765,summer,7.87
2024-09-11 04:00:00,13.1538,summer,14.54
2024-09-11 05:00:00,15.802950000000004,summer,14.54
2024-09-11 06:00:00,16.93275,summer,18.77
2024-09-11 07:00:00,18.3156,summer,18.77
2024-09-11 08:00:00,16.938,summer,18.77
2024-09-11 09:00:00,14.75505,summer,14.54
2024-09-11 10:00:00,13.77855,summer,14.54
2024-09-11 11:00:00,13.24725,summer,14.54
2024-09-11 12:00:00,13.39425,summer,14.54
2024-09-11 13:00:00,13.935000000000002,summer,14.54
2024-09-11 14:00:00,13.94025,summer,14.54
2024-09-11 15:00:00,14.74875,summer,14.54
2024-09-11 16:00:00,17.33595,summer,18.77
2024-09-11 17:00:00,18.7797,summer,18.77
2024-09-11 18:00:00,21.690300000000004,summer,18.77
2024-09-11 19:00:00,21.217800000000004,summer,18.77
2024-09-11 20:00:00,18.7797,summer,18.77
2024-09-11 21:00:00,17.50185,summer,18.77
2024-09-11 22:00:00,17.34645,summer,18.77
2024-09-11 23:00:00,16.1463,summer,14.54
2024-09-12 00:00:00,15.520500000000002,summer,14.54
2024-09-12 01:00:00,15.502650000000004,summer,14.54
2024-09-12 02:00:00,15.452250000000005,summer,14.54
2024-09-12 03:00:00,15.6171,summer,14.54
2024-09-12 04:00:00,15.8166,summer,14.54
2024-09-12 05:00:00,18.0258,summer,18.77
2024-09-12 06:00:00,20.8587,summer,18.77
2024-09-12 07:00:00,20.9637,summer,18.77
2024-09-12 08:00:00,17.5428,summer,18.77
2024-09-12 09:00:00,15.615000000000002,summer,14.54
2024-09-12 10:00:00,15.13305,summer,14.54
2024-09-12 11:00:00,14.9451,summer,14.54
2024-09-12 12:00:00,14.90415,summer,14.54
2024-09-12 13:00:00,15.10155,summer,14.54
2024-09-12 14:00:00,15.60765,summer,14.54
2024-09-12 15:00:00,16.315350000000002,summer,14.54
2024-09-12 16:00:00,18.2127,summer,18.77
2024-09-12 17:00:00,21.93495,summer,18.77
2024-09-12 18:00:00,38.19104999999999,summer,18.77
2024-09-12 19:00:00,32.9421,summer,18.77
2024-09-12 20:00:00,19.815,summer,18.77
2024-09-12 21:00:00,17.13435,summer,18.77
2024-09-12 22:00:00,16.354200000000002,summer,14.54
2024-09-12 23:00:00,17.18685,summer,18.77
2024-09-13 00:00:00,16.2996,summer,14.54
2024-09-13 01:00:00,15.85755,summer,14.54
2024-09-13 02:00:00,15.7998,summer,14.54
2024-09-13 03:00:00,15.576149999999998,summer,14.54
2024-09-13 04:00:00,15.921600000000002,summer,14.54
2024-09-13 05:00:00,17.24145,summer,18.77
2024-09-13 06:00:00,19.2858,summer,18.77
2024-09-13 07:00:00,20.5752,summer,18.77
2024-09-13 08:00:00,18.8952,summer,18.77
2024-09-13 09:00:00,17.4567,summer,18.77
2024-09-13 10:00:00,16.66395,summer,18.77
2024-09-13 11:00:00,15.987750000000002,summer,14.54
2024-09-13 12:00:00,14.8275,summer,14.54
2024-09-13 13:00:00,13.7208,summer,14.54
2024-09-13 14:00:00,14.271,summer,14.54
2024-09-13 15:00:00,14.4915,summer,14.54
2024-09-13 16:00:00,15.07425,summer,14.54
2024-09-13 17:00:00,16.81935,summer,18.77
2024-09-13 18:00:00,17.19,summer,18.77
2024-09-13 19:00:00,16.586250000000003,summer,14.54
2024-09-13 20:00:00,15.56985,summer,14.54
2024-09-13 21:00:00,15.0165,summer,14.54
2024-09-13 22:00:00,13.09395,summer,14.54
2024-09-13 23:00:00,12.529050000000002,summer,14.54
2024-09-14 00:00:00,11.94105,summer,14.54
2024-09-14 01:00:00,11.23965,summer,14.54
2024-09-14 02:00:00,11.4339,summer,14.54
2024-09-14 03:00:00,11.5935,summer,14.54
2024-09-14 04:00:00,11.338350000000002,summer,14.54
2024-09-14 05:00:00,12.50175,summer,14.54
2024-09-14 06:00:00,13.515,summer,14.54
2024-09-14 07:00:00,14.6217,summer,14.54
2024-09-14 08:00:00,13.683,summer,14.54
2024-09-14 09:00:00,10.9971,summer,7.87
2024-09-14 10:00:00,7.538400000000001,summer,7.87
2024-09-14 11:00:00,6.780300000000001,summer,7.87
2024-09-14 12:00:00,6.684300000000001,summer,7.87
2024-09-14 13:00:00,6.646300000000001,summer,7.87
2024-09-14 14:00:00,6.683350000000002,summer,7.87
2024-09-14 15:00:00,7.691700000000002,summer,7.87
2024-09-14 16:00:00,13.524450000000002,summer,14.54
2024-09-14 17:00:00,16.60095,summer,14.54
2024-09-14 18:00:00,19.9809,summer,18.77
2024-09-14 19:00:00,19.06425,summer,18.77
2024-09-14 20:00:00,17.514450000000004,summer,18.77
2024-09-14 21:00:00,16.53375,summer,14.54
2024-09-14 22:00:00,15.5898,summer,14.54
2024-09-14 23:00:00,14.891550000000002,summer,14.54
2024-09-15 00:00:00,14.047350000000002,summer,14.54
2024-09-15 01:00:00,13.683,summer,14.54
2024-09-15 02:00:00,13.740750000000002,summer,14.54
2024-09-15 03:00:00,13.374300000000002,summer,14.54
2024-09-15 04:00:00,13.57905,summer,14.54
2024-09-15 05:00:00,13.9539,summer,14.54
2024-09-15 06:00:00,15.659100000000002,summer,14.54
2024-09-15 07:00:00,14.7708,summer,14.54
2024-09-15 08:00:00,12.367350000000002,summer,14.54
2024-09-15 09:00:00,7.836600000000002,summer,7.87
2024-09-15 10:00:00,6.697350000000001,summer,7.87
2024-09-15 11:00:00,6.690000000000001,summer,7.87
2024-09-15 12:00:00,6.689050000000002,summer,7.87
2024-09-15 13:00:00,6.6510500000000015,summer,7.87
2024-09-15 14:00:00,6.6643500000000016,summer,7.87
2024-09-15 15:00:00,8.7585,summer,7.87
2024-09-15 16:00:00,15.326250000000002,summer,14.54
2024-09-15 17:00:00,18.534,summer,18.77
2024-09-15 18:00:00,20.6718,summer,18.77
2024-09-15 19:00:00,19.668,summer,18.77
2024-09-15 20:00:00,18.5214,summer,18.77
2024-09-15 21:00:00,17.93655,summer,18.77
2024-09-15 22:00:00,16.413,summer,14.54
2024-09-15 23:00:00,16.45395,summer,14.54
2024-09-16 00:00:00,15.9447,summer,14.54
2024-09-16 01:00:00,15.852300000000003,summer,14.54
2024-09-16 02:00:00,15.60765,summer,14.54
2024-09-16 03:00:00,15.545700000000004,summer,14.54
2024-09-16 04:00:00,15.96255,summer,14.54
2024-09-16 05:00:00,18.34185,summer,18.77
2024-09-16 06:00:00,20.34,summer,18.77
2024-09-16 07:00:00,22.026300000000003,summer,18.77
2024-09-16 08:00:00,19.962000000000003,summer,18.77
2024-09-16 09:00:00,18.51615,summer,18.77
2024-09-16 10:00:00,17.7171,summer,18.77
2024-09-16 11:00:00,16.772100000000002,summer,18.77
2024-09-16 12:00:00,15.81345,summer,14.54
2024-09-16 13:00:00,15.180300000000004,summer,14.54
2024-09-16 14:00:00,14.60385,summer,14.54
2024-09-16 15:00:00,14.7015,summer,14.54
2024-09-16 16:00:00,15.8229,summer,14.54
2024-09-16 17:00:00,18.016350000000003,summer,18.77
2024-09-16 18:00:00,18.50985,summer,18.77
2024-09-16 19:00:00,18.13605,summer,18.77
2024-09-16 20:00:00,16.1505,summer,14.54
2024-09-16 21:00:00,14.965050000000002,summer,14.54
2024-09-16 22:00:00,15.25065,summer,14.54
2024-09-16 23:00:00,15.6717,summer,14.54
2024-09-17 00:00:00,15.331500000000002,summer,14.54
2024-09-17 01:00:00,15.14355,summer,14.54
2024-09-17 02:00:00,15.0732,summer,14.54
2024-09-17 03:00:00,15.0942,summer,14.54
2024-09-17 04:00:00,16.2996,summer,14.54
2024-09-17 05:00:00,18.0636,summer,18.77
2024-09-17 06:00:00,20.7537,summer,18.77
2024-09-17 07:00:00,21.1296,summer,18.77
2024-09-17 08:00:00,18.12555,summer,18.77
2024-09-17 09:00:00,16.8246,summer,18.77
2024-09-17 10:00:00,15.340950000000005,summer,14.54
2024-09-17 11:00:00,12.97005,summer,14.54
2024-09-17 12:00:00,11.07585,summer,7.87
2024-09-17 13:00:00,9.3822,summer,7.87
2024-09-17 14:00:00,11.3562,summer,14.54
2024-09-17 15:00:00,14.49045,summer,14.54
2024-09-17 16:00:00,16.5075,summer,14.54
2024-09-17 17:00:00,18.55395,summer,18.77
2024-09-17 18:00:00,20.60565,summer,18.77
2024-09-17 19:00:00,18.3702,summer,18.77
2024-09-17 20:00:00,16.782600000000002,summer,18.77
2024-09-17 21:00:00,16.1337,summer,14.54
2024-09-17 22:00:00,15.493200000000002,summer,14.54
2024-09-17 23:00:00,15.631800000000002,summer,14.54
2024-09-18 00:00:00,15.1887,summer,14.54
2024-09-18 01:00:00,15.47955,summer,14.54
2024-09-18 02:00:00,15.475350000000002,summer,14.54
2024-09-18 03:00:00,15.353550000000002,summer,14.54
2024-09-18 04:00:00,16.131600000000002,summer,14.54
2024-09-18 05:00:00,17.72445,summer,18.77
2024-09-18 06:00:00,21.5916,summer,18.77
2024-09-18 07:00:00,20.66235,summer,18.77
2024-09-18 08:00:00,17.4462,summer,18.77
2024-09-18 09:00:00,14.985,summer,14.54
2024-09-18 10:00:00,12.4986,summer,14.54
2024-09-18 11:00:00,7.266450000000002,summer,7.87
2024-09-18 12:00:00,6.690000000000001,summer,7.87
2024-09-18 13:00:00,6.681450000000002,summer,7.87
2024-09-18 14:00:00,6.799200000000002,summer,7.87
2024-09-18 15:00:00,10.89525,summer,7.87
2024-09-18 16:00:00,15.8796,summer,14.54
2024-09-18 17:00:00,18.650550000000003,summer,18.77
2024-09-18 18:00:00,20.3316,summer,18.77
2024-09-18 19:00:00,18.051,summer,18.77
2024-09-18 20:00:00,16.48125,summer,14.54
2024-09-18 21:00:00,16.131600000000002,summer,14.54
2024-09-18 22:00:00,15.036450000000002,summer,14.54
2024-09-18 23:00:00,14.712,summer,14.54
2024-09-19 00:00:00,14.830650000000002,summer,14.54
2024-09-19 01:00:00,14.88315,summer,14.54
2024-09-19 02:00:00,14.81175,summer,14.54
2024-09-19 03:00:00,15.0123,summer,14.54
2024-09-19 04:00:00,16.13895,summer,14.54
2024-09-19 05:00:00,18.60435,summer,18.77
2024-09-19 06:00:00,21.730200000000004,summer,18.77
2024-09-19 07:00:00,19.722600000000003,summer,18.77
2024-09-19 08:00:00,16.9422,summer,18.77
2024-09-19 09:00:00,14.54505,summer,14.54
2024-09-19 10:00:00,11.98305,summer,14.54
2024-09-19 11:00:00,7.211850000000001,summer,7.87
2024-09-19 12:00:00,6.684300000000001,summer,7.87
2024-09-19 13:00:00,6.681450000000002,summer,7.87
2024-09-19 14:00:00,7.835550000000001,summer,7.87
2024-09-19 15:00:00,12.83775,summer,14.54
2024-09-19 16:00:00,16.25025,summer,14.54
2024-09-19 17:00:00,18.71565,summer,18.77
2024-09-19 18:00:00,20.791500000000003,summer,18.77
2024-09-19 19:00:00,18.6075,summer,18.77
2024-09-19 20:00:00,16.2555,summer,14.54
2024-09-19 21:00:00,16.031850000000002,summer,14.54
2024-09-19 22:00:00,14.97135,summer,14.54
2024-09-19 23:00:00,14.314050000000002,summer,14.54
2024-09-20 00:00:00,14.464200000000002,summer,14.54
2024-09-20 01:00:00,14.3991,summer,14.54
2024-09-20 02:00:00,14.37285,summer,14.54
2024-09-20 03:00:00,14.514600000000002,summer,14.54
2024-09-20 04:00:00,16.04445,summer,14.54
2024-09-20 05:00:00,18.0363,summer,18.77
2024-09-20 06:00:00,21.54225,summer,18.77
2024-09-20 07:00:00,18.093,summer,18.77
2024-09-20 08:00:00,16.026600000000002,summer,14.54
2024-09-20 09:00:00,13.20525,summer,14.54
2024-09-20 10:00:00,9.28245,summer,7.87
2024-09-20 11:00:00,7.555200000000001,summer,7.87
2024-09-20 12:00:00,6.689050000000002,summer,7.87
2024-09-20 13:00:00,6.697350000000001,summer,7.87
2024-09-20 14:00:00,7.483800000000001,summer,7.87
2024-09-20 15:00:00,11.2764,summer,14.54
2024-09-20 16:00:00,15.5226,summer,14.54
2024-09-20 17:00:00,17.821050000000003,summer,18.77
2024-09-20 18:00:00,21.9906,summer,18.77
2024-09-20 19:00:00,18.1182,summer,18.77
2024-09-20 20:00:00,16.25235,summer,14.54
2024-09-20 21:00:00,15.909,summer,14.54
2024-09-20 22:00:00,15.8334,summer,14.54
2024-09-20 23:00:00,15.960450000000002,summer,14.54
2024-09-21 00:00:00,15.6465,summer,14.54
2024-09-21 01:00:00,15.3,summer,14.54
2024-09-21 02:00:00,15.31995,summer,14.54
2024-09-21 03:00:00,15.759900000000002,summer,14.54
2024-09-21 04:00:00,16.0854,summer,14.54
2024-09-21 05:00:00,17.15745,summer,18.77
2024-09-21 06:00:00,16.954800000000002,summer,18.77
2024-09-21 07:00:00,15.6465,summer,14.54
2024-09-21 08:00:00,13.09395,summer,14.54
2024-09-21 09:00:00,9.0,summer,7.87
2024-09-21 10:00:00,7.020750000000001,summer,7.87
2024-09-21 11:00:00,6.690000000000001,summer,7.87
2024-09-21 12:00:00,6.370800000000002,summer,7.87
2024-09-21 13:00:00,6.314750000000001,summer,7.87
2024-09-21 14:00:00,6.804450000000001,summer,7.87
2024-09-21 15:00:00,11.6523,summer,14.54
2024-09-21 16:00:00,16.89495,summer,18.77
2024-09-21 17:00:00,20.0775,summer,18.77
2024-09-21 18:00:00,21.59895,summer,18.77
2024-09-21 19:00:00,18.5025,summer,18.77
2024-09-21 20:00:00,16.76265,summer,18.77
2024-09-21 21:00:00,16.518,summer,14.54
2024-09-21 22:00:00,15.9615,summer,14.54
2024-09-21 23:00:00,16.95165,summer,18.77
2024-09-22 00:00:00,16.14525,summer,14.54
2024-09-22 01:00:00,16.13895,summer,14.54
2024-09-22 02:00:00,16.0875,summer,14.54
2024-09-22 03:00:00,16.21875,summer,14.54
2024-09-22 04:00:00,16.208250000000003,summer,14.54
2024-09-22 05:00:00,16.6524,summer,14.54
2024-09-22 06:00:00,16.90755,summer,18.77
2024-09-22 07:00:00,15.770400000000002,summer,14.54
2024-09-22 08:00:00,13.28295,summer,14.54
2024-09-22 09:00:00,9.43785,summer,7.87
2024-09-22 10:00:00,7.858650000000002,summer,7.87
2024-09-22 11:00:00,7.4974500000000015,summer,7.87
2024-09-22 12:00:00,6.682400000000001,summer,7.87
2024-09-22 13:00:00,6.6910500000000015,summer,7.87
2024-09-22 14:00:00,7.704300000000001,summer,7.87
2024-09-22 15:00:00,13.158,summer,14.54
2024-09-22 16:00:00,17.84835,summer,18.77
2024-09-22 17:00:00,20.57415,summer,18.77
2024-09-22 18:00:00,23.193900000000003,summer,18.77
2024-09-22 19:00:00,19.93155,summer,18.77
2024-09-22 20:00:00,18.1917,summer,18.77
2024-09-22 21:00:00,17.055600000000002,summer,18.77
2024-09-22 22:00:00,16.35,summer,14.54
2024-09-22 23:00:00,16.224,summer,14.54
2024-09-23 00:00:00,15.5184,summer,14.54
2024-09-23 01:00:00,15.636,summer,14.54
2024-09-23 02:00:00,15.84075,summer,14.54
2024-09-23 03:00:00,15.817650000000004,summer,14.54
2024-09-23 04:00:00,16.9065,summer,18.77
2024-09-23 05:00:00,20.697,summer,18.77
2024-09-23 06:00:00,28.08165,summer,18.77
2024-09-23 07:00:00,22.57965,summer,18.77
2024-09-23 08:00:00,18.23895,summer,18.77
2024-09-23 09:00:00,16.6293,summer,14.54
2024-09-23 10:00:00,15.1068,summer,14.54
2024-09-23 11:00:00,14.9787,summer,14.54
2024-09-23 12:00:00,14.72775,summer,14.54
2024-09-23 13:00:00,14.75085,summer,14.54
2024-09-23 14:00:00,15.192900000000002,summer,14.54
2024-09-23 15:00:00,17.42625,summer,18.77
2024-09-23 16:00:00,20.97105,summer,18.77
2024-09-23 17:00:00,31.9173,summer,18.77
2024-09-23 18:00:00,41.17094999999999,summer,18.77
2024-09-23 19:00:00,25.4472,summer,18.77
2024-09-23 20:00:00,18.94455,summer,18.77
2024-09-23 21:00:00,17.28765,summer,18.77
2024-09-23 22:00:00,16.3017,summer,14.54
2024-09-23 23:00:00,15.951,summer,14.54
2024-09-24 00:00:00,15.353550000000002,summer,14.54
2024-09-24 01:00:00,15.47745,summer,14.54
2024-09-24 02:00:00,15.6171,summer,14.54
2024-09-24 03:00:00,15.4323,summer,14.54
2024-09-24 04:00:00,15.960450000000002,summer,14.54
2024-09-24 05:00:00,18.31875,summer,18.77
2024-09-24 06:00:00,21.595800000000004,summer,18.77
2024-09-24 07:00:00,20.067,summer,18.77
2024-09-24 08:00:00,17.822100000000002,summer,18.77
2024-09-24 09:00:00,16.41405,summer,14.54
2024-09-24 10:00:00,15.49635,summer,14.54
2024-09-24 11:00:00,14.64375,summer,14.54
2024-09-24 12:00:00,13.93395,summer,14.54
2024-09-24 13:00:00,13.156950000000002,summer,14.54
2024-09-24 14:00:00,14.558700000000002,summer,14.54
2024-09-24 15:00:00,15.43335,summer,14.54
2024-09-24 16:00:00,17.6142,summer,18.77
2024-09-24 17:00:00,19.19025,summer,18.77
2024-09-24 18:00:00,19.723650000000003,summer,18.77
2024-09-24 19:00:00,17.3685,summer,18.77
2024-09-24 20:00:00,15.136200000000002,summer,14.54
2024-09-24 21:00:00,14.5104,summer,14.54
2024-09-24 22:00:00,13.0509,summer,14.54
2024-09-24 23:00:00,12.0954,summer,14.54
2024-09-25 00:00:00,11.1189,summer,7.87
2024-09-25 01:00:00,10.806,summer,7.87
2024-09-25 02:00:00,10.832250000000002,summer,7.87
2024-09-25 03:00:00,12.44085,summer,14.54
2024-09-25 04:00:00,13.40475,summer,14.54
2024-09-25 05:00:00,14.9157,summer,14.54
2024-09-25 06:00:00,15.48585,summer,14.54
2024-09-25 07:00:00,15.945750000000004,summer,14.54
2024-09-25 08:00:00,14.0736,summer,14.54
2024-09-25 09:00:00,11.8833,summer,14.54
2024-09-25 10:00:00,9.3402,summer,7.87
2024-09-25 11:00:00,8.6955,summer,7.87
2024-09-25 12:00:00,8.6619,summer,7.87
2024-09-25 13:00:00,12.52065,summer,14.54
2024-09-25 14:00:00,14.274150000000002,summer,14.54
2024-09-25 15:00:00,16.10745,summer,14.54
2024-09-25 16:00:00,18.01425,summer,18.77
2024-09-25 17:00:00,23.091,summer,18.77
2024-09-25 18:00:00,27.2091,summer,18.77
2024-09-25 19:00:00,20.5332,summer,18.77
2024-09-25 20:00:00,16.83405,summer,18.77
2024-09-25 21:00:00,16.3122,summer,14.54
2024-09-25 22:00:00,15.3231,summer,14.54
2024-09-25 23:00:00,13.6221,summer,14.54
2024-09-26 00:00:00,12.8619,summer,14.54
2024-09-26 01:00:00,12.1857,summer,14.54
2024-09-26 02:00:00,11.92635,summer,14.54
2024-09-26 03:00:00,11.47065,summer,14.54
2024-09-26 04:00:00,11.90955,summer,14.54
2024-09-26 05:00:00,14.253150000000002,summer,14.54
2024-09-26 06:00:00,15.636,summer,14.54
2024-09-26 07:00:00,15.447,summer,14.54
2024-09-26 08:00:00,13.75965,summer,14.54
2024-09-26 09:00:00,11.85915,summer,14.54
2024-09-26 10:00:00,10.0101,summer,7.87
2024-09-26 11:00:00,8.475,summer,7.87
2024-09-26 12:00:00,7.958400000000001,summer,7.87
2024-09-26 13:00:00,8.021400000000002,summer,7.87
2024-09-26 14:00:00,10.6695,summer,7.87
2024-09-26 15:00:00,12.45555,summer,14.54
2024-09-26 16:00:00,14.42325,summer,14.54
2024-09-26 17:00:00,15.09,summer,14.54
2024-09-26 18:00:00,16.035,summer,14.54
2024-09-26 19:00:00,14.97765,summer,14.54
2024-09-26 20:00:00,13.288200000000002,summer,14.54
2024-09-26 21:00:00,12.3306,summer,14.54
2024-09-26 22:00:00,10.5015,summer,7.87
2024-09-26 23:00:00,6.684300000000001,summer,7.87
2024-09-27 00:00:00,6.694200000000001,summer,7.87
2024-09-27 01:00:00,6.689050000000002,summer,7.87
2024-09-27 02:00:00,6.633950000000001,summer,7.87
2024-09-27 03:00:00,6.671000000000001,summer,7.87
2024-09-27 04:00:00,6.687150000000002,summer,7.87
2024-09-27 05:00:00,6.690000000000001,summer,7.87
2024-09-27 06:00:00,9.411599999999998,summer,7.87
2024-09-27 07:00:00,10.8816,summer,7.87
2024-09-27 08:00:00,7.270650000000002,summer,7.87
2024-09-27 09:00:00,6.681450000000002,summer,7.87
2024-09-27 10:00:00,6.333750000000001,summer,7.87
2024-09-27 11:00:00,6.161800000000001,summer,7.87
2024-09-27 12:00:00,6.089600000000002,summer,7.87
2024-09-27 13:00:00,6.210250000000001,summer,7.87
2024-09-27 14:00:00,6.679550000000002,summer,7.87
2024-09-27 15:00:00,6.690000000000001,summer,7.87
2024-09-27 16:00:00,10.66215,summer,7.87
2024-09-27 17:00:00,13.25775,summer,14.54
2024-09-27 18:00:00,13.03935,summer,14.54
2024-09-27 19:00:00,12.94485,summer,14.54
2024-09-27 20:00:00,10.16445,summer,7.87
2024-09-27 21:00:00,9.42315,summer,7.87
2024-09-27 22:00:00,9.315,summer,7.87
2024-09-27 23:00:00,6.875850000000002,summer,7.87
2024-09-28 00:00:00,7.008150000000001,summer,7.87
2024-09-28 01:00:00,7.035450000000002,summer,7.87
2024-09-28 02:00:00,7.021800000000002,summer,7.87
2024-09-28 03:00:00,7.033350000000001,summer,7.87
2024-09-28 04:00:00,7.125750000000001,summer,7.87
2024-09-28 05:00:00,7.945800000000001,summer,7.87
2024-09-28 06:00:00,9.0294,summer,7.87
2024-09-28 07:00:00,9.442049999999998,summer,7.87
2024-09-28 08:00:00,8.67555,summer,7.87
2024-09-28 09:00:00,7.713750000000001,summer,7.87
2024-09-28 10:00:00,7.086900000000001,summer,7.87
2024-09-28 11:00:00,6.758250000000001,summer,7.87
2024-09-28 12:00:00,6.690000000000001,summer,7.87
2024-09-28 13:00:00,6.690000000000001,summer,7.87
2024-09-28 14:00:00,6.696300000000002,summer,7.87
2024-09-28 15:00:00,7.721100000000002,summer,7.87
2024-09-28 16:00:00,13.32915,summer,14.54
2024-09-28 17:00:00,15.119400000000002,summer,14.54
2024-09-28 18:00:00,17.1984,summer,18.77
2024-09-28 19:00:00,16.80255,summer,18.77
2024-09-28 20:00:00,15.163500000000004,summer,14.54
2024-09-28 21:00:00,15.119400000000002,summer,14.54
2024-09-28 22:00:00,14.536650000000002,summer,14.54
2024-09-28 23:00:00,13.0593,summer,14.54
2024-09-29 00:00:00,11.4675,summer,14.54
2024-09-29 01:00:00,11.3268,summer,14.54
2024-09-29 02:00:00,11.24175,summer,14.54
2024-09-29 03:00:00,12.7527,summer,14.54
2024-09-29 04:00:00,14.42115,summer,14.54
2024-09-29 05:00:00,14.775000000000002,summer,14.54
2024-09-29 06:00:00,16.98,summer,18.77
2024-09-29 07:00:00,16.8624,summer,18.77
2024-09-29 08:00:00,12.40515,summer,14.54
2024-09-29 09:00:00,6.829650000000001,summer,7.87
2024-09-29 10:00:00,6.690000000000001,summer,7.87
2024-09-29 11:00:00,6.689050000000002,summer,7.87
2024-09-29 12:00:00,6.642500000000001,summer,7.87
2024-09-29 13:00:00,6.647250000000001,summer,7.87
2024-09-29 14:00:00,6.690000000000001,summer,7.87
2024-09-29 15:00:00,11.2302,summer,14.54
2024-09-29 16:00:00,16.56105,summer,14.54
2024-09-29 17:00:00,22.71195,summer,18.77
2024-09-29 18:00:00,24.2586,summer,18.77
2024-09-29 19:00:00,18.19905,summer,18.77
2024-09-29 20:00:00,15.103650000000002,summer,14.54
2024-09-29 21:00:00,13.4415,summer,14.54
2024-09-29 22:00:00,10.61595,summer,7.87
2024-09-29 23:00:00,8.684999999999999,summer,7.87
2024-09-30 00:00:00,7.8922500000000015,summer,7.87
2024-09-30 01:00:00,7.572000000000002,summer,7.87
2024-09-30 02:00:00,7.270650000000002,summer,7.87
2024-09-30 03:00:00,7.279050000000002,summer,7.87
2024-09-30 04:00:00,8.4729,summer,7.87
2024-09-30 05:00:00,11.4822,summer,14.54
2024-09-30 06:00:00,16.1841,summer,14.54
2024-09-30 07:00:00,16.51275,summer,14.54
2024-09-30 08:00:00,13.8783,summer,14.54
2024-09-30 09:00:00,11.35305,summer,14.54
2024-09-30 10:00:00,8.885549999999999,summer,7.87
2024-09-30 11:00:00,7.664400000000001,summer,7.87
2024-09-30 12:00:00,6.906300000000002,summer,7.87
2024-09-30 13:00:00,7.491150000000001,summer,7.87
2024-09-30 14:00:00,8.9958,summer,7.87
2024-09-30 15:00:00,10.37865,summer,7.87
2024-09-30 16:00:00,13.473,summer,14.54
2024-09-30 17:00:00,14.0778,summer,14.54
2024-09-30 18:00:00,13.4352,summer,14.54
2024-09-30 19:00:00,11.13675,summer,7.87
2024-09-30 20:00:00,8.99265,summer,7.87
2024-09-30 21:00:00,8.791049999999998,summer,7.87
2024-09-30 22:00:00,7.723200000000001,summer,7.87
2024-09-30 23:00:00,7.027050000000001,summer,7.87
2024-10-01 00:00:00,6.697350000000001,summer,7.87
2024-10-01 01:00:00,6.6952500000000015,summer,7.87
2024-10-01 02:00:00,6.692100000000002,summer,7.87
2024-10-01 03:00:00,6.6994500000000015,summer,7.87
2024-10-01 04:00:00,7.404000000000001,summer,7.87
2024-10-01 05:00:00,13.4058,summer,14.54
2024-10-01 06:00:00,17.54175,summer,18.77
2024-10-01 07:00:00,18.7629,summer,18.77
2024-10-01 08:00:00,17.233050000000002,summer,18.77
2024-10-01 09:00:00,14.7204,summer,14.54
2024-10-01 10:00:00,13.85205,summer,14.54
2024-10-01 11:00:00,12.843,summer,14.54
2024-10-01 12:00:00,12.534300000000002,summer,14.54
2024-10-01 13:00:00,12.623550000000002,summer,14.54
2024-10-01 14:00:00,13.2189,summer,14.54
2024-10-01 15:00:00,17.0787,summer,18.77
2024-10-01 16:00:00,18.1959,summer,18.77
2024-10-01 17:00:00,20.7495,summer,18.77
2024-10-01 18:00:00,21.02355,summer,18.77
2024-10-01 19:00:00,19.1367,summer,18.77
2024-10-01 20:00:00,16.381500000000003,summer,14.54
2024-10-01 21:00:00,16.29225,summer,14.54
2024-10-01 22:00:00,14.6952,summer,14.54
2024-10-01 23:00:00,15.6612,summer,14.54
2024-10-02 00:00:00,15.1824,summer,14.54
2024-10-02 01:00:00,14.78445,summer,14.54
2024-10-02 02:00:00,14.55765,summer,14.54
2024-10-02 03:00:00,14.7897,summer,14.54
2024-10-02 04:00:00,15.2055,summer,14.54
2024-10-02 05:00:00,16.82565,summer,18.77
2024-10-02 06:00:00,19.16715,summer,18.77
2024-10-02 07:00:00,20.9385,summer,18.77
2024-10-02 08:00:00,19.03695,summer,18.77
2024-10-02 09:00:00,17.52705,summer,18.77
2024-10-02 10:00:00,16.8246,summer,18.77
2024-10-02 11:00:00,16.187250000000002,summer,14.54
2024-10-02 12:00:00,15.7662,summer,14.54
2024-10-02 13:00:00,14.97135,summer,14.54
2024-10-02 14:00:00,15.30735,summer,14.54
2024-10-02 15:00:00,15.248550000000002,summer,14.54
2024-10-02 16:00:00,17.2005,summer,18.77
2024-10-02 17:00:00,18.97605,summer,18.77
2024-10-02 18:00:00,20.34735,summer,18.77
2024-10-02 19:00:00,18.698850000000004,summer,18.77
2024-10-02 20:00:00,16.826700000000002,summer,18.77
2024-10-02 21:00:00,16.4865,summer,14.54
2024-10-02 22:00:00,15.615000000000002,summer,14.54
2024-10-02 23:00:00,13.75965,summer,14.54
2024-10-03 00:00:00,13.6053,summer,14.54
2024-10-03 01:00:00,13.529700000000002,summer,14.54
2024-10-03 02:00:00,13.428900000000002,summer,14.54
2024-10-03 03:00:00,13.4079,summer,14.54
2024-10-03 04:00:00,13.452000000000002,summer,14.54
2024-10-03 05:00:00,13.560150000000002,summer,14.54
2024-10-03 06:00:00,14.39385,summer,14.54
2024-10-03 07:00:00,14.74035,summer,14.54
2024-10-03 08:00:00,14.344500000000002,summer,14.54
2024-10-03 09:00:00,13.9644,summer,14.54
2024-10-03 10:00:00,13.3092,summer,14.54
2024-10-03 11:00:00,11.63445,summer,14.54
2024-10-03 12:00:00,10.2579,summer,7.87
2024-10-03 13:00:00,10.7997,summer,7.87
2024-10-03 14:00:00,12.0828,summer,14.54
2024-10-03 15:00:00,13.624200000000002,summer,14.54
2024-10-03 16:00:00,16.108500000000003,summer,14.54
2024-10-03 17:00:00,18.24735,summer,18.77
2024-10-03 18:00:00,18.7986,summer,18.77
2024-10-03 19:00:00,18.0594,summer,18.77
2024-10-03 20:00:00,17.059800000000003,summer,18.77
2024-10-03 21:00:00,16.2408,summer,14.54
2024-10-03 22:00:00,15.2433,summer,14.54
2024-10-03 23:00:00,14.4495,summer,14.54
2024-10-04 00:00:00,14.3046,summer,14.54
2024-10-04 01:00:00,14.2605,summer,14.54
2024-10-04 02:00:00,14.25,summer,14.54
2024-10-04 03:00:00,14.28465,summer,14.54
2024-10-04 04:00:00,14.7855,summer,14.54
2024-10-04 05:00:00,17.505000000000003,summer,18.77
2024-10-04 06:00:00,19.9767,summer,18.77
2024-10-04 07:00:00,21.5391,summer,18.77
2024-10-04 08:00:00,18.89835,summer,18.77
2024-10-04 09:00:00,17.199450000000002,summer,18.77
2024-10-04 10:00:00,15.615000000000002,summer,14.54
2024-10-04 11:00:00,14.57235,summer,14.54
2024-10-04 12:00:00,14.40645,summer,14.54
2024-10-04 13:00:00,14.6511,summer,14.54
2024-10-04 14:00:00,14.992349999999998,summer,14.54
2024-10-04 15:00:00,16.119,summer,14.54
2024-10-04 16:00:00,17.9355,summer,18.77
2024-10-04 17:00:00,20.54685,summer,18.77
2024-10-04 18:00:00,22.337100000000003,summer,18.77
2024-10-04 19:00:00,19.678500000000003,summer,18.77
2024-10-04 20:00:00,17.1795,summer,18.77
2024-10-04 21:00:00,17.1795,summer,18.77
2024-10-04 22:00:00,16.14,summer,14.54
2024-10-04 23:00:00,16.4655,summer,14.54
2024-10-05 00:00:00,15.5772,summer,14.54
2024-10-05 01:00:00,15.237000000000002,summer,14.54
2024-10-05 02:00:00,14.6217,summer,14.54
2024-10-05 03:00:00,14.6406,summer,14.54
2024-10-05 04:00:00,15.0711,summer,14.54
2024-10-05 05:00:00,15.741000000000003,summer,14.54
2024-10-05 06:00:00,17.232000000000003,summer,18.77
2024-10-05 07:00:00,18.305100000000003,summer,18.77
2024-10-05 08:00:00,17.505000000000003,summer,18.77
2024-10-05 09:00:00,15.3441,summer,14.54
2024-10-05 10:00:00,13.858350000000002,summer,14.54
2024-10-05 11:00:00,12.0912,summer,14.54
2024-10-05 12:00:00,10.7724,summer,7.87
2024-10-05 13:00:00,11.25645,summer,14.54
2024-10-05 14:00:00,13.296600000000002,summer,14.54
2024-10-05 15:00:00,14.7876,summer,14.54
2024-10-05 16:00:00,17.1354,summer,18.77
2024-10-05 17:00:00,22.298250000000003,summer,18.77
2024-10-05 18:00:00,21.7344,summer,18.77
2024-10-05 19:00:00,17.949150000000003,summer,18.77
2024-10-05 20:00:00,16.8288,summer,18.77
2024-10-05 21:00:00,15.63915,summer,14.54
2024-10-05 22:00:00,13.725,summer,14.54
2024-10-05 23:00:00,13.729200000000002,summer,14.54
2024-10-06 00:00:00,13.406850000000002,summer,14.54
2024-10-06 01:00:00,13.28715,summer,14.54
2024-10-06 02:00:00,13.34175,summer,14.54
2024-10-06 03:00:00,13.27455,summer,14.54
2024-10-06 04:00:00,13.406850000000002,summer,14.54
2024-10-06 05:00:00,13.34805,summer,14.54
2024-10-06 06:00:00,14.335050000000004,summer,14.54
2024-10-06 07:00:00,14.796000000000005,summer,14.54
2024-10-06 08:00:00,13.6263,summer,14.54
2024-10-06 09:00:00,10.3944,summer,7.87
2024-10-06 10:00:00,8.4414,summer,7.87
2024-10-06 11:00:00,7.241250000000002,summer,7.87
2024-10-06 12:00:00,6.689050000000002,summer,7.87
2024-10-06 13:00:00,6.689050000000002,summer,7.87
2024-10-06 14:00:00,6.711000000000001,summer,7.87
2024-10-06 15:00:00,12.948,summer,14.54
2024-10-06 16:00:00,16.2387,summer,14.54
2024-10-06 17:00:00,17.8515,summer,18.77
2024-10-06 18:00:00,16.8981,summer,18.77
2024-10-06 19:00:00,14.352900000000002,summer,14.54
2024-10-06 20:00:00,12.92385,summer,14.54
2024-10-06 21:00:00,12.85245,summer,14.54
2024-10-06 22:00:00,12.11955,summer,14.54
2024-10-06 23:00:00,10.3209,summer,7.87
2024-10-07 00:00:00,10.4007,summer,7.87
2024-10-07 01:00:00,10.18125,summer,7.87
2024-10-07 02:00:00,9.85575,summer,7.87
2024-10-07 03:00:00,10.47945,summer,7.87
2024-10-07 04:00:00,11.59665,summer,14.54
2024-10-07 05:00:00,13.78695,summer,14.54
2024-10-07 06:00:00,17.2866,summer,18.77
2024-10-07 07:00:00,18.0636,summer,18.77
2024-10-07 08:00:00,16.3353,summer,14.54
2024-10-07 09:00:00,13.62945,summer,14.54
2024-10-07 10:00:00,13.0131,summer,14.54
2024-10-07 11:00:00,12.37155,summer,14.54
2024-10-07 12:00:00,11.23545,summer,14.54
2024-10-07 13:00:00,12.465,summer,14.54
2024-10-07 14:00:00,13.72605,summer,14.54
2024-10-07 15:00:00,16.9695,summer,18.77
2024-10-07 16:00:00,19.36455,summer,18.77
2024-10-07 17:00:00,31.64325,summer,18.77
2024-10-07 18:00:00,30.790650000000003,summer,18.77
2024-10-07 19:00:00,19.4979,summer,18.77
2024-10-07 20:00:00,17.182650000000002,summer,18.77
2024-10-07 21:00:00,16.34055,summer,14.54
2024-10-07 22:00:00,14.997600000000002,summer,14.54
2024-10-07 23:00:00,14.28465,summer,14.54
2024-10-08 00:00:00,13.73235,summer,14.54
2024-10-08 01:00:00,13.40895,summer,14.54
2024-10-08 02:00:00,12.95535,summer,14.54
2024-10-08 03:00:00,12.95745,summer,14.54
2024-10-08 04:00:00,13.77015,summer,14.54
2024-10-08 05:00:00,15.71685,summer,14.54
2024-10-08 06:00:00,18.27885,summer,18.77
2024-10-08 07:00:00,17.8452,summer,18.77
2024-10-08 08:00:00,15.615000000000002,summer,14.54
2024-10-08 09:00:00,15.12465,summer,14.54
2024-10-08 10:00:00,15.142500000000002,summer,14.54
2024-10-08 11:00:00,14.67,summer,14.54
2024-10-08 12:00:00,15.35565,summer,14.54
2024-10-08 13:00:00,15.970950000000002,summer,14.54
2024-10-08 14:00:00,16.1484,summer,14.54
2024-10-08 15:00:00,17.31495,summer,18.77
2024-10-08 16:00:00,19.9557,summer,18.77
2024-10-08 17:00:00,23.15085,summer,18.77
2024-10-08 18:00:00,24.351000000000003,summer,18.77
2024-10-08 19:00:00,18.70305,summer,18.77
2024-10-08 20:00:00,16.654500000000002,summer,14.54
2024-10-08 21:00:00,15.783,summer,14.54
2024-10-08 22:00:00,13.788,summer,14.54
2024-10-08 23:00:00,13.19265,summer,14.54
2024-10-09 00:00:00,12.990000000000002,summer,14.54
2024-10-09 01:00:00,12.7254,summer,14.54
2024-10-09 02:00:00,12.3936,summer,14.54
2024-10-09 03:00:00,12.7086,summer,14.54
2024-10-09 04:00:00,13.39635,summer,14.54
2024-10-09 05:00:00,15.793500000000002,summer,14.54
2024-10-09 06:00:00,18.36495,summer,18.77
2024-10-09 07:00:00,18.3429,summer,18.77
2024-10-09 08:00:00,15.825,summer,14.54
2024-10-09 09:00:00,14.25945,summer,14.54
2024-10-09 10:00:00,12.979500000000002,summer,14.54
2024-10-09 11:00:00,12.969,summer,14.54
2024-10-09 12:00:00,12.97425,summer,14.54
2024-10-09 13:00:00,13.791150000000002,summer,14.54
2024-10-09 14:00:00,14.79285,summer,14.54
2024-10-09 15:00:00,16.665,summer,18.77
2024-10-09 16:00:00,19.022250000000003,summer,18.77
2024-10-09 17:00:00,19.55565,summer,18.77
2024-10-09 18:00:00,20.0376,summer,18.77
2024-10-09 19:00:00,18.350250000000003,summer,18.77
2024-10-09 20:00:00,16.749000000000002,summer,18.77
2024-10-09 21:00:00,16.6755,summer,18.77
2024-10-09 22:00:00,15.3357,summer,14.54
2024-10-09 23:00:00,13.11495,summer,14.54
2024-10-10 00:00:00,11.61345,summer,14.54
2024-10-10 01:00:00,10.65375,summer,7.87
2024-10-10 02:00:00,10.05,summer,7.87
2024-10-10 03:00:00,9.8022,summer,7.87
2024-10-10 04:00:00,10.848,summer,7.87
2024-10-10 05:00:00,13.2105,summer,14.54
2024-10-10 06:00:00,15.604500000000002,summer,14.54
2024-10-10 07:00:00,15.1383,summer,14.54
2024-10-10 08:00:00,13.7775,summer,14.54
2024-10-10 09:00:00,12.15105,summer,14.54
2024-10-10 10:00:00,10.77765,summer,7.87
2024-10-10 11:00:00,8.988449999999998,summer,7.87
2024-10-10 12:00:00,8.3637,summer,7.87
2024-10-10 13:00:00,8.791049999999998,summer,7.87
2024-10-10 14:00:00,10.71885,summer,7.87
2024-10-10 15:00:00,12.8325,summer,14.54
2024-10-10 16:00:00,15.7011,summer,14.54
2024-10-10 17:00:00,16.77735,summer,18.77
2024-10-10 18:00:00,19.2186,summer,18.77
2024-10-10 19:00:00,17.31495,summer,18.77
2024-10-10 20:00:00,16.18305,summer,14.54
2024-10-10 21:00:00,15.4218,summer,14.54
2024-10-10 22:00:00,14.03265,summer,14.54
2024-10-10 23:00:00,15.0858,summer,14.54
2024-10-11 00:00:00,14.37705,summer,14.54
2024-10-11 01:00:00,14.2185,summer,14.54
2024-10-11 02:00:00,13.82055,summer,14.54
2024-10-11 03:00:00,13.9938,summer,14.54
2024-10-11 04:00:00,14.39595,summer,14.54
2024-10-11 05:00:00,17.18475,summer,18.77
2024-10-11 06:00:00,21.43305,summer,18.77
2024-10-11 07:00:00,23.016450000000003,summer,18.77
2024-10-11 08:00:00,18.24105,summer,18.77
2024-10-11 09:00:00,16.14,summer,14.54
2024-10-11 10:00:00,14.28675,summer,14.54
2024-10-11 11:00:00,13.16325,summer,14.54
2024-10-11 12:00:00,12.69285,summer,14.54
2024-10-11 13:00:00,12.9438,summer,14.54
2024-10-11 14:00:00,13.7208,summer,14.54
2024-10-11 15:00:00,14.39175,summer,14.54
2024-10-11 16:00:00,18.5319,summer,18.77
2024-10-11 17:00:00,24.315300000000004,summer,18.77
2024-10-11 18:00:00,24.985200000000003,summer,18.77
2024-10-11 19:00:00,19.42755,summer,18.77
2024-10-11 20:00:00,17.16795,summer,18.77
2024-10-11 21:00:00,17.02305,summer,18.77
2024-10-11 22:00:00,15.91215,summer,14.54
2024-10-11 23:00:00,16.14945,summer,14.54
2024-10-12 00:00:00,15.0291,summer,14.54
2024-10-12 01:00:00,14.6259,summer,14.54
2024-10-12 02:00:00,14.5671,summer,14.54
2024-10-12 03:00:00,14.241600000000002,summer,14.54
2024-10-12 04:00:00,13.8195,summer,14.54
2024-10-12 05:00:00,14.21115,summer,14.54
2024-10-12 06:00:00,13.90665,summer,14.54
2024-10-12 07:00:00,13.92555,summer,14.54
2024-10-12 08:00:00,11.0811,summer,7.87
2024-10-12 09:00:00,10.3965,summer,7.87
2024-10-12 10:00:00,10.2894,summer,7.87
2024-10-12 11:00:00,9.29295,summer,7.87
2024-10-12 12:00:00,8.19465,summer,7.87
2024-10-12 13:00:00,9.1407,summer,7.87
2024-10-12 14:00:00,11.55675,summer,14.54
2024-10-12 15:00:00,13.3239,summer,14.54
2024-10-12 16:00:00,14.6721,summer,14.54
2024-10-12 17:00:00,15.180300000000004,summer,14.54
2024-10-12 18:00:00,14.8401,summer,14.54
2024-10-12 19:00:00,13.00995,summer,14.54
2024-10-12 20:00:00,11.4591,summer,14.54
2024-10-12 21:00:00,10.35135,summer,7.87
2024-10-12 22:00:00,9.35385,summer,7.87
2024-10-12 23:00:00,6.690000000000001,summer,7.87
2024-10-13 00:00:00,6.689050000000002,summer,7.87
2024-10-13 01:00:00,6.683350000000002,summer,7.87
2024-10-13 02:00:00,6.6548500000000015,summer,7.87
2024-10-13 03:00:00,6.641550000000001,summer,7.87
2024-10-13 04:00:00,6.681450000000002,summer,7.87
2024-10-13 05:00:00,6.661500000000001,summer,7.87
2024-10-13 06:00:00,6.686200000000001,summer,7.87
2024-10-13 07:00:00,6.683350000000002,summer,7.87
2024-10-13 08:00:00,6.608300000000002,summer,7.87
2024-10-13 09:00:00,6.629200000000001,summer,7.87
2024-10-13 10:00:00,6.502850000000001,summer,7.87
2024-10-13 11:00:00,5.978450000000001,summer,7.87
2024-10-13 12:00:00,5.249800000000001,summer,7.87
2024-10-13 13:00:00,5.1994500000000015,summer,7.87
2024-10-13 14:00:00,6.214050000000001,summer,7.87
2024-10-13 15:00:00,6.500950000000001,summer,7.87
2024-10-13 16:00:00,6.696300000000002,summer,7.87
2024-10-13 17:00:00,10.45215,summer,7.87
2024-10-13 18:00:00,12.36525,summer,14.54
2024-10-13 19:00:00,10.83855,summer,7.87
2024-10-13 20:00:00,10.72515,summer,7.87
2024-10-13 21:00:00,10.90365,summer,7.87
2024-10-13 22:00:00,10.55505,summer,7.87
2024-10-13 23:00:00,10.5855,summer,7.87
2024-10-14 00:00:00,10.39125,summer,7.87
2024-10-14 01:00:00,10.38285,summer,7.87
2024-10-14 02:00:00,10.2978,summer,7.87
2024-10-14 03:00:00,10.81965,summer,7.87
2024-10-14 04:00:00,13.221,summer,14.54
2024-10-14 05:00:00,17.0577,summer,18.77
2024-10-14 06:00:00,20.64345,summer,18.77
2024-10-14 07:00:00,22.819050000000004,summer,18.77
2024-10-14 08:00:00,19.0737,summer,18.77
2024-10-14 09:00:00,17.28975,summer,18.77
2024-10-14 10:00:00,16.720650000000003,summer,18.77
2024-10-14 11:00:00,15.9678,summer,14.54
2024-10-14 12:00:00,15.363,summer,14.54
2024-10-14 13:00:00,14.4768,summer,14.54
2024-10-14 14:00:00,15.8334,summer,14.54
2024-10-14 15:00:00,17.79795,summer,18.77
2024-10-14 16:00:00,23.44695,summer,18.77
2024-10-14 17:00:00,33.6855,summer,18.77
2024-10-14 18:00:00,35.012699999999995,summer,18.77
2024-10-14 19:00:00,23.28,summer,18.77
2024-10-14 20:00:00,18.672600000000003,summer,18.77
2024-10-14 21:00:00,17.1543,summer,18.77
2024-10-14 22:00:00,16.644000000000002,summer,14.54
2024-10-14 23:00:00,16.269150000000003,summer,14.54
2024-10-15 00:00:00,15.771450000000002,summer,14.54
2024-10-15 01:00:00,15.96675,summer,14.54
2024-10-15 02:00:00,15.514200000000002,summer,14.54
2024-10-15 03:00:00,15.174,summer,14.54
2024-10-15 04:00:00,16.08855,summer,14.54
2024-10-15 05:00:00,18.71565,summer,18.77
2024-10-15 06:00:00,26.15595,summer,18.77
2024-10-15 07:00:00,25.234050000000003,summer,18.77
2024-10-15 08:00:00,18.2967,summer,18.77
2024-10-15 09:00:00,16.42875,summer,14.54
2024-10-15 10:00:00,15.41025,summer,14.54
2024-10-15 11:00:00,14.92935,summer,14.54
2024-10-15 12:00:00,14.22375,summer,14.54
2024-10-15 13:00:00,14.6595,summer,14.54
2024-10-15 14:00:00,15.442800000000002,summer,14.54
2024-10-15 15:00:00,16.03815,summer,14.54
2024-10-15 16:00:00,19.36245,summer,18.77
2024-10-15 17:00:00,21.05295,summer,18.77
2024-10-15 18:00:00,16.90755,summer,18.77
2024-10-15 19:00:00,14.697300000000002,summer,14.54
2024-10-15 20:00:00,13.688250000000002,summer,14.54
2024-10-15 21:00:00,12.95325,summer,14.54
2024-10-15 22:00:00,10.971900000000002,summer,7.87
2024-10-15 23:00:00,9.141749999999998,summer,7.87
2024-10-16 00:00:00,8.034,summer,7.87
2024-10-16 01:00:00,7.246500000000001,summer,7.87
2024-10-16 02:00:00,7.069050000000002,summer,7.87
2024-10-16 03:00:00,7.021800000000002,summer,7.87
2024-10-16 04:00:00,7.551000000000001,summer,7.87
2024-10-16 05:00:00,11.16195,summer,7.87
2024-10-16 06:00:00,13.755450000000002,summer,14.54
2024-10-16 07:00:00,13.6746,summer,14.54
2024-10-16 08:00:00,12.39045,summer,14.54
2024-10-16 09:00:00,9.4914,summer,7.87
2024-10-16 10:00:00,8.1768,summer,7.87
2024-10-16 11:00:00,7.119450000000001,summer,7.87
2024-10-16 12:00:00,6.904200000000001,summer,7.87
2024-10-16 13:00:00,7.110000000000001,summer,7.87
2024-10-16 14:00:00,8.1789,summer,7.87
2024-10-16 15:00:00,12.456600000000002,summer,14.54
2024-10-16 16:00:00,14.34975,summer,14.54
2024-10-16 17:00:00,15.559349999999998,summer,14.54
2024-10-16 18:00:00,15.9699,summer,14.54
2024-10-16 19:00:00,13.54755,summer,14.54
2024-10-16 20:00:00,13.185300000000002,summer,14.54
2024-10-16 21:00:00,10.3797,summer,7.87
2024-10-16 22:00:00,9.4767,summer,7.87
2024-10-16 23:00:00,8.479199999999999,summer,7.87
2024-10-17 00:00:00,7.965750000000002,summer,7.87
2024-10-17 01:00:00,7.790400000000001,summer,7.87
2024-10-17 02:00:00,7.279050000000002,summer,7.87
2024-10-17 03:00:00,7.741050000000001,summer,7.87
2024-10-17 04:00:00,9.819,summer,7.87
2024-10-17 05:00:00,14.09355,summer,14.54
2024-10-17 06:00:00,17.33595,summer,18.77
2024-10-17 07:00:00,16.40565,summer,14.54
2024-10-17 08:00:00,14.4348,summer,14.54
2024-10-17 09:00:00,13.2231,summer,14.54
2024-10-17 10:00:00,12.1521,summer,14.54
2024-10-17 11:00:00,11.5767,summer,14.54
2024-10-17 12:00:00,11.6796,summer,14.54
2024-10-17 13:00:00,12.9942,summer,14.54
2024-10-17 14:00:00,13.36275,summer,14.54
2024-10-17 15:00:00,16.421400000000002,summer,14.54
2024-10-17 16:00:00,19.668,summer,18.77
2024-10-17 17:00:00,26.24205000000001,summer,18.77
2024-10-17 18:00:00,24.769950000000005,summer,18.77
2024-10-17 19:00:00,19.0275,summer,18.77
2024-10-17 20:00:00,16.960050000000003,summer,18.77
2024-10-17 21:00:00,16.04025,summer,14.54
2024-10-17 22:00:00,15.32205,summer,14.54
2024-10-17 23:00:00,15.18975,summer,14.54
2024-10-18 00:00:00,15.2118,summer,14.54
2024-10-18 01:00:00,15.37665,summer,14.54
2024-10-18 02:00:00,14.9682,summer,14.54
2024-10-18 03:00:00,15.214950000000002,summer,14.54
2024-10-18 04:00:00,15.545700000000004,summer,14.54
2024-10-18 05:00:00,17.07345,summer,18.77
2024-10-18 06:00:00,22.4169,summer,18.77
2024-10-18 07:00:00,23.0952,summer,18.77
2024-10-18 08:00:00,18.345,summer,18.77
2024-10-18 09:00:00,16.7448,summer,18.77
2024-10-18 10:00:00,15.6465,summer,14.54
2024-10-18 11:00:00,15.4008,summer,14.54
2024-10-18 12:00:00,15.111,summer,14.54
2024-10-18 13:00:00,15.214950000000002,summer,14.54
2024-10-18 14:00:00,15.545700000000004,summer,14.54
2024-10-18 15:00:00,17.53545,summer,18.77
2024-10-18 16:00:00,20.72535,summer,18.77
2024-10-18 17:00:00,25.724400000000003,summer,18.77
2024-10-18 18:00:00,21.6609,summer,18.77
2024-10-18 19:00:00,17.53125,summer,18.77
2024-10-18 20:00:00,16.85715,summer,18.77
2024-10-18 21:00:00,16.482300000000002,summer,14.54
2024-10-18 22:00:00,15.6717,summer,14.54
2024-10-18 23:00:00,15.8313,summer,14.54
2024-10-19 00:00:00,15.408150000000004,summer,14.54
2024-10-19 01:00:00,15.08055,summer,14.54
2024-10-19 02:00:00,14.592300000000002,summer,14.54
2024-10-19 03:00:00,14.656350000000002,summer,14.54
2024-10-19 04:00:00,14.75085,summer,14.54
2024-10-19 05:00:00,15.09,summer,14.54
2024-10-19 06:00:00,16.34055,summer,14.54
2024-10-19 07:00:00,16.1043,summer,14.54
2024-10-19 08:00:00,15.573,summer,14.54
2024-10-19 09:00:00,14.964000000000002,summer,14.54
2024-10-19 10:00:00,14.3886,summer,14.54
2024-10-19 11:00:00,13.6368,summer,14.54
2024-10-19 12:00:00,13.090800000000002,summer,14.54
2024-10-19 13:00:00,13.39845,summer,14.54
2024-10-19 14:00:00,14.992349999999998,summer,14.54
2024-10-19 15:00:00,16.98945,summer,18.77
2024-10-19 16:00:00,18.1497,summer,18.77
2024-10-19 17:00:00,20.9511,summer,18.77
2024-10-19 18:00:00,19.17765,summer,18.77
2024-10-19 19:00:00,16.854,summer,18.77
2024-10-19 20:00:00,16.158900000000003,summer,14.54
2024-10-19 21:00:00,15.49215,summer,14.54
2024-10-19 22:00:00,14.38965,summer,14.54
2024-10-19 23:00:00,12.52485,summer,14.54
2024-10-20 00:00:00,12.4545,summer,14.54
2024-10-20 01:00:00,12.69915,summer,14.54
2024-10-20 02:00:00,12.9711,summer,14.54
2024-10-20 03:00:00,13.296600000000002,summer,14.54
2024-10-20 04:00:00,13.71555,summer,14.54
2024-10-20 05:00:00,13.43415,summer,14.54
2024-10-20 06:00:00,14.5986,summer,14.54
2024-10-20 07:00:00,13.8594,summer,14.54
2024-10-20 08:00:00,11.49375,summer,14.54
2024-10-20 09:00:00,7.358850000000001,summer,7.87
2024-10-20 10:00:00,6.698400000000001,summer,7.87
2024-10-20 11:00:00,6.690000000000001,summer,7.87
2024-10-20 12:00:00,6.5969000000000015,summer,7.87
2024-10-20 13:00:00,6.499050000000001,summer,7.87
2024-10-20 14:00:00,6.690000000000001,summer,7.87
2024-10-20 15:00:00,7.225500000000001,summer,7.87
2024-10-20 16:00:00,12.74745,summer,14.54
2024-10-20 17:00:00,13.0635,summer,14.54
2024-10-20 18:00:00,11.4234,summer,14.54
2024-10-20 19:00:00,10.29675,summer,7.87
2024-10-20 20:00:00,8.88975,summer,7.87
2024-10-20 21:00:00,7.965750000000002,summer,7.87
2024-10-20 22:00:00,6.8926500000000015,summer,7.87
2024-10-20 23:00:00,6.680500000000001,summer,7.87
2024-10-21 00:00:00,6.680500000000001,summer,7.87
2024-10-21 01:00:00,6.676700000000001,summer,7.87
2024-10-21 02:00:00,6.682400000000001,summer,7.87
2024-10-21 03:00:00,6.686200000000001,summer,7.87
2024-10-21 04:00:00,7.052250000000002,summer,7.87
2024-10-21 05:00:00,13.683,summer,14.54
2024-10-21 06:00:00,17.7129,summer,18.77
2024-10-21 07:00:00,19.33095,summer,18.77
2024-10-21 08:00:00,17.599500000000003,summer,18.77
2024-10-21 09:00:00,16.0392,summer,14.54
2024-10-21 10:00:00,15.198150000000002,summer,14.54
2024-10-21 11:00:00,14.374950000000002,summer,14.54
2024-10-21 12:00:00,15.2328,summer,14.54
2024-10-21 13:00:00,15.263250000000005,summer,14.54
2024-10-21 14:00:00,17.04195,summer,18.77
2024-10-21 15:00:00,19.6575,summer,18.77
2024-10-21 16:00:00,20.5017,summer,18.77
2024-10-21 17:00:00,30.011550000000003,summer,18.77
2024-10-21 18:00:00,26.731350000000003,summer,18.77
2024-10-21 19:00:00,20.1762,summer,18.77
2024-10-21 20:00:00,17.4,summer,18.77
2024-10-21 21:00:00,16.959,summer,18.77
2024-10-21 22:00:00,16.45185,summer,14.54
2024-10-21 23:00:00,16.315350000000002,summer,14.54
2024-10-22 00:00:00,16.080150000000003,summer,14.54
2024-10-22 01:00:00,15.687449999999998,summer,14.54
2024-10-22 02:00:00,15.468,summer,14.54
2024-10-22 03:00:00,15.42495,summer,14.54
2024-10-22 04:00:00,16.13475,summer,14.54
2024-10-22 05:00:00,17.2509,summer,18.77
2024-10-22 06:00:00,23.07945,summer,18.77
2024-10-22 07:00:00,24.5526,summer,18.77
2024-10-22 08:00:00,18.6012,summer,18.77
2024-10-22 09:00:00,17.1081,summer,18.77
2024-10-22 10:00:00,15.903750000000002,summer,14.54
2024-10-22 11:00:00,14.786550000000002,summer,14.54
2024-10-22 12:00:00,14.1324,summer,14.54
2024-10-22 13:00:00,14.41065,summer,14.54
2024-10-22 14:00:00,15.8334,summer,14.54
2024-10-22 15:00:00,17.972250000000003,summer,18.77
2024-10-22 16:00:00,18.23685,summer,18.77
2024-10-22 17:00:00,21.4278,summer,18.77
2024-10-22 18:00:00,23.253750000000004,summer,18.77
2024-10-22 19:00:00,18.6621,summer,18.77
2024-10-22 20:00:00,17.127000000000002,summer,18.77
2024-10-22 21:00:00,16.7406,summer,18.77
2024-10-22 22:00:00,15.96675,summer,14.54
2024-10-22 23:00:00,15.17715,summer,14.54
2024-10-23 00:00:00,15.42915,summer,14.54
2024-10-23 01:00:00,15.3021,summer,14.54
2024-10-23 02:00:00,15.42705,summer,14.54
2024-10-23 03:00:00,15.699000000000002,summer,14.54
2024-10-23 04:00:00,16.518,summer,14.54
2024-10-23 05:00:00,18.04995,summer,18.77
2024-10-23 06:00:00,24.83295,summer,18.77
2024-10-23 07:00:00,25.91865,summer,18.77
2024-10-23 08:00:00,20.1741,summer,18.77
2024-10-23 09:00:00,17.6205,summer,18.77
2024-10-23 10:00:00,16.5453,summer,14.54
2024-10-23 11:00:00,15.680100000000005,summer,14.54
2024-10-23 12:00:00,15.19395,summer,14.54
2024-10-23 13:00:00,14.98185,summer,14.54
2024-10-23 14:00:00,15.9951,summer,14.54
2024-10-23 15:00:00,17.3895,summer,18.77
2024-10-23 16:00:00,22.14075,summer,18.77
2024-10-23 17:00:00,29.598900000000004,summer,18.77
2024-10-23 18:00:00,25.338,summer,18.77
2024-10-23 19:00:00,18.41955,summer,18.77
2024-10-23 20:00:00,17.34855,summer,18.77
2024-10-23 21:00:00,17.53965,summer,18.77
2024-10-23 22:00:00,16.471799999999998,summer,14.54
2024-10-23 23:00:00,16.32375,summer,14.54
2024-10-24 00:00:00,15.3441,summer,14.54
2024-10-24 01:00:00,15.16035,summer,14.54
2024-10-24 02:00:00,15.120450000000002,summer,14.54
2024-10-24 03:00:00,15.137250000000002,summer,14.54
2024-10-24 04:00:00,15.4911,summer,14.54
2024-10-24 05:00:00,17.52705,summer,18.77
2024-10-24 06:00:00,22.26045,summer,18.77
2024-10-24 07:00:00,24.673350000000006,summer,18.77
2024-10-24 08:00:00,19.006500000000003,summer,18.77
2024-10-24 09:00:00,17.39055,summer,18.77
2024-10-24 10:00:00,16.460250000000002,summer,14.54
2024-10-24 11:00:00,15.5058,summer,14.54
2024-10-24 12:00:00,15.00075,summer,14.54
2024-10-24 13:00:00,15.248550000000002,summer,14.54
2024-10-24 14:00:00,16.738500000000002,summer,18.77
2024-10-24 15:00:00,18.88785,summer,18.77
2024-10-24 16:00:00,20.3295,summer,18.77
2024-10-24 17:00:00,21.55065,summer,18.77
2024-10-24 18:00:00,18.67995,summer,18.77
2024-10-24 19:00:00,16.83405,summer,18.77
2024-10-24 20:00:00,16.5222,summer,14.54
2024-10-24 21:00:00,16.1295,summer,14.54
2024-10-24 22:00:00,15.469050000000005,summer,14.54
2024-10-24 23:00:00,15.3525,summer,14.54
2024-10-25 00:00:00,15.30735,summer,14.54
2024-10-25 01:00:00,15.05745,summer,14.54
2024-10-25 02:00:00,15.363,summer,14.54
2024-10-25 03:00:00,15.559349999999998,summer,14.54
2024-10-25 04:00:00,16.621950000000002,summer,14.54
2024-10-25 05:00:00,18.1287,summer,18.77
2024-10-25 06:00:00,19.68375,summer,18.77
2024-10-25 07:00:00,22.50195,summer,18.77
2024-10-25 08:00:00,19.54515,summer,18.77
2024-10-25 09:00:00,18.04575,summer,18.77
2024-10-25 10:00:00,16.549500000000002,summer,14.54
2024-10-25 11:00:00,15.203400000000002,summer,14.54
2024-10-25 12:00:00,14.8989,summer,14.54
2024-10-25 13:00:00,15.34935,summer,14.54
2024-10-25 14:00:00,17.11965,summer,18.77
2024-10-25 15:00:00,19.083150000000003,summer,18.77
2024-10-25 16:00:00,23.35665,summer,18.77
2024-10-25 17:00:00,30.5586,summer,18.77
2024-10-25 18:00:00,26.09925,summer,18.77
2024-10-25 19:00:00,19.6953,summer,18.77
2024-10-25 20:00:00,18.900450000000003,summer,18.77
2024-10-25 21:00:00,18.6558,summer,18.77
2024-10-25 22:00:00,17.967000000000002,summer,18.77
2024-10-25 23:00:00,18.79545,summer,18.77
2024-10-26 00:00:00,18.2022,summer,18.77
2024-10-26 01:00:00,17.91975,summer,18.77
2024-10-26 02:00:00,18.00795,summer,18.77
2024-10-26 03:00:00,17.788500000000003,summer,18.77
2024-10-26 04:00:00,17.9061,summer,18.77
2024-10-26 05:00:00,18.65265,summer,18.77
2024-10-26 06:00:00,19.88955,summer,18.77
2024-10-26 07:00:00,19.92,summer,18.77
2024-10-26 08:00:00,19.03485,summer,18.77
2024-10-26 09:00:00,17.33595,summer,18.77
2024-10-26 10:00:00,15.2454,summer,14.54
2024-10-26 11:00:00,13.86675,summer,14.54
2024-10-26 12:00:00,13.3365,summer,14.54
2024-10-26 13:00:00,13.46775,summer,14.54
2024-10-26 14:00:00,15.2412,summer,14.54
2024-10-26 15:00:00,17.253,summer,18.77
2024-10-26 16:00:00,19.89165,summer,18.77
2024-10-26 17:00:00,22.5345,summer,18.77
2024-10-26 18:00:00,19.1577,summer,18.77
2024-10-26 19:00:00,16.8204,summer,18.77
2024-10-26 20:00:00,16.009800000000002,summer,14.54
2024-10-26 21:00:00,15.8775,summer,14.54
2024-10-26 22:00:00,14.73615,summer,14.54
2024-10-26 23:00:00,16.3731,summer,14.54
2024-10-27 00:00:00,15.510000000000002,summer,14.54
2024-10-27 01:00:00,15.324150000000005,summer,14.54
2024-10-27 02:00:00,15.135150000000005,summer,14.54
2024-10-27 03:00:00,15.02805,summer,14.54
2024-10-27 04:00:00,14.962950000000005,summer,14.54
2024-10-27 05:00:00,15.6297,summer,14.54
2024-10-27 06:00:00,16.05705,summer,14.54
2024-10-27 07:00:00,15.93525,summer,14.54
2024-10-27 08:00:00,15.545700000000004,summer,14.54
2024-10-27 09:00:00,13.6704,summer,14.54
2024-10-27 10:00:00,12.4356,summer,14.54
2024-10-27 11:00:00,11.1525,summer,7.87
2024-10-27 12:00:00,10.88895,summer,7.87
2024-10-27 13:00:00,10.89,summer,7.87
2024-10-27 14:00:00,13.44465,summer,14.54
2024-10-27 15:00:00,18.40065,summer,18.77
2024-10-27 16:00:00,19.67535,summer,18.77
2024-10-27 17:00:00,22.2615,summer,18.77
2024-10-27 18:00:00,21.98955,summer,18.77
2024-10-27 19:00:00,20.38935,summer,18.77
2024-10-27 20:00:00,19.09575,summer,18.77
2024-10-27 21:00:00,18.45105,summer,18.77
2024-10-27 22:00:00,18.6264,summer,18.77
2024-10-27 23:00:00,17.50395,summer,18.77
2024-10-28 00:00:00,16.727999999999998,summer,18.77
2024-10-28 01:00:00,16.598850000000002,summer,14.54
2024-10-28 02:00:00,16.0077,summer,14.54
2024-10-28 03:00:00,15.519450000000004,summer,14.54
2024-10-28 04:00:00,15.747300000000005,summer,14.54
2024-10-28 05:00:00,17.182650000000002,summer,18.77
2024-10-28 06:00:00,18.2316,summer,18.77
2024-10-28 07:00:00,20.34105,summer,18.77
2024-10-28 08:00:00,20.0649,summer,18.77
2024-10-28 09:00:00,18.8889,summer,18.77
2024-10-28 10:00:00,16.93905,summer,18.77
2024-10-28 11:00:00,17.01255,summer,18.77
2024-10-28 12:00:00,16.65765,summer,18.77
2024-10-28 13:00:00,17.32965,summer,18.77
2024-10-28 14:00:00,18.65265,summer,18.77
2024-10-28 15:00:00,19.4328,summer,18.77
2024-10-28 16:00:00,19.731,summer,18.77
2024-10-28 17:00:00,21.50655,summer,18.77
2024-10-28 18:00:00,22.314000000000004,summer,18.77
2024-10-28 19:00:00,22.0326,summer,18.77
2024-10-28 20:00:00,19.72995,summer,18.77
2024-10-28 21:00:00,18.826950000000004,summer,18.77
2024-10-28 22:00:00,18.2358,summer,18.77
2024-10-28 23:00:00,17.44305,summer,18.77
2024-10-29 00:00:00,17.3307,summer,18.77
2024-10-29 01:00:00,17.194200000000002,summer,18.77
2024-10-29 02:00:00,17.06715,summer,18.77
2024-10-29 03:00:00,16.99785,summer,18.77
2024-10-29 04:00:00,17.1921,summer,18.77
2024-10-29 05:00:00,18.5655,summer,18.77
2024-10-29 06:00:00,20.0649,summer,18.77
2024-10-29 07:00:00,23.25165,summer,18.77
2024-10-29 08:00:00,22.5786,summer,18.77
2024-10-29 09:00:00,20.30745,summer,18.77
2024-10-29 10:00:00,19.3635,summer,18.77
2024-10-29 11:00:00,18.55185,summer,18.77
2024-10-29 12:00:00,17.76225,summer,18.77
2024-10-29 13:00:00,19.05165,summer,18.77
2024-10-29 14:00:00,20.9637,summer,18.77
2024-10-29 15:00:00,24.7773,summer,18.77
2024-10-29 16:00:00,29.0256,summer,18.77
2024-10-29 17:00:00,36.699,summer,18.77
2024-10-29 18:00:00,33.7212,summer,18.77
2024-10-29 19:00:00,28.0911,summer,18.77
2024-10-29 20:00:00,21.453,summer,18.77
2024-10-29 21:00:00,19.71525,summer,18.77
2024-10-29 22:00:00,19.0884,summer,18.77
2024-10-29 23:00:00,17.514450000000004,summer,18.77
2024-10-30 00:00:00,17.26455,summer,18.77
2024-10-30 01:00:00,17.244600000000002,summer,18.77
2024-10-30 02:00:00,16.9968,summer,18.77
2024-10-30 03:00:00,16.98525,summer,18.77
2024-10-30 04:00:00,17.248800000000003,summer,18.77
2024-10-30 05:00:00,17.8536,summer,18.77
2024-10-30 06:00:00,19.661700000000003,summer,18.77
2024-10-30 07:00:00,21.3564,summer,18.77
2024-10-30 08:00:00,21.275550000000003,summer,18.77
2024-10-30 09:00:00,19.745700000000003,summer,18.77
2024-10-30 10:00:00,18.765,summer,18.77
2024-10-30 11:00:00,18.2064,summer,18.77
2024-10-30 12:00:00,17.455650000000002,summer,18.77
2024-10-30 13:00:00,17.91975,summer,18.77
2024-10-30 14:00:00,18.37755,summer,18.77
2024-10-30 15:00:00,19.9368,summer,18.77
2024-10-30 16:00:00,23.49,summer,18.77
2024-10-30 17:00:00,27.0474,summer,18.77
2024-10-30 18:00:00,26.94345,summer,18.77
2024-10-30 19:00:00,23.4312,summer,18.77
2024-10-30 20:00:00,20.7138,summer,18.77
2024-10-30 21:00:00,19.57035,summer,18.77
2024-10-30 22:00:00,18.800700000000003,summer,18.77
2024-10-30 23:00:00,18.48885,summer,18.77
2024-10-31 00:00:00,17.7318,summer,18.77
2024-10-31 01:00:00,17.03355,summer,18.77
2024-10-31 02:00:00,16.8309,summer,18.77
2024-10-31 03:00:00,16.64505,summer,14.54
2024-10-31 04:00:00,16.983150000000002,summer,18.77
2024-10-31 05:00:00,17.4357,summer,18.77
2024-10-31 06:00:00,19.41075,summer,18.77
2024-10-31 07:00:00,20.92065,summer,18.77
2024-10-31 08:00:00,20.70435,summer,18.77
2024-10-31 09:00:00,19.6344,summer,18.77
2024-10-31 10:00:00,17.7297,summer,18.77
2024-10-31 11:00:00,16.98525,summer,18.77
2024-10-31 12:00:00,16.02555,summer,14.54
2024-10-31 13:00:00,16.40775,summer,14.54
2024-10-31 14:00:00,17.1249,summer,18.77
2024-10-31 15:00:00,18.3975,summer,18.77
2024-10-31 16:00:00,19.62285,summer,18.77
2024-10-31 17:00:00,20.235000000000003,summer,18.77
2024-10-31 18:00:00,20.17305,summer,18.77
2024-10-31 19:00:00,19.0632,summer,18.77
2024-10-31 20:00:00,17.799,summer,18.77
2024-10-31 21:00:00,15.6507,summer,14.54
2024-10-31 22:00:00,15.136200000000002,summer,14.54
2024-10-31 23:00:00,13.468800000000002,summer,14.54
2024-11-01 00:00:00,13.340700000000002,winter,14.02
2024-11-01 01:00:00,13.29975,winter,14.02
2024-11-01 02:00:00,12.6855,winter,14.02
2024-11-01 03:00:00,12.4167,winter,14.02
2024-11-01 04:00:00,12.67395,winter,14.02
2024-11-01 05:00:00,13.32705,winter,14.02
2024-11-01 06:00:00,14.006400000000005,winter,14.02
2024-11-01 07:00:00,14.07675,winter,14.02
2024-11-01 08:00:00,13.428900000000002,winter,14.02
2024-11-01 09:00:00,13.116,winter,14.02
2024-11-01 10:00:00,12.46605,winter,14.02
2024-11-01 11:00:00,10.0542,winter,8.77
2024-11-01 12:00:00,9.78645,winter,8.77
2024-11-01 13:00:00,10.3545,winter,8.77
2024-11-01 14:00:00,13.39215,winter,14.02
2024-11-01 15:00:00,16.06965,winter,14.02
2024-11-01 16:00:00,18.8679,winter,19.05
2024-11-01 17:00:00,19.27635,winter,19.05
2024-11-01 18:00:00,19.07685,winter,19.05
2024-11-01 19:00:00,19.03695,winter,19.05
2024-11-01 20:00:00,18.576,winter,19.05
2024-11-01 21:00:00,17.677200000000003,winter,19.05
2024-11-01 22:00:00,17.02305,winter,19.05
2024-11-01 23:00:00,15.682200000000002,winter,14.02
2024-11-02 00:00:00,16.74375,winter,19.05
2024-11-02 01:00:00,16.27755,winter,14.02
2024-11-02 02:00:00,16.009800000000002,winter,14.02
2024-11-02 03:00:00,15.72,winter,14.02
2024-11-02 04:00:00,15.80925,winter,14.02
2024-11-02 05:00:00,16.36365,winter,14.02
2024-11-02 06:00:00,16.87185,winter,19.05
2024-11-02 07:00:00,17.20155,winter,19.05
2024-11-02 08:00:00,17.3118,winter,19.05
2024-11-02 09:00:00,18.2022,winter,19.05
2024-11-02 10:00:00,16.26495,winter,14.02
2024-11-02 11:00:00,16.6062,winter,19.05
2024-11-02 12:00:00,16.0014,winter,14.02
2024-11-02 13:00:00,16.298550000000002,winter,14.02
2024-11-02 14:00:00,17.549100000000003,winter,19.05
2024-11-02 15:00:00,19.5315,winter,19.05
2024-11-02 16:00:00,21.13905,winter,19.05
2024-11-02 17:00:00,23.338800000000003,winter,19.05
2024-11-02 18:00:00,22.4316,winter,19.05
2024-11-02 19:00:00,20.8608,winter,19.05
2024-11-02 20:00:00,19.58295,winter,19.05
2024-11-02 21:00:00,18.372300000000003,winter,19.05
2024-11-02 22:00:00,17.8494,winter,19.05
2024-11-02 23:00:00,17.25405,winter,19.05
2024-11-03 00:00:00,17.31495,winter,19.05
2024-11-03 01:00:00,16.83615,winter,19.05
2024-11-03 02:00:00,16.04025,winter,14.02
2024-11-03 03:00:00,15.62445,winter,14.02
2024-11-03 04:00:00,15.870150000000002,winter,14.02
2024-11-03 05:00:00,15.982500000000002,winter,14.02
2024-11-03 06:00:00,16.7238,winter,19.05
2024-11-03 07:00:00,16.99155,winter,19.05
2024-11-03 08:00:00,15.97935,winter,14.02
2024-11-03 09:00:00,15.50685,winter,14.02
2024-11-03 10:00:00,14.11455,winter,14.02
2024-11-03 11:00:00,13.0719,winter,14.02
2024-11-03 12:00:00,12.21615,winter,14.02
2024-11-03 13:00:00,13.1034,winter,14.02
2024-11-03 14:00:00,15.548850000000002,winter,14.02
2024-11-03 15:00:00,17.28975,winter,19.05
2024-11-03 16:00:00,18.7818,winter,19.05
2024-11-03 17:00:00,20.12055,winter,19.05
2024-11-03 18:00:00,19.92945,winter,19.05
2024-11-03 19:00:00,19.3656,winter,19.05
2024-11-03 20:00:00,18.324,winter,19.05
2024-11-03 21:00:00,17.4,winter,19.05
2024-11-03 22:00:00,17.26245,winter,19.05
2024-11-03 23:00:00,16.61565,winter,19.05
2024-11-04 00:00:00,16.354200000000002,winter,14.02
2024-11-04 01:00:00,16.1358,winter,14.02
2024-11-04 02:00:00,16.14735,winter,14.02
2024-11-04 03:00:00,16.125300000000003,winter,14.02
2024-11-04 04:00:00,16.224,winter,14.02
2024-11-04 05:00:00,17.0346,winter,19.05
2024-11-04 06:00:00,19.80345,winter,19.05
2024-11-04 07:00:00,21.90555,winter,19.05
2024-11-04 08:00:00,21.3039,winter,19.05
2024-11-04 09:00:00,19.35615,winter,19.05
2024-11-04 10:00:00,17.19,winter,19.05
2024-11-04 11:00:00,16.8876,winter,19.05
2024-11-04 12:00:00,16.6818,winter,19.05
2024-11-04 13:00:00,17.02935,winter,19.05
2024-11-04 14:00:00,17.522850000000002,winter,19.05
2024-11-04 15:00:00,20.382,winter,19.05
2024-11-04 16:00:00,25.74435,winter,19.05
2024-11-04 17:00:00,37.16205,winter,19.05
2024-11-04 18:00:00,31.9992,winter,19.05
2024-11-04 19:00:00,23.70945,winter,19.05
2024-11-04 20:00:00,19.605,winter,19.05
2024-11-04 21:00:00,18.47835,winter,19.05
2024-11-04 22:00:00,18.0279,winter,19.05
2024-11-04 23:00:00,16.938,winter,19.05
2024-11-05 00:00:00,17.37585,winter,19.05
2024-11-05 01:00:00,16.560000000000002,winter,19.05
2024-11-05 02:00:00,16.266000000000002,winter,14.02
2024-11-05 03:00:00,16.455000000000002,winter,14.02
2024-11-05 04:00:00,16.70595,winter,19.05
2024-11-05 05:00:00,17.7024,winter,19.05
2024-11-05 06:00:00,20.12475,winter,19.05
2024-11-05 07:00:00,22.3686,winter,19.05
2024-11-05 08:00:00,21.30075,winter,19.05
2024-11-05 09:00:00,19.10415,winter,19.05
2024-11-05 10:00:00,17.806350000000002,winter,19.05
2024-11-05 11:00:00,16.6944,winter,19.05
2024-11-05 12:00:00,16.6566,winter,19.05
2024-11-05 13:00:00,17.111250000000002,winter,19.05
2024-11-05 14:00:00,18.27675,winter,19.05
2024-11-05 15:00:00,23.06895,winter,19.05
2024-11-05 16:00:00,41.53215,winter,19.05
2024-11-05 17:00:00,59.74754999999999,winter,19.05
2024-11-05 18:00:00,55.9077,winter,19.05
2024-11-05 19:00:00,42.56849999999999,winter,19.05
2024-11-05 20:00:00,24.7647,winter,19.05
2024-11-05 21:00:00,20.42085,winter,19.05
2024-11-05 22:00:00,19.05585,winter,19.05
2024-11-05 23:00:00,18.24315,winter,19.05
2024-11-06 00:00:00,17.86095,winter,19.05
2024-11-06 01:00:00,17.09025,winter,19.05
2024-11-06 02:00:00,16.714350000000003,winter,19.05
2024-11-06 03:00:00,16.8792,winter,19.05
2024-11-06 04:00:00,17.243550000000003,winter,19.05
2024-11-06 05:00:00,18.266250000000003,winter,19.05
2024-11-06 06:00:00,23.847,winter,19.05
2024-11-06 07:00:00,38.18895,winter,19.05
2024-11-06 08:00:00,31.9467,winter,19.05
2024-11-06 09:00:00,21.9087,winter,19.05
2024-11-06 10:00:00,20.7033,winter,19.05
2024-11-06 11:00:00,19.626,winter,19.05
2024-11-06 12:00:00,19.626,winter,19.05
2024-11-06 13:00:00,19.87275,winter,19.05
2024-11-06 14:00:00,21.5748,winter,19.05
2024-11-06 15:00:00,35.04944999999999,winter,19.05
2024-11-06 16:00:00,61.73624999999999,winter,19.05
2024-11-06 17:00:00,92.80155,winter,19.05
2024-11-06 18:00:00,91.2234,winter,19.05
2024-11-06 19:00:00,53.93999999999999,winter,19.05
2024-11-06 20:00:00,28.46175,winter,19.05
2024-11-06 21:00:00,20.7054,winter,19.05
2024-11-06 22:00:00,19.22175,winter,19.05
2024-11-06 23:00:00,18.42165,winter,19.05
2024-11-07 00:00:00,18.1917,winter,19.05
2024-11-07 01:00:00,17.5029,winter,19.05
2024-11-07 02:00:00,17.1627,winter,19.05
2024-11-07 03:00:00,17.17425,winter,19.05
2024-11-07 04:00:00,17.47665,winter,19.05
2024-11-07 05:00:00,18.96345,winter,19.05
2024-11-07 06:00:00,23.21805,winter,19.05
2024-11-07 07:00:00,29.7438,winter,19.05
2024-11-07 08:00:00,26.84895,winter,19.05
2024-11-07 09:00:00,22.7466,winter,19.05
2024-11-07 10:00:00,22.3245,winter,19.05
2024-11-07 11:00:00,20.84505,winter,19.05
2024-11-07 12:00:00,20.8713,winter,19.05
2024-11-07 13:00:00,20.64555,winter,19.05
2024-11-07 14:00:00,21.3837,winter,19.05
2024-11-07 15:00:00,26.579100000000004,winter,19.05
2024-11-07 16:00:00,34.111799999999995,winter,19.05
2024-11-07 17:00:00,49.55729999999999,winter,19.05
2024-11-07 18:00:00,37.85189999999999,winter,19.05
2024-11-07 19:00:00,25.076550000000005,winter,19.05
2024-11-07 20:00:00,20.27805,winter,19.05
2024-11-07 21:00:00,18.6516,winter,19.05
2024-11-07 22:00:00,18.42585,winter,19.05
2024-11-07 23:00:00,17.17635,winter,19.05
2024-11-08 00:00:00,17.144849999999998,winter,19.05
2024-11-08 01:00:00,17.16165,winter,19.05
2024-11-08 02:00:00,16.976850000000002,winter,19.05
2024-11-08 03:00:00,16.94745,winter,19.05
2024-11-08 04:00:00,16.922250000000002,winter,19.05
2024-11-08 05:00:00,17.00205,winter,19.05
2024-11-08 06:00:00,17.94495,winter,19.05
2024-11-08 07:00:00,20.08275,winter,19.05
2024-11-08 08:00:00,20.64555,winter,19.05
2024-11-08 09:00:00,19.9746,winter,19.05
2024-11-08 10:00:00,19.0107,winter,19.05
2024-11-08 11:00:00,18.3387,winter,19.05
2024-11-08 12:00:00,17.776950000000003,winter,19.05
2024-11-08 13:00:00,17.905050000000003,winter,19.05
2024-11-08 14:00:00,18.47625,winter,19.05
2024-11-08 15:00:00,19.66695,winter,19.05
2024-11-08 16:00:00,20.2455,winter,19.05
2024-11-08 17:00:00,20.1888,winter,19.05
2024-11-08 18:00:00,20.6445,winter,19.05
2024-11-08 19:00:00,20.04495,winter,19.05
2024-11-08 20:00:00,18.8427,winter,19.05
2024-11-08 21:00:00,18.1854,winter,19.05
2024-11-08 22:00:00,18.555000000000003,winter,19.05
2024-11-08 23:00:00,17.616300000000003,winter,19.05
2024-11-09 00:00:00,17.7255,winter,19.05
2024-11-09 01:00:00,17.1858,winter,19.05
2024-11-09 02:00:00,16.98,winter,19.05
2024-11-09 03:00:00,16.8414,winter,19.05
2024-11-09 04:00:00,17.02305,winter,19.05
2024-11-09 05:00:00,17.26245,winter,19.05
2024-11-09 06:00:00,17.642550000000004,winter,19.05
2024-11-09 07:00:00,18.22635,winter,19.05
2024-11-09 08:00:00,18.6705,winter,19.05
2024-11-09 09:00:00,18.723,winter,19.05
2024-11-09 10:00:00,18.23685,winter,19.05
2024-11-09 11:00:00,17.862000000000002,winter,19.05
2024-11-09 12:00:00,17.912399999999998,winter,19.05
2024-11-09 13:00:00,18.03,winter,19.05
2024-11-09 14:00:00,18.2589,winter,19.05
2024-11-09 15:00:00,19.4433,winter,19.05
2024-11-09 16:00:00,21.09915,winter,19.05
2024-11-09 17:00:00,22.11765,winter,19.05
2024-11-09 18:00:00,22.209000000000003,winter,19.05
2024-11-09 19:00:00,21.3795,winter,19.05
2024-11-09 20:00:00,20.1636,winter,19.05
2024-11-09 21:00:00,19.0758,winter,19.05
2024-11-09 22:00:00,18.71565,winter,19.05
2024-11-09 23:00:00,18.2505,winter,19.05
2024-11-10 00:00:00,17.71395,winter,19.05
2024-11-10 01:00:00,17.4294,winter,19.05
2024-11-10 02:00:00,17.40105,winter,19.05
2024-11-10 03:00:00,17.2803,winter,19.05
2024-11-10 04:00:00,17.2824,winter,19.05
2024-11-10 05:00:00,17.3979,winter,19.05
2024-11-10 06:00:00,17.2236,winter,19.05
2024-11-10 07:00:00,17.44725,winter,19.05
2024-11-10 08:00:00,17.754900000000003,winter,19.05
2024-11-10 09:00:00,18.34395,winter,19.05
2024-11-10 10:00:00,18.5151,winter,19.05
2024-11-10 11:00:00,18.25365,winter,19.05
2024-11-10 12:00:00,18.3366,winter,19.05
2024-11-10 13:00:00,18.093,winter,19.05
2024-11-10 14:00:00,18.4878,winter,19.05
2024-11-10 15:00:00,19.9431,winter,19.05
2024-11-10 16:00:00,20.762100000000004,winter,19.05
2024-11-10 17:00:00,22.3056,winter,19.05
2024-11-10 18:00:00,22.02105,winter,19.05
2024-11-10 19:00:00,21.24405,winter,19.05
2024-11-10 20:00:00,19.84755,winter,19.05
2024-11-10 21:00:00,18.794400000000003,winter,19.05
2024-11-10 22:00:00,18.3555,winter,19.05
2024-11-10 23:00:00,18.0321,winter,19.05
2024-11-11 00:00:00,18.20325,winter,19.05
2024-11-11 01:00:00,17.5764,winter,19.05
2024-11-11 02:00:00,17.19,winter,19.05
2024-11-11 03:00:00,16.9653,winter,19.05
2024-11-11 04:00:00,16.927500000000002,winter,19.05
2024-11-11 05:00:00,17.59845,winter,19.05
2024-11-11 06:00:00,18.83745,winter,19.05
2024-11-11 07:00:00,20.16675,winter,19.05
2024-11-11 08:00:00,20.8713,winter,19.05
2024-11-11 09:00:00,20.6487,winter,19.05
2024-11-11 10:00:00,20.1825,winter,19.05
2024-11-11 11:00:00,19.73205,winter,19.05
2024-11-11 12:00:00,19.2732,winter,19.05
2024-11-11 13:00:00,20.2371,winter,19.05
2024-11-11 14:00:00,20.3862,winter,19.05
2024-11-11 15:00:00,21.290250000000004,winter,19.05
2024-11-11 16:00:00,21.4887,winter,19.05
2024-11-11 17:00:00,22.773900000000005,winter,19.05
2024-11-11 18:00:00,22.13445,winter,19.05
2024-11-11 19:00:00,20.7285,winter,19.05
2024-11-11 20:00:00,19.4937,winter,19.05
2024-11-11 21:00:00,18.5424,winter,19.05
2024-11-11 22:00:00,18.4038,winter,19.05
2024-11-11 23:00:00,17.757,winter,19.05
2024-11-12 00:00:00,18.272550000000003,winter,19.05
2024-11-12 01:00:00,17.677200000000003,winter,19.05
2024-11-12 02:00:00,17.472450000000002,winter,19.05
2024-11-12 03:00:00,17.60895,winter,19.05
2024-11-12 04:00:00,17.9775,winter,19.05
2024-11-12 05:00:00,19.08105,winter,19.05
2024-11-12 06:00:00,22.19535,winter,19.05
2024-11-12 07:00:00,26.169600000000003,winter,19.05
2024-11-12 08:00:00,27.8622,winter,19.05
2024-11-12 09:00:00,30.139650000000003,winter,19.05
2024-11-12 10:00:00,26.6652,winter,19.05
2024-11-12 11:00:00,24.6534,winter,19.05
2024-11-12 12:00:00,23.65695,winter,19.05
2024-11-12 13:00:00,23.11935,winter,19.05
2024-11-12 14:00:00,24.998850000000004,winter,19.05
2024-11-12 15:00:00,29.661900000000003,winter,19.05
2024-11-12 16:00:00,35.326649999999994,winter,19.05
2024-11-12 17:00:00,40.06844999999999,winter,19.05
2024-11-12 18:00:00,30.349650000000004,winter,19.05
2024-11-12 19:00:00,24.68175,winter,19.05
2024-11-12 20:00:00,22.347600000000003,winter,19.05
2024-11-12 21:00:00,20.539500000000004,winter,19.05
2024-11-12 22:00:00,19.83705,winter,19.05
2024-11-12 23:00:00,18.826950000000004,winter,19.05
2024-11-13 00:00:00,18.99075,winter,19.05
2024-11-13 01:00:00,18.41955,winter,19.05
2024-11-13 02:00:00,18.01425,winter,19.05
2024-11-13 03:00:00,17.972250000000003,winter,19.05
2024-11-13 04:00:00,18.30615,winter,19.05
2024-11-13 05:00:00,19.185,winter,19.05
2024-11-13 06:00:00,20.4555,winter,19.05
2024-11-13 07:00:00,23.991900000000005,winter,19.05
2024-11-13 08:00:00,30.36225,winter,19.05
2024-11-13 09:00:00,30.570150000000005,winter,19.05
2024-11-13 10:00:00,27.774000000000004,winter,19.05
2024-11-13 11:00:00,25.3485,winter,19.05
2024-11-13 12:00:00,23.593950000000003,winter,19.05
2024-11-13 13:00:00,23.70735,winter,19.05
2024-11-13 14:00:00,23.4795,winter,19.05
2024-11-13 15:00:00,24.078,winter,19.05
2024-11-13 16:00:00,25.4094,winter,19.05
2024-11-13 17:00:00,25.42515,winter,19.05
2024-11-13 18:00:00,24.949500000000004,winter,19.05
2024-11-13 19:00:00,23.67795,winter,19.05
2024-11-13 20:00:00,19.8381,winter,19.05
2024-11-13 21:00:00,18.750300000000003,winter,19.05
2024-11-13 22:00:00,18.60855,winter,19.05
2024-11-13 23:00:00,17.8851,winter,19.05
2024-11-14 00:00:00,17.3685,winter,19.05
2024-11-14 01:00:00,17.172150000000002,winter,19.05
2024-11-14 02:00:00,16.771050000000002,winter,19.05
2024-11-14 03:00:00,16.37625,winter,14.02
2024-11-14 04:00:00,16.288050000000002,winter,14.02
2024-11-14 05:00:00,16.3752,winter,14.02
2024-11-14 06:00:00,17.5512,winter,19.05
2024-11-14 07:00:00,18.82905,winter,19.05
2024-11-14 08:00:00,20.0397,winter,19.05
2024-11-14 09:00:00,19.7016,winter,19.05
2024-11-14 10:00:00,19.883250000000004,winter,19.05
2024-11-14 11:00:00,19.7982,winter,19.05
2024-11-14 12:00:00,19.466400000000004,winter,19.05
2024-11-14 13:00:00,20.067,winter,19.05
2024-11-14 14:00:00,20.76105,winter,19.05
2024-11-14 15:00:00,21.6189,winter,19.05
2024-11-14 16:00:00,22.16805,winter,19.05
2024-11-14 17:00:00,23.060550000000003,winter,19.05
2024-11-14 18:00:00,22.869450000000004,winter,19.05
2024-11-14 19:00:00,22.26045,winter,19.05
2024-11-14 20:00:00,21.2409,winter,19.05
2024-11-14 21:00:00,20.2812,winter,19.05
2024-11-14 22:00:00,19.59345,winter,19.05
2024-11-14 23:00:00,18.500400000000003,winter,19.05
2024-11-15 00:00:00,18.2862,winter,19.05
2024-11-15 01:00:00,17.89455,winter,19.05
2024-11-15 02:00:00,17.92605,winter,19.05
2024-11-15 03:00:00,17.5701,winter,19.05
2024-11-15 04:00:00,17.6541,winter,19.05
2024-11-15 05:00:00,18.093,winter,19.05
2024-11-15 06:00:00,20.2623,winter,19.05
2024-11-15 07:00:00,21.8268,winter,19.05
2024-11-15 08:00:00,23.25585,winter,19.05
2024-11-15 09:00:00,22.530300000000004,winter,19.05
2024-11-15 10:00:00,21.2682,winter,19.05
2024-11-15 11:00:00,20.8734,winter,19.05
2024-11-15 12:00:00,19.4727,winter,19.05
2024-11-15 13:00:00,19.479,winter,19.05
2024-11-15 14:00:00,20.53845,winter,19.05
2024-11-15 15:00:00,21.57375,winter,19.05
2024-11-15 16:00:00,20.75475,winter,19.05
2024-11-15 17:00:00,20.9973,winter,19.05
2024-11-15 18:00:00,20.84085,winter,19.05
2024-11-15 19:00:00,20.17095,winter,19.05
2024-11-15 20:00:00,18.84165,winter,19.05
2024-11-15 21:00:00,18.3177,winter,19.05
2024-11-15 22:00:00,18.04995,winter,19.05
2024-11-15 23:00:00,16.9905,winter,19.05
2024-11-16 00:00:00,17.3916,winter,19.05
2024-11-16 01:00:00,16.710150000000002,winter,19.05
2024-11-16 02:00:00,16.126350000000002,winter,14.02
2024-11-16 03:00:00,15.77985,winter,14.02
2024-11-16 04:00:00,16.015050000000002,winter,14.02
2024-11-16 05:00:00,15.819750000000004,winter,14.02
2024-11-16 06:00:00,14.4411,winter,14.02
2024-11-16 07:00:00,16.1505,winter,14.02
2024-11-16 08:00:00,17.68875,winter,19.05
2024-11-16 09:00:00,18.21585,winter,19.05
2024-11-16 10:00:00,17.988,winter,19.05
2024-11-16 11:00:00,17.088150000000002,winter,19.05
2024-11-16 12:00:00,16.8729,winter,19.05
2024-11-16 13:00:00,16.87185,winter,19.05
2024-11-16 14:00:00,16.5306,winter,14.02
2024-11-16 15:00:00,17.2131,winter,19.05
2024-11-16 16:00:00,18.13395,winter,19.05
2024-11-16 17:00:00,19.17765,winter,19.05
2024-11-16 18:00:00,18.75975,winter,19.05
2024-11-16 19:00:00,17.6289,winter,19.05
2024-11-16 20:00:00,15.370350000000002,winter,14.02
2024-11-16 21:00:00,14.3361,winter,14.02
2024-11-16 22:00:00,14.442150000000002,winter,14.02
2024-11-16 23:00:00,13.585350000000002,winter,14.02
2024-11-17 00:00:00,15.1005,winter,14.02
2024-11-17 01:00:00,13.9644,winter,14.02
2024-11-17 02:00:00,14.3004,winter,14.02
2024-11-17 03:00:00,12.8556,winter,14.02
2024-11-17 04:00:00,11.1,winter,8.77
2024-11-17 05:00:00,10.34505,winter,8.77
2024-11-17 06:00:00,11.1378,winter,8.77
2024-11-17 07:00:00,13.062450000000002,winter,14.02
2024-11-17 08:00:00,13.494,winter,14.02
2024-11-17 09:00:00,13.557000000000002,winter,14.02
2024-11-17 10:00:00,13.8615,winter,14.02
2024-11-17 11:00:00,13.49295,winter,14.02
2024-11-17 12:00:00,12.4545,winter,14.02
2024-11-17 13:00:00,11.6103,winter,14.02
2024-11-17 14:00:00,13.12125,winter,14.02
2024-11-17 15:00:00,13.494,winter,14.02
2024-11-17 16:00:00,14.0505,winter,14.02
2024-11-17 17:00:00,17.488200000000003,winter,19.05
2024-11-17 18:00:00,15.163500000000004,winter,14.02
2024-11-17 19:00:00,13.557000000000002,winter,14.02
2024-11-17 20:00:00,12.71805,winter,14.02
2024-11-17 21:00:00,13.49295,winter,14.02
2024-11-17 22:00:00,13.9098,winter,14.02
2024-11-17 23:00:00,13.202100000000002,winter,14.02
2024-11-18 00:00:00,13.5591,winter,14.02
2024-11-18 01:00:00,13.45095,winter,14.02
2024-11-18 02:00:00,12.9753,winter,14.02
2024-11-18 03:00:00,11.14095,winter,8.77
2024-11-18 04:00:00,12.79785,winter,14.02
2024-11-18 05:00:00,14.48415,winter,14.02
2024-11-18 06:00:00,16.72275,winter,19.05
2024-11-18 07:00:00,19.4643,winter,19.05
2024-11-18 08:00:00,19.49055,winter,19.05
2024-11-18 09:00:00,19.2438,winter,19.05
2024-11-18 10:00:00,18.39855,winter,19.05
2024-11-18 11:00:00,16.4529,winter,14.02
2024-11-18 12:00:00,15.0375,winter,14.02
2024-11-18 13:00:00,16.57365,winter,19.05
2024-11-18 14:00:00,18.1896,winter,19.05
2024-11-18 15:00:00,19.2879,winter,19.05
2024-11-18 16:00:00,20.6004,winter,19.05
2024-11-18 17:00:00,23.4795,winter,19.05
2024-11-18 18:00:00,23.6811,winter,19.05
2024-11-18 19:00:00,22.7508,winter,19.05
2024-11-18 20:00:00,20.2287,winter,19.05
2024-11-18 21:00:00,19.0401,winter,19.05
2024-11-18 22:00:00,18.97395,winter,19.05
2024-11-18 23:00:00,18.1035,winter,19.05
2024-11-19 00:00:00,17.9313,winter,19.05
2024-11-19 01:00:00,17.337,winter,19.05
2024-11-19 02:00:00,16.7259,winter,19.05
2024-11-19 03:00:00,16.32165,winter,14.02
2024-11-19 04:00:00,16.6944,winter,19.05
2024-11-19 05:00:00,17.05665,winter,19.05
2024-11-19 06:00:00,18.89835,winter,19.05
2024-11-19 07:00:00,20.506950000000003,winter,19.05
2024-11-19 08:00:00,22.971300000000003,winter,19.05
2024-11-19 09:00:00,23.23485,winter,19.05
2024-11-19 10:00:00,23.0973,winter,19.05
2024-11-19 11:00:00,22.73505,winter,19.05
2024-11-19 12:00:00,22.24995,winter,19.05
2024-11-19 13:00:00,21.8247,winter,19.05
2024-11-19 14:00:00,21.40575,winter,19.05
2024-11-19 15:00:00,20.2119,winter,19.05
2024-11-19 16:00:00,20.64345,winter,19.05
2024-11-19 17:00:00,21.40995,winter,19.05
2024-11-19 18:00:00,20.82825,winter,19.05
2024-11-19 19:00:00,19.91265,winter,19.05
2024-11-19 20:00:00,18.9855,winter,19.05
2024-11-19 21:00:00,18.17385,winter,19.05
2024-11-19 22:00:00,17.74125,winter,19.05
2024-11-19 23:00:00,16.1232,winter,14.02
2024-11-20 00:00:00,17.2047,winter,19.05
2024-11-20 01:00:00,16.35,winter,14.02
2024-11-20 02:00:00,15.783,winter,14.02
2024-11-20 03:00:00,15.2496,winter,14.02
2024-11-20 04:00:00,15.2958,winter,14.02
2024-11-20 05:00:00,16.48545,winter,14.02
2024-11-20 06:00:00,17.98275,winter,19.05
2024-11-20 07:00:00,20.930100000000003,winter,19.05
2024-11-20 08:00:00,21.691350000000003,winter,19.05
2024-11-20 09:00:00,21.39945,winter,19.05
2024-11-20 10:00:00,19.32675,winter,19.05
2024-11-20 11:00:00,18.00585,winter,19.05
2024-11-20 12:00:00,16.9023,winter,19.05
2024-11-20 13:00:00,16.9128,winter,19.05
2024-11-20 14:00:00,17.8872,winter,19.05
2024-11-20 15:00:00,20.4282,winter,19.05
2024-11-20 16:00:00,20.874450000000003,winter,19.05
2024-11-20 17:00:00,21.6,winter,19.05
2024-11-20 18:00:00,21.6609,winter,19.05
2024-11-20 19:00:00,21.4173,winter,19.05
2024-11-20 20:00:00,20.9679,winter,19.05
2024-11-20 21:00:00,19.61025,winter,19.05
2024-11-20 22:00:00,18.9141,winter,19.05
2024-11-20 23:00:00,17.5575,winter,19.05
2024-11-21 00:00:00,16.5558,winter,19.05
2024-11-21 01:00:00,16.182000000000002,winter,14.02
2024-11-21 02:00:00,15.804000000000002,winter,14.02
2024-11-21 03:00:00,15.525750000000002,winter,14.02
2024-11-21 04:00:00,15.53415,winter,14.02
2024-11-21 05:00:00,16.4004,winter,14.02
2024-11-21 06:00:00,17.94285,winter,19.05
2024-11-21 07:00:00,19.4412,winter,19.05
2024-11-21 08:00:00,20.65395,winter,19.05
2024-11-21 09:00:00,20.8629,winter,19.05
2024-11-21 10:00:00,20.05965,winter,19.05
2024-11-21 11:00:00,18.81435,winter,19.05
2024-11-21 12:00:00,18.61485,winter,19.05
2024-11-21 13:00:00,19.37715,winter,19.05
2024-11-21 14:00:00,21.5601,winter,19.05
2024-11-21 15:00:00,22.949250000000003,winter,19.05
2024-11-21 16:00:00,25.061850000000003,winter,19.05
2024-11-21 17:00:00,25.8273,winter,19.05
2024-11-21 18:00:00,23.6307,winter,19.05
2024-11-21 19:00:00,22.865250000000003,winter,19.05
2024-11-21 20:00:00,20.479650000000003,winter,19.05
2024-11-21 21:00:00,19.61025,winter,19.05
2024-11-21 22:00:00,19.594500000000004,winter,19.05
2024-11-21 23:00:00,17.9733,winter,19.05
2024-11-22 00:00:00,18.8826,winter,19.05
2024-11-22 01:00:00,17.84205,winter,19.05
2024-11-22 02:00:00,16.96425,winter,19.05
2024-11-22 03:00:00,16.28385,winter,14.02
2024-11-22 04:00:00,15.998250000000002,winter,14.02
2024-11-22 05:00:00,16.3668,winter,14.02
2024-11-22 06:00:00,18.9813,winter,19.05
2024-11-22 07:00:00,20.896500000000003,winter,19.05
2024-11-22 08:00:00,21.818400000000004,winter,19.05
2024-11-22 09:00:00,21.5559,winter,19.05
2024-11-22 10:00:00,20.94375,winter,19.05
2024-11-22 11:00:00,18.9582,winter,19.05
2024-11-22 12:00:00,17.7297,winter,19.05
2024-11-22 13:00:00,16.68915,winter,19.05
2024-11-22 14:00:00,16.7889,winter,19.05
2024-11-22 15:00:00,17.8452,winter,19.05
2024-11-22 16:00:00,18.36705,winter,19.05
2024-11-22 17:00:00,20.1762,winter,19.05
2024-11-22 18:00:00,20.7894,winter,19.05
2024-11-22 19:00:00,20.214,winter,19.05
2024-11-22 20:00:00,17.84205,winter,19.05
2024-11-22 21:00:00,17.85675,winter,19.05
2024-11-22 22:00:00,16.48125,winter,14.02
2024-11-22 23:00:00,14.775000000000002,winter,14.02
2024-11-23 00:00:00,15.09,winter,14.02
2024-11-23 01:00:00,14.76135,winter,14.02
2024-11-23 02:00:00,14.8674,winter,14.02
2024-11-23 03:00:00,14.9892,winter,14.02
2024-11-23 04:00:00,15.02175,winter,14.02
2024-11-23 05:00:00,15.356700000000004,winter,14.02
2024-11-23 06:00:00,15.30525,winter,14.02
2024-11-23 07:00:00,16.06335,winter,14.02
2024-11-23 08:00:00,16.925400000000003,winter,19.05
2024-11-23 09:00:00,15.680100000000005,winter,14.02
2024-11-23 10:00:00,14.936700000000002,winter,14.02
2024-11-23 11:00:00,14.4075,winter,14.02
2024-11-23 12:00:00,14.166,winter,14.02
2024-11-23 13:00:00,14.65425,winter,14.02
2024-11-23 14:00:00,15.686400000000004,winter,14.02
2024-11-23 15:00:00,17.66775,winter,19.05
2024-11-23 16:00:00,15.85755,winter,14.02
2024-11-23 17:00:00,16.7238,winter,19.05
2024-11-23 18:00:00,15.7284,winter,14.02
2024-11-23 19:00:00,14.145,winter,14.02
2024-11-23 20:00:00,12.94275,winter,14.02
2024-11-23 21:00:00,11.73315,winter,14.02
2024-11-23 22:00:00,10.7955,winter,8.77
2024-11-23 23:00:00,8.6283,winter,8.77
2024-11-24 00:00:00,6.796050000000001,winter,8.77
2024-11-24 01:00:00,6.690000000000001,winter,8.77
2024-11-24 02:00:00,6.690000000000001,winter,8.77
2024-11-24 03:00:00,6.689050000000002,winter,8.77
2024-11-24 04:00:00,6.688100000000001,winter,8.77
2024-11-24 05:00:00,6.687150000000002,winter,8.77
2024-11-24 06:00:00,6.685250000000002,winter,8.77
2024-11-24 07:00:00,6.687150000000002,winter,8.77
2024-11-24 08:00:00,6.833850000000001,winter,8.77
2024-11-24 09:00:00,7.083750000000001,winter,8.77
2024-11-24 10:00:00,6.907350000000001,winter,8.77
2024-11-24 11:00:00,6.955650000000001,winter,8.77
2024-11-24 12:00:00,6.796050000000001,winter,8.77
2024-11-24 13:00:00,6.796050000000001,winter,8.77
2024-11-24 14:00:00,7.016550000000001,winter,8.77
2024-11-24 15:00:00,7.384050000000001,winter,8.77
2024-11-24 16:00:00,8.15895,winter,8.77
2024-11-24 17:00:00,8.3196,winter,8.77
2024-11-24 18:00:00,8.3889,winter,8.77
2024-11-24 19:00:00,7.9521000000000015,winter,8.77
2024-11-24 20:00:00,7.467000000000001,winter,8.77
2024-11-24 21:00:00,7.162500000000001,winter,8.77
2024-11-24 22:00:00,7.033350000000001,winter,8.77
2024-11-24 23:00:00,6.6910500000000015,winter,8.77
2024-11-25 00:00:00,6.571250000000001,winter,8.77
2024-11-25 01:00:00,6.538950000000002,winter,8.77
2024-11-25 02:00:00,6.555100000000001,winter,8.77
2024-11-25 03:00:00,6.513300000000001,winter,8.77
2024-11-25 04:00:00,6.555100000000001,winter,8.77
2024-11-25 05:00:00,6.663400000000001,winter,8.77
2024-11-25 06:00:00,6.6994500000000015,winter,8.77
2024-11-25 07:00:00,12.399900000000002,winter,14.02
2024-11-25 08:00:00,14.77605,winter,14.02
2024-11-25 09:00:00,13.67985,winter,14.02
2024-11-25 10:00:00,11.15775,winter,8.77
2024-11-25 11:00:00,11.03385,winter,8.77
2024-11-25 12:00:00,10.89,winter,8.77
2024-11-25 13:00:00,12.6918,winter,14.02
2024-11-25 14:00:00,13.82685,winter,14.02
2024-11-25 15:00:00,16.66395,winter,19.05
2024-11-25 16:00:00,16.4109,winter,14.02
2024-11-25 17:00:00,18.878400000000003,winter,19.05
2024-11-25 18:00:00,20.130000000000003,winter,19.05
2024-11-25 19:00:00,19.08,winter,19.05
2024-11-25 20:00:00,16.636650000000003,winter,19.05
2024-11-25 21:00:00,15.2223,winter,14.02
2024-11-25 22:00:00,15.747300000000005,winter,14.02
2024-11-25 23:00:00,13.952850000000002,winter,14.02
2024-11-26 00:00:00,16.09065,winter,14.02
2024-11-26 01:00:00,14.87895,winter,14.02
2024-11-26 02:00:00,14.8443,winter,14.02
2024-11-26 03:00:00,14.09775,winter,14.02
2024-11-26 04:00:00,14.3256,winter,14.02
2024-11-26 05:00:00,15.3273,winter,14.02
2024-11-26 06:00:00,17.34225,winter,19.05
2024-11-26 07:00:00,20.4345,winter,19.05
2024-11-26 08:00:00,21.163200000000003,winter,19.05
2024-11-26 09:00:00,20.03445,winter,19.05
2024-11-26 10:00:00,18.45945,winter,19.05
2024-11-26 11:00:00,17.19,winter,19.05
2024-11-26 12:00:00,16.2345,winter,14.02
2024-11-26 13:00:00,17.40735,winter,19.05
2024-11-26 14:00:00,18.8805,winter,19.05
2024-11-26 15:00:00,19.70475,winter,19.05
2024-11-26 16:00:00,21.7155,winter,19.05
2024-11-26 17:00:00,23.019600000000004,winter,19.05
2024-11-26 18:00:00,23.585550000000005,winter,19.05
2024-11-26 19:00:00,22.7844,winter,19.05
2024-11-26 20:00:00,19.9599,winter,19.05
2024-11-26 21:00:00,19.10415,winter,19.05
2024-11-26 22:00:00,19.51365,winter,19.05
2024-11-26 23:00:00,18.5907,winter,19.05
2024-11-27 00:00:00,17.6877,winter,19.05
2024-11-27 01:00:00,17.8494,winter,19.05
2024-11-27 02:00:00,18.24,winter,19.05
2024-11-27 03:00:00,18.3933,winter,19.05
2024-11-27 04:00:00,18.7293,winter,19.05
2024-11-27 05:00:00,19.7016,winter,19.05
2024-11-27 06:00:00,21.442500000000003,winter,19.05
2024-11-27 07:00:00,23.49,winter,19.05
2024-11-27 08:00:00,26.09820000000001,winter,19.05
2024-11-27 09:00:00,23.95725,winter,19.05
2024-11-27 10:00:00,22.7655,winter,19.05
2024-11-27 11:00:00,22.44,winter,19.05
2024-11-27 12:00:00,21.9843,winter,19.05
2024-11-27 13:00:00,21.441450000000003,winter,19.05
2024-11-27 14:00:00,20.34945,winter,19.05
2024-11-27 15:00:00,20.5185,winter,19.05
2024-11-27 16:00:00,19.0338,winter,19.05
2024-11-27 17:00:00,18.2652,winter,19.05
2024-11-27 18:00:00,18.48045,winter,19.05
2024-11-27 19:00:00,17.383200000000002,winter,19.05
2024-11-27 20:00:00,14.8947,winter,14.02
2024-11-27 21:00:00,14.2353,winter,14.02
2024-11-27 22:00:00,13.730250000000002,winter,14.02
2024-11-27 23:00:00,11.8119,winter,14.02
2024-11-28 00:00:00,11.85705,winter,14.02
2024-11-28 01:00:00,11.01705,winter,8.77
2024-11-28 02:00:00,10.14975,winter,8.77
2024-11-28 03:00:00,10.0584,winter,8.77
2024-11-28 04:00:00,10.01745,winter,8.77
2024-11-28 05:00:00,12.18045,winter,14.02
2024-11-28 06:00:00,13.512900000000002,winter,14.02
2024-11-28 07:00:00,15.943649999999998,winter,14.02
2024-11-28 08:00:00,17.96805,winter,19.05
2024-11-28 09:00:00,17.96805,winter,19.05
2024-11-28 10:00:00,16.3605,winter,14.02
2024-11-28 11:00:00,17.053500000000003,winter,19.05
2024-11-28 12:00:00,16.7868,winter,19.05
2024-11-28 13:00:00,16.8414,winter,19.05
2024-11-28 14:00:00,16.9653,winter,19.05
2024-11-28 15:00:00,18.40695,winter,19.05
2024-11-28 16:00:00,20.6151,winter,19.05
2024-11-28 17:00:00,22.369650000000004,winter,19.05
2024-11-28 18:00:00,23.30415,winter,19.05
2024-11-28 19:00:00,22.85055,winter,19.05
2024-11-28 20:00:00,21.80685,winter,19.05
2024-11-28 21:00:00,20.60145,winter,19.05
2024-11-28 22:00:00,19.5168,winter,19.05
2024-11-28 23:00:00,18.513,winter,19.05
2024-11-29 00:00:00,18.2715,winter,19.05
2024-11-29 01:00:00,17.92605,winter,19.05
2024-11-29 02:00:00,17.55435,winter,19.05
2024-11-29 03:00:00,17.484,winter,19.05
2024-11-29 04:00:00,17.7465,winter,19.05
2024-11-29 05:00:00,18.794400000000003,winter,19.05
2024-11-29 06:00:00,21.9255,winter,19.05
2024-11-29 07:00:00,24.4644,winter,19.05
2024-11-29 08:00:00,25.73175,winter,19.05
2024-11-29 09:00:00,23.75145000000001,winter,19.05
2024-11-29 10:00:00,21.70605,winter,19.05
2024-11-29 11:00:00,21.012,winter,19.05
2024-11-29 12:00:00,19.98195,winter,19.05
2024-11-29 13:00:00,19.2375,winter,19.05
2024-11-29 14:00:00,20.295900000000003,winter,19.05
2024-11-29 15:00:00,21.4971,winter,19.05
2024-11-29 16:00:00,22.65105,winter,19.05
2024-11-29 17:00:00,22.4862,winter,19.05
2024-11-29 18:00:00,21.60315,winter,19.05
2024-11-29 19:00:00,20.42505,winter,19.05
2024-11-29 20:00:00,19.2795,winter,19.05
2024-11-29 21:00:00,18.7755,winter,19.05
2024-11-29 22:00:00,18.63165,winter,19.05
2024-11-29 23:00:00,17.55225,winter,19.05
2024-11-30 00:00:00,17.06715,winter,19.05
2024-11-30 01:00:00,16.35,winter,14.02
2024-11-30 02:00:00,16.10745,winter,14.02
2024-11-30 03:00:00,15.814500000000002,winter,14.02
2024-11-30 04:00:00,15.948900000000002,winter,14.02
2024-11-30 05:00:00,16.158900000000003,winter,14.02
2024-11-30 06:00:00,16.0245,winter,14.02
2024-11-30 07:00:00,17.511300000000002,winter,19.05
2024-11-30 08:00:00,17.965950000000003,winter,19.05
2024-11-30 09:00:00,16.26285,winter,14.02
2024-11-30 10:00:00,15.636,winter,14.02
2024-11-30 11:00:00,15.7326,winter,14.02
2024-11-30 12:00:00,15.898500000000002,winter,14.02
2024-11-30 13:00:00,16.143150000000002,winter,14.02
2024-11-30 14:00:00,16.49175,winter,14.02
2024-11-30 15:00:00,19.745700000000003,winter,19.05
2024-11-30 16:00:00,20.64345,winter,19.05
2024-11-30 17:00:00,21.0687,winter,19.05
2024-11-30 18:00:00,20.9595,winter,19.05
2024-11-30 19:00:00,20.545800000000003,winter,19.05
2024-11-30 20:00:00,19.76355,winter,19.05
2024-11-30 21:00:00,18.7734,winter,19.05
2024-11-30 22:00:00,18.7419,winter,19.05
2024-11-30 23:00:00,17.89035,winter,19.05
2024-12-01 00:00:00,17.1543,winter,19.05
2024-12-01 01:00:00,16.141050000000003,winter,14.02
2024-12-01 02:00:00,15.9447,winter,14.02
2024-12-01 03:00:00,15.6885,winter,14.02
2024-12-01 04:00:00,15.594,winter,14.02
2024-12-01 05:00:00,15.647550000000004,winter,14.02
2024-12-01 06:00:00,15.55515,winter,14.02
2024-12-01 07:00:00,16.13685,winter,14.02
2024-12-01 08:00:00,17.1522,winter,19.05
2024-12-01 09:00:00,16.623,winter,19.05
2024-12-01 10:00:00,16.0665,winter,14.02
2024-12-01 11:00:00,15.3399,winter,14.02
2024-12-01 12:00:00,15.64125,winter,14.02
2024-12-01 13:00:00,15.4134,winter,14.02
2024-12-01 14:00:00,16.204050000000002,winter,14.02
2024-12-01 15:00:00,18.0951,winter,19.05
2024-12-01 16:00:00,19.450650000000003,winter,19.05
2024-12-01 17:00:00,19.05585,winter,19.05
2024-12-01 18:00:00,19.44855,winter,19.05
2024-12-01 19:00:00,18.26415,winter,19.05
2024-12-01 20:00:00,16.28175,winter,14.02
2024-12-01 21:00:00,15.547800000000002,winter,14.02
2024-12-01 22:00:00,16.8729,winter,19.05
2024-12-01 23:00:00,15.615000000000002,winter,14.02
2024-12-02 00:00:00,14.54085,winter,14.02
2024-12-02 01:00:00,13.596900000000002,winter,14.02
2024-12-02 02:00:00,13.112850000000002,winter,14.02
2024-12-02 03:00:00,11.566200000000002,winter,14.02
2024-12-02 04:00:00,11.96205,winter,14.02
2024-12-02 05:00:00,13.990650000000002,winter,14.02
2024-12-02 06:00:00,16.3584,winter,14.02
2024-12-02 07:00:00,19.84125,winter,19.05
2024-12-02 08:00:00,19.836,winter,19.05
2024-12-02 09:00:00,19.67115,winter,19.05
2024-12-02 10:00:00,19.42335,winter,19.05
2024-12-02 11:00:00,18.849,winter,19.05
2024-12-02 12:00:00,18.77445,winter,19.05
2024-12-02 13:00:00,20.088,winter,19.05
2024-12-02 14:00:00,21.047700000000003,winter,19.05
2024-12-02 15:00:00,21.8142,winter,19.05
2024-12-02 16:00:00,21.88875,winter,19.05
2024-12-02 17:00:00,22.1964,winter,19.05
2024-12-02 18:00:00,22.219500000000004,winter,19.05
2024-12-02 19:00:00,21.180000000000003,winter,19.05
2024-12-02 20:00:00,19.29105,winter,19.05
2024-12-02 21:00:00,18.5214,winter,19.05
2024-12-02 22:00:00,18.4206,winter,19.05
2024-12-02 23:00:00,17.422050000000002,winter,19.05
2024-12-03 00:00:00,18.316650000000003,winter,19.05
2024-12-03 01:00:00,17.51025,winter,19.05
2024-12-03 02:00:00,16.799400000000002,winter,19.05
2024-12-03 03:00:00,16.4781,winter,14.02
2024-12-03 04:00:00,17.2404,winter,19.05
2024-12-03 05:00:00,18.03945,winter,19.05
2024-12-03 06:00:00,19.4748,winter,19.05
2024-12-03 07:00:00,21.64095,winter,19.05
2024-12-03 08:00:00,22.9251,winter,19.05
2024-12-03 09:00:00,22.44945,winter,19.05
2024-12-03 10:00:00,21.53385,winter,19.05
2024-12-03 11:00:00,21.30915,winter,19.05
2024-12-03 12:00:00,20.930100000000003,winter,19.05
2024-12-03 13:00:00,21.64305,winter,19.05
2024-12-03 14:00:00,22.442100000000003,winter,19.05
2024-12-03 15:00:00,24.4287,winter,19.05
2024-12-03 16:00:00,28.2339,winter,19.05
2024-12-03 17:00:00,28.74,winter,19.05
2024-12-03 18:00:00,27.4674,winter,19.05
2024-12-03 19:00:00,26.62215,winter,19.05
2024-12-03 20:00:00,24.5442,winter,19.05
2024-12-03 21:00:00,22.819050000000004,winter,19.05
2024-12-03 22:00:00,21.608400000000003,winter,19.05
2024-12-03 23:00:00,20.42505,winter,19.05
2024-12-04 00:00:00,19.39395,winter,19.05
2024-12-04 01:00:00,18.939300000000003,winter,19.05
2024-12-04 02:00:00,18.53295,winter,19.05
2024-12-04 03:00:00,18.25995,winter,19.05
2024-12-04 04:00:00,18.477300000000003,winter,19.05
2024-12-04 05:00:00,19.38555,winter,19.05
2024-12-04 06:00:00,21.936,winter,19.05
2024-12-04 07:00:00,28.7148,winter,19.05
2024-12-04 08:00:00,35.7393,winter,19.05
2024-12-04 09:00:00,33.019800000000004,winter,19.05
2024-12-04 10:00:00,28.972050000000003,winter,19.05
2024-12-04 11:00:00,27.57975,winter,19.05
2024-12-04 12:00:00,26.87625,winter,19.05
2024-12-04 13:00:00,27.671100000000003,winter,19.05
2024-12-04 14:00:00,29.626200000000004,winter,19.05
2024-12-04 15:00:00,32.19135,winter,19.05
2024-12-04 16:00:00,34.76175,winter,19.05
2024-12-04 17:00:00,36.9048,winter,19.05
2024-12-04 18:00:00,30.8631,winter,19.05
2024-12-04 19:00:00,27.436950000000003,winter,19.05
2024-12-04 20:00:00,24.086400000000005,winter,19.05
2024-12-04 21:00:00,22.2657,winter,19.05
2024-12-04 22:00:00,20.16465,winter,19.05
2024-12-04 23:00:00,18.58335,winter,19.05
2024-12-05 00:00:00,18.74085,winter,19.05
2024-12-05 01:00:00,17.7927,winter,19.05
2024-12-05 02:00:00,17.533350000000002,winter,19.05
2024-12-05 03:00:00,17.6625,winter,19.05
2024-12-05 04:00:00,17.533350000000002,winter,19.05
2024-12-05 05:00:00,17.622600000000002,winter,19.05
2024-12-05 06:00:00,20.9574,winter,19.05
2024-12-05 07:00:00,21.7617,winter,19.05
2024-12-05 08:00:00,21.52545,winter,19.05
2024-12-05 09:00:00,20.5269,winter,19.05
2024-12-05 10:00:00,19.806600000000003,winter,19.05
2024-12-05 11:00:00,17.95755,winter,19.05
2024-12-05 12:00:00,17.47035,winter,19.05
2024-12-05 13:00:00,17.497650000000004,winter,19.05
2024-12-05 14:00:00,17.49345,winter,19.05
2024-12-05 15:00:00,17.28135,winter,19.05
2024-12-05 16:00:00,17.3475,winter,19.05
2024-12-05 17:00:00,19.11255,winter,19.05
2024-12-05 18:00:00,18.4668,winter,19.05
2024-12-05 19:00:00,17.7528,winter,19.05
2024-12-05 20:00:00,15.83865,winter,14.02
2024-12-05 21:00:00,14.8065,winter,14.02
2024-12-05 22:00:00,14.47785,winter,14.02
2024-12-05 23:00:00,11.2197,winter,8.77
2024-12-06 00:00:00,7.807200000000002,winter,8.77
2024-12-06 01:00:00,7.173000000000001,winter,8.77
2024-12-06 02:00:00,7.096350000000001,winter,8.77
2024-12-06 03:00:00,6.932550000000001,winter,8.77
2024-12-06 04:00:00,7.0039500000000015,winter,8.77
2024-12-06 05:00:00,7.776750000000001,winter,8.77
2024-12-06 06:00:00,13.35645,winter,14.02
2024-12-06 07:00:00,16.42455,winter,14.02
2024-12-06 08:00:00,18.25785,winter,19.05
2024-12-06 09:00:00,18.2568,winter,19.05
2024-12-06 10:00:00,17.6184,winter,19.05
2024-12-06 11:00:00,17.01885,winter,19.05
2024-12-06 12:00:00,16.3395,winter,14.02
2024-12-06 13:00:00,17.2635,winter,19.05
2024-12-06 14:00:00,18.135,winter,19.05
2024-12-06 15:00:00,18.9666,winter,19.05
2024-12-06 16:00:00,20.50275,winter,19.05
2024-12-06 17:00:00,21.703950000000003,winter,19.05
2024-12-06 18:00:00,22.55235,winter,19.05
2024-12-06 19:00:00,21.6504,winter,19.05
2024-12-06 20:00:00,20.34,winter,19.05
2024-12-06 21:00:00,19.229100000000003,winter,19.05
2024-12-06 22:00:00,19.4034,winter,19.05
2024-12-06 23:00:00,17.4147,winter,19.05
2024-12-07 00:00:00,15.78825,winter,14.02
2024-12-07 01:00:00,14.4936,winter,14.02
2024-12-07 02:00:00,13.83,winter,14.02
2024-12-07 03:00:00,13.39635,winter,14.02
2024-12-07 04:00:00,12.78945,winter,14.02
2024-12-07 05:00:00,11.9568,winter,14.02
2024-12-07 06:00:00,10.8333,winter,8.77
2024-12-07 07:00:00,11.2344,winter,8.77
2024-12-07 08:00:00,12.7863,winter,14.02
2024-12-07 09:00:00,13.2903,winter,14.02
2024-12-07 10:00:00,13.5066,winter,14.02
2024-12-07 11:00:00,13.5066,winter,14.02
2024-12-07 12:00:00,13.83,winter,14.02
2024-12-07 13:00:00,14.3382,winter,14.02
2024-12-07 14:00:00,14.4852,winter,14.02
2024-12-07 15:00:00,15.3525,winter,14.02
2024-12-07 16:00:00,16.81725,winter,19.05
2024-12-07 17:00:00,16.77,winter,19.05
2024-12-07 18:00:00,15.921600000000002,winter,14.02
2024-12-07 19:00:00,15.343050000000002,winter,14.02
2024-12-07 20:00:00,14.9766,winter,14.02
2024-12-07 21:00:00,15.61815,winter,14.02
2024-12-07 22:00:00,15.3525,winter,14.02
2024-12-07 23:00:00,14.544,winter,14.02
2024-12-08 00:00:00,16.55055,winter,19.05
2024-12-08 01:00:00,15.80715,winter,14.02
2024-12-08 02:00:00,15.79665,winter,14.02
2024-12-08 03:00:00,15.50475,winter,14.02
2024-12-08 04:00:00,15.5562,winter,14.02
2024-12-08 05:00:00,16.25865,winter,14.02
2024-12-08 06:00:00,16.271250000000002,winter,14.02
2024-12-08 07:00:00,16.275450000000003,winter,14.02
2024-12-08 08:00:00,17.278200000000002,winter,19.05
2024-12-08 09:00:00,18.177000000000003,winter,19.05
2024-12-08 10:00:00,18.3282,winter,19.05
2024-12-08 11:00:00,19.01595,winter,19.05
2024-12-08 12:00:00,19.117800000000003,winter,19.05
2024-12-08 13:00:00,18.9477,winter,19.05
2024-12-08 14:00:00,18.44055,winter,19.05
2024-12-08 15:00:00,19.434900000000003,winter,19.05
2024-12-08 16:00:00,17.8137,winter,19.05
2024-12-08 17:00:00,18.61905,winter,19.05
2024-12-08 18:00:00,17.037750000000003,winter,19.05
2024-12-08 19:00:00,16.94745,winter,19.05
2024-12-08 20:00:00,16.275450000000003,winter,14.02
2024-12-08 21:00:00,16.198800000000002,winter,14.02
2024-12-08 22:00:00,15.993,winter,14.02
2024-12-08 23:00:00,14.56605,winter,14.02
2024-12-09 00:00:00,14.1828,winter,14.02
2024-12-09 01:00:00,12.55215,winter,14.02
2024-12-09 02:00:00,10.37865,winter,8.77
2024-12-09 03:00:00,10.302,winter,8.77
2024-12-09 04:00:00,10.89105,winter,8.77
2024-12-09 05:00:00,14.2752,winter,14.02
2024-12-09 06:00:00,15.027,winter,14.02
2024-12-09 07:00:00,18.5907,winter,19.05
2024-12-09 08:00:00,19.556700000000003,winter,19.05
2024-12-09 09:00:00,19.617600000000003,winter,19.05
2024-12-09 10:00:00,20.32005,winter,19.05
2024-12-09 11:00:00,20.2035,winter,19.05
2024-12-09 12:00:00,20.1636,winter,19.05
2024-12-09 13:00:00,19.76355,winter,19.05
2024-12-09 14:00:00,19.43175,winter,19.05
2024-12-09 15:00:00,18.95715,winter,19.05
2024-12-09 16:00:00,18.878400000000003,winter,19.05
2024-12-09 17:00:00,19.34985,winter,19.05
2024-12-09 18:00:00,19.67745,winter,19.05
2024-12-09 19:00:00,19.8948,winter,19.05
2024-12-09 20:00:00,18.76185,winter,19.05
2024-12-09 21:00:00,17.292900000000003,winter,19.05
2024-12-09 22:00:00,17.0304,winter,19.05
2024-12-09 23:00:00,16.43085,winter,14.02
2024-12-10 00:00:00,16.43925,winter,14.02
2024-12-10 01:00:00,16.06965,winter,14.02
2024-12-10 02:00:00,15.7725,winter,14.02
2024-12-10 03:00:00,15.4785,winter,14.02
2024-12-10 04:00:00,15.84705,winter,14.02
2024-12-10 05:00:00,16.042350000000003,winter,14.02
2024-12-10 06:00:00,18.4563,winter,19.05
2024-12-10 07:00:00,20.8839,winter,19.05
2024-12-10 08:00:00,24.5148,winter,19.05
2024-12-10 09:00:00,25.8147,winter,19.05
2024-12-10 10:00:00,26.088750000000005,winter,19.05
2024-12-10 11:00:00,26.2725,winter,19.05
2024-12-10 12:00:00,25.655100000000004,winter,19.05
2024-12-10 13:00:00,26.7219,winter,19.05
2024-12-10 14:00:00,26.57805,winter,19.05
2024-12-10 15:00:00,27.4422,winter,19.05
2024-12-10 16:00:00,27.708900000000003,winter,19.05
2024-12-10 17:00:00,27.9399,winter,19.05
2024-12-10 18:00:00,25.695000000000004,winter,19.05
2024-12-10 19:00:00,25.607850000000003,winter,19.05
2024-12-10 20:00:00,24.183000000000003,winter,19.05
2024-12-10 21:00:00,22.56075,winter,19.05
2024-12-10 22:00:00,21.1737,winter,19.05
2024-12-10 23:00:00,19.433850000000003,winter,19.05
2024-12-11 00:00:00,18.8637,winter,19.05
2024-12-11 01:00:00,18.0531,winter,19.05
2024-12-11 02:00:00,17.95755,winter,19.05
2024-12-11 03:00:00,17.837850000000003,winter,19.05
2024-12-11 04:00:00,18.10245,winter,19.05
2024-12-11 05:00:00,19.84755,winter,19.05
2024-12-11 06:00:00,23.8491,winter,19.05
2024-12-11 07:00:00,37.7175,winter,19.05
2024-12-11 08:00:00,45.43185,winter,19.05
2024-12-11 09:00:00,46.2876,winter,19.05
2024-12-11 10:00:00,43.29719999999999,winter,19.05
2024-12-11 11:00:00,46.58895,winter,19.05
2024-12-11 12:00:00,47.20634999999999,winter,19.05
2024-12-11 13:00:00,49.20555,winter,19.05
2024-12-11 14:00:00,45.74579999999999,winter,19.05
2024-12-11 15:00:00,46.68869999999999,winter,19.05
2024-12-11 16:00:00,52.66635,winter,19.05
2024-12-11 17:00:00,53.42339999999999,winter,19.05
2024-12-11 18:00:00,44.4816,winter,19.05
2024-12-11 19:00:00,42.52125,winter,19.05
2024-12-11 20:00:00,28.4061,winter,19.05
2024-12-11 21:00:00,24.666,winter,19.05
2024-12-11 22:00:00,22.44,winter,19.05
2024-12-11 23:00:00,20.9658,winter,19.05
2024-12-12 00:00:00,19.5252,winter,19.05
2024-12-12 01:00:00,18.7965,winter,19.05
2024-12-12 02:00:00,18.2358,winter,19.05
2024-12-12 03:00:00,17.96175,winter,19.05
2024-12-12 04:00:00,18.50355,winter,19.05
2024-12-12 05:00:00,19.67535,winter,19.05
2024-12-12 06:00:00,25.188900000000004,winter,19.05
2024-12-12 07:00:00,69.68895,winter,19.05
2024-12-12 08:00:00,75.528,winter,19.05
2024-12-12 09:00:00,74.5998,winter,19.05
2024-12-12 10:00:00,63.79214999999999,winter,19.05
2024-12-12 11:00:00,55.55279999999999,winter,19.05
2024-12-12 12:00:00,49.21395,winter,19.05
2024-12-12 13:00:00,50.2965,winter,19.05
2024-12-12 14:00:00,58.17569999999999,winter,19.05
2024-12-12 15:00:00,76.88145,winter,19.05
2024-12-12 16:00:00,92.6829,winter,19.05
2024-12-12 17:00:00,104.9994,winter,19.05
2024-12-12 18:00:00,77.4789,winter,19.05
2024-12-12 19:00:00,64.54605,winter,19.05
2024-12-12 20:00:00,37.7343,winter,19.05
2024-12-12 21:00:00,24.477000000000004,winter,19.05
2024-12-12 22:00:00,22.44,winter,19.05
2024-12-12 23:00:00,20.83875,winter,19.05
2024-12-13 00:00:00,20.34735,winter,19.05
2024-12-13 01:00:00,19.594500000000004,winter,19.05
2024-12-13 02:00:00,19.18185,winter,19.05
2024-12-13 03:00:00,18.75975,winter,19.05
2024-12-13 04:00:00,18.8322,winter,19.05
2024-12-13 05:00:00,19.90215,winter,19.05
2024-12-13 06:00:00,23.125650000000004,winter,19.05
2024-12-13 07:00:00,26.39955,winter,19.05
2024-12-13 08:00:00,33.255,winter,19.05
2024-12-13 09:00:00,32.492700000000006,winter,19.05
2024-12-13 10:00:00,28.5741,winter,19.05
2024-12-13 11:00:00,25.002,winter,19.05
2024-12-13 12:00:00,24.126300000000004,winter,19.05
2024-12-13 13:00:00,24.015,winter,19.05
2024-12-13 14:00:00,26.0625,winter,19.05
2024-12-13 15:00:00,29.870850000000004,winter,19.05
2024-12-13 16:00:00,32.9463,winter,19.05
2024-12-13 17:00:00,36.53204999999999,winter,19.05
2024-12-13 18:00:00,33.989999999999995,winter,19.05
2024-12-13 19:00:00,30.378,winter,19.05
2024-12-13 20:00:00,25.065,winter,19.05
2024-12-13 21:00:00,22.043100000000003,winter,19.05
2024-12-13 22:00:00,20.874450000000003,winter,19.05
2024-12-13 23:00:00,18.9246,winter,19.05
2024-12-14 00:00:00,18.9687,winter,19.05
2024-12-14 01:00:00,18.3828,winter,19.05
2024-12-14 02:00:00,18.0342,winter,19.05
2024-12-14 03:00:00,17.0871,winter,19.05
2024-12-14 04:00:00,16.5012,winter,14.02
2024-12-14 05:00:00,16.30275,winter,14.02
2024-12-14 06:00:00,16.38675,winter,14.02
2024-12-14 07:00:00,17.36535,winter,19.05
2024-12-14 08:00:00,18.63375,winter,19.05
2024-12-14 09:00:00,19.812900000000003,winter,19.05
2024-12-14 10:00:00,19.38765,winter,19.05
2024-12-14 11:00:00,17.9754,winter,19.05
2024-12-14 12:00:00,17.68455,winter,19.05
2024-12-14 13:00:00,17.5008,winter,19.05
2024-12-14 14:00:00,16.83615,winter,19.05
2024-12-14 15:00:00,17.005200000000002,winter,19.05
2024-12-14 16:00:00,17.78535,winter,19.05
2024-12-14 17:00:00,19.4076,winter,19.05
2024-12-14 18:00:00,16.470750000000002,winter,14.02
2024-12-14 19:00:00,16.727999999999998,winter,19.05
2024-12-14 20:00:00,15.721050000000002,winter,14.02
2024-12-14 21:00:00,15.381900000000002,winter,14.02
2024-12-14 22:00:00,15.85125,winter,14.02
2024-12-14 23:00:00,14.44005,winter,14.02
2024-12-15 00:00:00,14.4159,winter,14.02
2024-12-15 01:00:00,13.880400000000002,winter,14.02
2024-12-15 02:00:00,13.78905,winter,14.02
2024-12-15 03:00:00,12.92595,winter,14.02
2024-12-15 04:00:00,12.49965,winter,14.02
2024-12-15 05:00:00,12.2277,winter,14.02
2024-12-15 06:00:00,11.4801,winter,14.02
2024-12-15 07:00:00,12.3516,winter,14.02
2024-12-15 08:00:00,13.5465,winter,14.02
2024-12-15 09:00:00,14.108250000000002,winter,14.02
2024-12-15 10:00:00,13.5423,winter,14.02
2024-12-15 11:00:00,13.0845,winter,14.02
2024-12-15 12:00:00,13.1475,winter,14.02
2024-12-15 13:00:00,11.67855,winter,14.02
2024-12-15 14:00:00,11.88435,winter,14.02
2024-12-15 15:00:00,11.7216,winter,14.02
2024-12-15 16:00:00,10.68,winter,8.77
2024-12-15 17:00:00,11.249100000000002,winter,8.77
2024-12-15 18:00:00,9.66465,winter,8.77
2024-12-15 19:00:00,9.26775,winter,8.77
2024-12-15 20:00:00,8.637749999999999,winter,8.77
2024-12-15 21:00:00,8.155800000000001,winter,8.77
2024-12-15 22:00:00,7.748400000000001,winter,8.77
2024-12-15 23:00:00,6.930450000000001,winter,8.77
2024-12-16 00:00:00,6.6994500000000015,winter,8.77
2024-12-16 01:00:00,6.700500000000002,winter,8.77
2024-12-16 02:00:00,6.6952500000000015,winter,8.77
2024-12-16 03:00:00,6.697350000000001,winter,8.77
2024-12-16 04:00:00,6.689050000000002,winter,8.77
2024-12-16 05:00:00,6.873750000000001,winter,8.77
2024-12-16 06:00:00,7.5016500000000015,winter,8.77
2024-12-16 07:00:00,12.9165,winter,14.02
2024-12-16 08:00:00,14.22795,winter,14.02
2024-12-16 09:00:00,14.66055,winter,14.02
2024-12-16 10:00:00,14.6133,winter,14.02
2024-12-16 11:00:00,15.103650000000002,winter,14.02
2024-12-16 12:00:00,15.6381,winter,14.02
2024-12-16 13:00:00,15.2685,winter,14.02
2024-12-16 14:00:00,15.2685,winter,14.02
2024-12-16 15:00:00,15.2685,winter,14.02
2024-12-16 16:00:00,14.46,winter,14.02
2024-12-16 17:00:00,15.253800000000002,winter,14.02
2024-12-16 18:00:00,14.25105,winter,14.02
2024-12-16 19:00:00,14.1387,winter,14.02
2024-12-16 20:00:00,13.1475,winter,14.02
2024-12-16 21:00:00,11.35305,winter,8.77
2024-12-16 22:00:00,11.352,winter,8.77
2024-12-16 23:00:00,8.431949999999999,winter,8.77
2024-12-17 00:00:00,10.62225,winter,8.77
2024-12-17 01:00:00,8.954849999999999,winter,8.77
2024-12-17 02:00:00,8.8887,winter,8.77
2024-12-17 03:00:00,9.31605,winter,8.77
2024-12-17 04:00:00,9.7329,winter,8.77
2024-12-17 05:00:00,12.70335,winter,14.02
2024-12-17 06:00:00,13.80585,winter,14.02
2024-12-17 07:00:00,17.7087,winter,19.05
2024-12-17 08:00:00,18.861600000000003,winter,19.05
2024-12-17 09:00:00,18.6642,winter,19.05
2024-12-17 10:00:00,18.072,winter,19.05
2024-12-17 11:00:00,17.4399,winter,19.05
2024-12-17 12:00:00,17.4756,winter,19.05
2024-12-17 13:00:00,17.841,winter,19.05
2024-12-17 14:00:00,18.20115,winter,19.05
2024-12-17 15:00:00,18.9141,winter,19.05
2024-12-17 16:00:00,18.9855,winter,19.05
2024-12-17 17:00:00,20.05965,winter,19.05
2024-12-17 18:00:00,19.458,winter,19.05
2024-12-17 19:00:00,18.0405,winter,19.05
2024-12-17 20:00:00,17.03355,winter,19.05
2024-12-17 21:00:00,16.7532,winter,19.05
2024-12-17 22:00:00,16.3962,winter,14.02
2024-12-17 23:00:00,14.1093,winter,14.02
2024-12-18 00:00:00,13.9539,winter,14.02
2024-12-18 01:00:00,12.18255,winter,14.02
2024-12-18 02:00:00,11.77305,winter,14.02
2024-12-18 03:00:00,11.415,winter,14.02
2024-12-18 04:00:00,9.86625,winter,8.77
2024-12-18 05:00:00,10.68,winter,8.77
2024-12-18 06:00:00,11.93055,winter,14.02
2024-12-18 07:00:00,12.7695,winter,14.02
2024-12-18 08:00:00,14.835900000000002,winter,14.02
2024-12-18 09:00:00,14.3361,winter,14.02
2024-12-18 10:00:00,13.61895,winter,14.02
2024-12-18 11:00:00,13.3134,winter,14.02
2024-12-18 12:00:00,13.312350000000002,winter,14.02
2024-12-18 13:00:00,13.3134,winter,14.02
2024-12-18 14:00:00,13.3134,winter,14.02
2024-12-18 15:00:00,12.53115,winter,14.02
2024-12-18 16:00:00,11.60505,winter,14.02
2024-12-18 17:00:00,12.7695,winter,14.02
2024-12-18 18:00:00,13.3134,winter,14.02
2024-12-18 19:00:00,13.3134,winter,14.02
2024-12-18 20:00:00,12.7695,winter,14.02
2024-12-18 21:00:00,12.01245,winter,14.02
2024-12-18 22:00:00,11.2197,winter,8.77
2024-12-18 23:00:00,8.941199999999998,winter,8.77
2024-12-19 00:00:00,7.874400000000001,winter,8.77
2024-12-19 01:00:00,8.07915,winter,8.77
2024-12-19 02:00:00,7.262250000000002,winter,8.77
2024-12-19 03:00:00,6.821250000000001,winter,8.77
2024-12-19 04:00:00,6.722550000000001,winter,8.77
2024-12-19 05:00:00,6.900000000000001,winter,8.77
2024-12-19 06:00:00,7.589850000000001,winter,8.77
2024-12-19 07:00:00,12.35475,winter,14.02
2024-12-19 08:00:00,13.7712,winter,14.02
2024-12-19 09:00:00,13.874100000000002,winter,14.02
2024-12-19 10:00:00,13.6032,winter,14.02
2024-12-19 11:00:00,13.7985,winter,14.02
2024-12-19 12:00:00,14.0106,winter,14.02
2024-12-19 13:00:00,14.082,winter,14.02
2024-12-19 14:00:00,14.0106,winter,14.02
2024-12-19 15:00:00,14.08935,winter,14.02
2024-12-19 16:00:00,14.1933,winter,14.02
2024-12-19 17:00:00,15.2496,winter,14.02
2024-12-19 18:00:00,16.4109,winter,14.02
2024-12-19 19:00:00,15.8628,winter,14.02
2024-12-19 20:00:00,14.60385,winter,14.02
2024-12-19 21:00:00,14.04,winter,14.02
2024-12-19 22:00:00,14.0106,winter,14.02
2024-12-19 23:00:00,12.46605,winter,14.02
2024-12-20 00:00:00,11.7006,winter,14.02
2024-12-20 01:00:00,9.9954,winter,8.77
2024-12-20 02:00:00,8.402549999999998,winter,8.77
2024-12-20 03:00:00,8.52015,winter,8.77
2024-12-20 04:00:00,9.086099999999998,winter,8.77
2024-12-20 05:00:00,11.78145,winter,14.02
2024-12-20 06:00:00,13.635750000000002,winter,14.02
2024-12-20 07:00:00,17.442,winter,19.05
2024-12-20 08:00:00,18.2106,winter,19.05
2024-12-20 09:00:00,17.888250000000003,winter,19.05
2024-12-20 10:00:00,17.5197,winter,19.05
2024-12-20 11:00:00,16.9212,winter,19.05
2024-12-20 12:00:00,15.8838,winter,14.02
2024-12-20 13:00:00,15.493200000000002,winter,14.02
2024-12-20 14:00:00,15.93315,winter,14.02
2024-12-20 15:00:00,17.05035,winter,19.05
2024-12-20 16:00:00,17.7402,winter,19.05
2024-12-20 17:00:00,18.22845,winter,19.05
2024-12-20 18:00:00,17.3139,winter,19.05
2024-12-20 19:00:00,17.04825,winter,19.05
2024-12-20 20:00:00,16.11165,winter,14.02
2024-12-20 21:00:00,14.2311,winter,14.02
2024-12-20 22:00:00,14.0757,winter,14.02
2024-12-20 23:00:00,12.8073,winter,14.02
2024-12-21 00:00:00,9.60375,winter,8.77
2024-12-21 01:00:00,9.07875,winter,8.77
2024-12-21 02:00:00,8.9538,winter,8.77
2024-12-21 03:00:00,8.72805,winter,8.77
2024-12-21 04:00:00,8.59155,winter,8.77
2024-12-21 05:00:00,8.794199999999998,winter,8.77
2024-12-21 06:00:00,8.79,winter,8.77
2024-12-21 07:00:00,8.91705,winter,8.77
2024-12-21 08:00:00,9.091349999999998,winter,8.77
2024-12-21 09:00:00,9.76965,winter,8.77
2024-12-21 10:00:00,9.99015,winter,8.77
2024-12-21 11:00:00,9.94605,winter,8.77
2024-12-21 12:00:00,9.96915,winter,8.77
2024-12-21 13:00:00,9.8295,winter,8.77
2024-12-21 14:00:00,9.411599999999998,winter,8.77
2024-12-21 15:00:00,9.5544,winter,8.77
2024-12-21 16:00:00,9.76755,winter,8.77
2024-12-21 17:00:00,9.76335,winter,8.77
2024-12-21 18:00:00,9.62475,winter,8.77
2024-12-21 19:00:00,8.866649999999998,winter,8.77
2024-12-21 20:00:00,8.2965,winter,8.77
2024-12-21 21:00:00,7.204500000000001,winter,8.77
2024-12-21 22:00:00,7.005000000000002,winter,8.77
2024-12-21 23:00:00,6.795000000000002,winter,8.77
2024-12-22 00:00:00,6.690000000000001,winter,8.77
2024-12-22 01:00:00,6.687150000000002,winter,8.77
2024-12-22 02:00:00,6.646300000000001,winter,8.77
2024-12-22 03:00:00,6.5912000000000015,winter,8.77
2024-12-22 04:00:00,6.494300000000001,winter,8.77
2024-12-22 05:00:00,6.645350000000001,winter,8.77
2024-12-22 06:00:00,6.625400000000001,winter,8.77
2024-12-22 07:00:00,6.678600000000001,winter,8.77
2024-12-22 08:00:00,7.053300000000001,winter,8.77
2024-12-22 09:00:00,8.853,winter,8.77
2024-12-22 10:00:00,8.80785,winter,8.77
2024-12-22 11:00:00,9.105,winter,8.77
2024-12-22 12:00:00,8.91495,winter,8.77
2024-12-22 13:00:00,8.93595,winter,8.77
2024-12-22 14:00:00,9.6321,winter,8.77
2024-12-22 15:00:00,11.07585,winter,8.77
2024-12-22 16:00:00,11.61765,winter,14.02
2024-12-22 17:00:00,13.56435,winter,14.02
2024-12-22 18:00:00,13.07295,winter,14.02
2024-12-22 19:00:00,12.80205,winter,14.02
2024-12-22 20:00:00,11.61765,winter,14.02
2024-12-22 21:00:00,10.5393,winter,8.77
2024-12-22 22:00:00,10.491,winter,8.77
2024-12-22 23:00:00,9.2625,winter,8.77
2024-12-23 00:00:00,9.75495,winter,8.77
2024-12-23 01:00:00,8.80365,winter,8.77
2024-12-23 02:00:00,8.19255,winter,8.77
2024-12-23 03:00:00,7.6476000000000015,winter,8.77
2024-12-23 04:00:00,7.716900000000002,winter,8.77
2024-12-23 05:00:00,8.244,winter,8.77
2024-12-23 06:00:00,8.515949999999998,winter,8.77
2024-12-23 07:00:00,12.15105,winter,14.02
2024-12-23 08:00:00,12.9207,winter,14.02
2024-12-23 09:00:00,12.9501,winter,14.02
2024-12-23 10:00:00,12.22665,winter,14.02
2024-12-23 11:00:00,12.150000000000002,winter,14.02
2024-12-23 12:00:00,12.37785,winter,14.02
2024-12-23 13:00:00,12.44505,winter,14.02
2024-12-23 14:00:00,13.1538,winter,14.02
2024-12-23 15:00:00,14.42745,winter,14.02
2024-12-23 16:00:00,15.358800000000002,winter,14.02
2024-12-23 17:00:00,17.00625,winter,19.05
2024-12-23 18:00:00,17.37375,winter,19.05
2024-12-23 19:00:00,16.92435,winter,19.05
2024-12-23 20:00:00,16.41195,winter,14.02
2024-12-23 21:00:00,18.060450000000003,winter,19.05
2024-12-23 22:00:00,17.801099999999998,winter,19.05
2024-12-23 23:00:00,16.87395,winter,19.05
2024-12-24 00:00:00,15.72315,winter,14.02
2024-12-24 01:00:00,15.3882,winter,14.02
2024-12-24 02:00:00,15.28845,winter,14.02
2024-12-24 03:00:00,14.88,winter,14.02
2024-12-24 04:00:00,14.9619,winter,14.02
2024-12-24 05:00:00,15.153,winter,14.02
2024-12-24 06:00:00,15.62235,winter,14.02
2024-12-24 07:00:00,17.277150000000002,winter,19.05
2024-12-24 08:00:00,18.77445,winter,19.05
2024-12-24 09:00:00,19.389750000000003,winter,19.05
2024-12-24 10:00:00,19.290000000000003,winter,19.05
2024-12-24 11:00:00,19.0968,winter,19.05
2024-12-24 12:00:00,19.02645,winter,19.05
2024-12-24 13:00:00,18.8049,winter,19.05
2024-12-24 14:00:00,19.0779,winter,19.05
2024-12-24 15:00:00,19.2375,winter,19.05
2024-12-24 16:00:00,19.31205,winter,19.05
2024-12-24 17:00:00,19.08,winter,19.05
2024-12-24 18:00:00,18.3429,winter,19.05
2024-12-24 19:00:00,17.784299999999998,winter,19.05
2024-12-24 20:00:00,17.4588,winter,19.05
2024-12-24 21:00:00,16.62615,winter,19.05
2024-12-24 22:00:00,17.0892,winter,19.05
2024-12-24 23:00:00,16.14,winter,14.02
2024-12-25 00:00:00,16.28385,winter,14.02
2024-12-25 01:00:00,15.7662,winter,14.02
2024-12-25 02:00:00,15.62235,winter,14.02
2024-12-25 03:00:00,15.17505,winter,14.02
2024-12-25 04:00:00,14.66895,winter,14.02
2024-12-25 05:00:00,15.17505,winter,14.02
2024-12-25 06:00:00,15.40605,winter,14.02
2024-12-25 07:00:00,15.6087,winter,14.02
2024-12-25 08:00:00,16.16205,winter,14.02
2024-12-25 09:00:00,17.1102,winter,19.05
2024-12-25 10:00:00,16.5138,winter,14.02
2024-12-25 11:00:00,16.40775,winter,14.02
2024-12-25 12:00:00,16.60305,winter,19.05
2024-12-25 13:00:00,16.24815,winter,14.02
2024-12-25 14:00:00,17.10285,winter,19.05
2024-12-25 15:00:00,18.522450000000003,winter,19.05
2024-12-25 16:00:00,19.08105,winter,19.05
2024-12-25 17:00:00,19.345650000000003,winter,19.05
2024-12-25 18:00:00,19.19655,winter,19.05
2024-12-25 19:00:00,19.08105,winter,19.05
2024-12-25 20:00:00,19.11465,winter,19.05
2024-12-25 21:00:00,18.556050000000003,winter,19.05
2024-12-25 22:00:00,18.667350000000003,winter,19.05
2024-12-25 23:00:00,17.67615,winter,19.05
2024-12-26 00:00:00,17.41785,winter,19.05
2024-12-26 01:00:00,16.671300000000002,winter,19.05
2024-12-26 02:00:00,16.62405,winter,19.05
2024-12-26 03:00:00,16.1022,winter,14.02
2024-12-26 04:00:00,16.23135,winter,14.02
2024-12-26 05:00:00,16.6755,winter,19.05
2024-12-26 06:00:00,17.085,winter,19.05
2024-12-26 07:00:00,18.51405,winter,19.05
2024-12-26 08:00:00,19.195500000000003,winter,19.05
2024-12-26 09:00:00,19.10415,winter,19.05
2024-12-26 10:00:00,18.58125,winter,19.05
2024-12-26 11:00:00,17.821050000000003,winter,19.05
2024-12-26 12:00:00,17.99955,winter,19.05
2024-12-26 13:00:00,17.599500000000003,winter,19.05
2024-12-26 14:00:00,18.2022,winter,19.05
2024-12-26 15:00:00,19.36875,winter,19.05
2024-12-26 16:00:00,20.3022,winter,19.05
2024-12-26 17:00:00,21.169500000000003,winter,19.05
2024-12-26 18:00:00,21.185250000000003,winter,19.05
2024-12-26 19:00:00,20.939550000000004,winter,19.05
2024-12-26 20:00:00,20.24865,winter,19.05
2024-12-26 21:00:00,19.37925,winter,19.05
2024-12-26 22:00:00,19.6575,winter,19.05
2024-12-26 23:00:00,18.972900000000003,winter,19.05
2024-12-27 00:00:00,17.90295,winter,19.05
2024-12-27 01:00:00,17.3496,winter,19.05
2024-12-27 02:00:00,17.29815,winter,19.05
2024-12-27 03:00:00,17.1627,winter,19.05
2024-12-27 04:00:00,17.1459,winter,19.05
2024-12-27 05:00:00,17.841,winter,19.05
2024-12-27 06:00:00,18.8385,winter,19.05
2024-12-27 07:00:00,19.740450000000003,winter,19.05
2024-12-27 08:00:00,20.53425,winter,19.05
2024-12-27 09:00:00,20.35575,winter,19.05
2024-12-27 10:00:00,19.3005,winter,19.05
2024-12-27 11:00:00,18.0237,winter,19.05
2024-12-27 12:00:00,18.010050000000003,winter,19.05
2024-12-27 13:00:00,18.0237,winter,19.05
2024-12-27 14:00:00,19.46325,winter,19.05
2024-12-27 15:00:00,21.018300000000004,winter,19.05
2024-12-27 16:00:00,22.04625,winter,19.05
2024-12-27 17:00:00,22.629,winter,19.05
2024-12-27 18:00:00,23.322000000000003,winter,19.05
2024-12-27 19:00:00,22.065150000000003,winter,19.05
2024-12-27 20:00:00,20.6697,winter,19.05
2024-12-27 21:00:00,19.8591,winter,19.05
2024-12-27 22:00:00,19.9998,winter,19.05
2024-12-27 23:00:00,18.66,winter,19.05
2024-12-28 00:00:00,19.962000000000003,winter,19.05
2024-12-28 01:00:00,18.93615,winter,19.05
2024-12-28 02:00:00,18.255750000000003,winter,19.05
2024-12-28 03:00:00,17.811600000000002,winter,19.05
2024-12-28 04:00:00,17.497650000000004,winter,19.05
2024-12-28 05:00:00,17.7759,winter,19.05
2024-12-28 06:00:00,18.20955,winter,19.05
2024-12-28 07:00:00,19.7352,winter,19.05
2024-12-28 08:00:00,20.130000000000003,winter,19.05
2024-12-28 09:00:00,20.161500000000004,winter,19.05
2024-12-28 10:00:00,19.58715,winter,19.05
2024-12-28 11:00:00,18.597,winter,19.05
2024-12-28 12:00:00,18.13185,winter,19.05
2024-12-28 13:00:00,18.24105,winter,19.05
2024-12-28 14:00:00,19.06215,winter,19.05
2024-12-28 15:00:00,21.163200000000003,winter,19.05
2024-12-28 16:00:00,21.73125,winter,19.05
2024-12-28 17:00:00,22.65,winter,19.05
2024-12-28 18:00:00,22.17855,winter,19.05
2024-12-28 19:00:00,21.4404,winter,19.05
2024-12-28 20:00:00,20.2623,winter,19.05
2024-12-28 21:00:00,19.9095,winter,19.05
2024-12-28 22:00:00,19.42125,winter,19.05
2024-12-28 23:00:00,18.75765,winter,19.05
2024-12-29 00:00:00,20.06595,winter,19.05
2024-12-29 01:00:00,18.66945,winter,19.05
2024-12-29 02:00:00,17.99955,winter,19.05
2024-12-29 03:00:00,17.3685,winter,19.05
2024-12-29 04:00:00,16.95165,winter,19.05
2024-12-29 05:00:00,17.044050000000002,winter,19.05
2024-12-29 06:00:00,16.9968,winter,19.05
2024-12-29 07:00:00,17.40945,winter,19.05
2024-12-29 08:00:00,18.31455,winter,19.05
2024-12-29 09:00:00,18.72825,winter,19.05
2024-12-29 10:00:00,17.617350000000002,winter,19.05
2024-12-29 11:00:00,17.209950000000003,winter,19.05
2024-12-29 12:00:00,17.2656,winter,19.05
2024-12-29 13:00:00,17.16165,winter,19.05
2024-12-29 14:00:00,17.0262,winter,19.05
2024-12-29 15:00:00,17.611050000000002,winter,19.05
2024-12-29 16:00:00,19.47165,winter,19.05
2024-12-29 17:00:00,19.5,winter,19.05
2024-12-29 18:00:00,19.93155,winter,19.05
2024-12-29 19:00:00,19.4307,winter,19.05
2024-12-29 20:00:00,18.2316,winter,19.05
2024-12-29 21:00:00,16.16205,winter,14.02
2024-12-29 22:00:00,15.48795,winter,14.02
2024-12-29 23:00:00,14.21115,winter,14.02
2024-12-30 00:00:00,14.22165,winter,14.02
2024-12-30 01:00:00,13.893,winter,14.02
2024-12-30 02:00:00,13.893,winter,14.02
2024-12-30 03:00:00,13.478250000000005,winter,14.02
2024-12-30 04:00:00,13.713450000000002,winter,14.02
2024-12-30 05:00:00,13.952850000000002,winter,14.02
2024-12-30 06:00:00,14.1597,winter,14.02
2024-12-30 07:00:00,15.111,winter,14.02
2024-12-30 08:00:00,15.7515,winter,14.02
2024-12-30 09:00:00,15.8313,winter,14.02
2024-12-30 10:00:00,15.47955,winter,14.02
2024-12-30 11:00:00,14.9724,winter,14.02
2024-12-30 12:00:00,15.3903,winter,14.02
2024-12-30 13:00:00,15.142500000000002,winter,14.02
2024-12-30 14:00:00,15.4785,winter,14.02
2024-12-30 15:00:00,16.3941,winter,14.02
2024-12-30 16:00:00,16.87185,winter,19.05
2024-12-30 17:00:00,18.23685,winter,19.05
2024-12-30 18:00:00,17.19,winter,19.05
2024-12-30 19:00:00,15.7851,winter,14.02
2024-12-30 20:00:00,14.54715,winter,14.02
2024-12-30 21:00:00,13.8321,winter,14.02
2024-12-30 22:00:00,13.752300000000002,winter,14.02
2024-12-30 23:00:00,10.4343,winter,8.77
2024-12-31 00:00:00,11.99145,winter,14.02
2024-12-31 01:00:00,11.5095,winter,14.02
2024-12-31 02:00:00,12.61515,winter,14.02
2024-12-31 03:00:00,12.6813,winter,14.02
2024-12-31 04:00:00,13.401600000000002,winter,14.02
2024-12-31 05:00:00,13.3806,winter,14.02
2024-12-31 06:00:00,13.3785,winter,14.02
2024-12-31 07:00:00,14.21115,winter,14.02
2024-12-31 08:00:00,14.925150000000002,winter,14.02
2024-12-31 09:00:00,15.453300000000002,winter,14.02
2024-12-31 10:00:00,15.34935,winter,14.02
2024-12-31 11:00:00,15.198150000000002,winter,14.02
2024-12-31 12:00:00,15.212850000000005,winter,14.02
2024-12-31 13:00:00,14.97765,winter,14.02
2024-12-31 14:00:00,14.758200000000002,winter,14.02
2024-12-31 15:00:00,15.30735,winter,14.02
2024-12-31 16:00:00,15.475350000000002,winter,14.02
2024-12-31 17:00:00,15.43125,winter,14.02
2024-12-31 18:00:00,14.846400000000004,winter,14.02
2024-12-31 19:00:00,13.80585,winter,14.02
2024-12-31 20:00:00,10.4238,winter,8.77
2024-12-31 21:00:00,8.3385,winter,8.77
2024-12-31 22:00:00,7.641300000000001,winter,8.77
2024-12-31 23:00:00,6.744600000000001,winter,8.77
