,dynamic prices,tariff,Abrechnung_Stufen,Abrechnung_Dynamic
2023-01-01 00:00:00,16.7835815,20.07,0.0,0.0
2023-01-01 01:00:00,17.247086499999998,20.07,0.24565680000003212,0.2111043387600276
2023-01-01 02:00:00,17.201866499999998,20.07,0.15032430000014166,0.12884198008512138
2023-01-01 03:00:00,16.793756000000002,20.07,0.24706169999995328,0.20673113635996093
2023-01-01 04:00:00,16.8604555,20.07,0.15413760000000584,0.1294882982400049
2023-01-01 05:00:00,16.75758,20.07,0.23220990000003067,0.19388520060002562
2023-01-01 06:00:00,16.800538999999997,20.07,0.16035929999999562,0.1342363066099963
2023-01-01 07:00:00,17.221085,20.07,0.3371759999998759,0.2893142279998935
2023-01-01 08:00:00,17.205258,20.07,0.15554250000010952,0.1333407495000939
2023-01-01 09:00:00,17.2448255,20.07,0.1131947999998788,0.09726081581989586
2023-01-01 10:00:00,17.247086499999998,20.07,0.19789019999997517,0.17005627288997865
2023-01-01 11:00:00,17.247086499999998,20.07,0.32392980000009786,0.27836797611008407
2023-01-01 12:00:00,17.2787405,20.07,0.04756590000001607,0.04095061498501384
2023-01-01 13:00:00,17.3375265,20.07,0.30084929999995913,0.25988952223496464
2023-01-01 14:00:00,17.474257499999997,20.07,0.19628460000001316,0.17089823835001142
2023-01-01 15:00:00,20.3081235,20.07,0.2560931999999679,0.2591316558599675
2023-01-01 16:00:00,21.933723,20.07,0.2253861000001008,0.24631570929011012
2023-01-01 17:00:00,23.1194985,20.07,0.28820519999993865,0.3319959984599294
2023-01-01 18:00:00,24.311521500000005,28.47,0.30491369999997514,0.26037639526497885
2023-01-01 19:00:00,24.234052500000004,20.07,0.29944440000003797,0.36157206330004593
2023-01-01 20:00:00,23.519338500000003,20.07,0.181432799999908,0.21261482003989224
2023-01-01 21:00:00,22.989550500000004,20.07,0.26853660000012997,0.3076001856901489
2023-01-01 22:00:00,23.110752,20.07,0.1633697999998788,0.18812152127986045
2023-01-01 23:00:00,21.7413,20.07,0.24786450000011684,0.26850505500012656
2023-01-02 00:00:00,24.60390450000001,21.86,0.19455399999987275,0.21897475004985686
2023-01-02 01:00:00,23.8242165,21.86,0.24548780000010975,0.2675459512951196
2023-01-02 02:00:00,23.981653500000004,21.86,0.17881480000004613,0.19616992563005065
2023-01-02 03:00:00,22.877095500000003,21.86,0.21379079999981548,0.22373799398980695
2023-01-02 04:00:00,23.625546000000003,21.86,0.22034880000015747,0.2381455036801702
2023-01-02 05:00:00,26.079564000000005,29.68,0.7289408000000388,0.6405140918400344
2023-01-02 06:00:00,30.497796,29.68,0.28463119999995035,0.292473863639949
2023-01-02 07:00:00,34.94101800000001,36.4,0.21476000000005296,0.20615200620005086
2023-01-02 08:00:00,35.608251,36.4,0.31121999999984107,0.30445054604984456
2023-01-02 09:00:00,35.74194750000001,36.4,0.31485999999992054,0.3091678458749221
2023-01-02 10:00:00,35.562019500000005,36.4,0.376739999999947,0.36806690182494833
2023-01-02 11:00:00,35.279632500000005,36.4,0.03967600000013772,0.03845479942513349
2023-01-02 12:00:00,35.408331000000004,36.4,0.13504400000003444,0.1313649080100335
2023-01-02 13:00:00,35.330862,36.4,0.3501679999998305,0.33988289243983555
2023-01-02 14:00:00,35.88564,36.4,0.27445600000029663,0.2705777256002925
2023-01-02 15:00:00,36.77778300000001,36.4,0.4622799999998279,0.46707784409982617
2023-01-02 16:00:00,37.7211555,36.4,0.4255159999999523,0.4409603077949506
2023-01-02 17:00:00,38.60955,36.4,0.5092360000001245,0.540147604500132
2023-01-02 18:00:00,39.201813,36.4,0.4200559999998331,0.45238892201982034
2023-01-02 19:00:00,37.91732700000001,36.4,0.3956680000001615,0.41216134449016834
2023-01-02 20:00:00,36.485400000000006,36.4,0.48594000000001325,0.48708009000001334
2023-01-02 21:00:00,35.069716500000006,36.4,0.3920280000000821,0.37770084670507914
2023-01-02 22:00:00,34.225054500000006,36.4,0.483027999999751,0.45416647321476605
2023-01-02 23:00:00,32.88933900000001,29.68,0.22942640000004105,0.25423459047004554
2023-01-03 00:00:00,33.6127995,36.4,0.417143999999902,0.3852026822699095
2023-01-03 01:00:00,32.36205,29.68,0.2694944000001058,0.29384741400011544
2023-01-03 02:00:00,32.207112,29.68,0.28938000000010794,0.3140193420001172
2023-01-03 03:00:00,31.737300000000005,29.68,0.3068911999998964,0.3281636819998892
2023-01-03 04:00:00,31.566118500000005,29.68,0.2715719999999892,0.28882998427498857
2023-01-03 05:00:00,31.895986500000006,29.68,0.8078895999999266,0.8682087525299212
2023-01-03 06:00:00,34.72610400000001,36.4,0.376739999999947,0.3594151763999496
2023-01-03 07:00:00,37.35005400000001,36.4,0.3927560000002304,0.4030070826602365
2023-01-03 08:00:00,38.5058415,36.4,0.3272359999997934,0.34616751508478155
2023-01-03 09:00:00,38.756991000000006,36.4,0.8852480000002543,0.9425700211202708
2023-01-03 10:00:00,38.4308715,36.4,1.2951119999999972,1.3673704079699973
2023-01-03 11:00:00,38.54582550000001,36.4,0.8786959999999125,0.9304962275699076
2023-01-03 12:00:00,37.922325,36.4,0.6209840000000477,0.6469548645000497
2023-01-03 13:00:00,37.47375450000001,36.4,0.36108800000006885,0.371739644640071
2023-01-03 14:00:00,37.742397,36.4,0.2850119999997987,0.29552296850979126
2023-01-03 15:00:00,38.325913500000006,36.4,0.3709160000000848,0.39054105856508925
2023-01-03 16:00:00,38.1859695,36.4,0.4622799999998279,0.4849618126498194
2023-01-03 17:00:00,38.699514,36.4,0.37819600000024367,0.4020879504602591
2023-01-03 18:00:00,38.4758535,36.4,0.5540079999999762,0.5856024902699748
2023-01-03 19:00:00,37.483750500000006,36.4,0.32395999999978814,0.3336053794497819
2023-01-03 20:00:00,36.063069000000006,36.4,0.4520880000000688,0.4479033169800683
2023-01-03 21:00:00,33.73525050000001,36.4,0.40804400000003443,0.378172158105032
2023-01-03 22:00:00,31.646086500000003,29.68,0.3080784000001382,0.3284863778701474
2023-01-03 23:00:00,29.070867000000003,29.68,0.3644704000000194,0.35699024676001906
2023-01-04 00:00:00,27.475255500000006,29.68,0.23209759999977542,0.21485649800979215
2023-01-04 01:00:00,26.19826650000001,29.68,0.35556640000009504,0.313855232670084
2023-01-04 02:00:00,22.366050000000005,21.86,0.16416860000004452,0.1679690355000456
2023-01-04 03:00:00,18.452616,21.86,0.2688779999999046,0.22696717679991943
2023-01-04 04:00:00,17.474257499999997,21.86,0.16351280000010973,0.1307074461000877
2023-01-04 05:00:00,18.744999,21.86,0.46780399999987277,0.4011429785998909
2023-01-04 06:00:00,24.99249900000001,21.86,0.4177446000000127,0.4776066558900147
2023-01-04 07:00:00,27.264090000000003,29.68,0.780287199999972,0.7167729260999742
2023-01-04 08:00:00,27.88884,29.68,0.8479575999999913,0.7967841587999918
2023-01-04 09:00:00,27.778884000000005,29.68,0.7583240000000864,0.709750486200081
2023-01-04 10:00:00,26.12329650000001,29.68,1.0411743999999439,0.9164052412199508
2023-01-04 11:00:00,27.331563000000003,29.68,0.8369760000001836,0.7707500766001691
2023-01-04 12:00:00,27.475255500000006,29.68,0.5823215999998618,0.5390645129098722
2023-01-04 13:00:00,27.32906400000001,29.68,0.5327560000000215,0.49055669880002006
2023-01-04 14:00:00,27.391539000000005,29.68,0.5639199999998921,0.5204392409999005
2023-01-04 15:00:00,27.331563000000003,29.68,0.2338784000001382,0.21537271644012732
2023-01-04 16:00:00,27.466509,29.68,0.3721871999999719,0.34443002285997404
2023-01-04 17:00:00,28.133742,29.68,0.24753119999995032,0.2346354082799529
2023-01-04 18:00:00,26.399436,29.68,0.444606400000149,0.39546355128013255
2023-01-04 19:00:00,25.690969500000005,21.86,0.23783679999994273,0.27951774815993274
2023-01-04 20:00:00,22.76589,21.86,0.3281186000000445,0.34171600890004633
2023-01-04 21:00:00,21.2727375,21.86,0.19936319999985844,0.19400736599986224
2023-01-04 22:00:00,21.736302,21.86,0.2734686000000445,0.27192113802004425
2023-01-04 23:00:00,18.5038455,21.86,0.17269399999999205,0.1461803794499933
2023-01-05 00:00:00,17.374297499999997,21.86,0.2566363999999952,0.2039742526499962
2023-01-05 01:00:00,17.3767965,21.86,0.18340539999998728,0.1457913226349899
2023-01-05 02:00:00,17.3767965,21.86,0.23696240000016222,0.188364474060129
2023-01-05 03:00:00,17.383044,21.86,0.19892599999996818,0.1581857003999747
2023-01-05 04:00:00,17.646688499999996,21.86,0.22996719999993,0.18564316301994346
2023-01-05 05:00:00,18.6262965,21.86,0.5384117999999427,0.45876568279495117
2023-01-05 06:00:00,24.994998,21.86,0.25685500000003975,0.2936912265000455
2023-01-05 07:00:00,28.2624405,29.68,0.49031360000001295,0.4668955170600123
2023-01-05 08:00:00,29.343258,29.68,0.852112800000028,0.8424449371800278
2023-01-05 09:00:00,33.0555225,36.4,0.5678400000001457,0.5156661510001324
2023-01-05 10:00:00,33.851454000000004,36.4,0.9063599999999206,0.8429012045999262
2023-01-05 11:00:00,35.2446465,36.4,0.8153599999999206,0.7894800815999231
2023-01-05 12:00:00,34.9747545,36.4,0.2489760000000715,0.23922732078006875
2023-01-05 13:00:00,35.183421,36.4,0.41495999999978816,0.40109099939979526
2023-01-05 14:00:00,36.2392485,36.4,0.9991800000002913,0.9947673713252901
2023-01-05 15:00:00,37.29507600000001,36.4,0.35125999999972185,0.3598974833997151
2023-01-05 16:00:00,38.9506635,36.4,0.5543720000000503,0.5932186051050539
2023-01-05 17:00:00,41.69581499999999,36.4,0.379288000000135,0.43447039230015466
2023-01-05 18:00:00,41.69206649999999,36.4,0.5427239999999948,0.6216287115149938
2023-01-05 19:00:00,39.60665099999999,36.4,0.4280639999998093,0.46577421575979244
2023-01-05 20:00:00,37.85860050000001,36.4,0.4826640000000079,0.5020050426300083
2023-01-05 21:00:00,36.36045,36.4,0.4866680000001615,0.4861392165001614
2023-01-05 22:00:00,35.440818,36.4,0.37419200000009006,0.36433160904008766
2023-01-05 23:00:00,33.2367,36.4,0.4833919999998252,0.4413833759998404
2023-01-06 00:00:00,30.763939500000006,29.68,0.2700879999999568,0.27995184944995527
2023-01-06 01:00:00,30.000495,29.68,0.39741519999998276,0.40170662804998253
2023-01-06 02:00:00,29.454463500000006,29.68,0.30273600000012957,0.30043552770012866
2023-01-06 03:00:00,27.656433000000003,29.68,0.36803199999993524,0.3429397691999397
2023-01-06 04:00:00,27.605203500000005,29.68,0.3223248000000713,0.29979251001006635
2023-01-06 05:00:00,27.867598500000003,29.68,0.6434623999999006,0.6041695354799068
2023-01-06 06:00:00,29.5194375,29.68,0.5229616000001858,0.5201324887501847
2023-01-06 07:00:00,30.676474500000005,29.68,0.4879391999997991,0.5043212407797926
2023-01-06 08:00:00,32.449515000000005,29.68,0.3128272000000259,0.34201788810002837
2023-01-06 09:00:00,31.969707000000003,29.68,0.21191519999998273,0.2282637079799814
2023-01-06 10:00:00,31.46865750000001,29.68,0.8806056000001641,0.9336750680251743
2023-01-06 11:00:00,31.53363150000001,29.68,0.9779560000000216,1.0390331579250234
2023-01-06 12:00:00,31.737300000000005,29.68,0.5974583999999762,0.6388718489999747
2023-01-06 13:00:00,31.085061000000003,29.68,0.7491231999998316,0.7845869396398237
2023-01-06 14:00:00,32.32581450000001,29.68,0.7221143999999978,0.7864870667849978
2023-01-06 15:00:00,33.090508500000006,36.4,0.8455720000001165,0.7686925124551062
2023-01-06 16:00:00,34.80732150000001,36.4,0.5692960000001113,0.5443865082601065
2023-01-06 17:00:00,36.8515035,36.4,0.42879199999995765,0.4341107112299571
2023-01-06 18:00:00,37.797375,36.4,0.5401759999998067,0.5609130449997993
2023-01-06 19:00:00,35.703213000000005,36.4,0.5219760000000715,0.5119840744200702
2023-01-06 20:00:00,34.783581000000005,36.4,0.4848480000001218,0.4633172989201165
2023-01-06 21:00:00,33.83646000000001,36.4,0.6501040000000212,0.6043191756000199
2023-01-06 22:00:00,33.60405300000001,36.4,0.41823599999979344,0.38611056896980944
2023-01-06 23:00:00,32.524485,29.68,0.467460000000216,0.5122606387502366
2023-01-07 00:00:00,29.506942500000005,28.47,0.3145934999998757,0.3260517146248712
2023-01-07 01:00:00,29.666878500000003,28.47,0.3814980000000414,0.3975361719000432
2023-01-07 02:00:00,29.369497500000005,28.47,0.4230641999999648,0.43643073284996375
2023-01-07 03:00:00,28.359901500000007,28.47,0.2829917999999109,0.2818974209099114
2023-01-07 04:00:00,27.737650500000008,28.47,0.445555500000145,0.43409423032514144
2023-01-07 05:00:00,27.812620500000005,28.47,0.6747389999999689,0.6591591058499698
2023-01-07 06:00:00,28.708512,28.47,0.40313520000004766,0.406512529920048
2023-01-07 07:00:00,30.2641395,28.47,0.37637340000003316,0.4000919241900352
2023-01-07 08:00:00,31.344957,28.47,0.20270639999986742,0.22317609383985407
2023-01-07 09:00:00,31.362450000000003,34.23,0.9190755000001368,0.8420817825001256
2023-01-07 10:00:00,29.86305,28.47,0.44299319999988196,0.4646690579998762
2023-01-07 11:00:00,28.403634000000004,28.47,0.5995781999999337,0.5981805320399339
2023-01-07 12:00:00,28.351155,28.47,0.7871955000000932,0.7839094357500928
2023-01-07 13:00:00,29.119597500000005,28.47,0.8734596000000601,0.8933892513000616
2023-01-07 14:00:00,28.486101,28.47,0.8042774999999481,0.8047323532499482
2023-01-07 15:00:00,28.058772000000005,28.47,0.8657727000000476,0.8532672565200471
2023-01-07 16:00:00,29.12584500000001,28.47,0.7926047999999005,0.8108635247998985
2023-01-07 17:00:00,29.464459500000004,28.47,0.5802186000001326,0.6004856846101373
2023-01-07 18:00:00,29.80307400000001,28.47,0.3860531999999337,0.4041296834399307
2023-01-07 19:00:00,29.185821000000004,28.47,0.39801060000003935,0.40801777758004043
2023-01-07 20:00:00,28.346157000000005,28.47,0.39801060000003935,0.3962792748600393
2023-01-07 21:00:00,25.048726500000004,28.47,0.3629924999998964,0.31937126287490897
2023-01-07 22:00:00,23.61555,20.07,0.2609100000000365,0.30700215000004294
2023-01-07 23:00:00,22.1473875,20.07,0.2430477000000482,0.2682048626250532
2023-01-08 00:00:00,18.7337535,20.07,0.2603078999999138,0.24297678289491956
2023-01-08 01:00:00,18.5013465,20.07,0.24926940000003797,0.22978672353003501
2023-01-08 02:00:00,18.505095,20.07,0.22679100000002192,0.20910757350002018
2023-01-08 03:00:00,17.887842,20.07,0.2576987999999299,0.22967989127993751
2023-01-08 04:00:00,18.065271,20.07,0.21193920000009933,0.19076926176008935
2023-01-08 05:00:00,18.607554,20.07,0.4754582999999372,0.44081295425994177
2023-01-08 06:00:00,18.495099,20.07,0.35543969999994596,0.32754820328995027
2023-01-08 07:00:00,19.4259765,20.07,0.2601072000000555,0.2517606554400537
2023-01-08 08:00:00,23.54307900000001,20.07,0.19006290000002338,0.2229529581300275
2023-01-08 09:00:00,27.71391000000001,28.47,0.2858387999999731,0.2782476563999739
2023-01-08 10:00:00,29.075865000000004,28.47,0.745913999999969,0.7617876629999684
2023-01-08 11:00:00,30.346606500000007,28.47,0.37494990000000206,0.39966480760500234
2023-01-08 12:00:00,30.0742155,28.47,0.21665669999986123,0.2288647799548534
2023-01-08 13:00:00,29.738100000000006,28.47,0.32683560000003936,0.3413933880000412
2023-01-08 14:00:00,30.399085500000005,28.47,0.39858000000015537,0.42558719700016595
2023-01-08 15:00:00,30.317868000000008,28.47,0.39914940000001237,0.4250565093600134
2023-01-08 16:00:00,31.0013445,28.47,0.33765419999991303,0.36767594576990525
2023-01-08 17:00:00,32.11714800000001,34.23,0.5319342000000298,0.49910047992002815
2023-01-08 18:00:00,32.68816950000001,34.23,0.9447480000000746,0.9021934782000716
2023-01-08 19:00:00,31.0013445,28.47,0.3422093999998053,0.37263616088978796
2023-01-08 20:00:00,30.354103500000004,28.47,0.4022811000001325,0.4289034824551414
2023-01-08 21:00:00,29.666878500000003,28.47,0.2847,0.29666878500000005
2023-01-08 22:00:00,29.784331500000004,28.47,0.33366839999987774,0.3490723651798722
2023-01-08 23:00:00,27.531483,28.47,0.3353766000002258,0.32432086974021834
2023-01-09 00:00:00,26.755543500000005,29.68,0.24515680000000648,0.22100078931000589
2023-01-09 01:00:00,25.412331000000005,21.86,0.2555433999999714,0.2970701493899668
2023-01-09 02:00:00,24.900036000000007,21.86,0.2601339999999125,0.29631042839990046
2023-01-09 03:00:00,22.2923295,21.86,0.1759730000000636,0.17945325247506488
2023-01-09 04:00:00,23.2719375,21.86,0.28636599999988865,0.30486238124988146
2023-01-09 05:00:00,25.9983465,29.68,0.6416816000000778,0.5620842513300681
2023-01-09 06:00:00,30.7539435,29.68,0.3828719999999892,0.39672587114998875
2023-01-09 07:00:00,37.36005000000001,36.4,0.32541600000008475,0.3339988470000871
2023-01-09 08:00:00,39.85905,36.4,0.38620399999988875,0.4229045204998782
2023-01-09 09:00:00,39.501693,36.4,0.36509199999989145,0.39620198078988217
2023-01-09 10:00:00,37.2438465,36.4,0.5787600000000529,0.5921771593500542
2023-01-09 11:00:00,37.4312715,36.4,1.0166520000002093,1.0454554129952152
2023-01-09 12:00:00,34.931022000000006,36.4,0.7199920000000237,0.690935615160023
2023-01-09 13:00:00,34.569916500000005,36.4,0.3297839999999815,0.31320344348998247
2023-01-09 14:00:00,35.3071215,36.4,0.6329959999998463,0.613990842884851
2023-01-09 15:00:00,36.237999,36.4,1.1462360000001244,1.141134588510124
2023-01-09 16:00:00,37.604952,36.4,1.0319400000000132,1.0661003892000136
2023-01-09 17:00:00,39.3679965,36.4,0.7199920000000237,0.7786989707700258
2023-01-09 18:00:00,40.131441,36.4,0.43425199999974573,0.4787680911297197
2023-01-09 19:00:00,38.7082605,36.4,0.41314000000007944,0.43933875667508454
2023-01-09 20:00:00,37.4237745,36.4,0.497952000000143,0.511957235160147
2023-01-09 21:00:00,34.72735350000001,36.4,0.4531799999999603,0.4323555510749622
2023-01-09 22:00:00,33.86145,36.4,0.37892400000006093,0.35249769450005664
2023-01-09 23:00:00,30.90138450000001,29.68,0.2766175999999374,0.2880009035399349
2023-01-10 00:00:00,30.615249,29.68,0.3448816000000777,0.35574919338008015
2023-01-10 01:00:00,29.451964500000003,29.68,0.31460799999984884,0.31219082369985
2023-01-10 02:00:00,29.255793,29.68,0.24337600000018356,0.23989750260018095
2023-01-10 03:00:00,28.658532,29.68,0.335680799999823,0.3241279969198291
2023-01-10 04:00:00,29.314519500000007,29.68,0.3712968000000605,0.3667246389450598
2023-01-10 05:00:00,30.937620000000003,29.68,0.8589392000000692,0.8953347228000722
2023-01-10 06:00:00,34.627393500000004,36.4,0.47028799999980403,0.4473859240198136
2023-01-10 07:00:00,36.701563500000006,36.4,0.3257800000001589,0.3284789933251603
2023-01-10 08:00:00,38.0260335,36.4,0.35817599999980665,0.374176169639798
2023-01-10 09:00:00,37.412529,36.4,0.3709160000000848,0.38123367051008705
2023-01-10 10:00:00,36.701563500000006,36.4,0.4240599999999868,0.4275732147749867
2023-01-10 11:00:00,35.66697750000001,36.4,0.7159880000002012,0.7015694474251974
2023-01-10 12:00:00,35.01348900000001,36.4,0.4870319999999047,0.46848048281990834
2023-01-10 13:00:00,35.070966000000006,36.4,0.3931199999999735,0.3787664327999745
2023-01-10 14:00:00,35.5370295,36.4,0.376739999999947,0.3678082553249483
2023-01-10 15:00:00,35.60075400000001,36.4,0.44772000000017215,0.4378892742001685
2023-01-10 16:00:00,34.923525000000005,36.4,0.457547999999857,0.43898870924986283
2023-01-10 17:00:00,35.65323300000001,36.4,0.3829279999998835,0.3750720111598859
2023-01-10 18:00:00,34.917277500000004,36.4,0.4557280000001483,0.43716431430014235
2023-01-10 19:00:00,32.916828,29.68,0.3810911999998964,0.42265207151988504
2023-01-10 20:00:00,30.631492500000004,29.68,0.281366400000095,0.2903865489000981
2023-01-10 21:00:00,28.179973500000003,29.68,0.31965360000006693,0.3034983145950636
2023-01-10 22:00:00,27.526485000000005,29.68,0.3309319999999352,0.30692030774993995
2023-01-10 23:00:00,22.735902000000006,21.86,0.22799979999992684,0.237135457859924
2023-01-11 00:00:00,17.9928,21.86,0.18799600000012726,0.15473808000010472
2023-01-11 01:00:00,17.388042,21.86,0.21007459999985367,0.16709908361988357
2023-01-11 02:00:00,17.378046,21.86,0.2424274000000827,0.19272253014006577
2023-01-11 03:00:00,17.369299499999997,21.86,0.21685120000004132,0.17230345104003283
2023-01-11 04:00:00,17.373047999999997,21.86,0.2144465999999491,0.1704296008799595
2023-01-11 05:00:00,17.7116625,21.86,0.5587415999999094,0.4527100934999265
2023-01-11 06:00:00,24.600156,21.86,0.1954284000000509,0.21992539464005728
2023-01-11 07:00:00,28.752244500000007,29.68,0.3374616000001857,0.32691301996518
2023-01-11 08:00:00,33.291678000000005,36.4,0.16270799999971133,0.148813800659736
2023-01-11 09:00:00,33.579063000000005,36.4,0.24752000000010593,0.22833762840009775
2023-01-11 10:00:00,33.82521450000001,36.4,0.24023999999994705,0.22324641569995085
2023-01-11 11:00:00,33.61404900000001,36.4,0.5594680000000953,0.5166479331300882
2023-01-11 12:00:00,32.0459265,29.68,0.44015440000005185,0.47524108999505593
2023-01-11 13:00:00,31.18002300000001,29.68,0.786519999999892,0.8262706094998867
2023-01-11 14:00:00,31.829763000000003,29.68,1.0100104000000734,1.083166834890079
2023-01-11 15:00:00,32.074665,29.68,0.7811775999998833,0.8442051827998741
2023-01-11 16:00:00,32.26209,29.68,0.35556640000009504,0.38649983820010325
2023-01-11 17:00:00,33.9101805,36.4,0.35562799999994965,0.3313024634849531
2023-01-11 18:00:00,33.97140600000001,36.4,0.4353439999999682,0.40629801575997043
2023-01-11 19:00:00,33.33666000000001,36.4,0.44044000000001327,0.4033735860000123
2023-01-11 20:00:00,31.682322000000006,29.68,0.28255360000006696,0.30161570544007155
2023-01-11 21:00:00,29.047126500000005,29.68,0.24871839999992226,0.24341492006992396
2023-01-11 22:00:00,28.827214500000004,29.68,0.2968,0.28827214500000004
2023-01-11 23:00:00,25.932123000000004,29.68,0.28967680000016843,0.2530975204801472
2023-01-12 00:00:00,19.852056,21.86,0.19958179999990297,0.1812492712799119
2023-01-12 01:00:00,18.0615225,21.86,0.1617639999999523,0.13365526649996057
2023-01-12 02:00:00,17.9540655,21.86,0.19695860000016382,0.16176613015513452
2023-01-12 03:00:00,17.380544999999998,21.86,0.21947439999997934,0.17450067179998352
2023-01-12 04:00:00,17.6216985,21.86,0.23499499999996024,0.18943325887496795
2023-01-12 05:00:00,20.484303,21.86,0.5978709999999284,0.5602456870499329
2023-01-12 06:00:00,28.078764000000003,29.68,0.2611840000000324,0.24709312320003068
2023-01-12 07:00:00,31.3062225,29.68,0.252280000000108,0.26610289125011394
2023-01-12 08:00:00,30.716458500000005,29.68,0.2065727999999741,0.21378655115997322
2023-01-12 09:00:00,29.59190850000001,29.68,0.14513519999987476,0.14470443256487517
2023-01-12 10:00:00,27.956313,29.68,0.6128920000001512,0.5772978634501424
2023-01-12 11:00:00,28.286181000000003,29.68,0.21369599999980565,0.2036605031998148
2023-01-12 12:00:00,26.849256000000004,29.68,0.11812640000004104,0.10686003888003713
2023-01-12 13:00:00,27.593958000000004,29.68,0.19648160000007775,0.1826720019600723
2023-01-12 14:00:00,28.38864000000001,29.68,0.2582159999999676,0.2469811679999691
2023-01-12 15:00:00,29.260791000000005,29.68,0.5297879999999568,0.5223051193499575
2023-01-12 16:00:00,29.748096000000004,29.68,0.29205120000011225,0.2927212646401126
2023-01-12 17:00:00,31.363699500000006,29.68,0.24664080000003885,0.2606323428450411
2023-01-12 18:00:00,32.298325500000004,29.68,0.3101560000000216,0.3375175014750236
2023-01-12 19:00:00,29.961760500000008,29.68,0.29976799999979487,0.302613781049793
2023-01-12 20:00:00,29.781832500000004,29.68,0.3235120000000432,0.3246219742500434
2023-01-12 21:00:00,27.960061500000005,29.68,0.2240840000000324,0.21109846432503054
2023-01-12 22:00:00,26.168278500000003,29.68,0.27691439999999784,0.24415003840499816
2023-01-12 23:00:00,22.312321500000003,21.86,0.20482819999997773,0.20906645245497732
2023-01-13 00:00:00,21.446418,21.86,0.17925199999993638,0.1758606275999376
2023-01-13 01:00:00,19.4909505,21.86,0.1652616000000684,0.147351585780061
2023-01-13 02:00:00,18.4926,21.86,0.2109490000000318,0.17845359000002692
2023-01-13 03:00:00,17.620448999999997,21.86,0.2081072000000493,0.16774667448003971
2023-01-13 04:00:00,17.6941695,21.86,0.20592120000000158,0.1666790766900013
2023-01-13 05:00:00,20.524287,21.86,0.47982699999993633,0.4505080996499403
2023-01-13 06:00:00,24.207813000000005,21.86,0.1858100000000795,0.2057664105000881
2023-01-13 07:00:00,28.348656000000005,29.68,0.207759999999946,0.19844059199994848
2023-01-13 08:00:00,30.606502500000005,29.68,0.20479199999988124,0.21118486724987753
2023-01-13 09:00:00,29.943018,29.68,0.12465600000002158,0.12576067560002177
2023-01-13 10:00:00,29.219557500000004,29.68,0.12821759999993737,0.12622848839993836
2023-01-13 11:00:00,27.980053500000004,29.68,0.06678000000010798,0.0629551203751018
2023-01-13 12:00:00,26.930473500000005,29.68,0.24426640000009503,0.22163779690508625
2023-01-13 13:00:00,26.144538,29.68,0.2775079999998489,0.24445143029986685
2023-01-13 14:00:00,26.558122500000003,29.68,0.9245319999999352,0.8272855158749421
2023-01-13 15:00:00,27.345307500000004,29.68,0.5164320000002052,0.4758083505001891
2023-01-13 16:00:00,28.02753450000001,29.68,0.4110679999997949,0.3881813528248064
2023-01-13 17:00:00,29.475705000000005,29.68,0.31609200000015114,0.3139162582501502
2023-01-13 18:00:00,29.4844515,29.68,0.3306351999998748,0.3284567897098756
2023-01-13 19:00:00,29.352004500000003,29.68,0.3193568000000065,0.3158275684200065
2023-01-13 20:00:00,27.981303000000004,29.68,0.2605904000001814,0.24567584034017106
2023-01-13 21:00:00,26.9754555,29.68,0.34695919999996117,0.31534307479496465
2023-01-13 22:00:00,26.92797450000001,29.68,0.33479039999991145,0.3037475523599198
2023-01-13 23:00:00,25.902135000000005,29.68,0.27632080000014686,0.24114887685012823
2023-01-14 00:00:00,20.576766,20.07,0.17541179999995912,0.17984093483995808
2023-01-14 01:00:00,21.693819,20.07,0.21976650000005113,0.23754731805005527
2023-01-14 02:00:00,22.953315000000007,20.07,0.2117384999998759,0.24215747324985815
2023-01-14 03:00:00,22.519738500000003,20.07,0.15253200000004383,0.17115001260004917
2023-01-14 04:00:00,22.453515000000003,20.07,0.19367550000002923,0.2166764197500327
2023-01-14 05:00:00,22.451016000000003,20.07,0.46582469999998244,0.5210880813599805
2023-01-14 06:00:00,23.003295000000005,20.07,0.3369753000000176,0.38622532305002016
2023-01-14 07:00:00,24.007893000000006,20.07,0.29543039999995035,0.3533961849599407
2023-01-14 08:00:00,23.907933000000007,20.07,0.28358910000009346,0.33781909329011145
2023-01-14 09:00:00,24.135342000000005,20.07,0.23582249999985397,0.28359026849982444
2023-01-14 10:00:00,23.6742765,20.07,0.3431970000000073,0.40483012815000863
2023-01-14 11:00:00,24.241549500000005,20.07,0.28258560000007155,0.3413210169600865
2023-01-14 12:00:00,23.479354500000003,20.07,0.7817265000000876,0.9145208577751026
2023-01-14 13:00:00,20.5230375,20.07,0.5643683999999796,0.5771078144999792
2023-01-14 14:00:00,19.044879,20.07,0.5166017999999226,0.49021518545992665
2023-01-14 15:00:00,18.4988475,20.07,0.5691852000000482,0.5246273151000443
2023-01-14 16:00:00,18.497598,20.07,0.5097779999999927,0.4698389891999933
2023-01-14 17:00:00,18.747498,20.07,0.3000464999999781,0.28027509509997955
2023-01-14 18:00:00,19.0786155,20.07,0.23060430000006865,0.2192132920950653
2023-01-14 19:00:00,18.222708,20.07,0.2667302999999445,0.24217978931994963
2023-01-14 20:00:00,18.4963485,20.07,0.26291699999989776,0.24230216534990578
2023-01-14 21:00:00,18.5013465,20.07,0.25830090000005257,0.23811232945504848
2023-01-14 22:00:00,18.105255,20.07,0.2103335999999547,0.18974307239995916
2023-01-14 23:00:00,18.0165405,20.07,0.17019359999999126,0.15278026343999215
2023-01-15 00:00:00,17.860353,20.07,0.1786230000000657,0.15895714170005848
2023-01-15 01:00:00,17.5817145,20.07,0.2089287000000336,0.18302564794502943
2023-01-15 02:00:00,17.880345000000002,20.07,0.22237560000003506,0.19811422260003123
2023-01-15 03:00:00,17.699167499999998,20.07,0.16898939999992846,0.14902699034993688
2023-01-15 04:00:00,17.726656499999997,20.07,0.18123210000004966,0.16007170819504382
2023-01-15 05:00:00,17.8690995,20.07,0.5077709999999489,0.4520882173499545
2023-01-15 06:00:00,17.565471,20.07,0.23843160000002045,0.20867779548001789
2023-01-15 07:00:00,17.585462999999997,20.07,0.20933009999993282,0.18341637908994113
2023-01-15 08:00:00,18.502596,20.07,0.22056930000003214,0.20334353004002964
2023-01-15 09:00:00,18.6562845,20.07,0.1344690000000146,0.1249971061500136
2023-01-15 10:00:00,18.4938495,20.07,0.2821841999999898,0.26002352396999057
2023-01-15 11:00:00,18.3713985,20.07,0.4684337999999664,0.4287884409899693
2023-01-15 12:00:00,18.212712,20.07,0.24084000000014605,0.21855254400013252
2023-01-15 13:00:00,17.420529,20.07,0.24846659999987442,0.21566614901989098
2023-01-15 14:00:00,17.4042855,20.07,0.2619135000000584,0.22712592577505067
2023-01-15 15:00:00,17.408033999999997,20.07,0.4128398999999577,0.3580832593799632
2023-01-15 16:00:00,17.425527,20.07,0.32774309999996204,0.284558855909967
2023-01-15 17:00:00,17.524237499999998,20.07,0.20330909999998395,0.17752052587498596
2023-01-15 18:00:00,20.7354525,20.07,0.27475830000011975,0.28386834472512373
2023-01-15 19:00:00,20.5255365,20.07,0.27094499999989047,0.277094742749888
2023-01-15 20:00:00,18.8886915,20.07,0.2703429000001329,0.2544306745051251
2023-01-15 21:00:00,19.8283155,20.07,0.25348409999998395,0.25043162476498415
2023-01-15 22:00:00,21.383943,20.07,0.1996964999999781,0.21277023284997665
2023-01-15 23:00:00,22.0499265,20.07,0.2177595000000073,0.23924170252500804
2023-01-16 00:00:00,24.8662995,21.86,0.2798079999999443,0.3182886335999367
2023-01-16 01:00:00,24.8662995,21.86,0.24898540000002706,0.2832271513050308
2023-01-16 02:00:00,25.20491400000001,21.86,0.19061920000006521,0.21978685008007529
2023-01-16 03:00:00,24.377745000000004,21.86,0.28636599999988865,0.3193484594998759
2023-01-16 04:00:00,25.27738500000001,21.86,0.292268200000097,0.33795863745011234
2023-01-16 05:00:00,28.238700000000005,29.68,0.9622255999997862,0.9154986539997968
2023-01-16 06:00:00,36.689068500000005,36.4,0.5569200000002383,0.5613427480502403
2023-01-16 07:00:00,39.248044500000006,36.4,0.313403999999955,0.3379256631449515
2023-01-16 08:00:00,40.6075005,36.4,0.4236959999999126,0.4726713058199025
2023-01-16 09:00:00,38.60955,36.4,0.5103280000000159,0.5413058910000169
2023-01-16 10:00:00,36.13554,36.4,1.7828720000000502,1.7699187492000499
2023-01-16 11:00:00,36.2217555,36.4,1.0537799999998279,1.0486198217248286
2023-01-16 12:00:00,35.740698,36.4,0.7782320000003019,0.7641361232402964
2023-01-16 13:00:00,34.9697565,36.4,0.5576479999997246,0.5357366695797354
2023-01-16 14:00:00,35.01598800000001,36.4,1.2175800000000927,1.1712847986000894
2023-01-16 15:00:00,35.572015500000006,36.4,0.4531799999999603,0.44287159297496126
2023-01-16 16:00:00,36.21175950000001,36.4,0.5459999999999999,0.5431763925000002
2023-01-16 17:00:00,38.2084605,36.4,0.5532800000001589,0.5807685996001668
2023-01-16 18:00:00,39.074364,36.4,0.4968599999999206,0.5333650685999147
2023-01-16 19:00:00,36.173025,36.4,0.48193599999985964,0.47893085099986055
2023-01-16 20:00:00,34.4824515,36.4,0.4582760000000053,0.4341340643850051
2023-01-16 21:00:00,33.329163,36.4,0.3745560000001642,0.3429570872701504
2023-01-16 22:00:00,32.76688800000001,29.68,0.340726400000041,0.37616387424004544
2023-01-16 23:00:00,31.03758,29.68,0.37693599999985966,0.39417726599985325
2023-01-17 00:00:00,29.643138000000008,29.68,0.3383520000000972,0.3379317732000971
2023-01-17 01:00:00,29.189569500000005,29.68,0.2867088000001036,0.281971241370102
2023-01-17 02:00:00,28.852204500000006,29.68,0.40186719999980997,0.3906588489298154
2023-01-17 03:00:00,28.5523245,29.68,0.3445848000000173,0.33149248744501664
2023-01-17 04:00:00,28.834711500000004,29.68,0.39236960000003457,0.3811948860300336
2023-01-17 05:00:00,29.86305,29.68,1.1699856000000022,1.1772014310000023
2023-01-17 06:00:00,31.982202000000004,29.68,0.41136480000012526,0.44327331972013506
2023-01-17 07:00:00,34.96101000000001,36.4,0.4207839999999815,0.40414927559998226
2023-01-17 08:00:00,36.35545200000001,36.4,0.36509199999989145,0.3646451835598916
2023-01-17 09:00:00,34.37374500000001,36.4,0.3021199999999735,0.28530208349997505
2023-01-17 10:00:00,33.1329915,36.4,0.3359719999999179,0.3058175115449253
2023-01-17 11:00:00,32.7056625,29.68,0.24545360000006697,0.27047582887507376
2023-01-17 12:00:00,31.870996500000004,29.68,0.25673199999993523,0.27568411972493045
2023-01-17 13:00:00,33.556572,36.4,0.3316040000000212,0.30570037092001956
2023-01-17 14:00:00,35.616997500000004,36.4,0.3669119999999311,0.3590193347999327
2023-01-17 15:00:00,37.84110750000001,36.4,0.36618400000011386,0.38068154145011845
2023-01-17 16:00:00,39.8652975,36.4,0.5481840000001139,0.6003713803501247
2023-01-17 17:00:00,40.96235849999999,36.4,0.4746560000000318,0.5341491548400357
2023-01-17 18:00:00,39.471705,36.4,1.0737999999999337,1.1644152974999282
2023-01-17 19:00:00,39.304272000000005,36.4,0.4717440000001006,0.5093833651201087
2023-01-17 20:00:00,36.612849,36.4,0.5350799999997616,0.5382088802997602
2023-01-17 21:00:00,35.643237000000006,36.4,0.4746560000000318,0.4647878104800312
2023-01-17 22:00:00,34.853553,36.4,0.3567200000001721,0.34156481940016487
2023-01-17 23:00:00,33.3279135,36.4,0.40039999999980136,0.3666070484998181
2023-01-18 00:00:00,32.718157500000004,29.68,0.38969840000003025,0.42958940797503337
2023-01-18 01:00:00,32.946816,29.68,0.25880960000008857,0.28729623552009825
2023-01-18 02:00:00,32.941818000000005,29.68,0.3754519999998272,0.4167139976998083
2023-01-18 03:00:00,32.720656500000004,29.68,0.3894016000002397,0.4292950132802643
2023-01-18 04:00:00,32.3508045,29.68,0.28937999999983804,0.3154203438748235
2023-01-18 05:00:00,33.18672000000001,36.4,0.8765120000001297,0.7991362176001185
2023-01-18 06:00:00,36.450414,36.4,0.5052319999999708,0.5059317463199708
2023-01-18 07:00:00,38.8207155,36.4,0.5849479999999894,0.6238488980849887
2023-01-18 08:00:00,40.94236649999999,36.4,0.5722080000000423,0.6436140013800475
2023-01-18 09:00:00,40.2476445,36.4,0.4943120000000636,0.5465630123100703
2023-01-18 10:00:00,37.51623750000001,36.4,0.8444799999998941,0.870376709999891
2023-01-18 11:00:00,36.4166775,36.4,1.061787999999804,1.0622744826748038
2023-01-18 12:00:00,34.9697565,36.4,0.905268000000029,0.869697844155028
2023-01-18 13:00:00,35.01598800000001,36.4,0.8040760000002702,0.7735031749202601
2023-01-18 14:00:00,35.15218350000001,36.4,0.9889879999998702,0.9550848256948749
2023-01-18 15:00:00,36.44666550000001,36.4,0.7097999999999338,0.7107099772499339
2023-01-18 16:00:00,36.5866095,36.4,0.5878599999999206,0.5908737434249202
2023-01-18 17:00:00,37.939818,36.4,0.42588000000002646,0.4438958706000276
2023-01-18 18:00:00,37.230102,36.4,0.571480000000225,0.5845126014002303
2023-01-18 19:00:00,34.0551225,36.4,0.4185999999998676,0.39163390874987614
2023-01-18 20:00:00,34.546176,36.4,0.5794879999998702,0.5499751219198769
2023-01-18 21:00:00,33.795226500000005,36.4,0.3552640000002066,0.32984141064019185
2023-01-18 22:00:00,33.4853505,36.4,0.5085079999999761,0.46779034648497814
2023-01-18 23:00:00,31.447416000000004,29.68,0.30332959999998055,0.3213925915199795
2023-01-19 00:00:00,31.303723500000004,29.68,0.41077120000000433,0.43324353324000464
2023-01-19 01:00:00,30.735201000000004,29.68,0.31490479999990934,0.3261004826099061
2023-01-19 02:00:00,30.484051500000003,29.68,0.3941504000001274,0.4048282039201309
2023-01-19 03:00:00,30.07796400000001,29.68,0.3178727999999741,0.32213499443997384
2023-01-19 04:00:00,29.755593,29.68,0.45083920000006916,0.45198745767006926
2023-01-19 05:00:00,31.231252500000007,29.68,0.7752416000000237,0.8157603153000252
2023-01-19 06:00:00,32.139639,29.68,0.5217743999999438,0.5650148536199392
2023-01-19 07:00:00,36.063069000000006,36.4,0.3705520000000106,0.36712204242001056
2023-01-19 08:00:00,37.3513035,36.4,0.5216119999999973,0.5352441791549972
2023-01-19 09:00:00,36.845256000000006,36.4,0.487760000000053,0.4937264304000537
2023-01-19 10:00:00,36.71155950000001,36.4,0.9085439999997034,0.9163205251197011
2023-01-19 11:00:00,34.6898685,36.4,0.5070520000000106,0.4832298682050102
2023-01-19 12:00:00,36.1192965,36.4,0.40112800000028076,0.39803464743027855
2023-01-19 13:00:00,36.7190565,36.4,0.8040759999999391,0.8111239580849386
2023-01-19 14:00:00,37.4212755,36.4,0.5492760000000052,0.5646870472950054
2023-01-19 15:00:00,39.746595,36.4,0.37855999999998674,0.41336458799998554
2023-01-19 16:00:00,40.6449855,36.4,0.5176079999998437,0.5779716938098255
2023-01-19 17:00:00,42.19936349999999,36.4,0.49504000000021187,0.5739113436002455
2023-01-19 18:00:00,42.05442149999999,36.4,0.4742919999999576,0.5479691121449509
2023-01-19 19:00:00,40.6449855,36.4,0.5842199999998411,0.6523520172748225
2023-01-19 20:00:00,38.600803500000005,36.4,0.41932800000001585,0.4446812563200169
2023-01-19 21:00:00,37.331311500000005,36.4,0.5663840000001801,0.5808752069401848
2023-01-19 22:00:00,37.62744300000001,36.4,0.34834799999979077,0.3600946295097838
2023-01-19 23:00:00,34.798575,36.4,0.5336240000001271,0.5101471095001215
2023-01-20 00:00:00,35.72195550000001,36.4,0.42187599999987285,0.41401746424487534
2023-01-20 01:00:00,35.423325,36.4,0.42478800000013506,0.41339020275013144
2023-01-20 02:00:00,35.165928,36.4,0.5554639999999418,0.5366320612799437
2023-01-20 03:00:00,35.210910000000005,36.4,0.35853999999988084,0.3468274634998848
2023-01-20 04:00:00,35.483301000000004,36.4,0.5314400000000132,0.518056194600013
2023-01-20 05:00:00,36.173025,36.4,1.023567999999963,1.0171854629999633
2023-01-20 06:00:00,39.3604995,36.4,0.5161520000002092,0.5581318829102263
2023-01-20 07:00:00,43.36639649999999,36.4,0.4742919999999576,0.5650641463949494
2023-01-20 08:00:00,46.73879699999999,36.4,0.7221760000001377,0.9272977324801767
2023-01-20 09:00:00,45.06946499999999,36.4,0.5773039999997563,0.714801714899698
2023-01-20 10:00:00,43.57881149999999,36.4,0.9678760000002039,1.158760597785244
2023-01-20 11:00:00,42.547974,36.4,1.2274079999997776,1.4347176832797401
2023-01-20 12:00:00,41.01608699999999,36.4,1.3460720000001165,1.5167748972601311
2023-01-20 13:00:00,40.0627185,36.4,0.707979999999894,0.7792198748248835
2023-01-20 14:00:00,40.153932000000005,36.4,0.7189000000001324,0.7930401570001462
2023-01-20 15:00:00,41.35844999999999,36.4,0.5259799999998941,0.5976296024998795
2023-01-20 16:00:00,42.35804999999999,36.4,0.571480000000225,0.6650213850002618
2023-01-20 17:00:00,43.38513899999999,36.4,0.5445439999997034,0.6490416794396462
2023-01-20 18:00:00,43.40763,36.4,0.42624400000010065,0.50830334730012
2023-01-20 19:00:00,41.98319999999999,36.4,0.6100640000001404,0.7036384320001617
2023-01-20 20:00:00,39.321765,36.4,0.4520880000000688,0.48837632130007436
2023-01-20 21:00:00,38.1559815,36.4,0.6031479999997246,0.6322446134547114
2023-01-20 22:00:00,37.747395,36.4,0.46046000000011916,0.47750454675012355
2023-01-20 23:00:00,35.8044225,36.4,0.4608239999998623,0.45328398884986454
2023-01-21 00:00:00,35.37709350000001,34.23,0.48846210000020174,0.5048311242452086
2023-01-21 01:00:00,34.86854700000001,34.23,0.33408479999988294,0.34031701871988085
2023-01-21 02:00:00,34.88479050000001,34.23,0.5267996999999178,0.5368769257949164
2023-01-21 03:00:00,34.078863000000005,34.23,0.4268481000001021,0.42496342161010175
2023-01-21 04:00:00,33.766488,34.23,0.37926840000005974,0.37413268704005903
2023-01-21 05:00:00,33.868947000000006,34.23,0.7838669999999875,0.7755988862999879
2023-01-21 06:00:00,33.67027650000001,34.23,0.6216167999999327,0.611452221239934
2023-01-21 07:00:00,34.8922875,34.23,0.5511030000001992,0.5617658287502032
2023-01-21 08:00:00,36.420426000000006,34.23,0.7373141999998429,0.7844959760398332
2023-01-21 09:00:00,38.816967,34.23,1.0577070000000497,1.1994442803000565
2023-01-21 10:00:00,38.6107995,34.23,0.447043799999858,0.5042570414698399
2023-01-21 11:00:00,36.977703000000005,34.23,0.3412731000001021,0.3686676989101104
2023-01-21 12:00:00,35.849404500000006,34.23,0.7835246999999177,0.820592869004914
2023-01-21 13:00:00,34.488699000000004,34.23,0.840346499999975,0.846697560449975
2023-01-21 14:00:00,34.433721000000006,34.23,0.6479739000000099,0.65183033853001
2023-01-21 15:00:00,34.348755000000004,34.23,0.6298320000000498,0.6320170920000501
2023-01-21 16:00:00,35.38833900000001,34.23,0.6127169999999875,0.6334512680999873
2023-01-21 17:00:00,39.099354,34.23,0.6887075999999028,0.786679002479889
2023-01-21 18:00:00,39.7203555,34.23,0.5076309000000597,0.5890528720650694
2023-01-21 19:00:00,35.300874,34.23,0.4877775000000622,0.5030374545000642
2023-01-21 20:00:00,34.6773735,34.23,0.4336940999999402,0.4393623222449395
2023-01-21 21:00:00,34.366248000000006,34.23,0.5333033999999974,0.5354261438399976
2023-01-21 22:00:00,33.846456,34.23,0.3577035000000249,0.35369546520002465
2023-01-21 23:00:00,32.082162000000004,34.23,0.5264574000001594,0.49342365156014945
2023-01-22 00:00:00,33.31167000000001,34.23,0.3703685999998032,0.3604322693998086
2023-01-22 01:00:00,32.238349500000005,34.23,0.4494399000000348,0.4232895289350329
2023-01-22 02:00:00,31.9584615,34.23,0.4833276000000896,0.45125347638008373
2023-01-22 03:00:00,32.155882500000004,34.23,0.3542804999999502,0.33281338387495324
2023-01-22 04:00:00,32.626944,34.23,0.4884620999998904,0.46558649087989556
2023-01-22 05:00:00,32.085910500000004,34.23,0.7722288000001071,0.7238581408801005
2023-01-22 06:00:00,33.31167000000001,34.23,0.5168730000000747,0.5030062170000729
2023-01-22 07:00:00,33.31167000000001,34.23,0.4525206000000398,0.4403802774000388
2023-01-22 08:00:00,34.5499245,34.23,0.49565039999979826,0.5002829067597964
2023-01-22 09:00:00,35.58825900000001,34.23,0.6602967000000298,0.6864975161100313
2023-01-22 10:00:00,36.270486000000005,34.23,0.9279753000000821,0.9832928754600873
2023-01-22 11:00:00,37.5787125,34.23,0.7712018999998977,0.846648392624888
2023-01-22 12:00:00,37.553722500000006,34.23,0.4035717000000299,0.4427583882750329
2023-01-22 13:00:00,36.11055,34.23,0.5630835000001494,0.5940185475001577
2023-01-22 14:00:00,36.72280500000001,34.23,0.770175,0.8262631125000002
2023-01-22 15:00:00,37.046425500000005,34.23,0.4299287999997957,0.46530310427977906
2023-01-22 16:00:00,38.7382485,34.23,0.5038656000002266,0.5702270179202564
2023-01-22 17:00:00,41.35720049999999,34.23,0.49530810000003983,0.598438691235048
2023-01-22 18:00:00,42.61669649999999,34.23,0.450124499999863,0.5604095589748294
2023-01-22 19:00:00,42.2568405,34.23,0.45868200000004977,0.5662416627000615
2023-01-22 20:00:00,39.7353495,34.23,0.48469680000005727,0.5626525489200664
2023-01-22 21:00:00,38.7057615,34.23,0.5045501999997434,0.57052292450971
2023-01-22 22:00:00,37.71740700000001,34.23,0.42102900000016186,0.4639241061001785
2023-01-22 23:00:00,36.555372000000006,34.23,0.4004910000000249,0.4276978524000267
2023-01-23 00:00:00,35.980602000000005,36.4,0.41314000000007944,0.4083798327000786
2023-01-23 01:00:00,35.985600000000005,36.4,0.42478799999980404,0.4199519519998063
2023-01-23 02:00:00,35.910630000000005,36.4,0.5088720000000503,0.5020306074000497
2023-01-23 03:00:00,35.80942050000001,36.4,0.4531799999999603,0.44582728522496107
2023-01-23 04:00:00,36.095556,36.4,0.44298800000020133,0.4392829165201997
2023-01-23 05:00:00,36.150534,36.4,1.0119199999999073,1.004984845199908
2023-01-23 06:00:00,41.10355199999999,36.4,0.7709519999998119,0.8705732313597875
2023-01-23 07:00:00,45.67422299999999,36.4,0.4484479999999894,0.5627064273599865
2023-01-23 08:00:00,49.59515399999999,36.4,0.3680040000001536,0.5014070069402091
2023-01-23 09:00:00,51.132039,36.4,0.5157880000001351,0.7245409926301898
2023-01-23 10:00:00,48.59805299999999,36.4,0.9817079999997113,1.3106894894096144
2023-01-23 11:00:00,46.1352885,36.4,0.9402120000001959,1.1916745019552486
2023-01-23 12:00:00,44.97575249999999,36.4,1.2066599999998544,1.4909461953748198
2023-01-23 13:00:00,44.75459099999999,36.4,0.5853120000000636,0.7196538232800781
2023-01-23 14:00:00,44.81831549999999,36.4,0.7465640000001403,0.9192236509051727
2023-01-23 15:00:00,44.7308505,36.4,0.9853479999997907,1.210864123034743
2023-01-23 16:00:00,45.429321,36.4,0.5139680000000953,0.641462012520119
2023-01-23 17:00:00,48.468105,36.4,0.5558280000000159,0.7401079633500212
2023-01-23 18:00:00,48.36439649999999,36.4,0.7571199999999735,1.0059794471999646
2023-01-23 19:00:00,45.25564049999999,36.4,0.4812080000000424,0.5982795674100526
2023-01-23 20:00:00,42.79912349999999,36.4,0.5915,0.6954857568749999
2023-01-23 21:00:00,40.3600995,36.4,0.44771999999984113,0.4964292238498238
2023-01-23 22:00:00,38.8706955,36.4,0.538356000000098,0.5748975864451046
2023-01-23 23:00:00,37.794876,36.4,0.3399760000000715,0.3530041418400743
2023-01-24 00:00:00,37.9660575,36.4,0.5642000000000662,0.5884738912500691
2023-01-24 01:00:00,37.3687965,36.4,0.33961199999999736,0.34865087134499734
2023-01-24 02:00:00,36.7090605,36.4,0.5565559999998331,0.5612815350448317
2023-01-24 03:00:00,35.991847500000006,36.4,0.3607239999999947,0.3566792087249948
2023-01-24 04:00:00,36.56661750000001,36.4,0.5660200000001059,0.5686109021251066
2023-01-24 05:00:00,37.777383,36.4,0.9289279999998834,0.9640788141598791
2023-01-24 06:00:00,40.310119500000006,36.4,0.7982520000000769,0.8840009206350853
2023-01-24 07:00:00,43.617546,36.4,0.43789200000015627,0.5247190783801873
2023-01-24 08:00:00,48.74299499999999,36.4,0.5110559999998331,0.6843516497997765
2023-01-24 09:00:00,49.40897849999999,36.4,0.5187000000000662,0.7040779436250897
2023-01-24 10:00:00,47.18861699999999,36.4,0.5696599999998543,0.7385018560498109
2023-01-24 11:00:00,46.10405099999999,36.4,0.5132399999999471,0.6500671190999329
2023-01-24 12:00:00,44.59715399999999,36.4,1.086540000000212,1.3312250469002593
2023-01-24 13:00:00,43.1139975,36.4,0.4812080000000424,0.5699670469500502
2023-01-24 14:00:00,44.267285999999984,36.4,1.1342239999999948,1.3793686317599931
2023-01-24 15:00:00,44.60465099999999,36.4,1.0523239999998624,1.2895204604098311
2023-01-24 16:00:00,45.429321,36.4,0.9504039999999551,1.186159571309944
2023-01-24 17:00:00,48.60554999999999,36.4,0.7949760000000715,1.0615452120000952
2023-01-24 18:00:00,48.60554999999999,36.4,0.7465640000001403,0.9968998305001872
2023-01-24 19:00:00,46.2502425,36.4,0.6282639999998755,0.7982791855498418
2023-01-24 20:00:00,44.109849,36.4,0.5569199999999073,0.6748806896998876
2023-01-24 21:00:00,40.7799315,36.4,0.5419960000001774,0.6072131800351989
2023-01-24 22:00:00,38.9131785,36.4,0.5387199999998411,0.5759150417998301
2023-01-24 23:00:00,37.63993800000001,36.4,0.4240599999999868,0.43850527769998643
2023-01-25 00:00:00,36.0068415,36.4,0.49504000000021187,0.48969304440020955
2023-01-25 01:00:00,36.21425850000001,36.4,0.5714799999998941,0.5685638584498947
2023-01-25 02:00:00,36.199264500000005,36.4,0.44044000000001327,0.43801110045001324
2023-01-25 03:00:00,35.8069215,36.4,0.4640999999998676,0.45653824912486973
2023-01-25 04:00:00,35.698215000000005,36.4,0.6297200000001721,0.6175791195001689
2023-01-25 05:00:00,36.2167575,36.4,0.9918999999998014,0.9869066418748024
2023-01-25 06:00:00,38.68452,36.4,0.8685040000001536,0.9230126472001632
2023-01-25 07:00:00,42.36929549999999,36.4,0.5747559999998993,0.6690111759448827
2023-01-25 08:00:00,45.48679799999999,36.4,0.41969200000009005,0.5244627809401124
2023-01-25 09:00:00,45.48179999999999,36.4,0.5747559999998993,0.7181576219998742
2023-01-25 10:00:00,43.909928999999984,36.4,0.9365720000001165,1.1298024731701402
2023-01-25 11:00:00,42.48050099999999,36.4,0.7753200000000398,0.9048346713000461
2023-01-25 12:00:00,41.50838999999999,36.4,0.4673759999998729,0.532967727599855
2023-01-25 13:00:00,40.508790000000005,36.4,0.40258399999991523,0.44802721739990575
2023-01-25 14:00:00,41.320965,36.4,0.5241600000001854,0.5950218960002105
2023-01-25 15:00:00,42.02068499999999,36.4,0.5845839999999152,0.6748522010999021
2023-01-25 16:00:00,42.2568405,36.4,0.4684680000000953,0.5438455372351108
2023-01-25 17:00:00,43.15148249999999,36.4,0.42588000000002646,0.5048723452500313
2023-01-25 18:00:00,43.43511899999999,36.4,0.6504679999997643,0.7761855765297186
2023-01-25 19:00:00,41.50963949999999,36.4,0.5842200000001722,0.6662297139751963
2023-01-25 20:00:00,39.1455855,36.4,0.48594000000001325,0.5225935664250143
2023-01-25 21:00:00,38.1035025,36.4,0.5980520000000106,0.626040546075011
2023-01-25 22:00:00,37.8111195,36.4,0.5605599999999867,0.5822912402999862
2023-01-25 23:00:00,36.51413850000001,36.4,0.3920280000000821,0.39325727164508245
2023-01-26 00:00:00,36.11055,36.4,0.5332600000000529,0.5290195575000526
2023-01-26 01:00:00,34.9022835,36.4,0.5587399999999471,0.5357500517249493
2023-01-26 02:00:00,34.502443500000005,36.4,0.43315999999985433,0.41057907764986196
2023-01-26 03:00:00,34.1900685,36.4,0.44226000000005294,0.4154093322750498
2023-01-26 04:00:00,34.3624995,36.4,0.6104279999998835,0.57625911661489
2023-01-26 05:00:00,35.342107500000004,36.4,0.9576840000001139,0.9298508483251107
2023-01-26 06:00:00,38.06976600000001,36.4,0.7039760000000714,0.736269274440075
2023-01-26 07:00:00,40.731201000000006,36.4,0.5288919999998252,0.5918243505298045
2023-01-26 08:00:00,42.22685249999999,36.4,0.39894400000016683,0.4628063034001935
2023-01-26 09:00:00,42.72165449999999,36.4,0.49030799999991,0.5754606861148942
2023-01-26 10:00:00,41.99694449999999,36.4,0.5685679999999629,0.6559922730899571
2023-01-26 11:00:00,41.63708849999999,36.4,0.64719200000009,0.7403074335301029
2023-01-26 12:00:00,40.7574405,36.4,0.3796519999998782,0.42510010441486357
2023-01-26 13:00:00,40.448814,36.4,0.8095360000000582,0.8995816233600646
2023-01-26 14:00:00,40.018986000000005,36.4,0.5987800000001589,0.6583123197001749
2023-01-26 15:00:00,39.311769,36.4,0.5270719999997855,0.5692344151197682
2023-01-26 16:00:00,38.467107000000006,36.4,0.46664800000005563,0.49314831174005885
2023-01-26 17:00:00,40.63374,36.4,0.5878599999999206,0.6562349009999113
2023-01-26 18:00:00,39.950263500000005,36.4,0.5299840000000476,0.5816758365600524
2023-01-26 19:00:00,38.6782725,36.4,0.45864000000007943,0.48734623350008444
2023-01-26 20:00:00,37.2338505,36.4,0.6129760000000716,0.6270180424200732
2023-01-26 21:00:00,36.665328,36.4,0.44881200000006355,0.45208349424006405
2023-01-26 22:00:00,36.07931250000001,36.4,0.4768399999998146,0.4726389937498163
2023-01-26 23:00:00,34.5999045,36.4,0.5871320000001032,0.5580964595850982
2023-01-27 00:00:00,34.23630000000001,36.4,0.38074399999976954,0.3581116979997834
2023-01-27 01:00:00,33.8901885,36.4,0.5219760000000715,0.48598530309006666
2023-01-27 02:00:00,33.651534000000005,36.4,0.5438160000002171,0.5027539179602009
2023-01-27 03:00:00,33.000544500000004,29.68,0.3104527999998121,0.34518569546979117
2023-01-27 04:00:00,33.4003845,36.4,0.6158880000000027,0.5651345057400025
2023-01-27 05:00:00,34.126344,36.4,1.0683400000001457,1.0016081964001367
2023-01-27 06:00:00,36.2367495,36.4,1.0144680000000954,1.0099182085650948
2023-01-27 07:00:00,39.371745,36.4,0.6464639999999418,0.6992421911999369
2023-01-27 08:00:00,41.73329999999999,36.4,0.49212799999994966,0.5642342159999422
2023-01-27 09:00:00,42.2568405,36.4,0.39020800000004235,0.4529933301600492
2023-01-27 10:00:00,41.73329999999999,36.4,0.3578120000000636,0.41023833900007284
2023-01-27 11:00:00,41.10855,36.4,0.9078159999998862,1.0252472369998713
2023-01-27 12:00:00,40.241397000000006,36.4,0.1375919999998914,0.15211248065987998
2023-01-27 13:00:00,39.85905,36.4,0.15834000000014567,0.17338686750015952
2023-01-27 14:00:00,40.046475,36.4,1.038492000000024,1.1425259317500263
2023-01-27 15:00:00,40.4838,36.4,1.0981879999999364,1.2213962459999295
2023-01-27 16:00:00,40.85864999999999,36.4,0.5660200000001059,0.6353520075001188
2023-01-27 17:00:00,42.11439749999999,36.4,0.6249879999998702,0.7231042050748496
2023-01-27 18:00:00,42.44551499999999,36.4,0.492856000000098,0.5747122731001142
2023-01-27 19:00:00,41.57086499999999,36.4,0.49467599999980666,0.5649480553497791
2023-01-27 20:00:00,40.046475,36.4,0.47684000000014565,0.5246088225001603
2023-01-27 21:00:00,38.1409875,36.4,0.4178720000000503,0.43785853650005274
2023-01-27 22:00:00,36.750294,36.4,0.5165159999999523,0.5214866718599518
2023-01-27 23:00:00,35.61075,36.4,0.37855999999998674,0.37035179999998713
2023-01-28 00:00:00,34.848555000000005,34.23,0.42205590000005977,0.4296826831500609
2023-01-28 01:00:00,34.243797,34.23,0.4032293999999601,0.4033919286599601
2023-01-28 02:00:00,34.033881,34.23,0.40528320000006723,0.4029611510400669
2023-01-28 03:00:00,33.5603205,34.23,0.4152098999999103,0.4070866876649122
2023-01-28 04:00:00,33.021786000000006,34.23,0.4141830000000124,0.39956361060001205
2023-01-28 05:00:00,32.7156585,34.23,0.7530599999999378,0.7197444869999405
2023-01-28 06:00:00,33.46785750000001,34.23,0.45525899999997504,0.4451225047499758
2023-01-28 07:00:00,34.401234,34.23,0.4894890000000996,0.49193764620010016
2023-01-28 08:00:00,35.5395285,34.23,0.21222599999996264,0.22034507669996126
2023-01-28 09:00:00,37.380042,34.23,0.0034230000000747165,0.003738004200081593
2023-01-28 10:00:00,37.55622150000001,34.23,0.0,0.0
2023-01-28 11:00:00,37.022685,34.23,0.0,0.0
2023-01-28 12:00:00,35.055972000000004,34.23,0.0,0.0
2023-01-28 13:00:00,34.276284000000004,34.23,0.0034229999997633966,0.0034276283997630775
2023-01-28 14:00:00,34.631142000000004,34.23,0.5709564000001968,0.5776474485601991
2023-01-28 15:00:00,35.753193,34.23,0.7078764000000721,0.7393760312400756
2023-01-28 16:00:00,36.64408650000001,34.23,0.4532051999998679,0.48516770525985875
2023-01-28 17:00:00,37.97605350000001,34.23,0.48606600000002487,0.5392599597000278
2023-01-28 18:00:00,39.11684699999999,34.23,0.5791716000000025,0.6618570512400028
2023-01-28 19:00:00,37.80487200000001,34.23,0.4467015000000996,0.49335357960011017
2023-01-28 20:00:00,36.105552,34.23,0.4022024999997509,0.42424023599973737
2023-01-28 21:00:00,35.626993500000005,34.23,0.353595900000122,0.36802684285512705
2023-01-28 22:00:00,35.139688500000005,34.23,0.38645669999996757,0.3967270831649668
2023-01-28 23:00:00,34.833561,34.23,0.4206867000000921,0.42810446469009383
2023-01-29 00:00:00,36.7165575,34.23,0.3823491000000647,0.41012394727506946
2023-01-29 01:00:00,33.569067000000004,34.23,0.33545399999985054,0.3289768565998535
2023-01-29 02:00:00,33.140488500000004,34.23,0.4261634999999626,0.4125990818249639
2023-01-29 03:00:00,32.8156185,34.23,0.4545744000001469,0.43579141368014085
2023-01-29 04:00:00,32.84560650000001,34.23,0.32073509999996513,0.30776333290496666
2023-01-29 05:00:00,32.7531435,34.23,1.247683499999838,1.1938520805748452
2023-01-29 06:00:00,33.329163,34.23,0.875261100000239,0.8522266979102328
2023-01-29 07:00:00,34.018887,34.23,0.24234839999987298,0.24085371995987376
2023-01-29 08:00:00,35.8693965,34.23,0.085575,0.08967349125
2023-01-29 09:00:00,36.831511500000005,34.23,0.047922000000112076,0.0515641161001206
2023-01-29 10:00:00,32.956812000000006,34.23,0.0,0.0
2023-01-29 11:00:00,32.494497,34.23,0.0,0.0
2023-01-29 12:00:00,31.776034500000005,34.23,0.0,0.0
2023-01-29 13:00:00,31.733551500000004,34.23,0.0,0.0
2023-01-29 14:00:00,32.4907485,34.23,0.1745729999997634,0.1657028173497754
2023-01-29 15:00:00,33.049275,34.23,0.2337908999999975,0.2257265482499976
2023-01-29 16:00:00,33.6227955,34.23,0.31046610000005226,0.3049587551850514
2023-01-29 17:00:00,36.877743,34.23,0.3594150000000622,0.38721630150006714
2023-01-29 18:00:00,36.530382,34.23,0.9355059000000597,0.998375340060064
2023-01-29 19:00:00,33.442867500000006,34.23,0.6596120999998903,0.6444440567248931
2023-01-29 20:00:00,29.843058000000006,28.47,0.41936309999998755,0.43958824433998706
2023-01-29 21:00:00,27.98880000000001,28.47,0.3345225000000518,0.328868400000051
2023-01-29 22:00:00,27.342808500000004,28.47,0.3279744000000124,0.314989153920012
2023-01-29 23:00:00,25.409832000000005,28.47,0.2434184999998757,0.21725406359988914
2023-01-30 00:00:00,22.990800000000004,21.86,0.20001900000019085,0.21036582000020076
2023-01-30 01:00:00,18.105255,21.86,0.23237179999982346,0.1924588606498538
2023-01-30 02:00:00,18.0015465,21.86,0.2332462000000016,0.1920765011550013
2023-01-30 03:00:00,17.6216985,21.86,0.20832580000009382,0.16793478670507564
2023-01-30 04:00:00,18.4963485,21.86,0.21182340000001113,0.17922961696500941
2023-01-30 05:00:00,22.0499265,21.86,0.6378747999999268,0.6434168552699262
2023-01-30 06:00:00,28.376145000000005,29.68,0.341320000000162,0.3263256675001549
2023-01-30 07:00:00,30.135441000000004,29.68,0.48675199999982727,0.49422123239982463
2023-01-30 08:00:00,31.799775000000007,29.68,0.140980000000108,0.15104893125011573
2023-01-30 09:00:00,29.963010000000004,29.68,0.5674816000000777,0.5728927512000785
2023-01-30 10:00:00,29.464459500000004,29.68,0.8111543999997819,0.8052636781347836
2023-01-30 11:00:00,28.392388500000003,29.68,0.7642600000002159,0.7311040038752067
2023-01-30 12:00:00,28.126245000000004,29.68,0.6440560000000215,0.6103395165000206
2023-01-30 13:00:00,27.786381,29.68,0.6588959999998056,0.6168576581998181
2023-01-30 14:00:00,28.408632000000004,29.68,0.7333928000001361,0.7019772967201304
2023-01-30 15:00:00,28.128744,29.68,0.4564783999998683,0.4326200827198752
2023-01-30 16:00:00,28.574815500000003,29.68,0.35556640000009504,0.3423262896900915
2023-01-30 17:00:00,29.690619,29.68,0.29234799999990285,0.2924525971499028
2023-01-30 18:00:00,29.399485500000004,29.68,0.3193568000000065,0.3163384639800065
2023-01-30 19:00:00,29.950515000000006,29.68,0.3606120000000432,0.36389875725004367
2023-01-30 20:00:00,28.607302500000003,29.68,0.3620960000000756,0.34900909050007284
2023-01-30 21:00:00,28.219957500000003,29.68,0.2792887999999417,0.2655498000749446
2023-01-30 22:00:00,28.38239250000001,29.68,0.24604719999991795,0.2352900338249216
2023-01-30 23:00:00,28.713510000000003,29.68,0.27186880000004965,0.2630157516000481
2023-01-31 00:00:00,29.114599500000008,29.68,0.2911607999999309,0.2856142210949323
2023-01-31 01:00:00,29.631892500000006,29.68,0.2605904000001814,0.2601680161501812
2023-01-31 02:00:00,29.631892500000006,29.68,0.21310239999995464,0.21275698814995475
2023-01-31 03:00:00,29.97675450000001,29.68,0.2864120000000432,0.2892756809250437
2023-01-31 04:00:00,30.524035500000004,29.68,0.3217311999999503,0.33088054481994894
2023-01-31 05:00:00,31.0538235,29.68,0.6054719999999891,0.6334979993999886
2023-01-31 06:00:00,35.403333,36.4,0.3872960000001113,0.37669146312010826
2023-01-31 07:00:00,38.78448,36.4,0.9704239999997298,1.0339942367997121
2023-01-31 08:00:00,40.23140099999999,36.4,0.9449440000001669,1.0444071699601842
2023-01-31 09:00:00,38.602053000000005,36.4,0.7931560000000317,0.8411387348700338
2023-01-31 10:00:00,38.2484445,36.4,0.7789599999997882,0.8185167122997773
2023-01-31 11:00:00,35.65198350000001,36.4,0.32796400000027276,0.32122437133526727
2023-01-31 12:00:00,34.639888500000005,36.4,0.29119999999973517,0.277119107999748
2023-01-31 13:00:00,32.8256145,29.68,0.18223520000014468,0.20154927303016001
2023-01-31 14:00:00,30.69021900000001,29.68,0.260293599999851,0.26915322062984604
2023-01-31 15:00:00,30.875145000000003,29.68,0.28878639999998706,0.30041516084998654
2023-01-31 16:00:00,30.07921350000001,29.68,0.2641520000000972,0.26770500015009857
2023-01-31 17:00:00,30.26039100000001,29.68,0.5864768000001684,0.5979453261601719
2023-01-31 18:00:00,30.982602000000004,29.68,0.27869519999982073,0.2909266327798129
2023-01-31 19:00:00,29.898036000000005,29.68,0.2991743999999439,0.3013722028799435
2023-01-31 20:00:00,29.228304000000005,29.68,0.3068912000001663,0.3022206633601638
2023-01-31 21:00:00,28.13749050000001,29.68,0.2062759999999136,0.1955555589749182
2023-01-31 22:00:00,28.126245000000004,29.68,0.2611840000000324,0.24751095600003073
2023-01-31 23:00:00,26.059572000000006,29.68,0.2798824000000626,0.24574176396005507
2023-02-01 00:00:00,27.356553000000005,29.68,0.24189199999988123,0.22295590694989056
2023-02-01 01:00:00,25.80842250000001,29.68,0.21666400000014036,0.18840148425012213
2023-02-01 02:00:00,25.576015500000004,21.86,0.19958179999990297,0.2335090215148865
2023-02-01 03:00:00,25.717209000000004,21.86,0.19958180000010178,0.23479811817011978
2023-02-01 04:00:00,24.563920500000005,21.86,0.17247539999994752,0.19380933274494105
2023-02-01 05:00:00,26.734302000000003,29.68,0.615859999999946,0.5547367664999514
2023-02-01 06:00:00,29.360751000000004,29.68,0.6173439999999785,0.6107036207999788
2023-02-01 07:00:00,31.45616250000001,29.68,0.15878799999995682,0.16829046937495426
2023-02-01 08:00:00,32.454513000000006,29.68,0.12020400000019436,0.13144077765021256
2023-02-01 09:00:00,31.273735500000004,29.68,0.4021639999998704,0.42375911602486355
2023-02-01 10:00:00,30.491548500000007,29.68,0.8963360000001296,0.9208447647001333
2023-02-01 11:00:00,30.044227500000005,29.68,0.3606119999997733,0.36503736412477056
2023-02-01 12:00:00,29.780583000000004,29.68,0.1988560000000216,0.1995299061000217
2023-02-01 13:00:00,29.679373500000004,29.68,0.3157952000000907,0.3157885340400907
2023-02-01 14:00:00,29.3595015,29.68,0.6357455999999482,0.6288805221299487
2023-02-01 15:00:00,29.683122000000008,29.68,0.22081920000017707,0.22084242768017717
2023-02-01 16:00:00,30.199165500000007,29.68,0.2914575999999914,0.29655580520999125
2023-02-01 17:00:00,31.00259400000001,29.68,0.26652639999977107,0.27840329411976095
2023-02-01 18:00:00,31.309971000000004,29.68,0.21755440000005183,0.22950208743005474
2023-02-01 19:00:00,29.973006,29.68,0.2968,0.29973006
2023-02-01 20:00:00,29.569417500000004,29.68,0.33004160000002375,0.32881192260002373
2023-02-01 21:00:00,29.207062500000006,29.68,0.20241759999993736,0.1991921662499384
2023-02-01 22:00:00,28.166229000000005,29.68,0.2430792000001231,0.23068141551011687
2023-02-01 23:00:00,27.1878705,29.68,0.2798824000000626,0.25638161881505733
2023-02-02 00:00:00,26.651835,29.68,0.22734879999988772,0.20415305609989914
2023-02-02 01:00:00,25.835911500000005,29.68,0.21518000000010798,0.18731035837509402
2023-02-02 02:00:00,26.283232500000004,29.68,0.2736495999998726,0.2423314036498872
2023-02-02 03:00:00,26.957962500000004,29.68,0.2674167999999525,0.2428912421249569
2023-02-02 04:00:00,28.432372500000003,29.68,0.25584160000002376,0.24508705095002278
2023-02-02 05:00:00,29.002144500000004,29.68,0.8295560000000216,0.8106099387750212
2023-02-02 06:00:00,31.8884895,29.68,0.30065839999997623,0.32303039863497446
2023-02-02 07:00:00,34.76358900000001,36.4,0.1809080000001086,0.17277503733010377
2023-02-02 08:00:00,38.5933065,36.4,0.1092000000000662,0.1157799195000702
2023-02-02 09:00:00,39.63414,36.4,0.15288000000002647,0.16646338800002883
2023-02-02 10:00:00,38.6207955,36.4,0.12376000000005297,0.1313107047000562
2023-02-02 11:00:00,38.2609395,36.4,0.20493199999970604,0.21540908938469097
2023-02-02 12:00:00,36.967707,36.4,0.09354800000018804,0.09500700699019098
2023-02-02 13:00:00,36.452913,36.4,0.174356000000098,0.17460945327009814
2023-02-02 14:00:00,37.539978,36.4,0.2733639999997431,0.281925234779735
2023-02-02 15:00:00,37.78363050000001,36.4,0.27081600000021716,0.28111021092022553
2023-02-02 16:00:00,38.26968600000001,36.4,0.6974239999997299,0.7332471837597162
2023-02-02 17:00:00,39.6303915,36.4,0.6209840000000477,0.6760944789900519
2023-02-02 18:00:00,40.248894,36.4,0.6439160000000846,0.7120029348600937
2023-02-02 19:00:00,38.881941000000005,36.4,0.37855999999998674,0.4043721863999859
2023-02-02 20:00:00,35.122195500000004,36.4,0.25661999999997354,0.24761147827497446
2023-02-02 21:00:00,35.303373,36.4,0.3927560000002304,0.3809233946702235
2023-02-02 22:00:00,33.6302925,36.4,0.34579999999993377,0.3194877787499389
2023-02-02 23:00:00,30.354103500000004,29.68,0.26296479999985534,0.26893735700985205
2023-02-03 00:00:00,30.90013500000001,29.68,0.20212080000014684,0.21042991935015296
2023-02-03 01:00:00,29.896786500000005,29.68,0.27691439999999784,0.2789370180449979
2023-02-03 02:00:00,29.090859000000005,29.68,0.2870055999998942,0.2813086065298963
2023-02-03 03:00:00,28.3424085,29.68,0.259106400000149,0.2474292262051423
2023-02-03 04:00:00,27.867598500000003,29.68,0.23625279999981214,0.22182608405982362
2023-02-03 05:00:00,28.491099,29.68,0.6514760000001836,0.6253796230501761
2023-02-03 06:00:00,29.896786500000005,29.68,0.4422319999999352,0.4454621188499348
2023-02-03 07:00:00,30.8289135,29.68,0.19974639999993304,0.20747858785493045
2023-02-03 08:00:00,31.1612805,29.68,0.13266960000003455,0.13929092383503627
2023-02-03 09:00:00,31.11379950000001,29.68,0.09794399999997841,0.1026755383499774
2023-02-03 10:00:00,29.579413500000005,29.68,0.19588799999995682,0.19522412909995698
2023-02-03 11:00:00,30.214159500000004,29.68,0.37960720000013387,0.38643910000513637
2023-02-03 12:00:00,30.11295,29.68,0.009200799999984884,0.009335014499984664
2023-02-03 13:00:00,29.761840500000005,29.68,0.0,0.0
2023-02-03 14:00:00,29.601904500000007,29.68,0.1504775999998834,0.15008165581488372
2023-02-03 15:00:00,30.11295,29.68,0.7013384000000842,0.7115690085000855
2023-02-03 16:00:00,30.827664,29.68,0.2478280000000108,0.25741099440001125
2023-02-03 17:00:00,31.412430000000004,29.68,0.33241599999996757,0.3518192159999658
2023-02-03 18:00:00,31.552374000000004,29.68,0.340726400000041,0.3622212535200437
2023-02-03 19:00:00,30.8713965,29.68,0.23328480000001725,0.24264917649001796
2023-02-03 20:00:00,30.325365000000005,29.68,0.2985807999998229,0.30507317189981914
2023-02-03 21:00:00,30.231652500000003,29.68,0.2968,0.30231652500000006
2023-02-03 22:00:00,31.511140500000007,29.68,0.207166400000095,0.21994776069010094
2023-02-03 23:00:00,30.837660000000003,29.68,0.2653392000000691,0.27568868040007183
2023-02-04 00:00:00,29.783082,28.47,0.26847210000006005,0.28085446326006286
2023-02-04 01:00:00,30.6439875,28.47,0.20014409999986327,0.21542723212485285
2023-02-04 02:00:00,31.50614250000001,34.23,0.29335109999999004,0.27000764122499094
2023-02-04 03:00:00,32.583211500000004,34.23,0.3156006000001644,0.30041721003015653
2023-02-04 04:00:00,33.03428100000001,34.23,0.34161539999986046,0.32968212437986544
2023-02-04 05:00:00,33.291678000000005,34.23,0.285135899999873,0.27731967773987654
2023-02-04 06:00:00,34.52868300000001,34.23,0.601078800000107,0.6063236734801082
2023-02-04 07:00:00,36.898984500000005,34.23,0.13897379999998255,0.14980987706998122
2023-02-04 08:00:00,37.8835905,34.23,0.17286150000003733,0.19131213202504133
2023-02-04 09:00:00,38.5883085,34.23,0.6401009999999626,0.7216013689499579
2023-02-04 10:00:00,37.87359450000001,34.23,0.6058710000001494,0.6703626226501654
2023-02-04 11:00:00,36.908980500000006,34.23,0.013691999999987546,0.014763592199986575
2023-02-04 12:00:00,35.965608,34.23,0.08215199999992528,0.08631745919992151
2023-02-04 13:00:00,34.0326315,34.23,0.22694489999984807,0.22563634684484896
2023-02-04 14:00:00,34.1225955,34.23,0.16909620000020423,0.16856562177020362
2023-02-04 15:00:00,35.062219500000005,34.23,0.2988278999998605,0.3060931762348572
2023-02-04 16:00:00,36.78028200000001,34.23,0.33887699999992527,0.36412479179991974
2023-02-04 17:00:00,38.6457855,34.23,0.28855890000025897,0.32578397176529245
2023-02-04 18:00:00,40.378842,34.23,0.7034264999997882,0.8297852030997502
2023-02-04 19:00:00,39.85405200000001,34.23,0.36112650000009955,0.42046024860011616
2023-02-04 20:00:00,38.3459055,34.23,0.3429846000001395,0.3842259731101562
2023-02-04 21:00:00,37.126393500000006,34.23,0.25261739999978583,0.27399278402976773
2023-02-04 22:00:00,36.407931000000005,34.23,0.3156006000001644,0.3356811238201749
2023-02-04 23:00:00,34.4449665,34.23,0.3166274999997509,0.3186159401247494
2023-02-05 00:00:00,34.3000245,34.23,0.2669940000002241,0.26754019110022464
2023-02-05 01:00:00,34.4824515,34.23,0.2889012000000174,0.29103189066001756
2023-02-05 02:00:00,33.4903485,34.23,0.34401150000003733,0.3365780024250366
2023-02-05 03:00:00,33.696516,34.23,0.33340019999974346,0.32820406583974754
2023-02-05 04:00:00,31.88724000000001,34.23,0.3306618000001195,0.30803073840011147
2023-02-05 05:00:00,31.521136500000004,34.23,0.4908582000000672,0.452013097410062
2023-02-05 06:00:00,31.6385895,34.23,0.5647949999998754,0.5220367267498849
2023-02-05 07:00:00,31.812270000000005,34.23,0.23755620000014194,0.22077715380013196
2023-02-05 08:00:00,32.42202600000001,34.23,0.19956089999987295,0.18902041157987973
2023-02-05 09:00:00,32.072166,34.23,0.39022200000011203,0.36562269240010503
2023-02-05 10:00:00,32.024685000000005,34.23,0.23276399999978828,0.21776785799980197
2023-02-05 11:00:00,32.62319550000001,34.23,0.2098299000000971,0.19998018841509266
2023-02-05 12:00:00,31.8734955,34.23,0.44396310000016437,0.4133992366351531
2023-02-05 13:00:00,30.738949500000004,28.47,0.15630029999999379,0.1687568327549933
2023-02-05 14:00:00,31.081312500000003,28.47,0.1861937999998695,0.20327178374985758
2023-02-05 15:00:00,31.902234,34.23,0.32997719999998004,0.30753753575998144
2023-02-05 16:00:00,33.006792000000004,34.23,0.3553074000001594,0.3426105009601538
2023-02-05 17:00:00,35.8069215,34.23,0.30978149999991283,0.3240526395749088
2023-02-05 18:00:00,38.789478,34.23,0.3423,0.38789478000000005
2023-02-05 19:00:00,38.724504,34.23,0.3953564999999128,0.4472680211999014
2023-02-05 20:00:00,38.097255,34.23,0.3149160000000249,0.35049474600002767
2023-02-05 21:00:00,36.56911650000001,34.23,0.2772630000001369,0.2962098436501464
2023-02-05 22:00:00,36.831511500000005,34.23,0.33340020000005477,0.358738922010059
2023-02-05 23:00:00,35.383341,34.23,0.3101237999999825,0.320573069459982
2023-02-06 00:00:00,35.485800000000005,36.4,0.2711799999999603,0.2643692099999613
2023-02-06 01:00:00,35.3271135,36.4,0.2784599999997881,0.2702524182747944
2023-02-06 02:00:00,35.5370295,36.4,0.34216000000018537,0.334048077300181
2023-02-06 03:00:00,35.122195500000004,36.4,0.3319680000000953,0.32031442296009205
2023-02-06 04:00:00,34.87354500000001,36.4,0.2886519999998782,0.27654721184988335
2023-02-06 05:00:00,35.976853500000004,36.4,0.9995440000000345,0.9879243971100341
2023-02-06 06:00:00,39.318016500000006,36.4,0.7767760000000052,0.8390464721100058
2023-02-06 07:00:00,42.43926749999999,36.4,0.16744000000001324,0.19522063050001542
2023-02-06 08:00:00,44.0311305,36.4,0.455,0.5503891312500001
2023-02-06 09:00:00,42.43926749999999,36.4,0.091,0.10609816874999999
2023-02-06 10:00:00,40.493796,36.4,0.11283999999981462,0.12553076759979376
2023-02-06 11:00:00,39.839058,36.4,0.03276000000005297,0.03585515220005798
2023-02-06 12:00:00,38.449614,36.4,0.018200000000066212,0.01922480700006994
2023-02-06 13:00:00,37.50499200000001,36.4,0.003640000000079454,0.0037504992000818665
2023-02-06 14:00:00,37.84735500000001,36.4,0.034579999999761635,0.03595498724975217
2023-02-06 15:00:00,38.69326650000001,36.4,0.2184000000001324,0.23215959900014083
2023-02-06 16:00:00,40.083960000000005,36.4,0.2890159999999523,0.31826664239994756
2023-02-06 17:00:00,42.22560299999999,36.4,0.32432400000019335,0.3762301227302242
2023-02-06 18:00:00,44.04487499999999,36.4,0.3858399999998146,0.46687567499977556
2023-02-06 19:00:00,43.03028099999999,36.4,0.3225040000001536,0.3812482896601815
2023-02-06 20:00:00,40.63498950000001,36.4,0.3920279999997511,0.43763883691472216
2023-02-06 21:00:00,38.169726,36.4,0.35089600000030985,0.36795615864032494
2023-02-06 22:00:00,37.337559000000006,36.4,0.21839999999980136,0.2240253539997963
2023-02-06 23:00:00,36.61035,36.4,0.3345159999999523,0.336449116499952
2023-02-07 00:00:00,35.58326100000001,36.4,0.3061240000001271,0.29925522501012436
2023-02-07 01:00:00,35.137189500000005,36.4,0.20129199999995762,0.1943086579349591
2023-02-07 02:00:00,34.913529000000004,36.4,0.3319680000000953,0.3184113844800915
2023-02-07 03:00:00,34.791078000000006,36.4,0.32141199999993114,0.3072052187399342
2023-02-07 04:00:00,35.060970000000005,36.4,0.2620800000000927,0.2524389840000893
2023-02-07 05:00:00,35.5945065,36.4,1.0705239999999285,1.04683443616493
2023-02-07 06:00:00,38.677023,36.4,0.2573480000001218,0.27344655261012946
2023-02-07 07:00:00,42.113148,36.4,0.25006799999996293,0.28931732675995714
2023-02-07 08:00:00,44.12734199999999,36.4,0.22567999999996027,0.27358952039995177
2023-02-07 09:00:00,41.33970749999999,36.4,0.08371999999984109,0.0950813272498195
2023-02-07 10:00:00,38.924424,36.4,0.1587040000002198,0.16971048864023508
2023-02-07 11:00:00,35.08970850000001,36.4,0.0014559999999655701,0.0014035883399668098
2023-02-07 12:00:00,34.9022835,36.4,0.07279999999993379,0.06980456699993652
2023-02-07 13:00:00,34.218807000000005,36.4,0.1092000000000662,0.10265642100006225
2023-02-07 14:00:00,35.903133000000004,36.4,0.21111999999997352,0.20823817139997391
2023-02-07 15:00:00,38.841957,36.4,0.25552799999975107,0.27267053813973435
2023-02-07 16:00:00,41.10605099999999,36.4,0.2952040000002198,0.3333700736102481
2023-02-07 17:00:00,45.13943699999999,36.4,0.3574479999999894,0.4432692713399867
2023-02-07 18:00:00,48.05577,36.4,0.33415199999987816,0.4411519685998392
2023-02-07 19:00:00,45.98159999999999,36.4,0.29993600000019066,0.37888838400024083
2023-02-07 20:00:00,42.23684849999999,36.4,0.37419199999975894,0.4341948025797202
2023-02-07 21:00:00,40.88114099999999,36.4,0.38147200000024895,0.42843435768027954
2023-02-07 22:00:00,39.029382,36.4,0.1907359999997934,0.20451396167977848
2023-02-07 23:00:00,37.744896,36.4,0.32396000000011915,0.33592957440012355
2023-02-08 00:00:00,37.36629750000001,36.4,0.32869200000009,0.3374176664250926
2023-02-08 01:00:00,36.755292,36.4,0.26899599999984636,0.27162160787984485
2023-02-08 02:00:00,36.11055,36.4,0.2868320000001695,0.2845511340001682
2023-02-08 03:00:00,35.8569015,36.4,0.33415199999987816,0.32916635576988
2023-02-08 04:00:00,35.6070015,36.4,0.39166400000000795,0.3831313361400078
2023-02-08 05:00:00,36.00809100000001,36.4,0.9955399999998809,0.9848212888498823
2023-02-08 06:00:00,39.3205155,36.4,0.5995079999999762,0.6476088902849741
2023-02-08 07:00:00,41.93821799999999,36.4,0.2573480000001218,0.2965032012601403
2023-02-08 08:00:00,44.38099049999999,36.4,0.6748560000000979,0.8228235638701193
2023-02-08 09:00:00,39.5779125,36.4,0.8659559999999655,0.9415585383749625
2023-02-08 10:00:00,33.361650000000004,36.4,0.27918799999993643,0.2558838554999418
2023-02-08 11:00:00,33.152983500000005,36.4,0.04440800000010858,0.04044663987009891
2023-02-08 12:00:00,32.98055250000001,29.68,0.38524639999993304,0.4280875714499257
2023-02-08 13:00:00,32.981802,29.68,0.1602719999999892,0.178101730799988
2023-02-08 14:00:00,32.98055250000001,29.68,0.1869840000000324,0.20777748075003605
2023-02-08 15:00:00,34.17257550000001,36.4,0.22713599999992584,0.21323687111993042
2023-02-08 16:00:00,36.967707,36.4,0.30976399999987553,0.31459518656987356
2023-02-08 17:00:00,40.3576005,36.4,0.40404000000021184,0.44796936555023487
2023-02-08 18:00:00,41.41467749999999,36.4,0.3996719999999841,0.4547331589499818
2023-02-08 19:00:00,36.485400000000006,36.4,0.3246879999999364,0.32544976799993636
2023-02-08 20:00:00,35.5420275,36.4,0.4095,0.3998478093750001
2023-02-08 21:00:00,34.087609500000006,36.4,0.4204199999999073,0.3937118897249133
2023-02-08 22:00:00,33.3279135,36.4,0.2868320000001695,0.26262395838015523
2023-02-08 23:00:00,32.229603000000004,29.68,0.25346719999981,0.2752408096197937
2023-02-09 00:00:00,31.057572000000004,29.68,0.29264480000023324,0.3062276599202441
2023-02-09 01:00:00,32.157132000000004,29.68,0.29175439999978187,0.3161046075597637
2023-02-09 02:00:00,31.752294000000003,29.68,0.29650320000020947,0.31720541706022415
2023-02-09 03:00:00,31.794777000000003,29.68,0.2181479999999028,0.23369161094989593
2023-02-09 04:00:00,32.42077650000001,29.68,0.2864120000000432,0.3128604932250473
2023-02-09 05:00:00,33.932671500000005,36.4,0.8990800000000927,0.8381369860500866
2023-02-09 06:00:00,36.765288000000005,36.4,0.31121999999984107,0.31434321239983953
2023-02-09 07:00:00,39.166827,36.4,0.17799600000017743,0.19152578403019094
2023-02-09 08:00:00,38.986899,36.4,0.10592399999972985,0.11345187608971066
2023-02-09 09:00:00,31.282482000000005,29.68,0.06321840000019219,0.06663168666020258
2023-02-09 10:00:00,31.613599500000003,29.68,0.3499272000000259,0.37272433810502764
2023-02-09 11:00:00,31.3337115,29.68,0.16828560000000217,0.17766214420500226
2023-02-09 12:00:00,31.259991000000007,29.68,0.18015759999999137,0.18974814536999096
2023-02-09 13:00:00,31.136290500000005,29.68,0.16294319999999352,0.17093823484499324
2023-02-09 14:00:00,32.54447700000001,29.68,0.45618159999980784,0.5002086114897893
2023-02-09 15:00:00,37.0989045,36.4,0.42733599999999206,0.43554113882999196
2023-02-09 16:00:00,37.989798,36.4,0.36509200000022246,0.38103767394023225
2023-02-09 17:00:00,39.0156375,36.4,0.3920279999997511,0.42019841587473317
2023-02-09 18:00:00,38.1509835,36.4,0.4211480000000556,0.44140687909505827
2023-02-09 19:00:00,34.222555500000006,36.4,0.4367999999999338,0.4106706659999378
2023-02-09 20:00:00,31.833511500000004,29.68,0.3137176000002073,0.3364802165552224
2023-02-09 21:00:00,34.3325115,36.4,0.3257799999998279,0.3072759779248377
2023-02-09 22:00:00,32.3533035,29.68,0.25554479999996327,0.27856194313496
2023-02-09 23:00:00,32.105902500000006,29.68,0.3104528000000821,0.3358277401500888
2023-02-10 00:00:00,32.6981655,29.68,0.3057039999999244,0.33679110464991674
2023-02-10 01:00:00,32.74814550000001,29.68,0.2991743999999439,0.33010130663993814
2023-02-10 02:00:00,31.902234,29.68,0.2261616000001857,0.24309502308019962
2023-02-10 03:00:00,31.949715000000005,29.68,0.28225680000000647,0.303841789650007
2023-02-10 04:00:00,32.175874500000006,29.68,0.3567536000000669,0.38675401149007266
2023-02-10 05:00:00,33.04552650000001,36.4,0.9962679999996981,0.9044560603047263
2023-02-10 06:00:00,36.6091005,36.4,0.9565920000002224,0.9620871611402236
2023-02-10 07:00:00,40.59750450000001,36.4,0.14814800000005562,0.16523184331506205
2023-02-10 08:00:00,41.88698849999999,36.4,0.1754479999999894,0.20189528456998776
2023-02-10 09:00:00,37.200114000000006,36.4,0.08408399999991525,0.08593226333991341
2023-02-10 10:00:00,34.9047825,36.4,0.0,0.0
2023-02-10 11:00:00,33.82146600000001,36.4,0.04367999999996028,0.040585759199963094
2023-02-10 12:00:00,32.217108,29.68,0.1394960000000756,0.15142040760008205
2023-02-10 13:00:00,32.104653000000006,29.68,0.20123039999996548,0.2176695473399627
2023-02-10 14:00:00,31.127544000000004,29.68,0.7701960000000756,0.8077597668000794
2023-02-10 15:00:00,33.355402500000004,36.4,0.7643999999998013,0.7004634524998181
2023-02-10 16:00:00,32.83186200000001,29.68,0.27038480000001724,0.2990982628200192
2023-02-10 17:00:00,37.22635350000001,36.4,0.4298840000001801,0.4396432348351843
2023-02-10 18:00:00,33.5553225,36.4,0.42223999999994705,0.38924174099995124
2023-02-10 19:00:00,30.89888550000001,29.68,0.28789599999980564,0.29971918934979774
2023-02-10 20:00:00,30.895137,29.68,0.28611520000025265,0.297829120680263
2023-02-10 21:00:00,29.195817000000005,29.68,0.3401327999999201,0.3345840628199215
2023-02-10 22:00:00,28.5123405,29.68,0.31460799999984884,0.3022308092998548
2023-02-10 23:00:00,22.990800000000004,21.86,0.17291260000003658,0.18185722800003853
2023-02-11 00:00:00,28.59980550000001,28.47,0.2807141999999648,0.2819940822299647
2023-02-11 01:00:00,28.036281,28.47,0.3097536000001843,0.30503473728018154
2023-02-11 02:00:00,27.992548500000005,28.47,0.25423710000000826,0.24997345810500818
2023-02-11 03:00:00,27.597706500000005,28.47,0.2539523999999503,0.24617154197995184
2023-02-11 04:00:00,27.652684500000003,28.47,0.3239885999999772,0.3146875496099779
2023-02-11 05:00:00,27.474006000000006,28.47,0.551463899999971,0.5321714962199722
2023-02-11 06:00:00,27.7326525,28.47,0.26761799999988606,0.26068693349988903
2023-02-11 07:00:00,28.187470500000007,28.47,0.250251300000232,0.24776786569522977
2023-02-11 08:00:00,29.0046435,28.47,0.3931706999998301,0.40055412673482693
2023-02-11 09:00:00,29.107102500000003,28.47,0.1480440000001243,0.1513569330001271
2023-02-11 10:00:00,28.9896495,28.47,0.17936100000003105,0.18263479185003165
2023-02-11 11:00:00,28.604803500000003,28.47,0.2576534999999275,0.2588734716749272
2023-02-11 12:00:00,29.017138500000005,28.47,0.31288530000004555,0.3188983521150465
2023-02-11 13:00:00,28.728504000000008,28.47,0.33423779999999376,0.3372726369599938
2023-02-11 14:00:00,29.099605500000003,28.47,0.24541140000002276,0.2508385994100233
2023-02-11 15:00:00,30.004243500000005,28.47,0.3202875,0.33754773937500004
2023-02-11 16:00:00,32.157132000000004,34.23,0.3974103000000199,0.3733443025200188
2023-02-11 17:00:00,36.60285300000001,34.23,0.7116416999999053,0.7609733138698991
2023-02-11 18:00:00,36.45916050000001,34.23,0.3029355000000747,0.3226635704250797
2023-02-11 19:00:00,34.95226350000001,34.23,0.37071089999987294,0.3785330137048704
2023-02-11 20:00:00,34.913529000000004,34.23,0.37516080000015684,0.38265227784016004
2023-02-11 21:00:00,34.646136000000006,34.23,0.37584539999998506,0.38041457327998496
2023-02-11 22:00:00,35.330862,34.23,0.2772629999998257,0.2861799821998201
2023-02-11 23:00:00,34.61864700000001,34.23,0.2865051000001519,0.28975807539015375
2023-02-12 00:00:00,33.576564000000005,34.23,0.32552730000000746,0.3193131236400074
2023-02-12 01:00:00,33.0480255,34.23,0.3381923999997858,0.32651449193979326
2023-02-12 02:00:00,33.8352105,34.23,0.3515421000000149,0.3474876118350148
2023-02-12 03:00:00,33.307921500000006,34.23,0.30978150000022414,0.3014366895752182
2023-02-12 04:00:00,32.169627000000006,34.23,0.28171289999979826,0.2647560302098104
2023-02-12 05:00:00,32.223355500000004,34.23,0.31217760000008965,0.29387700216008444
2023-02-12 06:00:00,30.865149,28.47,0.3607148999999503,0.39106143782994607
2023-02-12 07:00:00,31.883491500000005,34.23,0.39124890000000995,0.36442830784500935
2023-02-12 08:00:00,36.03558000000001,34.23,0.1228857000001295,0.1293677322001364
2023-02-12 09:00:00,35.39458650000001,34.23,0.004792200000042339,0.004955242110043782
2023-02-12 10:00:00,35.555772000000005,34.23,0.008899799999945208,0.009244500719943087
2023-02-12 11:00:00,34.86979650000001,34.23,0.0,0.0
2023-02-12 12:00:00,33.5978055,34.23,0.0,0.0
2023-02-12 13:00:00,32.36205,34.23,0.0,0.0
2023-02-12 14:00:00,32.36205,34.23,0.08249429999999501,0.07799254049999531
2023-02-12 15:00:00,32.940568500000005,34.23,0.541860899999873,0.5214491993548779
2023-02-12 16:00:00,34.256292,34.23,0.5843061000001145,0.5847549044401147
2023-02-12 17:00:00,37.177623,34.23,0.4063100999999651,0.4412983850099621
2023-02-12 18:00:00,38.2984245,34.23,0.35188440000008464,0.3937078038600948
2023-02-12 19:00:00,38.54582550000001,34.23,0.33853469999985547,0.38121821419483737
2023-02-12 20:00:00,37.36005000000001,34.23,0.2779475999999651,0.30336360599996204
2023-02-12 21:00:00,34.9722555,34.23,0.36420720000010454,0.3721047985201069
2023-02-12 22:00:00,36.3492045,34.23,0.32450039999979824,0.34459045865978577
2023-02-12 23:00:00,34.608651,34.23,0.331346400000259,0.3350117416802619
2023-02-13 00:00:00,34.548675,36.4,0.2926560000000318,0.2777713470000302
2023-02-13 01:00:00,33.946416000000006,36.4,0.2897439999997696,0.2702134713597852
2023-02-13 02:00:00,33.941418,36.4,0.34361600000015097,0.3204069859201408
2023-02-13 03:00:00,33.491598,36.4,0.351260000000053,0.32319392070004876
2023-02-13 04:00:00,33.716508000000005,36.4,0.4076799999999603,0.37762488959996326
2023-02-13 05:00:00,34.531182,36.4,1.039219999999841,0.9858652460998494
2023-02-13 06:00:00,37.758640500000006,36.4,1.1626160000001509,1.2060109775701569
2023-02-13 07:00:00,41.86824599999999,36.4,0.9951759999998067,1.1446778456397775
2023-02-13 08:00:00,44.34100649999999,36.4,0.7796880000002675,0.9497843592303257
2023-02-13 09:00:00,41.88323999999999,36.4,0.5955039999998225,0.6852098063997956
2023-02-13 10:00:00,39.028132500000005,36.4,0.6712160000000185,0.71967876330002
2023-02-13 11:00:00,36.662829,36.4,1.0457719999998516,1.0533230771698507
2023-02-13 12:00:00,34.861050000000006,36.4,0.7742280000001484,0.7414945335001422
2023-02-13 13:00:00,34.4699565,36.4,0.4236959999999126,0.40123029365991725
2023-02-13 14:00:00,34.861050000000006,36.4,0.25043200000003707,0.23984402400003557
2023-02-13 15:00:00,37.041427500000005,36.4,0.310856000000098,0.31633379085009977
2023-02-13 16:00:00,38.117247,36.4,0.3643640000000742,0.38155364247007767
2023-02-13 17:00:00,40.86614699999999,36.4,0.3912999999999338,0.43931108024992555
2023-02-13 18:00:00,45.08195999999999,36.4,0.4178720000000503,0.5175409008000622
2023-02-13 19:00:00,43.18272,36.4,0.4320679999999629,0.5125788863999561
2023-02-13 20:00:00,40.841157,36.4,0.38074400000010067,0.42719850222011296
2023-02-13 21:00:00,38.4783525,36.4,0.33269599999991256,0.35169214184990766
2023-02-13 22:00:00,37.481251500000006,36.4,0.3592680000000291,0.36993995230503
2023-02-13 23:00:00,36.125544000000005,36.4,0.37528399999998147,0.37245435863998166
2023-02-14 00:00:00,34.31376900000001,36.4,0.33051199999979874,0.31156902251981033
2023-02-14 01:00:00,33.901434,36.4,0.3043040000000874,0.2834159882400814
2023-02-14 02:00:00,33.88144200000001,36.4,0.3479840000000477,0.3239065855200445
2023-02-14 03:00:00,33.876444000000006,36.4,0.38402000000010594,0.3573964842000987
2023-02-14 04:00:00,33.901434,36.4,0.3661839999997828,0.3410484260397978
2023-02-14 05:00:00,35.1022035,36.4,0.8739639999999418,0.8428039060349438
2023-02-14 06:00:00,38.137239,36.4,0.33305999999998676,0.34895573684998615
2023-02-14 07:00:00,42.3568005,36.4,0.2395120000001298,0.278707747290151
2023-02-14 08:00:00,43.23020099999999,36.4,0.21111999999997352,0.25073516579996846
2023-02-14 09:00:00,39.93402,36.4,0.09209200000022247,0.10103307060024407
2023-02-14 10:00:00,34.643637,36.4,0.013467999999764288,0.012818145689775661
2023-02-14 11:00:00,34.756092,36.4,0.010556000000164203,0.010079266680156788
2023-02-14 12:00:00,33.656532000000006,36.4,0.0,0.0
2023-02-14 13:00:00,33.0380295,29.68,0.0,0.0
2023-02-14 14:00:00,33.227953500000005,36.4,0.03276000000005297,0.02990515815004836
2023-02-14 15:00:00,33.901434,36.4,0.7320039999998226,0.6817578377398349
2023-02-14 16:00:00,36.44791500000001,36.4,0.364,0.3644791500000001
2023-02-14 17:00:00,39.9602595,36.4,0.3636359999999258,0.3992029924049186
2023-02-14 18:00:00,42.3568005,36.4,0.313403999999955,0.3646920523049476
2023-02-14 19:00:00,41.47965149999999,36.4,0.3276000000001987,0.37331686350022625
2023-02-14 20:00:00,39.3355095,36.4,0.4051320000001033,0.4378042207351116
2023-02-14 21:00:00,37.37129550000001,36.4,0.3629079999997775,0.37259181613477166
2023-02-14 22:00:00,36.2392485,36.4,0.3185,0.31709342437500004
2023-02-14 23:00:00,35.0772135,36.4,0.28210000000019864,0.2718484046251914
2023-02-15 00:00:00,34.212559500000005,36.4,0.34944000000001324,0.32844057120001247
2023-02-15 01:00:00,33.7302525,36.4,0.376739999999947,0.3491081133749509
2023-02-15 02:00:00,33.61155,36.4,0.36763999999974833,0.3394766549997677
2023-02-15 03:00:00,33.6127995,36.4,0.28464800000005563,0.2628520920900514
2023-02-15 04:00:00,33.194217,36.4,0.37237200000005033,0.33957683991004595
2023-02-15 05:00:00,34.427473500000005,36.4,0.9172800000001589,0.8675723322001504
2023-02-15 06:00:00,37.50999,36.4,0.6784959999998463,0.6991862135998418
2023-02-15 07:00:00,40.4838,36.4,0.7083439999999682,0.7878147479999648
2023-02-15 08:00:00,40.95361199999999,36.4,0.3822000000000662,0.4300129260000744
2023-02-15 09:00:00,38.761989,36.4,0.7480200000001059,0.7965588739501128
2023-02-15 10:00:00,36.425424,36.4,0.1292199999998411,0.129310255199841
2023-02-15 11:00:00,33.88144200000001,36.4,0.0,0.0
2023-02-15 12:00:00,32.460760500000006,29.68,0.0,0.0
2023-02-15 13:00:00,32.54322750000001,29.68,0.0,0.0
2023-02-15 14:00:00,32.534481,29.68,0.03858400000003239,0.042294825300035505
2023-02-15 15:00:00,33.450364500000006,36.4,0.2835560000001642,0.26057833945515096
2023-02-15 16:00:00,35.484550500000005,36.4,0.2711799999999603,0.2643599012249613
2023-02-15 17:00:00,37.21011000000001,36.4,0.3658200000000397,0.3739616055000407
2023-02-15 18:00:00,39.04937399999999,36.4,0.37127999999982786,0.3983036147998153
2023-02-15 19:00:00,38.0160375,36.4,0.348712000000196,0.3641936392502047
2023-02-15 20:00:00,35.30962050000001,36.4,0.41095599999996557,0.3986456154449667
2023-02-15 21:00:00,34.1076015,36.4,0.3610879999997378,0.33834740687975434
2023-02-15 22:00:00,34.003893000000005,36.4,0.29920800000004233,0.2795120004600396
2023-02-15 23:00:00,32.24959500000001,29.68,0.237440000000054,0.2579967600000587
2023-02-16 00:00:00,31.469907000000006,29.68,0.2908640000001404,0.3084050886001489
2023-02-16 01:00:00,32.04717600000001,29.68,0.3018455999999482,0.32591977991994414
2023-02-16 02:00:00,31.67732400000001,29.68,0.26207439999994386,0.2797107709199402
2023-02-16 03:00:00,31.5311325,29.68,0.2211159999999676,0.23490693712496558
2023-02-16 04:00:00,31.737300000000005,29.68,0.3496303999999655,0.3738653939999631
2023-02-16 05:00:00,32.357052,29.68,0.6134856000000022,0.6688202648400023
2023-02-16 06:00:00,35.560770000000005,36.4,0.3017560000002304,0.2947987833002252
2023-02-16 07:00:00,38.172225,36.4,0.14596399999994172,0.1530706222499389
2023-02-16 08:00:00,39.276783,36.4,0.07971600000001854,0.08601615477002002
2023-02-16 09:00:00,38.164728,36.4,0.040403999999954976,0.04236284807995279
2023-02-16 10:00:00,36.14553600000001,36.4,0.0,0.0
2023-02-16 11:00:00,33.978903,36.4,0.0,0.0
2023-02-16 12:00:00,32.134641,29.68,0.0,0.0
2023-02-16 13:00:00,32.1908685,29.68,0.0,0.0
2023-02-16 14:00:00,33.352903500000004,36.4,0.003640000000079454,0.0033352903500728026
2023-02-16 15:00:00,34.2300525,36.4,0.2060239999999285,0.19374209714993273
2023-02-16 16:00:00,34.981002000000004,36.4,0.551096000000045,0.5296123702800434
2023-02-16 17:00:00,38.109750000000005,36.4,0.34689199999982523,0.36318591749981705
2023-02-16 18:00:00,38.224704,36.4,0.3607239999999947,0.3788068166399945
2023-02-16 19:00:00,37.4337705,36.4,0.3498040000000874,0.3597385345050899
2023-02-16 20:00:00,35.3071215,36.4,0.4277000000000662,0.41485867762506423
2023-02-16 21:00:00,34.60615200000001,36.4,0.41277600000000525,0.3924337636800051
2023-02-16 22:00:00,33.301674000000006,36.4,0.29192799999988345,0.26707942547989344
2023-02-16 23:00:00,30.8713965,29.68,0.21488320000004751,0.2235089106600494
2023-02-17 00:00:00,30.61899750000001,29.68,0.2582159999999676,0.26638527824996666
2023-02-17 01:00:00,29.6893695,29.68,0.2680104000000734,0.26809500658507346
2023-02-17 02:00:00,28.9521645,29.68,0.20449519999982077,0.19948041340482514
2023-02-17 03:00:00,28.128744,29.68,0.2249744000002138,0.21321587952020263
2023-02-17 04:00:00,27.4427685,29.68,0.30985919999996114,0.28650250313996406
2023-02-17 05:00:00,28.726005000000004,29.68,0.8725919999998812,0.8445445469998852
2023-02-17 06:00:00,30.50279400000001,29.68,0.22586480000012527,0.2321262623401288
2023-02-17 07:00:00,32.6931675,29.68,0.19944959999987258,0.21969808559985968
2023-02-17 08:00:00,33.599055,36.4,0.23405200000001058,0.21604192365000977
2023-02-17 09:00:00,31.67732400000001,29.68,0.06826400000014037,0.07285784520014983
2023-02-17 10:00:00,30.057972000000003,29.68,0.20479199999988124,0.20740000679987972
2023-02-17 11:00:00,28.858452,29.68,0.2226,0.21643839
2023-02-17 12:00:00,28.713510000000003,29.68,0.17214399999997843,0.16653835799997915
2023-02-17 13:00:00,25.818418500000007,29.68,0.5431439999999784,0.47247705854998134
2023-02-17 14:00:00,21.951216,21.86,0.1093,0.10975607999999999
2023-02-17 15:00:00,21.5801145,21.86,0.12460200000013519,0.12300665265013347
2023-02-17 16:00:00,26.068318500000004,29.68,0.2175543999997819,0.19108077460480846
2023-02-17 17:00:00,27.354054000000005,29.68,0.25584160000002376,0.23579194548002191
2023-02-17 18:00:00,28.679773500000007,29.68,0.18846800000006478,0.18211656172506263
2023-02-17 19:00:00,27.9950475,29.68,0.25020239999995464,0.2359982504249572
2023-02-17 20:00:00,24.860052000000007,21.86,0.20264220000012884,0.23045268204014657
2023-02-17 21:00:00,23.228205000000003,21.86,0.17116379999987913,0.18187684514987157
2023-02-17 22:00:00,22.843359000000003,21.86,0.15301999999996024,0.15990351299995847
2023-02-17 23:00:00,20.144439,21.86,0.20854440000013838,0.19217794806012753
2023-02-18 00:00:00,20.884143,20.07,0.18624959999997664,0.19380484703997572
2023-02-18 01:00:00,21.921228,20.07,0.1587537000000336,0.1733969134800367
2023-02-18 02:00:00,21.843759,20.07,0.1487186999999971,0.1618622541899968
2023-02-18 03:00:00,22.917079500000003,20.07,0.18524609999995473,0.21152464378494834
2023-02-18 04:00:00,25.23740100000001,28.47,0.2761590000000725,0.24480278970006436
2023-02-18 05:00:00,26.127045000000003,28.47,0.5081894999999585,0.466367753249962
2023-02-18 06:00:00,27.64643700000001,28.47,0.18049980000000415,0.1752784105800041
2023-02-18 07:00:00,29.034631500000007,28.47,0.04839900000002072,0.049358873550021144
2023-02-18 08:00:00,31.106302500000005,28.47,0.05153069999988192,0.056302407524871
2023-02-18 09:00:00,31.727304000000004,34.23,0.009926700000154413,0.009200918160143125
2023-02-18 10:00:00,30.817668,28.47,0.0,0.0
2023-02-18 11:00:00,30.212910000000008,28.47,0.0088256999999855,0.009366002099984614
2023-02-18 12:00:00,29.172076500000003,28.47,0.0,0.0
2023-02-18 13:00:00,27.775135500000008,28.47,0.0,0.0
2023-02-18 14:00:00,28.159981500000008,28.47,0.03131699999990679,0.030975979649907805
2023-02-18 15:00:00,29.43822,28.47,0.09281220000000621,0.09596859720000643
2023-02-18 16:00:00,31.11005100000001,28.47,0.23316930000011804,0.2547913176901291
2023-02-18 17:00:00,33.46161,34.23,0.21222599999996264,0.2074619819999635
2023-02-18 18:00:00,35.74569600000001,34.23,0.2635709999998381,0.275241859199831
2023-02-18 19:00:00,36.1043025,34.23,0.30396239999997254,0.3206062061999711
2023-02-18 20:00:00,34.297525500000006,34.23,0.2998548000000697,0.30044632338006994
2023-02-18 21:00:00,32.442018000000004,34.23,0.22899869999995517,0.21703710041995755
2023-02-18 22:00:00,31.98595050000001,34.23,0.2984856000001021,0.2789174883600955
2023-02-18 23:00:00,31.569867,34.23,0.3234734999999004,0.2983352431499081
2023-02-19 00:00:00,30.992598000000008,28.47,0.27388140000012634,0.2981487927601376
2023-02-19 01:00:00,30.377844000000003,28.47,0.2548064999998654,0.2718817037998564
2023-02-19 02:00:00,29.80432350000001,28.47,0.2146637999999731,0.2247245991899719
2023-02-19 03:00:00,28.9884,28.47,0.2627781000001947,0.26756293200019826
2023-02-19 04:00:00,28.932172500000004,28.47,0.29067869999992335,0.29539748122492215
2023-02-19 05:00:00,29.585661000000005,28.47,0.6158060999998736,0.6399378474298688
2023-02-19 06:00:00,29.675625000000004,28.47,0.14718990000020923,0.1534229812502181
2023-02-19 07:00:00,30.833911500000003,28.47,0.14804399999986534,0.16033633979985418
2023-02-19 08:00:00,31.594857,34.23,0.10508609999992777,0.09699621098993333
2023-02-19 09:00:00,32.152134000000004,34.23,0.017799600000201733,0.016719109680189494
2023-02-19 10:00:00,31.883491500000005,34.23,0.0,0.0
2023-02-19 11:00:00,31.5961065,34.23,0.0,0.0
2023-02-19 12:00:00,30.927624000000005,28.47,0.0,0.0
2023-02-19 13:00:00,30.010491000000005,28.47,0.0,0.0
2023-02-19 14:00:00,29.680623000000008,28.47,0.04583670000001657,0.047785803030017296
2023-02-19 15:00:00,30.825165000000005,28.47,0.12042809999993578,0.1303904479499305
2023-02-19 16:00:00,32.452014000000005,34.23,0.8239161000000523,0.7811199769800498
2023-02-19 17:00:00,34.999744500000006,34.23,0.5487069000000223,0.561045904335023
2023-02-19 18:00:00,37.197615,34.23,0.6322280999999152,0.687039949049908
2023-02-19 19:00:00,37.157631,34.23,0.34880370000007965,0.37863625989008654
2023-02-19 20:00:00,34.649884500000006,34.23,0.2635709999998381,0.26680411064983617
2023-02-19 21:00:00,33.249195,34.23,0.2580941999999676,0.25069893029996854
2023-02-19 22:00:00,32.072166,34.23,0.2967741000000647,0.2780656792200607
2023-02-19 23:00:00,29.219557500000004,28.47,0.2519595000000621,0.2585930838750638
2023-02-20 00:00:00,27.22285650000001,29.68,0.18253199999993525,0.16742056747494066
2023-02-20 01:00:00,23.747997,21.86,0.1737870000000159,0.1887965761500173
2023-02-20 02:00:00,23.473107,21.86,0.19236800000002385,0.20656334160002562
2023-02-20 03:00:00,21.61635,21.86,0.16504300000002384,0.1632034425000236
2023-02-20 04:00:00,21.0078435,21.86,0.19586559999994116,0.18823027775994344
2023-02-20 05:00:00,22.146138,21.86,0.5779784000000509,0.5855438887200516
2023-02-20 06:00:00,26.401935000000005,29.68,0.18401599999996762,0.16369199699997122
2023-02-20 07:00:00,27.136641000000004,29.68,0.050456000000021595,0.04613228970001975
2023-02-20 08:00:00,26.83301250000001,29.68,0.21607040000001945,0.19534433100001763
2023-02-20 09:00:00,23.605554000000005,21.86,0.3576295999998934,0.386186863439885
2023-02-20 10:00:00,22.610952000000005,21.86,0.08088199999997615,0.08366052239997535
2023-02-20 11:00:00,20.3581035,21.86,0.008743999999992048,0.008143241399992594
2023-02-20 12:00:00,20.3431095,21.86,0.006776599999988866,0.006306363944989639
2023-02-20 13:00:00,20.1181995,21.86,0.027543600000044535,0.025348931370040986
2023-02-20 14:00:00,22.555974000000003,21.86,0.09050039999994752,0.09338173235994585
2023-02-20 15:00:00,23.907933000000007,21.86,0.0813192000000652,0.08893751076007135
2023-02-20 16:00:00,24.508942500000003,21.86,0.19302379999995864,0.2164139622749537
2023-02-20 17:00:00,29.23705050000001,29.68,0.4140360000001296,0.40785685447512776
2023-02-20 18:00:00,31.42992300000001,29.68,0.5253359999998596,0.5563096370998516
2023-02-20 19:00:00,30.992598000000008,29.68,0.2389240000000864,0.24949041390009025
2023-02-20 20:00:00,28.934671500000004,29.68,0.2804759999999136,0.2734326456749158
2023-02-20 21:00:00,28.329913500000004,29.68,0.16531760000020732,0.1577976181951979
2023-02-20 22:00:00,28.547326500000004,29.68,0.2427823999997927,0.23351713076980063
2023-02-20 23:00:00,25.944618,29.68,0.19410720000013387,0.16967780172011704
2023-02-21 00:00:00,23.678025000000005,21.86,0.15323860000000475,0.1659829552500052
2023-02-21 01:00:00,23.1169995,21.86,0.17422419999990615,0.18424248601490076
2023-02-21 02:00:00,23.335662000000003,21.86,0.13006700000005567,0.13884718890005945
2023-02-21 03:00:00,24.025386,21.86,0.16351280000010973,0.17970988728012063
2023-02-21 04:00:00,26.008342500000005,29.68,0.2522799999998381,0.22107091124985812
2023-02-21 05:00:00,29.222056500000004,29.68,0.21844479999996327,0.21507433583996388
2023-02-21 06:00:00,33.32041650000001,36.4,0.7756840000001138,0.7100580756151044
2023-02-21 07:00:00,35.9693565,36.4,0.41969200000009005,0.41472668044508904
2023-02-21 08:00:00,36.605352,36.4,0.16197999999989407,0.16289381639989348
2023-02-21 09:00:00,33.699015,36.4,0.5878599999999206,0.5442390922499265
2023-02-21 10:00:00,33.516588000000006,36.4,0.5096000000001986,0.469232232000183
2023-02-21 11:00:00,31.9259745,29.68,0.8295560000000216,0.8923309872750232
2023-02-21 12:00:00,31.4286735,29.68,0.6651287999999957,0.7043165731349954
2023-02-21 13:00:00,31.629843000000005,29.68,0.6585991999997453,0.7018662161697286
2023-02-21 14:00:00,32.274585,29.68,0.12317200000025913,0.1339395277502818
2023-02-21 15:00:00,33.68152200000001,36.4,0.1692599999997219,0.15661907729974273
2023-02-21 16:00:00,35.984350500000005,36.4,0.25043200000003707,0.2475723314400367
2023-02-21 17:00:00,37.9660575,36.4,0.2901080000001748,0.3025894782751823
2023-02-21 18:00:00,39.6253935,36.4,0.21839999999980136,0.2377523609997838
2023-02-21 19:00:00,39.496695,36.4,0.37855999999998674,0.4107656279999856
2023-02-21 20:00:00,38.60955,36.4,0.3276000000001987,0.3474859500002107
2023-02-21 21:00:00,37.21011000000001,36.4,0.23659999999986756,0.24186571499986467
2023-02-21 22:00:00,36.51039,36.4,0.22567999999996027,0.22636441799996018
2023-02-21 23:00:00,35.183421,36.4,0.25661999999997354,0.24804311804997445
2023-02-22 00:00:00,34.848555000000005,36.4,0.24934000000014567,0.23871260175013947
2023-02-22 01:00:00,33.427873500000004,36.4,0.1623439999999682,0.14908831580997084
2023-02-22 02:00:00,33.024285000000006,29.68,0.19796560000011013,0.2202719809501226
2023-02-22 03:00:00,33.427873500000004,36.4,0.2318679999998967,0.21293555419490517
2023-02-22 04:00:00,33.5528235,36.4,0.29593200000003705,0.2727844550550342
2023-02-22 05:00:00,34.7598405,36.4,0.9143679999998967,0.8731671933599015
2023-02-22 06:00:00,37.046425500000005,36.4,0.1255800000000927,0.12781016797509437
2023-02-22 07:00:00,39.0006435,36.4,0.04367999999996028,0.046800772199957444
2023-02-22 08:00:00,39.401733,36.4,0.06188000000002648,0.06698294610002867
2023-02-22 09:00:00,37.92857250000001,36.4,0.04732000000003972,0.0493071442500414
2023-02-22 10:00:00,36.4266735,36.4,0.091,0.09106668375
2023-02-22 11:00:00,34.48495050000001,36.4,0.010919999999907304,0.010345485149912183
2023-02-22 12:00:00,33.556572,36.4,0.04331599999988612,0.039932320679895016
2023-02-22 13:00:00,33.509091000000005,36.4,0.036764000000206576,0.033844181910190174
2023-02-22 14:00:00,34.366248000000006,36.4,0.003640000000079454,0.003436624800075015
2023-02-22 15:00:00,36.22425450000001,36.4,0.331239999999947,0.32964071594994737
2023-02-22 16:00:00,36.980202000000006,36.4,0.41932800000001585,0.4260119270400162
2023-02-22 17:00:00,37.98604950000001,36.4,0.17399200000002385,0.1815733166100249
2023-02-22 18:00:00,39.2343,36.4,0.28027999999982783,0.3021041099998144
2023-02-22 19:00:00,38.9506635,36.4,0.5216119999999973,0.5581630079549972
2023-02-22 20:00:00,37.617447000000006,36.4,0.27081599999988615,0.27987380567988235
2023-02-22 21:00:00,36.612849,36.4,0.27409200000022244,0.2756947529702238
2023-02-22 22:00:00,36.060570000000006,36.4,0.2657199999998411,0.26324216099984266
2023-02-22 23:00:00,34.1700765,36.4,0.18054400000003443,0.1694835794400323
2023-02-23 00:00:00,34.196316,36.4,0.2981160000001509,0.28006782804014185
2023-02-23 01:00:00,33.786480000000005,36.4,0.25516400000000794,0.2368432248000074
2023-02-23 02:00:00,33.4866,36.4,0.20347599999974045,0.18719009399976125
2023-02-23 03:00:00,32.959311,29.68,0.25673200000020513,0.2850980401502278
2023-02-23 04:00:00,33.008041500000004,29.68,0.5921159999999676,0.6585104279249641
2023-02-23 05:00:00,33.60280350000001,36.4,1.0028200000000398,0.9257572364250369
2023-02-23 06:00:00,36.607851,36.4,0.08335599999976694,0.0838319787897656
2023-02-23 07:00:00,38.60955,36.4,0.0,0.0
2023-02-23 08:00:00,39.61914599999999,36.4,0.0,0.0
2023-02-23 09:00:00,38.55957000000001,36.4,0.0,0.0
2023-02-23 10:00:00,36.6840705,36.4,0.0,0.0
2023-02-23 11:00:00,36.08930850000001,36.4,0.0,0.0
2023-02-23 12:00:00,35.138439000000005,36.4,0.007644000000233063,0.007379072190224987
2023-02-23 13:00:00,34.448715,36.4,0.0,0.0
2023-02-23 14:00:00,34.27378500000001,36.4,0.0,0.0
2023-02-23 15:00:00,34.2850305,36.4,0.08990799999977753,0.08468402533479046
2023-02-23 16:00:00,34.803573,36.4,0.19000799999997614,0.1816746510599772
2023-02-23 17:00:00,36.405432000000005,36.4,0.267904000000286,0.2679439795202861
2023-02-23 18:00:00,38.012289,36.4,0.2038399999998146,0.21286881839980643
2023-02-23 19:00:00,37.98480000000001,36.4,0.4149600000001192,0.43302672000012443
2023-02-23 20:00:00,36.8490045,36.4,0.3596319999997722,0.3640681644597694
2023-02-23 21:00:00,36.252993,36.4,0.3181360000002569,0.31685115882025583
2023-02-23 22:00:00,35.562019500000005,36.4,0.19146399999994174,0.18705622256994311
2023-02-23 23:00:00,33.793977000000005,36.4,0.21694399999983577,0.2014121029198476
2023-02-24 00:00:00,34.071366000000005,36.4,0.23842000000023833,0.22316744730022314
2023-02-24 01:00:00,32.134641,29.68,0.1546327999999201,0.1674214796099135
2023-02-24 02:00:00,32.0559225,29.68,0.21043119999995033,0.2272764905249464
2023-02-24 03:00:00,31.70731200000001,29.68,0.22141280000002808,0.23653654752003006
2023-02-24 04:00:00,32.0559225,29.68,0.1412767999998985,0.15258619109989038
2023-02-24 05:00:00,32.015938500000004,29.68,0.7713832000000476,0.8320942416150514
2023-02-24 06:00:00,34.501194000000005,36.4,0.4113200000000397,0.38986349220003774
2023-02-24 07:00:00,36.7415475,36.4,0.1506959999999126,0.15211000664991178
2023-02-24 08:00:00,36.73530000000001,36.4,0.07534800000012183,0.07604207100012297
2023-02-24 09:00:00,36.14303700000001,36.4,0.11429600000011123,0.11348913618011047
2023-02-24 10:00:00,33.790228500000005,36.4,0.005459999999788125,0.005068534274803316
2023-02-24 11:00:00,30.990099,29.68,0.01988560000000216,0.020763366330002257
2023-02-24 12:00:00,31.457412000000005,29.68,0.10328639999998705,0.10947179375998628
2023-02-24 13:00:00,30.847656000000008,29.68,0.002968000000064785,0.0030847656000673345
2023-02-24 14:00:00,30.0492255,29.68,0.0742,0.07512306375
2023-02-24 15:00:00,30.997596000000005,29.68,0.11159680000006046,0.11655096096006316
2023-02-24 16:00:00,31.1737755,29.68,0.23061360000001294,0.24222023563501363
2023-02-24 17:00:00,32.3233155,29.68,0.25643519999987474,0.2792734459198636
2023-02-24 18:00:00,34.4124795,36.4,0.33051200000012976,0.3124653138601227
2023-02-24 19:00:00,31.982202000000004,29.68,0.26563599999985965,0.2862407078998488
2023-02-24 20:00:00,28.782232500000003,29.68,0.252280000000108,0.24464897625010473
2023-02-24 21:00:00,30.43906950000001,29.68,0.24545360000006697,0.25173110476506877
2023-02-24 22:00:00,29.0046435,29.68,0.2442663999998251,0.23870821600482905
2023-02-24 23:00:00,27.186621,29.68,0.21814800000017276,0.19982166435015825
2023-02-25 00:00:00,28.682272500000003,28.47,0.23772450000001033,0.23949697537501047
2023-02-25 01:00:00,27.756393000000003,28.47,0.20697689999996066,0.20178897710996166
2023-02-25 02:00:00,27.230353500000007,28.47,0.21324029999994198,0.20395534771494458
2023-02-25 03:00:00,26.768038500000003,28.47,0.23459280000014915,0.22056863724014025
2023-02-25 04:00:00,27.617698500000003,28.47,0.2750201999998405,0.2667869675098453
2023-02-25 05:00:00,27.1104015,28.47,0.4751642999999627,0.45247260103496445
2023-02-25 06:00:00,26.960461500000005,28.47,0.22548240000010564,0.21352685508010008
2023-02-25 07:00:00,27.9225765,28.47,0.106193099999884,0.10415121034488622
2023-02-25 08:00:00,28.59980550000001,28.47,0.019929000000176073,0.020019863850176886
2023-02-25 09:00:00,28.241199000000005,28.47,0.002846999999803211,0.0028241198998047927
2023-02-25 10:00:00,26.664330000000007,28.47,0.0,0.0
2023-02-25 11:00:00,25.511041500000005,28.47,0.0,0.0
2023-02-25 12:00:00,24.7938285,28.47,0.0,0.0
2023-02-25 13:00:00,22.978305,20.07,0.01665810000010806,0.019071993150123718
2023-02-25 14:00:00,25.199916000000005,28.47,0.18847140000007456,0.16682344392006607
2023-02-25 15:00:00,27.595207500000004,28.47,0.6753083999998261,0.6545583218998314
2023-02-25 16:00:00,29.430723000000008,28.47,0.36156900000012426,0.3737701821001286
2023-02-25 17:00:00,32.786880000000004,34.23,0.5689025999997783,0.5449179455997877
2023-02-25 18:00:00,34.421226000000004,34.23,0.28616280000008215,0.2877614493600827
2023-02-25 19:00:00,33.717757500000005,34.23,0.30019710000013944,0.2957047332751374
2023-02-25 20:00:00,31.942218,34.23,0.26733629999998254,0.24946872257998373
2023-02-25 21:00:00,30.146686500000005,28.47,0.21694139999991924,0.2297177511299145
2023-02-25 22:00:00,31.7285535,34.23,0.26528249999987547,0.24589628962488458
2023-02-25 23:00:00,30.79142850000001,28.47,0.20640750000010358,0.22323785662511209
2023-02-26 00:00:00,30.661480500000003,28.47,0.22263540000004348,0.23977277751004689
2023-02-26 01:00:00,30.230403000000003,28.47,0.26761799999988606,0.28416578819987903
2023-02-26 02:00:00,30.2091615,28.47,0.21238620000002692,0.2253603447900286
2023-02-26 03:00:00,30.645237000000005,28.47,0.22975289999993995,0.2473070625899354
2023-02-26 04:00:00,30.375345000000003,28.47,0.22491300000024858,0.23996522550026522
2023-02-26 05:00:00,30.555273000000007,28.47,0.24626549999993785,0.26430311144993335
2023-02-26 06:00:00,30.742698000000008,28.47,0.3088995000000103,0.33355827330001125
2023-02-26 07:00:00,31.056322500000004,28.47,0.03131699999990679,0.03416195474989832
2023-02-26 08:00:00,30.990099,28.47,0.0028470000000621436,0.0030990099000676448
2023-02-26 09:00:00,30.555273000000007,28.47,0.0,0.0
2023-02-26 10:00:00,29.530683000000003,28.47,0.04270499999989642,0.044296024499892575
2023-02-26 11:00:00,28.98090300000001,28.47,0.008541000000186432,0.00869427090018978
2023-02-26 12:00:00,27.98880000000001,28.47,0.03131699999990679,0.03078767999990837
2023-02-26 13:00:00,24.240300000000005,20.07,0.03612600000005841,0.04363254000007056
2023-02-26 14:00:00,24.275286000000005,28.47,0.071175,0.06068821500000001
2023-02-26 15:00:00,27.993798,28.47,0.08540999999979285,0.08398139399979632
2023-02-26 16:00:00,29.728104,28.47,0.21437910000017402,0.22385262312018167
2023-02-26 17:00:00,33.599055,34.23,0.23687160000000249,0.23250546060000243
2023-02-26 18:00:00,36.572865,34.23,0.3108083999998107,0.33208161419979776
2023-02-26 19:00:00,36.9739545,34.23,0.5004426000001518,0.5405592147901641
2023-02-26 20:00:00,36.56536800000001,34.23,0.33237329999984555,0.3550497232798351
2023-02-26 21:00:00,35.065968,34.23,0.2779475999999651,0.28473566015996427
2023-02-26 22:00:00,34.6473855,34.23,0.27041699999998753,0.2737143454499874
2023-02-26 23:00:00,33.983901,34.23,0.2834244000001469,0.2813867002801459
2023-02-27 00:00:00,32.7156585,29.68,0.2513895999999266,0.2771016274949191
2023-02-27 01:00:00,33.9751545,36.4,0.3567200000001721,0.3329565141001607
2023-02-27 02:00:00,33.973905,36.4,0.32905599999983315,0.3071241011998443
2023-02-27 03:00:00,32.99054850000001,29.68,0.23150400000019436,0.2573262783002161
2023-02-27 04:00:00,32.370796500000004,29.68,0.2540607999999309,0.27709401803992467
2023-02-27 05:00:00,34.839808500000004,36.4,0.9762479999999232,0.9344036639699266
2023-02-27 06:00:00,37.8885885,36.4,0.16197999999989407,0.1686042188248897
2023-02-27 07:00:00,40.691217,36.4,0.003640000000079454,0.0040691217000888204
2023-02-27 08:00:00,40.7274525,36.4,0.0,0.0
2023-02-27 09:00:00,38.1809715,36.4,0.0,0.0
2023-02-27 10:00:00,36.4741545,36.4,0.028755999999899362,0.028814582054899153
2023-02-27 11:00:00,34.345006500000004,36.4,0.0,0.0
2023-02-27 12:00:00,34.6848705,36.4,0.0,0.0
2023-02-27 13:00:00,34.30127400000001,36.4,0.0,0.0
2023-02-27 14:00:00,33.800224500000006,36.4,0.0,0.0
2023-02-27 15:00:00,33.88644,36.4,0.15142400000006093,0.1409675904000567
2023-02-27 16:00:00,36.5416275,36.4,0.2912000000000662,0.29233302000006645
2023-02-27 17:00:00,38.6957655,36.4,0.2584400000000132,0.2747399350500141
2023-02-27 18:00:00,41.1097995,36.4,0.28027999999982783,0.3165454561498056
2023-02-27 19:00:00,42.12689249999999,36.4,0.2802800000001589,0.32437707225018386
2023-02-27 20:00:00,39.170575500000005,36.4,0.2457000000000662,0.2644013846250713
2023-02-27 21:00:00,37.397535000000005,36.4,0.2609879999998702,0.2681403259498667
2023-02-27 22:00:00,36.542877,36.4,0.2580759999999391,0.25908899792993884
2023-02-27 23:00:00,36.043077,36.4,0.2584400000000132,0.2559058467000131
2023-02-28 00:00:00,34.11135,36.4,0.26171600000001854,0.24526060650001738
2023-02-28 01:00:00,32.964309,29.68,0.19588799999995682,0.21756443939995204
2023-02-28 02:00:00,32.8406085,29.68,0.2240840000000324,0.24794659417503587
2023-02-28 03:00:00,32.935570500000004,29.68,0.19440400000019434,0.21572798677521574
2023-02-28 04:00:00,33.142987500000004,36.4,0.2759119999999311,0.25122384524993735
2023-02-28 05:00:00,35.0372295,36.4,0.5722080000000423,0.5507852477400408
2023-02-28 06:00:00,37.6686765,36.4,0.2227680000000291,0.23053230018003013
2023-02-28 07:00:00,39.60790050000001,36.4,0.16452799999975104,0.17902771025972913
2023-02-28 08:00:00,40.613748,36.4,0.13504400000003444,0.15067700508003842
2023-02-28 09:00:00,37.398784500000005,36.4,0.025480000000225118,0.026179149150231302
2023-02-28 10:00:00,33.659031000000006,36.4,0.0036399999997483974,0.003365903099767344
2023-02-28 11:00:00,32.88684000000001,29.68,0.00593600000012957,0.006577368000143571
2023-02-28 12:00:00,31.950964500000005,29.68,0.03858400000003239,0.04153625385003488
2023-02-28 13:00:00,32.26084050000001,29.68,0.0742,0.08065210125000002
2023-02-28 14:00:00,32.788129500000004,29.68,0.1751120000000432,0.19344996405004775
2023-02-28 15:00:00,34.01139,36.4,0.2646279999999497,0.24726280529995298
2023-02-28 16:00:00,36.662829,36.4,0.7349159999997537,0.740222517509752
2023-02-28 17:00:00,39.0006435,36.4,0.30466800000016153,0.32643538609517314
2023-02-28 18:00:00,41.59210649999999,36.4,0.2664479999999894,0.30445421957998786
2023-02-28 19:00:00,41.58086099999999,36.4,0.2941119999999974,0.3359733568799969
2023-02-28 20:00:00,39.2205555,36.4,0.2955679999999629,0.3184709106599601
2023-02-28 21:00:00,37.14388650000001,36.4,0.28755999999998677,0.29343670334998656
2023-02-28 22:00:00,36.582861,36.4,0.27227200000018276,0.2736398002801837
2023-02-28 23:00:00,35.128443000000004,36.4,0.28173599999979343,0.2718941488198007
2023-03-01 00:00:00,33.996396000000004,36.4,0.3523519999999444,0.3290851132799481
2023-03-01 01:00:00,33.044277,36.4,0.2675400000002119,0.24287543595019234
2023-03-01 02:00:00,32.981802,29.68,0.21844479999996327,0.24274606271995922
2023-03-01 03:00:00,33.31916700000001,36.4,0.2926560000000318,0.26788610268002916
2023-03-01 04:00:00,33.684021,36.4,0.31049200000002386,0.28732469913002207
2023-03-01 05:00:00,35.02973250000001,36.4,0.5995079999999762,0.5769396942749773
2023-03-01 06:00:00,37.7911275,36.4,0.17835999999992055,0.18517652474991753
2023-03-01 07:00:00,40.6124985,36.4,0.10555999999998676,0.11777624564998522
2023-03-01 08:00:00,40.6124985,36.4,0.07279999999993379,0.08122499699992612
2023-03-01 09:00:00,36.472905,36.4,0.1783600000002516,0.1787172345002521
2023-03-01 10:00:00,33.1979655,36.4,0.16015999999985434,0.14607104819986716
2023-03-01 11:00:00,32.202114,29.68,0.2297232000001015,0.24924436236011016
2023-03-01 12:00:00,31.836010500000004,29.68,0.04630079999998489,0.04966417637998379
2023-03-01 13:00:00,31.627344000000008,29.68,0.10091199999977325,0.1075329695997584
2023-03-01 14:00:00,31.8734955,29.68,0.17214400000024835,0.1848662739002667
2023-03-01 15:00:00,32.71315950000001,29.68,0.35467599999991367,0.39092225602490493
2023-03-01 16:00:00,34.293777000000006,36.4,0.29083599999999205,0.27400727822999255
2023-03-01 17:00:00,37.70241300000001,36.4,0.3432520000000768,0.3555337545900796
2023-03-01 18:00:00,40.3201155,36.4,0.33961199999999736,0.3761866776149971
2023-03-01 19:00:00,40.168926,36.4,0.32395999999978814,0.3575034413997662
2023-03-01 20:00:00,37.70241300000001,36.4,0.331239999999947,0.3430919582999452
2023-03-01 21:00:00,35.46705750000001,36.4,0.28974400000010064,0.28231777770009814
2023-03-01 22:00:00,35.1171975,36.4,0.2689960000001775,0.25951608952517125
2023-03-01 23:00:00,33.800224500000006,36.4,0.2748200000000397,0.2551916949750369
2023-03-02 00:00:00,33.089259000000006,36.4,0.2537079999997113,0.2306321352297376
2023-03-02 01:00:00,33.432871500000005,36.4,0.2970240000002595,0.2728122314402385
2023-03-02 02:00:00,33.61529850000001,36.4,0.2937479999999232,0.27127545889492916
2023-03-02 03:00:00,33.795226500000005,36.4,0.24752000000010593,0.22980754020009841
2023-03-02 04:00:00,33.6127995,36.4,0.3032119999998649,0.2799946198348753
2023-03-02 05:00:00,34.30877100000001,36.4,0.639547999999857,0.6028051064698654
2023-03-02 06:00:00,37.98355050000001,36.4,0.17472000000017215,0.18232104240017968
2023-03-02 07:00:00,39.9977445,36.4,0.09464000000007944,0.10399413570008731
2023-03-02 08:00:00,39.561669,36.4,0.040039999999880824,0.04351783589987047
2023-03-02 09:00:00,35.040978,36.4,0.0,0.0
2023-03-02 10:00:00,32.906832,29.68,0.0,0.0
2023-03-02 11:00:00,31.96096050000001,29.68,0.0,0.0
2023-03-02 12:00:00,31.786030500000003,29.68,0.0,0.0
2023-03-02 13:00:00,31.567368,29.68,0.029680000000107978,0.031567368000114844
2023-03-02 14:00:00,32.0734155,29.68,0.023743999999978404,0.025658732399976666
2023-03-02 15:00:00,33.439119000000005,36.4,0.35781199999973246,0.32870653976975434
2023-03-02 16:00:00,36.440418,36.4,0.28464800000005563,0.2849640687600557
2023-03-02 17:00:00,38.157231,36.4,0.32396000000011915,0.339599355900125
2023-03-02 18:00:00,40.4725545,36.4,0.30394000000001326,0.3379458300750147
2023-03-02 19:00:00,40.375093500000006,36.4,0.2740919999998914,0.3040244540548796
2023-03-02 20:00:00,37.7886285,36.4,0.3010280000000821,0.3125119576950852
2023-03-02 21:00:00,37.2738345,36.4,0.31049200000002386,0.3179458082850244
2023-03-02 22:00:00,36.051823500000005,36.4,0.28282800000001584,0.2801226685950158
2023-03-02 23:00:00,34.848555000000005,36.4,0.2522520000000768,0.24150048615007358
2023-03-03 00:00:00,34.89853500000001,36.4,0.2657199999998411,0.2547593054998477
2023-03-03 01:00:00,33.634041,36.4,0.2547999999999338,0.23543828699993885
2023-03-03 02:00:00,33.6852705,36.4,0.27918799999993643,0.2583660247349412
2023-03-03 03:00:00,33.41537850000001,36.4,0.31777200000018274,0.29171625430516784
2023-03-03 04:00:00,33.33416100000001,36.4,0.5984160000000847,0.5480136068400777
2023-03-03 05:00:00,34.23630000000001,36.4,0.36254400000003445,0.3409935480000325
2023-03-03 06:00:00,37.63369050000001,36.4,0.10446799999976429,0.10800869173475633
2023-03-03 07:00:00,40.7374485,36.4,0.007280000000158908,0.008147489700177842
2023-03-03 08:00:00,41.78203049999999,36.4,0.0,0.0
2023-03-03 09:00:00,38.169726,36.4,0.0,0.0
2023-03-03 10:00:00,33.751494,36.4,0.0,0.0
2023-03-03 11:00:00,32.738149500000006,29.68,0.0,0.0
2023-03-03 12:00:00,31.698565500000004,29.68,0.0,0.0
2023-03-03 13:00:00,31.374945000000004,29.68,0.0,0.0
2023-03-03 14:00:00,31.223755500000003,29.68,0.06232800000001079,0.06556988655001136
2023-03-03 15:00:00,31.698565500000004,29.68,0.1098159999999676,0.11728469234996541
2023-03-03 16:00:00,33.52533450000001,36.4,0.2395120000001298,0.22059670101011958
2023-03-03 17:00:00,36.85775100000001,36.4,0.30503199999990466,0.3088679533799035
2023-03-03 18:00:00,37.98480000000001,36.4,0.2318679999998967,0.24196317599989225
2023-03-03 19:00:00,36.477903000000005,36.4,0.27918799999993643,0.27978551600993634
2023-03-03 20:00:00,34.02513450000001,36.4,0.26026000000005295,0.24327971167504955
2023-03-03 21:00:00,32.63694,29.68,0.20479200000015116,0.22519488600016627
2023-03-03 22:00:00,31.373695500000004,29.68,0.17451839999992227,0.18447732953991786
2023-03-03 23:00:00,30.066718500000007,29.68,0.2044952000000907,0.20715969046509194
2023-03-04 00:00:00,30.89638650000001,28.47,0.16740359999992543,0.1816707526199191
2023-03-04 01:00:00,29.345757000000003,28.47,0.20640749999984465,0.21275673824983987
2023-03-04 02:00:00,28.885941000000003,28.47,0.19388070000014085,0.19671325821014293
2023-03-04 03:00:00,29.608152000000004,28.47,0.1861937999998695,0.19363731407986431
2023-03-04 04:00:00,29.574415500000004,28.47,0.19359600000008287,0.2011060254000861
2023-03-04 05:00:00,29.48570100000001,28.47,0.1480440000001243,0.15332564520012879
2023-03-04 06:00:00,29.12584500000001,28.47,0.05978700000001036,0.061164274500010614
2023-03-04 07:00:00,29.715609000000004,28.47,0.04128149999986535,0.043087633049859464
2023-03-04 08:00:00,29.949265500000006,28.47,0.06690449999990677,0.07038077392490195
2023-03-04 09:00:00,29.474455500000005,28.47,0.14377350000003106,0.1488460002750322
2023-03-04 10:00:00,29.493198000000007,28.47,0.004270500000093216,0.004423979700096567
2023-03-04 11:00:00,29.20206450000001,28.47,0.0,0.0
2023-03-04 12:00:00,28.534831500000003,28.47,0.0,0.0
2023-03-04 13:00:00,28.770987000000005,28.47,0.0,0.0
2023-03-04 14:00:00,29.282032500000003,28.47,0.008256299999869498,0.008491789424865778
2023-03-04 15:00:00,30.08421150000001,28.47,0.08427120000007872,0.0890492660400832
2023-03-04 16:00:00,30.72520500000001,28.47,0.1836315000001243,0.19817757225013422
2023-03-04 17:00:00,34.861050000000006,34.23,0.5014694999997384,0.5107143824997338
2023-03-04 18:00:00,36.317967,34.23,0.2687055000002615,0.28509604095027746
2023-03-04 19:00:00,35.485800000000005,34.23,0.30978149999991283,0.3211464899999097
2023-03-04 20:00:00,34.696116,34.23,0.31833900000009957,0.322673878800101
2023-03-04 21:00:00,32.0759145,34.23,0.27383999999975095,0.25660731599976666
2023-03-04 22:00:00,32.48949900000001,34.23,0.26528250000018677,0.25179361725017735
2023-03-04 23:00:00,31.0388295,28.47,0.20640749999984465,0.2250315138748306
2023-03-05 00:00:00,30.803923500000003,28.47,0.22263540000004348,0.2408866817700471
2023-03-05 01:00:00,30.6439875,28.47,0.267618000000145,0.2880534825001561
2023-03-05 02:00:00,30.556522500000007,28.47,0.21238620000002692,0.22795165785002894
2023-03-05 03:00:00,30.717708000000005,28.47,0.22975289999993995,0.24789190355993523
2023-03-05 04:00:00,30.4865505,28.47,0.22519770000004763,0.24114861445505104
2023-03-05 05:00:00,30.589009500000003,28.47,0.24598079999987985,0.264289042079871
2023-03-05 06:00:00,30.605253,28.47,0.3088995000000103,0.33206699505001114
2023-03-05 07:00:00,30.911380500000003,28.47,0.03160169999996478,0.03431163235496177
2023-03-05 08:00:00,30.827664,28.47,0.002562300000004143,0.002774489760004486
2023-03-05 09:00:00,30.8289135,28.47,0.0,0.0
2023-03-05 10:00:00,30.510291,28.47,0.04270500000015536,0.0457654365001665
2023-03-05 11:00:00,30.806422500000004,28.47,0.008540999999927499,0.00924192674992155
2023-03-05 12:00:00,31.1437875,28.47,0.03131699999990679,0.034258166249898026
2023-03-05 13:00:00,30.8289135,28.47,0.05124600000008286,0.05549204430008972
2023-03-05 14:00:00,31.140039000000005,28.47,0.071175,0.07785009750000002
2023-03-05 15:00:00,31.754793000000003,34.23,0.10269000000006226,0.09526437900005777
2023-03-05 16:00:00,33.53283150000001,34.23,0.2580941999999676,0.25283754950996834
2023-03-05 17:00:00,35.503293,34.23,0.23652929999993272,0.24532775462993026
2023-03-05 18:00:00,38.19346649999999,34.23,0.31080840000012205,0.34679667582013607
2023-03-05 19:00:00,38.90568150000001,34.23,0.5004425999998405,0.568801063529819
2023-03-05 20:00:00,37.3887885,34.23,0.33271559999991535,0.36341902421990746
2023-03-05 21:00:00,36.421675500000006,34.23,0.2776053000002067,0.29537978830522
2023-03-05 22:00:00,35.318367,34.23,0.27041699999998753,0.2790150992999872
2023-03-05 23:00:00,33.6277935,34.23,0.28376669999990534,0.27877440811490706
2023-03-06 00:00:00,34.37374500000001,36.4,0.30794400000016686,0.2908018827001576
2023-03-06 01:00:00,32.9980455,29.68,0.29086399999987045,0.323380845899856
2023-03-06 02:00:00,32.7756345,29.68,0.2683072000001339,0.2962917358801479
2023-03-06 03:00:00,32.75189400000001,29.68,0.2315039999999244,0.2554647731999167
2023-03-06 04:00:00,32.8306125,29.68,0.2540607999999309,0.28103004299992357
2023-03-06 05:00:00,34.54117800000001,36.4,0.9762479999999232,0.9263943939599274
2023-03-06 06:00:00,37.335060000000006,36.4,0.1619800000002251,0.16614101700023093
2023-03-06 07:00:00,40.4838,36.4,0.004003999999822554,0.004453217999802646
2023-03-06 08:00:00,44.49344549999999,36.4,0.036036000000058264,0.04404851104507121
2023-03-06 09:00:00,40.9023825,36.4,0.018564000000140368,0.020860215075157732
2023-03-06 10:00:00,38.642037,36.4,0.039675999999806665,0.04211982032979476
2023-03-06 11:00:00,37.465008000000005,36.4,0.040403999999954976,0.041586158879953664
2023-03-06 12:00:00,36.100554,36.4,0.05823999999994703,0.05776088639994747
2023-03-06 13:00:00,35.479552500000004,36.4,0.22932000000003971,0.22352118075003877
2023-03-06 14:00:00,35.39833500000001,36.4,0.174356000000098,0.16955802465009534
2023-03-06 15:00:00,35.58326100000001,36.4,0.23878399999998146,0.23342619215998192
2023-03-06 16:00:00,36.36045,36.4,0.3094000000001324,0.3090638250001323
2023-03-06 17:00:00,37.611199500000005,36.4,0.46773999999994703,0.48330391357494534
2023-03-06 18:00:00,40.46630700000001,36.4,0.5405399999998808,0.6009246589498676
2023-03-06 19:00:00,39.1855695,36.4,0.2675400000002119,0.2880139358252281
2023-03-06 20:00:00,35.854402500000006,36.4,0.326143999999902,0.3212554463999035
2023-03-06 21:00:00,33.6602805,36.4,0.27664000000007943,0.2558181318000735
2023-03-06 22:00:00,32.443267500000005,29.68,0.19974639999993304,0.21834319027492688
2023-03-06 23:00:00,30.93512100000001,29.68,0.2036047999999093,0.21221493005990552
2023-03-07 00:00:00,29.620647000000005,29.68,0.23417519999992872,0.23370690482992892
2023-03-07 01:00:00,29.145837000000004,29.68,0.23002000000016196,0.22588023675015909
2023-03-07 02:00:00,27.98880000000001,29.68,0.20123039999996548,0.18976406399996748
2023-03-07 03:00:00,27.234102000000004,29.68,0.2086504000001274,0.19145573706011693
2023-03-07 04:00:00,27.179124000000005,29.68,0.23981439999999782,0.21960732191999807
2023-03-07 05:00:00,28.060021500000005,29.68,0.38168479999974736,0.3608518764897612
2023-03-07 06:00:00,29.701864500000003,29.68,0.20657280000024403,0.20672497692024422
2023-03-07 07:00:00,29.809321500000003,29.68,0.2507959999998057,0.2518887666748048
2023-03-07 08:00:00,30.561520500000004,29.68,0.029976800000168443,0.03086713570517345
2023-03-07 09:00:00,28.853454000000003,29.68,0.05431439999999785,0.05280182081999791
2023-03-07 10:00:00,29.095857,29.68,0.017807999999848834,0.01745751419985181
2023-03-07 11:00:00,29.145837000000004,29.68,0.13088879999994169,0.12853314116994277
2023-03-07 12:00:00,28.309921500000005,29.68,0.1302952000000907,0.12428055538508653
2023-03-07 13:00:00,29.095857,29.68,0.0566887999999417,0.055573086869942834
2023-03-07 14:00:00,29.247046500000007,29.68,0.0946792000001231,0.09329807833512131
2023-03-07 15:00:00,29.563170000000003,29.68,0.15878799999995682,0.158162959499957
2023-03-07 16:00:00,31.015089000000007,29.68,0.27186880000004965,0.28409821524005197
2023-03-07 17:00:00,35.23215150000001,36.4,0.5470919999998914,0.529539237044895
2023-03-07 18:00:00,37.869846,36.4,0.2922919999999576,0.30409486337995595
2023-03-07 19:00:00,35.349604500000005,36.4,0.2912000000000662,0.28279683600006433
2023-03-07 20:00:00,36.377943,36.4,0.2777319999999709,0.2775637050899709
2023-03-07 21:00:00,34.414978500000004,36.4,0.2715440000000344,0.2567357396100326
2023-03-07 22:00:00,32.6381895,29.68,0.2662295999999806,0.2927645598149787
2023-03-07 23:00:00,31.798525500000004,29.68,0.21607040000001945,0.23149326564002085
2023-03-08 00:00:00,31.649835000000003,29.68,0.20686960000003457,0.22059934995003688
2023-03-08 01:00:00,31.374945000000004,29.68,0.21428959999992658,0.22652710289992242
2023-03-08 02:00:00,31.364949000000006,29.68,0.26712000000016195,0.2822845410001712
2023-03-08 03:00:00,31.237500000000004,29.68,0.22289679999979053,0.23459362499977957
2023-03-08 04:00:00,31.237500000000004,29.68,0.27780480000017926,0.2923830000001887
2023-03-08 05:00:00,32.1408885,29.68,0.3899951999998208,0.42233127488980593
2023-03-08 06:00:00,34.94601600000001,36.4,0.05824000000027809,0.05591362560026699
2023-03-08 07:00:00,37.1763735,36.4,0.0,0.0
2023-03-08 08:00:00,38.996895,36.4,0.0,0.0
2023-03-08 09:00:00,37.7349,36.4,0.0,0.0
2023-03-08 10:00:00,36.484150500000005,36.4,0.0,0.0
2023-03-08 11:00:00,35.3820915,36.4,0.007279999999827851,0.007076418299832666
2023-03-08 12:00:00,34.5074415,36.4,0.05787599999987287,0.05486683198487948
2023-03-08 13:00:00,34.352503500000005,36.4,0.2460640000001404,0.2322229236601325
2023-03-08 14:00:00,34.54117800000001,36.4,0.3945759999999391,0.37442636951994235
2023-03-08 15:00:00,34.997245500000005,36.4,0.23514400000023306,0.22608220593022413
2023-03-08 16:00:00,35.419576500000005,36.4,0.44735599999976694,0.43530659518477327
2023-03-08 17:00:00,36.486649500000006,36.4,0.34944000000001324,0.3502718352000133
2023-03-08 18:00:00,38.2209555,36.4,0.3552640000002066,0.373036525680217
2023-03-08 19:00:00,38.612049000000006,36.4,0.3479839999997166,0.3691311884396995
2023-03-08 20:00:00,36.58161150000001,36.4,0.34179600000011123,0.3435013319851119
2023-03-08 21:00:00,34.191318,36.4,0.29847999999989405,0.2803688075999005
2023-03-08 22:00:00,33.464109,36.4,0.2380560000001642,0.21885527286015097
2023-03-08 23:00:00,32.237100000000005,29.68,0.2315039999999244,0.25144937999991795
2023-03-09 00:00:00,31.569867,29.68,0.19588799999995682,0.20836112219995406
2023-03-09 01:00:00,31.28623050000001,29.68,0.21814800000017276,0.2299537941751822
2023-03-09 02:00:00,31.239999000000005,29.68,0.1976688000000497,0.20805839334005233
2023-03-09 03:00:00,31.035081000000005,29.68,0.13801199999977326,0.14431312664976292
2023-03-09 04:00:00,31.264989000000003,29.68,0.2226,0.23448741750000004
2023-03-09 05:00:00,31.489899,29.68,0.5965680000000648,0.6329469699000688
2023-03-09 06:00:00,34.5349305,36.4,0.12521600000001853,0.11880016092001759
2023-03-09 07:00:00,36.11055,36.4,0.10592400000006091,0.10508170050006044
2023-03-09 08:00:00,37.242597,36.4,0.31485999999992054,0.32214846404991876
2023-03-09 09:00:00,36.2267535,36.4,0.12885600000009798,0.12824270739009752
2023-03-09 10:00:00,35.155932,36.4,0.3021199999999735,0.2917942355999744
2023-03-09 11:00:00,33.83770950000001,36.4,0.2584400000000132,0.24024773745001238
2023-03-09 12:00:00,32.61195000000001,29.68,0.08607199999998921,0.09457465499998817
2023-03-09 13:00:00,31.9184775,29.68,0.08310399999992442,0.08937173699991872
2023-03-09 14:00:00,31.8859905,29.68,0.08933680000011446,0.09597683140512295
2023-03-09 15:00:00,31.952214,29.68,0.47784799999990285,0.5144306453998955
2023-03-09 16:00:00,32.157132000000004,29.68,0.6882792000001231,0.7457238910801334
2023-03-09 17:00:00,34.3425075,36.4,1.0206560000000318,0.9629639103000301
2023-03-09 18:00:00,35.763189000000004,36.4,0.2296839999997828,0.22566572258978668
2023-03-09 19:00:00,35.490798000000005,36.4,0.26790399999995496,0.2612122732799561
2023-03-09 20:00:00,34.24879500000001,36.4,0.2857400000002781,0.26885304075026173
2023-03-09 21:00:00,32.9980455,29.68,0.22794240000000862,0.25342498944000963
2023-03-09 22:00:00,32.839359,29.68,0.1905455999999482,0.21082868477994268
2023-03-09 23:00:00,31.07506500000001,29.68,0.1795639999998704,0.18800414324986442
2023-03-10 00:00:00,30.2241555,29.68,0.17897040000001943,0.18225165766501977
2023-03-10 01:00:00,29.94801600000001,29.68,0.20835360000006695,0.2102350723200676
2023-03-10 02:00:00,29.745597000000004,29.68,0.192919999999892,0.1933463804998918
2023-03-10 03:00:00,29.718108000000004,29.68,0.22794240000000862,0.22823506944000868
2023-03-10 04:00:00,29.749345500000008,29.68,0.2647455999999482,0.26536416185994816
2023-03-10 05:00:00,30.487800000000004,29.68,0.3899952000000907,0.4006096920000933
2023-03-10 06:00:00,32.3383095,29.68,0.04481679999995249,0.04883084734494823
2023-03-10 07:00:00,34.4749545,36.4,0.0,0.0
2023-03-10 08:00:00,34.9747545,36.4,0.0,0.0
2023-03-10 09:00:00,34.437469500000006,36.4,0.0,0.0
2023-03-10 10:00:00,33.847705500000004,36.4,0.0,0.0
2023-03-10 11:00:00,32.999295000000004,29.68,0.0,0.0
2023-03-10 12:00:00,31.914729,29.68,0.0,0.0
2023-03-10 13:00:00,31.46740800000001,29.68,0.0,0.0
2023-03-10 14:00:00,31.726054500000004,29.68,0.10833200000020515,0.11580009892521931
2023-03-10 15:00:00,31.439919000000003,29.68,0.2546543999997819,0.269754505019769
2023-03-10 16:00:00,31.125045000000007,29.68,0.11367440000021378,0.11920892235022423
2023-03-10 17:00:00,33.52908300000001,36.4,0.15979599999978017,0.14719267436979755
2023-03-10 18:00:00,34.296276,36.4,0.25298000000022514,0.2383591182002121
2023-03-10 19:00:00,34.101354,36.4,0.21657999999976163,0.2029030562997767
2023-03-10 20:00:00,31.788529500000006,29.68,0.22586480000012527,0.2419107094951342
2023-03-10 21:00:00,30.982602000000004,29.68,0.26059039999991146,0.2720272455599076
2023-03-10 22:00:00,29.90678250000001,29.68,0.20924399999997842,0.2108428166249783
2023-03-10 23:00:00,28.3124205,29.68,0.16917599999991365,0.16138079684991763
2023-03-11 00:00:00,26.142039000000004,28.47,0.18989490000010562,0.17436740013009705
2023-03-11 01:00:00,26.253244500000005,28.47,0.20612280000004557,0.19007349018004205
2023-03-11 02:00:00,26.499396000000004,28.47,0.22918350000008286,0.21332013780007716
2023-03-11 03:00:00,27.666429000000004,28.47,0.19245719999985084,0.18702506003985508
2023-03-11 04:00:00,28.347406500000005,28.47,0.22149660000007043,0.22054282257007018
2023-03-11 05:00:00,29.385741000000003,28.47,0.17366699999990678,0.17925302009990382
2023-03-11 06:00:00,30.392838,28.47,0.04839900000002072,0.051667824600022116
2023-03-11 07:00:00,31.123795500000003,28.47,0.0,0.0
2023-03-11 08:00:00,31.613599500000003,34.23,0.0,0.0
2023-03-11 09:00:00,30.658981500000003,28.47,0.0,0.0
2023-03-11 10:00:00,29.089609500000005,28.47,0.0,0.0
2023-03-11 11:00:00,27.60770250000001,28.47,0.028754700000161573,0.027883779525156693
2023-03-11 12:00:00,27.196617000000007,28.47,0.0,0.0
2023-03-11 13:00:00,24.865050000000004,28.47,0.0,0.0
2023-03-11 14:00:00,24.912531000000005,28.47,0.01964429999985914,0.017189646389876745
2023-03-11 15:00:00,27.6926685,28.47,0.042989699999954424,0.04181592943495567
2023-03-11 16:00:00,30.017988000000003,28.47,0.5662683000001387,0.5970577813201464
2023-03-11 17:00:00,33.61404900000001,34.23,0.20058779999977083,0.19697832713977506
2023-03-11 18:00:00,35.485800000000005,34.23,0.26630940000008463,0.27607952400008784
2023-03-11 19:00:00,34.439968500000006,34.23,0.20777609999999003,0.20905060879499002
2023-03-11 20:00:00,33.80897100000001,34.23,0.1844996999999178,0.18223035368991888
2023-03-11 21:00:00,32.357052,34.23,0.231394800000132,0.21873367152012482
2023-03-11 22:00:00,32.432022,34.23,0.22146809999997757,0.20983518233997878
2023-03-11 23:00:00,30.92637450000001,28.47,0.18875610000013257,0.2050418629351441
2023-03-12 00:00:00,32.48824950000001,34.23,0.23652929999993272,0.22449380404493624
2023-03-12 01:00:00,30.010491000000005,28.47,0.17452110000008078,0.1839643098300852
2023-03-12 02:00:00,30.010491000000005,28.47,0.24199499999984464,0.2550891734998363
2023-03-12 03:00:00,28.667278500000005,28.47,0.18533969999995442,0.18662398303495414
2023-03-12 04:00:00,28.839709500000005,28.47,0.1907490000000207,0.19322605365002102
2023-03-12 05:00:00,28.873446000000005,28.47,0.13238550000004143,0.13426152390004203
2023-03-12 06:00:00,28.714759500000003,28.47,0.058363499999979286,0.058865256974979116
2023-03-12 07:00:00,28.49484750000001,28.47,0.0,0.0
2023-03-12 08:00:00,28.6472865,28.47,0.0,0.0
2023-03-12 09:00:00,29.110851000000004,28.47,0.0,0.0
2023-03-12 10:00:00,28.863450000000007,28.47,0.0,0.0
2023-03-12 11:00:00,28.337410500000004,28.47,0.0,0.0
2023-03-12 12:00:00,27.414030000000007,28.47,0.0,0.0
2023-03-12 13:00:00,25.984602,28.47,0.0,0.0
2023-03-12 14:00:00,26.114550000000005,28.47,0.0,0.0
2023-03-12 15:00:00,26.72680500000001,28.47,0.0,0.0
2023-03-12 16:00:00,27.9950475,28.47,0.444986100000029,0.4375625924250285
2023-03-12 17:00:00,29.97675450000001,28.47,0.3419247000000062,0.36002082154500664
2023-03-12 18:00:00,32.3433075,34.23,0.21256830000003238,0.2008519395750306
2023-03-12 19:00:00,34.990998000000005,34.23,0.31080840000012205,0.3177182618401248
2023-03-12 20:00:00,33.6078015,34.23,0.21564899999972603,0.211729149449731
2023-03-12 21:00:00,30.449065500000003,28.47,0.19701240000000206,0.21070753326000222
2023-03-12 22:00:00,29.222056500000004,28.47,0.1819233000000352,0.18672894103503615
2023-03-12 23:00:00,27.43277250000001,28.47,0.12839970000000622,0.12372180397500604
2023-03-13 00:00:00,23.114500500000005,21.86,0.1407784000000509,0.14885738322005387
2023-03-13 01:00:00,22.0024455,21.86,0.13771800000002385,0.138615406650024
2023-03-13 02:00:00,21.536382,21.86,0.15301999999996024,0.15075467399996081
2023-03-13 03:00:00,19.4784555,21.86,0.14536899999999206,0.1295317290749929
2023-03-13 04:00:00,18.3064245,21.86,0.32090479999996663,0.268738311659972
2023-03-13 05:00:00,19.4784555,21.86,0.3034167999999825,0.2703609623399844
2023-03-13 06:00:00,22.1773755,21.86,0.034976000000167005,0.035483800800169434
2023-03-13 07:00:00,27.07791450000001,29.68,0.0,0.0
2023-03-13 08:00:00,27.340309500000007,29.68,0.0,0.0
2023-03-13 09:00:00,22.673427000000004,21.86,0.0,0.0
2023-03-13 10:00:00,21.1802745,21.86,0.0,0.0
2023-03-13 11:00:00,20.156934,21.86,0.0,0.0
2023-03-13 12:00:00,17.626696499999998,21.86,0.0,0.0
2023-03-13 13:00:00,17.365789,21.86,0.039347999999864804,0.0312584201998926
2023-03-13 14:00:00,17.3646585,21.86,0.016176400000114517,0.012849847290090968
2023-03-13 15:00:00,17.400537,21.86,0.15761059999990137,0.1254578717699215
2023-03-13 16:00:00,18.4963485,21.86,0.5051845999999331,0.4274506138349435
2023-03-13 17:00:00,24.0366315,21.86,0.43807440000017817,0.48169409526019585
2023-03-13 18:00:00,28.437370500000004,29.68,0.24604719999991795,0.2357458014449214
2023-03-13 19:00:00,29.2383,29.68,0.1917327999999201,0.18887941799992128
2023-03-13 20:00:00,27.655183500000003,29.68,0.21607040000001945,0.20132973588001815
2023-03-13 21:00:00,23.982903000000004,21.86,0.13575060000002068,0.1489338276300227
2023-03-13 22:00:00,21.7975275,21.86,0.10077460000005248,0.10048660177505234
2023-03-13 23:00:00,20.281884,21.86,0.13422039999990776,0.12453076775991441
2023-03-14 00:00:00,18.5638215,21.86,0.13902960000009226,0.11806590474007835
2023-03-14 01:00:00,17.925326999999996,21.86,0.14515039999994753,0.11902417127995694
2023-03-14 02:00:00,17.86785,21.86,0.13553199999997614,0.1107806699999805
2023-03-14 03:00:00,17.597958,21.86,0.1541129999999841,0.12406560389998719
2023-03-14 04:00:00,17.805374999999998,21.86,0.31609559999998094,0.25746572249998445
2023-03-14 05:00:00,18.4963485,21.86,0.3279,0.2774452275
2023-03-14 06:00:00,22.69092000000001,21.86,0.026231999999976142,0.027229103999975246
2023-03-14 07:00:00,28.666029000000005,29.68,0.0,0.0
2023-03-14 08:00:00,29.218308000000004,29.68,0.0,0.0
2023-03-14 09:00:00,27.7851315,29.68,0.0,0.0
2023-03-14 10:00:00,26.58686100000001,29.68,0.0,0.0
2023-03-14 11:00:00,24.982503000000005,21.86,0.0,0.0
2023-03-14 12:00:00,24.022887000000004,21.86,0.0,0.0
2023-03-14 13:00:00,24.998746500000006,21.86,0.0,0.0
2023-03-14 14:00:00,25.546027500000005,21.86,0.0,0.0
2023-03-14 15:00:00,24.842559000000005,21.86,0.034976000000167005,0.0397480944001898
2023-03-14 16:00:00,27.21785850000001,29.68,0.40513199999993527,0.37152376852494073
2023-03-14 17:00:00,32.718157500000004,29.68,0.3235120000000432,0.3566279167500476
2023-03-14 18:00:00,35.468307,36.4,0.27663999999974836,0.2695591331997549
2023-03-14 19:00:00,36.3866895,36.4,0.2457000000000662,0.2456101541250662
2023-03-14 20:00:00,34.9772535,36.4,0.3053959999999788,0.2934591568649797
2023-03-14 21:00:00,33.576564000000005,36.4,0.16634800000012182,0.1534448974801124
2023-03-14 22:00:00,32.716908000000004,29.68,0.18223519999987475,0.20088181511986197
2023-03-14 23:00:00,30.527784000000004,29.68,0.1869840000000324,0.19232503920003335
2023-03-15 00:00:00,30.567768000000004,29.68,0.16324000000005398,0.16812272400005562
2023-03-15 01:00:00,30.587760000000003,29.68,0.15433600000012956,0.15905635200013354
2023-03-15 02:00:00,30.359101500000005,29.68,0.1947007999999849,0.19915570583998457
2023-03-15 03:00:00,30.516538500000006,29.68,0.19410719999986395,0.19957816178986015
2023-03-15 04:00:00,30.571516500000005,29.68,0.430359999999946,0.4432869892499445
2023-03-15 05:00:00,32.54072850000001,29.68,0.6847176000002074,0.7507146064952275
2023-03-15 06:00:00,35.29462650000001,36.4,0.1623439999999682,0.15741403418996922
2023-03-15 07:00:00,37.36005000000001,36.4,0.0025479999998569837,0.0026152034998532126
2023-03-15 08:00:00,37.307571,36.4,0.0,0.0
2023-03-15 09:00:00,33.61030050000001,36.4,0.0,0.0
2023-03-15 10:00:00,31.631092500000005,29.68,0.0,0.0
2023-03-15 11:00:00,29.488200000000003,29.68,0.0,0.0
2023-03-15 12:00:00,28.719757500000004,29.68,0.0,0.0
2023-03-15 13:00:00,28.718508000000007,29.68,0.06826400000014037,0.06605256840013583
2023-03-15 14:00:00,29.394487500000004,29.68,0.044223199999831556,0.043797786374833184
2023-03-15 15:00:00,30.216658500000005,29.68,0.04184880000015764,0.042605488485160506
2023-03-15 16:00:00,31.98595050000001,29.68,0.13059199999988122,0.14073818219987203
2023-03-15 17:00:00,36.210510000000006,36.4,0.7552999999999338,0.7513680824999343
2023-03-15 18:00:00,40.146435,36.4,0.9737000000000662,1.073917136250073
2023-03-15 19:00:00,42.268086,36.4,1.0242960000001111,1.1894239400401292
2023-03-15 20:00:00,38.48210099999999,36.4,0.6009639999999417,0.6353394875099383
2023-03-15 21:00:00,35.780682000000006,36.4,0.23805599999983315,0.23400566027983602
2023-03-15 22:00:00,34.779832500000005,36.4,0.2890160000002834,0.2761518700502708
2023-03-15 23:00:00,33.3154185,36.4,0.31158399999991526,0.2851799823599224
2023-03-16 00:00:00,32.035930500000006,29.68,0.2478280000000108,0.2675000196750117
2023-03-16 01:00:00,30.813919500000004,29.68,0.2329879999999568,0.2418892680749552
2023-03-16 02:00:00,30.337860000000003,29.68,0.2196319999999352,0.2245001639999338
2023-03-16 03:00:00,29.86305,29.68,0.21072800000001082,0.2120276550000109
2023-03-16 04:00:00,29.6218965,29.68,0.4173007999999849,0.4164838647899849
2023-03-16 05:00:00,30.345357000000007,29.68,0.6333712000000044,0.6475699183800047
2023-03-16 06:00:00,33.651534000000005,36.4,0.04367999999996028,0.04038184079996328
2023-03-16 07:00:00,35.1546825,36.4,0.02584399999996822,0.024959824574969307
2023-03-16 08:00:00,34.6148985,36.4,0.09464000000007944,0.08999873610007557
2023-03-16 09:00:00,32.002194,29.68,0.0,0.0
2023-03-16 10:00:00,30.26289,29.68,0.0,0.0
2023-03-16 11:00:00,28.8022245,29.68,0.0,0.0
2023-03-16 12:00:00,28.038780000000003,29.68,0.0,0.0
2023-03-16 13:00:00,27.1753755,29.68,0.0,0.0
2023-03-16 14:00:00,27.424026000000005,29.68,0.0,0.0
2023-03-16 15:00:00,27.975055500000007,29.68,0.04748799999995681,0.044760088799959304
2023-03-16 16:00:00,29.310771000000003,29.68,0.12020400000019436,0.11870862255019195
2023-03-16 17:00:00,32.26458900000001,29.68,0.19143599999985964,0.20810659904984746
2023-03-16 18:00:00,33.8427075,36.4,0.46773999999994703,0.4348787913749508
2023-03-16 19:00:00,33.6078015,36.4,0.22204000000021185,0.20500758915019565
2023-03-16 20:00:00,31.11255000000001,29.68,0.24456319999988554,0.2563674119998801
2023-03-16 21:00:00,29.630643000000006,29.68,0.18104799999990281,0.18074692229990302
2023-03-16 22:00:00,28.122496500000008,29.68,0.18995200000009718,0.17998397760009213
2023-03-16 23:00:00,27.419028000000008,29.68,0.18253199999993525,0.1686270221999402
2023-03-17 00:00:00,23.421877500000004,21.86,0.1401226000001161,0.15013423477512444
2023-03-17 01:00:00,23.61180150000001,21.86,0.14099699999989662,0.1522961196748884
2023-03-17 02:00:00,23.623047000000007,21.86,0.12132300000006362,0.1311079108500688
2023-03-17 03:00:00,24.856303500000003,21.86,0.13968540000002702,0.15883177936503076
2023-03-17 04:00:00,25.213660500000003,21.86,0.3007936000000445,0.34693996848005143
2023-03-17 05:00:00,27.562720500000005,29.68,0.39147919999985314,0.3635522833948637
2023-03-17 06:00:00,30.496546500000004,29.68,0.16650479999990933,0.17108562586490686
2023-03-17 07:00:00,31.3836915,29.68,0.0,0.0
2023-03-17 08:00:00,30.432822,29.68,0.0,0.0
2023-03-17 09:00:00,28.649785500000007,29.68,0.0,0.0
2023-03-17 10:00:00,27.868848000000007,29.68,0.0,0.0
2023-03-17 11:00:00,27.357802500000005,29.68,0.0,0.0
2023-03-17 12:00:00,26.83426200000001,29.68,0.050456000000021595,0.04561824540001954
2023-03-17 13:00:00,26.6205975,29.68,0.011871999999989202,0.010648238999990315
2023-03-17 14:00:00,28.369897500000004,29.68,0.008607200000133888,0.008227270275127981
2023-03-17 15:00:00,29.741848500000003,29.68,0.03561599999996761,0.035690218199967545
2023-03-17 16:00:00,31.055073000000004,29.68,0.06025040000012741,0.06304179819013332
2023-03-17 17:00:00,33.2104605,36.4,0.1688959999999788,0.1540965367199807
2023-03-17 18:00:00,34.156332000000006,36.4,0.20347599999974045,0.19093389587975648
2023-03-17 19:00:00,34.1400885,36.4,0.18564000000007944,0.1741144513500745
2023-03-17 20:00:00,33.155482500000005,36.4,0.2165800000000927,0.19727512087508448
2023-03-17 21:00:00,31.10880150000001,29.68,0.15730399999992442,0.16487664794992082
2023-03-17 22:00:00,30.7489455,29.68,0.13919920000001512,0.14421255439501565
2023-03-17 23:00:00,30.144187500000005,29.68,0.1783767999998985,0.18116656687489693
2023-03-18 00:00:00,30.656482500000003,28.47,0.13466309999998757,0.14500516222498663
2023-03-18 01:00:00,29.644387500000008,28.47,0.12583740000000207,0.1310281927500022
2023-03-18 02:00:00,29.468208000000008,28.47,0.1733823000001077,0.17946138672011155
2023-03-18 03:00:00,29.2383,28.47,0.11274119999992335,0.11578366799992129
2023-03-18 04:00:00,29.385741000000003,28.47,0.16968120000013048,0.1751390163601347
2023-03-18 05:00:00,29.83806000000001,28.47,0.38890019999999587,0.40758789959999575
2023-03-18 06:00:00,30.300375000000003,28.47,0.1158729000000435,0.12332252625004632
2023-03-18 07:00:00,30.54152850000001,28.47,0.28185299999993785,0.30236113214993343
2023-03-18 08:00:00,29.955513000000003,28.47,0.13950299999993784,0.14678201369993463
2023-03-18 09:00:00,30.19416750000001,28.47,0.04583670000001657,0.04861260967501759
2023-03-18 10:00:00,29.488200000000003,28.47,0.08256299999998964,0.08551577999998929
2023-03-18 11:00:00,28.755993000000007,28.47,0.125268000000145,0.12652636920014648
2023-03-18 12:00:00,27.871347000000007,28.47,0.03985799999983428,0.03901988579983778
2023-03-18 13:00:00,27.416529000000004,28.47,0.03017819999993371,0.029061520739936172
2023-03-18 14:00:00,28.303674,28.47,0.06661980000010771,0.0662305971601071
2023-03-18 15:00:00,28.873446000000005,28.47,0.355875,0.3609180750000001
2023-03-18 16:00:00,30.416578500000004,28.47,0.12982320000003728,0.13869959796003986
2023-03-18 17:00:00,33.70401300000001,34.23,0.24405989999991032,0.24030961268991183
2023-03-18 18:00:00,36.978952500000005,34.23,0.22694490000015935,0.24517045507517224
2023-03-18 19:00:00,38.552073,34.23,0.19100339999999752,0.2151205673399972
2023-03-18 20:00:00,35.3795925,34.23,0.22112579999990783,0.22855216754990476
2023-03-18 21:00:00,33.976404,34.23,0.2327640000000996,0.23103954720009892
2023-03-18 22:00:00,33.6053025,34.23,0.19956089999987295,0.19591891357487531
2023-03-18 23:00:00,32.169627000000006,34.23,0.14992740000003485,0.1409029662600328
2023-03-19 00:00:00,31.116298500000003,28.47,0.1642719000000642,0.1795410423450702
2023-03-19 01:00:00,30.612750000000005,28.47,0.16370249999994824,0.17602331249994435
2023-03-19 02:00:00,29.813070000000003,28.47,0.1739516999999648,0.18215785769996315
2023-03-19 03:00:00,29.76059100000001,28.47,0.11729640000007457,0.122613634920078
2023-03-19 04:00:00,29.705613,28.47,0.16740359999992543,0.1746690044399222
2023-03-19 05:00:00,30.282882000000004,28.47,0.3356613000000248,0.3570351787800265
2023-03-19 06:00:00,29.86305,28.47,0.08569470000010979,0.08988778050011517
2023-03-19 07:00:00,30.169177500000004,28.47,0.025622999999782493,0.02715225974976952
2023-03-19 08:00:00,30.042978000000005,28.47,0.030178200000192647,0.0318455566802033
2023-03-19 09:00:00,30.14543700000001,28.47,0.10363079999987986,0.10972939067987282
2023-03-19 10:00:00,29.914279500000003,28.47,0.16797300000004142,0.17649424905004357
2023-03-19 11:00:00,29.76059100000001,28.47,0.3772274999999482,0.394327830749946
2023-03-19 12:00:00,29.536930500000008,28.47,0.24455730000010772,0.2537222329951118
2023-03-19 13:00:00,29.118348000000005,28.47,0.032740499999937854,0.03348610019993645
2023-03-19 14:00:00,29.23954950000001,28.47,0.05437769999994407,0.05584753954494258
2023-03-19 15:00:00,29.69686650000001,28.47,0.0,0.0
2023-03-19 16:00:00,30.623995500000007,28.47,0.39174720000005797,0.42138617808006246
2023-03-19 17:00:00,34.0076415,34.23,0.2088029999998879,0.20744661314988866
2023-03-19 18:00:00,35.485800000000005,34.23,0.22728720000022912,0.23562571200023757
2023-03-19 19:00:00,36.4741545,34.23,0.20024550000001246,0.21337380382501325
2023-03-19 20:00:00,35.44956450000001,34.23,0.1793651999998057,0.18575571797979887
2023-03-19 21:00:00,34.2700365,34.23,0.2248911000000523,0.22515413980505242
2023-03-19 22:00:00,33.973905,34.23,0.1482158999999975,0.14710700864999754
2023-03-19 23:00:00,33.61155,34.23,0.20914529999995765,0.20536657049995843
2023-03-20 00:00:00,32.861850000000004,29.68,0.12317199999998919,0.13637667749998808
2023-03-20 01:00:00,31.729803,29.68,0.17778320000004752,0.1900615199700508
2023-03-20 02:00:00,31.49489700000001,29.68,0.17540880000010364,0.18613484127011007
2023-03-20 03:00:00,31.135041000000005,29.68,0.11990719999986395,0.1257855656398573
2023-03-20 04:00:00,31.1437875,29.68,0.20686960000003457,0.21707219887503623
2023-03-20 05:00:00,31.912230000000005,29.68,0.452026400000041,0.4860232629000442
2023-03-20 06:00:00,34.3325115,36.4,0.09827999999982785,0.09269778104983764
2023-03-20 07:00:00,35.914378500000005,36.4,0.06224400000010064,0.06141358723509931
2023-03-20 08:00:00,35.9243745,36.4,0.0,0.0
2023-03-20 09:00:00,34.556172000000004,36.4,0.014559999999986757,0.013822468799987431
2023-03-20 10:00:00,32.7056625,29.68,0.0,0.0
2023-03-20 11:00:00,31.836010500000004,29.68,0.0,0.0
2023-03-20 12:00:00,30.4365705,29.68,0.0,0.0
2023-03-20 13:00:00,29.858052000000004,29.68,0.0,0.0
2023-03-20 14:00:00,30.07921350000001,29.68,0.0,0.0
2023-03-20 15:00:00,30.455313000000004,29.68,0.04748799999995681,0.04872850079995569
2023-03-20 16:00:00,31.591108500000004,29.68,0.10803520000014469,0.11499163494015402
2023-03-20 17:00:00,33.96640800000001,36.4,0.24133199999983845,0.2251972850398493
2023-03-20 18:00:00,36.23050200000001,36.4,0.23223199999997085,0.23115060275997107
2023-03-20 19:00:00,38.0435265,36.4,0.21111999999997352,0.22065245369997233
2023-03-20 20:00:00,36.405432000000005,36.4,0.24169600000024363,0.24173206848024373
2023-03-20 21:00:00,34.297525500000006,36.4,0.19692399999972984,0.18554961295474548
2023-03-20 22:00:00,33.299175000000005,36.4,0.18054400000003443,0.16516390800003153
2023-03-20 23:00:00,31.992198,29.68,0.17422160000013173,0.18779420226014198
2023-03-21 00:00:00,32.460760500000006,29.68,0.126733599999905,0.1386074473348961
2023-03-21 01:00:00,31.397436000000003,29.68,0.17897040000001943,0.18932653908002056
2023-03-21 02:00:00,31.307472000000004,29.68,0.15314880000015765,0.1615465555201663
2023-03-21 03:00:00,30.943867500000003,29.68,0.14721279999975814,0.15348158279974786
2023-03-21 04:00:00,31.11255000000001,29.68,0.18995200000009718,0.19912032000010194
2023-03-21 05:00:00,32.1383895,29.68,0.31609200000015114,0.34227384817516376
2023-03-21 06:00:00,33.587809500000006,36.4,0.0946399999997484,0.08732830469976785
2023-03-21 07:00:00,35.547025500000004,36.4,0.0,0.0
2023-03-21 08:00:00,35.2921275,36.4,0.003640000000079454,0.0035292127500770355
2023-03-21 09:00:00,33.427873500000004,36.4,0.0,0.0
2023-03-21 10:00:00,31.738549500000005,29.68,0.0,0.0
2023-03-21 11:00:00,30.702714000000007,29.68,0.0,0.0
2023-03-21 12:00:00,30.110451000000005,29.68,0.0,0.0
2023-03-21 13:00:00,29.808072000000003,29.68,0.0,0.0
2023-03-21 14:00:00,29.69686650000001,29.68,0.026415199999982725,0.026430211184982722
2023-03-21 15:00:00,29.653134,29.68,0.16650479999990933,0.1663540817399094
2023-03-21 16:00:00,30.0142395,29.68,0.07479360000012093,0.0756358835401223
2023-03-21 17:00:00,31.486150500000004,29.68,0.13593439999988985,0.14420656928988318
2023-03-21 18:00:00,33.871446000000006,36.4,0.174356000000098,0.16224422634009122
2023-03-21 19:00:00,35.272135500000005,36.4,0.22240399999995497,0.2155127479049564
2023-03-21 20:00:00,33.018037500000005,29.68,0.2240840000000324,0.2492861831250361
2023-03-21 21:00:00,30.504043500000005,29.68,0.15730399999992442,0.16167143054992233
2023-03-21 22:00:00,29.8243155,29.68,0.17659600000007558,0.17745467722507596
2023-03-21 23:00:00,28.937170500000004,29.68,0.13059200000015117,0.1273235502001474
2023-03-22 00:00:00,26.996697000000005,29.68,0.171253599999797,0.1557709416898154
2023-03-22 01:00:00,26.5131405,29.68,0.1730344000001598,0.15457160911514276
2023-03-22 02:00:00,26.551875000000003,29.68,0.12762399999981644,0.1141730624998358
2023-03-22 03:00:00,25.995847500000004,29.68,0.16887920000012308,0.14791637227510784
2023-03-22 04:00:00,25.6984665,21.86,0.16088959999997296,0.18914071343996822
2023-03-22 05:00:00,26.6180985,29.68,0.3840591999999612,0.34443819458996516
2023-03-22 06:00:00,28.867198500000004,29.68,0.11901679999995249,0.1157574659849538
2023-03-22 07:00:00,30.9888495,29.68,0.09171120000005831,0.09575554495506089
2023-03-22 08:00:00,31.1387895,29.68,0.0685607999999309,0.0719306037449275
2023-03-22 09:00:00,27.660181500000004,29.68,0.07093520000014468,0.06610783378513485
2023-03-22 10:00:00,24.658882500000004,21.86,0.01879960000005249,0.021206638950059215
2023-03-22 11:00:00,21.5276355,21.86,0.0,0.0
2023-03-22 12:00:00,20.2331535,21.86,0.0,0.0
2023-03-22 13:00:00,19.4909505,21.86,0.050277999999904566,0.044829186149914914
2023-03-22 14:00:00,22.294828500000005,21.86,0.03279000000011929,0.03344224275012167
2023-03-22 15:00:00,25.915879500000003,29.68,0.16056879999977974,0.14020490809480768
2023-03-22 16:00:00,27.503994,29.68,0.20360480000017922,0.18867739884016607
2023-03-22 17:00:00,29.940519,29.68,0.20241759999993736,0.20419433957993682
2023-03-22 18:00:00,32.2683375,29.68,0.21518000000010798,0.2339454468751174
2023-03-22 19:00:00,34.842307500000004,36.4,0.2449719999999179,0.23448872947492144
2023-03-22 20:00:00,33.0255345,29.68,0.24575039999985748,0.27345142565984143
2023-03-22 21:00:00,30.913879500000004,29.68,0.19410720000013387,0.2021767719301395
2023-03-22 22:00:00,29.850555000000007,29.68,0.23565919999996113,0.23701340669996096
2023-03-22 23:00:00,27.775135500000008,29.68,0.2540607999999309,0.2377551598799354
2023-03-23 00:00:00,25.8708975,29.68,0.2478280000000108,0.21602199412500944
2023-03-23 01:00:00,25.601005500000007,21.86,0.1716009999999682,0.2009678931749628
2023-03-23 02:00:00,24.2765355,21.86,0.16176400000015112,0.17964636270016784
2023-03-23 03:00:00,23.108253000000005,21.86,0.15520600000000795,0.16406859630000845
2023-03-23 04:00:00,21.5126415,21.86,0.2809009999999682,0.2764374432749687
2023-03-23 05:00:00,24.337761000000004,21.86,0.32134199999985685,0.3577650866998407
2023-03-23 06:00:00,27.444018000000003,29.68,0.237440000000054,0.21955214400004994
2023-03-23 07:00:00,28.890939000000007,29.68,0.03858400000003239,0.03755822070003154
2023-03-23 08:00:00,29.2383,29.68,0.0,0.0
2023-03-23 09:00:00,26.464410000000004,29.68,0.0,0.0
2023-03-23 10:00:00,22.458513000000007,21.86,0.0,0.0
2023-03-23 11:00:00,21.826266,21.86,0.0,0.0
2023-03-23 12:00:00,21.931224,21.86,0.0,0.0
2023-03-23 13:00:00,22.0149405,21.86,0.0,0.0
2023-03-23 14:00:00,23.775486000000004,21.86,0.0,0.0
2023-03-23 15:00:00,24.275286000000005,21.86,0.0043720000000954315,0.004855057200105976
2023-03-23 16:00:00,28.60105500000001,29.68,0.11575199999982724,0.11154411449983355
2023-03-23 17:00:00,32.293327500000004,29.68,0.1528520000000972,0.16631063662510573
2023-03-23 18:00:00,34.46870700000001,36.4,0.2547999999999338,0.24128094899993738
2023-03-23 19:00:00,35.408331000000004,36.4,0.20747999999989408,0.20182748669989697
2023-03-23 20:00:00,32.626944,29.68,0.16086560000011013,0.17683803648012109
2023-03-23 21:00:00,28.944667500000005,29.68,0.17897040000001943,0.174536345025019
2023-03-23 22:00:00,28.469857500000003,29.68,0.13563760000009933,0.1301072487750953
2023-03-23 23:00:00,27.032932500000005,29.68,0.1386055999998942,0.12624379477490366
2023-03-24 00:00:00,24.255294000000003,21.86,0.11782539999994752,0.13073603465994177
2023-03-24 01:00:00,22.840860000000003,21.86,0.11607659999998887,0.12128496659998839
2023-03-24 02:00:00,22.449766500000003,21.86,0.09858860000000476,0.10124844691500492
2023-03-24 03:00:00,22.388541000000004,21.86,0.13225300000010337,0.1354506730501059
2023-03-24 04:00:00,21.7500465,21.86,0.11520220000000954,0.11462274505500951
2023-03-24 05:00:00,22.389790500000004,21.86,0.08153779999991093,0.08351391856490878
2023-03-24 06:00:00,25.169928,21.86,0.053338399999931604,0.06141462431992124
2023-03-24 07:00:00,27.517738500000004,29.68,0.11753280000019004,0.10897024446017621
2023-03-24 08:00:00,27.517738500000004,29.68,0.0,0.0
2023-03-24 09:00:00,25.159932000000005,21.86,0.013334599999933196,0.015347558519923117
2023-03-24 10:00:00,21.9849525,21.86,0.060989400000098615,0.06133801747509917
2023-03-24 11:00:00,20.526786,21.86,0.0,0.0
2023-03-24 12:00:00,18.8012265,21.86,0.0,0.0
2023-03-24 13:00:00,17.8666005,21.86,0.0,0.0
2023-03-24 14:00:00,17.626696499999998,21.86,0.014427599999957056,0.01163361968996537
2023-03-24 15:00:00,18.097758,21.86,0.060114999999920475,0.04976883449993416
2023-03-24 16:00:00,21.0653205,21.86,0.23586940000013837,0.22729480819513334
2023-03-24 17:00:00,27.305323500000004,29.68,0.15730399999992442,0.14471821454993047
2023-03-24 18:00:00,29.990499000000003,29.68,0.17659600000007558,0.1784434690500764
2023-03-24 19:00:00,31.89098850000001,29.68,0.20479199999988124,0.22004782064987244
2023-03-24 20:00:00,29.478204,29.68,0.18401599999996762,0.18276486479996784
2023-03-24 21:00:00,27.676425,29.68,0.20330800000011878,0.18958351125011075
2023-03-24 22:00:00,26.889240000000008,29.68,0.1475095999998186,0.1336395227998357
2023-03-24 23:00:00,25.477305000000005,21.86,0.12853680000014156,0.14980655340016502
2023-03-25 00:00:00,19.279785,20.07,0.10436399999990509,0.10025488199990883
2023-03-25 01:00:00,17.4892515,20.07,0.0973394999999343,0.08482286977494274
2023-03-25 02:00:00,17.381794499999998,20.07,0.11239200000008032,0.09733804920006955
2023-03-25 03:00:00,17.378046,20.07,0.11981789999995035,0.10374693461995702
2023-03-25 04:00:00,17.4042855,20.07,0.07486110000010077,0.06491798491508738
2023-03-25 05:00:00,17.380544999999998,20.07,0.19869299999995618,0.17206739549996206
2023-03-25 06:00:00,17.8091235,20.07,0.04013999999996349,0.0356182469999676
2023-03-25 07:00:00,18.332664,20.07,0.014049000000124124,0.01283286480011338
2023-03-25 08:00:00,18.1090035,20.07,0.0,0.0
2023-03-25 09:00:00,17.375546999999997,20.07,0.0,0.0
2023-03-25 10:00:00,17.361267,20.07,0.0,0.0
2023-03-25 11:00:00,17.234651,20.07,0.0,0.0
2023-03-25 12:00:00,16.958809,20.07,0.0,0.0
2023-03-25 13:00:00,16.687489,20.07,0.0,0.0
2023-03-25 14:00:00,16.759840999999998,20.07,0.0,0.0
2023-03-25 15:00:00,17.269696500000002,20.07,0.0,0.0
2023-03-25 16:00:00,17.365789,20.07,0.023481899999855435,0.020317973129874912
2023-03-25 17:00:00,20.354355,20.07,0.055794600000049654,0.056585106900050364
2023-03-25 18:00:00,24.865050000000004,28.47,0.08968049999988606,0.07832490749990051
2023-03-25 19:00:00,26.994198000000008,28.47,0.08398650000002071,0.07963288410001966
2023-03-25 20:00:00,24.865050000000004,28.47,0.09964500000010357,0.08702767500009047
2023-03-25 21:00:00,22.595958000000003,20.07,0.06603029999994452,0.07434070181993754
2023-03-25 22:00:00,22.2298545,20.07,0.0784737000001066,0.08691873109511807
2023-03-25 23:00:00,21.536382,20.07,0.04535819999993136,0.04867222331992635
2023-03-26 00:00:00,22.323567000000004,20.07,0.033918299999973714,0.037726828229970776
2023-03-26 01:00:00,22.2698385,20.07,0.03472110000013727,0.038526820605152313
2023-03-26 02:00:00,22.381044000000003,20.07,0.030305699999967874,0.03379537643996418
2023-03-26 03:00:00,22.476006,20.07,0.039337199999982475,0.044052971759980374
2023-03-26 04:00:00,22.543479000000005,20.07,0.024083999999978095,0.027052174799975404
2023-03-26 05:00:00,25.301125500000005,28.47,0.0028470000000621436,0.0025301125500552277
2023-03-26 06:00:00,26.5006455,28.47,0.0,0.0
2023-03-26 07:00:00,27.019188,28.47,0.0,0.0
2023-03-26 08:00:00,27.31407,28.47,0.0,0.0
2023-03-26 09:00:00,27.186621,28.47,0.0,0.0
2023-03-26 10:00:00,26.86425,28.47,0.0,0.0
2023-03-26 11:00:00,25.101205500000003,28.47,0.0,0.0
2023-03-26 12:00:00,24.295278000000003,28.47,0.0,0.0
2023-03-26 13:00:00,23.673027000000005,20.07,0.0,0.0
2023-03-26 14:00:00,23.118249,20.07,0.0,0.0
2023-03-26 15:00:00,23.409382500000003,20.07,0.0,0.0
2023-03-26 16:00:00,27.000445500000005,28.47,0.023630099999894356,0.022410369764899813
2023-03-26 17:00:00,30.693967500000003,28.47,0.09793680000001449,0.10558724820001565
2023-03-26 18:00:00,32.094657000000005,34.23,0.1735460999998655,0.16271991098987393
2023-03-26 19:00:00,31.436170500000003,34.23,0.1406853000000199,0.1292026607550183
2023-03-26 20:00:00,30.4415685,28.47,0.07601490000020922,0.08127898789522371
2023-03-26 21:00:00,29.790579000000005,28.47,0.05523179999985914,0.05779372325985262
2023-03-26 22:00:00,29.193318000000005,28.47,0.05608590000003314,0.057510836460034
2023-03-26 23:00:00,29.363250000000004,28.47,0.0446979000000435,0.046100302500044876
2023-03-27 00:00:00,29.007142500000008,29.68,0.055501599999969765,0.054243356474970465
2023-03-27 01:00:00,28.298676000000004,29.68,0.04956560000011013,0.047258788920105016
2023-03-27 02:00:00,27.862600500000003,29.68,0.041848799999887706,0.03928626670489459
2023-03-27 03:00:00,27.976305000000007,29.68,0.09378879999994169,0.08840512379994506
2023-03-27 04:00:00,28.969657500000007,29.68,0.10061519999998274,0.09820713892498317
2023-03-27 05:00:00,31.737300000000005,29.68,0.0,0.0
2023-03-27 06:00:00,35.2346505,36.4,0.0,0.0
2023-03-27 07:00:00,36.274234500000006,36.4,0.05860400000002119,0.05840151754502112
2023-03-27 08:00:00,32.207112,29.68,0.0,0.0
2023-03-27 09:00:00,29.219557500000004,29.68,0.0,0.0
2023-03-27 10:00:00,27.480253500000003,29.68,0.0,0.0
2023-03-27 11:00:00,25.897137000000008,29.68,0.0,0.0
2023-03-27 12:00:00,24.229054500000004,21.86,0.0,0.0
2023-03-27 13:00:00,22.708413000000004,21.86,0.0,0.0
2023-03-27 14:00:00,23.135742000000004,21.86,0.0,0.0
2023-03-27 15:00:00,23.568069,21.86,0.0,0.0
2023-03-27 16:00:00,26.660581500000006,29.68,0.030867200000079902,0.027727004760071783
2023-03-27 17:00:00,29.357002500000004,29.68,0.11011280000002809,0.10891447927502779
2023-03-27 18:00:00,32.909331,29.68,0.1659112000000583,0.18396316029006468
2023-03-27 19:00:00,31.870996500000004,29.68,0.10595759999999137,0.11377945750499073
2023-03-27 20:00:00,30.611500500000005,29.68,0.10655119999984235,0.10989528679483743
2023-03-27 21:00:00,30.302874000000003,29.68,0.06292160000013172,0.0642420928801345
2023-03-27 22:00:00,28.795977000000004,29.68,0.05846960000003455,0.056728074690033534
2023-03-27 23:00:00,27.199116000000004,29.68,0.04748799999995681,0.04351858559996043
2023-03-28 00:00:00,27.651435000000003,29.68,0.05935999999994602,0.05530286999994971
2023-03-28 01:00:00,27.947566500000008,29.68,0.04570719999986395,0.04303925240987191
2023-03-28 02:00:00,28.967158500000004,29.68,0.045410400000073424,0.04431975250507167
2023-03-28 03:00:00,28.925925000000003,29.68,0.2867088000001036,0.27942443550010104
2023-03-28 04:00:00,29.793078000000005,29.68,0.04659760000004535,0.04677513246004553
2023-03-28 05:00:00,33.6177975,36.4,0.010919999999907304,0.01008533924991439
2023-03-28 06:00:00,37.35005400000001,36.4,0.0,0.0
2023-03-28 07:00:00,37.35005400000001,36.4,0.0,0.0
2023-03-28 08:00:00,33.254193,36.4,0.0,0.0
2023-03-28 09:00:00,30.397836000000005,29.68,0.0,0.0
2023-03-28 10:00:00,29.224555500000005,29.68,0.0,0.0
2023-03-28 11:00:00,29.218308000000004,29.68,0.0,0.0
2023-03-28 12:00:00,28.9871505,29.68,0.0,0.0
2023-03-28 13:00:00,28.833462000000004,29.68,0.0,0.0
2023-03-28 14:00:00,29.197066500000005,29.68,0.0,0.0
2023-03-28 15:00:00,29.390739000000004,29.68,0.002968000000064785,0.0029390739000641542
2023-03-28 16:00:00,30.93637050000001,29.68,0.03947439999994385,0.04114537276494149
2023-03-28 17:00:00,34.4699565,36.4,0.14050399999982255,0.13305403208983196
2023-03-28 18:00:00,37.482501000000006,36.4,0.10446800000009533,0.10757477787009821
2023-03-28 19:00:00,37.485,36.4,0.13977600000000528,0.14394240000000547
2023-03-28 20:00:00,33.988899,36.4,0.10555999999998676,0.09856780709998765
2023-03-28 21:00:00,33.2479455,36.4,0.07207200000011653,0.06583093209010644
2023-03-28 22:00:00,31.235001000000004,29.68,0.048378399999868274,0.05091305162986138
2023-03-28 23:00:00,29.55442350000001,29.68,0.05015919999996113,0.04994697571496131
2023-03-29 00:00:00,29.250795000000004,29.68,0.054611200000058306,0.05382146280005747
2023-03-29 01:00:00,29.5044435,29.68,0.04362959999998057,0.04337153194498068
2023-03-29 02:00:00,29.710611000000007,29.68,0.057579200000123086,0.057638585340123234
2023-03-29 03:00:00,29.635641000000003,29.68,0.07716800000006478,0.0770526666000647
2023-03-29 04:00:00,29.763090000000005,29.68,0.10239599999980564,0.10268266049980512
2023-03-29 05:00:00,31.992198,29.68,0.0,0.0
2023-03-29 06:00:00,35.37709350000001,36.4,0.0,0.0
2023-03-29 07:00:00,36.36045,36.4,0.0,0.0
2023-03-29 08:00:00,35.3820915,36.4,0.0,0.0
2023-03-29 09:00:00,33.61529850000001,36.4,0.003640000000079454,0.003361529850073376
2023-03-29 10:00:00,32.243347500000006,29.68,0.0,0.0
2023-03-29 11:00:00,31.235001000000004,29.68,0.0,0.0
2023-03-29 12:00:00,30.562770000000004,29.68,0.0,0.0
2023-03-29 13:00:00,30.056722500000003,29.68,0.0,0.0
2023-03-29 14:00:00,30.480303000000006,29.68,0.0,0.0
2023-03-29 15:00:00,30.637740000000004,29.68,0.0,0.0
2023-03-29 16:00:00,33.380392500000006,36.4,0.04367999999996028,0.040056470999963574
2023-03-29 17:00:00,35.5370295,36.4,0.13977600000000528,0.13646219328000517
2023-03-29 18:00:00,36.0943065,36.4,0.2315040000001536,0.22955978934015236
2023-03-29 19:00:00,33.896436,36.4,0.13649999999999998,0.12711163500000003
2023-03-29 20:00:00,31.727304000000004,29.68,0.08280719999986395,0.08851917815985458
2023-03-29 21:00:00,31.100055000000005,29.68,0.05817279999997409,0.060956107799972854
2023-03-29 22:00:00,29.213310000000003,29.68,0.045410400000073424,0.044696364300072275
2023-03-29 23:00:00,28.577314500000004,29.68,0.05906319999988555,0.0568688558548898
2023-03-30 00:00:00,27.64518750000001,29.68,0.04244240000000864,0.039532618125008065
2023-03-30 01:00:00,27.457762500000005,29.68,0.051049600000142525,0.04722735150013186
2023-03-30 02:00:00,27.210361500000005,29.68,0.050456000000021595,0.04625761455001981
2023-03-30 03:00:00,27.102904500000005,29.68,0.07716800000006478,0.07046755170005917
2023-03-30 04:00:00,26.96421,29.68,0.048378399999868274,0.04395166229988033
2023-03-30 05:00:00,28.584811500000008,29.68,0.002968000000064785,0.002858481150062395
2023-03-30 06:00:00,32.2833315,29.68,0.0,0.0
2023-03-30 07:00:00,33.52408500000001,36.4,0.0,0.0
2023-03-30 08:00:00,31.11255000000001,29.68,0.0,0.0
2023-03-30 09:00:00,28.696017000000005,29.68,0.0,0.0
2023-03-30 10:00:00,27.36405,29.68,0.0,0.0
2023-03-30 11:00:00,25.4685585,21.86,0.0,0.0
2023-03-30 12:00:00,20.5655205,21.86,0.0,0.0
2023-03-30 13:00:00,18.0865125,21.86,0.0,0.0
2023-03-30 14:00:00,18.6237975,21.86,0.0,0.0
2023-03-30 15:00:00,22.318569,21.86,0.0,0.0
2023-03-30 16:00:00,26.419428000000003,29.68,0.01632399999981644,0.01453068539983661
2023-03-30 17:00:00,29.5569225,29.68,0.09556960000003456,0.09517329045003442
2023-03-30 18:00:00,32.36205,29.68,0.12703039999996546,0.13850957399996236
2023-03-30 19:00:00,32.2833315,29.68,0.09230480000017924,0.10040116096519498
2023-03-30 20:00:00,30.272886000000003,29.68,0.09675680000000648,0.09868960836000662
2023-03-30 21:00:00,29.869297500000005,29.68,0.06084399999997841,0.06123205987497828
2023-03-30 22:00:00,28.708512,29.68,0.05372079999987691,0.051962406719880935
2023-03-30 23:00:00,25.506043500000004,21.86,0.03759920000010498,0.0438703948201225
2023-03-31 00:00:00,25.477305000000005,21.86,0.03453879999987912,0.04025414189985913
2023-03-31 01:00:00,24.502695000000003,21.86,0.043720000000159055,0.049005390000178284
2023-03-31 02:00:00,23.443119000000003,21.86,0.03213419999998569,0.03446138492998465
2023-03-31 03:00:00,25.969608000000004,29.68,0.08369759999977541,0.0732342945598035
2023-03-31 04:00:00,27.3603015,29.68,0.04837840000013821,0.04459729144512741
2023-03-31 05:00:00,31.32746400000001,29.68,0.0,0.0
2023-03-31 06:00:00,33.876444000000006,36.4,0.0,0.0
2023-03-31 07:00:00,34.566168000000005,36.4,0.0,0.0
2023-03-31 08:00:00,33.8851905,36.4,0.0,0.0
2023-03-31 09:00:00,32.88684000000001,29.68,0.0,0.0
2023-03-31 10:00:00,32.32081650000001,29.68,0.0,0.0
2023-03-31 11:00:00,30.33411150000001,29.68,0.0,0.0
2023-03-31 12:00:00,29.505693,29.68,0.0,0.0
2023-03-31 13:00:00,28.994647500000006,29.68,0.0,0.0
2023-03-31 14:00:00,29.20331400000001,29.68,0.0,0.0
2023-03-31 15:00:00,30.099205500000004,29.68,0.0,0.0
2023-03-31 16:00:00,30.30162450000001,29.68,0.07330960000008854,0.07484501251509042
2023-03-31 17:00:00,31.733551500000004,29.68,0.11367439999994386,0.12153950224493999
2023-03-31 18:00:00,31.807272,29.68,0.10209920000001513,0.10941701568001622
2023-03-31 19:00:00,31.11005100000001,29.68,0.11604879999988771,0.12164029940988233
2023-03-31 20:00:00,29.7168585,29.68,0.07776160000018571,0.07785816927018595
2023-03-31 21:00:00,28.204963500000005,29.68,0.06499919999974518,0.06176887006475785
2023-03-31 22:00:00,27.36405,29.68,0.056688800000211634,0.05226533550019512
2023-03-31 23:00:00,27.6376905,29.68,0.04451999999989203,0.04145653574989946
2023-04-01 00:00:00,25.352355000000003,26.52,0.05383560000011385,0.05146528065010884
2023-04-01 01:00:00,24.095358000000004,26.52,0.041636399999799324,0.03782971205981768
2023-04-01 02:00:00,22.2198585,18.88,0.03398400000005495,0.039995745300064674
2023-04-01 03:00:00,21.8724975,18.88,0.03285119999999588,0.03805814564999523
2023-04-01 04:00:00,21.7825335,18.88,0.12649600000001374,0.14594297445001586
2023-04-01 05:00:00,21.661332,18.88,0.022655999999979394,0.02599359839997636
2023-04-01 06:00:00,23.82921450000001,26.52,0.0,0.0
2023-04-01 07:00:00,25.009992000000004,26.52,0.08990279999998457,0.08478387287998546
2023-04-01 08:00:00,24.916279500000005,26.52,0.0,0.0
2023-04-01 09:00:00,23.5618215,26.52,0.01591200000010613,0.014137092900094291
2023-04-01 10:00:00,23.126995500000007,26.52,0.0,0.0
2023-04-01 11:00:00,22.486002000000006,18.88,0.0,0.0
2023-04-01 12:00:00,22.193619,18.88,0.0,0.0
2023-04-01 13:00:00,21.553875,18.88,0.0,0.0
2023-04-01 14:00:00,21.9124815,18.88,0.0,0.0
2023-04-01 15:00:00,22.437271500000005,18.88,0.0,0.0
2023-04-01 16:00:00,23.872947000000003,26.52,0.03580200000005789,0.03222847845005211
2023-04-01 17:00:00,27.975055500000007,26.52,0.15116399999992283,0.15945781634991862
2023-04-01 18:00:00,28.7247555,26.52,0.07956000000004824,0.08617426650005225
2023-04-01 19:00:00,27.975055500000007,26.52,0.09679799999994211,0.10210895257493896
2023-04-01 20:00:00,26.814270000000004,26.52,0.09282000000009648,0.09384994500009758
2023-04-01 21:00:00,27.357802500000005,26.52,0.05569199999976845,0.05745138524976115
2023-04-01 22:00:00,25.694718000000005,26.52,0.04455360000015244,0.04316712624014771
2023-04-01 23:00:00,26.063320500000003,26.52,0.04985760000002701,0.04899904254002656
2023-04-02 00:00:00,24.922527,26.52,0.03871919999992861,0.03638688941993291
2023-04-02 01:00:00,24.678874500000003,26.52,0.04853159999999807,0.045162340334998205
2023-04-02 02:00:00,24.922527,26.52,0.04375799999999035,0.041122169549990935
2023-04-02 03:00:00,24.678874500000003,26.52,0.040575600000065604,0.03775867798506106
2023-04-02 04:00:00,24.922527,26.52,0.05224440000003087,0.04909737819002901
2023-04-02 05:00:00,24.705114,26.52,0.0029171999998707176,0.002717562539879565
2023-04-02 06:00:00,26.12454600000001,26.52,0.0,0.0
2023-04-02 07:00:00,26.808022500000003,26.52,0.0,0.0
2023-04-02 08:00:00,25.6259955,26.52,0.0,0.0
2023-04-02 09:00:00,23.82296700000001,26.52,0.0,0.0
2023-04-02 10:00:00,23.645538000000005,26.52,0.0,0.0
2023-04-02 11:00:00,22.69591800000001,18.88,0.0,0.0
2023-04-02 12:00:00,20.6254965,18.88,0.0016992000000027475,0.0018562946850030017
2023-04-02 13:00:00,19.1435895,18.88,0.0,0.0
2023-04-02 14:00:00,19.2160605,18.88,0.0,0.0
2023-04-02 15:00:00,21.3477075,18.88,0.0,0.0
2023-04-02 16:00:00,22.583463000000005,18.88,0.06815679999997665,0.0815263014299721
2023-04-02 17:00:00,29.914279500000003,30.97,0.33633420000007436,0.32486907537007187
2023-04-02 18:00:00,33.61155,30.97,0.12016359999997521,0.1304128139999731
2023-04-02 19:00:00,33.798975000000006,30.97,0.13317100000009013,0.1453355925000984
2023-04-02 20:00:00,32.437020000000004,30.97,0.07649590000009239,0.08011943940009678
2023-04-02 21:00:00,31.447416000000004,30.97,0.06224970000000676,0.06320930616000688
2023-04-02 22:00:00,31.00259400000001,30.97,0.04893259999982874,0.04898409851982858
2023-04-02 23:00:00,30.928873500000005,30.97,0.05853330000009464,0.058455570915094526
2023-04-03 00:00:00,30.822666000000005,29.83,0.050711000000021704,0.052398532200022434
2023-04-03 01:00:00,30.867648000000003,29.83,0.04832459999980683,0.05000558975980012
2023-04-03 02:00:00,30.350355000000004,29.83,0.05637870000009116,0.05736217095009276
2023-04-03 03:00:00,29.916778500000007,29.83,0.05637870000009116,0.05654271136509143
2023-04-03 04:00:00,31.1212965,29.83,0.09277129999990884,0.09678723211490489
2023-04-03 05:00:00,34.76358900000001,34.56,0.0,0.0
2023-04-03 06:00:00,38.302173,34.56,0.0,0.0
2023-04-03 07:00:00,37.8336105,34.56,0.0,0.0
2023-04-03 08:00:00,33.409131,34.56,0.0,0.0
2023-04-03 09:00:00,30.337860000000003,29.83,0.020582700000123712,0.020933123400125823
2023-04-03 10:00:00,28.45861200000001,29.83,0.0,0.0
2023-04-03 11:00:00,27.486501000000008,25.66,0.0,0.0
2023-04-03 12:00:00,26.72680500000001,25.66,0.00282259999987491,0.002939948549869711
2023-04-03 13:00:00,26.321967000000008,25.66,0.0,0.0
2023-04-03 14:00:00,27.227854500000003,25.66,0.0,0.0
2023-04-03 15:00:00,27.613950000000003,25.66,0.0,0.0
2023-04-03 16:00:00,29.90678250000001,29.83,0.06443280000010418,0.06459865020010447
2023-04-03 17:00:00,34.082611500000006,34.56,0.11854079999994721,0.11690335744494794
2023-04-03 18:00:00,37.123894500000006,34.56,0.12096000000012573,0.12993363075013506
2023-04-03 19:00:00,36.8914875,34.56,0.10886399999986171,0.11620818562485236
2023-04-03 20:00:00,35.22840300000001,34.56,0.08052480000006035,0.08208217899006152
2023-04-03 21:00:00,33.863949000000005,34.56,0.07672319999991452,0.07517796677991624
2023-04-03 22:00:00,31.502394,29.83,0.050711000000021704,0.05355406980002292
2023-04-03 23:00:00,31.2187575,29.83,0.06264300000001086,0.06555939075001135
2023-04-04 00:00:00,31.11255000000001,29.83,0.04981610000011069,0.05195795850011547
2023-04-04 01:00:00,31.57236600000001,29.83,0.05667699999988062,0.05998749539987367
2023-04-04 02:00:00,31.789779000000006,29.83,0.1261808999999327,0.1344707651699283
2023-04-04 03:00:00,31.942218,29.83,0.23267399999992402,0.24914930039991867
2023-04-04 04:00:00,32.600704500000006,34.56,0.06566400000017603,0.06194133855016605
2023-04-04 05:00:00,35.5295325,34.56,0.0,0.0
2023-04-04 06:00:00,39.906531,34.56,0.003456000000075438,0.003990653100087107
2023-04-04 07:00:00,39.6753735,34.56,0.0,0.0
2023-04-04 08:00:00,35.8144185,34.56,0.0,0.0
2023-04-04 09:00:00,32.165878500000005,29.83,0.0,0.0
2023-04-04 10:00:00,31.364949000000006,29.83,0.0,0.0
2023-04-04 11:00:00,30.97010700000001,29.83,0.023863999999978295,0.024776085599977474
2023-04-04 12:00:00,30.877644000000004,29.83,0.20582699999988063,0.21305574359987645
2023-04-04 13:00:00,30.7764345,29.83,0.21179300000001086,0.2185126849500112
2023-04-04 14:00:00,30.9513645,29.83,0.0,0.0
2023-04-04 15:00:00,31.453663500000005,29.83,0.05816849999991318,0.06133464382490847
2023-04-04 16:00:00,32.61195000000001,34.56,0.27336960000005783,0.25796052450005463
2023-04-04 17:00:00,35.748195,34.56,0.08017919999998994,0.08293581239998961
2023-04-04 18:00:00,39.85905,34.56,0.15621120000007796,0.18016290600008994
2023-04-04 19:00:00,39.524184,34.56,0.09503999999987428,0.10869150599985622
2023-04-04 20:00:00,36.805272,34.56,0.0746496000001207,0.07949938752012854
2023-04-04 21:00:00,35.0097405,34.56,0.07361279999990948,0.0745707472649083
2023-04-04 22:00:00,33.60280350000001,34.56,0.055987200000090526,0.05443654167008803
2023-04-04 23:00:00,33.300424500000005,34.56,0.06289919999992709,0.06060677258992975
2023-04-05 00:00:00,32.14463700000001,29.83,0.057571900000062945,0.06203914941006785
2023-04-05 01:00:00,32.313319500000006,34.56,0.05667839999991703,0.05299384397992243
2023-04-05 02:00:00,32.1433875,29.83,0.05608040000003039,0.060429568500032754
2023-04-05 03:00:00,32.9855505,34.56,0.0649728000000352,0.0620128349400336
2023-04-05 04:00:00,34.16882700000001,34.56,0.08951040000000504,0.088497261930005
2023-04-05 05:00:00,38.087259,34.56,0.0,0.0
2023-04-05 06:00:00,43.34765399999999,34.56,0.0,0.0
2023-04-05 07:00:00,39.826563,34.56,0.0,0.0
2023-04-05 08:00:00,35.130942000000005,34.56,0.0,0.0
2023-04-05 09:00:00,32.31207,34.56,0.0,0.0
2023-04-05 10:00:00,31.737300000000005,29.83,0.0,0.0
2023-04-05 11:00:00,31.561120500000005,29.83,0.0,0.0
2023-04-05 12:00:00,31.592358000000004,29.83,0.0,0.0
2023-04-05 13:00:00,31.588609500000008,29.83,0.0,0.0
2023-04-05 14:00:00,31.561120500000005,29.83,0.009247299999984806,0.009783947354983927
2023-04-05 15:00:00,31.899735000000003,29.83,0.030724900000019532,0.03285672705002089
2023-04-05 16:00:00,34.31251950000001,34.56,0.0649728000000352,0.06450753666003496
2023-04-05 17:00:00,36.92522400000001,34.56,0.1271808000001358,0.13588482432014512
2023-04-05 18:00:00,42.30307199999999,34.56,0.11301119999976363,0.13833104543971064
2023-04-05 19:00:00,41.318466,34.56,0.10609920000024142,0.1268476906202886
2023-04-05 20:00:00,37.982301,34.56,0.09020159999983154,0.09913380560981484
2023-04-05 21:00:00,36.2842305,34.56,0.06289919999992709,0.06603729950992344
2023-04-05 22:00:00,34.75234350000001,34.56,0.05149440000011819,0.05178099181511886
2023-04-05 23:00:00,34.303773,34.56,0.06704639999982902,0.06654931961983028
2023-04-06 00:00:00,32.876844000000006,34.56,0.053568000000226317,0.0509591082002153
2023-04-06 01:00:00,32.36205,34.56,0.06220799999978627,0.05825168999979986
2023-04-06 02:00:00,31.778533500000005,29.83,0.05220250000005426,0.055612433625057814
2023-04-06 03:00:00,31.718557500000003,29.83,0.08531380000001736,0.09071507445001847
2023-04-06 04:00:00,32.9755545,34.56,0.07050239999990446,0.06727013117990883
2023-04-06 05:00:00,35.1746745,34.56,0.16243200000008803,0.1653209701500896
2023-04-06 06:00:00,37.5637185,34.56,0.0,0.0
2023-04-06 07:00:00,36.85525200000001,34.56,0.0,0.0
2023-04-06 08:00:00,33.5428275,34.56,0.0,0.0
2023-04-06 09:00:00,31.6910685,29.83,0.0,0.0
2023-04-06 10:00:00,30.500295000000005,29.83,0.0,0.0
2023-04-06 11:00:00,30.365349,29.83,0.0,0.0
2023-04-06 12:00:00,30.250395000000005,29.83,0.0,0.0
2023-04-06 13:00:00,30.6139995,29.83,0.0,0.0
2023-04-06 14:00:00,30.878893500000004,29.83,0.0,0.0
2023-04-06 15:00:00,31.096306500000004,29.83,0.0,0.0
2023-04-06 16:00:00,32.506992000000004,34.56,0.01036799999991199,0.00975209759991722
2023-04-06 17:00:00,34.861050000000006,34.56,0.06013440000030678,0.06065822700030946
2023-04-06 18:00:00,36.11055,34.56,0.1074815999998944,0.11230381049988966
2023-04-06 19:00:00,35.37084600000001,34.56,0.10126079999988434,0.10363657877988164
2023-04-06 20:00:00,33.5403285,34.56,0.0850176000000327,0.08250920811003173
2023-04-06 21:00:00,31.784781,29.83,0.06294130000007163,0.06706588791007632
2023-04-06 22:00:00,30.815169,29.83,0.05041269999996093,0.05207763560995964
2023-04-06 23:00:00,29.9017845,29.83,0.048921199999928375,0.04903892657992821
2023-04-07 00:00:00,29.704363500000007,29.83,0.057273600000002166,0.057032377920002174
2023-04-07 01:00:00,29.87179650000001,29.83,0.0486229000001389,0.04869102829513912
2023-04-07 02:00:00,30.0867105,29.83,0.044148400000041235,0.04452833154004159
2023-04-07 03:00:00,30.256642500000005,29.83,0.08829679999981117,0.08955966179980848
2023-04-07 04:00:00,30.731452500000003,29.83,0.021775900000095497,0.022433960325098385
2023-04-07 05:00:00,30.230403000000003,29.83,0.29680849999996745,0.300792509849967
2023-04-07 06:00:00,30.695217000000003,29.83,0.18703410000012152,0.1924590105901251
2023-04-07 07:00:00,31.205013000000008,29.83,0.02058269999985241,0.021531458969845617
2023-04-07 08:00:00,30.356602500000005,29.83,0.0,0.0
2023-04-07 09:00:00,30.08296200000001,29.83,0.0,0.0
2023-04-07 10:00:00,29.975505000000005,29.83,0.0,0.0
2023-04-07 11:00:00,28.858452,29.83,0.0,0.0
2023-04-07 12:00:00,28.2099615,29.83,0.0,0.0
2023-04-07 13:00:00,27.98880000000001,29.83,0.0,0.0
2023-04-07 14:00:00,28.878444000000005,29.83,0.0,0.0
2023-04-07 15:00:00,29.964259500000004,29.83,0.0,0.0
2023-04-07 16:00:00,30.830163,29.83,0.020582700000123712,0.021272812470127862
2023-04-07 17:00:00,33.33416100000001,34.56,0.09884160000002012,0.09533570046001943
2023-04-07 18:00:00,34.6798725,34.56,0.1074815999998944,0.10785440347489403
2023-04-07 19:00:00,34.2450465,34.56,0.11439360000004527,0.11335110391504487
2023-04-07 20:00:00,34.23630000000001,34.56,0.09192959999986926,0.09106855799987049
2023-04-07 21:00:00,34.436220000000006,34.56,0.062553600000171,0.06232955820017039
2023-04-07 22:00:00,33.833961,34.56,0.06670079999975861,0.06529954472976368
2023-04-07 23:00:00,32.8431075,34.56,0.05391360000029672,0.05123524770028198
2023-04-08 00:00:00,31.579863000000003,30.97,0.057604199999905355,0.0587385451799035
2023-04-08 01:00:00,31.64483700000001,30.97,0.04490649999985353,0.04588501364985035
2023-04-08 02:00:00,31.206262500000005,30.97,0.0480035000002028,0.048369706875204366
2023-04-08 03:00:00,31.210011000000005,30.97,0.24961819999987156,0.2515526886598706
2023-04-08 04:00:00,31.382442000000005,30.97,0.09105179999995944,0.0922643794799589
2023-04-08 05:00:00,31.704813000000005,30.97,0.0,0.0
2023-04-08 06:00:00,33.5303325,30.97,0.0,0.0
2023-04-08 07:00:00,34.01139,30.97,0.0,0.0
2023-04-08 08:00:00,33.5303325,30.97,0.0,0.0
2023-04-08 09:00:00,31.704813000000005,30.97,0.0,0.0
2023-04-08 10:00:00,30.731452500000003,30.97,0.0,0.0
2023-04-08 11:00:00,30.092958000000007,30.97,0.0,0.0
2023-04-08 12:00:00,29.738100000000006,30.97,0.0,0.0
2023-04-08 13:00:00,29.283282000000003,30.97,0.0,0.0
2023-04-08 14:00:00,29.16333000000001,30.97,0.0,0.0
2023-04-08 15:00:00,29.62814400000001,30.97,0.012697700000051826,0.012147539040049588
2023-04-08 16:00:00,30.7377,30.97,0.09879430000012844,0.09805326300012748
2023-04-08 17:00:00,32.599455000000006,30.97,0.10746589999992338,0.11312010884991938
2023-04-08 18:00:00,34.23754950000001,30.97,0.11025319999992789,0.1218856762199203
2023-04-08 19:00:00,34.8323115,30.97,0.08981299999998874,0.10101370334998734
2023-04-08 20:00:00,34.5249345,30.97,0.09724580000009464,0.10840829433010551
2023-04-08 21:00:00,34.223805000000006,30.97,0.058223600000031545,0.06434075340003488
2023-04-08 22:00:00,33.234201000000006,30.97,0.06255939999978818,0.06713308601977272
2023-04-08 23:00:00,33.360400500000004,30.97,0.05760420000018703,0.06205034493020147
2023-04-09 00:00:00,32.094657000000005,30.97,0.04893259999982874,0.05070955805982253
2023-04-09 01:00:00,32.3408085,30.97,0.05141020000005183,0.05368574211005412
2023-04-09 02:00:00,32.1109005,30.97,0.05419750000005633,0.05619407587505841
2023-04-09 03:00:00,32.142138,30.97,0.04738410000007662,0.04917747114007952
2023-04-09 04:00:00,32.094657000000005,30.97,0.004955199999882825,0.00513514511987857
2023-04-09 05:00:00,32.36205,30.97,0.02446629999991437,0.025566019499910525
2023-04-09 06:00:00,32.224605000000004,30.97,0.0,0.0
2023-04-09 07:00:00,32.734401000000005,30.97,0.003097000000067601,0.003273440100071453
2023-04-09 08:00:00,31.388689500000005,30.97,0.0,0.0
2023-04-09 09:00:00,29.86305,30.97,0.0,0.0
2023-04-09 10:00:00,28.238700000000005,26.52,0.0,0.0
2023-04-09 11:00:00,27.60895200000001,26.52,0.0,0.0
2023-04-09 12:00:00,24.8662995,26.52,0.0,0.0
2023-04-09 13:00:00,24.240300000000005,26.52,0.0,0.0
2023-04-09 14:00:00,24.365250000000003,26.52,0.0,0.0
2023-04-09 15:00:00,26.614350000000005,26.52,0.0018564000001370005,0.0018630045001374882
2023-04-09 16:00:00,28.157482500000004,26.52,0.12013559999987265,0.12755339572486482
2023-04-09 17:00:00,31.762290000000007,30.97,0.09631670000018704,0.09878072190019184
2023-04-09 18:00:00,33.6078015,30.97,0.10405919999979268,0.11292221303977504
2023-04-09 19:00:00,34.043877,30.97,0.10529800000004506,0.11574918180004956
2023-04-09 20:00:00,33.1604805,30.97,0.06379820000004056,0.06831058983004343
2023-04-09 21:00:00,31.737300000000005,30.97,0.061010900000036054,0.06252248100003696
2023-04-09 22:00:00,30.730203000000007,30.97,0.05264900000002253,0.052241345100022374
2023-04-09 23:00:00,29.6393895,30.97,0.05698480000006084,0.054536476680058225
2023-04-10 00:00:00,27.595207500000004,25.66,0.047727599999921586,0.05132708594991568
2023-04-10 01:00:00,27.131643000000004,25.66,0.043622000000018674,0.04612379310001975
2023-04-10 02:00:00,26.351955000000004,25.66,0.05131999999995333,0.05270390999995207
2023-04-10 03:00:00,26.114550000000005,25.66,0.07313099999996266,0.07442646749996201
2023-04-10 04:00:00,26.484402000000003,25.66,0.009237600000014936,0.009534384720015417
2023-04-10 05:00:00,27.36405,25.66,0.0,0.0
2023-04-10 06:00:00,27.065419500000004,25.66,0.0,0.0
2023-04-10 07:00:00,26.04332850000001,25.66,0.0,0.0
2023-04-10 08:00:00,24.225306000000007,25.66,0.0,0.0
2023-04-10 09:00:00,20.1256965,25.66,0.0,0.0
2023-04-10 10:00:00,17.39304,25.66,0.002309400000003734,0.0015653736000025308
2023-04-10 11:00:00,17.2538695,25.66,0.0,0.0
2023-04-10 12:00:00,16.370949,25.66,0.0,0.0
2023-04-10 13:00:00,16.4896515,25.66,0.0,0.0
2023-04-10 14:00:00,16.907936499999998,25.66,0.00256600000005601,0.0016907936500369061
2023-04-10 15:00:00,17.360136499999996,25.66,0.0,0.0
2023-04-10 16:00:00,19.8033255,25.66,0.10725879999991411,0.08277790058993371
2023-04-10 17:00:00,22.938321,25.66,0.09981740000003175,0.08923006869002836
2023-04-10 18:00:00,25.55727300000001,25.66,0.10469280000009148,0.10427367384009116
2023-04-10 19:00:00,22.471008000000005,25.66,0.09725139999997573,0.08516512031997878
2023-04-10 20:00:00,20.0932095,25.66,0.06774240000003175,0.053046073080024854
2023-04-10 21:00:00,18.807474,25.66,0.050036999999925315,0.03667457429994526
2023-04-10 22:00:00,17.380544999999998,25.66,0.05337279999990479,0.0361515335999355
2023-04-10 23:00:00,17.5492275,25.66,0.04285220000009522,0.029307209925065122
2023-04-11 00:00:00,17.4917505,25.66,0.044391799999942125,0.030260728364960545
2023-04-11 01:00:00,17.458014,25.66,0.04926720000000187,0.03351938688000127
2023-04-11 02:00:00,17.5042455,25.66,0.04208239999993839,0.028706962619957973
2023-04-11 03:00:00,18.130245,25.66,0.07877620000017924,0.055659852150126636
2023-04-11 04:00:00,21.618849,25.66,0.061327399999891716,0.05166904910990877
2023-04-11 05:00:00,29.088360000000005,29.83,0.3916679000000303,0.3819301668000297
2023-04-11 06:00:00,30.5665185,29.83,0.1294622000000586,0.13265869029006006
2023-04-11 07:00:00,30.895137,29.83,0.011931999999989147,0.012358054799988761
2023-04-11 08:00:00,29.088360000000005,29.83,0.0,0.0
2023-04-11 09:00:00,24.14658750000001,25.66,0.007697999999934655,0.007243976249938512
2023-04-11 10:00:00,18.4963485,25.66,0.0,0.0
2023-04-11 11:00:00,17.3767965,25.66,0.0,0.0
2023-04-11 12:00:00,17.356745,25.66,0.0,0.0
2023-04-11 13:00:00,17.3578755,25.66,0.0,0.0
2023-04-11 14:00:00,17.366919499999998,25.66,0.0,0.0
2023-04-11 15:00:00,18.1939695,25.66,0.0,0.0
2023-04-11 16:00:00,27.63894,25.66,0.007954599999986931,0.008568071399985925
2023-04-11 17:00:00,33.711510000000004,34.56,0.35389440000011824,0.3452058624001153
2023-04-11 18:00:00,37.667427,34.56,0.29583359999991954,0.3224331751199124
2023-04-11 19:00:00,38.032281000000005,34.56,0.11128320000004024,0.1224639448200443
2023-04-11 20:00:00,35.0347305,34.56,0.12165119999995223,0.12332225135995158
2023-04-11 21:00:00,33.711510000000004,34.56,0.08190720000002767,0.079896278700027
2023-04-11 22:00:00,31.237500000000004,29.83,0.04713140000010635,0.04935525000011138
2023-04-11 23:00:00,29.563170000000003,29.83,0.059659999999945736,0.05912633999994623
2023-04-12 00:00:00,28.14248850000001,29.83,0.048324600000078134,0.04559083137007373
2023-04-12 01:00:00,27.4427685,25.66,0.046957799999998134,0.05022026635499801
2023-04-12 02:00:00,27.2028645,25.66,0.045161599999865576,0.04787704151985749
2023-04-12 03:00:00,27.38904,25.66,0.06722919999992719,0.07175928479992229
2023-04-12 04:00:00,28.08876,29.83,0.014020100000143247,0.013201717200134886
2023-04-12 05:00:00,30.890139000000005,29.83,0.11544209999991535,0.11954483792991237
2023-04-12 06:00:00,32.9705565,34.56,0.025228800000110643,0.024068506245105554
2023-04-12 07:00:00,34.4124795,34.56,0.0,0.0
2023-04-12 08:00:00,33.860200500000005,34.56,0.0,0.0
2023-04-12 09:00:00,32.36205,34.56,0.0,0.0
2023-04-12 10:00:00,31.307472000000004,29.83,0.0,0.0
2023-04-12 11:00:00,29.953014000000003,29.83,0.0,0.0
2023-04-12 12:00:00,29.533182000000004,29.83,0.0,0.0
2023-04-12 13:00:00,29.565669000000007,29.83,0.0,0.0
2023-04-12 14:00:00,29.496946500000004,29.83,0.0,0.0
2023-04-12 15:00:00,29.90553300000001,29.83,0.0,0.0
2023-04-12 16:00:00,31.102554000000005,29.83,0.019986100000002168,0.02083871118000227
2023-04-12 17:00:00,34.193817,34.56,0.13478400000011317,0.13335588630011197
2023-04-12 18:00:00,35.485800000000005,34.56,0.3414527999997838,0.350599703999778
2023-04-12 19:00:00,33.574065000000004,34.56,0.3082751999999397,0.29948065979994143
2023-04-12 20:00:00,32.706912,34.56,0.1271808000001358,0.12036143616012852
2023-04-12 21:00:00,31.025085000000004,29.83,0.06562600000007597,0.06825518700007903
2023-04-12 22:00:00,29.606902500000004,29.83,0.056378699999819856,0.05595704572482121
2023-04-12 23:00:00,29.5169385,29.83,0.05399230000014758,0.05342565868514604
2023-04-13 00:00:00,28.0000455,29.83,0.04921949999998915,0.046200075074989806
2023-04-13 01:00:00,27.2803335,25.66,0.04901059999994959,0.052105436984946414
2023-04-13 02:00:00,26.471907,25.66,0.040286200000039206,0.04156089399004045
2023-04-13 03:00:00,26.273236500000003,25.66,0.0697951999999832,0.0714632032799828
2023-04-13 04:00:00,27.676425,25.66,0.020527999999981332,0.02214113999997986
2023-04-13 05:00:00,30.12044700000001,29.83,0.0,0.0
2023-04-13 06:00:00,31.742298000000005,29.83,0.0,0.0
2023-04-13 07:00:00,32.232102000000005,34.56,0.0,0.0
2023-04-13 08:00:00,30.214159500000004,29.83,0.0,0.0
2023-04-13 09:00:00,28.111251000000003,29.83,0.10768629999996311,0.10148161610996524
2023-04-13 10:00:00,28.516089000000008,29.83,0.008650700000134567,0.008269665810128642
2023-04-13 11:00:00,28.628544000000005,29.83,0.0,0.0
2023-04-13 12:00:00,29.0846115,29.83,0.0,0.0
2023-04-13 13:00:00,28.923426000000006,29.83,0.0,0.0
2023-04-13 14:00:00,30.490299000000004,29.83,0.0,0.0
2023-04-13 15:00:00,29.017138500000005,29.83,0.0032812999998545816,0.003191885234858545
2023-04-13 16:00:00,31.130043000000004,29.83,0.0414637000000369,0.04327075977003851
2023-04-13 17:00:00,33.594057,34.56,0.07499519999987679,0.07289910368988023
2023-04-13 18:00:00,38.789478,34.56,0.17383680000021123,0.1951110743402371
2023-04-13 19:00:00,39.9752535,34.56,0.1271807999998215,0.14710893287979349
2023-04-13 20:00:00,37.4337705,34.56,0.09745920000005281,0.10556323281005721
2023-04-13 21:00:00,34.771086000000004,34.56,0.07257600000001257,0.07301928060001266
2023-04-13 22:00:00,33.951414,34.56,0.0850176000000327,0.08352047844003212
2023-04-13 23:00:00,32.1233955,29.83,0.04713140000010635,0.05075496489011453
2023-04-14 00:00:00,31.46241,29.83,0.056975299999941394,0.06009320309993819
2023-04-14 01:00:00,31.929723000000003,29.83,0.048324600000078134,0.05172615126008364
2023-04-14 02:00:00,31.46241,29.83,0.05548379999990884,0.05852008259990386
2023-04-14 03:00:00,31.504893000000003,29.83,0.11544209999991535,0.12192393590991062
2023-04-14 04:00:00,33.286680000000004,34.56,0.4078080000001006,0.39278282400009695
2023-04-14 05:00:00,35.45331300000001,34.56,0.09815039999987932,0.1006874089198762
2023-04-14 06:00:00,38.829462,34.56,0.15448320000004023,0.1735676951400452
2023-04-14 07:00:00,39.3729945,34.56,0.020390400000067897,0.023230066755077345
2023-04-14 08:00:00,36.220506,34.56,0.0,0.0
2023-04-14 09:00:00,33.594057,34.56,0.006911999999836553,0.006718811399841122
2023-04-14 10:00:00,32.194617,29.83,0.0029830000000651124,0.003219461700070274
2023-04-14 11:00:00,30.805173000000007,29.83,0.021775900000095497,0.022487776290098623
2023-04-14 12:00:00,30.587760000000003,29.83,0.017003099999937057,0.01743502319993546
2023-04-14 13:00:00,30.640239000000005,29.83,0.011931999999989147,0.012256095599988855
2023-04-14 14:00:00,31.025085000000004,29.83,0.0,0.0
2023-04-14 15:00:00,30.517788000000007,29.83,0.0,0.0
2023-04-14 16:00:00,31.929723000000003,29.83,0.017003099999937057,0.01819994210993263
2023-04-14 17:00:00,34.631142000000004,34.56,0.1171583999999799,0.11739957137997985
2023-04-14 18:00:00,36.3217155,34.56,0.13305600000007545,0.1398386046750793
2023-04-14 19:00:00,36.3866895,34.56,0.13616640000008048,0.14336355663008474
2023-04-14 20:00:00,36.23550000000001,34.56,0.1278719999999623,0.13407134999996048
2023-04-14 21:00:00,34.152583500000006,34.56,0.1175040000000503,0.11611878390004972
2023-04-14 22:00:00,32.39828550000001,34.56,0.10298879999992205,0.09654689078992695
2023-04-14 23:00:00,32.849355,34.56,0.05875200000002515,0.055843903500023905
2023-04-15 00:00:00,31.362450000000003,30.97,0.05791389999996845,0.058647781499968056
2023-04-15 01:00:00,31.659831000000004,30.97,0.04986170000001803,0.05097232791001843
2023-04-15 02:00:00,30.86265000000001,30.97,0.061630300000162244,0.0614166735001617
2023-04-15 03:00:00,30.505293000000005,30.97,0.04335799999981973,0.042707410199822445
2023-04-15 04:00:00,30.306622500000007,30.97,0.003097000000067601,0.0030306622500661535
2023-04-15 05:00:00,30.557772000000007,30.97,0.018582000000123937,0.01833466320012229
2023-04-15 06:00:00,30.4690575,30.97,0.0,0.0
2023-04-15 07:00:00,30.638989500000005,30.97,0.02818269999982649,0.027881480444828348
2023-04-15 08:00:00,30.091708500000003,30.97,0.0,0.0
2023-04-15 09:00:00,29.608152000000004,30.97,0.477867100000178,0.4568537853601703
2023-04-15 10:00:00,29.107102500000003,30.97,0.2217451999998265,0.20840685389983693
2023-04-15 11:00:00,28.432372500000003,26.52,0.0,0.0
2023-04-15 12:00:00,27.817618500000005,26.52,0.058344000000067536,0.06119876070007085
2023-04-15 13:00:00,27.635191500000005,26.52,0.0,0.0
2023-04-15 14:00:00,27.976305000000007,26.52,0.0026520000000578876,0.002797630500061067
2023-04-15 15:00:00,28.984651500000005,30.97,0.13843589999975436,0.12956139220477014
2023-04-15 16:00:00,29.714359500000004,30.97,0.03499610000008788,0.03357722623508432
2023-04-15 17:00:00,31.444917000000007,30.97,0.08795480000017351,0.08930356428017619
2023-04-15 18:00:00,33.96016050000001,30.97,0.08392869999991662,0.0920320349549086
2023-04-15 19:00:00,34.1750745,30.97,0.09972340000003606,0.1100437398900398
2023-04-15 20:00:00,33.33666000000001,30.97,0.08671599999992113,0.09334264799991512
2023-04-15 21:00:00,33.32541450000001,30.97,0.09693610000003154,0.10430854738503398
2023-04-15 22:00:00,32.274585,30.97,0.060391499999909865,0.06293544074990608
2023-04-15 23:00:00,31.3062225,30.97,0.06379820000004056,0.064490818350041
2023-04-16 00:00:00,30.2991255,30.97,0.04955199999995493,0.048478600799955904
2023-04-16 01:00:00,30.197916000000006,30.97,0.056675099999997744,0.055262186279997814
2023-04-16 02:00:00,29.999245500000004,30.97,0.04924230000017351,0.04769880034516808
2023-04-16 03:00:00,30.1916685,30.97,0.04986170000001803,0.04860858628501757
2023-04-16 04:00:00,30.300375000000003,30.97,0.04831319999998423,0.04726858499998457
2023-04-16 05:00:00,30.300375000000003,30.97,0.11458899999996619,0.11211138749996695
2023-04-16 06:00:00,30.284131500000004,30.97,0.26014800000004507,0.2543867046000441
2023-04-16 07:00:00,31.166278500000008,30.97,0.0,0.0
2023-04-16 08:00:00,31.697316000000004,30.97,0.05419749999977467,0.05547030299976938
2023-04-16 09:00:00,31.24249800000001,30.97,0.2926665000001915,0.2952416061001933
2023-04-16 10:00:00,30.841408500000004,30.97,0.23568169999984903,0.23470311868484967
2023-04-16 11:00:00,30.3690975,30.97,0.0,0.0
2023-04-16 12:00:00,29.633142000000003,30.97,0.0,0.0
2023-04-16 13:00:00,29.20206450000001,30.97,0.0,0.0
2023-04-16 14:00:00,29.145837000000004,30.97,0.0,0.0
2023-04-16 15:00:00,29.368248000000005,30.97,0.17931630000019602,0.17004215592018593
2023-04-16 16:00:00,29.984251500000003,30.97,0.16073429999979044,0.1556182652847971
2023-04-16 17:00:00,31.763539500000004,30.97,0.4205726000000541,0.43134886641005554
2023-04-16 18:00:00,33.97140600000001,30.97,0.23103620000002928,0.2534266887600322
2023-04-16 19:00:00,34.861050000000006,30.97,0.2375398999999459,0.26738425349993916
2023-04-16 20:00:00,34.23630000000001,30.97,0.2347525999999414,0.2595111539999353
2023-04-16 21:00:00,33.6078015,30.97,0.17714840000003604,0.19223662458003912
2023-04-16 22:00:00,33.03053250000001,30.97,0.2406369000000135,0.2566472375250145
2023-04-16 23:00:00,31.706062500000005,30.97,0.18055510000016675,0.18484634437517072
2023-04-17 00:00:00,31.25499300000001,29.83,0.1956847999999848,0.20503275407998417
2023-04-17 01:00:00,30.982602000000004,29.83,0.20373889999999784,0.21161117165999777
2023-04-17 02:00:00,31.167528000000004,29.83,0.17838339999998698,0.18638181743998644
2023-04-17 03:00:00,31.11255000000001,29.83,0.20970489999985675,0.21872122649985065
2023-04-17 04:00:00,31.7410485,29.83,0.2836833000000065,0.30185737123500694
2023-04-17 05:00:00,34.963509,34.56,0.08951040000000504,0.0905554883100051
2023-04-17 06:00:00,39.694116,34.56,0.06946560000000755,0.07978517316000866
2023-04-17 07:00:00,42.42177449999999,34.56,0.05875200000002515,0.07211701665003085
2023-04-17 08:00:00,37.752393,34.56,0.059443200000165966,0.0649341159601813
2023-04-17 09:00:00,34.31251950000001,34.56,0.1271807999998215,0.12627007175982277
2023-04-17 10:00:00,32.134641,29.83,0.2019491000001758,0.2175515195701894
2023-04-17 11:00:00,30.531532500000004,29.83,0.26936489999980245,0.2756997384747979
2023-04-17 12:00:00,30.144187500000005,29.83,0.01014220000016712,0.010249023750168885
2023-04-17 13:00:00,29.508192000000005,29.83,0.010440499999956592,0.010327867199957062
2023-04-17 14:00:00,29.480703,29.83,0.08083929999991969,0.07989270512992064
2023-04-17 15:00:00,29.458212000000007,29.83,0.13900780000010418,0.13727526792010292
2023-04-17 16:00:00,29.986750500000007,29.83,0.21567089999998698,0.21680420611498696
2023-04-17 17:00:00,32.653183500000004,34.56,0.2647295999998693,0.2501233856098765
2023-04-17 18:00:00,35.3121195,34.56,0.24157440000018107,0.246831715305185
2023-04-17 19:00:00,35.208411000000005,34.56,0.2457215999997687,0.25033180220976436
2023-04-17 20:00:00,34.142587500000005,34.56,0.18627840000023135,0.18402854662522855
2023-04-17 21:00:00,32.714409,34.56,0.236735999999824,0.22409370164983342
2023-04-17 22:00:00,31.00759200000001,29.83,0.21000319999991754,0.21829344767991432
2023-04-17 23:00:00,30.526534500000004,29.83,0.17629530000010415,0.18041181889510666
2023-04-18 00:00:00,30.12169650000001,29.83,0.18792900000003254,0.18976668795003293
2023-04-18 01:00:00,30.000495,29.83,0.17748850000007596,0.1785029452500764
2023-04-18 02:00:00,30.024235500000007,29.83,0.18792900000003254,0.18915268365003282
2023-04-18 03:00:00,29.931772500000005,29.83,0.2595209999999674,0.26040642074996734
2023-04-18 04:00:00,30.021736500000003,29.83,0.35229229999987627,0.35455670806487555
2023-04-18 05:00:00,33.2367,34.56,0.2346624000000302,0.22567719300002903
2023-04-18 06:00:00,34.89478650000001,34.56,0.0107135999999824,0.01081738381498223
2023-04-18 07:00:00,36.720306,34.56,0.03836159999995726,0.04075953965995458
2023-04-18 08:00:00,34.1101005,34.56,0.006220800000010058,0.0061398180900099275
2023-04-18 09:00:00,30.638989500000005,29.83,0.050711000000021704,0.052086282150022305
2023-04-18 10:00:00,30.310371000000004,29.83,0.035795999999967444,0.03637244519996692
2023-04-18 11:00:00,29.230803000000005,29.83,0.010440499999956592,0.010230781049957465
2023-04-18 12:00:00,27.983802,29.83,0.0641345000000434,0.06016517430004073
2023-04-18 13:00:00,27.951315000000005,29.83,0.0,0.0
2023-04-18 14:00:00,27.067918500000005,25.66,0.0,0.0
2023-04-18 15:00:00,27.287830500000005,25.66,0.015396000000102685,0.016372698300109203
2023-04-18 16:00:00,29.1620805,29.83,0.11037099999996745,0.10789969784996817
2023-04-18 17:00:00,30.888889500000005,29.83,0.1387095000000434,0.14363333617504498
2023-04-18 18:00:00,33.66902700000001,34.56,0.25920000000000004,0.25251770250000005
2023-04-18 19:00:00,34.23754950000001,34.56,0.25194239999977874,0.24959173585478084
2023-04-18 20:00:00,32.546976,34.56,0.22222080000001007,0.20927705568000948
2023-04-18 21:00:00,30.957612000000005,29.83,0.13602480000003905,0.14116671072004056
2023-04-18 22:00:00,29.858052000000004,29.83,0.1885256000001541,0.18870288864015428
2023-04-18 23:00:00,30.150435000000005,29.83,0.17450550000001083,0.176380044750011
2023-04-19 00:00:00,29.555673,29.83,0.17659359999989363,0.1749695841598946
2023-04-19 01:00:00,29.853054000000007,29.83,0.17838339999998698,0.17852126291998702
2023-04-19 02:00:00,29.7318525,29.83,0.1759970000000434,0.17541792975004328
2023-04-19 03:00:00,30.029233500000004,29.83,0.1730139999999783,0.17416955429997816
2023-04-19 04:00:00,30.596506500000007,29.83,0.3678039000000521,0.37725492514505354
2023-04-19 05:00:00,33.61155,34.56,0.12683520000006537,0.12335438850006358
2023-04-19 06:00:00,34.731102,34.56,0.044927999999723404,0.045150432599722026
2023-04-19 07:00:00,34.771086000000004,34.56,0.07499520000019111,0.07545325662019228
2023-04-19 08:00:00,32.2158585,34.56,0.08743679999989691,0.08150612200490391
2023-04-19 09:00:00,28.662280500000005,29.83,0.15511600000013023,0.14904385860012517
2023-04-19 10:00:00,25.44981600000001,25.66,0.005131999999878645,0.00508996319987964
2023-04-19 11:00:00,21.06657,25.66,0.0,0.0
2023-04-19 12:00:00,18.0290355,25.66,0.015396000000102685,0.010817421300072148
2023-04-19 13:00:00,17.379295499999998,25.66,0.03797680000003548,0.025721357340024023
2023-04-19 14:00:00,17.7066645,25.66,0.015909199999973863,0.010978131989981963
2023-04-19 15:00:00,20.209413,25.66,0.223241999999972,0.17582189309997795
2023-04-19 16:00:00,26.403184500000005,25.66,0.12342459999994025,0.12699931744493856
2023-04-19 17:00:00,29.212060500000003,29.83,0.19061370000003688,0.18666506659503615
2023-04-19 18:00:00,32.3233155,34.56,0.26092800000003774,0.24404103202503527
2023-04-19 19:00:00,33.7027635,34.56,0.2588543999999296,0.25243369861493137
2023-04-19 20:00:00,32.714409,34.56,0.24917760000015843,0.23587088889015
2023-04-19 21:00:00,31.100055000000005,29.83,0.1935966999998307,0.20183935694982352
2023-04-19 22:00:00,30.070467000000004,29.83,0.17957659999995876,0.18102421133995847
2023-04-19 23:00:00,29.886790500000004,29.83,0.19956270000023224,0.1999426284452327
2023-04-20 00:00:00,29.157082500000005,29.83,0.24609749999994573,0.240545930624947
2023-04-20 01:00:00,29.458212000000007,29.83,0.18703409999985024,0.18470298923985215
2023-04-20 02:00:00,29.23580100000001,29.83,0.2103014999999783,0.20611239704997877
2023-04-20 03:00:00,29.51069100000001,29.83,0.267276800000191,0.264415791360189
2023-04-20 04:00:00,30.210411000000008,29.83,0.2929305999999913,0.29666623601999126
2023-04-20 05:00:00,33.357901500000004,34.56,0.06911999999993715,0.06671580299993933
2023-04-20 06:00:00,35.420826000000005,34.56,0.003456000000075438,0.0035420826000773166
2023-04-20 07:00:00,35.448315,34.56,0.0,0.0
2023-04-20 08:00:00,33.6202965,34.56,0.017625599999818952,0.017146351214823875
2023-04-20 09:00:00,30.85890150000001,29.83,0.008650700000134567,0.00894908143513921
2023-04-20 10:00:00,29.480703,29.83,0.0,0.0
2023-04-20 11:00:00,29.142088500000007,29.83,0.0029829999997938103,0.002914208849798566
2023-04-20 12:00:00,28.5648195,29.83,0.0,0.0
2023-04-20 13:00:00,28.4523645,29.83,0.0020881000001540997,0.0019916655151469833
2023-04-20 14:00:00,28.198716000000008,29.83,0.013125199999960932,0.012407435039963072
2023-04-20 15:00:00,28.8746955,29.83,0.04772799999995659,0.04619951279995799
2023-04-20 16:00:00,30.33286200000001,29.83,0.06532770000001518,0.06642896778001547
2023-04-20 17:00:00,33.4853505,34.56,0.2149632000001031,0.2082788801100999
2023-04-20 18:00:00,35.123445000000004,34.56,0.23777280000003523,0.24164930160003584
2023-04-20 19:00:00,35.66697750000001,34.56,0.24019199999989943,0.24788549362489626
2023-04-20 20:00:00,34.1825715,34.56,0.2553984000001685,0.2526092033851667
2023-04-20 21:00:00,33.509091000000005,34.56,0.2146175999997184,0.20809145510972699
2023-04-20 22:00:00,30.638989500000005,29.83,0.19747460000007813,0.2028301104900803
2023-04-20 23:00:00,29.665629000000006,29.83,0.19628140000010635,0.19519983882010583
2023-04-21 00:00:00,28.848456,29.83,0.24908050000001083,0.2408846076000105
2023-04-21 01:00:00,28.73974950000001,29.83,0.19240349999985892,0.18537138427486416
2023-04-21 02:00:00,28.985901000000005,29.83,0.2296910000001302,0.2231914377001266
2023-04-21 03:00:00,28.938420000000004,29.83,0.24192129999990883,0.2346905861999116
2023-04-21 04:00:00,29.2670385,29.83,0.1264791999999935,0.12409224323999363
2023-04-21 05:00:00,32.47700400000001,34.56,0.05529599999994972,0.051963206399952756
2023-04-21 06:00:00,34.23630000000001,34.56,0.0,0.0
2023-04-21 07:00:00,34.173825,34.56,0.0,0.0
2023-04-21 08:00:00,30.6439875,29.83,0.0,0.0
2023-04-21 09:00:00,28.613550000000004,29.83,0.0,0.0
2023-04-21 10:00:00,27.0429285,25.66,0.0,0.0
2023-04-21 11:00:00,20.9103825,25.66,0.0,0.0
2023-04-21 12:00:00,17.379295499999998,25.66,0.0,0.0
2023-04-21 13:00:00,17.374297499999997,25.66,0.0,0.0
2023-04-21 14:00:00,18.0290355,25.66,0.0,0.0
2023-04-21 15:00:00,24.686371500000003,25.66,0.0,0.0
2023-04-21 16:00:00,28.622296500000004,29.83,0.0020881000001540997,0.002003560755147861
2023-04-21 17:00:00,32.736900000000006,34.56,0.057369600000057835,0.0543432540000548
2023-04-21 18:00:00,34.9322715,34.56,0.1095551999996882,0.11073530065468484
2023-04-21 19:00:00,35.345856000000005,34.56,0.12579840000016848,0.12865891584017233
2023-04-21 20:00:00,33.139239,34.56,0.07810559999988181,0.07489468013988669
2023-04-21 21:00:00,30.6164985,29.83,0.05309739999996527,0.05449736732996436
2023-04-21 22:00:00,29.745597000000004,29.83,0.04235860000021921,0.042238747740218595
2023-04-21 23:00:00,29.743098000000003,29.83,0.050711000000021704,0.050563266600021646
2023-04-22 00:00:00,29.262040500000005,30.97,0.05264899999974087,0.04974546884975516
2023-04-22 01:00:00,28.875945,30.97,0.04645500000016901,0.04331391750015758
2023-04-22 02:00:00,28.982152500000005,30.97,0.06658550000004507,0.062311627875042186
2023-04-22 03:00:00,28.7747355,30.97,0.04800349999992113,0.04460084002492672
2023-04-22 04:00:00,29.362000500000004,30.97,0.03437669999996169,0.03259182055496369
2023-04-22 05:00:00,29.840559,30.97,0.0,0.0
2023-04-22 06:00:00,30.185421,30.97,0.012387999999988733,0.01207416839998902
2023-04-22 07:00:00,29.750595000000004,30.97,0.0,0.0
2023-04-22 08:00:00,28.113750000000003,26.52,0.0,0.0
2023-04-22 09:00:00,26.915479500000004,26.52,0.0,0.0
2023-04-22 10:00:00,22.998297000000004,26.52,0.0,0.0
2023-04-22 11:00:00,20.64174,18.88,0.0,0.0
2023-04-22 12:00:00,18.620049,18.88,0.0,0.0
2023-04-22 13:00:00,18.070269,18.88,0.04134720000000962,0.039573889110009204
2023-04-22 14:00:00,21.1103025,18.88,0.17275199999999313,0.19315926787499232
2023-04-22 15:00:00,26.949216000000003,26.52,0.16575,0.16843260000000002
2023-04-22 16:00:00,29.2383,30.97,0.14091349999997746,0.13303426499997872
2023-04-22 17:00:00,31.483651500000008,30.97,0.1734320000001239,0.17630844840012602
2023-04-22 18:00:00,33.841458,30.97,0.4630014999999662,0.5059297970999631
2023-04-22 19:00:00,33.63903900000001,30.97,0.30288660000002027,0.32898980142002215
2023-04-22 20:00:00,33.2367,30.97,0.24590179999995943,0.26389939799995643
2023-04-22 21:00:00,30.487800000000004,30.97,0.23599139999991214,0.23231703599991352
2023-04-22 22:00:00,30.010491000000005,30.97,0.1910849000000586,0.18516472947005683
2023-04-22 23:00:00,30.500295000000005,30.97,0.20254380000013972,0.19947192930013763
2023-04-23 00:00:00,29.526934500000007,30.97,0.19449159999990762,0.18542914865991197
2023-04-23 01:00:00,29.23455150000001,30.97,0.20502140000008112,0.19353273093007667
2023-04-23 02:00:00,28.537330500000003,26.52,0.15328559999987265,0.164945770289863
2023-04-23 03:00:00,28.192468500000004,26.52,0.15036840000000193,0.1598512963950021
2023-04-23 04:00:00,28.45611300000001,26.52,0.09945000000000001,0.10671042375000003
2023-04-23 05:00:00,28.59855600000001,26.52,0.04906200000010613,0.05290732860011446
2023-04-23 06:00:00,29.085861000000005,30.97,0.05264900000002253,0.04944596370002117
2023-04-23 07:00:00,29.0421285,30.97,0.0,0.0
2023-04-23 08:00:00,28.664779500000005,26.52,0.0,0.0
2023-04-23 09:00:00,27.2803335,26.52,0.0029171999998707176,0.0030008366848670114
2023-04-23 10:00:00,23.385642000000004,26.52,0.0,0.0
2023-04-23 11:00:00,21.803775,18.88,0.0,0.0
2023-04-23 12:00:00,18.620049,18.88,0.0,0.0
2023-04-23 13:00:00,17.977805999999998,18.88,0.0,0.0
2023-04-23 14:00:00,21.7050645,18.88,0.0,0.0
2023-04-23 15:00:00,25.38359250000001,26.52,0.03076319999999614,0.02944496729999632
2023-04-23 16:00:00,29.894287500000008,30.97,0.21028630000002704,0.20298221212502615
2023-04-23 17:00:00,33.079263000000005,30.97,0.10808530000004957,0.11544662787005297
2023-04-23 18:00:00,34.628643000000004,30.97,0.09910399999990986,0.11081165759989924
2023-04-23 19:00:00,34.502443500000005,30.97,0.11706660000018929,0.1304192364302109
2023-04-23 20:00:00,32.989299,30.97,0.09817490000000226,0.1045760778300024
2023-04-23 21:00:00,31.9809525,30.97,0.07277949999989859,0.0751552383748953
2023-04-23 22:00:00,31.062570000000004,30.97,0.05729449999984226,0.0574657544998418
2023-04-23 23:00:00,28.326165000000003,26.52,0.04110600000017366,0.043905555750185496
2023-04-24 00:00:00,27.811371000000005,29.83,0.05816849999991318,0.05423217344991906
2023-04-24 01:00:00,27.625195500000004,25.66,0.03925980000006348,0.042266549115068344
2023-04-24 02:00:00,26.914230000000003,25.66,0.04541819999991785,0.04763818709991385
2023-04-24 03:00:00,26.749296000000005,25.66,0.05773500000009335,0.060185916000097324
2023-04-24 04:00:00,28.182472500000003,29.83,0.1595904999999566,0.150776227874959
2023-04-24 05:00:00,31.687320000000003,29.83,0.059659999999945736,0.06337463999994236
2023-04-24 06:00:00,34.086360000000006,34.56,0.0,0.0
2023-04-24 07:00:00,34.23630000000001,34.56,0.0,0.0
2023-04-24 08:00:00,33.226704000000005,34.56,0.0,0.0
2023-04-24 09:00:00,31.2137595,29.83,0.0,0.0
2023-04-24 10:00:00,30.86389950000001,29.83,0.0,0.0
2023-04-24 11:00:00,29.6218965,29.83,0.0,0.0
2023-04-24 12:00:00,29.225805,29.83,0.0,0.0
2023-04-24 13:00:00,28.238700000000005,29.83,0.0,0.0
2023-04-24 14:00:00,27.977554500000004,29.83,0.0,0.0
2023-04-24 15:00:00,28.1000055,29.83,0.0029830000000651124,0.0028100005500613368
2023-04-24 16:00:00,29.564419500000007,29.83,0.048921199999928375,0.04848564797992903
2023-04-24 17:00:00,32.0384295,29.83,0.07845289999997612,0.08426106958497435
2023-04-24 18:00:00,34.1825715,34.56,0.21012480000006037,0.2078300347200597
2023-04-24 19:00:00,34.357501500000005,34.56,0.1617407999999472,0.16079310701994753
2023-04-24 20:00:00,33.8776935,34.56,0.1579392000001157,0.1548210592951134
2023-04-24 21:00:00,32.3907885,34.56,0.21254399999992457,0.1992033492749293
2023-04-24 22:00:00,30.019237500000003,29.83,0.12110979999998481,0.12187810424998473
2023-04-24 23:00:00,29.41447950000001,29.83,0.1315502999999414,0.12971785459494226
2023-04-25 00:00:00,29.2720365,29.83,0.11991660000001302,0.11767358673001278
2023-04-25 01:00:00,29.067118500000003,29.83,0.17927830000016928,0.17469338218516497
2023-04-25 02:00:00,28.865949000000004,29.83,0.12230299999995659,0.11835039089995801
2023-04-25 03:00:00,28.840959000000005,29.83,0.1685394999998806,0.1629514183498846
2023-04-25 04:00:00,29.539429500000004,29.83,0.13721800000001083,0.13588137570001077
2023-04-25 05:00:00,32.56197,34.56,0.05875200000002515,0.0553553490000237
2023-04-25 06:00:00,34.123845,34.56,0.04492800000003772,0.044360998500037246
2023-04-25 07:00:00,34.227553500000006,34.56,0.031104000000050293,0.030804798150049814
2023-04-25 08:00:00,31.082562000000003,29.83,0.029829999999837216,0.031082561999830387
2023-04-25 09:00:00,29.393238000000007,29.83,0.015809900000236573,0.015578416140233116
2023-04-25 10:00:00,27.9975465,29.83,0.4734020999998611,0.4443210629548696
2023-04-25 11:00:00,27.18412200000001,25.66,0.259166000000056,0.27455963220005947
2023-04-25 12:00:00,26.503144500000005,25.66,0.08980999999985997,0.0927610057498554
2023-04-25 13:00:00,25.424826000000003,25.66,0.08750060000008962,0.0866986566600888
2023-04-25 14:00:00,25.45106550000001,25.66,0.05619540000001307,0.055737833445012985
2023-04-25 15:00:00,26.636841000000008,25.66,0.07313099999996266,0.07591499684996127
2023-04-25 16:00:00,27.830113500000007,29.83,0.1106693000000282,0.10324972108502635
2023-04-25 17:00:00,30.01673850000001,29.83,0.18613919999993922,0.18730444823993891
2023-04-25 18:00:00,33.876444000000006,34.56,0.17763840000004277,0.17412492216004194
2023-04-25 19:00:00,35.380842,34.56,0.16796159999995727,0.17195089211995626
2023-04-25 20:00:00,34.0526235,34.56,0.20632320000022883,0.20329416229522548
2023-04-25 21:00:00,32.936820000000004,34.56,0.1382399999998743,0.1317472799998802
2023-04-25 22:00:00,30.020487000000006,29.83,0.18763069999997178,0.18882886322997167
2023-04-25 23:00:00,29.29827600000001,29.83,0.14139420000004774,0.13887382824004696
2023-04-26 00:00:00,29.0196375,29.83,0.16197689999990014,0.1575766316249029
2023-04-26 01:00:00,29.138340000000003,29.83,0.17211910000006728,0.16812822180006573
2023-04-26 02:00:00,28.900935000000008,29.83,0.1736106000000998,0.16820344170009677
2023-04-26 03:00:00,29.029633500000003,29.83,0.2007558999999327,0.19536943345493454
2023-04-26 04:00:00,29.936770500000005,29.83,0.18166470000011284,0.1823149323451133
2023-04-26 05:00:00,33.006792000000004,34.56,0.22947839999991704,0.21916509887992078
2023-04-26 06:00:00,34.849804500000005,34.56,0.1728,0.17424902250000002
2023-04-26 07:00:00,33.6078015,34.56,0.17521919999986424,0.17039155360486796
2023-04-26 08:00:00,29.264539500000005,29.83,0.1655565000000868,0.16241819422508522
2023-04-26 09:00:00,28.392388500000003,29.83,0.36690899999986976,0.3492263785498761
2023-04-26 10:00:00,29.288280000000004,29.83,0.11037099999996745,0.10836663599996806
2023-04-26 11:00:00,29.147086500000004,29.83,0.2720496000000781,0.26582142888007637
2023-04-26 12:00:00,29.180823000000007,29.83,0.09784240000012805,0.0957130994401253
2023-04-26 13:00:00,29.1595815,29.83,0.11335400000003254,0.11080640970003183
2023-04-26 14:00:00,28.969657500000007,29.83,0.1285672999998763,0.12485922382487989
2023-04-26 15:00:00,29.63814,29.83,0.1345333000000065,0.13366801140000648
2023-04-26 16:00:00,31.3861905,29.83,0.13214690000006293,0.13904082391506623
2023-04-26 17:00:00,33.346656,34.56,0.21945600000007545,0.21175126560007282
2023-04-26 18:00:00,35.87439450000001,34.56,0.21600000000000003,0.22421496562500004
2023-04-26 19:00:00,36.7315515,34.56,0.23915520000000254,0.2541823363800027
2023-04-26 20:00:00,35.625744000000005,34.56,0.212889599999995,0.21945458303999485
2023-04-26 21:00:00,33.61155,34.56,0.24053759999996985,0.23393638799997069
2023-04-26 22:00:00,32.458261500000006,34.56,0.23293439999999246,0.21876868250999296
2023-04-26 23:00:00,30.752694000000005,29.83,0.18554259999981768,0.19128175667981206
2023-04-27 00:00:00,29.935521000000005,29.83,0.18584090000014974,0.18649829583015032
2023-04-27 01:00:00,29.613150000000005,29.83,0.17540039999992185,0.17412532199992245
2023-04-27 02:00:00,29.420727000000007,29.83,0.18405110000005642,0.1815258855900557
2023-04-27 03:00:00,29.540679000000004,29.83,0.2049320999999696,0.20294446472996996
2023-04-27 04:00:00,30.761440500000003,29.83,0.27354110000011067,0.28208240938511414
2023-04-27 05:00:00,33.12424500000001,34.56,0.11854079999994721,0.11361616034994942
2023-04-27 06:00:00,35.209660500000005,34.56,0.09676799999991201,0.09858704939991036
2023-04-27 07:00:00,34.31251950000001,34.56,0.07948800000016346,0.07891879485016229
2023-04-27 08:00:00,30.928873500000005,29.83,0.05100929999981117,0.05288837368480423
2023-04-27 09:00:00,29.193318000000005,29.83,0.4760868000001367,0.46592535528013396
2023-04-27 10:00:00,29.137090500000003,29.83,0.4871238999999436,0.4758086878649449
2023-04-27 11:00:00,28.960911000000003,29.83,0.17003099999991317,0.16507719269991572
2023-04-27 12:00:00,28.734751500000005,29.83,0.32813000000010856,0.31608226650010457
2023-04-27 13:00:00,28.932172500000004,29.83,0.3534854999998481,0.3428462441248527
2023-04-27 14:00:00,29.193318000000005,29.83,0.2917374000000195,0.2855106500400192
2023-04-27 15:00:00,29.398236000000004,29.83,0.11544210000018666,0.11377117332018397
2023-04-27 16:00:00,30.15668250000001,29.83,0.19300009999998047,0.1951137357749803
2023-04-27 17:00:00,33.10925100000001,34.56,0.4862592000000529,0.4658471615700507
2023-04-27 18:00:00,36.59160750000001,34.56,0.2854656000000076,0.30224667795000804
2023-04-27 19:00:00,37.8061215,34.56,0.28788479999987177,0.31492499209485975
2023-04-27 20:00:00,35.048475,34.56,0.24088320000004027,0.24428787075004083
2023-04-27 21:00:00,33.039279,34.56,0.2256768000000855,0.21574649187008174
2023-04-27 22:00:00,30.055473000000006,29.83,0.17629529999983287,0.17762784542983165
2023-04-27 23:00:00,30.116698500000005,29.83,0.18255960000002386,0.18431419482002415
2023-04-28 00:00:00,28.984651500000005,29.83,0.2413247000000586,0.23448583063505699
2023-04-28 01:00:00,28.6572825,29.83,0.17748850000007596,0.170510830875073
2023-04-28 02:00:00,28.948416,29.83,0.1938949999998915,0.1881647039998947
2023-04-28 03:00:00,28.977154500000005,29.83,0.2586261000000564,0.25123192951505485
2023-04-28 04:00:00,29.3445075,29.83,0.33170960000002386,0.3263109234000235
2023-04-28 05:00:00,31.5836115,29.83,0.5512583999999869,0.5836651405199862
2023-04-28 06:00:00,32.839359,34.56,0.23950079999975862,0.22757675786977064
2023-04-28 07:00:00,33.212959500000004,34.56,0.12026880000029926,0.11558109906028757
2023-04-28 08:00:00,32.448265500000005,34.56,0.09780479999980891,0.09182859136482058
2023-04-28 09:00:00,31.509891000000007,29.83,0.11603870000003688,0.122573475990039
2023-04-28 10:00:00,30.633991500000008,29.83,0.035795999999967444,0.036760789799966574
2023-04-28 11:00:00,30.11919750000001,29.83,0.0029830000000651124,0.003011919750065745
2023-04-28 12:00:00,28.999645500000003,29.83,0.3045642999999197,0.296086380554922
2023-04-28 13:00:00,28.63729050000001,29.83,0.02953170000004775,0.02835091759504585
2023-04-28 14:00:00,28.488600000000005,29.83,0.0,0.0
2023-04-28 15:00:00,28.689769500000008,29.83,0.06264300000001086,0.06024851595001046
2023-04-28 16:00:00,29.893038000000004,29.83,0.1354281999999175,0.13571439251991738
2023-04-28 17:00:00,31.824765000000003,29.83,0.1998610000000217,0.21322592550002317
2023-04-28 18:00:00,32.36704800000001,34.56,0.25470720000002767,0.23854514376002597
2023-04-28 19:00:00,33.03678,34.56,0.27406079999988436,0.26198166539988943
2023-04-28 20:00:00,32.904333,34.56,0.2553984000001685,0.24316302087016042
2023-04-28 21:00:00,31.950964500000005,29.83,0.231779100000013,0.248258994165014
2023-04-28 22:00:00,30.547776,29.83,0.19598310000004557,0.20069888832004668
2023-04-28 23:00:00,31.81102050000001,29.83,0.18584089999987846,0.19818265771487045
2023-04-29 00:00:00,30.932622,30.97,0.2090475000000563,0.20879519850005626
2023-04-29 01:00:00,30.625245000000007,30.97,0.2505473000000608,0.2477582320500602
2023-04-29 02:00:00,30.487800000000004,30.97,0.23103620000002928,0.22743898800002885
2023-04-29 03:00:00,30.017988000000003,30.97,0.21369299999987607,0.20712411719987991
2023-04-29 04:00:00,30.2066625,30.97,0.4552590000000789,0.44403793875007697
2023-04-29 05:00:00,30.267888000000006,30.97,0.07432799999993239,0.07264293119993395
2023-04-29 06:00:00,31.03758,30.97,0.037163999999966196,0.03724509599996612
2023-04-29 07:00:00,31.81726800000001,30.97,0.0,0.0
2023-04-29 08:00:00,30.68896950000001,30.97,0.0,0.0
2023-04-29 09:00:00,30.311620500000004,30.97,0.07123100000014647,0.06971672715014336
2023-04-29 10:00:00,28.972156500000004,30.97,0.0,0.0
2023-04-29 11:00:00,27.64268850000001,26.52,0.0,0.0
2023-04-29 12:00:00,27.234102000000004,26.52,0.0,0.0
2023-04-29 13:00:00,25.639740000000003,26.52,0.0,0.0
2023-04-29 14:00:00,25.995847500000004,26.52,0.0,0.0
2023-04-29 15:00:00,27.36405,26.52,0.0,0.0
2023-04-29 16:00:00,27.98880000000001,26.52,0.003712800000032803,0.003918432000034621
2023-04-29 17:00:00,29.875545,30.97,0.060701199999972956,0.058556068199973915
2023-04-29 18:00:00,32.157132000000004,30.97,0.09105179999995944,0.09454196807995789
2023-04-29 19:00:00,32.293327500000004,30.97,0.07308919999996169,0.07621225289996007
2023-04-29 20:00:00,32.36205,30.97,0.06472729999994817,0.06763668449994585
2023-04-29 21:00:00,31.8085215,30.97,0.06689520000010817,0.0687064064401111
2023-04-29 22:00:00,31.11255000000001,30.97,0.04707440000001352,0.047291076000013595
2023-04-29 23:00:00,29.77308600000001,30.97,0.058223600000031545,0.055973401680030344
2023-04-30 00:00:00,28.749745500000003,30.97,0.04707439999973185,0.04369961315975107
2023-04-30 01:00:00,28.411131000000005,26.52,0.04031040000001157,0.043184919120012405
2023-04-30 02:00:00,28.065019500000005,26.52,0.04985760000002701,0.0527622366600286
2023-04-30 03:00:00,28.053774000000004,26.52,0.02201160000014279,0.02328463242015105
2023-04-30 04:00:00,28.397386500000003,26.52,0.0,0.0
2023-04-30 05:00:00,28.093758000000005,26.52,0.13790399999987457,0.14608754159986717
2023-04-30 06:00:00,27.613950000000003,26.52,0.0,0.0
2023-04-30 07:00:00,26.7393,26.52,0.0,0.0
2023-04-30 08:00:00,23.61555,26.52,0.0,0.0
2023-04-30 09:00:00,20.829165,18.88,0.0,0.0
2023-04-30 10:00:00,18.072768,18.88,0.0,0.0
2023-04-30 11:00:00,17.0797725,18.88,0.0,0.0
2023-04-30 12:00:00,16.7654935,18.88,0.0,0.0
2023-04-30 13:00:00,17.019855999999997,18.88,0.0,0.0
2023-04-30 14:00:00,17.5167405,18.88,0.0,0.0
2023-04-30 15:00:00,19.11735,18.88,0.0,0.0
2023-04-30 16:00:00,26.185771500000005,26.52,0.0,0.0
2023-04-30 17:00:00,30.732702000000003,30.97,0.05512659999996394,0.05470420955996423
2023-04-30 18:00:00,32.506992000000004,30.97,0.09043240000011492,0.09492041664012063
2023-04-30 19:00:00,32.811870000000006,30.97,0.08268989999994591,0.08760769289994272
2023-04-30 20:00:00,32.63694,30.97,0.05853330000009464,0.06168381660009974
2023-04-30 21:00:00,32.002194,30.97,0.07154069999992789,0.0739250681399255
2023-04-30 22:00:00,30.9513645,30.97,0.04738410000007662,0.04735558768507657
2023-04-30 23:00:00,31.100055000000005,30.97,0.056675099999997744,0.05691310064999775
2023-05-01 00:00:00,29.850555000000007,29.83,0.048921199999928375,0.04895491019992834
2023-05-01 01:00:00,29.299525500000005,29.83,0.04563990000007379,0.04482827401507249
2023-05-01 02:00:00,28.611051000000007,29.83,0.05787019999985241,0.05550543893985846
2023-05-01 03:00:00,28.274935500000005,29.83,0.03490110000005643,0.03308167453505349
2023-05-01 04:00:00,28.363650000000003,29.83,0.0,0.0
2023-05-01 05:00:00,28.258692000000003,29.83,0.02953170000004775,0.02797610508004524
2023-05-01 06:00:00,27.88884,29.83,0.025355500000010852,0.023705514000010145
2023-05-01 07:00:00,27.756393000000003,29.83,0.07606650000003255,0.0707788021500303
2023-05-01 08:00:00,27.868848000000007,29.83,0.0,0.0
2023-05-01 09:00:00,26.6505855,25.66,0.028225999999915985,0.029315644049912742
2023-05-01 10:00:00,25.863400500000004,25.66,0.0,0.0
2023-05-01 11:00:00,24.194068500000004,25.66,0.04901059999994959,0.046210670834952484
2023-05-01 12:00:00,21.7025655,25.66,0.1339451999999832,0.11328739190998578
2023-05-01 13:00:00,21.1153005,25.66,0.053116200000085885,0.043708672035070666
2023-05-01 14:00:00,22.5147405,25.66,0.053886000000009336,0.047280955050008185
2023-05-01 15:00:00,26.895487500000005,25.66,0.06928200000011202,0.07261781625011743
2023-05-01 16:00:00,29.310771000000003,29.83,0.10201859999989366,0.10024283681989551
2023-05-01 17:00:00,31.908481500000004,29.83,0.19508819999986327,0.20868146900985377
2023-05-01 18:00:00,32.941818000000005,34.56,0.23708160000020873,0.22598087148019896
2023-05-01 19:00:00,33.086760000000005,34.56,0.2543615999999573,0.24351855359995914
2023-05-01 20:00:00,32.576964000000004,34.56,0.23708159999989442,0.2234779730399005
2023-05-01 21:00:00,32.099655000000006,29.83,0.17331230000003905,0.18649899555004207
2023-05-01 22:00:00,31.24249800000001,29.83,0.17838339999998698,0.1868301380399864
2023-05-01 23:00:00,29.673126000000003,29.83,0.16853950000015192,0.16765316190015114
2023-05-02 00:00:00,28.06377,29.83,0.19001709999991534,0.17876621489992037
2023-05-02 01:00:00,27.77638500000001,29.83,0.19836949999998915,0.18471296024998995
2023-05-02 02:00:00,27.476505000000003,25.66,0.18475200000006534,0.19783083600007
2023-05-02 03:00:00,27.516489000000004,25.66,0.289958000000028,0.31093632570003005
2023-05-02 04:00:00,28.662280500000005,29.83,0.2565379999999023,0.2464956122999062
2023-05-02 05:00:00,31.244997000000005,29.83,0.008948999999924035,0.009373499099920433
2023-05-02 06:00:00,33.292927500000005,34.56,0.0,0.0
2023-05-02 07:00:00,34.2575415,34.56,0.0,0.0
2023-05-02 08:00:00,32.7356505,34.56,0.0,0.0
2023-05-02 09:00:00,31.8235155,29.83,0.0,0.0
2023-05-02 10:00:00,30.982602000000004,29.83,0.0,0.0
2023-05-02 11:00:00,29.670627000000007,29.83,0.0,0.0
2023-05-02 12:00:00,28.958412000000006,29.83,0.0,0.0
2023-05-02 13:00:00,28.153734000000004,29.83,0.04474500000016278,0.04223060100015364
2023-05-02 14:00:00,27.6102015,25.66,0.11803600000000934,0.12700692690001003
2023-05-02 15:00:00,28.263690000000004,29.83,0.46534799999984805,0.44091356399985615
2023-05-02 16:00:00,29.16707850000001,29.83,0.0029830000000651124,0.0029167078500636667
2023-05-02 17:00:00,32.034681,29.83,0.0662225999999262,0.07111699181992076
2023-05-02 18:00:00,33.61155,34.56,0.07292160000008298,0.07092037050008071
2023-05-02 19:00:00,35.218407000000006,34.56,0.08916479999993464,0.0908634900599334
2023-05-02 20:00:00,34.0726155,34.56,0.06635520000000251,0.06541942176000248
2023-05-02 21:00:00,32.864349000000004,34.56,0.062553600000171,0.05948447169016261
2023-05-02 22:00:00,31.878493500000005,29.83,0.05100929999981117,0.05451222388479821
2023-05-02 23:00:00,30.818917500000005,29.83,0.04474500000016278,0.046228376250168186
2023-05-03 00:00:00,30.1916685,29.83,0.060554899999856755,0.061289087054855015
2023-05-03 01:00:00,29.984251500000003,29.83,0.04474500000016278,0.044976377250163624
2023-05-03 02:00:00,29.58816000000001,29.83,0.057273600000002166,0.05680926720000217
2023-05-03 03:00:00,30.519037500000007,29.83,0.06681919999977645,0.0683626439997713
2023-05-03 04:00:00,31.352454000000005,29.83,0.030724900000019532,0.03229302762002054
2023-05-03 05:00:00,33.051774,34.56,0.028684800000186084,0.027432972420177962
2023-05-03 06:00:00,34.02388500000001,34.56,0.0,0.0
2023-05-03 07:00:00,32.999295000000004,34.56,0.003455999999761116,0.0032999294997719045
2023-05-03 08:00:00,31.125045000000007,29.83,0.2207420000002062,0.2303253330002152
2023-05-03 09:00:00,28.758492000000004,29.83,0.03281299999990233,0.031634341199905845
2023-05-03 10:00:00,27.883842000000005,29.83,0.0,0.0
2023-05-03 11:00:00,27.092908500000004,25.66,0.001283000000028005,0.0013546454250295693
2023-05-03 12:00:00,27.366549000000003,25.66,0.001283000000028005,0.0013683274500298679
2023-05-03 13:00:00,26.755543500000005,25.66,0.0,0.0
2023-05-03 14:00:00,26.551875000000003,25.66,0.005388599999930921,0.00557589374992852
2023-05-03 15:00:00,27.846357000000005,29.83,0.119021700000102,0.11110696443009525
2023-05-03 16:00:00,29.561920500000003,29.83,0.002088099999882797,0.002069334434883851
2023-05-03 17:00:00,32.873095500000005,34.56,0.04942080000001006,0.04700852656500958
2023-05-03 18:00:00,34.87104600000001,34.56,0.12614399999992457,0.12727931789992392
2023-05-03 19:00:00,38.806971,34.56,0.09676800000022633,0.10865951880025412
2023-05-03 20:00:00,33.89268750000001,34.56,0.07257600000001257,0.07117464375001235
2023-05-03 21:00:00,32.4807525,34.56,0.08017919999998994,0.07535534579999055
2023-05-03 22:00:00,31.703563500000005,29.83,0.04742969999989582,0.05040866596488929
2023-05-03 23:00:00,29.879293500000003,29.83,0.056677000000151925,0.05677065765015219
2023-05-04 00:00:00,29.268288,29.83,0.04295519999979815,0.04214633471980195
2023-05-04 01:00:00,29.133342000000003,29.83,0.04623650000019534,0.04515668010019078
2023-05-04 02:00:00,29.270787,29.83,0.05518549999984807,0.054150955949850914
2023-05-04 03:00:00,29.352004500000003,29.83,0.0331112999999631,0.0325807249949637
2023-05-04 04:00:00,30.730203000000007,29.83,0.07129370000014541,0.07344518517014982
2023-05-04 05:00:00,32.9868,34.56,0.0,0.0
2023-05-04 06:00:00,33.61155,34.56,0.0,0.0
2023-05-04 07:00:00,32.349555,34.56,0.0,0.0
2023-05-04 08:00:00,30.415329000000003,29.83,0.0,0.0
2023-05-04 09:00:00,28.613550000000004,29.83,0.0005965999998502411,0.0005722709998563483
2023-05-04 10:00:00,27.31407,25.66,0.004618800000007468,0.00491653260000795
2023-05-04 11:00:00,26.12204700000001,25.66,0.0,0.0
2023-05-04 12:00:00,24.891289500000003,25.66,0.0,0.0
2023-05-04 13:00:00,24.451465500000005,25.66,0.0,0.0
2023-05-04 14:00:00,25.524786,25.66,0.07544039999996639,0.07504287083996657
2023-05-04 15:00:00,27.22410600000001,25.66,0.050550200000029875,0.053631488820031714
2023-05-04 16:00:00,29.813070000000003,29.83,0.0056677000000694535,0.005664483300069415
2023-05-04 17:00:00,31.8085215,29.83,0.056975299999941394,0.06075427606493752
2023-05-04 18:00:00,32.6131995,34.56,0.10471679999995978,0.09881799448496204
2023-05-04 19:00:00,32.454513000000006,34.56,0.14169599999994972,0.13306350329995278
2023-05-04 20:00:00,31.708561500000005,29.83,0.06264300000001086,0.06658797915001155
2023-05-04 21:00:00,30.550275000000003,29.83,0.058466800000245255,0.05987853900025119
2023-05-04 22:00:00,29.12834400000001,29.83,0.044744999999891476,0.043692515999894044
2023-05-04 23:00:00,28.800975000000005,29.83,0.04683310000004558,0.04521753075004401
2023-05-05 00:00:00,27.588960000000004,25.66,0.04567479999997013,0.04910834879996789
2023-05-05 01:00:00,27.1753755,25.66,0.040799399999910384,0.04320884704490509
2023-05-05 02:00:00,27.302824500000007,25.66,0.04670120000017924,0.04969114059019072
2023-05-05 03:00:00,27.1753755,25.66,0.044648399999994405,0.04728515336999407
2023-05-05 04:00:00,28.303674,29.83,0.005965999999858922,0.005660734799866142
2023-05-05 05:00:00,30.01548900000001,29.83,0.0,0.0
2023-05-05 06:00:00,31.581112500000003,29.83,0.0,0.0
2023-05-05 07:00:00,31.200015,29.83,0.0,0.0
2023-05-05 08:00:00,29.523186000000003,29.83,0.0,0.0
2023-05-05 09:00:00,28.628544000000005,29.83,0.0,0.0
2023-05-05 10:00:00,27.481503,25.66,0.0,0.0
2023-05-05 11:00:00,27.169128000000008,25.66,0.0,0.0
2023-05-05 12:00:00,26.9904495,25.66,0.0,0.0
2023-05-05 13:00:00,27.226605000000003,25.66,0.0,0.0
2023-05-05 14:00:00,27.498996000000005,25.66,0.0,0.0
2023-05-05 15:00:00,28.758492000000004,29.83,0.0,0.0
2023-05-05 16:00:00,29.884291500000003,29.83,0.0011931999999717845,0.0011953716599717333
2023-05-05 17:00:00,31.46241,29.83,0.08650699999998915,0.09124098899998855
2023-05-05 18:00:00,32.429523,34.56,0.14100480000012322,0.13231245384011564
2023-05-05 19:00:00,33.432871500000005,34.56,0.1413503999998793,0.13674044443488326
2023-05-05 20:00:00,33.150484500000005,34.56,0.08087040000013077,0.07757213373012543
2023-05-05 21:00:00,31.807272,29.83,0.06294130000007163,0.06711334392007637
2023-05-05 22:00:00,30.280383000000004,29.83,0.05518549999984807,0.05601870854984578
2023-05-05 23:00:00,30.701464500000004,29.83,0.05458889999999783,0.056183680034997775
2023-05-06 00:00:00,29.815569000000007,30.97,0.06286910000013295,0.060525605070128004
2023-05-06 01:00:00,29.327014500000004,30.97,0.05264900000002253,0.049855924650021345
2023-05-06 02:00:00,28.825965000000004,30.97,0.060081799999846766,0.05592237209985739
2023-05-06 03:00:00,28.604803500000003,26.52,0.0156468000000521,0.016876834065056197
2023-05-06 04:00:00,28.825965000000004,30.97,0.13781649999990986,0.12827554424991613
2023-05-06 05:00:00,29.513190000000005,30.97,0.07277950000018027,0.06935599650017181
2023-05-06 06:00:00,29.740599000000003,30.97,0.05729449999984226,0.055020108149848534
2023-05-06 07:00:00,29.2545435,30.97,0.02942150000007887,0.0277918163250745
2023-05-06 08:00:00,29.02338600000001,30.97,0.0,0.0
2023-05-06 09:00:00,27.68017350000001,26.52,0.0,0.0
2023-05-06 10:00:00,26.666829000000007,26.52,0.0,0.0
2023-05-06 11:00:00,26.241999000000003,26.52,0.0,0.0
2023-05-06 12:00:00,24.334012500000004,26.52,0.0026520000000578876,0.002433401250053116
2023-05-06 13:00:00,23.61555,26.52,0.0,0.0
2023-05-06 14:00:00,25.259892000000004,26.52,0.013259999999807042,0.012629945999816213
2023-05-06 15:00:00,26.69431800000001,26.52,0.20499960000003664,0.20634707814003697
2023-05-06 16:00:00,28.651035000000007,26.52,0.03288479999994597,0.03552728339994164
2023-05-06 17:00:00,30.200415000000007,30.97,0.10127190000006986,0.09875535705006815
2023-05-06 18:00:00,30.868897500000003,30.97,0.1207830000001014,0.1203887002501011
2023-05-06 19:00:00,31.338709500000007,30.97,0.13936499999994367,0.14102419274994302
2023-05-06 20:00:00,30.9513645,30.97,0.11335019999999549,0.1132819940699955
2023-05-06 21:00:00,30.252894000000005,30.97,0.08826449999995493,0.086220747899956
2023-05-06 22:00:00,28.910931,30.97,0.061939999999943665,0.05782186199994741
2023-05-06 23:00:00,28.944667500000005,30.97,0.05419750000005633,0.05065316812505266
2023-05-07 00:00:00,28.134991500000005,26.52,0.05383560000011385,0.05711403274512079
2023-05-07 01:00:00,27.696417000000004,26.52,0.0469403999999151,0.04902265808991134
2023-05-07 02:00:00,27.802624500000007,26.52,0.04985760000002701,0.05226893406002834
2023-05-07 03:00:00,27.731403000000004,26.52,0.03235440000007911,0.033832311660082735
2023-05-07 04:00:00,27.872596500000004,26.52,0.0,0.0
2023-05-07 05:00:00,27.756393000000003,26.52,0.023867999999797395,0.02498075369978795
2023-05-07 06:00:00,27.597706500000005,26.52,0.0026520000000578876,0.0027597706500602404
2023-05-07 07:00:00,26.848006500000004,26.52,0.0,0.0
2023-05-07 08:00:00,25.814670000000003,26.52,0.0,0.0
2023-05-07 09:00:00,21.603855,18.88,0.1906880000000412,0.21819893550004715
2023-05-07 10:00:00,18.004045499999997,18.88,0.08118400000005493,0.07741739565005239
2023-05-07 11:00:00,17.363528,18.88,0.049276799999907965,0.045318808079915354
2023-05-07 12:00:00,17.256130499999998,18.88,0.0,0.0
2023-05-07 13:00:00,17.3646585,18.88,0.0,0.0
2023-05-07 14:00:00,19.297278,18.88,0.0,0.0
2023-05-07 15:00:00,24.442719,26.52,0.0,0.0
2023-05-07 16:00:00,26.860501500000005,26.52,0.020155200000005785,0.02041398114000587
2023-05-07 17:00:00,29.230803000000005,30.97,0.14493959999995268,0.13680015803995535
2023-05-07 18:00:00,29.783082,30.97,0.4670276000002231,0.44912887656021455
2023-05-07 19:00:00,30.668977500000004,30.97,0.7061159999999211,0.699252686999922
2023-05-07 20:00:00,30.490299000000004,30.97,0.5326840000000789,0.5244331428000777
2023-05-07 21:00:00,29.775585000000007,30.97,0.6587318999998445,0.6333266929498507
2023-05-07 22:00:00,29.3719965,30.97,0.6503700000001126,0.6168119265001069
2023-05-07 23:00:00,28.10375400000001,26.52,0.5526767999999556,0.5856822333599532
2023-05-08 00:00:00,27.85510350000001,29.83,0.6312027999999956,0.5894139900599962
2023-05-08 01:00:00,27.836361000000004,29.83,0.6144979999998481,0.5734290365998583
2023-05-08 02:00:00,27.755143500000003,29.83,0.39375600000018446,0.3663678942001717
2023-05-08 03:00:00,27.875095500000004,29.83,0.044744999999891476,0.0418126432498986
2023-05-08 04:00:00,28.727254500000004,29.83,0.13125200000015194,0.12639991980014634
2023-05-08 05:00:00,30.377844000000003,29.83,0.005965999999858922,0.006075568799856332
2023-05-08 06:00:00,32.293327500000004,34.56,0.0,0.0
2023-05-08 07:00:00,31.233751500000004,29.83,0.0,0.0
2023-05-08 08:00:00,29.864299500000005,29.83,0.0,0.0
2023-05-08 09:00:00,28.8422085,29.83,0.1780850999999262,0.1721879847449287
2023-05-08 10:00:00,27.568968000000005,25.66,0.026686400000069083,0.028671726720074224
2023-05-08 11:00:00,27.415279500000004,25.66,0.017192200000001868,0.018368237265002
2023-05-08 12:00:00,26.65433400000001,25.66,0.14420919999997386,0.1497973570799729
2023-05-08 13:00:00,26.625595500000006,25.66,0.02566000000009335,0.026625595500096872
2023-05-08 14:00:00,27.11415,25.66,0.19245,0.203356125
2023-05-08 15:00:00,27.8650995,29.83,0.010738800000017364,0.01003143582001622
2023-05-08 16:00:00,29.494447500000003,29.83,0.030724900000019532,0.03037928092501932
2023-05-08 17:00:00,31.117548000000003,29.83,0.12260130000001736,0.12789312228001812
2023-05-08 18:00:00,33.973905,34.56,0.14169599999994972,0.13929301049995058
2023-05-08 19:00:00,33.4128795,34.56,0.13305600000007545,0.12863958607507295
2023-05-08 20:00:00,32.61070050000001,34.56,0.08847359999979382,0.08348339327980546
2023-05-08 21:00:00,31.43242200000001,29.83,0.0527991000001758,0.055635386940185265
2023-05-08 22:00:00,29.785581,29.83,0.051307599999871945,0.051231199319872134
2023-05-08 23:00:00,29.358252000000004,29.83,0.05369400000008682,0.05284485360008545
2023-05-09 00:00:00,28.303674,29.83,0.050711000000021704,0.0481162458000206
2023-05-09 01:00:00,27.938820000000003,29.83,0.06264300000001086,0.058671522000010176
2023-05-09 02:00:00,27.885091500000005,29.83,0.04772799999995659,0.044616146399959436
2023-05-09 03:00:00,28.020037500000004,29.83,0.19807119999992837,0.18605304899993275
2023-05-09 04:00:00,28.9196775,29.83,0.4820527999999956,0.4673419883999958
2023-05-09 05:00:00,31.309971000000004,29.83,0.011931999999989147,0.012523988399988611
2023-05-09 06:00:00,32.487,34.56,0.0,0.0
2023-05-09 07:00:00,32.097156000000005,29.83,0.0,0.0
2023-05-09 08:00:00,30.482802000000003,29.83,0.0,0.0
2023-05-09 09:00:00,28.468608000000003,29.83,0.0,0.0
2023-05-09 10:00:00,26.233252500000003,25.66,0.0,0.0
2023-05-09 11:00:00,25.584762000000005,25.66,0.0,0.0
2023-05-09 12:00:00,25.103704500000003,25.66,0.0,0.0
2023-05-09 13:00:00,25.900885500000005,25.66,0.0,0.0
2023-05-09 14:00:00,27.464010000000005,25.66,0.0,0.0
2023-05-09 15:00:00,27.918828,29.83,0.0,0.0
2023-05-09 16:00:00,29.87054700000001,29.83,0.0,0.0
2023-05-09 17:00:00,31.904733000000004,29.83,0.05309739999996527,0.05679042473996287
2023-05-09 18:00:00,32.603203500000006,34.56,0.09918720000009053,0.09357119404508542
2023-05-09 19:00:00,32.4932475,34.56,0.11404799999997486,0.10722771674997636
2023-05-09 20:00:00,31.233751500000004,29.83,0.06353789999992186,0.0665278906949182
2023-05-09 21:00:00,30.446566500000007,29.83,0.06323960000013239,0.06454672098013514
2023-05-09 22:00:00,28.604803500000003,29.83,0.04772799999995659,0.04576768559995838
2023-05-09 23:00:00,29.212060500000003,29.83,0.05846679999997395,0.057255638579974504
2023-05-10 00:00:00,28.6197975,29.83,0.05190419999999349,0.049798447649993756
2023-05-10 01:00:00,28.411131000000005,29.83,0.04981610000011069,0.047446588770105436
2023-05-10 02:00:00,28.13749050000001,29.83,0.05518549999984807,0.05205435742485671
2023-05-10 03:00:00,28.41238050000001,29.83,0.05160589999993271,0.04915341826493593
2023-05-10 04:00:00,28.63604100000001,29.83,0.1655565000000868,0.1589300275500834
2023-05-10 05:00:00,30.808921500000007,29.83,0.08949000000005425,0.09242676450005606
2023-05-10 06:00:00,32.437020000000004,34.56,0.0,0.0
2023-05-10 07:00:00,33.9864,34.56,0.0,0.0
2023-05-10 08:00:00,31.140039000000005,29.83,0.0,0.0
2023-05-10 09:00:00,30.599005500000004,29.83,0.0,0.0
2023-05-10 10:00:00,29.980503,29.83,0.0,0.0
2023-05-10 11:00:00,29.4669585,29.83,0.0,0.0
2023-05-10 12:00:00,28.977154500000005,29.83,0.0,0.0
2023-05-10 13:00:00,28.828464000000004,29.83,0.0,0.0
2023-05-10 14:00:00,29.400735,29.83,0.0,0.0
2023-05-10 15:00:00,30.852654000000005,29.83,0.0,0.0
2023-05-10 16:00:00,32.04717600000001,29.83,0.0,0.0
2023-05-10 17:00:00,32.41078050000001,34.56,0.05114880000004778,0.04796795514004482
2023-05-10 18:00:00,34.908531,34.56,0.10333439999999247,0.10437650768999239
2023-05-10 19:00:00,35.79692550000001,34.56,0.12407039999981645,0.1285109625448099
2023-05-10 20:00:00,34.16133000000001,34.56,0.06531840000010561,0.0645649137001044
2023-05-10 21:00:00,32.0609205,29.83,0.04921949999998915,0.05290051882498834
2023-05-10 22:00:00,31.092558000000004,29.83,0.05995830000000651,0.0624960415800068
2023-05-10 23:00:00,29.86305,29.83,0.04623649999992403,0.04628772749992395
2023-05-11 00:00:00,29.480703,29.83,0.05578210000024091,0.05512891461023809
2023-05-11 01:00:00,29.363250000000004,29.83,0.04385009999998046,0.043163977499980785
2023-05-11 02:00:00,29.523186000000003,29.83,0.04772799999995659,0.04723709759995704
2023-05-11 03:00:00,29.600655000000003,29.83,0.03877900000003256,0.03848085150003231
2023-05-11 04:00:00,30.3915885,29.83,0.008948999999924035,0.009117476549922605
2023-05-11 05:00:00,32.50074450000001,34.56,0.0,0.0
2023-05-11 06:00:00,35.90188350000001,34.56,0.0,0.0
2023-05-11 07:00:00,38.332161,34.56,0.0,0.0
2023-05-11 08:00:00,34.295026500000006,34.56,0.0,0.0
2023-05-11 09:00:00,33.2004645,34.56,0.003456000000075438,0.00332004645007247
2023-05-11 10:00:00,31.836010500000004,29.83,0.0,0.0
2023-05-11 11:00:00,30.429073500000005,29.83,0.0,0.0
2023-05-11 12:00:00,29.864299500000005,29.83,0.0,0.0
2023-05-11 13:00:00,29.784331500000004,29.83,0.042060299999887134,0.04199590741488732
2023-05-11 14:00:00,31.051324500000003,29.83,0.0,0.0
2023-05-11 15:00:00,31.554873000000004,29.83,0.07845289999997612,0.08298931598997475
2023-05-11 16:00:00,31.7710365,29.83,0.15392280000015843,0.16393854834016874
2023-05-11 17:00:00,32.8156185,34.56,0.07845119999995223,0.07449145399495463
2023-05-11 18:00:00,35.7357,34.56,0.10471679999995978,0.1082791709999584
2023-05-11 19:00:00,33.96141000000001,34.56,0.14169599999994972,0.1392417809999506
2023-05-11 20:00:00,32.162130000000005,29.83,0.06264300000001086,0.06754047300001172
2023-05-11 21:00:00,31.6111005,29.83,0.05846679999997395,0.0619577569799724
2023-05-11 22:00:00,30.070467000000004,29.83,0.04504329999995225,0.04540640516995187
2023-05-11 23:00:00,29.679373500000004,29.83,0.046534799999984805,0.04629982265998489
2023-05-12 00:00:00,28.682272500000003,29.83,0.053395700000026046,0.051341267775025054
2023-05-12 01:00:00,28.593558000000005,29.83,0.047429700000167115,0.04546375722016021
2023-05-12 02:00:00,28.613550000000004,29.83,0.05399229999987628,0.051790525499881335
2023-05-12 03:00:00,28.718508000000007,29.83,0.05190419999999349,0.049970203919993746
2023-05-12 04:00:00,29.736850500000006,29.83,0.006264299999919695,0.006244738604919947
2023-05-12 05:00:00,31.98595050000001,29.83,0.0,0.0
2023-05-12 06:00:00,33.61155,34.56,0.0,0.0
2023-05-12 07:00:00,34.608651,34.56,0.0,0.0
2023-05-12 08:00:00,31.524885000000005,29.83,0.0,0.0
2023-05-12 09:00:00,30.062970000000004,29.83,0.0,0.0
2023-05-12 10:00:00,29.54817600000001,29.83,0.0,0.0
2023-05-12 11:00:00,27.791379000000006,29.83,0.0,0.0
2023-05-12 12:00:00,26.947966500000003,25.66,0.0,0.0
2023-05-12 13:00:00,26.483152500000006,25.66,0.0,0.0
2023-05-12 14:00:00,26.850505500000008,25.66,0.0,0.0
2023-05-12 15:00:00,27.481503,25.66,0.0,0.0
2023-05-12 16:00:00,29.114599500000008,29.83,0.0008949000001823151,0.0008734379851779429
2023-05-12 17:00:00,30.860151000000005,29.83,0.08650699999998915,0.08949443789998879
2023-05-12 18:00:00,32.639439,34.56,0.14100479999980892,0.13316891111981952
2023-05-12 19:00:00,32.984301,34.56,0.14135040000019364,0.1349057910901848
2023-05-12 20:00:00,32.1109005,29.83,0.06980219999984157,0.07513950716982945
2023-05-12 21:00:00,30.010491000000005,29.83,0.06294130000007163,0.06332213601007207
2023-05-12 22:00:00,29.59065900000001,29.83,0.055185500000119375,0.054742719150118434
2023-05-12 23:00:00,30.4765545,29.83,0.0548871999997873,0.05607686027978269
2023-05-13 00:00:00,29.860551000000005,30.97,0.06255940000006985,0.06031831302006736
2023-05-13 01:00:00,29.3445075,30.97,0.05264900000002253,0.049885662750021355
2023-05-13 02:00:00,29.681872500000008,30.97,0.060081800000128444,0.057582832650123116
2023-05-13 03:00:00,29.799325500000005,30.97,0.018272299999779168,0.017581602044787523
2023-05-13 04:00:00,29.885541000000003,30.97,0.13781650000019155,0.13299065745018485
2023-05-13 05:00:00,29.483202,30.97,0.07277949999989859,0.06928552469990346
2023-05-13 06:00:00,29.20331400000001,30.97,0.057294500000123934,0.05402613090011688
2023-05-13 07:00:00,29.172076500000003,30.97,0.029421499999797197,0.027713472674808975
2023-05-13 08:00:00,28.498596000000003,26.52,0.0,0.0
2023-05-13 09:00:00,26.501895,26.52,0.0,0.0
2023-05-13 10:00:00,21.131544,18.88,0.0,0.0
2023-05-13 11:00:00,19.3085235,18.88,0.0,0.0
2023-05-13 12:00:00,18.0615225,18.88,0.0018880000000412109,0.0018061522500394246
2023-05-13 13:00:00,18.000297,18.88,0.0,0.0
2023-05-13 14:00:00,18.1389915,18.88,0.009628800000072806,0.009250885665069949
2023-05-13 15:00:00,20.831664,18.88,0.14575359999998763,0.16082044607998636
2023-05-13 16:00:00,27.021687000000007,26.52,0.03288479999994597,0.03350689187994496
2023-05-13 17:00:00,30.610251000000005,30.97,0.10127190000006986,0.10009552077006907
2023-05-13 18:00:00,31.252494,30.97,0.12078299999981973,0.1218847265998181
2023-05-13 19:00:00,32.277084,30.97,0.13967470000000676,0.14556964884000706
2023-05-13 20:00:00,31.66607850000001,30.97,0.11335019999999549,0.11589784730999542
2023-05-13 21:00:00,31.107552,30.97,0.08826450000023661,0.08865652320023765
2023-05-13 22:00:00,30.484051500000003,30.97,0.061939999999943665,0.060968102999944554
2023-05-13 23:00:00,30.15918150000001,30.97,0.05419750000005633,0.05277856762505488
2023-05-14 00:00:00,29.635641000000003,30.97,0.06255939999978818,0.05986399481979732
2023-05-14 01:00:00,29.150835000000004,30.97,0.05512659999996394,0.05188848629996607
2023-05-14 02:00:00,28.10750250000001,26.52,0.04985760000002701,0.05284210470002865
2023-05-14 03:00:00,28.274935500000005,26.52,0.03208920000002508,0.03421267195502675
2023-05-14 04:00:00,29.248296000000007,30.97,0.0,0.0
2023-05-14 05:00:00,27.530233500000005,26.52,0.02386800000003859,0.024777210150040068
2023-05-14 06:00:00,26.598106500000007,26.52,0.0029172000001119157,0.0029257917151122464
2023-05-14 07:00:00,26.825515500000005,26.52,0.0,0.0
2023-05-14 08:00:00,24.227805000000004,26.52,0.0,0.0
2023-05-14 09:00:00,20.5030455,18.88,0.19068799999986952,0.20708075954985827
2023-05-14 10:00:00,19.1036055,18.88,0.08118400000005493,0.08214550365005562
2023-05-14 11:00:00,18.5838135,18.88,0.018880000000068686,0.01858381350006761
2023-05-14 12:00:00,17.5992075,18.88,0.005475199999913457,0.005103770174919328
2023-05-14 13:00:00,17.388042,18.88,0.0,0.0
2023-05-14 14:00:00,17.590461,18.88,0.0,0.0
2023-05-14 15:00:00,21.4026855,18.88,0.0,0.0
2023-05-14 16:00:00,28.676025000000006,26.52,0.01591200000010613,0.01720561500011476
2023-05-14 17:00:00,30.5665185,30.97,0.08981299999998874,0.08864290364998889
2023-05-14 18:00:00,31.86225,30.97,0.13100309999993015,0.13477731749992813
2023-05-14 19:00:00,33.2529435,30.97,0.14617839999992338,0.15695389331991774
2023-05-14 20:00:00,33.360400500000004,30.97,0.08454810000004281,0.09107389336504614
2023-05-14 21:00:00,32.25459300000001,30.97,0.057294500000123934,0.059670997050129085
2023-05-14 22:00:00,30.852654000000005,30.97,0.059462400000002254,0.05923709568000225
2023-05-14 23:00:00,32.242098000000006,30.97,0.051719899999833244,0.05384430365982642
2023-05-15 00:00:00,30.813919500000004,29.83,0.06115149999997829,0.06316853497497758
2023-05-15 01:00:00,30.305373000000007,29.83,0.04981610000011069,0.05060997291011247
2023-05-15 02:00:00,30.9713565,29.83,0.050711000000021704,0.05265130605002253
2023-05-15 03:00:00,30.866398500000003,29.83,0.05548379999990884,0.05741150120990568
2023-05-15 04:00:00,33.1304925,34.56,0.020736000000138304,0.019878295500132585
2023-05-15 05:00:00,36.2392485,34.56,0.0,0.0
2023-05-15 06:00:00,38.45836049999999,34.56,0.0,0.0
2023-05-15 07:00:00,36.00059400000001,34.56,0.0,0.0
2023-05-15 08:00:00,32.96305950000001,34.56,0.0,0.0
2023-05-15 09:00:00,30.560271000000004,29.83,0.0,0.0
2023-05-15 10:00:00,29.815569000000007,29.83,0.0,0.0
2023-05-15 11:00:00,29.207062500000006,29.83,0.0,0.0
2023-05-15 12:00:00,28.709761500000003,29.83,0.0,0.0
2023-05-15 13:00:00,28.541079000000003,29.83,0.0,0.0
2023-05-15 14:00:00,28.681023000000003,29.83,0.0,0.0
2023-05-15 15:00:00,28.787230500000003,29.83,0.0,0.0
2023-05-15 16:00:00,29.869297500000005,29.83,0.0,0.0
2023-05-15 17:00:00,32.092158000000005,29.83,0.045639899999802495,0.04910100173978752
2023-05-15 18:00:00,32.984301,34.56,0.10022399999998743,0.095654472899988
2023-05-15 19:00:00,33.8352105,34.56,0.09711360000029673,0.0950769415052905
2023-05-15 20:00:00,32.870596500000005,34.56,0.09884159999970579,0.09400990598972019
2023-05-15 21:00:00,31.18627050000001,29.83,0.050711000000021704,0.053016659850022706
2023-05-15 22:00:00,29.08711050000001,29.83,0.05578210000024091,0.05439289663523494
2023-05-15 23:00:00,27.234102000000004,25.66,0.04644459999989358,0.04929372461988706
2023-05-16 00:00:00,26.501895,25.66,0.04156920000006721,0.04293306990006942
2023-05-16 01:00:00,26.1157995,25.66,0.05234639999992905,0.05327623097992779
2023-05-16 02:00:00,25.309872,25.66,0.041825799999886115,0.04125509135988766
2023-05-16 03:00:00,25.602255000000007,25.66,0.01616580000002614,0.016129420650026084
2023-05-16 04:00:00,26.663080500000003,25.66,0.27712799999998133,0.2879612693999806
2023-05-16 05:00:00,29.8343115,29.83,0.03579600000023874,0.03580117380023878
2023-05-16 06:00:00,31.736050500000005,29.83,0.0,0.0
2023-05-16 07:00:00,32.304573000000005,34.56,0.0,0.0
2023-05-16 08:00:00,30.216658500000005,29.83,0.0,0.0
2023-05-16 09:00:00,27.7101615,25.66,0.0,0.0
2023-05-16 10:00:00,26.86425,25.66,0.0,0.0
2023-05-16 11:00:00,25.719708,25.66,0.0,0.0
2023-05-16 12:00:00,23.876695500000004,25.66,0.0,0.0
2023-05-16 13:00:00,20.0232375,25.66,0.0,0.0
2023-05-16 14:00:00,18.9411705,25.66,0.0,0.0
2023-05-16 15:00:00,22.769638500000003,25.66,0.0,0.0
2023-05-16 16:00:00,26.614350000000005,25.66,0.0,0.0
2023-05-16 17:00:00,28.293678000000007,29.83,0.04086709999991535,0.038762338859919726
2023-05-16 18:00:00,30.487800000000004,29.83,0.08143590000004122,0.08323169400004217
2023-05-16 19:00:00,31.123795500000003,29.83,0.0775579999997938,0.08092186829978487
2023-05-16 20:00:00,30.677724000000005,29.83,0.05608040000003039,0.057674121120031265
2023-05-16 21:00:00,30.4865505,29.83,0.0662226000001975,0.06768014211020186
2023-05-16 22:00:00,29.5169385,29.83,0.050711000000021704,0.05017879545002147
2023-05-16 23:00:00,27.070417500000005,25.66,0.044904999999813296,0.047373230624803045
2023-05-17 00:00:00,26.16328050000001,25.66,0.04747100000010269,0.04840206892510472
2023-05-17 01:00:00,26.1957675,25.66,0.04387860000007095,0.04479476242507243
2023-05-17 02:00:00,26.114550000000005,25.66,0.053886000000009336,0.05484055500000951
2023-05-17 03:00:00,26.429424000000004,25.66,0.034897599999874906,0.035944016639871165
2023-05-17 04:00:00,27.342808500000004,25.66,0.011033799999914119,0.011757407654908488
2023-05-17 05:00:00,30.50779200000001,29.83,0.0,0.0
2023-05-17 06:00:00,31.509891000000007,29.83,0.0,0.0
2023-05-17 07:00:00,31.1113005,29.83,0.0,0.0
2023-05-17 08:00:00,29.200815,29.83,0.0,0.0
2023-05-17 09:00:00,26.874246000000003,25.66,0.0,0.0
2023-05-17 10:00:00,24.6663795,25.66,0.0,0.0
2023-05-17 11:00:00,20.8129215,25.66,0.0,0.0
2023-05-17 12:00:00,19.319769,25.66,0.0,0.0
2023-05-17 13:00:00,18.4388715,25.66,0.0,0.0
2023-05-17 14:00:00,18.6262965,25.66,0.0,0.0
2023-05-17 15:00:00,23.264440500000003,25.66,0.0,0.0
2023-05-17 16:00:00,27.250345500000005,25.66,0.0,0.0
2023-05-17 17:00:00,30.131692500000003,29.83,0.04265690000000868,0.04308832027500878
2023-05-17 18:00:00,32.310820500000005,34.56,0.09434880000004778,0.08820853996504469
2023-05-17 19:00:00,34.048875,34.56,0.12234240000009304,0.12053301750009167
2023-05-17 20:00:00,33.631542,34.56,0.0656639999998617,0.06389992979986542
2023-05-17 21:00:00,31.237500000000004,29.83,0.058466800000245255,0.06122550000025684
2023-05-17 22:00:00,30.230403000000003,29.83,0.056080399999759084,0.056833157639755855
2023-05-17 23:00:00,29.936770500000005,29.83,0.04951780000004992,0.04969503903005011
2023-05-18 00:00:00,29.406982500000005,29.83,0.06443280000010418,0.06351908220010272
2023-05-18 01:00:00,28.518588000000005,29.83,0.04862289999986761,0.04648529843987343
2023-05-18 02:00:00,28.614799500000004,29.83,0.05787020000012372,0.055512711030118685
2023-05-18 03:00:00,29.479453500000005,29.83,0.052799099999904495,0.052178632694905636
2023-05-18 04:00:00,29.921776500000007,29.83,0.020881000000184488,0.02094524355018506
2023-05-18 05:00:00,29.915529000000003,29.83,0.0,0.0
2023-05-18 06:00:00,29.217058500000004,29.83,0.0,0.0
2023-05-18 07:00:00,28.649785500000007,29.83,0.0,0.0
2023-05-18 08:00:00,27.406533000000007,25.66,0.0,0.0
2023-05-18 09:00:00,26.371947,25.66,0.0,0.0
2023-05-18 10:00:00,25.493548500000003,25.66,0.0,0.0
2023-05-18 11:00:00,25.2236565,25.66,0.0,0.0
2023-05-18 12:00:00,22.805874000000003,25.66,0.0,0.0
2023-05-18 13:00:00,21.0428295,25.66,0.0,0.0
2023-05-18 14:00:00,22.750896000000004,25.66,0.0,0.0
2023-05-18 15:00:00,26.309472000000007,25.66,0.0,0.0
2023-05-18 16:00:00,27.937570500000007,29.83,0.009247299999984806,0.008660646854985772
2023-05-18 17:00:00,30.247896,29.83,0.029829999999837216,0.030247895999834937
2023-05-18 18:00:00,31.803523500000004,29.83,0.07427669999993923,0.07919077351493523
2023-05-18 19:00:00,33.095506500000006,34.56,0.12476160000027159,0.1194747784652601
2023-05-18 20:00:00,32.009691000000004,29.83,0.068310699999809,0.07330219238979506
2023-05-18 21:00:00,31.063819500000005,29.83,0.06323960000013239,0.06585529734013788
2023-05-18 22:00:00,29.708112000000007,29.83,0.0590633999998242,0.05882206175982493
2023-05-18 23:00:00,28.990899,29.83,0.050711000000021704,0.04928452830002109
2023-05-19 00:00:00,27.763890000000007,29.83,0.06562600000007597,0.061080558000070714
2023-05-19 01:00:00,27.392788500000005,25.66,0.043622000000018674,0.046567740450019934
2023-05-19 02:00:00,26.992948500000004,25.66,0.046701199999945854,0.049127166269943054
2023-05-19 03:00:00,27.883842000000005,29.83,0.044148400000041235,0.041268086160038554
2023-05-19 04:00:00,29.779333500000003,29.83,0.04176200000009767,0.04169106690009751
2023-05-19 05:00:00,31.237500000000004,29.83,0.0,0.0
2023-05-19 06:00:00,31.10880150000001,29.83,0.0,0.0
2023-05-19 07:00:00,30.612750000000005,29.83,0.0,0.0
2023-05-19 08:00:00,29.099605500000003,29.83,0.005965999999858922,0.0058199210998623775
2023-05-19 09:00:00,26.16078150000001,25.66,0.05183320000005787,0.05284477863005902
2023-05-19 10:00:00,24.935022000000004,25.66,0.040542800000091486,0.03939733476008891
2023-05-19 11:00:00,24.9787545,25.66,0.0,0.0
2023-05-19 12:00:00,24.5889105,25.66,0.0,0.0
2023-05-19 13:00:00,24.606403500000003,25.66,0.0,0.0
2023-05-19 14:00:00,25.317369000000006,25.66,0.007954599999986931,0.007848384389987108
2023-05-19 15:00:00,26.383192500000003,25.66,0.01000739999993839,0.010289445074936654
2023-05-19 16:00:00,28.2624405,29.83,0.01491500000005426,0.014131220250051408
2023-05-19 17:00:00,30.321616500000005,29.83,0.0775579999997938,0.07883620289979042
2023-05-19 18:00:00,31.898485500000003,29.83,0.09843900000024959,0.10526500215026692
2023-05-19 19:00:00,31.85350350000001,29.83,0.12677749999978294,0.1353773898747683
2023-05-19 20:00:00,30.490299000000004,29.83,0.07904950000009767,0.08079929235009985
2023-05-19 21:00:00,29.83681050000001,29.83,0.07099540000008464,0.07101160899008468
2023-05-19 22:00:00,28.086261000000004,29.83,0.057273600000002166,0.05392562112000206
2023-05-19 23:00:00,27.206613000000004,25.66,0.046957799999998134,0.04978810178999803
2023-05-20 00:00:00,26.614350000000005,26.52,0.05012279999983984,0.050301121499839285
2023-05-20 01:00:00,25.87464600000001,26.52,0.04084080000011963,0.03984695484011674
2023-05-20 02:00:00,25.59350850000001,26.52,0.05410079999992668,0.05221075733992926
2023-05-20 03:00:00,25.496047500000007,26.52,0.20685599999993248,0.19886917049993513
2023-05-20 04:00:00,25.577265000000004,26.52,0.0026520000000578876,0.0025577265000558303
2023-05-20 05:00:00,25.124946000000005,26.52,0.0,0.0
2023-05-20 06:00:00,25.17242700000001,26.52,0.0,0.0
2023-05-20 07:00:00,24.835062000000004,26.52,0.0,0.0
2023-05-20 08:00:00,22.371048,18.88,0.0,0.0
2023-05-20 09:00:00,17.922828,18.88,0.0,0.0
2023-05-20 10:00:00,17.403036,18.88,0.0,0.0
2023-05-20 11:00:00,17.2063885,18.88,0.0,0.0
2023-05-20 12:00:00,17.2244765,18.88,0.0,0.0
2023-05-20 13:00:00,17.3578755,18.88,0.0,0.0
2023-05-20 14:00:00,17.368049999999997,18.88,0.0,0.0
2023-05-20 15:00:00,17.532984,18.88,0.00566399999995192,0.0052598951999553506
2023-05-20 16:00:00,20.609253,18.88,0.16255680000014835,0.17744566833016193
2023-05-20 17:00:00,24.075366,26.52,0.11244479999999421,0.10207955183999473
2023-05-20 18:00:00,27.169128000000008,26.52,0.08486399999992282,0.08694120959992095
2023-05-20 19:00:00,28.324915500000003,26.52,0.09838920000002509,0.1050854365050268
2023-05-20 20:00:00,27.496497000000005,26.52,0.07982519999986107,0.08276445596985597
2023-05-20 21:00:00,27.189120000000003,26.52,0.0644436000001042,0.06606956160010684
2023-05-20 22:00:00,26.491899000000004,26.52,0.04906200000010613,0.04901001315010602
2023-05-20 23:00:00,23.890440000000005,26.52,0.04561439999988615,0.04109155679989745
2023-05-21 00:00:00,22.371048,18.88,0.03455039999999863,0.04093901783999837
2023-05-21 01:00:00,21.601356,18.88,0.03209600000001374,0.036722305200015716
2023-05-21 02:00:00,20.961612,18.88,0.037759999999965654,0.04192322399996187
2023-05-21 03:00:00,21.1103025,18.88,0.00566399999995192,0.006333090749946241
2023-05-21 04:00:00,20.899137,18.88,0.0,0.0
2023-05-21 05:00:00,21.2152605,18.88,0.0,0.0
2023-05-21 06:00:00,20.8104225,18.88,0.0,0.0
2023-05-21 07:00:00,19.86705,18.88,0.0,0.0
2023-05-21 08:00:00,17.635443,18.88,0.0,0.0
2023-05-21 09:00:00,17.368049999999997,18.88,0.0,0.0
2023-05-21 10:00:00,17.313785999999997,18.88,0.0,0.0
2023-05-21 11:00:00,16.472694,18.88,0.0,0.0
2023-05-21 12:00:00,14.5384085,18.88,0.0,0.0
2023-05-21 13:00:00,12.6911715,18.88,0.0,0.0
2023-05-21 14:00:00,15.154531,18.88,0.0,0.0
2023-05-21 15:00:00,17.321699499999998,18.88,0.0,0.0
2023-05-21 16:00:00,17.645439,18.88,0.0,0.0
2023-05-21 17:00:00,22.533483000000004,18.88,0.016992000000027475,0.020280134700032794
2023-05-21 18:00:00,28.0500255,26.52,0.07796879999996527,0.08246707496996326
2023-05-21 19:00:00,28.722256500000004,26.52,0.09706319999999614,0.10512345878999585
2023-05-21 20:00:00,28.7385,26.52,0.07956000000004824,0.08621550000005228
2023-05-21 21:00:00,28.606053000000003,26.52,0.07425600000017366,0.08009694840018733
2023-05-21 22:00:00,27.801375000000004,26.52,0.04720559999996913,0.04948644749996764
2023-05-21 23:00:00,28.399885500000007,26.52,0.04773599999983598,0.05111979389982437
2023-05-22 00:00:00,27.371547000000003,25.66,0.05183320000005787,0.05529052494006175
2023-05-22 01:00:00,27.152884500000003,25.66,0.04208239999993839,0.04453073057993481
2023-05-22 02:00:00,27.089160000000007,25.66,0.05183320000005787,0.05472010320006111
2023-05-22 03:00:00,27.489000000000004,25.66,0.031818399999947726,0.034086359999944006
2023-05-22 04:00:00,29.741848500000003,29.83,0.011931999999989147,0.01189673939998918
2023-05-22 05:00:00,31.834761,29.83,0.0,0.0
2023-05-22 06:00:00,32.36205,34.56,0.0,0.0
2023-05-22 07:00:00,31.539879000000003,29.83,0.0,0.0
2023-05-22 08:00:00,30.40158450000001,29.83,0.0,0.0
2023-05-22 09:00:00,28.609801500000003,29.83,0.0,0.0
2023-05-22 10:00:00,27.1628805,25.66,0.0,0.0
2023-05-22 11:00:00,25.912131,25.66,0.0,0.0
2023-05-22 12:00:00,25.497297000000003,25.66,0.0,0.0
2023-05-22 13:00:00,25.865899500000005,25.66,0.0,0.0
2023-05-22 14:00:00,26.390689500000004,25.66,0.0,0.0
2023-05-22 15:00:00,27.89633700000001,29.83,0.0,0.0
2023-05-22 16:00:00,30.0467265,29.83,0.0,0.0
2023-05-22 17:00:00,31.18127250000001,29.83,0.11037099999996745,0.11537070824996601
2023-05-22 18:00:00,35.393337,34.56,0.10264320000016597,0.10511821089016998
2023-05-22 19:00:00,37.1813715,34.56,0.11681279999990948,0.1256730356699026
2023-05-22 20:00:00,32.99179800000001,34.56,0.1071360000001383,0.10227457380013207
2023-05-22 21:00:00,31.153783500000007,29.83,0.09396449999988063,0.09813441802487535
2023-05-22 22:00:00,30.044227500000005,29.83,0.0590634000000955,0.0594875704500962
2023-05-22 23:00:00,28.787230500000003,29.83,0.0641345000000434,0.061892545575041896
2023-05-23 00:00:00,27.190369500000003,25.66,0.04387859999983757,0.046495531844827895
2023-05-23 01:00:00,27.000445500000005,25.66,0.05029360000021098,0.052920873180222004
2023-05-23 02:00:00,26.062071000000003,25.66,0.0436219999997853,0.044305520699781935
2023-05-23 03:00:00,26.114550000000005,25.66,0.02309400000003734,0.02350309500003801
2023-05-23 04:00:00,27.194118000000007,25.66,0.005388600000164298,0.005710764780174122
2023-05-23 05:00:00,29.999245500000004,29.83,0.0,0.0
2023-05-23 06:00:00,30.5365305,29.83,0.0,0.0
2023-05-23 07:00:00,29.988000000000007,29.83,0.0,0.0
2023-05-23 08:00:00,28.84720650000001,29.83,0.0,0.0
2023-05-23 09:00:00,27.938820000000003,29.83,0.0,0.0
2023-05-23 10:00:00,26.680573500000005,25.66,0.0,0.0
2023-05-23 11:00:00,22.850856000000004,25.66,0.0,0.0
2023-05-23 12:00:00,20.371848,25.66,0.0,0.0
2023-05-23 13:00:00,18.0615225,25.66,0.0,0.0
2023-05-23 14:00:00,17.810373,25.66,0.0,0.0
2023-05-23 15:00:00,18.9686595,25.66,0.22426839999994774,0.16578608402996137
2023-05-23 16:00:00,25.079964000000004,25.66,0.34256100000000933,0.3348175194000092
2023-05-23 17:00:00,27.125395500000003,25.66,0.48189479999992346,0.5094149274899191
2023-05-23 18:00:00,29.2720365,29.83,0.5775087999999088,0.5667066266399106
2023-05-23 19:00:00,29.98175250000001,29.83,0.13125200000015194,0.13191971100015276
2023-05-23 20:00:00,30.280383000000004,29.83,0.07338180000002821,0.07448974218002866
2023-05-23 21:00:00,29.8742955,29.83,0.059659999999945736,0.05974859099994566
2023-05-23 22:00:00,29.085861000000005,29.83,0.05578209999996961,0.05439056006997039
2023-05-23 23:00:00,27.738900000000005,25.66,0.04747100000010269,0.051316965000111014
2023-05-24 00:00:00,26.875495500000003,25.66,0.044391799999942125,0.046494607214939386
2023-05-24 01:00:00,26.755543500000005,25.66,0.05619540000001307,0.05859464026501364
2023-05-24 02:00:00,26.90298450000001,25.66,0.04259560000004294,0.044658954270045036
2023-05-24 03:00:00,26.936721,25.66,0.03335800000002801,0.0350177373000294
2023-05-24 04:00:00,28.163730000000005,29.83,0.009247299999984806,0.008730756299985657
2023-05-24 05:00:00,30.918877500000004,29.83,0.05041269999996093,0.05225290297495952
2023-05-24 06:00:00,32.880592500000006,34.56,0.0,0.0
2023-05-24 07:00:00,31.070067000000005,29.83,0.0,0.0
2023-05-24 08:00:00,29.739349500000003,29.83,0.0,0.0
2023-05-24 09:00:00,28.10375400000001,29.83,0.0,0.0
2023-05-24 10:00:00,27.489000000000004,25.66,0.0,0.0
2023-05-24 11:00:00,27.43652100000001,25.66,0.0,0.0
2023-05-24 12:00:00,27.738900000000005,25.66,0.0,0.0
2023-05-24 13:00:00,26.765539500000003,25.66,0.0,0.0
2023-05-24 14:00:00,28.371147000000008,29.83,0.0,0.0
2023-05-24 15:00:00,29.313270000000003,29.83,0.24460599999991317,0.24036881399991472
2023-05-24 16:00:00,30.835161000000006,29.83,0.003281300000125884,0.0033918677101301272
2023-05-24 17:00:00,31.892238000000003,29.83,0.03132149999986977,0.033486849899860775
2023-05-24 18:00:00,38.679522000000006,34.56,0.07948800000016346,0.08896290060018296
2023-05-24 19:00:00,40.193916,34.56,0.07395839999997988,0.0860149802399766
2023-05-24 20:00:00,36.5491245,34.56,0.0864,0.09137281124999999
2023-05-24 21:00:00,31.892238000000003,29.83,0.050711000000021704,0.05421680460002321
2023-05-24 22:00:00,30.287880000000005,29.83,0.059659999999945736,0.06057575999994492
2023-05-24 23:00:00,30.140439,29.83,0.059659999999945736,0.06028087799994518
2023-05-25 00:00:00,29.093358,29.83,0.04862289999986761,0.04742217353987087
2023-05-25 01:00:00,28.732252500000005,29.83,0.061748100000099844,0.05947576267509618
2023-05-25 02:00:00,28.473606,29.83,0.050711000000021704,0.04840513020002072
2023-05-25 03:00:00,28.7022645,29.83,0.011931999999989147,0.011480905799989559
2023-05-25 04:00:00,29.818068000000004,29.83,0.0,0.0
2023-05-25 05:00:00,32.684421,34.56,0.08812800000003772,0.08334527355003568
2023-05-25 06:00:00,32.921826,34.56,0.0020736000001081267,0.0019753095601030015
2023-05-25 07:00:00,30.362850000000005,29.83,0.0,0.0
2023-05-25 08:00:00,27.7826325,29.83,0.0,0.0
2023-05-25 09:00:00,26.220757500000005,25.66,0.0,0.0
2023-05-25 10:00:00,24.310272,25.66,0.0,0.0
2023-05-25 11:00:00,22.525986000000003,25.66,0.0,0.0
2023-05-25 12:00:00,19.454715,25.66,0.0,0.0
2023-05-25 13:00:00,19.899537,25.66,0.0,0.0
2023-05-25 14:00:00,18.6512865,25.66,0.0,0.0
2023-05-25 15:00:00,22.489750500000003,25.66,0.0,0.0
2023-05-25 16:00:00,26.530633500000004,25.66,0.0,0.0
2023-05-25 17:00:00,29.133342000000003,29.83,0.01014219999989582,0.009905336279898255
2023-05-25 18:00:00,31.192518000000007,29.83,0.04772799999995659,0.04990802879995462
2023-05-25 19:00:00,32.96181000000001,34.56,0.07914240000009304,0.07548254490008875
2023-05-25 20:00:00,30.9488655,29.83,0.05429059999993705,0.056326935209934696
2023-05-25 21:00:00,29.923026000000007,29.83,0.07576819999997178,0.07600448603997172
2023-05-25 22:00:00,28.731003000000005,29.83,0.074575,0.07182750750000001
2023-05-25 23:00:00,28.377394500000005,29.83,0.06502939999995441,0.06186272000995666
2023-05-26 00:00:00,26.914230000000003,25.66,0.0556822000001419,0.05840387910014884
2023-05-26 01:00:00,26.6855715,25.66,0.04336539999996639,0.04509861583496504
2023-05-26 02:00:00,26.693068500000003,25.66,0.047727599999921586,0.04964910740991844
2023-05-26 03:00:00,27.237850500000004,25.66,0.007697999999934655,0.008171355149930639
2023-05-26 04:00:00,28.56232050000001,29.83,0.0029830000000651124,0.0028562320500623464
2023-05-26 05:00:00,30.480303000000006,29.83,0.0,0.0
2023-05-26 06:00:00,30.562770000000004,29.83,0.0,0.0
2023-05-26 07:00:00,29.94426750000001,29.83,0.0,0.0
2023-05-26 08:00:00,27.543978000000003,25.66,0.0,0.0
2023-05-26 09:00:00,24.396487500000003,25.66,0.0,0.0
2023-05-26 10:00:00,21.511392,25.66,0.0,0.0
2023-05-26 11:00:00,19.994499,25.66,0.0,0.0
2023-05-26 12:00:00,17.4892515,25.66,0.0,0.0
2023-05-26 13:00:00,17.368049999999997,25.66,0.0,0.0
2023-05-26 14:00:00,17.3767965,25.66,0.0,0.0
2023-05-26 15:00:00,20.231904,25.66,0.0,0.0
2023-05-26 16:00:00,24.0641205,25.66,0.06748579999997946,0.06328863691498074
2023-05-26 17:00:00,28.398636000000003,29.83,0.12886560000020836,0.12268210752019838
2023-05-26 18:00:00,31.215009,29.83,0.06353789999992186,0.06648796916991824
2023-05-26 19:00:00,31.814769000000005,29.83,0.0879985000000217,0.09385356855002316
2023-05-26 20:00:00,31.11255000000001,29.83,0.09545599999991318,0.09956015999990948
2023-05-26 21:00:00,29.800575,29.83,0.07129370000014541,0.07122337425014527
2023-05-26 22:00:00,28.925925000000003,29.83,0.08143589999976993,0.07896777524977693
2023-05-26 23:00:00,28.574815500000003,29.83,0.055185500000119375,0.052863408675114354
2023-05-27 00:00:00,27.805123500000004,26.52,0.05781359999995948,0.06061516922995753
2023-05-27 01:00:00,27.9550635,26.52,0.05091840000000193,0.05367372192000204
2023-05-27 02:00:00,28.154983500000004,26.52,0.04375799999999035,0.046455722774989765
2023-05-27 03:00:00,28.769737500000005,30.97,0.04800349999992113,0.04459309312492675
2023-05-27 04:00:00,28.613550000000004,26.52,0.010607999999990353,0.011445419999989593
2023-05-27 05:00:00,27.701415000000004,26.52,0.01591200000010613,0.01662084900011086
2023-05-27 06:00:00,27.737650500000008,26.52,0.010607999999990353,0.011095060199989912
2023-05-27 07:00:00,26.44066950000001,26.52,0.0,0.0
2023-05-27 08:00:00,24.247797,26.52,0.0,0.0
2023-05-27 09:00:00,19.4134815,18.88,0.0,0.0
2023-05-27 10:00:00,17.5492275,18.88,0.0,0.0
2023-05-27 11:00:00,17.368049999999997,18.88,0.0,0.0
2023-05-27 12:00:00,16.6863585,18.88,0.0,0.0
2023-05-27 13:00:00,17.0978605,18.88,0.0,0.0
2023-05-27 14:00:00,17.4317745,18.88,0.0,0.0
2023-05-27 15:00:00,17.650437,18.88,0.020767999999938183,0.01941548069994221
2023-05-27 16:00:00,24.250296,26.52,0.0,0.0
2023-05-27 17:00:00,27.970057500000003,26.52,0.05913959999998842,0.0623732282249878
2023-05-27 18:00:00,29.91053100000001,30.97,0.10839500000011267,0.10468685850010885
2023-05-27 19:00:00,32.97805350000001,30.97,0.09198090000014872,0.0979448188951584
2023-05-27 20:00:00,31.49739600000001,30.97,0.07866379999997071,0.08000338583997023
2023-05-27 21:00:00,29.866798500000005,30.97,0.08609659999979494,0.08302969982980227
2023-05-27 22:00:00,29.20206450000001,30.97,0.060701199999972956,0.057236046419974526
2023-05-27 23:00:00,28.24994550000001,26.52,0.04614479999999421,0.04915490516999385
2023-05-28 00:00:00,27.863850000000003,26.52,0.057018000000038586,0.05990727750004055
2023-05-28 01:00:00,27.60395400000001,26.52,0.05410080000016787,0.05631206616017475
2023-05-28 02:00:00,27.097906500000004,26.52,0.23178479999994597,0.23683570280994484
2023-05-28 03:00:00,27.096657,26.52,0.003977999999845634,0.004064498549842277
2023-05-28 04:00:00,26.922976500000004,26.52,0.0,0.0
2023-05-28 05:00:00,26.366949,26.52,0.0,0.0
2023-05-28 06:00:00,25.469808000000004,26.52,0.0,0.0
2023-05-28 07:00:00,22.078665,18.88,0.0,0.0
2023-05-28 08:00:00,17.368049999999997,18.88,0.0,0.0
2023-05-28 09:00:00,17.019855999999997,18.88,0.0,0.0
2023-05-28 10:00:00,15.3274975,18.88,0.0,0.0
2023-05-28 11:00:00,11.860254,18.88,0.0,0.0
2023-05-28 12:00:00,2.6817245000000023,18.88,0.0,0.0
2023-05-28 13:00:00,2.6760720000000005,18.88,0.0,0.0
2023-05-28 14:00:00,6.280106000000002,18.88,0.0,0.0
2023-05-28 15:00:00,15.256275999999998,18.88,0.0,0.0
2023-05-28 16:00:00,17.361267,18.88,0.0,0.0
2023-05-28 17:00:00,23.61555,26.52,0.012199200000073325,0.010863153000065294
2023-05-28 18:00:00,26.47690500000001,26.52,0.06868680000000386,0.06857518395000388
2023-05-28 19:00:00,27.36529950000001,26.52,0.08672040000005982,0.08948452936506175
2023-05-28 20:00:00,27.094158000000004,26.52,0.07266480000009069,0.07423799292009267
2023-05-28 21:00:00,26.589360000000003,26.52,0.07478639999979932,0.07498199519979881
2023-05-28 22:00:00,26.05207500000001,26.52,0.058344000000067536,0.05731456500006637
2023-05-28 23:00:00,24.768838500000005,26.52,0.04667520000010227,0.04359315576009553
2023-05-29 00:00:00,24.102855,25.66,0.057991599999912255,0.05447245229991758
2023-05-29 01:00:00,23.842959000000004,25.66,0.050293599999977595,0.0467321996399792
2023-05-29 02:00:00,23.4293745,25.66,0.04079940000014376,0.03725270545513126
2023-05-29 03:00:00,24.18032400000001,25.66,0.032075,0.030225405000000014
2023-05-29 04:00:00,25.284882000000007,25.66,0.1855217999999888,0.18280969685998902
2023-05-29 05:00:00,25.820917500000004,25.66,0.16088819999987117,0.1618971527248704
2023-05-29 06:00:00,24.703864500000005,25.66,0.0,0.0
2023-05-29 07:00:00,21.106554,25.66,0.0,0.0
2023-05-29 08:00:00,17.368049999999997,25.66,0.0,0.0
2023-05-29 09:00:00,17.1295145,25.66,0.0,0.0
2023-05-29 10:00:00,14.984956,25.66,0.0,0.0
2023-05-29 11:00:00,11.148039,25.66,0.0,0.0
2023-05-29 12:00:00,6.615864500000002,25.66,0.0,0.0
2023-05-29 13:00:00,4.994727500000001,25.66,0.0,0.0
2023-05-29 14:00:00,8.246045500000001,25.66,0.0,0.0
2023-05-29 15:00:00,15.1104415,25.66,0.0,0.0
2023-05-29 16:00:00,16.805061,25.66,0.0,0.0
2023-05-29 17:00:00,19.76709,25.66,0.08211199999992533,0.06325468799994247
2023-05-29 18:00:00,26.37444600000001,25.66,0.06338020000007655,0.0651448816200787
2023-05-29 19:00:00,27.832612500000003,29.83,0.07934780000015844,0.07403474925014784
2023-05-29 20:00:00,28.098756000000005,29.83,0.07069709999975257,0.06659405171976694
2023-05-29 21:00:00,27.424026000000005,25.66,0.06312360000002427,0.06746310396002596
2023-05-29 22:00:00,26.646837000000005,25.66,0.053372800000138165,0.05542542096014349
2023-05-29 23:00:00,26.741799000000004,25.66,0.046957799999998134,0.04893749216999806
2023-05-30 00:00:00,26.245747500000004,25.66,0.05850480000001681,0.059840304300017196
2023-05-30 01:00:00,25.977105000000005,25.66,0.047984199999973866,0.048577186349973545
2023-05-30 02:00:00,26.118298500000005,25.66,0.04054279999985811,0.04126691162985559
2023-05-30 03:00:00,26.949216000000003,25.66,0.03335800000002801,0.03503398080002942
2023-05-30 04:00:00,27.9975465,29.83,0.008949000000195337,0.008399263950183337
2023-05-30 05:00:00,29.601904500000007,29.83,0.0,0.0
2023-05-30 06:00:00,32.107152000000006,29.83,0.0,0.0
2023-05-30 07:00:00,30.942618000000007,29.83,0.0,0.0
2023-05-30 08:00:00,28.621047000000004,29.83,0.0,0.0
2023-05-30 09:00:00,27.660181500000004,25.66,0.0,0.0
2023-05-30 10:00:00,26.148286500000005,25.66,0.0,0.0
2023-05-30 11:00:00,25.426075500000003,25.66,0.0,0.0
2023-05-30 12:00:00,24.535182,25.66,0.0,0.0
2023-05-30 13:00:00,24.42522600000001,25.66,0.0,0.0
2023-05-30 14:00:00,25.197417,25.66,0.0,0.0
2023-05-30 15:00:00,26.3731965,25.66,0.0,0.0
2023-05-30 16:00:00,28.432372500000003,29.83,0.0029829999997938103,0.0028432372498034715
2023-05-30 17:00:00,29.609401500000004,29.83,0.05220250000005426,0.05181645262505387
2023-05-30 18:00:00,32.97430500000001,34.56,0.09849599999994972,0.09397676924995205
2023-05-30 19:00:00,36.680322,34.56,0.08121600000020117,0.08619875670021351
2023-05-30 20:00:00,33.083011500000005,34.56,0.07084799999997486,0.06782017357497594
2023-05-30 21:00:00,29.526934500000007,29.83,0.07099539999981334,0.07027410410981526
2023-05-30 22:00:00,28.569817500000003,29.83,0.06025660000006728,0.057711031350064446
2023-05-30 23:00:00,28.10375400000001,29.83,0.05876510000003472,0.05536439538003274
2023-05-31 00:00:00,27.635191500000005,25.66,0.06338020000007655,0.06825892300508246
2023-05-31 01:00:00,26.639340000000008,25.66,0.047727599999921586,0.049549172399918615
2023-05-31 02:00:00,27.366549000000003,25.66,0.043622000000018674,0.04652313330001991
2023-05-31 03:00:00,28.021287000000004,29.83,0.051307599999871945,0.048196613639879725
2023-05-31 04:00:00,28.860951000000007,29.83,0.005369400000008682,0.005194971180008401
2023-05-31 05:00:00,32.238349500000005,34.56,0.12096000000012573,0.1128342232501173
2023-05-31 06:00:00,32.164629000000005,29.83,0.0,0.0
2023-05-31 07:00:00,30.591508500000007,29.83,0.0,0.0
2023-05-31 08:00:00,28.164979500000005,29.83,0.0,0.0
2023-05-31 09:00:00,25.729704000000005,25.66,0.015396000000102685,0.015437822400102968
2023-05-31 10:00:00,23.168229000000004,25.66,0.0,0.0
2023-05-31 11:00:00,18.500097,25.66,0.0,0.0
2023-05-31 12:00:00,17.365789,25.66,0.0,0.0
2023-05-31 13:00:00,17.276479499999997,25.66,0.0,0.0
2023-05-31 14:00:00,17.3488315,25.66,0.0,0.0
2023-05-31 15:00:00,19.887042,25.66,0.0,0.0
2023-05-31 16:00:00,26.045827500000005,25.66,0.0,0.0
2023-05-31 17:00:00,28.1674785,29.83,0.03370789999981334,0.03182925070482375
2023-05-31 18:00:00,30.895137,29.83,0.09008660000017579,0.09330331374018208
2023-05-31 19:00:00,32.31207,34.56,0.09884160000002012,0.0924125202000188
2023-05-31 20:00:00,30.3241155,29.83,0.0921746999997873,0.09370151689478379
2023-05-31 21:00:00,29.148336000000004,29.83,0.074575,0.07287084
2023-05-31 22:00:00,27.755143500000003,29.83,0.0569753000002127,0.05301232408519791
2023-05-31 23:00:00,27.88259250000001,29.83,0.068310699999809,0.06385113682482149
2023-06-01 00:00:00,26.651835,25.66,0.04490500000004667,0.046640711250048476
2023-06-01 01:00:00,26.127045000000003,25.66,0.05568219999990852,0.05669568764990686
2023-06-01 02:00:00,25.704714000000003,25.66,0.049523800000054144,0.04961009802005425
2023-06-01 03:00:00,25.827165000000004,25.66,0.05183320000005787,0.05217087330005826
2023-06-01 04:00:00,27.420277500000008,25.66,0.016422400000078413,0.0175489776000838
2023-06-01 05:00:00,29.493198000000007,29.83,0.0,0.0
2023-06-01 06:00:00,30.891388500000005,29.83,0.0,0.0
2023-06-01 07:00:00,29.746846500000004,29.83,0.0,0.0
2023-06-01 08:00:00,28.276185000000005,29.83,0.0,0.0
2023-06-01 09:00:00,25.888390500000003,25.66,0.0,0.0
2023-06-01 10:00:00,24.85505400000001,25.66,0.007441399999882379,0.007207965659886071
2023-06-01 11:00:00,22.223607,25.66,0.0,0.0
2023-06-01 12:00:00,18.5363325,25.66,0.0,0.0
2023-06-01 13:00:00,17.7441495,25.66,0.0,0.0
2023-06-01 14:00:00,19.0361325,25.66,0.0,0.0
2023-06-01 15:00:00,24.382743,25.66,0.0,0.0
2023-06-01 16:00:00,26.364450000000005,25.66,0.0,0.0
2023-06-01 17:00:00,28.346157000000005,29.83,0.03877900000003256,0.03685000410003094
2023-06-01 18:00:00,29.920527000000003,29.83,0.10082539999992186,0.10113138125992163
2023-06-01 19:00:00,32.36704800000001,34.56,0.10575360000017099,0.09904316688016017
2023-06-01 20:00:00,30.291628500000005,29.83,0.06443279999983288,0.06542991755983031
2023-06-01 21:00:00,29.289529500000004,29.83,0.06950390000005209,0.06824460373505116
2023-06-01 22:00:00,28.179973500000003,29.83,0.05220250000005426,0.04931495362505126
2023-06-01 23:00:00,27.812620500000005,29.83,0.06323959999986109,0.058962755459870494
2023-06-02 00:00:00,27.28908000000001,25.66,0.045674800000203505,0.048574562400216445
2023-06-02 01:00:00,27.345307500000004,25.66,0.04926720000000187,0.052502990400001996
2023-06-02 02:00:00,27.041679,25.66,0.07492719999986185,0.0789617026798544
2023-06-02 03:00:00,27.503994,25.66,0.017448800000054145,0.018702715920058035
2023-06-02 04:00:00,28.723506000000004,29.83,0.0029830000000651124,0.0028723506000626975
2023-06-02 05:00:00,32.233351500000005,34.56,0.0,0.0
2023-06-02 06:00:00,33.059271,34.56,0.0,0.0
2023-06-02 07:00:00,29.3869905,29.83,0.0,0.0
2023-06-02 08:00:00,27.910081500000008,29.83,0.0,0.0
2023-06-02 09:00:00,26.37569550000001,25.66,0.0,0.0
2023-06-02 10:00:00,25.258642500000004,25.66,0.0,0.0
2023-06-02 11:00:00,24.372747000000004,25.66,0.0,0.0
2023-06-02 12:00:00,22.69216950000001,25.66,0.0,0.0
2023-06-02 13:00:00,21.968709,25.66,0.0,0.0
2023-06-02 14:00:00,22.978305,25.66,0.0,0.0
2023-06-02 15:00:00,24.648886500000007,25.66,0.0,0.0
2023-06-02 16:00:00,26.94171900000001,25.66,0.0,0.0
2023-06-02 17:00:00,28.10875200000001,29.83,0.01789799999984807,0.016865251199856844
2023-06-02 18:00:00,30.002994000000005,29.83,0.44536190000011716,0.44794470042011797
2023-06-02 19:00:00,31.175025000000005,29.83,0.13095370000009116,0.13685835975009528
2023-06-02 20:00:00,30.026734500000007,29.83,0.1315502999999414,0.13241789914494104
2023-06-02 21:00:00,28.933422000000004,29.83,0.06801240000001953,0.06596820216001896
2023-06-02 22:00:00,27.996297,29.83,0.07487329999978946,0.07027070546980241
2023-06-02 23:00:00,27.982552500000008,29.83,0.06801240000001953,0.06380021970001834
2023-06-03 00:00:00,27.401535000000003,26.52,0.05410080000016787,0.05589913140017346
2023-06-03 01:00:00,27.087910500000007,26.52,0.04853159999999807,0.04957087621499804
2023-06-03 02:00:00,26.764290000000003,26.52,0.038984399999982634,0.03934350629998248
2023-06-03 03:00:00,27.452764500000004,26.52,0.012199199999832128,0.012628271669826224
2023-06-03 04:00:00,27.194118000000007,26.52,0.01538159999999807,0.015772588439998025
2023-06-03 05:00:00,27.084162000000006,26.52,0.0034476000002199724,0.0035209410602246526
2023-06-03 06:00:00,26.5681185,26.52,0.0,0.0
2023-06-03 07:00:00,26.114550000000005,26.52,0.0,0.0
2023-06-03 08:00:00,24.861301500000003,26.52,0.0,0.0
2023-06-03 09:00:00,20.786682,18.88,0.0,0.0
2023-06-03 10:00:00,17.9928,18.88,0.0,0.0
2023-06-03 11:00:00,17.366919499999998,18.88,0.0,0.0
2023-06-03 12:00:00,16.8129745,18.88,0.0,0.0
2023-06-03 13:00:00,16.9848105,18.88,0.0,0.0
2023-06-03 14:00:00,17.3623975,18.88,0.0,0.0
2023-06-03 15:00:00,18.040281,18.88,0.0,0.0
2023-06-03 16:00:00,23.073267,26.52,0.04481879999996527,0.038993821229969784
2023-06-03 17:00:00,26.7393,26.52,0.06258719999996719,0.06310474799996693
2023-06-03 18:00:00,27.983802,26.52,0.32142239999987654,0.3391636802398697
2023-06-03 19:00:00,29.225805,30.97,0.11985390000019379,0.1131038653501829
2023-06-03 20:00:00,29.225805,30.97,0.08981299999998874,0.08475483449998937
2023-06-03 21:00:00,28.34990550000001,26.52,0.0737255999998244,0.07881273728981232
2023-06-03 22:00:00,27.510241500000006,26.52,0.06020040000020454,0.062448248205212185
2023-06-03 23:00:00,27.503994,26.52,0.07239959999979546,0.07508590361978787
2023-06-04 00:00:00,26.72680500000001,26.52,0.05330520000000579,0.05372087805000585
2023-06-04 01:00:00,26.428174500000004,26.52,0.05569200000000965,0.05549916645000963
2023-06-04 02:00:00,26.320717500000008,26.52,0.05728320000009262,0.056852749800091945
2023-06-04 03:00:00,26.506893000000005,26.52,0.020155200000005785,0.02014523868000579
2023-06-04 04:00:00,26.393188500000004,26.52,0.00901679999990738,0.008973684089907825
2023-06-04 05:00:00,25.9983465,26.52,0.0026520000000578876,0.002599834650056749
2023-06-04 06:00:00,25.461061500000003,26.52,0.0,0.0
2023-06-04 07:00:00,23.71675950000001,26.52,0.0,0.0
2023-06-04 08:00:00,20.1082035,18.88,0.0,0.0
2023-06-04 09:00:00,18.0065445,18.88,0.022655999999979394,0.021607853399980347
2023-06-04 10:00:00,17.368049999999997,18.88,0.0018880000000412109,0.0017368050000379103
2023-06-04 11:00:00,16.805061,18.88,0.0,0.0
2023-06-04 12:00:00,14.0387275,18.88,0.0,0.0
2023-06-04 13:00:00,13.2586825,18.88,0.0,0.0
2023-06-04 14:00:00,16.8785435,18.88,0.0,0.0
2023-06-04 15:00:00,17.368049999999997,18.88,0.0,0.0
2023-06-04 16:00:00,21.678825,18.88,0.0,0.0
2023-06-04 17:00:00,27.140389500000005,26.52,0.009812400000069464,0.01004194411507109
2023-06-04 18:00:00,29.730603,30.97,0.05388779999999324,0.05173124921999351
2023-06-04 19:00:00,31.086310500000007,30.97,0.05202959999989634,0.05222500163989597
2023-06-04 20:00:00,30.187920000000005,30.97,0.06410790000010366,0.06248899440010105
2023-06-04 21:00:00,29.738100000000006,30.97,0.05141020000005183,0.049365246000049774
2023-06-04 22:00:00,28.236201000000005,26.52,0.05781359999995948,0.06155491817995687
2023-06-04 23:00:00,27.2028645,26.52,0.04508400000001929,0.046244869650019796
2023-06-05 00:00:00,26.251995000000004,25.66,0.053886000000009336,0.055129189500009564
2023-06-05 01:00:00,26.12329650000001,25.66,0.04567479999997013,0.04649946776996961
2023-06-05 02:00:00,26.256993000000005,25.66,0.05106339999990105,0.05225141606989876
2023-06-05 03:00:00,26.646837000000005,25.66,0.024633600000117623,0.02558096352012215
2023-06-05 04:00:00,28.408632000000004,29.83,0.005369400000008682,0.00511355376000827
2023-06-05 05:00:00,32.62319550000001,34.56,0.0,0.0
2023-06-05 06:00:00,31.586110500000007,29.83,0.0,0.0
2023-06-05 07:00:00,29.856802500000004,29.83,0.0,0.0
2023-06-05 08:00:00,28.164979500000005,29.83,0.0,0.0
2023-06-05 09:00:00,26.7393,25.66,0.0,0.0
2023-06-05 10:00:00,26.12454600000001,25.66,0.0,0.0
2023-06-05 11:00:00,26.035831500000004,25.66,0.0,0.0
2023-06-05 12:00:00,26.030833500000007,25.66,0.0,0.0
2023-06-05 13:00:00,25.873396500000005,25.66,0.0,0.0
2023-06-05 14:00:00,26.095807500000003,25.66,0.0,0.0
2023-06-05 15:00:00,27.225355500000003,25.66,0.0,0.0
2023-06-05 16:00:00,28.588560000000005,29.83,0.0,0.0
2023-06-05 17:00:00,29.958012000000004,29.83,0.006562599999980466,0.006590762639980383
2023-06-05 18:00:00,34.280032500000004,34.56,0.05840639999995474,0.057933254924955116
2023-06-05 19:00:00,37.0314315,34.56,0.05978879999992206,0.06406437649491646
2023-06-05 20:00:00,33.41163,34.56,0.07084799999997486,0.0684938414999757
2023-06-05 21:00:00,29.992998000000004,29.83,0.050711000000021704,0.05098809660002183
2023-06-05 22:00:00,28.486101,29.83,0.06264300000001086,0.05982081210001037
2023-06-05 23:00:00,27.392788500000005,25.66,0.044391799999942125,0.04738952410493823
2023-06-06 00:00:00,27.285331500000005,25.66,0.05260299999998133,0.055934929574980155
2023-06-06 01:00:00,27.272836500000004,25.66,0.042082400000171764,0.044727451860182565
2023-06-06 02:00:00,27.64268850000001,25.66,0.04901059999994959,0.05279753503494572
2023-06-06 03:00:00,28.13874000000001,29.83,0.017003099999937057,0.01603908179994063
2023-06-06 04:00:00,28.682272500000003,29.83,0.0,0.0
2023-06-06 05:00:00,35.66073000000001,34.56,0.0,0.0
2023-06-06 06:00:00,36.520386,34.56,0.0,0.0
2023-06-06 07:00:00,32.679423,34.56,0.0,0.0
2023-06-06 08:00:00,29.225805,29.83,0.0,0.0
2023-06-06 09:00:00,28.204963500000005,29.83,0.0,0.0
2023-06-06 10:00:00,27.621447000000003,25.66,0.0,0.0
2023-06-06 11:00:00,27.075415500000005,25.66,0.0,0.0
2023-06-06 12:00:00,26.68807050000001,25.66,0.0,0.0
2023-06-06 13:00:00,26.190769500000005,25.66,0.0,0.0
2023-06-06 14:00:00,26.819268000000005,25.66,0.0,0.0
2023-06-06 15:00:00,27.510241500000006,25.66,0.002822600000108287,0.003026126565116096
2023-06-06 16:00:00,28.3524045,29.83,0.0,0.0
2023-06-06 17:00:00,29.718108000000004,29.83,0.014616699999993488,0.014561872919993515
2023-06-06 18:00:00,34.132591500000004,34.56,0.06151679999995977,0.06075601286996027
2023-06-06 19:00:00,36.410430000000005,34.56,0.06117119999988936,0.06444646109988345
2023-06-06 20:00:00,33.17797350000001,34.56,0.06393600000013831,0.06137925097513278
2023-06-06 21:00:00,30.11794800000001,29.83,0.04802630000001736,0.04848989628001754
2023-06-06 22:00:00,28.612300500000007,29.83,0.05846679999997395,0.056080108979975035
2023-06-06 23:00:00,29.05837200000001,29.83,0.04981609999983939,0.048527481239843566
2023-06-07 00:00:00,28.592308500000005,29.83,0.0620464000001606,0.05947200168015396
2023-06-07 01:00:00,28.646037,29.83,0.046534799999984805,0.04468781771998541
2023-06-07 02:00:00,28.63854000000001,29.83,0.0590633999998242,0.05670430919983124
2023-06-07 03:00:00,28.698516000000005,29.83,0.016108200000026045,0.015497198640025061
2023-06-07 04:00:00,29.600655000000003,29.83,0.0,0.0
2023-06-07 05:00:00,33.31916700000001,34.56,0.0,0.0
2023-06-07 06:00:00,35.6719755,34.56,0.0,0.0
2023-06-07 07:00:00,31.694817000000004,29.83,0.0,0.0
2023-06-07 08:00:00,29.679373500000004,29.83,0.0,0.0
2023-06-07 09:00:00,29.0046435,29.83,0.0,0.0
2023-06-07 10:00:00,28.188720000000007,29.83,0.0,0.0
2023-06-07 11:00:00,27.357802500000005,25.66,0.0,0.0
2023-06-07 12:00:00,27.101655000000008,25.66,0.0,0.0
2023-06-07 13:00:00,26.920477500000004,25.66,0.0,0.0
2023-06-07 14:00:00,27.245347500000005,25.66,0.0,0.0
2023-06-07 15:00:00,27.32781450000001,25.66,0.0,0.0
2023-06-07 16:00:00,29.140839000000007,29.83,0.0,0.0
2023-06-07 17:00:00,29.9967465,29.83,0.008949000000195337,0.00899902395019643
2023-06-07 18:00:00,34.676124,34.56,0.05978879999992206,0.05998969451992179
2023-06-07 19:00:00,35.823165,34.56,0.05944319999985164,0.06161584379984622
2023-06-07 20:00:00,33.3054225,34.56,0.06531840000010561,0.06294724852510178
2023-06-07 21:00:00,30.590259000000003,29.83,0.04981610000011069,0.051085732530113524
2023-06-07 22:00:00,29.225805,29.83,0.06085319999991752,0.059620642199919194
2023-06-07 23:00:00,29.104603500000003,29.83,0.04683310000004558,0.045694227495044475
2023-06-08 00:00:00,28.521087000000005,29.83,0.05846679999997395,0.05590133051997511
2023-06-08 01:00:00,27.743898,25.66,0.0390032000000112,0.04217072496001212
2023-06-08 02:00:00,27.351555000000005,25.66,0.03848999999990665,0.04102733249990051
2023-06-08 03:00:00,27.618948000000007,25.66,0.002822600000108287,0.0030380842801165544
2023-06-08 04:00:00,28.418628,29.83,0.0,0.0
2023-06-08 05:00:00,29.114599500000008,29.83,0.0,0.0
2023-06-08 06:00:00,29.020887000000005,29.83,0.0,0.0
2023-06-08 07:00:00,28.788480000000003,29.83,0.0,0.0
2023-06-08 08:00:00,27.836361000000004,29.83,0.0,0.0
2023-06-08 09:00:00,26.69431800000001,25.66,0.0,0.0
2023-06-08 10:00:00,25.927125000000004,25.66,0.0,0.0
2023-06-08 11:00:00,25.392339000000003,25.66,0.0,0.0
2023-06-08 12:00:00,25.34485800000001,25.66,0.0,0.0
2023-06-08 13:00:00,25.372347000000005,25.66,0.0,0.0
2023-06-08 14:00:00,25.855903500000007,25.66,0.0,0.0
2023-06-08 15:00:00,26.2607415,25.66,0.0,0.0
2023-06-08 16:00:00,26.876745000000003,25.66,0.0,0.0
2023-06-08 17:00:00,28.671027,29.83,0.017599699999787298,0.016915905929795562
2023-06-08 18:00:00,30.116698500000005,29.83,0.05608040000003039,0.05661939318003069
2023-06-08 19:00:00,31.592358000000004,29.83,0.04474500000016278,0.047388537000172405
2023-06-08 20:00:00,30.487800000000004,29.83,0.05936169999988496,0.060670721999882445
2023-06-08 21:00:00,29.435721000000004,29.83,0.04772799999995659,0.04709715359995717
2023-06-08 22:00:00,28.7385,29.83,0.05816850000018448,0.056040075000177735
2023-06-08 23:00:00,29.2383,29.83,0.05011439999990015,0.04912034399990214
2023-06-09 00:00:00,28.576065000000003,29.83,0.059659999999945736,0.05715212999994803
2023-06-09 01:00:00,27.33031350000001,25.66,0.040542800000091486,0.043181895330097454
2023-06-09 02:00:00,26.86425,25.66,0.04285219999986184,0.044863297499855355
2023-06-09 03:00:00,26.8979865,25.66,0.008981000000196037,0.009414295275205493
2023-06-09 04:00:00,28.496097,29.83,0.0,0.0
2023-06-09 05:00:00,30.330363,29.83,0.0,0.0
2023-06-09 06:00:00,30.359101500000005,29.83,0.0,0.0
2023-06-09 07:00:00,30.355353000000004,29.83,0.0,0.0
2023-06-09 08:00:00,28.787230500000003,29.83,0.0,0.0
2023-06-09 09:00:00,27.64643700000001,25.66,0.0,0.0
2023-06-09 10:00:00,26.793028500000005,25.66,0.0,0.0
2023-06-09 11:00:00,26.118298500000005,25.66,0.0,0.0
2023-06-09 12:00:00,25.48980000000001,25.66,0.0,0.0
2023-06-09 13:00:00,25.372347000000005,25.66,0.0,0.0
2023-06-09 14:00:00,25.91338050000001,25.66,0.0,0.0
2023-06-09 15:00:00,26.444418,25.66,0.0,0.0
2023-06-09 16:00:00,27.4427685,25.66,0.0,0.0
2023-06-09 17:00:00,29.2383,29.83,0.019389499999880627,0.019004894999882994
2023-06-09 18:00:00,30.377844000000003,29.83,0.29680849999996745,0.3022595477999669
2023-06-09 19:00:00,30.668977500000004,29.83,0.11782850000013023,0.12114246112513391
2023-06-09 20:00:00,30.377844000000003,29.83,0.07994440000000867,0.08141262192000885
2023-06-09 21:00:00,29.54817600000001,29.83,0.07427669999993923,0.07357495823993983
2023-06-09 22:00:00,28.113750000000003,29.83,0.0662225999999262,0.062412524999930455
2023-06-09 23:00:00,28.49234850000001,29.83,0.06562600000007597,0.06268316670007258
2023-06-10 00:00:00,27.876345000000004,26.52,0.05197919999997685,0.05463763619997567
2023-06-10 01:00:00,27.880093500000005,26.52,0.0525096000000849,0.055202585130089264
2023-06-10 02:00:00,27.404034000000003,26.52,0.04906199999986493,0.050697462899860435
2023-06-10 03:00:00,27.044178,26.52,0.023072400000117704,0.02352843486012003
2023-06-10 04:00:00,27.3478065,26.52,0.0026519999998166894,0.0027347806498109676
2023-06-10 05:00:00,27.2928285,26.52,0.029437200000208396,0.030295039635214467
2023-06-10 06:00:00,27.98880000000001,26.52,0.0,0.0
2023-06-10 07:00:00,27.588960000000004,26.52,0.0,0.0
2023-06-10 08:00:00,25.363600500000004,26.52,0.012994799999994212,0.012428164244994466
2023-06-10 09:00:00,20.7304545,18.88,0.0,0.0
2023-06-10 10:00:00,18.9311745,18.88,0.01132799999990384,0.011358704699903582
2023-06-10 11:00:00,17.378046,18.88,0.0,0.0
2023-06-10 12:00:00,15.111571999999995,18.88,0.0,0.0
2023-06-10 13:00:00,15.1036585,18.88,0.0,0.0
2023-06-10 14:00:00,16.8061915,18.88,0.0,0.0
2023-06-10 15:00:00,17.685422999999997,18.88,0.00302080000010028,0.002829667680093935
2023-06-10 16:00:00,22.928325000000005,26.52,0.003712799999791605,0.003209965499819829
2023-06-10 17:00:00,26.735551500000003,26.52,0.01591200000010613,0.016041330900106992
2023-06-10 18:00:00,28.133742,26.52,0.08353799999989388,0.08862128729988741
2023-06-10 19:00:00,28.122496500000008,26.52,0.08990279999998457,0.09533526313498365
2023-06-10 20:00:00,27.192868500000003,26.52,0.06709560000016208,0.0687979573051662
2023-06-10 21:00:00,27.487750500000004,26.52,0.059404800000042446,0.06157256112004401
2023-06-10 22:00:00,26.058322500000006,26.52,0.04959239999997299,0.048729063074973475
2023-06-10 23:00:00,25.461061500000003,26.52,0.061791600000046305,0.059324273295044465
2023-06-11 00:00:00,24.623896500000004,26.52,0.04747079999978196,0.044076774734797555
2023-06-11 01:00:00,23.975406000000003,26.52,0.05648760000017173,0.051067614780155264
2023-06-11 02:00:00,23.6068035,26.52,0.04428839999985721,0.0394233618448729
2023-06-11 03:00:00,23.855454000000005,26.52,0.005569200000169803,0.005009645340152745
2023-06-11 04:00:00,23.5068435,26.52,0.0,0.0
2023-06-11 05:00:00,23.61180150000001,26.52,0.0,0.0
2023-06-11 06:00:00,23.205714,26.52,0.0,0.0
2023-06-11 07:00:00,20.921628,18.88,0.0,0.0
2023-06-11 08:00:00,19.354755,18.88,0.0,0.0
2023-06-11 09:00:00,17.369299499999997,18.88,0.0,0.0
2023-06-11 10:00:00,17.178126000000002,18.88,0.0,0.0
2023-06-11 11:00:00,15.150009,18.88,0.0,0.0
2023-06-11 12:00:00,13.4124305,18.88,0.0,0.0
2023-06-11 13:00:00,13.4169525,18.88,0.0,0.0
2023-06-11 14:00:00,16.132413500000002,18.88,0.0,0.0
2023-06-11 15:00:00,17.3578755,18.88,0.0,0.0
2023-06-11 16:00:00,20.856654,18.88,0.004908799999969778,0.005422730039966615
2023-06-11 17:00:00,27.841359000000004,26.52,0.02466359999995948,0.025892463869957465
2023-06-11 18:00:00,29.851804500000004,30.97,0.08516749999988733,0.08209246237489141
2023-06-11 19:00:00,30.731452500000003,30.97,0.12945460000017803,0.12845747145017666
2023-06-11 20:00:00,30.68772000000001,30.97,0.10127189999978818,0.10034884439979015
2023-06-11 21:00:00,29.6568825,30.97,0.0842384000002614,0.08066672040025032
2023-06-11 22:00:00,28.4748555,26.52,0.05171399999992282,0.05552596822491712
2023-06-11 23:00:00,29.154583500000005,30.97,0.06441759999988507,0.06064153367989183
2023-06-12 00:00:00,27.998796,29.83,0.0641345000000434,0.06019741140004074
2023-06-12 01:00:00,27.991299000000005,29.83,0.055185500000119375,0.051783903150112026
2023-06-12 02:00:00,27.567718500000005,25.66,0.05285960000003361,0.05678950011003612
2023-06-12 03:00:00,27.85760250000001,29.83,0.02267080000000651,0.02117177790000609
2023-06-12 04:00:00,29.248296000000007,29.83,0.009843899999835048,0.009651937679838267
2023-06-12 05:00:00,30.79142850000001,29.83,0.0,0.0
2023-06-12 06:00:00,33.216708000000004,34.56,0.0,0.0
2023-06-12 07:00:00,32.9105805,34.56,0.0,0.0
2023-06-12 08:00:00,30.6139995,29.83,0.0,0.0
2023-06-12 09:00:00,28.609801500000003,29.83,0.0,0.0
2023-06-12 10:00:00,26.859252,25.66,0.0,0.0
2023-06-12 11:00:00,25.6934685,25.66,0.0,0.0
2023-06-12 12:00:00,24.9912495,25.66,0.0,0.0
2023-06-12 13:00:00,25.392339000000003,25.66,0.0,0.0
2023-06-12 14:00:00,26.859252,25.66,0.0,0.0
2023-06-12 15:00:00,27.966309000000003,29.83,0.020880999999913184,0.01957641629991861
2023-06-12 16:00:00,29.563170000000003,29.83,0.0,0.0
2023-06-12 17:00:00,31.072566000000005,29.83,0.02684700000004341,0.02796530940004522
2023-06-12 18:00:00,33.991398000000004,34.56,0.10886400000017603,0.10707290370017314
2023-06-12 19:00:00,35.2221555,34.56,0.11059199999989944,0.1127108975998975
2023-06-12 20:00:00,31.978453500000004,29.83,0.0590634000000955,0.06331733793010239
2023-06-12 21:00:00,30.7377,29.83,0.07815459999991535,0.08053277399991277
2023-06-12 22:00:00,29.625645,29.83,0.0662225999999262,0.0657689318999267
2023-06-12 23:00:00,28.502344500000003,29.83,0.0674158000001693,0.06441529857016176
2023-06-13 00:00:00,27.711411000000005,25.66,0.06184059999999627,0.06678450050999599
2023-06-13 01:00:00,27.775135500000008,29.83,0.05757189999979164,0.053606011514806005
2023-06-13 02:00:00,27.707662500000005,25.66,0.05285960000003361,0.057077784750036296
2023-06-13 03:00:00,27.960061500000005,29.83,0.00507109999994791,0.0047532104549511765
2023-06-13 04:00:00,28.618548000000008,29.83,0.0238640000002496,0.022894838400239467
2023-06-13 05:00:00,31.754793000000003,29.83,0.0,0.0
2023-06-13 06:00:00,32.303323500000005,34.56,0.0,0.0
2023-06-13 07:00:00,32.36704800000001,34.56,0.0,0.0
2023-06-13 08:00:00,30.252894000000005,29.83,0.0,0.0
2023-06-13 09:00:00,27.998796,29.83,0.0,0.0
2023-06-13 10:00:00,27.022936500000007,25.66,0.0,0.0
2023-06-13 11:00:00,24.380244000000005,25.66,0.0,0.0
2023-06-13 12:00:00,23.64054,25.66,0.0,0.0
2023-06-13 13:00:00,23.428125,25.66,0.0,0.0
2023-06-13 14:00:00,25.248646500000003,25.66,0.0,0.0
2023-06-13 15:00:00,26.536881000000005,25.66,0.0,0.0
2023-06-13 16:00:00,27.942568500000004,29.83,0.0,0.0
2023-06-13 17:00:00,30.035481,29.83,0.08650699999998915,0.08710289489998907
2023-06-13 18:00:00,31.3612005,29.83,0.1840510999997851,0.1934986070847741
2023-06-13 19:00:00,32.372046000000005,34.56,0.1482624000000302,0.1388760773400283
2023-06-13 20:00:00,31.737300000000005,29.83,0.1139506000001541,0.12123648600016397
2023-06-13 21:00:00,30.487800000000004,29.83,0.09694749999994574,0.09908534999994455
2023-06-13 22:00:00,29.66063100000001,29.83,0.05846679999997395,0.05813483675997413
2023-06-13 23:00:00,29.398236000000004,29.83,0.06681920000004775,0.06585204864004707
2023-06-14 00:00:00,28.448616000000005,29.83,0.05876510000003472,0.05604377352003313
2023-06-14 01:00:00,28.236201000000005,29.83,0.0548871999997873,0.051954609839798674
2023-06-14 02:00:00,28.144987500000003,29.83,0.08531380000001736,0.0804946642500164
2023-06-14 03:00:00,28.397386500000003,29.83,0.01491500000005426,0.014198693250051658
2023-06-14 04:00:00,29.630643000000006,29.83,0.0,0.0
2023-06-14 05:00:00,33.227953500000005,34.56,0.0,0.0
2023-06-14 06:00:00,34.3874895,34.56,0.1074816000002087,0.10694509234520767
2023-06-14 07:00:00,33.361650000000004,34.56,0.0,0.0
2023-06-14 08:00:00,30.277884000000004,29.83,0.0,0.0
2023-06-14 09:00:00,28.32116700000001,29.83,0.0,0.0
2023-06-14 10:00:00,27.165379500000004,25.66,0.0,0.0
2023-06-14 11:00:00,26.630593500000003,25.66,0.0,0.0
2023-06-14 12:00:00,26.770537500000007,25.66,0.0,0.0
2023-06-14 13:00:00,27.105403500000005,25.66,0.0,0.0
2023-06-14 14:00:00,27.171627000000004,25.66,0.0,0.0
2023-06-14 15:00:00,27.803874000000008,29.83,0.0,0.0
2023-06-14 16:00:00,29.683122000000008,29.83,0.0,0.0
2023-06-14 17:00:00,31.708561500000005,29.83,0.025653799999800324,0.02726936288978775
2023-06-14 18:00:00,35.1196965,34.56,0.08225280000009808,0.08358487767009967
2023-06-14 19:00:00,36.382941,34.56,0.07257600000001257,0.07640417610001325
2023-06-14 20:00:00,34.849804500000005,34.56,0.09676799999991201,0.09757945259991127
2023-06-14 21:00:00,32.33331150000001,34.56,0.0743040000000503,0.06951661972504707
2023-06-14 22:00:00,30.9713565,29.83,0.06115149999997829,0.06349128082497747
2023-06-14 23:00:00,30.752694000000005,29.83,0.0674158000001693,0.06950108844017454
2023-06-15 00:00:00,30.2091615,29.83,0.05339569999975474,0.05407439908475163
2023-06-15 01:00:00,29.940519,29.83,0.06860900000014107,0.06886319370014159
2023-06-15 02:00:00,29.91053100000001,29.83,0.03281299999990233,0.03290158409990208
2023-06-15 03:00:00,29.90928150000001,29.83,0.0,0.0
2023-06-15 04:00:00,31.607352,29.83,0.011931999999989147,0.012642940799988501
2023-06-15 05:00:00,37.84985400000001,34.56,0.003456000000075438,0.0037849854000826188
2023-06-15 06:00:00,38.122245,34.56,0.0,0.0
2023-06-15 07:00:00,34.86979650000001,34.56,0.0,0.0
2023-06-15 08:00:00,31.86225,29.83,0.0,0.0
2023-06-15 09:00:00,30.320367000000005,29.83,0.06264300000001086,0.06367277070001104
2023-06-15 10:00:00,29.615649000000005,29.83,0.0,0.0
2023-06-15 11:00:00,28.893438000000003,29.83,0.0,0.0
2023-06-15 12:00:00,28.613550000000004,29.83,0.0,0.0
2023-06-15 13:00:00,28.613550000000004,29.83,0.0,0.0
2023-06-15 14:00:00,28.864699500000004,29.83,0.0,0.0
2023-06-15 15:00:00,29.456962500000007,29.83,0.0,0.0
2023-06-15 16:00:00,30.475305,29.83,0.011037100000078135,0.011275862850079825
2023-06-15 17:00:00,33.03553050000001,34.56,0.13478399999979884,0.12883856894980775
2023-06-15 18:00:00,36.900234000000005,34.56,0.13582080000001007,0.14501791962001076
2023-06-15 19:00:00,39.769086,34.56,0.1175040000000503,0.13521489240005788
2023-06-15 20:00:00,38.926923,34.56,0.12337919999998995,0.1389691151099887
2023-06-15 21:00:00,36.105552,34.56,0.08052480000006035,0.08412593616006304
2023-06-15 22:00:00,32.989299,34.56,0.07948800000016346,0.07587538770015603
2023-06-15 23:00:00,33.131742,34.56,0.07845119999995223,0.0752090543399542
2023-06-16 00:00:00,32.564469,34.56,0.0642815999998944,0.060569912339900486
2023-06-16 01:00:00,31.81102050000001,29.83,0.06920559999999132,0.07380156755999076
2023-06-16 02:00:00,31.449915,29.83,0.044744999999891476,0.04717487249988559
2023-06-16 03:00:00,31.49739600000001,29.83,0.0641345000000434,0.06771940140004586
2023-06-16 04:00:00,32.083411500000004,29.83,0.008949000000195337,0.009625023450210095
2023-06-16 05:00:00,35.22340500000001,34.56,0.0,0.0
2023-06-16 06:00:00,36.57786300000001,34.56,0.0,0.0
2023-06-16 07:00:00,35.559520500000005,34.56,0.0,0.0
2023-06-16 08:00:00,32.881842000000006,34.56,0.0,0.0
2023-06-16 09:00:00,31.387440000000005,29.83,0.0,0.0
2023-06-16 10:00:00,30.986350500000004,29.83,0.0,0.0
2023-06-16 11:00:00,30.7814325,29.83,0.0,0.0
2023-06-16 12:00:00,30.037980000000005,29.83,0.0,0.0
2023-06-16 13:00:00,29.776834500000007,29.83,0.0,0.0
2023-06-16 14:00:00,30.069217500000004,29.83,0.0,0.0
2023-06-16 15:00:00,30.9213765,29.83,0.0,0.0
2023-06-16 16:00:00,31.742298000000005,29.83,0.0,0.0
2023-06-16 17:00:00,34.280032500000004,34.56,0.01382399999998743,0.013712012999987531
2023-06-16 18:00:00,37.5087405,34.56,0.09815039999987932,0.106524823019869
2023-06-16 19:00:00,39.246795,34.56,0.09020160000014585,0.10243413495016562
2023-06-16 20:00:00,38.6582805,34.56,0.09745919999973848,0.10901635100970747
2023-06-16 21:00:00,36.365448,34.56,0.06428160000020872,0.06763973328021962
2023-06-16 22:00:00,34.697365500000004,34.56,0.07015679999983404,0.0704356519648334
2023-06-16 23:00:00,33.712759500000004,34.56,0.07119360000004527,0.06944828457004416
2023-06-17 00:00:00,32.71191,30.97,0.05202959999989634,0.05495600879989052
2023-06-17 01:00:00,32.363299500000004,30.97,0.06813400000007887,0.07119925890008243
2023-06-17 02:00:00,31.9184775,30.97,0.0436677000001645,0.045005053275169536
2023-06-17 03:00:00,31.246246500000005,30.97,0.0027873000000045067,0.0028121621850045477
2023-06-17 04:00:00,31.11255000000001,30.97,0.02198869999997296,0.02208991049997284
2023-06-17 05:00:00,31.151284500000006,30.97,0.0,0.0
2023-06-17 06:00:00,30.868897500000003,30.97,0.0,0.0
2023-06-17 07:00:00,29.988000000000007,30.97,0.0,0.0
2023-06-17 08:00:00,29.313270000000003,30.97,0.0,0.0
2023-06-17 09:00:00,27.98880000000001,26.52,0.10077600000002894,0.10635744000003058
2023-06-17 10:00:00,26.113300500000005,26.52,0.007690799999878436,0.007572857144880302
2023-06-17 11:00:00,24.785082000000003,26.52,0.0,0.0
2023-06-17 12:00:00,23.415630000000004,26.52,0.0,0.0
2023-06-17 13:00:00,22.288581,18.88,0.0,0.0
2023-06-17 14:00:00,24.375246000000004,26.52,0.0,0.0
2023-06-17 15:00:00,27.98880000000001,26.52,0.0,0.0
2023-06-17 16:00:00,30.052974000000003,30.97,0.0,0.0
2023-06-17 17:00:00,31.776034500000005,30.97,0.019820800000094643,0.02033666208009711
2023-06-17 18:00:00,34.58491050000001,30.97,0.07216010000005409,0.08058284146506042
2023-06-17 19:00:00,35.7319515,30.97,0.056675099999997744,0.0653894712449974
2023-06-17 20:00:00,36.73530000000001,30.97,0.0724697999998355,0.0859606019998049
2023-06-17 21:00:00,35.6569815,30.97,0.06813400000007887,0.0784453593000908
2023-06-17 22:00:00,34.44246750000001,30.97,0.06999219999989409,0.07783997654988223
2023-06-17 23:00:00,33.436620000000005,30.97,0.060701199999972956,0.06553577519997082
2023-06-18 00:00:00,32.160880500000005,30.97,0.05388779999999324,0.05595993206999299
2023-06-18 01:00:00,31.238749500000008,30.97,0.06720490000017126,0.06778808641517275
2023-06-18 02:00:00,30.97010700000001,30.97,0.04738409999979495,0.047384263709794955
2023-06-18 03:00:00,30.362850000000005,30.97,0.003097000000067601,0.003036285000066276
2023-06-18 04:00:00,30.186670500000005,30.97,0.0,0.0
2023-06-18 05:00:00,29.616898500000005,30.97,0.0,0.0
2023-06-18 06:00:00,28.870947,30.97,0.0,0.0
2023-06-18 07:00:00,27.98880000000001,26.52,0.0,0.0
2023-06-18 08:00:00,27.130393500000004,26.52,0.0,0.0
2023-06-18 09:00:00,25.284882000000007,26.52,0.0,0.0
2023-06-18 10:00:00,24.0716175,26.52,0.0,0.0
2023-06-18 11:00:00,23.089510500000003,26.52,0.0,0.0
2023-06-18 12:00:00,21.039081,18.88,0.0,0.0
2023-06-18 13:00:00,20.4905505,18.88,0.0,0.0
2023-06-18 14:00:00,23.488101000000004,26.52,0.0,0.0
2023-06-18 15:00:00,26.7393,26.52,0.0,0.0
2023-06-18 16:00:00,29.067118500000003,30.97,0.0,0.0
2023-06-18 17:00:00,30.766438500000007,30.97,0.017652899999934652,0.017536869944935085
2023-06-18 18:00:00,33.74899500000001,30.97,0.09012270000005183,0.0982095754500565
2023-06-18 19:00:00,34.8922875,30.97,0.10189130000019604,0.11479562587522088
2023-06-18 20:00:00,34.5449265,30.97,0.10715619999986029,0.11952544568984416
2023-06-18 21:00:00,34.5449265,30.97,0.06813400000007887,0.07599883830008798
2023-06-18 22:00:00,32.06466900000001,30.97,0.0709212999998017,0.07342809200979471
2023-06-18 23:00:00,29.865549,30.97,0.06348850000025913,0.061224375450249904
2023-06-19 00:00:00,29.078364000000004,29.83,0.05667699999988062,0.05524889159988364
2023-06-19 01:00:00,28.442368500000004,29.83,0.06592429999986543,0.0628576343848717
2023-06-19 02:00:00,28.578564000000004,29.83,0.04534160000001302,0.04343941728001248
2023-06-19 03:00:00,29.144587500000004,29.83,0.03818240000018232,0.03730507200017813
2023-06-19 04:00:00,29.357002500000004,29.83,0.006860900000041238,0.006752110575040585
2023-06-19 05:00:00,32.10840150000001,29.83,0.0,0.0
2023-06-19 06:00:00,34.1275935,34.56,0.0,0.0
2023-06-19 07:00:00,33.9401685,34.56,0.0,0.0
2023-06-19 08:00:00,31.8185175,29.83,0.0,0.0
2023-06-19 09:00:00,30.377844000000003,29.83,0.0,0.0
2023-06-19 10:00:00,29.5219365,29.83,0.0,0.0
2023-06-19 11:00:00,29.028384000000003,29.83,0.0,0.0
2023-06-19 12:00:00,28.621047000000004,29.83,0.0,0.0
2023-06-19 13:00:00,28.417378500000005,29.83,0.0,0.0
2023-06-19 14:00:00,29.142088500000007,29.83,0.0,0.0
2023-06-19 15:00:00,29.634391500000003,29.83,0.0,0.0
2023-06-19 16:00:00,31.122546,29.83,0.0,0.0
2023-06-19 17:00:00,34.486200000000004,34.56,0.025574399999866732,0.025519787999867014
2023-06-19 18:00:00,38.6482845,34.56,0.09503999999987428,0.1062827823748594
2023-06-19 19:00:00,42.07941149999999,34.56,0.11473920000011567,0.1397036461801408
2023-06-19 20:00:00,39.669126,34.56,0.07395839999997988,0.08489192963997692
2023-06-19 21:00:00,36.1492845,34.56,0.0857088000001735,0.08965022556018148
2023-06-19 22:00:00,34.2525435,34.56,0.07257600000001257,0.07193034135001247
2023-06-19 23:00:00,32.510740500000004,34.56,0.07292159999976866,0.06859766245478238
2023-06-20 00:00:00,31.202514000000004,29.83,0.06115149999997829,0.06396515369997731
2023-06-20 01:00:00,30.386590500000004,29.83,0.05578209999996961,0.056822924234969055
2023-06-20 02:00:00,30.0342315,29.83,0.05458889999999783,0.05496264364499782
2023-06-20 03:00:00,30.000495,29.83,0.0238640000002496,0.024000396000251025
2023-06-20 04:00:00,30.698965500000003,29.83,0.009247299999984806,0.009516679304984366
2023-06-20 05:00:00,33.6053025,34.56,0.0,0.0
2023-06-20 06:00:00,35.53328100000001,34.56,0.0,0.0
2023-06-20 07:00:00,35.709460500000006,34.56,0.0,0.0
2023-06-20 08:00:00,33.729003,34.56,0.0,0.0
2023-06-20 09:00:00,31.623595500000004,29.83,0.0,0.0
2023-06-20 10:00:00,30.5640195,29.83,0.0,0.0
2023-06-20 11:00:00,29.878044000000006,29.83,0.0,0.0
2023-06-20 12:00:00,29.319517500000007,29.83,0.0,0.0
2023-06-20 13:00:00,29.190819000000005,29.83,0.0,0.0
2023-06-20 14:00:00,30.010491000000005,29.83,0.0,0.0
2023-06-20 15:00:00,30.534031500000005,29.83,0.0,0.0
2023-06-20 16:00:00,32.19211800000001,29.83,0.0,0.0
2023-06-20 17:00:00,34.861050000000006,34.56,0.003110400000005029,0.0031374945000050736
2023-06-20 18:00:00,37.4337705,34.56,0.05564160000002012,0.06026837050502179
2023-06-20 19:00:00,37.99479600000001,34.56,0.08259839999985417,0.09080756243983969
2023-06-20 20:00:00,36.11055,34.56,0.09020160000014585,0.0942485355001524
2023-06-20 21:00:00,34.61115,34.56,0.0756863999997033,0.07579841849970284
2023-06-20 22:00:00,32.3957865,34.56,0.0732672000001534,0.06867906738014379
2023-06-20 23:00:00,32.32456500000001,34.56,0.07879680000002263,0.07370000820002118
2023-06-21 00:00:00,31.2112605,29.83,0.0548872000000586,0.05742871932006132
2023-06-21 01:00:00,30.467808000000005,29.83,0.07427669999993923,0.07586484191993793
2023-06-21 02:00:00,30.354103500000004,29.83,0.03788409999985024,0.03854971144484762
2023-06-21 03:00:00,30.33411150000001,29.83,0.02684700000004341,0.02730070035004415
2023-06-21 04:00:00,30.741448500000004,29.83,0.008949000000195337,0.009222434550201308
2023-06-21 05:00:00,33.25794150000001,34.56,0.05875200000002515,0.05653850055002422
2023-06-21 06:00:00,34.569916500000005,34.56,0.0,0.0
2023-06-21 07:00:00,35.432071500000006,34.56,0.0,0.0
2023-06-21 08:00:00,33.13674000000001,34.56,0.0,0.0
2023-06-21 09:00:00,31.105053,29.83,0.0,0.0
2023-06-21 10:00:00,30.239149500000007,29.83,0.0,0.0
2023-06-21 11:00:00,29.6393895,29.83,0.0,0.0
2023-06-21 12:00:00,29.212060500000003,29.83,0.014914999999782956,0.014606030249787457
2023-06-21 13:00:00,28.908432,29.83,0.006264300000190997,0.006070770720185097
2023-06-21 14:00:00,29.598156000000003,29.83,0.0,0.0
2023-06-21 15:00:00,29.8892895,29.83,0.0,0.0
2023-06-21 16:00:00,31.569867,29.83,0.0,0.0
2023-06-21 17:00:00,34.637389500000005,34.56,0.0214271999999648,0.021475181489964718
2023-06-21 18:00:00,38.2984245,34.56,0.11301119999976363,0.12523584811473806
2023-06-21 19:00:00,41.1972645,34.56,0.11923200000008802,0.14213056252510492
2023-06-21 20:00:00,40.011489,34.56,0.08294399999992458,0.09602757359991265
2023-06-21 21:00:00,36.73530000000001,34.56,0.08812800000003772,0.09367501500004012
2023-06-21 22:00:00,34.221306000000006,34.56,0.07257600000001257,0.07186474260001247
2023-06-21 23:00:00,33.9801525,34.56,0.07257600000001257,0.07135832025001236
2023-06-22 00:00:00,32.801874000000005,34.56,0.08294399999992458,0.07872449759992842
2023-06-22 01:00:00,31.798525500000004,29.83,0.055185500000119375,0.05882727217512726
2023-06-22 02:00:00,31.279983000000005,29.83,0.06115149999997829,0.06412396514997724
2023-06-22 03:00:00,30.740199000000004,29.83,0.023863999999978295,0.024592159199977637
2023-06-22 04:00:00,31.831012500000003,29.83,0.011931999999989147,0.012732404999988421
2023-06-22 05:00:00,34.563669000000004,34.56,0.0,0.0
2023-06-22 06:00:00,36.450414,34.56,0.0,0.0
2023-06-22 07:00:00,36.60285300000001,34.56,0.0,0.0
2023-06-22 08:00:00,33.62654400000001,34.56,0.0,0.0
2023-06-22 09:00:00,31.86225,29.83,0.0,0.0
2023-06-22 10:00:00,30.830163,29.83,0.0,0.0
2023-06-22 11:00:00,30.702714000000007,29.83,0.0,0.0
2023-06-22 12:00:00,30.711460500000005,29.83,0.0,0.0
2023-06-22 13:00:00,30.670227,29.83,0.0,0.0
2023-06-22 14:00:00,30.71395950000001,29.83,0.0,0.0
2023-06-22 15:00:00,30.886390500000005,29.83,0.0,0.0
2023-06-22 16:00:00,33.083011500000005,34.56,0.0,0.0
2023-06-22 17:00:00,34.52368500000001,34.56,0.034905600000196144,0.03486892185019594
2023-06-22 18:00:00,37.03892850000001,34.56,0.11024639999982902,0.11815418191481677
2023-06-22 19:00:00,36.73530000000001,34.56,0.10886400000017603,0.11571619500018714
2023-06-22 20:00:00,35.758191000000004,34.56,0.09331199999983657,0.09654711569983089
2023-06-22 21:00:00,34.153833000000006,34.56,0.08467199999996229,0.08367689084996274
2023-06-22 22:00:00,32.4707565,34.56,0.07084799999997486,0.06656505082497638
2023-06-22 23:00:00,30.337860000000003,29.83,0.07755800000006512,0.07887843600006623
2023-06-23 00:00:00,29.263290000000005,29.83,0.06115149999997829,0.059989744499978716
2023-06-23 01:00:00,28.837210500000005,29.83,0.0641345000000434,0.06200000257504198
2023-06-23 02:00:00,28.773486000000005,29.83,0.05816849999991318,0.056108297699916265
2023-06-23 03:00:00,28.731003000000005,29.83,0.023863999999978295,0.0229848023999791
2023-06-23 04:00:00,29.183322000000004,29.83,0.4122506000001541,0.4033135100401508
2023-06-23 05:00:00,31.74854550000001,29.83,0.17152249999994573,0.18255413662494233
2023-06-23 06:00:00,33.479103,34.56,0.07706879999998492,0.07465839968998539
2023-06-23 07:00:00,33.720256500000005,34.56,0.0,0.0
2023-06-23 08:00:00,32.56821750000001,34.56,0.0,0.0
2023-06-23 09:00:00,30.6464865,29.83,0.0,0.0
2023-06-23 10:00:00,29.625645,29.83,0.0,0.0
2023-06-23 11:00:00,28.9884,29.83,0.0,0.0
2023-06-23 12:00:00,28.222456500000007,29.83,0.0,0.0
2023-06-23 13:00:00,27.361551,25.66,0.0,0.0
2023-06-23 14:00:00,27.276585000000004,25.66,0.0,0.0
2023-06-23 15:00:00,28.222456500000007,29.83,0.0,0.0
2023-06-23 16:00:00,29.488200000000003,29.83,0.003281300000125884,0.0032437020001244423
2023-06-23 17:00:00,30.798925500000003,29.83,0.0,0.0
2023-06-23 18:00:00,33.569067000000004,34.56,0.08778239999996731,0.08526543017996825
2023-06-23 19:00:00,34.498695000000005,34.56,0.08985599999976111,0.08969660699976155
2023-06-23 20:00:00,34.23505050000001,34.56,0.08259840000016848,0.08182177069516691
2023-06-23 21:00:00,33.696516,34.56,0.08328959999999498,0.0812086035599951
2023-06-23 22:00:00,32.651934000000004,34.56,0.0746496000001207,0.07052817744011405
2023-06-23 23:00:00,32.029683000000006,29.83,0.074575,0.08007420750000002
2023-06-24 00:00:00,31.077564,30.97,0.058533299999812965,0.05873659595981232
2023-06-24 01:00:00,30.222906000000005,30.97,0.07123100000014647,0.06951268380014294
2023-06-24 02:00:00,29.9017845,30.97,0.05264900000002253,0.05083303365002176
2023-06-24 03:00:00,29.154583500000005,30.97,0.027872999999763396,0.02623912514977727
2023-06-24 04:00:00,28.927174500000007,30.97,0.018582000000123937,0.017356304700115763
2023-06-24 05:00:00,28.899685500000007,30.97,0.0034067000001306953,0.003178965405121959
2023-06-24 06:00:00,28.900935000000008,30.97,0.033757299999835504,0.0315020191498465
2023-06-24 07:00:00,28.6847715,26.52,0.0026520000000578876,0.002868477150062613
2023-06-24 08:00:00,27.57521550000001,26.52,0.0,0.0
2023-06-24 09:00:00,24.57016800000001,26.52,0.0,0.0
2023-06-24 10:00:00,20.4918,18.88,0.0,0.0
2023-06-24 11:00:00,19.2410505,18.88,0.0,0.0
2023-06-24 12:00:00,17.605455,18.88,0.0,0.0
2023-06-24 13:00:00,17.406784499999997,18.88,0.0,0.0
2023-06-24 14:00:00,18.61755,18.88,0.007551999999993131,0.007447019999993227
2023-06-24 15:00:00,20.89164,18.88,0.017180800000065936,0.019011392400072963
2023-06-24 16:00:00,27.486501000000008,26.52,0.0,0.0
2023-06-24 17:00:00,29.8343115,30.97,0.012387999999988733,0.011933724599989147
2023-06-24 18:00:00,33.6053025,30.97,0.060081799999846766,0.06519428684983374
2023-06-24 19:00:00,35.040978,30.97,0.10808530000004957,0.12229301322005609
2023-06-24 20:00:00,36.200514000000005,30.97,0.07928320000009689,0.09267331584011328
2023-06-24 21:00:00,33.66902700000001,30.97,0.08361899999985353,0.09090637289984078
2023-06-24 22:00:00,32.150884500000004,30.97,0.07246980000011717,0.07523306973012166
2023-06-24 23:00:00,32.494497,30.97,0.059152699999939155,0.06206448926993617
2023-06-25 00:00:00,31.487400000000004,30.97,0.07277949999989859,0.07399538999989692
2023-06-25 01:00:00,30.8564025,30.97,0.059152700000220826,0.05893572877522003
2023-06-25 02:00:00,30.673975500000005,30.97,0.20935719999983776,0.20735607437983933
2023-06-25 03:00:00,30.099205500000004,30.97,0.14029410000013295,0.13634940091512923
2023-06-25 04:00:00,30.104203500000008,30.97,0.40168089999986706,0.3904515193948708
2023-06-25 05:00:00,28.446117,26.52,0.05913959999998842,0.06343484090998758
2023-06-25 06:00:00,27.285331500000005,26.52,0.03978000000014472,0.0409279972501489
2023-06-25 07:00:00,24.115350000000003,26.52,0.0,0.0
2023-06-25 08:00:00,21.4351725,18.88,0.0,0.0
2023-06-25 09:00:00,18.5788155,18.88,0.0,0.0
2023-06-25 10:00:00,17.380544999999998,18.88,0.0,0.0
2023-06-25 11:00:00,17.368049999999997,18.88,0.0,0.0
2023-06-25 12:00:00,17.356745,18.88,0.0,0.0
2023-06-25 13:00:00,17.356745,18.88,0.0,0.0
2023-06-25 14:00:00,17.366919499999998,18.88,0.0,0.0
2023-06-25 15:00:00,18.5788155,18.88,0.0,0.0
2023-06-25 16:00:00,26.26948800000001,26.52,0.0,0.0
2023-06-25 17:00:00,30.680223000000005,30.97,0.012387999999988733,0.012272089199988841
2023-06-25 18:00:00,33.1229955,30.97,0.056675099999997744,0.060615081764997594
2023-06-25 19:00:00,36.5866095,30.97,0.10591739999988958,0.12512620448986955
2023-06-25 20:00:00,37.789878,30.97,0.09291000000005634,0.11336963400006875
2023-06-25 21:00:00,35.523285,30.97,0.058842999999876064,0.06749424149985785
2023-06-25 22:00:00,32.238349500000005,30.97,0.07092130000008337,0.0738258203550868
2023-06-25 23:00:00,32.248345500000006,30.97,0.056675099999997744,0.05901447226499767
2023-06-26 00:00:00,30.941368500000006,29.83,0.06443280000010418,0.06683335596010807
2023-06-26 01:00:00,29.313270000000003,29.83,0.05995830000000651,0.058919672700006406
2023-06-26 02:00:00,28.548576000000004,29.83,0.046534799999984805,0.044535778559985466
2023-06-26 03:00:00,28.3174185,29.83,0.038778999999761254,0.03681264404977336
2023-06-26 04:00:00,30.109201500000005,29.83,0.00924730000025611,0.009333852465258507
2023-06-26 05:00:00,33.361650000000004,34.56,0.0,0.0
2023-06-26 06:00:00,33.867697500000006,34.56,0.0,0.0
2023-06-26 07:00:00,32.434521000000004,34.56,0.0,0.0
2023-06-26 08:00:00,30.052974000000003,29.83,0.0,0.0
2023-06-26 09:00:00,28.351155,29.83,0.0,0.0
2023-06-26 10:00:00,27.71890800000001,25.66,0.0,0.0
2023-06-26 11:00:00,26.729304000000003,25.66,0.0,0.0
2023-06-26 12:00:00,24.71011200000001,25.66,0.0,0.0
2023-06-26 13:00:00,23.731753500000003,25.66,0.0,0.0
2023-06-26 14:00:00,24.119098500000007,25.66,0.0,0.0
2023-06-26 15:00:00,25.404834000000005,25.66,0.0,0.0
2023-06-26 16:00:00,27.798876000000007,29.83,0.0056676999997981505,0.005281786439811896
2023-06-26 17:00:00,29.488200000000003,29.83,0.04772799999995659,0.0471811199999571
2023-06-26 18:00:00,31.04132850000001,29.83,0.0754699000001823,0.07853456110518973
2023-06-26 19:00:00,32.11215,29.83,0.07666309999988279,0.08252822549987383
2023-06-26 20:00:00,33.131742,34.56,0.07257600000001257,0.06957665820001206
2023-06-26 21:00:00,33.53283150000001,34.56,0.06739199999989942,0.06538902142490242
2023-06-26 22:00:00,32.11964700000001,29.83,0.07159200000020619,0.07708715280022203
2023-06-26 23:00:00,31.64108850000001,29.83,0.05816849999991318,0.06170012257490793
2023-06-27 00:00:00,29.960511000000004,29.83,0.05667699999988062,0.05692497089988011
2023-06-27 01:00:00,29.015889,29.83,0.07755800000006512,0.07544131140006334
2023-06-27 02:00:00,29.12834400000001,29.83,0.055185500000119375,0.05388743640011659
2023-06-27 03:00:00,28.522336500000005,29.83,0.043253499999858926,0.04135738792486512
2023-06-27 04:00:00,28.88469150000001,29.83,0.008949000000195337,0.00866540745018915
2023-06-27 05:00:00,31.77353550000001,29.83,0.0,0.0
2023-06-27 06:00:00,33.61155,34.56,0.0,0.0
2023-06-27 07:00:00,33.24294750000001,34.56,0.0,0.0
2023-06-27 08:00:00,30.142938000000004,29.83,0.0,0.0
2023-06-27 09:00:00,28.613550000000004,29.83,0.0,0.0
2023-06-27 10:00:00,27.3977865,25.66,0.0,0.0
2023-06-27 11:00:00,26.398186500000005,25.66,0.0,0.0
2023-06-27 12:00:00,25.297377000000004,25.66,0.0,0.0
2023-06-27 13:00:00,25.87964400000001,25.66,0.0,0.0
2023-06-27 14:00:00,27.1079025,25.66,0.0,0.0
2023-06-27 15:00:00,28.49484750000001,29.83,0.0029829999997938103,0.00284948474980304
2023-06-27 16:00:00,29.41323000000001,29.83,0.02983000000010852,0.029413230000107014
2023-06-27 17:00:00,31.5586215,29.83,0.023863999999978295,0.025246897199977043
2023-06-27 18:00:00,33.662779500000006,34.56,0.11162880000011065,0.1087307777851078
2023-06-27 19:00:00,34.210060500000004,34.56,0.11128320000004024,0.11015639481003983
2023-06-27 20:00:00,33.71525850000001,34.56,0.10298879999992205,0.10047147032992398
2023-06-27 21:00:00,32.994297,34.56,0.0864,0.08248574250000001
2023-06-27 22:00:00,31.882242000000005,29.83,0.05787019999985241,0.06185154947984227
2023-06-27 23:00:00,29.623146,29.83,0.06502940000022572,0.06457845828022415
2023-06-28 00:00:00,28.687270500000007,29.83,0.053693999999815514,0.0516370868998226
2023-06-28 01:00:00,28.24994550000001,29.83,0.06115149999997829,0.057912388274979465
2023-06-28 02:00:00,28.149985500000007,29.83,0.06473110000016495,0.06108546853515568
2023-06-28 03:00:00,28.268688000000004,29.83,0.05995830000000651,0.056820062880006184
2023-06-28 04:00:00,29.1620805,29.83,0.0351993999998459,0.03441125498984935
2023-06-28 05:00:00,31.865998500000003,29.83,0.004176200000036897,0.0044612397900394155
2023-06-28 06:00:00,33.798975000000006,34.56,0.062553600000171,0.061176144750167236
2023-06-28 07:00:00,33.380392500000006,34.56,0.0,0.0
2023-06-28 08:00:00,31.5686175,29.83,0.0,0.0
2023-06-28 09:00:00,30.099205500000004,29.83,0.0,0.0
2023-06-28 10:00:00,29.775585000000007,29.83,0.0,0.0
2023-06-28 11:00:00,30.010491000000005,29.83,0.0,0.0
2023-06-28 12:00:00,29.540679000000004,29.83,0.0,0.0
2023-06-28 13:00:00,29.312020500000006,29.83,0.0,0.0
2023-06-28 14:00:00,29.287030500000007,29.83,0.0,0.0
2023-06-28 15:00:00,29.563170000000003,29.83,0.0056676999997981505,0.005617002299799957
2023-06-28 16:00:00,30.747696,29.83,0.03877900000003256,0.03997200480003356
2023-06-28 17:00:00,33.476604,34.56,0.10195200000002515,0.09875598180002436
2023-06-28 18:00:00,36.757791000000005,34.56,0.11301120000007796,0.12019797657008292
2023-06-28 19:00:00,38.312169,34.56,0.13305600000007545,0.14750185065008362
2023-06-28 20:00:00,37.247595,34.56,0.11888640000001761,0.12813172680001897
2023-06-28 21:00:00,34.861050000000006,34.56,0.07361279999990948,0.07425403649990871
2023-06-28 22:00:00,32.499495,34.56,0.08398079999982148,0.07897377284983212
2023-06-28 23:00:00,32.294577000000004,34.56,0.07015680000014837,0.06555799131013865
2023-06-29 00:00:00,31.120047000000003,29.83,0.057571900000062945,0.06006169071006567
2023-06-29 01:00:00,30.07796400000001,29.83,0.06801240000001953,0.06857775792001972
2023-06-29 02:00:00,29.623146,29.83,0.05220249999978296,0.05184050549978446
2023-06-29 03:00:00,29.853054000000007,29.83,0.039972200000004336,0.04000309236000436
2023-06-29 04:00:00,30.427824000000005,29.83,0.011931999999989147,0.012171129599988933
2023-06-29 05:00:00,32.588209500000005,34.56,0.0,0.0
2023-06-29 06:00:00,33.68027250000001,34.56,0.0,0.0
2023-06-29 07:00:00,33.650284500000005,34.56,0.0,0.0
2023-06-29 08:00:00,31.910980500000004,29.83,0.0,0.0
2023-06-29 09:00:00,30.606502500000005,29.83,0.021179300000245257,0.021730616775251645
2023-06-29 10:00:00,29.688120000000005,29.83,0.0,0.0
2023-06-29 11:00:00,29.843058000000006,29.83,0.0,0.0
2023-06-29 12:00:00,29.643138000000008,29.83,0.04593819999986327,0.045650432519864136
2023-06-29 13:00:00,29.688120000000005,29.83,0.004474500000097669,0.004453218000097205
2023-06-29 14:00:00,29.86305,29.83,0.194491600000013,0.19470708600001307
2023-06-29 15:00:00,30.002994000000005,29.83,0.029233399999986975,0.029402934119986908
2023-06-29 16:00:00,31.366198500000007,29.83,0.036094300000028216,0.037953100185029676
2023-06-29 17:00:00,33.768987,34.56,0.24157439999986677,0.23604521912986978
2023-06-29 18:00:00,38.1409875,34.56,0.09192959999986926,0.10145502674985571
2023-06-29 19:00:00,38.806971,34.56,0.12130560000019613,0.13621246821022023
2023-06-29 20:00:00,36.701563500000006,34.56,0.06946560000000755,0.07377014263500803
2023-06-29 21:00:00,35.08720950000001,34.56,0.07672319999991452,0.07789360508991322
2023-06-29 22:00:00,32.50074450000001,34.56,0.06670080000007293,0.0627264368850686
2023-06-29 23:00:00,31.812270000000005,29.83,0.05578209999996961,0.05948894489996761
2023-06-30 00:00:00,30.287880000000005,29.83,0.06294130000007163,0.06390742680007273
2023-06-30 01:00:00,29.433222000000004,29.83,0.053395700000026046,0.05268546738002571
2023-06-30 02:00:00,29.568168000000004,29.83,0.05667699999988062,0.05617951919988168
2023-06-30 03:00:00,29.37699450000001,29.83,0.027145300000104178,0.026733064995102605
2023-06-30 04:00:00,30.823915500000005,29.83,0.008650699999863263,0.00893893549485871
2023-06-30 05:00:00,33.2054625,34.56,0.0,0.0
2023-06-30 06:00:00,34.7323515,34.56,0.0,0.0
2023-06-30 07:00:00,34.0376295,34.56,0.0,0.0
2023-06-30 08:00:00,33.150484500000005,34.56,0.0,0.0
2023-06-30 09:00:00,31.095057000000004,29.83,0.07159199999993489,0.07462813679993213
2023-06-30 10:00:00,30.267888000000006,29.83,0.0,0.0
2023-06-30 11:00:00,29.970507000000005,29.83,0.0,0.0
2023-06-30 12:00:00,28.824715500000007,29.83,0.0,0.0
2023-06-30 13:00:00,28.42112700000001,29.83,0.0,0.0
2023-06-30 14:00:00,28.613550000000004,29.83,0.0,0.0
2023-06-30 15:00:00,28.864699500000004,29.83,0.08352400000019534,0.08082115860018903
2023-06-30 16:00:00,29.658132000000005,29.83,0.006562599999980466,0.00652478903998058
2023-06-30 17:00:00,31.078813500000003,29.83,0.48115789999981334,0.5013012617548056
2023-06-30 18:00:00,32.107152000000006,29.83,0.6082337000001996,0.6546648292802151
2023-06-30 19:00:00,34.0401285,34.56,0.6666624000000303,0.6566340787650298
2023-06-30 20:00:00,33.70401300000001,34.56,0.1624319999997737,0.15840886109977934
2023-06-30 21:00:00,32.660680500000005,34.56,0.07257600000001257,0.06858742905001189
2023-06-30 22:00:00,31.046326500000003,29.83,0.05429059999993705,0.056504314229934495
2023-06-30 23:00:00,31.080063000000003,29.83,0.07099540000008464,0.0739705499400882
2023-07-01 00:00:00,30.976354500000006,30.97,0.05636539999993465,0.05637696518993465
2023-07-01 01:00:00,30.40158450000001,30.97,0.05264900000002253,0.05168269365002214
2023-07-01 02:00:00,29.755593,30.97,0.06039150000019154,0.05802340635018403
2023-07-01 03:00:00,29.62689450000001,30.97,0.0030969999997859307,0.002962689449795215
2023-07-01 04:00:00,27.8775945,26.52,0.01326000000004824,0.01393879725005071
2023-07-01 05:00:00,27.192868500000003,26.52,0.0026520000000578876,0.0027192868500593567
2023-07-01 06:00:00,28.082512500000007,26.52,0.013525200000102268,0.014322081375108297
2023-07-01 07:00:00,27.11789850000001,26.52,0.0,0.0
2023-07-01 08:00:00,25.477305000000005,26.52,0.0,0.0
2023-07-01 09:00:00,22.839610500000003,26.52,0.0,0.0
2023-07-01 10:00:00,20.4430695,18.88,0.0,0.0
2023-07-01 11:00:00,19.4709585,18.88,0.0,0.0
2023-07-01 12:00:00,17.9215785,18.88,0.0,0.0
2023-07-01 13:00:00,17.3767965,18.88,0.005852799999990384,0.005386806914991151
2023-07-01 14:00:00,17.4892515,18.88,0.0016992000000027475,0.0015740326350025453
2023-07-01 15:00:00,18.9061845,18.88,0.007551999999993131,0.007562473799993121
2023-07-01 16:00:00,24.189070500000003,26.52,0.0,0.0
2023-07-01 17:00:00,27.00669300000001,26.52,0.01352519999986107,0.013773413429858525
2023-07-01 18:00:00,27.658932000000007,26.52,0.06576960000013314,0.06859415136013888
2023-07-01 19:00:00,28.56357,26.52,0.07160399999987457,0.0771216389998649
2023-07-01 20:00:00,28.962160500000003,30.97,0.09538759999999774,0.0892034543399979
2023-07-01 21:00:00,28.984651500000005,30.97,0.07370860000008789,0.06898347057008226
2023-07-01 22:00:00,28.59605700000001,26.52,0.05781359999995948,0.06233940425995633
2023-07-01 23:00:00,19.4234775,18.88,0.04323520000005082,0.04447976347505229
2023-07-02 00:00:00,17.764141499999997,18.88,0.03606079999996291,0.0339295102649651
2023-07-02 01:00:00,17.369299499999997,18.88,0.03700479999998351,0.03404382701998483
2023-07-02 02:00:00,17.368049999999997,18.88,0.03870399999998626,0.03560450249998736
2023-07-02 03:00:00,17.3646585,18.88,0.012272000000096159,0.011287028025088441
2023-07-02 04:00:00,17.3623975,18.88,0.0,0.0
2023-07-02 05:00:00,17.3623975,18.88,0.01699199999985576,0.015626157749867357
2023-07-02 06:00:00,17.311525,18.88,0.0018880000000412109,0.0017311525000377873
2023-07-02 07:00:00,17.0345525,18.88,0.0,0.0
2023-07-02 08:00:00,15.6643865,18.88,0.0,0.0
2023-07-02 09:00:00,13.1852,18.88,0.007551999999993131,0.005274079999995204
2023-07-02 10:00:00,6.2767145000000015,18.88,0.0,0.0
2023-07-02 11:00:00,-1.619827999999998,18.88,0.0,-0.0
2023-07-02 12:00:00,-12.807256,18.88,0.013216000000116763,-0.008965079200079207
2023-07-02 13:00:00,-39.15695000000001,18.88,0.00943999999986263,-0.0195784749997151
2023-07-02 14:00:00,-27.73889999999999,18.88,0.0,-0.0
2023-07-02 15:00:00,3.326109500000001,18.88,0.0,0.0
2023-07-02 16:00:00,13.390951,18.88,0.06287040000010166,0.044591866830072095
2023-07-02 17:00:00,16.688619499999998,18.88,0.034739200000037086,0.03070705988003278
2023-07-02 18:00:00,17.971558499999997,18.88,0.06910079999999726,0.06577590410999737
2023-07-02 19:00:00,26.000845500000004,26.52,0.08327279999983984,0.08164265486984298
2023-07-02 20:00:00,28.065019500000005,26.52,0.07293000000014473,0.07717880362515317
2023-07-02 21:00:00,29.225805,30.97,0.07061160000002029,0.06663483540001913
2023-07-02 22:00:00,28.123746000000004,26.52,0.04720559999996913,0.05006026787996727
2023-07-02 23:00:00,25.61475,26.52,0.05807880000001351,0.05609630250001305
2023-07-03 00:00:00,22.80337500000001,25.66,0.041825799999886115,0.03716950124989881
2023-07-03 01:00:00,20.3780955,25.66,0.04541819999991785,0.03606922903493476
2023-07-03 02:00:00,18.650037,25.66,0.05465580000016616,0.03972457881012077
2023-07-03 03:00:00,19.34226,25.66,0.1426695999998936,0.10754296559991978
2023-07-03 04:00:00,24.115350000000003,25.66,0.16781640000011575,0.1577143890001088
2023-07-03 05:00:00,28.113750000000003,29.83,0.17331230000003905,0.16334088750003684
2023-07-03 06:00:00,31.223755500000003,29.83,0.0,0.0
2023-07-03 07:00:00,30.4765545,29.83,0.0,0.0
2023-07-03 08:00:00,25.078714500000007,25.66,0.0,0.0
2023-07-03 09:00:00,17.493,25.66,0.004875399999826368,0.003323669999881631
2023-07-03 10:00:00,17.361267,25.66,0.0,0.0
2023-07-03 11:00:00,17.040205,25.66,0.0,0.0
2023-07-03 12:00:00,16.725925999999998,25.66,0.0,0.0
2023-07-03 13:00:00,16.8039305,25.66,0.0,0.0
2023-07-03 14:00:00,17.057162499999997,25.66,0.0,0.0
2023-07-03 15:00:00,17.360136499999996,25.66,0.0,0.0
2023-07-03 16:00:00,20.179425,25.66,0.0,0.0
2023-07-03 17:00:00,28.4073825,29.83,0.010440499999956592,0.009942583874958662
2023-07-03 18:00:00,31.909731000000004,29.83,0.05220250000005426,0.055842029250058045
2023-07-03 19:00:00,32.929323000000004,34.56,0.1600128000002238,0.15246276549021326
2023-07-03 20:00:00,33.372895500000006,34.56,0.12752639999989188,0.12314598439489562
2023-07-03 21:00:00,32.515738500000005,34.56,0.0763775999998441,0.07185978208485333
2023-07-03 22:00:00,31.674825,29.83,0.061748100000099844,0.06556688775010601
2023-07-03 23:00:00,29.421976500000003,29.83,0.06025660000006728,0.05943239253006637
2023-07-04 00:00:00,27.464010000000005,25.66,0.041825799999886115,0.04476633629987812
2023-07-04 01:00:00,26.239500000000003,25.66,0.056452000000065346,0.057726900000066826
2023-07-04 02:00:00,25.412331000000005,25.66,0.04233899999999067,0.04193034614999076
2023-07-04 03:00:00,26.30322450000001,25.66,0.030791999999971995,0.0315638693999713
2023-07-04 04:00:00,28.0000455,29.83,0.01789800000011937,0.01680002730011205
2023-07-04 05:00:00,31.578613500000003,29.83,0.2893509999998047,0.30631255094979326
2023-07-04 06:00:00,32.3583015,34.56,0.0432,0.040447876875000004
2023-07-04 07:00:00,31.523635500000005,29.83,0.004474500000097669,0.004728545325103215
2023-07-04 08:00:00,26.874246000000003,25.66,0.0,0.0
2023-07-04 09:00:00,21.571368,25.66,0.0,0.0
2023-07-04 10:00:00,18.627546,25.66,0.0,0.0
2023-07-04 11:00:00,17.3767965,25.66,0.0,0.0
2023-07-04 12:00:00,17.375546999999997,25.66,0.0,0.0
2023-07-04 13:00:00,18.6063045,25.66,0.0,0.0
2023-07-04 14:00:00,22.268589,25.66,0.002822600000108287,0.0024495447900939747
2023-07-04 15:00:00,27.843858000000008,29.83,0.0,0.0
2023-07-04 16:00:00,29.073366000000007,29.83,0.0,0.0
2023-07-04 17:00:00,31.974705000000004,29.83,0.1956847999999848,0.20975406479998374
2023-07-04 18:00:00,35.88564,34.56,0.17902080000001008,0.18588761520001046
2023-07-04 19:00:00,39.1081005,34.56,0.10886399999986171,0.12319051657484349
2023-07-04 20:00:00,38.85070350000001,34.56,0.08294399999992458,0.09324168839991522
2023-07-04 21:00:00,35.489548500000005,34.56,0.10056960000005784,0.10327458613505941
2023-07-04 22:00:00,32.873095500000005,34.56,0.08398080000013579,0.07988162206512917
2023-07-04 23:00:00,32.90183400000001,34.56,0.08087039999981645,0.07699029155982526
2023-07-05 00:00:00,31.163779500000008,29.83,0.0766631000001541,0.08009091331516102
2023-07-05 01:00:00,29.208312000000006,29.83,0.05667699999988062,0.055495792799883134
2023-07-05 02:00:00,28.21495950000001,29.83,0.057273600000002166,0.05417272224000207
2023-07-05 03:00:00,25.777185000000003,25.66,0.04182580000011949,0.04201681155012004
2023-07-05 04:00:00,25.848406500000003,25.66,0.03592399999985064,0.03618776909984955
2023-07-05 05:00:00,26.944218000000006,25.66,0.0,0.0
2023-07-05 06:00:00,28.937170500000004,29.83,0.0,0.0
2023-07-05 07:00:00,29.6568825,29.83,0.0,0.0
2023-07-05 08:00:00,27.663930000000004,25.66,0.0,0.0
2023-07-05 09:00:00,26.544378000000005,25.66,0.0,0.0
2023-07-05 10:00:00,22.14114,25.66,0.0,0.0
2023-07-05 11:00:00,17.374297499999997,25.66,0.0,0.0
2023-07-05 12:00:00,17.0187255,25.66,0.0,0.0
2023-07-05 13:00:00,16.2454635,25.66,0.0,0.0
2023-07-05 14:00:00,16.248855,25.66,0.0,0.0
2023-07-05 15:00:00,16.970114,25.66,0.0,0.0
2023-07-05 16:00:00,20.2831335,25.66,0.0,0.0
2023-07-05 17:00:00,27.763890000000007,29.83,0.008949000000195337,0.00832916700018181
2023-07-05 18:00:00,30.43906950000001,29.83,0.07606649999976126,0.0776196272247564
2023-07-05 19:00:00,32.167128,29.83,0.09694750000021704,0.10454316600023404
2023-07-05 20:00:00,32.7056625,34.56,0.09227519999993966,0.08732411887494289
2023-07-05 21:00:00,32.529483000000006,34.56,0.0864,0.08132370750000002
2023-07-05 22:00:00,31.7135595,29.83,0.06353789999992186,0.06754988173491693
2023-07-05 23:00:00,28.815969000000003,29.83,0.056677000000151925,0.054750341100146774
2023-07-06 00:00:00,27.863850000000003,29.83,0.07099539999981334,0.06631596299982565
2023-07-06 01:00:00,27.663930000000004,25.66,0.047984199999973866,0.05173154909997183
2023-07-06 02:00:00,27.7451475,29.83,0.050114400000171457,0.046611847800159485
2023-07-06 03:00:00,27.990049500000005,29.83,0.03788409999985024,0.03554736286485948
2023-07-06 04:00:00,29.1595815,29.83,0.011931999999989147,0.011663832599989392
2023-07-06 05:00:00,31.581112500000003,29.83,0.0,0.0
2023-07-06 06:00:00,33.14798550000001,34.56,0.0072576000002212825,0.0069610769552122444
2023-07-06 07:00:00,32.96805750000001,34.56,0.0,0.0
2023-07-06 08:00:00,31.233751500000004,29.83,0.0,0.0
2023-07-06 09:00:00,29.242048500000006,29.83,0.0,0.0
2023-07-06 10:00:00,28.149985500000007,29.83,0.0,0.0
2023-07-06 11:00:00,27.1353915,25.66,0.0,0.0
2023-07-06 12:00:00,26.916729000000007,25.66,0.0,0.0
2023-07-06 13:00:00,27.132892500000004,25.66,0.0,0.0
2023-07-06 14:00:00,27.870097500000007,29.83,0.0,0.0
2023-07-06 15:00:00,28.376145000000005,29.83,0.0,0.0
2023-07-06 16:00:00,29.7168585,29.83,0.0,0.0
2023-07-06 17:00:00,31.914729,29.83,0.0984389999999783,0.10531860569997678
2023-07-06 18:00:00,36.18552,34.56,0.08432639999989189,0.08829266879988679
2023-07-06 19:00:00,40.375093500000006,34.56,0.13201919999986422,0.1542328571698414
2023-07-06 20:00:00,40.341357,34.56,0.11162880000011065,0.13030258311012916
2023-07-06 21:00:00,34.557421500000004,34.56,0.07741440000005533,0.07740862416005533
2023-07-06 22:00:00,32.234601000000005,34.56,0.0763775999998441,0.07123846820985459
2023-07-06 23:00:00,31.612350000000003,29.83,0.06860900000014107,0.07270840500014951
2023-07-07 00:00:00,30.347856000000004,29.83,0.05816849999991318,0.059178319199911684
2023-07-07 01:00:00,29.563170000000003,29.83,0.06443280000010418,0.06385644720010325
2023-07-07 02:00:00,29.354503500000003,29.83,0.0548872000000586,0.05401228644005768
2023-07-07 03:00:00,29.614399500000005,29.83,0.029829999999837216,0.0296143994998384
2023-07-07 04:00:00,30.105453000000004,29.83,0.008948999999924035,0.009031635899923335
2023-07-07 05:00:00,34.295026500000006,34.56,0.0,0.0
2023-07-07 06:00:00,32.574465000000004,34.56,0.0,0.0
2023-07-07 07:00:00,30.9663585,29.83,0.0,0.0
2023-07-07 08:00:00,28.837210500000005,29.83,0.0,0.0
2023-07-07 09:00:00,27.863850000000003,29.83,0.00924730000025611,0.00863779350023923
2023-07-07 10:00:00,27.254094,25.66,0.0,0.0
2023-07-07 11:00:00,26.72680500000001,25.66,0.0,0.0
2023-07-07 12:00:00,25.6859715,25.66,0.0,0.0
2023-07-07 13:00:00,25.48730100000001,25.66,0.0,0.0
2023-07-07 14:00:00,25.637241000000003,25.66,0.0,0.0
2023-07-07 15:00:00,27.400285500000003,25.66,0.0,0.0
2023-07-07 16:00:00,28.613550000000004,29.83,0.0056676999997981505,0.0054365744998063825
2023-07-07 17:00:00,32.0684175,29.83,0.1303570999999696,0.14013898447496734
2023-07-07 18:00:00,35.708211000000006,34.56,0.14411520000012826,0.14890323987013251
2023-07-07 19:00:00,39.014388,34.56,0.11266560000000755,0.1271869048800085
2023-07-07 20:00:00,34.803573,34.56,0.0864,0.0870089325
2023-07-07 21:00:00,32.020936500000005,29.83,0.055185500000119375,0.059238732525128145
2023-07-07 22:00:00,30.057972000000003,29.83,0.06413449999977211,0.06462463979977037
2023-07-07 23:00:00,29.896786500000005,29.83,0.06771410000023007,0.0678657053552306
2023-07-08 00:00:00,28.880943,30.97,0.05977209999978368,0.05574021998979827
2023-07-08 01:00:00,28.609801500000003,26.52,0.06126120000017945,0.0660886414651936
2023-07-08 02:00:00,28.246197,26.52,0.05542679999995562,0.05903455172995273
2023-07-08 03:00:00,28.468608000000003,26.52,0.0026519999998166894,0.0028468607998032207
2023-07-08 04:00:00,28.4348715,26.52,0.0,0.0
2023-07-08 05:00:00,27.981303000000004,26.52,0.0,0.0
2023-07-08 06:00:00,28.021287000000004,26.52,0.0,0.0
2023-07-08 07:00:00,27.835111500000004,26.52,0.0,0.0
2023-07-08 08:00:00,26.869248,26.52,0.0,0.0
2023-07-08 09:00:00,24.977505000000004,26.52,0.0,0.0
2023-07-08 10:00:00,23.155734,26.52,0.0,0.0
2023-07-08 11:00:00,21.768789,18.88,0.0,0.0
2023-07-08 12:00:00,19.4559645,18.88,0.0,0.0
2023-07-08 13:00:00,19.4584635,18.88,0.058528000000075554,0.06032123685007787
2023-07-08 14:00:00,22.366050000000005,18.88,0.057584000000054945,0.06821645250006511
2023-07-08 15:00:00,24.977505000000004,26.52,0.057018000000038586,0.05370163575003636
2023-07-08 16:00:00,27.78888,26.52,0.05834399999982634,0.061135535999818025
2023-07-08 17:00:00,30.775185000000004,30.97,0.06503700000001127,0.06462788850001121
2023-07-08 18:00:00,32.487,30.97,0.07432799999993239,0.0779687999999291
2023-07-08 19:00:00,33.45661200000001,30.97,0.0820705000001014,0.08866002180010955
2023-07-08 20:00:00,33.96890700000001,30.97,0.05853330000009464,0.06420123423010382
2023-07-08 21:00:00,33.576564000000005,30.97,0.07618620000002929,0.08259834744003178
2023-07-08 22:00:00,31.85225400000001,30.97,0.055745999999808456,0.05733405719980302
2023-07-08 23:00:00,31.042578,30.97,0.06194000000022533,0.06208515600022586
2023-07-09 00:00:00,30.080463000000005,30.97,0.07123099999986479,0.0691850648998687
2023-07-09 01:00:00,30.090459,30.97,0.05574600000009013,0.05416282620008757
2023-07-09 02:00:00,29.293278,30.97,0.0681339999997972,0.06444521159980818
2023-07-09 03:00:00,29.33701050000001,30.97,0.04676470000023209,0.04429888585521988
2023-07-09 04:00:00,29.478204,30.97,0.033757299999835504,0.03213124235984343
2023-07-09 05:00:00,29.198316,30.97,0.003097000000067601,0.002919831600063734
2023-07-09 06:00:00,28.763490000000008,30.97,0.0,0.0
2023-07-09 07:00:00,28.143738,26.52,0.0,0.0
2023-07-09 08:00:00,27.0029445,26.52,0.0,0.0
2023-07-09 09:00:00,24.8837925,26.52,0.0,0.0
2023-07-09 10:00:00,23.630544000000004,26.52,0.0,0.0
2023-07-09 11:00:00,23.0770155,26.52,0.0,0.0
2023-07-09 12:00:00,21.9899505,18.88,0.0,0.0
2023-07-09 13:00:00,22.9720575,26.52,0.0,0.0
2023-07-09 14:00:00,24.259042500000007,26.52,0.0,0.0
2023-07-09 15:00:00,26.4881505,26.52,0.12199200000000965,0.12184549230000963
2023-07-09 16:00:00,27.663930000000004,26.52,0.031823999999971056,0.03319671599996982
2023-07-09 17:00:00,30.500295000000005,30.97,0.08764510000011042,0.08631583485010876
2023-07-09 18:00:00,32.6381895,30.97,0.1799356999997589,0.18962788099474595
2023-07-09 19:00:00,33.876444000000006,30.97,0.2350623000000045,0.25712220996000495
2023-07-09 20:00:00,34.123845,30.97,0.10746590000020506,0.11840974215022594
2023-07-09 21:00:00,33.876444000000006,30.97,0.07773470000006309,0.08502987444006903
2023-07-09 22:00:00,32.31207,30.97,0.07866379999997071,0.08207265779996943
2023-07-09 23:00:00,31.4236755,30.97,0.05791389999996845,0.058762273184967996
2023-07-10 00:00:00,30.11295,29.83,0.06860899999986977,0.06925978499986854
2023-07-10 01:00:00,29.150835000000004,29.83,0.06294130000007163,0.06150826185007
2023-07-10 02:00:00,28.855953000000003,29.83,0.05190419999999349,0.050209358219993706
2023-07-10 03:00:00,29.027134500000003,29.83,0.074575,0.07256783625
2023-07-10 04:00:00,30.505293000000005,29.83,0.024758899999889308,0.025319393189886807
2023-07-10 05:00:00,32.5707165,34.56,0.0,0.0
2023-07-10 06:00:00,33.95891100000001,34.56,0.0,0.0
2023-07-10 07:00:00,34.145086500000005,34.56,0.0,0.0
2023-07-10 08:00:00,32.105902500000006,29.83,0.0,0.0
2023-07-10 09:00:00,30.522786000000004,29.83,0.008949000000195337,0.009156835800199875
2023-07-10 10:00:00,29.23705050000001,29.83,0.0,0.0
2023-07-10 11:00:00,28.517338500000008,29.83,0.0,0.0
2023-07-10 12:00:00,27.384042000000004,25.66,0.0,0.0
2023-07-10 13:00:00,26.674326000000004,25.66,0.0,0.0
2023-07-10 14:00:00,26.391939000000004,25.66,0.002565999999822634,0.0026391938998175752
2023-07-10 15:00:00,27.546477000000003,25.66,0.0,0.0
2023-07-10 16:00:00,28.755993000000007,29.83,0.0,0.0
2023-07-10 17:00:00,32.6956665,34.56,0.0736128000002238,0.06964176964521172
2023-07-10 18:00:00,38.046025500000006,34.56,0.1492991999999271,0.16435883015991976
2023-07-10 19:00:00,39.3604995,34.56,0.16761599999988686,0.19089842257487113
2023-07-10 20:00:00,39.8677965,34.56,0.14515200000002515,0.167444745300029
2023-07-10 21:00:00,37.724904,34.56,0.07257600000001257,0.07922229840001373
2023-07-10 22:00:00,34.073865,34.56,0.06808320000004024,0.06712551405003966
2023-07-10 23:00:00,32.9130795,34.56,0.07983359999991954,0.07602921364492338
2023-07-11 00:00:00,31.829763000000003,29.83,0.05578209999996961,0.059521656809967585
2023-07-11 01:00:00,30.524035500000004,29.83,0.06502940000022572,0.06654239739023099
2023-07-11 02:00:00,29.94801600000001,29.83,0.06562599999980466,0.06588563519980391
2023-07-11 03:00:00,29.825565000000005,29.83,0.028935100000197504,0.028930798050197486
2023-07-11 04:00:00,31.454913000000005,29.83,0.011931999999989147,0.01258196519998856
2023-07-11 05:00:00,32.805622500000005,34.56,0.0,0.0
2023-07-11 06:00:00,33.03553050000001,34.56,0.0,0.0
2023-07-11 07:00:00,32.4807525,34.56,0.0,0.0
2023-07-11 08:00:00,30.500295000000005,29.83,0.0,0.0
2023-07-11 09:00:00,29.090859000000005,29.83,0.0,0.0
2023-07-11 10:00:00,27.500245500000005,25.66,0.0,0.0
2023-07-11 11:00:00,24.585162000000004,25.66,0.002565999999822634,0.002458516199830064
2023-07-11 12:00:00,23.164480500000003,25.66,0.056452000000065346,0.050961857100058995
2023-07-11 13:00:00,23.2894305,25.66,0.0,0.0
2023-07-11 14:00:00,25.695967500000005,25.66,0.03156180000012883,0.03160604002512901
2023-07-11 15:00:00,28.391139000000003,29.83,0.4316400999997634,0.4108197813297749
2023-07-11 16:00:00,29.289529500000004,29.83,0.16317010000014326,0.16021372636514067
2023-07-11 17:00:00,32.559471,34.56,0.0850176000000327,0.08009629866003079
2023-07-11 18:00:00,38.8606995,34.56,0.11301120000007796,0.12707448736508767
2023-07-11 19:00:00,39.9827505,34.56,0.15621119999976363,0.18072203225972655
2023-07-11 20:00:00,34.23630000000001,34.56,0.1600128000002238,0.15851406900022175
2023-07-11 21:00:00,32.35580250000001,34.56,0.15240959999993212,0.1426890890249365
2023-07-11 22:00:00,30.26039100000001,29.83,0.14378059999999132,0.14585508461999125
2023-07-11 23:00:00,29.671876500000007,29.83,0.13304179999997395,0.13233656918997413
2023-07-12 00:00:00,28.7385,29.83,0.13751630000007162,0.13248448500006899
2023-07-12 01:00:00,28.613550000000004,29.83,0.1285672999998763,0.12332440049988135
2023-07-12 02:00:00,27.625195500000004,25.66,0.10777200000001867,0.11602582110002012
2023-07-12 03:00:00,27.811371000000005,29.83,0.1449737999999631,0.13516326305996562
2023-07-12 04:00:00,28.005043500000006,29.83,0.05608040000003039,0.05264948178002854
2023-07-12 05:00:00,30.11919750000001,29.83,0.003281300000125884,0.003313111725127106
2023-07-12 06:00:00,32.11714800000001,29.83,0.0,0.0
2023-07-12 07:00:00,32.36205,34.56,0.003110400000005029,0.0029125845000047097
2023-07-12 08:00:00,30.467808000000005,29.83,0.1595904999999566,0.1630027727999557
2023-07-12 09:00:00,28.158732000000004,29.83,0.007457499999891478,0.00703968299989756
2023-07-12 10:00:00,26.085811500000005,25.66,0.0,0.0
2023-07-12 11:00:00,19.3510065,25.66,0.0,0.0
2023-07-12 12:00:00,18.982404,25.66,0.0,0.0
2023-07-12 13:00:00,19.7833335,25.66,0.0,0.0
2023-07-12 14:00:00,20.7454485,25.66,0.0,0.0
2023-07-12 15:00:00,24.111601500000003,25.66,0.0,0.0
2023-07-12 16:00:00,27.678924,25.66,0.025916600000145628,0.027955713240157082
2023-07-12 17:00:00,29.783082,29.83,0.08770019999996093,0.087562261079961
2023-07-12 18:00:00,32.284581,34.56,0.21600000000000003,0.20177863125000003
2023-07-12 19:00:00,35.643237000000006,34.56,0.19941119999976364,0.20566147748975627
2023-07-12 20:00:00,36.346705500000006,34.56,0.1461888000002364,0.15374656426524863
2023-07-12 21:00:00,33.162979500000006,34.56,0.14169599999994972,0.13596821594995176
2023-07-12 22:00:00,31.60110450000001,29.83,0.1097743999998459,0.11629206455983679
2023-07-12 23:00:00,30.499045500000005,29.83,0.10022880000007162,0.10247679288007325
2023-07-13 00:00:00,29.491948500000003,29.83,0.11156419999993922,0.11029988738993993
2023-07-13 01:00:00,29.24329800000001,29.83,0.08054100000013023,0.07895690460012769
2023-07-13 02:00:00,28.894687500000003,29.83,0.05816849999991318,0.05634464062491591
2023-07-13 03:00:00,28.875945,29.83,0.3302180999999913,0.3196567111499916
2023-07-13 04:00:00,29.067118500000003,29.83,0.023863999999978295,0.023253694799978852
2023-07-13 05:00:00,30.786430500000005,29.83,0.02684700000004341,0.027707787450044805
2023-07-13 06:00:00,32.648185500000004,34.56,0.0,0.0
2023-07-13 07:00:00,32.24959500000001,34.56,0.0,0.0
2023-07-13 08:00:00,30.426574500000005,29.83,0.0,0.0
2023-07-13 09:00:00,28.759741500000004,29.83,0.0,0.0
2023-07-13 10:00:00,27.881343000000005,29.83,0.0029830000000651124,0.0027881343000608592
2023-07-13 11:00:00,27.026685000000004,25.66,0.0,0.0
2023-07-13 12:00:00,24.962511000000003,25.66,0.005131999999878645,0.004992502199881944
2023-07-13 13:00:00,23.618049000000003,25.66,0.0,0.0
2023-07-13 14:00:00,25.1311935,25.66,0.00256600000005601,0.002513119350054856
2023-07-13 15:00:00,26.901735,25.66,0.010263999999990666,0.010760693999990212
2023-07-13 16:00:00,28.309921500000005,29.83,0.0,0.0
2023-07-13 17:00:00,29.075865000000004,29.83,0.020881000000184488,0.02035310550017982
2023-07-13 18:00:00,32.032182000000006,29.83,0.09396449999988063,0.10090137329987182
2023-07-13 19:00:00,33.719007000000005,34.56,0.11231999999993715,0.10958677274993868
2023-07-13 20:00:00,34.5974055,34.56,0.07361279999990948,0.07369247371490938
2023-07-13 21:00:00,33.570316500000004,34.56,0.0864,0.08392579125
2023-07-13 22:00:00,32.07716400000001,29.83,0.0662226000001975,0.07121130408021241
2023-07-13 23:00:00,29.988000000000007,29.83,0.05816849999991318,0.05847659999991274
2023-07-14 00:00:00,29.408232000000005,29.83,0.06681920000004775,0.0658744396800471
2023-07-14 01:00:00,28.977154500000005,29.83,0.053395700000026046,0.05186910655502531
2023-07-14 02:00:00,29.114599500000008,29.83,0.05578209999996961,0.054444301064970356
2023-07-14 03:00:00,29.032132500000003,29.83,0.2747343000000825,0.2673859403250803
2023-07-14 04:00:00,29.781832500000004,29.83,0.017599699999787298,0.017571281174787647
2023-07-14 05:00:00,31.612350000000003,29.83,0.0,0.0
2023-07-14 06:00:00,31.612350000000003,29.83,0.0,0.0
2023-07-14 07:00:00,30.33286200000001,29.83,0.060853200000188824,0.06187903848019203
2023-07-14 08:00:00,27.9975465,29.83,0.008054100000013022,0.007559337555012222
2023-07-14 09:00:00,27.32781450000001,25.66,0.0,0.0
2023-07-14 10:00:00,26.931723000000005,25.66,0.0,0.0
2023-07-14 11:00:00,26.608102500000005,25.66,0.002309400000003734,0.0023947292250038723
2023-07-14 12:00:00,26.113300500000005,25.66,0.0,0.0
2023-07-14 13:00:00,26.755543500000005,25.66,0.06928199999987865,0.07223996744987347
2023-07-14 14:00:00,27.370297500000003,25.66,0.041055999999962664,0.043792475999960175
2023-07-14 15:00:00,28.001295,29.83,0.0,0.0
2023-07-14 16:00:00,29.545677,29.83,0.36392600000007597,0.3604572594000753
2023-07-14 17:00:00,31.7685375,29.83,0.2812969000000629,0.29957730862506704
2023-07-14 18:00:00,34.88479050000001,34.56,0.11508479999987177,0.11616635236487058
2023-07-14 19:00:00,34.851054000000005,34.56,0.13789440000011818,0.1390557054601192
2023-07-14 20:00:00,32.851854,34.56,0.08225280000009808,0.07818741252009323
2023-07-14 21:00:00,29.26953750000001,29.83,0.06681919999977645,0.06556376399978067
2023-07-14 22:00:00,27.481503,25.66,0.06338020000007655,0.06787931241008198
2023-07-14 23:00:00,26.399436,25.66,0.04901059999994959,0.05042292275994814
2023-07-15 00:00:00,24.047877000000003,26.52,0.05860920000012157,0.053145808170110234
2023-07-15 01:00:00,21.0103425,18.88,0.03945919999996841,0.04391161582496484
2023-07-15 02:00:00,19.8608025,18.88,0.031151999999993133,0.03277032412499277
2023-07-15 03:00:00,19.489701,18.88,0.009628800000072806,0.009939747510075158
2023-07-15 04:00:00,19.0786155,18.88,0.0016992000000027475,0.0017170753950027766
2023-07-15 05:00:00,19.854555,18.88,0.05626239999995741,0.05916657389995522
2023-07-15 06:00:00,20.19192,18.88,0.03643840000003983,0.038970405600042606
2023-07-15 07:00:00,21.1103025,18.88,0.0035871999998722454,0.004010957474857154
2023-07-15 08:00:00,19.5434295,18.88,0.0,0.0
2023-07-15 09:00:00,17.942819999999998,18.88,0.0,0.0
2023-07-15 10:00:00,17.368049999999997,18.88,0.0,0.0
2023-07-15 11:00:00,17.365789,18.88,0.0,0.0
2023-07-15 12:00:00,17.3533535,18.88,0.0,0.0
2023-07-15 13:00:00,17.2516085,18.88,0.0,0.0
2023-07-15 14:00:00,17.356745,18.88,0.0,0.0
2023-07-15 15:00:00,17.370549,18.88,0.0,0.0
2023-07-15 16:00:00,19.309773,18.88,0.0,0.0
2023-07-15 17:00:00,26.678074500000008,26.52,0.25538760000017174,0.25690985743517286
2023-07-15 18:00:00,27.886341000000005,26.52,0.15355079999992668,0.16146191438992294
2023-07-15 19:00:00,28.408632000000004,26.52,0.08035559999996914,0.08607815495996694
2023-07-15 20:00:00,27.817618500000005,26.52,0.07239960000003666,0.07594209850503847
2023-07-15 21:00:00,27.741399000000005,26.52,0.05622239999987651,0.05881176587987083
2023-07-15 22:00:00,26.341959000000003,26.52,0.05913959999998842,0.0587425685699885
2023-07-15 23:00:00,24.482703,26.52,0.06364800000018331,0.058758487200169233
2023-07-16 00:00:00,19.829565,18.88,0.037193600000021976,0.03906424305002308
2023-07-16 01:00:00,17.702916,18.88,0.0481439999998489,0.04514243579985831
2023-07-16 02:00:00,17.3767965,18.88,0.037571200000098906,0.034579825035091036
2023-07-16 03:00:00,17.368049999999997,18.88,0.010572799999921698,0.009726107999927968
2023-07-16 04:00:00,17.320569,18.88,0.0,0.0
2023-07-16 05:00:00,17.1340365,18.88,0.0,0.0
2023-07-16 06:00:00,17.243695,18.88,0.0,0.0
2023-07-16 07:00:00,17.1317755,18.88,0.0,0.0
2023-07-16 08:00:00,16.246593999999998,18.88,0.0,0.0
2023-07-16 09:00:00,15.181663,18.88,0.0,0.0
2023-07-16 10:00:00,14.56441,18.88,0.0,0.0
2023-07-16 11:00:00,13.0280605,18.88,0.0,0.0
2023-07-16 12:00:00,11.7053755,18.88,0.0,0.0
2023-07-16 13:00:00,10.580528,18.88,0.0,0.0
2023-07-16 14:00:00,11.9066045,18.88,0.0,0.0
2023-07-16 15:00:00,14.3643115,18.88,0.0,0.0
2023-07-16 16:00:00,16.801669500000003,18.88,0.10761600000011676,0.09576951615010393
2023-07-16 17:00:00,21.1927695,18.88,0.04059199999985576,0.0455644544248381
2023-07-16 18:00:00,28.927174500000007,30.97,0.1632119000000135,0.15244620961501265
2023-07-16 19:00:00,29.958012000000004,30.97,0.09105180000024111,0.08807655528023325
2023-07-16 20:00:00,31.013839500000003,30.97,0.08857419999973636,0.088699580969736
2023-07-16 21:00:00,31.659831000000004,30.97,0.06194000000022533,0.06331966200023037
2023-07-16 22:00:00,31.11255000000001,30.97,0.07618620000002929,0.07653687300002945
2023-07-16 23:00:00,31.020087000000007,30.97,0.06163029999988057,0.0617299731298804
2023-07-17 00:00:00,30.134191500000007,29.83,0.06502939999995441,0.06569253746995397
2023-07-17 01:00:00,29.262040500000005,29.83,0.06264300000001086,0.06145028505001066
2023-07-17 02:00:00,28.376145000000005,29.83,0.057273600000002166,0.05448219840000207
2023-07-17 03:00:00,28.687270500000007,29.83,0.2669785000001302,0.2567510709751253
2023-07-17 04:00:00,29.5169385,29.83,0.00835239999980249,0.008264742779804565
2023-07-17 05:00:00,32.364549000000004,34.56,0.0,0.0
2023-07-17 06:00:00,33.569067000000004,34.56,0.0,0.0
2023-07-17 07:00:00,31.421176500000005,29.83,0.0,0.0
2023-07-17 08:00:00,29.13084300000001,29.83,0.0,0.0
2023-07-17 09:00:00,27.101655000000008,25.66,0.0,0.0
2023-07-17 10:00:00,22.9995465,25.66,0.0,0.0
2023-07-17 11:00:00,17.478006,25.66,0.0,0.0
2023-07-17 12:00:00,17.446768499999997,25.66,0.0,0.0
2023-07-17 13:00:00,17.368049999999997,25.66,0.0,0.0
2023-07-17 14:00:00,18.265191,25.66,0.0,0.0
2023-07-17 15:00:00,23.455614000000004,25.66,0.0,0.0
2023-07-17 16:00:00,26.803024500000003,25.66,0.07698000000004668,0.08040907350004876
2023-07-17 17:00:00,28.023786000000005,29.83,0.016406500000086817,0.015413082300081562
2023-07-17 18:00:00,30.677724000000005,29.83,0.09396449999988063,0.09663483059987725
2023-07-17 19:00:00,32.334561,34.56,0.10229760000009556,0.0957103005600894
2023-07-17 20:00:00,32.90058450000001,34.56,0.08778239999996731,0.08356748462996891
2023-07-17 21:00:00,32.9868,34.56,0.06981120000007796,0.06663333600007441
2023-07-17 22:00:00,31.167528000000004,29.83,0.060554899999856755,0.06327008183985033
2023-07-17 23:00:00,29.869297500000005,29.83,0.05936170000015627,0.05943990202515649
2023-07-18 00:00:00,29.400735,29.83,0.05250079999984373,0.05174529359984598
2023-07-18 01:00:00,28.337410500000004,29.83,0.06711750000010852,0.0637591736251031
2023-07-18 02:00:00,28.228704000000004,29.83,0.05250080000011503,0.04968251904010886
2023-07-18 03:00:00,28.368648000000004,29.83,0.2598192999997569,0.24709092407976888
2023-07-18 04:00:00,29.406982500000005,29.83,0.029233399999986975,0.028818842849987165
2023-07-18 05:00:00,30.286630500000005,29.83,0.0,0.0
2023-07-18 06:00:00,31.64358750000001,29.83,0.0,0.0
2023-07-18 07:00:00,31.11255000000001,29.83,0.0,0.0
2023-07-18 08:00:00,29.015889,29.83,0.0,0.0
2023-07-18 09:00:00,27.706413,25.66,0.0,0.0
2023-07-18 10:00:00,27.2153595,25.66,0.0,0.0
2023-07-18 11:00:00,27.259092000000003,25.66,0.0,0.0
2023-07-18 12:00:00,27.511491000000007,25.66,0.0,0.0
2023-07-18 13:00:00,28.617298500000004,29.83,0.0,0.0
2023-07-18 14:00:00,28.606053000000003,29.83,0.0,0.0
2023-07-18 15:00:00,28.301175,29.83,0.0,0.0
2023-07-18 16:00:00,29.460711000000003,29.83,0.0,0.0
2023-07-18 17:00:00,32.564469,34.56,0.026611200000077957,0.025074641130073454
2023-07-18 18:00:00,38.392137000000005,34.56,0.11508480000018607,0.12784581621020671
2023-07-18 19:00:00,40.85864999999999,34.56,0.139967999999912,0.1654775324998959
2023-07-18 20:00:00,37.834860000000006,34.56,0.08847360000010814,0.0968572416001184
2023-07-18 21:00:00,34.768587000000004,34.56,0.07050239999990446,0.07092791747990389
2023-07-18 22:00:00,31.332462,29.83,0.07636480000009332,0.08021110272009803
2023-07-18 23:00:00,30.876394500000004,29.83,0.0548871999997873,0.05681256587977985
2023-07-19 00:00:00,29.988000000000007,29.83,0.06502939999995441,0.06537383999995419
2023-07-19 01:00:00,29.5194375,29.83,0.05578210000024091,0.05520134812523841
2023-07-19 02:00:00,29.469457500000004,29.83,0.06383619999998263,0.06306463904998286
2023-07-19 03:00:00,29.623146,29.83,0.21358279999983285,0.21210172535983404
2023-07-19 04:00:00,30.416578500000004,29.83,0.011931999999989147,0.012166631399988937
2023-07-19 05:00:00,33.166728000000006,34.56,0.0,0.0
2023-07-19 06:00:00,32.9855505,34.56,0.0,0.0
2023-07-19 07:00:00,32.088409500000004,29.83,0.0,0.0
2023-07-19 08:00:00,29.850555000000007,29.83,0.0,0.0
2023-07-19 09:00:00,28.42362600000001,29.83,0.0,0.0
2023-07-19 10:00:00,27.456513000000005,25.66,0.0,0.0
2023-07-19 11:00:00,26.967958500000005,25.66,0.0,0.0
2023-07-19 12:00:00,25.94711700000001,25.66,0.005388600000164298,0.0054488945701661375
2023-07-19 13:00:00,25.173676500000003,25.66,0.0,0.0
2023-07-19 14:00:00,25.144938000000007,25.66,0.0,0.0
2023-07-19 15:00:00,26.308222500000003,25.66,0.0,0.0
2023-07-19 16:00:00,26.841759000000003,25.66,0.01898839999990105,0.019862901659896494
2023-07-19 17:00:00,29.153334,29.83,0.07755800000006512,0.07579866840006365
2023-07-19 18:00:00,31.4636595,29.83,0.09903559999982854,0.10445934953981915
2023-07-19 19:00:00,33.434121000000005,34.56,0.09676800000022633,0.09361553880021896
2023-07-19 20:00:00,32.84560650000001,34.56,0.0857087999998592,0.0814571041198662
2023-07-19 21:00:00,31.586110500000007,29.83,0.0641345000000434,0.06791013757504598
2023-07-19 22:00:00,29.936770500000005,29.83,0.06264300000001086,0.0628672180500109
2023-07-19 23:00:00,29.629393500000003,29.83,0.059659999999945736,0.059258786999946106
2023-07-20 00:00:00,29.157082500000005,29.83,0.0674158000001693,0.0658950064501655
2023-07-20 01:00:00,27.775135500000008,29.83,0.06681919999977645,0.06221630351979186
2023-07-20 02:00:00,27.721407000000003,25.66,0.04747100000010269,0.05128460295011095
2023-07-20 03:00:00,28.124995500000004,29.83,0.07218860000005643,0.06806248911005322
2023-07-20 04:00:00,28.158732000000004,29.83,0.009843899999835048,0.009292381559844291
2023-07-20 05:00:00,29.80182450000001,29.83,0.0,0.0
2023-07-20 06:00:00,31.60610250000001,29.83,0.0,0.0
2023-07-20 07:00:00,31.2937275,29.83,0.0,0.0
2023-07-20 08:00:00,29.72185650000001,29.83,0.029233399999986975,0.029127419369987032
2023-07-20 09:00:00,28.203714000000005,29.83,0.20910830000000652,0.1977080351400062
2023-07-20 10:00:00,27.259092000000003,25.66,0.02848259999996826,0.030257592119966287
2023-07-20 11:00:00,27.066669000000005,25.66,0.0,0.0
2023-07-20 12:00:00,26.040829500000005,25.66,0.0,0.0
2023-07-20 13:00:00,26.110801500000004,25.66,0.0,0.0
2023-07-20 14:00:00,26.628094500000007,25.66,0.0,0.0
2023-07-20 15:00:00,26.92797450000001,25.66,0.0,0.0
2023-07-20 16:00:00,28.045027500000003,29.83,0.0,0.0
2023-07-20 17:00:00,30.180423000000005,29.83,0.014020100000143247,0.014184798810144932
2023-07-20 18:00:00,33.1304925,34.56,0.09884160000002012,0.09475320855001929
2023-07-20 19:00:00,35.30462250000001,34.56,0.10990080000007293,0.11226869955007451
2023-07-20 20:00:00,34.773585000000004,34.56,0.1085183999997913,0.10918905689979001
2023-07-20 21:00:00,32.54447700000001,34.56,0.11232000000025147,0.10576955025023682
2023-07-20 22:00:00,31.03758,29.83,0.0507109999997504,0.052763885999740294
2023-07-20 23:00:00,30.12169650000001,29.83,0.06562600000007597,0.06626773230007672
2023-07-21 00:00:00,29.821816500000004,29.83,0.05458889999999783,0.05457392419499784
2023-07-21 01:00:00,29.401984500000005,29.83,0.06085319999991752,0.059980048379918716
2023-07-21 02:00:00,29.170827000000003,29.83,0.0620464000001606,0.06067532016015707
2023-07-21 03:00:00,29.458212000000007,29.83,0.03132149999986977,0.030931122599871404
2023-07-21 04:00:00,29.94676650000001,29.83,0.01491500000005426,0.014973383250054477
2023-07-21 05:00:00,32.6281935,34.56,0.1728,0.1631409675
2023-07-21 06:00:00,36.58161150000001,34.56,0.0,0.0
2023-07-21 07:00:00,32.769387,34.56,0.0,0.0
2023-07-21 08:00:00,30.249145500000008,29.83,0.0,0.0
2023-07-21 09:00:00,29.600655000000003,29.83,0.0,0.0
2023-07-21 10:00:00,28.97965350000001,29.83,0.0,0.0
2023-07-21 11:00:00,28.91592900000001,29.83,0.0,0.0
2023-07-21 12:00:00,27.925075500000005,29.83,0.0,0.0
2023-07-21 13:00:00,27.85760250000001,29.83,0.0,0.0
2023-07-21 14:00:00,27.853854000000005,29.83,0.0,0.0
2023-07-21 15:00:00,28.522336500000005,29.83,0.0,0.0
2023-07-21 16:00:00,29.420727000000007,29.83,0.06592430000013673,0.06501980667013488
2023-07-21 17:00:00,30.245397000000004,29.83,0.09068320000002604,0.09194600688002642
2023-07-21 18:00:00,32.97430500000001,34.56,0.10091519999981394,0.09628497059982248
2023-07-21 19:00:00,33.908931,34.56,0.0857088000001735,0.08409414888017025
2023-07-21 20:00:00,32.9855505,34.56,0.1271807999998215,0.12138682583982961
2023-07-21 21:00:00,31.10880150000001,29.83,0.081734200000102,0.08523811611010641
2023-07-21 22:00:00,29.459461500000007,29.83,0.07934779999988713,0.07836216758988857
2023-07-21 23:00:00,29.5219365,29.83,0.05876510000003472,0.05815821490503437
2023-07-22 00:00:00,29.665629000000006,30.97,0.077425,0.07416407250000001
2023-07-22 01:00:00,28.9884,30.97,0.061939999999943665,0.057976799999947266
2023-07-22 02:00:00,29.158332000000005,30.97,0.06503700000001127,0.06123249720001062
2023-07-22 03:00:00,28.604803500000003,26.52,0.03739320000014086,0.04033277293515194
2023-07-22 04:00:00,28.363650000000003,26.52,0.02678519999990931,0.028647286499903005
2023-07-22 05:00:00,28.463610000000003,26.52,0.002121599999949831,0.002277088799946154
2023-07-22 06:00:00,28.136241000000005,26.52,0.0,0.0
2023-07-22 07:00:00,27.730153500000004,26.52,0.0,0.0
2023-07-22 08:00:00,26.365699500000005,26.52,0.0,0.0
2023-07-22 09:00:00,24.750096000000003,26.52,0.0,0.0
2023-07-22 10:00:00,23.185722000000005,26.52,0.0,0.0
2023-07-22 11:00:00,22.384792500000003,18.88,0.0,0.0
2023-07-22 12:00:00,20.159433,18.88,0.0,0.0
2023-07-22 13:00:00,19.807074,18.88,0.0,0.0
2023-07-22 14:00:00,20.9978475,18.88,0.041536000000048076,0.04619526450005347
2023-07-22 15:00:00,23.230704000000003,26.52,0.06895200000005788,0.060399830400050716
2023-07-22 16:00:00,26.19826650000001,26.52,0.0026519999998166894,0.0026198266498189144
2023-07-22 17:00:00,28.114999500000003,26.52,0.09812400000021226,0.10402549815022503
2023-07-22 18:00:00,29.853054000000007,30.97,0.08826449999995493,0.08508120389995658
2023-07-22 19:00:00,30.716458500000005,30.97,0.09260029999999324,0.09184221091499332
2023-07-22 20:00:00,32.2058625,30.97,0.06751459999995267,0.0702087802499508
2023-07-22 21:00:00,30.666478500000004,30.97,0.07246980000011717,0.07175955969011603
2023-07-22 22:00:00,29.674375500000004,30.97,0.06348849999997747,0.06083246977497842
2023-07-22 23:00:00,28.276185000000005,26.52,0.05807880000001351,0.06192484515001441
2023-07-23 00:00:00,27.272836500000004,26.52,0.05781359999995948,0.059454783569958335
2023-07-23 01:00:00,25.850905500000003,26.52,0.05144879999986879,0.05015075666987211
2023-07-23 02:00:00,21.518889,18.88,0.04342400000008929,0.04949344470010177
2023-07-23 03:00:00,19.339761,18.88,0.016614399999950548,0.01701898967994934
2023-07-23 04:00:00,18.7537455,18.88,0.007174400000087916,0.007126423290087329
2023-07-23 05:00:00,18.002795999999996,18.88,0.007929599999898345,0.007561174319903068
2023-07-23 06:00:00,17.727906,18.88,0.08741439999995054,0.08208020477995356
2023-07-23 07:00:00,17.795379,18.88,0.0015104000001359963,0.0014236303201281837
2023-07-23 08:00:00,17.379295499999998,18.88,0.0,0.0
2023-07-23 09:00:00,17.368049999999997,18.88,0.024355199999982143,0.02240478449998357
2023-07-23 10:00:00,17.3646585,18.88,0.0,0.0
2023-07-23 11:00:00,17.3623975,18.88,0.0,0.0
2023-07-23 12:00:00,16.488521,18.88,0.0,0.0
2023-07-23 13:00:00,15.992231499999995,18.88,0.0,0.0
2023-07-23 14:00:00,16.5733085,18.88,0.0,0.0
2023-07-23 15:00:00,16.937329499999997,18.88,0.0,0.0
2023-07-23 16:00:00,17.368049999999997,18.88,0.0,0.0
2023-07-23 17:00:00,20.9828535,18.88,0.028319999999931317,0.031474280249923665
2023-07-23 18:00:00,25.712211000000003,26.52,0.07027800000008683,0.0681373591500842
2023-07-23 19:00:00,28.268688000000004,26.52,0.08168159999999806,0.08706755903999795
2023-07-23 20:00:00,28.833462000000004,30.97,0.06565639999985579,0.061126939439865746
2023-07-23 21:00:00,29.820567000000004,30.97,0.061939999999943665,0.059641133999945764
2023-07-23 22:00:00,28.943418000000005,30.97,0.06472730000022983,0.06049174362021481
2023-07-23 23:00:00,27.00669300000001,26.52,0.04747080000002315,0.0483419804700236
2023-07-24 00:00:00,26.117049,25.66,0.053886000000009336,0.05484580290000951
2023-07-24 01:00:00,25.988350500000003,25.66,0.04644459999989358,0.047038914404892225
2023-07-24 02:00:00,26.365699500000005,25.66,0.05465579999993279,0.05615893993493095
2023-07-24 03:00:00,26.37569550000001,25.66,0.042082400000171764,0.043256140620176575
2023-07-24 04:00:00,28.252444500000006,29.83,0.016406499999815513,0.015538844474825276
2023-07-24 05:00:00,30.186670500000005,29.83,0.007457500000162781,0.007546667625164729
2023-07-24 06:00:00,31.6086015,29.83,0.0,0.0
2023-07-24 07:00:00,31.747296,29.83,0.0,0.0
2023-07-24 08:00:00,30.487800000000004,29.83,0.013423500000021705,0.013719510000022184
2023-07-24 09:00:00,29.855553000000008,29.83,0.013125199999960932,0.013136443319960903
2023-07-24 10:00:00,29.190819000000005,29.83,0.0,0.0
2023-07-24 11:00:00,28.294927500000007,29.83,0.0,0.0
2023-07-24 12:00:00,27.562720500000005,25.66,0.0,0.0
2023-07-24 13:00:00,26.735551500000003,25.66,0.0,0.0
2023-07-24 14:00:00,25.773436500000003,25.66,0.0,0.0
2023-07-24 15:00:00,25.3311135,25.66,0.007441399999882379,0.007346022914883886
2023-07-24 16:00:00,26.996697000000005,25.66,0.013343200000151227,0.01403828244015911
2023-07-24 17:00:00,29.573166000000004,29.83,0.08024269999979815,0.0795518165397999
2023-07-24 18:00:00,30.732702000000003,29.83,0.1035101000001975,0.10664247594020348
2023-07-24 19:00:00,32.169627000000006,29.83,0.09187639999999783,0.09908245115999767
2023-07-24 20:00:00,31.6111005,29.83,0.07904949999982637,0.083769416324816
2023-07-24 21:00:00,30.234151500000007,29.83,0.05160589999993271,0.052305082094931815
2023-07-24 22:00:00,30.116698500000005,29.83,0.06294130000007163,0.06354623383507232
2023-07-24 23:00:00,29.363250000000004,29.83,0.0620464000001606,0.06107556000015811
2023-07-25 00:00:00,28.182472500000003,29.83,0.06115149999997829,0.057774068624979504
2023-07-25 01:00:00,27.982552500000008,29.83,0.061449800000039065,0.05764405815003666
2023-07-25 02:00:00,28.217458500000003,29.83,0.048921199999928375,0.04627663193993225
2023-07-25 03:00:00,28.372396500000004,29.83,0.04563990000007379,0.043409766645070194
2023-07-25 04:00:00,29.5494255,29.83,0.02863679999986543,0.028367448479866702
2023-07-25 05:00:00,31.618597500000003,29.83,0.41284720000000436,0.43760138940000465
2023-07-25 06:00:00,36.1667775,34.56,0.1703808000001358,0.17830221307514213
2023-07-25 07:00:00,36.347955000000006,34.56,0.2754431999998517,0.289693201349844
2023-07-25 08:00:00,31.579863000000003,29.83,0.0,0.0
2023-07-25 09:00:00,30.19416750000001,29.83,0.0,0.0
2023-07-25 10:00:00,29.97800400000001,29.83,0.0,0.0
2023-07-25 11:00:00,29.646886500000004,29.83,0.0,0.0
2023-07-25 12:00:00,28.628544000000005,29.83,0.0,0.0
2023-07-25 13:00:00,28.311171000000005,29.83,0.003281300000125884,0.0031142288101194755
2023-07-25 14:00:00,28.473606,29.83,0.011931999999989147,0.011389442399989642
2023-07-25 15:00:00,28.628544000000005,29.83,0.0,0.0
2023-07-25 16:00:00,28.9521645,29.83,0.37555970000000427,0.3645077510550042
2023-07-25 17:00:00,31.363699500000006,29.83,0.6243418999999544,0.6564422305349522
2023-07-25 18:00:00,32.734401000000005,34.56,0.4724352000000654,0.447479261670062
2023-07-25 19:00:00,32.242098000000006,34.56,0.12648959999999498,0.11800607867999534
2023-07-25 20:00:00,31.930972500000003,29.83,0.1035100999999262,0.11080047457492102
2023-07-25 21:00:00,31.031332500000005,29.83,0.06831070000008031,0.07106175142508354
2023-07-25 22:00:00,29.675625000000004,29.83,0.05458889999999783,0.05430639374999784
2023-07-25 23:00:00,29.608152000000004,29.83,0.0662225999999262,0.06573009743992676
2023-07-26 00:00:00,28.52733450000001,29.83,0.051009300000082476,0.04878174199507889
2023-07-26 01:00:00,28.146237000000006,29.83,0.06383619999998263,0.06023294717998363
2023-07-26 02:00:00,27.3203175,25.66,0.04824079999979276,0.05136219689977936
2023-07-26 03:00:00,27.319068000000005,25.66,0.07569700000001867,0.0805912506000199
2023-07-26 04:00:00,28.217458500000003,29.83,0.03161980000020185,0.029910506010190942
2023-07-26 05:00:00,30.08421150000001,29.83,0.017599699999787298,0.017749684784785492
2023-07-26 06:00:00,31.724805000000003,29.83,0.0,0.0
2023-07-26 07:00:00,32.455762500000006,34.56,0.0,0.0
2023-07-26 08:00:00,30.344107500000007,29.83,0.0,0.0
2023-07-26 09:00:00,29.323266000000007,29.83,0.0,0.0
2023-07-26 10:00:00,28.553574,29.83,0.0,0.0
2023-07-26 11:00:00,28.118748000000007,29.83,0.0,0.0
2023-07-26 12:00:00,27.192868500000003,25.66,0.0,0.0
2023-07-26 13:00:00,26.698066500000003,25.66,0.0,0.0
2023-07-26 14:00:00,26.04332850000001,25.66,0.0,0.0
2023-07-26 15:00:00,27.466509,25.66,0.0,0.0
2023-07-26 16:00:00,28.4848515,29.83,0.0,0.0
2023-07-26 17:00:00,29.87054700000001,29.83,0.10321180000013673,0.10335209262013695
2023-07-26 18:00:00,31.764789000000004,29.83,0.06860899999986977,0.07305901469986134
2023-07-26 19:00:00,32.434521000000004,34.56,0.11093760000028416,0.1041148124102667
2023-07-26 20:00:00,32.11714800000001,29.83,0.09784239999985675,0.1053442454398458
2023-07-26 21:00:00,31.141288500000005,29.83,0.10440500000010852,0.10899450975011331
2023-07-26 22:00:00,29.495697000000003,29.83,0.06562599999980466,0.06489053339980685
2023-07-26 23:00:00,29.658132000000005,29.83,0.0641345000000434,0.06376498380004317
2023-07-27 00:00:00,27.700165500000004,25.66,0.05080680000008215,0.05484632769008869
2023-07-27 01:00:00,26.86425,25.66,0.04721440000005041,0.049430220000052774
2023-07-27 02:00:00,26.246997000000004,25.66,0.05157660000000561,0.05275646397000574
2023-07-27 03:00:00,26.364450000000005,25.66,0.19937820000001122,0.20485177650001155
2023-07-27 04:00:00,27.424026000000005,25.66,0.0436219999997853,0.04662084419977054
2023-07-27 05:00:00,29.475705000000005,29.83,0.0,0.0
2023-07-27 06:00:00,30.310371000000004,29.83,0.0,0.0
2023-07-27 07:00:00,30.400335000000005,29.83,0.0,0.0
2023-07-27 08:00:00,29.753094000000004,29.83,0.0,0.0
2023-07-27 09:00:00,29.463210000000004,29.83,0.03579600000023874,0.03535585200023582
2023-07-27 10:00:00,28.726005000000004,29.83,0.050711000000021704,0.04883420850002091
2023-07-27 11:00:00,28.1699775,29.83,0.0,0.0
2023-07-27 12:00:00,27.36529950000001,25.66,0.0,0.0
2023-07-27 13:00:00,27.155383500000006,25.66,0.0,0.0
2023-07-27 14:00:00,27.5327325,25.66,0.0,0.0
2023-07-27 15:00:00,29.099605500000003,29.83,0.009247299999984806,0.00902087770498518
2023-07-27 16:00:00,30.770187000000007,29.83,0.03549769999990667,0.03661652252990374
2023-07-27 17:00:00,31.726054500000004,29.83,0.09187639999999783,0.09771624785999772
2023-07-27 18:00:00,31.9809525,29.83,0.261907399999911,0.28079276294990463
2023-07-27 19:00:00,31.10880150000001,29.83,0.08352400000019534,0.08710464420020374
2023-07-27 20:00:00,30.877644000000004,29.83,0.09814069999991752,0.10158744875991466
2023-07-27 21:00:00,30.557772000000007,29.83,0.07904949999982637,0.08097809579982215
2023-07-27 22:00:00,29.723106000000005,29.83,0.06264300000001086,0.06241852260001083
2023-07-27 23:00:00,28.442368500000004,29.83,0.058466800000245255,0.05574704226023386
2023-07-28 00:00:00,27.312820500000008,25.66,0.04824079999979276,0.05134810253977943
2023-07-28 01:00:00,27.130393500000004,25.66,0.05619540000001307,0.05941556176501383
2023-07-28 02:00:00,27.264090000000003,25.66,0.045418200000151225,0.04825743930016069
2023-07-28 03:00:00,27.366549000000003,25.66,0.04593140000002241,0.0489861227100239
2023-07-28 04:00:00,28.554823500000005,29.83,0.042060299999887134,0.040262301134891966
2023-07-28 05:00:00,29.8742955,29.83,0.0,0.0
2023-07-28 06:00:00,31.252494,29.83,0.0,0.0
2023-07-28 07:00:00,31.486150500000004,29.83,0.0,0.0
2023-07-28 08:00:00,30.846406500000008,29.83,0.0,0.0
2023-07-28 09:00:00,29.80557300000001,29.83,0.0,0.0
2023-07-28 10:00:00,28.9884,29.83,0.0,0.0
2023-07-28 11:00:00,28.101255,29.83,0.0,0.0
2023-07-28 12:00:00,27.36405,25.66,0.0,0.0
2023-07-28 13:00:00,26.820517500000005,25.66,0.0,0.0
2023-07-28 14:00:00,26.876745000000003,25.66,0.0,0.0
2023-07-28 15:00:00,27.36405,25.66,0.0,0.0
2023-07-28 16:00:00,29.147086500000004,29.83,0.0,0.0
2023-07-28 17:00:00,30.311620500000004,29.83,0.04683310000004558,0.04758924418504632
2023-07-28 18:00:00,32.666928000000006,34.56,0.10955520000000252,0.1035541617600024
2023-07-28 19:00:00,33.61155,34.56,0.1299456000000704,0.12637942800006846
2023-07-28 20:00:00,32.584461000000005,34.56,0.10540799999978628,0.0993826060497985
2023-07-28 21:00:00,31.248745500000005,29.83,0.07606650000003255,0.07968430102503411
2023-07-28 22:00:00,30.05422350000001,29.83,0.056677000000151925,0.05710302465015309
2023-07-28 23:00:00,30.249145500000008,29.83,0.06711749999983722,0.06806057737483495
2023-07-29 00:00:00,29.173326000000003,30.97,0.05481690000018252,0.05163678702017194
2023-07-29 01:00:00,28.759741500000004,30.97,0.06348849999997747,0.05895747007497908
2023-07-29 02:00:00,28.07126700000001,26.52,0.05118359999981476,0.05417754530980395
2023-07-29 03:00:00,28.4848515,26.52,0.0212160000002219,0.022787881200238346
2023-07-29 04:00:00,28.242448500000005,26.52,0.0,0.0
2023-07-29 05:00:00,28.076265000000003,26.52,0.018829199999976846,0.01993414814997549
2023-07-29 06:00:00,28.3524045,26.52,0.0,0.0
2023-07-29 07:00:00,28.087510500000004,26.52,0.0,0.0
2023-07-29 08:00:00,27.577714500000003,26.52,0.012994799999994212,0.013513080104993982
2023-07-29 09:00:00,26.801775000000003,26.52,0.0,0.0
2023-07-29 10:00:00,25.333612500000005,26.52,0.0,0.0
2023-07-29 11:00:00,24.697617000000005,26.52,0.0,0.0
2023-07-29 12:00:00,22.426026000000004,18.88,0.0,0.0
2023-07-29 13:00:00,19.64214,18.88,0.0,0.0
2023-07-29 14:00:00,19.8258165,18.88,0.0,0.0
2023-07-29 15:00:00,23.513091000000003,26.52,0.0,0.0
2023-07-29 16:00:00,24.697617000000005,26.52,0.0,0.0
2023-07-29 17:00:00,27.306573000000004,26.52,0.03712799999984563,0.03822920219984106
2023-07-29 18:00:00,28.898436000000004,30.97,0.06410790000010366,0.059819762520096735
2023-07-29 19:00:00,29.854303500000007,30.97,0.08361899999985353,0.08060661944985884
2023-07-29 20:00:00,29.955513000000003,30.97,0.08764510000011042,0.0847741017901068
2023-07-29 21:00:00,29.854303500000007,30.97,0.06596609999991887,0.06358966645492183
2023-07-29 22:00:00,28.885941000000003,30.97,0.07277950000018027,0.06788196135016815
2023-07-29 23:00:00,27.92632500000001,26.52,0.05038799999989387,0.05306001749988826
2023-07-30 00:00:00,26.72680500000001,26.52,0.06232199999991317,0.06280799174991251
2023-07-30 01:00:00,25.84090950000001,26.52,0.05224440000003087,0.050906591715030106
2023-07-30 02:00:00,24.5889105,26.52,0.05436599999998071,0.05040726652498211
2023-07-30 03:00:00,23.815470000000005,26.52,0.03845400000011578,0.034532431500103974
2023-07-30 04:00:00,23.82796500000001,26.52,0.0026520000000578876,0.0023827965000520123
2023-07-30 05:00:00,23.283183,26.52,0.0,0.0
2023-07-30 06:00:00,21.9912,18.88,0.0,0.0
2023-07-30 07:00:00,21.094059,18.88,0.0,0.0
2023-07-30 08:00:00,18.427626,18.88,0.0,0.0
2023-07-30 09:00:00,17.366919499999998,18.88,0.0,0.0
2023-07-30 10:00:00,17.338656999999998,18.88,0.0,0.0
2023-07-30 11:00:00,15.4812455,18.88,0.0,0.0
2023-07-30 12:00:00,12.2887135,18.88,0.0,0.0
2023-07-30 13:00:00,12.0987895,18.88,0.0,0.0
2023-07-30 14:00:00,12.843789,18.88,0.0,0.0
2023-07-30 15:00:00,15.113832999999998,18.88,0.0,0.0
2023-07-30 16:00:00,17.255,18.88,0.0018879999998694982,0.0017254999998807304
2023-07-30 17:00:00,19.394739,18.88,0.02983040000006731,0.030643687620069148
2023-07-30 18:00:00,26.660581500000006,26.52,0.09202439999993439,0.09251221780493406
2023-07-30 19:00:00,27.9225765,26.52,0.10952760000012349,0.11532024094513003
2023-07-30 20:00:00,28.42112700000001,26.52,0.06683039999986685,0.07162124003985734
2023-07-30 21:00:00,28.246197,26.52,0.08221200000010613,0.08756321070011304
2023-07-30 22:00:00,26.1207975,26.52,0.060995999999884226,0.06007783424988596
2023-07-30 23:00:00,24.99374850000001,26.52,0.059404800000042446,0.05598599664004003
2023-07-31 00:00:00,23.6792745,25.66,0.05747840000004108,0.053041574880037905
2023-07-31 01:00:00,22.877095500000003,25.66,0.050036999999925315,0.044610336224933426
2023-07-31 02:00:00,21.154035,25.66,0.0638934000001811,0.052673547150149304
2023-07-31 03:00:00,20.9803545,25.66,0.04054279999985811,0.03314896010988399
2023-07-31 04:00:00,23.654284500000003,25.66,0.010263999999990666,0.009461713799991396
2023-07-31 05:00:00,27.136641000000004,25.66,0.0,0.0
2023-07-31 06:00:00,28.186221000000003,29.83,0.0,0.0
2023-07-31 07:00:00,28.383642000000005,29.83,0.0,0.0
2023-07-31 08:00:00,28.113750000000003,29.83,0.0,0.0
2023-07-31 09:00:00,26.634342,25.66,0.0,0.0
2023-07-31 10:00:00,25.800925500000005,25.66,0.0,0.0
2023-07-31 11:00:00,25.51229100000001,25.66,0.0,0.0
2023-07-31 12:00:00,24.821317500000006,25.66,0.00256600000005601,0.0024821317500541805
2023-07-31 13:00:00,24.757593000000004,25.66,0.0,0.0
2023-07-31 14:00:00,24.857553000000003,25.66,0.0,0.0
2023-07-31 15:00:00,25.822167000000004,25.66,0.0,0.0
2023-07-31 16:00:00,26.860501500000005,25.66,0.2037403999999664,0.21327238190996486
2023-07-31 17:00:00,28.573566000000007,29.83,0.543204299999974,0.5203246368599752
2023-07-31 18:00:00,29.6393895,29.83,0.3579599999999457,0.35567267399994607
2023-07-31 19:00:00,29.859301500000004,29.83,0.11037100000023875,0.110479415550239
2023-07-31 20:00:00,29.7693375,29.83,0.11991660000001302,0.119672736750013
2023-07-31 21:00:00,29.270787,29.83,0.07845289999997612,0.07698216980997657
2023-07-31 22:00:00,28.3174185,29.83,0.06264300000001086,0.0594665788500103
2023-07-31 23:00:00,25.865899500000005,25.66,0.06722919999992719,0.06776865668992661
2023-08-01 00:00:00,24.722607000000004,25.66,0.05208979999987678,0.05018689220988128
2023-08-01 01:00:00,24.597657000000005,25.66,0.06081420000002054,0.0582964470900197
2023-08-01 02:00:00,24.482703,25.66,0.05439920000011389,0.05190333036010866
2023-08-01 03:00:00,24.60265500000001,25.66,0.034897599999874906,0.03345961079988008
2023-08-01 04:00:00,25.28988,25.66,0.00513200000011202,0.005057976000110404
2023-08-01 05:00:00,28.838460000000005,29.83,0.0,0.0
2023-08-01 06:00:00,29.16832800000001,29.83,0.0,0.0
2023-08-01 07:00:00,29.738100000000006,29.83,0.0,0.0
2023-08-01 08:00:00,28.887190500000003,29.83,0.0,0.0
2023-08-01 09:00:00,28.953414,29.83,0.0,0.0
2023-08-01 10:00:00,28.2724365,29.83,0.0,0.0
2023-08-01 11:00:00,27.266589000000003,25.66,0.0,0.0
2023-08-01 12:00:00,26.104554000000004,25.66,0.0,0.0
2023-08-01 13:00:00,24.880044,25.66,0.0,0.0
2023-08-01 14:00:00,24.523936500000005,25.66,0.010263999999990666,0.00980957459999108
2023-08-01 15:00:00,24.485202000000005,25.66,0.07261780000009148,0.0692931216600873
2023-08-01 16:00:00,25.927125000000004,25.66,0.037720199999983196,0.038112873749983026
2023-08-01 17:00:00,27.581463000000007,25.66,0.0392597999998301,0.04219963838981739
2023-08-01 18:00:00,29.369497500000005,29.83,0.11335400000003254,0.11160409050003206
2023-08-01 19:00:00,30.9663585,29.83,0.09664920000015627,0.10033100154016221
2023-08-01 20:00:00,31.354953000000005,29.83,0.09187639999999783,0.09657325523999774
2023-08-01 21:00:00,30.1816725,29.83,0.074575,0.07545418125
2023-08-01 22:00:00,28.960911000000003,29.83,0.06801240000001953,0.06603087708001898
2023-08-01 23:00:00,28.536081000000003,29.83,0.05578209999996961,0.05336247146997094
2023-08-02 00:00:00,27.056673000000004,25.66,0.06235379999986744,0.06574771538986024
2023-08-02 01:00:00,26.067069000000004,25.66,0.04849740000007841,0.049266760410079664
2023-08-02 02:00:00,25.7484465,25.66,0.05773500000009335,0.05793400462509367
2023-08-02 03:00:00,26.143288500000008,25.66,0.03027879999986744,0.030849080429864957
2023-08-02 04:00:00,28.258692000000003,29.83,0.0372875,0.035323365
2023-08-02 05:00:00,30.314119500000004,29.83,0.0,0.0
2023-08-02 06:00:00,31.357452,29.83,0.0,0.0
2023-08-02 07:00:00,29.65938150000001,29.83,0.0,0.0
2023-08-02 08:00:00,28.536081000000003,29.83,0.0,0.0
2023-08-02 09:00:00,27.2478465,25.66,0.0,0.0
2023-08-02 10:00:00,25.427325000000003,25.66,0.0,0.0
2023-08-02 11:00:00,23.867949000000007,25.66,0.0,0.0
2023-08-02 12:00:00,21.501396,25.66,0.0,0.0
2023-08-02 13:00:00,20.476806,25.66,0.0,0.0
2023-08-02 14:00:00,20.021988,25.66,0.0,0.0
2023-08-02 15:00:00,21.0103425,25.66,0.0,0.0
2023-08-02 16:00:00,23.93542200000001,25.66,0.0,0.0
2023-08-02 17:00:00,26.022087000000003,25.66,0.05747840000004108,0.058289474880041665
2023-08-02 18:00:00,27.853854000000005,29.83,0.17331230000003905,0.1618308917400365
2023-08-02 19:00:00,27.597706500000005,25.66,0.13086600000005602,0.14074830315006026
2023-08-02 20:00:00,27.210361500000005,25.66,0.096225,0.10203885562500002
2023-08-02 21:00:00,25.577265000000004,25.66,0.06620279999995146,0.06598934369995163
2023-08-02 22:00:00,22.1873715,25.66,0.061327399999891716,0.05302781788490637
2023-08-02 23:00:00,19.8633015,25.66,0.07774979999997013,0.06018580354497687
2023-08-03 00:00:00,18.5563245,25.66,0.05080680000008215,0.0367415225100594
2023-08-03 01:00:00,17.797877999999997,25.66,0.058761400000069075,0.04075714062004791
2023-08-03 02:00:00,18.0690195,25.66,0.046957799999998134,0.03306630568499868
2023-08-03 03:00:00,18.26769,25.66,0.028225999999915985,0.020094458999940192
2023-08-03 04:00:00,20.46681,25.66,0.02566000000009335,0.020466810000074456
2023-08-03 05:00:00,23.288181000000005,25.66,0.0,0.0
2023-08-03 06:00:00,25.23990000000001,25.66,0.10263999999990665,0.10095959999990822
2023-08-03 07:00:00,26.114550000000005,25.66,0.0,0.0
2023-08-03 08:00:00,24.727605,25.66,0.0,0.0
2023-08-03 09:00:00,23.04702750000001,25.66,0.0,0.0
2023-08-03 10:00:00,21.681324,25.66,0.0,0.0
2023-08-03 11:00:00,20.7429495,25.66,0.0,0.0
2023-08-03 12:00:00,20.0232375,25.66,0.0,0.0
2023-08-03 13:00:00,19.5459285,25.66,0.0,0.0
2023-08-03 14:00:00,19.579665,25.66,0.0,0.0
2023-08-03 15:00:00,20.109453,25.66,0.0,0.0
2023-08-03 16:00:00,22.992049500000004,25.66,0.002822600000108287,0.002529125445097028
2023-08-03 17:00:00,27.336561000000003,25.66,0.04926720000000187,0.052486197120002
2023-08-03 18:00:00,29.270787,29.83,0.11245909999985024,0.11035086698985305
2023-08-03 19:00:00,29.43822,29.83,0.14199080000016928,0.1401259272001671
2023-08-03 20:00:00,29.464459500000004,29.83,0.11574039999997612,0.11432210285997643
2023-08-03 21:00:00,29.160831,29.83,0.08680529999977861,0.0848580182097836
2023-08-03 22:00:00,28.238700000000005,29.83,0.09008660000017579,0.08528087400016646
2023-08-03 23:00:00,28.631043,29.83,0.07636479999982203,0.07329547007982917
2023-08-04 00:00:00,27.845107500000005,29.83,0.06771410000023007,0.06320839402521478
2023-08-04 01:00:00,27.479004000000003,25.66,0.06415,0.06869751
2023-08-04 02:00:00,27.270337500000004,25.66,0.04875399999989732,0.05181364124989088
2023-08-04 03:00:00,27.7101615,25.66,0.04875399999989732,0.05264930684988912
2023-08-04 04:00:00,28.38614100000001,29.83,0.02983000000010852,0.02838614100010328
2023-08-04 05:00:00,30.947616000000004,29.83,0.0,0.0
2023-08-04 06:00:00,32.83186200000001,34.56,0.0,0.0
2023-08-04 07:00:00,32.445766500000005,34.56,0.0,0.0
2023-08-04 08:00:00,30.496546500000004,29.83,0.0,0.0
2023-08-04 09:00:00,29.258292000000004,29.83,0.0,0.0
2023-08-04 10:00:00,28.698516000000005,29.83,0.0,0.0
2023-08-04 11:00:00,28.228704000000004,29.83,0.0,0.0
2023-08-04 12:00:00,27.4652595,25.66,0.0,0.0
2023-08-04 13:00:00,27.094158000000004,25.66,0.0,0.0
2023-08-04 14:00:00,26.999196000000005,25.66,0.0,0.0
2023-08-04 15:00:00,27.725155500000007,25.66,0.0,0.0
2023-08-04 16:00:00,29.24329800000001,29.83,0.0,0.0
2023-08-04 17:00:00,30.29537700000001,29.83,0.11335400000003254,0.11512243260003309
2023-08-04 18:00:00,34.218807000000005,34.56,0.10506240000003018,0.1040251732800299
2023-08-04 19:00:00,34.83606,34.56,0.11024639999982902,0.11112703139982764
2023-08-04 20:00:00,33.4803525,34.56,0.09227520000025399,0.08939254117524606
2023-08-04 21:00:00,31.237500000000004,29.83,0.08531380000001736,0.08933925000001819
2023-08-04 22:00:00,29.674375500000004,29.83,0.07129369999987412,0.07092175744487478
2023-08-04 23:00:00,30.056722500000003,29.83,0.06860899999986977,0.0691304617498688
2023-08-05 00:00:00,29.225805,30.97,0.0789735000000338,0.0745258027500319
2023-08-05 01:00:00,28.935921,30.97,0.06906309999998649,0.06452710382998736
2023-08-05 02:00:00,28.651035000000007,26.52,0.06285240000002122,0.06790295295002295
2023-08-05 03:00:00,28.643538000000003,26.52,0.02652000000009648,0.02864353800010421
2023-08-05 04:00:00,28.681023000000003,26.52,0.01591199999986493,0.017208613799853924
2023-08-05 05:00:00,29.200815,30.97,0.003097000000067601,0.0029200815000637393
2023-08-05 06:00:00,28.99214850000001,30.97,0.003097000000067601,0.0028992148500632847
2023-08-05 07:00:00,29.012140500000005,30.97,0.0,0.0
2023-08-05 08:00:00,28.488600000000005,26.52,0.0,0.0
2023-08-05 09:00:00,27.376545000000004,26.52,0.0,0.0
2023-08-05 10:00:00,26.76179100000001,26.52,0.0,0.0
2023-08-05 11:00:00,25.491049500000003,26.52,0.0,0.0
2023-08-05 12:00:00,24.728854500000004,26.52,0.0,0.0
2023-08-05 13:00:00,24.620148000000004,26.52,0.0,0.0
2023-08-05 14:00:00,25.59600750000001,26.52,0.005304000000115775,0.005119201500111743
2023-08-05 15:00:00,27.33031350000001,26.52,0.0,0.0
2023-08-05 16:00:00,29.758092000000005,30.97,0.0,0.0
2023-08-05 17:00:00,30.815169,30.97,0.037163999999966196,0.03697820279996637
2023-08-05 18:00:00,32.749395,30.97,0.09600699999984226,0.10152312449983321
2023-08-05 19:00:00,33.4853505,30.97,0.08671599999992113,0.09375898139991475
2023-08-05 20:00:00,31.016338500000003,30.97,0.07959290000015999,0.07971198994516024
2023-08-05 21:00:00,29.748096000000004,30.97,0.08764510000011042,0.08418711168010606
2023-08-05 22:00:00,28.28118300000001,26.52,0.0681563999998958,0.07268264030988891
2023-08-05 23:00:00,28.501095000000007,26.52,0.0737256000000656,0.07923304410007052
2023-08-06 00:00:00,28.374895500000004,26.52,0.05834399999982634,0.0624247700998142
2023-08-06 01:00:00,27.2478465,26.52,0.0625872000002084,0.06430491774021412
2023-08-06 02:00:00,27.249096000000005,26.52,0.05542679999995562,0.05695061063995441
2023-08-06 03:00:00,26.746797000000004,26.52,0.03447600000002894,0.0347708361000292
2023-08-06 04:00:00,27.863850000000003,26.52,0.005303999999874577,0.005572769999868222
2023-08-06 05:00:00,26.751795,26.52,0.02386800000003859,0.024076615500038933
2023-08-06 06:00:00,25.940869500000005,26.52,0.13525200000005788,0.13229843445005665
2023-08-06 07:00:00,25.797177000000005,26.52,0.0,0.0
2023-08-06 08:00:00,25.003744500000003,26.52,0.0,0.0
2023-08-06 09:00:00,23.5018455,26.52,0.0,0.0
2023-08-06 10:00:00,22.847107500000003,26.52,0.0,0.0
2023-08-06 11:00:00,21.606354,18.88,0.0077408000000315945,0.008858605140036158
2023-08-06 12:00:00,18.8761965,18.88,0.08665919999996839,0.08664174193496842
2023-08-06 13:00:00,18.862452,18.88,0.0,0.0
2023-08-06 14:00:00,18.5038455,18.88,0.0,0.0
2023-08-06 15:00:00,18.879945,18.88,0.0,0.0
2023-08-06 16:00:00,21.7625415,18.88,0.06796799999993818,0.07834514939992875
2023-08-06 17:00:00,25.118698500000004,26.52,0.03235440000007911,0.03064481217007494
2023-08-06 18:00:00,26.44066950000001,26.52,0.08300760000002701,0.08275929553502696
2023-08-06 19:00:00,26.97045750000001,26.52,0.06921719999987072,0.07039289407486854
2023-08-06 20:00:00,27.00794250000001,26.52,0.07239960000003666,0.07373168302503737
2023-08-06 21:00:00,26.346957000000003,26.52,0.05860920000012157,0.05822677497012078
2023-08-06 22:00:00,24.290280000000003,26.52,0.07107359999976652,0.06509795039978615
2023-08-06 23:00:00,24.16533,26.52,0.06020040000020454,0.05485529910018638
2023-08-07 00:00:00,23.3119215,25.66,0.057734999999859975,0.05245182337487279
2023-08-07 01:00:00,21.2202585,25.66,0.048240800000026146,0.039894085980021615
2023-08-07 02:00:00,18.2439495,25.66,0.04516160000009895,0.03210935112007035
2023-08-07 03:00:00,17.8116225,25.66,0.0323315999998189,0.02244264434987429
2023-08-07 04:00:00,17.3717985,25.66,0.14626200000015868,0.09901925145010744
2023-08-07 05:00:00,25.654734,25.66,0.07698000000004668,0.07696420200004667
2023-08-07 06:00:00,26.536881000000005,25.66,0.0,0.0
2023-08-07 07:00:00,25.507293,25.66,0.0,0.0
2023-08-07 08:00:00,22.983303000000003,25.66,0.0,0.0
2023-08-07 09:00:00,17.914081499999998,25.66,0.0,0.0
2023-08-07 10:00:00,17.493,25.66,0.0,0.0
2023-08-07 11:00:00,17.366919499999998,25.66,0.0,0.0
2023-08-07 12:00:00,17.276479499999997,25.66,0.0,0.0
2023-08-07 13:00:00,16.8808045,25.66,0.0,0.0
2023-08-07 14:00:00,16.238680499999997,25.66,0.0,0.0
2023-08-07 15:00:00,16.879673999999998,25.66,0.0,0.0
2023-08-07 16:00:00,17.363528,25.66,0.0,0.0
2023-08-07 17:00:00,17.388042,25.66,0.05824819999996453,0.039470855339975956
2023-08-07 18:00:00,19.0786155,25.66,0.0795459999998693,0.059143708049902835
2023-08-07 19:00:00,21.2052645,25.66,0.0880137999999608,0.0727340572349676
2023-08-07 20:00:00,22.594708500000003,25.66,0.08339500000018671,0.07343280262516441
2023-08-07 21:00:00,17.501746499999996,25.66,0.06312360000002427,0.043054296390016546
2023-08-07 22:00:00,17.360136499999996,25.66,0.07082159999995892,0.0479139767399722
2023-08-07 23:00:00,16.884196,25.66,0.05337279999990479,0.03511912767993735
2023-08-08 00:00:00,16.6863585,25.66,0.06004440000009709,0.03904607889006313
2023-08-08 01:00:00,16.66714,25.66,0.05260299999998133,0.03416763699998787
2023-08-08 02:00:00,16.698793999999996,25.66,0.04926720000000187,0.03206168448000121
2023-08-08 03:00:00,16.945242999999998,25.66,0.029252399999891713,0.01931757701992849
2023-08-08 04:00:00,17.1317755,25.66,0.020527999999981332,0.013705420399987536
2023-08-08 05:00:00,17.379295499999998,25.66,0.0,0.0
2023-08-08 06:00:00,19.157334,25.66,0.0,0.0
2023-08-08 07:00:00,17.3578755,25.66,0.0,0.0
2023-08-08 08:00:00,17.062815,25.66,0.02566000000009335,0.017062815000062074
2023-08-08 09:00:00,16.6027015,25.66,0.04285220000009522,0.027726511505061606
2023-08-08 10:00:00,15.878051,25.66,0.008467799999858108,0.005239756829912199
2023-08-08 11:00:00,15.5897735,25.66,0.0,0.0
2023-08-08 12:00:00,15.0968755,25.66,0.0,0.0
2023-08-08 13:00:00,14.906951499999998,25.66,0.0,0.0
2023-08-08 14:00:00,15.547945,25.66,0.04233899999999067,0.025654109249994343
2023-08-08 15:00:00,16.361905,25.66,0.096225,0.06135714375
2023-08-08 16:00:00,17.275349,25.66,0.22709100000005603,0.1528868386500377
2023-08-08 17:00:00,17.501746499999996,25.66,0.12445099999991598,0.08488347052494268
2023-08-08 18:00:00,28.3124205,29.83,0.09366620000009115,0.08890100037008652
2023-08-08 19:00:00,27.85885200000001,29.83,0.11395059999988279,0.10642081463989059
2023-08-08 20:00:00,28.511091000000004,29.83,0.10022880000007162,0.09579726576006847
2023-08-08 21:00:00,28.3124205,29.83,0.0724869000001172,0.06879918181511124
2023-08-08 22:00:00,24.862551000000003,25.66,0.06671599999982264,0.06464263259982815
2023-08-08 23:00:00,27.351555000000005,25.66,0.05183320000005787,0.055250141100061705
2023-08-09 00:00:00,26.384442000000004,25.66,0.06158399999994399,0.06332266079994242
2023-08-09 01:00:00,26.118298500000005,25.66,0.04618800000007468,0.047012937300076024
2023-08-09 02:00:00,25.84090950000001,25.66,0.05593879999996079,0.056333182709960544
2023-08-09 03:00:00,26.629344000000003,25.66,0.032075,0.033286680000000006
2023-08-09 04:00:00,27.85760250000001,29.83,0.035795999999967444,0.033429122999969606
2023-08-09 05:00:00,29.633142000000003,29.83,0.0,0.0
2023-08-09 06:00:00,30.575265,29.83,0.0,0.0
2023-08-09 07:00:00,30.667728000000004,29.83,0.0,0.0
2023-08-09 08:00:00,29.819317500000004,29.83,0.0,0.0
2023-08-09 09:00:00,28.4848515,29.83,0.01491500000005426,0.014242425750051815
2023-08-09 10:00:00,27.5702175,25.66,0.0,0.0
2023-08-09 11:00:00,25.192419000000005,25.66,0.0,0.0
2023-08-09 12:00:00,25.053724500000005,25.66,0.0,0.0
2023-08-09 13:00:00,22.618449000000005,25.66,0.0,0.0
2023-08-09 14:00:00,24.551425500000004,25.66,0.0,0.0
2023-08-09 15:00:00,25.827165000000004,25.66,0.0010263999999757288,0.0010330865999755709
2023-08-09 16:00:00,28.363650000000003,29.83,0.05309739999996527,0.050487296999966985
2023-08-09 17:00:00,29.7943275,29.83,0.09694750000021704,0.09683156437521678
2023-08-09 18:00:00,32.225854500000004,34.56,0.10540799999978628,0.09828885622480071
2023-08-09 19:00:00,34.74609600000001,34.56,0.08916480000024896,0.0896449276802503
2023-08-09 20:00:00,33.81396900000001,34.56,0.08190719999971334,0.08013910652971955
2023-08-09 21:00:00,32.670676500000006,34.56,0.08916480000024896,0.08429034537023535
2023-08-09 22:00:00,29.98300200000001,29.83,0.061449800000039065,0.061764984120039286
2023-08-09 23:00:00,29.396986500000004,29.83,0.06532769999974389,0.06437940043474762
2023-08-10 00:00:00,28.862200500000007,29.83,0.054290600000208356,0.05252920491020161
2023-08-10 01:00:00,28.507342500000004,29.83,0.0548871999997873,0.052453510199796737
2023-08-10 02:00:00,27.361551,25.66,0.049780400000106424,0.05308140894011348
2023-08-10 03:00:00,28.466109000000007,29.83,0.05369400000008682,0.05123899620008286
2023-08-10 04:00:00,28.9884,29.83,0.08262910000001301,0.08029786800001265
2023-08-10 05:00:00,34.145086500000005,34.56,0.01486079999988433,0.01468238719488572
2023-08-10 06:00:00,41.4346695,34.56,0.006912000000150876,0.008286933900180886
2023-08-10 07:00:00,31.1387895,29.83,0.0,0.0
2023-08-10 08:00:00,29.475705000000005,29.83,0.37287499999999996,0.3684463125000001
2023-08-10 09:00:00,27.6376905,25.66,0.14882799999998134,0.1602986048999799
2023-08-10 10:00:00,25.744698000000003,25.66,0.04208239999993839,0.042221304719938194
2023-08-10 11:00:00,25.745947500000003,25.66,0.004105599999902915,0.004119351599902591
2023-08-10 12:00:00,22.2498465,25.66,0.010263999999990666,0.008899938599991906
2023-08-10 13:00:00,22.980804000000006,25.66,0.1018701999999832,0.09123379187998498
2023-08-10 14:00:00,25.561021500000003,25.66,0.049523800000054144,0.04933277149505394
2023-08-10 15:00:00,27.36529950000001,25.66,0.0,0.0
2023-08-10 16:00:00,29.035881000000007,29.83,0.005966000000130225,0.0058071762001267605
2023-08-10 17:00:00,30.222906000000005,29.83,0.07308349999996744,0.07404611969996702
2023-08-10 18:00:00,38.829462,34.56,0.08190720000002767,0.09202582494003109
2023-08-10 19:00:00,42.83286,34.56,0.12130559999988183,0.15034333859985352
2023-08-10 20:00:00,35.422075500000005,34.56,0.11231999999993715,0.1151217453749356
2023-08-10 21:00:00,31.798525500000004,29.83,0.07755800000006512,0.08267616630006941
2023-08-10 22:00:00,30.024235500000007,29.83,0.07010049999990232,0.07055695342490172
2023-08-10 23:00:00,31.276234500000005,29.83,0.05578210000024091,0.05848655851525261
2023-08-11 00:00:00,30.661480500000003,29.83,0.053693999999815514,0.05519066489981038
2023-08-11 01:00:00,30.459061500000004,29.83,0.07159199999993489,0.07310174759993353
2023-08-11 02:00:00,29.831812500000005,29.83,0.05250080000011503,0.05250399000011505
2023-08-11 03:00:00,30.149185500000005,29.83,0.03549769999990667,0.035877530744905684
2023-08-11 04:00:00,30.712710000000005,29.83,0.0372875,0.038390887500000005
2023-08-11 05:00:00,35.272135500000005,34.56,0.0,0.0
2023-08-11 06:00:00,35.272135500000005,34.56,0.0,0.0
2023-08-11 07:00:00,31.7460465,29.83,0.10261520000001519,0.10920639996001617
2023-08-11 08:00:00,29.888040000000004,29.83,0.05608040000003039,0.05618951520003045
2023-08-11 09:00:00,27.9275745,29.83,0.05936170000015627,0.055575873255146305
2023-08-11 10:00:00,26.575615500000005,25.66,0.1606315999998189,0.16636335302981248
2023-08-11 11:00:00,22.543479000000005,25.66,0.17654080000002614,0.155099135520023
2023-08-11 12:00:00,21.1402905,25.66,0.08108560000018297,0.06680331798015074
2023-08-11 13:00:00,21.392689500000003,25.66,0.0,0.0
2023-08-11 14:00:00,24.616399500000004,25.66,0.11264739999984505,0.10806599380485135
2023-08-11 15:00:00,27.936321000000007,29.83,0.013721800000082477,0.012850707660077244
2023-08-11 16:00:00,29.610651,29.83,0.06532770000001518,0.06484732569001508
2023-08-11 17:00:00,31.459911000000005,29.83,0.08412060000004556,0.08871694902004809
2023-08-11 18:00:00,34.9622595,34.56,0.14411519999981395,0.14579262211481175
2023-08-11 19:00:00,38.19221700000001,34.56,0.10056960000005784,0.11113935147006393
2023-08-11 20:00:00,33.9864,34.56,0.5674751999999397,0.5580566879999408
2023-08-11 21:00:00,32.097156000000005,29.83,0.6708766999999393,0.7218650384399348
2023-08-11 22:00:00,30.335361,29.83,0.6604362000002538,0.6716248925402583
2023-08-11 23:00:00,30.305373000000007,29.83,0.6577514999999783,0.6682334746499781
2023-08-12 00:00:00,29.63814,30.97,0.6674034999999211,0.6387019169999245
2023-08-12 01:00:00,29.575665000000004,30.97,0.6813399999999435,0.6506646299999462
2023-08-12 02:00:00,29.353254000000007,30.97,0.6791721000000653,0.643716860220062
2023-08-12 03:00:00,29.102104500000006,30.97,0.6897018999999571,0.6481038672149599
2023-08-12 04:00:00,29.728104,30.97,0.5958627999999933,0.5719687209599935
2023-08-12 05:00:00,29.299525500000005,30.97,0.4447291999999054,0.4207411861799106
2023-08-12 06:00:00,29.86305,30.97,0.14555900000007888,0.14035633500007605
2023-08-12 07:00:00,29.80557300000001,30.97,0.0,0.0
2023-08-12 08:00:00,28.301175,26.52,0.007955999999932465,0.008490352499927929
2023-08-12 09:00:00,26.895487500000005,26.52,0.0,0.0
2023-08-12 10:00:00,25.747197000000007,26.52,0.01326000000004824,0.012873598500046837
2023-08-12 11:00:00,23.820468,26.52,0.04932720000016016,0.04430607048014386
2023-08-12 12:00:00,20.4305745,18.88,0.018691199999858507,0.020226268754846885
2023-08-12 13:00:00,18.11775,18.88,0.021712000000130502,0.020835412500125234
2023-08-12 14:00:00,18.232704,18.88,0.07495359999998763,0.07238383487998806
2023-08-12 15:00:00,19.91703,18.88,0.07249920000000275,0.07648139520000291
2023-08-12 16:00:00,25.812171000000003,26.52,0.24902279999983987,0.24237628568984418
2023-08-12 17:00:00,28.930923000000003,30.97,0.39951299999998874,0.3732089066999895
2023-08-12 18:00:00,30.671476500000004,30.97,0.37473700000001126,0.3711248656500112
2023-08-12 19:00:00,31.257492000000003,30.97,0.2084281000002118,0.2103629211602138
2023-08-12 20:00:00,31.397436000000003,30.97,0.2747038999999121,0.2784952573199109
2023-08-12 21:00:00,30.868897500000003,30.97,0.3180619000000135,0.3170235773250135
2023-08-12 22:00:00,30.070467000000004,30.97,0.10251070000004056,0.0995332457700394
2023-08-12 23:00:00,28.626045000000005,26.52,0.05781359999995948,0.06240477809995627
2023-08-13 00:00:00,27.938820000000003,26.52,0.06576959999989195,0.06928827359988617
2023-08-13 01:00:00,27.21411,26.52,0.05383560000011385,0.05524464330011683
2023-08-13 02:00:00,26.072067000000004,26.52,0.05463120000003473,0.053708458020034155
2023-08-13 03:00:00,25.989600000000006,26.52,0.03368039999986686,0.03300679199986953
2023-08-13 04:00:00,26.366949,26.52,0.010607999999990353,0.010546779599990409
2023-08-13 05:00:00,27.075415500000005,26.52,0.005569200000169803,0.005685837255173361
2023-08-13 06:00:00,26.956713000000008,26.52,0.02890679999985914,0.02938281716985683
2023-08-13 07:00:00,26.215759500000008,26.52,0.0,0.0
2023-08-13 08:00:00,23.664280500000004,26.52,0.0,0.0
2023-08-13 09:00:00,20.8928895,18.88,0.0,0.0
2023-08-13 10:00:00,19.1335935,18.88,0.0,0.0
2023-08-13 11:00:00,18.1015065,18.88,0.0,0.0
2023-08-13 12:00:00,17.500497,18.88,0.0,0.0
2023-08-13 13:00:00,17.550477,18.88,0.0,0.0
2023-08-13 14:00:00,18.212712,18.88,0.0,0.0
2023-08-13 15:00:00,19.5484275,18.88,0.0,0.0
2023-08-13 16:00:00,26.446917000000003,26.52,0.0,0.0
2023-08-13 17:00:00,29.759341500000005,30.97,0.17807749999994368,0.1711162136249459
2023-08-13 18:00:00,30.883891500000004,30.97,0.11520840000009239,0.11488807638009214
2023-08-13 19:00:00,31.864749000000003,30.97,0.07370860000008789,0.07583810262009043
2023-08-13 20:00:00,32.36205,30.97,0.07308919999996169,0.07637443799995998
2023-08-13 21:00:00,32.380792500000005,30.97,0.056675099999997744,0.059256850274997656
2023-08-13 22:00:00,31.623595500000004,30.97,0.06751459999995267,0.06893943818995169
2023-08-13 23:00:00,29.614399500000005,30.97,0.056675099999997744,0.05419435108499785
2023-08-14 00:00:00,28.5673185,29.83,0.05011439999990015,0.04799309507990438
2023-08-14 01:00:00,27.92632500000001,29.83,0.06711750000010852,0.06283423125010161
2023-08-14 02:00:00,28.409881500000004,29.83,0.05578209999996961,0.05312647840497107
2023-08-14 03:00:00,29.189569500000005,29.83,0.04056880000012588,0.03969781452012319
2023-08-14 04:00:00,31.160031,29.83,0.017599699999787298,0.018384418289777816
2023-08-14 05:00:00,33.73525050000001,34.56,0.003456000000075438,0.0033735250500736376
2023-08-14 06:00:00,35.219656500000006,34.56,0.017280000000062867,0.017609828250064068
2023-08-14 07:00:00,31.969707000000003,29.83,0.0,0.0
2023-08-14 08:00:00,29.746846500000004,29.83,0.0,0.0
2023-08-14 09:00:00,27.8226165,29.83,0.0,0.0
2023-08-14 10:00:00,27.027934500000004,25.66,0.0,0.0
2023-08-14 11:00:00,26.105803500000004,25.66,0.0,0.0
2023-08-14 12:00:00,25.324866000000004,25.66,0.0,0.0
2023-08-14 13:00:00,25.753444500000004,25.66,0.0,0.0
2023-08-14 14:00:00,26.626845000000007,25.66,0.0,0.0
2023-08-14 15:00:00,27.676425,25.66,0.0,0.0
2023-08-14 16:00:00,30.0742155,29.83,0.1282690000000868,0.12931912665008752
2023-08-14 17:00:00,32.84560650000001,34.56,0.09089279999997235,0.08638394509497374
2023-08-14 18:00:00,39.5829105,34.56,0.11231999999993715,0.128644459124928
2023-08-14 19:00:00,37.49374650000001,34.56,0.15344640000014334,0.16647223446015552
2023-08-14 20:00:00,33.719007000000005,34.56,0.08916479999993464,0.08699503805993622
2023-08-14 21:00:00,31.236250500000004,29.83,0.0879985000000217,0.09214693897502274
2023-08-14 22:00:00,29.995497,29.83,0.07010049999990232,0.0704894179499018
2023-08-14 23:00:00,29.813070000000003,29.83,0.0724869000001172,0.07244576010011715
2023-08-15 00:00:00,28.944667500000005,29.83,0.06950389999978078,0.06744107527478731
2023-08-15 01:00:00,28.883442,29.83,0.05936170000015627,0.057478049580151305
2023-08-15 02:00:00,28.608552,29.83,0.06860899999986977,0.06579966959987511
2023-08-15 03:00:00,28.322416500000006,29.83,0.04623650000019534,0.04389974557518547
2023-08-15 04:00:00,28.9521645,29.83,0.021179299999973953,0.02055603679497472
2023-08-15 05:00:00,31.57236600000001,29.83,0.0,0.0
2023-08-15 06:00:00,34.23630000000001,34.56,0.0,0.0
2023-08-15 07:00:00,32.434521000000004,34.56,0.0,0.0
2023-08-15 08:00:00,29.200815,29.83,0.0,0.0
2023-08-15 09:00:00,27.3603015,25.66,0.0,0.0
2023-08-15 10:00:00,26.61185100000001,25.66,0.0,0.0
2023-08-15 11:00:00,25.157433,25.66,0.0,0.0
2023-08-15 12:00:00,21.239001,25.66,0.0,0.0
2023-08-15 13:00:00,20.309373,25.66,0.0,0.0
2023-08-15 14:00:00,23.097007500000004,25.66,0.07928939999981703,0.07136975317483532
2023-08-15 15:00:00,26.147037000000005,25.66,0.4349370000001587,0.44319227715016174
2023-08-15 16:00:00,29.365749000000008,29.83,0.5473805000000108,0.5388614941500108
2023-08-15 17:00:00,30.946366500000003,29.83,0.3302180999999913,0.34257627715499106
2023-08-15 18:00:00,33.119247,34.56,0.09089279999997235,0.0871036196099735
2023-08-15 19:00:00,35.18716950000001,34.56,0.11162879999979634,0.11365455748479265
2023-08-15 20:00:00,33.991398000000004,34.56,0.10437120000020368,0.10265402196020035
2023-08-15 21:00:00,33.04177800000001,34.56,0.10091519999981394,0.09648199175982212
2023-08-15 22:00:00,30.848905500000004,29.83,0.0829274000000738,0.08575995729007632
2023-08-15 23:00:00,30.712710000000005,29.83,0.06323960000013239,0.06511094520013633
2023-08-16 00:00:00,29.544427500000005,29.83,0.0787512000000369,0.07799728860003656
2023-08-16 01:00:00,29.035881000000007,29.83,0.06085319999991752,0.05923319723991973
2023-08-16 02:00:00,29.172076500000003,29.83,0.07308349999996744,0.07147158742496817
2023-08-16 03:00:00,29.488200000000003,29.83,0.06562600000007597,0.0648740400000751
2023-08-16 04:00:00,29.800575,29.83,0.05011439999990015,0.05006496599990026
2023-08-16 05:00:00,32.248345500000006,34.56,0.00760319999997737,0.0070946360099788846
2023-08-16 06:00:00,35.6119995,34.56,0.0,0.0
2023-08-16 07:00:00,33.55907100000001,34.56,0.0,0.0
2023-08-16 08:00:00,31.051324500000003,29.83,0.0,0.0
2023-08-16 09:00:00,29.776834500000007,29.83,0.0,0.0
2023-08-16 10:00:00,29.16832800000001,29.83,0.0,0.0
2023-08-16 11:00:00,28.818468,29.83,0.0,0.0
2023-08-16 12:00:00,28.227454500000004,29.83,0.0,0.0
2023-08-16 13:00:00,28.592308500000005,29.83,0.0,0.0
2023-08-16 14:00:00,29.002144500000004,29.83,0.0,0.0
2023-08-16 15:00:00,29.514439500000005,29.83,0.0,0.0
2023-08-16 16:00:00,31.2112605,29.83,0.13512990000012803,0.141387010065134
2023-08-16 17:00:00,33.763989,34.56,0.32970239999990447,0.3221084550599067
2023-08-16 18:00:00,36.872745,34.56,0.12234240000009304,0.13052951730009926
2023-08-16 19:00:00,37.3637985,34.56,0.10195200000002515,0.11022320557502718
2023-08-16 20:00:00,34.37374500000001,34.56,0.11197439999986675,0.11137093379986747
2023-08-16 21:00:00,32.349555,34.56,0.09918720000009053,0.09284322285008473
2023-08-16 22:00:00,29.8618005,29.83,0.07129369999987412,0.07136970319487398
2023-08-16 23:00:00,30.472806,29.83,0.07427669999993923,0.07587728693993792
2023-08-17 00:00:00,29.66063100000001,29.83,0.055185500000119375,0.05487216735011871
2023-08-17 01:00:00,29.606902500000004,29.83,0.0662225999999262,0.06572732354992676
2023-08-17 02:00:00,29.255793,29.83,0.056677000000151925,0.05558600670014901
2023-08-17 03:00:00,29.255793,29.83,0.053395700000026046,0.052367869470025544
2023-08-17 04:00:00,30.162930000000003,29.83,0.03251469999984156,0.032877593699839794
2023-08-17 05:00:00,34.201314,34.56,0.006912000000150876,0.006840262800149309
2023-08-17 06:00:00,34.41123,34.56,0.0,0.0
2023-08-17 07:00:00,34.1250945,34.56,0.0,0.0
2023-08-17 08:00:00,31.762290000000007,29.83,0.0,0.0
2023-08-17 09:00:00,30.2466465,29.83,0.0029829999997938103,0.00302466464979093
2023-08-17 10:00:00,29.264539500000005,29.83,0.0,0.0
2023-08-17 11:00:00,28.815969000000003,29.83,0.0,0.0
2023-08-17 12:00:00,28.611051000000007,29.83,0.0,0.0
2023-08-17 13:00:00,28.611051000000007,29.83,0.0,0.0
2023-08-17 14:00:00,29.124595500000005,29.83,0.0,0.0
2023-08-17 15:00:00,29.86305,29.83,0.011931999999989147,0.011945219999989137
2023-08-17 16:00:00,31.543627500000007,29.83,0.0014915000000325562,0.0015771813750344269
2023-08-17 17:00:00,33.851454000000004,34.56,0.08467199999996229,0.08293606229996307
2023-08-17 18:00:00,36.1892685,34.56,0.1396224000001559,0.14620464474016326
2023-08-17 19:00:00,35.563269000000005,34.56,0.14204160000002014,0.14616503559002073
2023-08-17 20:00:00,33.471606,34.56,0.09849599999994972,0.0953940770999513
2023-08-17 21:00:00,31.9409685,29.83,0.0796460999999479,0.08528238589494423
2023-08-17 22:00:00,30.775185000000004,29.83,0.07278520000017796,0.07509145140018363
2023-08-17 23:00:00,30.499045500000005,29.83,0.07129369999987412,0.0728927187448713
2023-08-18 00:00:00,30.08296200000001,29.83,0.061748100000099844,0.0622717313401007
2023-08-18 01:00:00,29.991748500000003,29.83,0.0590633999998242,0.059383662029823245
2023-08-18 02:00:00,30.2591415,29.83,0.06264300000001086,0.063544197150011
2023-08-18 03:00:00,30.111700500000005,29.83,0.034304500000206184,0.03462845557520814
2023-08-18 04:00:00,30.414079500000003,29.83,0.035795999999967444,0.03649689539996681
2023-08-18 05:00:00,32.46201000000001,34.56,0.01036799999991199,0.009738602999917335
2023-08-18 06:00:00,34.93976850000001,34.56,0.0,0.0
2023-08-18 07:00:00,32.668177500000006,34.56,0.0,0.0
2023-08-18 08:00:00,30.718957500000005,29.83,0.0,0.0
2023-08-18 09:00:00,29.3445075,29.83,0.0,0.0
2023-08-18 10:00:00,28.49484750000001,29.83,0.0,0.0
2023-08-18 11:00:00,28.148736000000007,29.83,0.0,0.0
2023-08-18 12:00:00,27.72015750000001,25.66,0.0,0.0
2023-08-18 13:00:00,27.883842000000005,29.83,0.0,0.0
2023-08-18 14:00:00,28.509841500000004,29.83,0.0,0.0
2023-08-18 15:00:00,29.282032500000003,29.83,0.0029830000000651124,0.0029282032500639165
2023-08-18 16:00:00,30.895137,29.83,0.06860899999986977,0.07105881509986511
2023-08-18 17:00:00,33.361650000000004,34.56,0.10022399999998743,0.09674878499998787
2023-08-18 18:00:00,37.532481,34.56,0.09849599999994972,0.10696757084994538
2023-08-18 19:00:00,36.14053800000001,34.56,0.10368000000006287,0.10842161400006577
2023-08-18 20:00:00,33.295426500000005,34.56,0.11059200000021374,0.10654536480020595
2023-08-18 21:00:00,31.023835500000004,29.83,0.0703987999999631,0.07321625177996163
2023-08-18 22:00:00,29.891788500000004,29.83,0.06443279999983288,0.06456626315983253
2023-08-18 23:00:00,29.763090000000005,29.83,0.06652089999998698,0.06637169069998702
2023-08-19 00:00:00,29.348256,30.97,0.05264900000002253,0.049892035200021355
2023-08-19 01:00:00,29.16333000000001,30.97,0.06906309999998649,0.06503422589998728
2023-08-19 02:00:00,29.068368000000007,30.97,0.060081800000128444,0.056392633920120575
2023-08-19 03:00:00,29.350755000000003,30.97,0.05357809999993014,0.05077680614993381
2023-08-19 04:00:00,29.350755000000003,30.97,0.015794700000119427,0.014968885050113186
2023-08-19 05:00:00,29.850555000000007,30.97,0.14524930000001576,0.13999910295001525
2023-08-19 06:00:00,28.639789500000006,26.52,0.0026519999998166894,0.002863978949802038
2023-08-19 07:00:00,27.741399000000005,26.52,0.0,0.0
2023-08-19 08:00:00,27.285331500000005,26.52,0.0,0.0
2023-08-19 09:00:00,26.039580000000004,26.52,0.01326000000004824,0.013019790000047368
2023-08-19 10:00:00,22.594708500000003,18.88,0.0,0.0
2023-08-19 11:00:00,20.5480275,18.88,0.014159999999965658,0.015411020624962624
2023-08-19 12:00:00,19.224807,18.88,0.017936000000048077,0.018263566650048958
2023-08-19 13:00:00,18.9411705,18.88,0.0,0.0
2023-08-19 14:00:00,20.4930495,18.88,0.0,0.0
2023-08-19 15:00:00,26.666829000000007,26.52,0.0029172000001119157,0.0029333511901125367
2023-08-19 16:00:00,29.919277500000003,30.97,0.02446629999991437,0.023636229224917277
2023-08-19 17:00:00,31.794777000000003,30.97,0.21214449999984225,0.2177942224498381
2023-08-19 18:00:00,33.6302925,30.97,0.09569730000006084,0.10391760382506608
2023-08-19 19:00:00,33.510340500000005,30.97,0.0839287000001983,0.09081302275521458
2023-08-19 20:00:00,33.927673500000004,30.97,0.0758764999999662,0.08312280007496298
2023-08-19 21:00:00,32.8256145,30.97,0.06503700000001127,0.06893379045001194
2023-08-19 22:00:00,31.42992300000001,30.97,0.077425,0.07857480750000002
2023-08-19 23:00:00,31.6111005,30.97,0.05698479999977917,0.0581644249197746
2023-08-20 00:00:00,31.18627050000001,30.97,0.06875340000020505,0.06923352051020651
2023-08-20 01:00:00,30.5090415,30.97,0.06379820000004056,0.06284862549003996
2023-08-20 02:00:00,30.490299000000004,30.97,0.061320599999817475,0.06037079201982032
2023-08-20 03:00:00,30.239149500000007,30.97,0.04645500000016901,0.045358724250165024
2023-08-20 04:00:00,30.43906950000001,30.97,0.041809499999785935,0.04109274382478961
2023-08-20 05:00:00,30.452814000000004,30.97,0.17529020000022083,0.17236292724021715
2023-08-20 06:00:00,29.8243155,30.97,0.0,0.0
2023-08-20 07:00:00,29.736850500000006,30.97,0.0,0.0
2023-08-20 08:00:00,28.191219000000004,26.52,0.0,0.0
2023-08-20 09:00:00,26.528134500000007,26.52,0.0,0.0
2023-08-20 10:00:00,22.86585,26.52,0.0,0.0
2023-08-20 11:00:00,19.7708385,18.88,0.0,0.0
2023-08-20 12:00:00,19.0236375,18.88,0.0,0.0
2023-08-20 13:00:00,19.097358,18.88,0.0,0.0
2023-08-20 14:00:00,21.5926095,18.88,0.0,0.0
2023-08-20 15:00:00,27.236601000000004,26.52,0.0,0.0
2023-08-20 16:00:00,29.250795000000004,30.97,0.0034066999998490243,0.0032175874498574057
2023-08-20 17:00:00,31.362450000000003,30.97,0.08640630000013971,0.08750123550014148
2023-08-20 18:00:00,33.46161,30.97,0.08330929999979043,0.09001173089977359
2023-08-20 19:00:00,34.861050000000006,30.97,0.08578690000001352,0.09656510850001525
2023-08-20 20:00:00,34.803573,30.97,0.05853330000009464,0.06577875297010635
2023-08-20 21:00:00,33.2004645,30.97,0.06875339999992339,0.07370503118991788
2023-08-20 22:00:00,31.3562025,30.97,0.058223600000031545,0.058949660700031936
2023-08-20 23:00:00,31.3562025,30.97,0.05853330000009464,0.05926322272509582
2023-08-21 00:00:00,30.071716500000004,29.83,0.05429059999993705,0.054730524029936556
2023-08-21 01:00:00,29.701864500000003,29.83,0.051009300000082476,0.05079018829508213
2023-08-21 02:00:00,29.247046500000007,29.83,0.06353789999992186,0.062296209044923403
2023-08-21 03:00:00,29.5769145,29.83,0.044446700000102014,0.04406960260510115
2023-08-21 04:00:00,30.640239000000005,29.83,0.03281299999990233,0.03370426289989968
2023-08-21 05:00:00,34.716108000000006,34.56,0.0,0.0
2023-08-21 06:00:00,37.476253500000006,34.56,0.04838400000011316,0.05246675490012272
2023-08-21 07:00:00,34.5199365,34.56,0.0,0.0
2023-08-21 08:00:00,31.753543500000003,29.83,0.0,0.0
2023-08-21 09:00:00,30.36784800000001,29.83,0.0,0.0
2023-08-21 10:00:00,29.459461500000007,29.83,0.0,0.0
2023-08-21 11:00:00,28.943418000000005,29.83,0.0,0.0
2023-08-21 12:00:00,28.608552,29.83,0.0,0.0
2023-08-21 13:00:00,29.250795000000004,29.83,0.0,0.0
2023-08-21 14:00:00,29.3095215,29.83,0.0,0.0
2023-08-21 15:00:00,29.86305,29.83,0.0,0.0
2023-08-21 16:00:00,32.19586650000001,34.56,0.0324864000000176,0.030264114510016406
2023-08-21 17:00:00,35.208411000000005,34.56,0.09884160000002012,0.10069605546002051
2023-08-21 18:00:00,40.6999635,34.56,0.11923199999977369,0.1404148740747335
2023-08-21 19:00:00,42.78912749999999,34.56,0.07603200000008802,0.09413608050010895
2023-08-21 20:00:00,38.1534825,34.56,0.0857087999998592,0.09462063659984456
2023-08-21 21:00:00,34.3624995,34.56,0.06462720000027912,0.06425787406527751
2023-08-21 22:00:00,31.737300000000005,29.83,0.05787019999985241,0.06157036199984298
2023-08-21 23:00:00,31.5736155,29.83,0.05160589999993271,0.05462235481492878
2023-08-22 00:00:00,30.480303000000006,29.83,0.0527991000001758,0.05395013631017965
2023-08-22 01:00:00,30.2966265,29.83,0.06383619999998263,0.06483478070998236
2023-08-22 02:00:00,30.314119500000004,29.83,0.04951780000004992,0.050321438370050736
2023-08-22 03:00:00,30.64898550000001,29.83,0.051307599999871945,0.05271625505986845
2023-08-22 04:00:00,31.426174500000005,29.83,0.034006199999874115,0.03582583892986738
2023-08-22 05:00:00,34.424974500000005,34.56,0.0,0.0
2023-08-22 06:00:00,36.2192565,34.56,0.0,0.0
2023-08-22 07:00:00,34.4799525,34.56,0.0,0.0
2023-08-22 08:00:00,31.851004500000005,29.83,0.0,0.0
2023-08-22 09:00:00,30.162930000000003,29.83,0.0,0.0
2023-08-22 10:00:00,29.821816500000004,29.83,0.0,0.0
2023-08-22 11:00:00,29.0596215,29.83,0.0,0.0
2023-08-22 12:00:00,28.935921,29.83,0.0,0.0
2023-08-22 13:00:00,28.91842800000001,29.83,0.0,0.0
2023-08-22 14:00:00,29.508192000000005,29.83,0.0,0.0
2023-08-22 15:00:00,29.856802500000004,29.83,0.0,0.0
2023-08-22 16:00:00,30.980103000000007,29.83,0.0029830000000651124,0.0030980103000676235
2023-08-22 17:00:00,35.50829100000001,34.56,0.0864,0.08877072750000002
2023-08-22 18:00:00,41.4621585,34.56,0.09296640000008047,0.11153320636509655
2023-08-22 19:00:00,43.167726,34.56,0.10402560000013328,0.12993485526016646
2023-08-22 20:00:00,38.14723500000001,34.56,0.11197439999986675,0.12359704139985292
2023-08-22 21:00:00,35.58576000000001,34.56,0.06255359999985667,0.06441022559985243
2023-08-22 22:00:00,33.31167000000001,34.56,0.07292160000008298,0.07028762370008
2023-08-22 23:00:00,32.8481055,34.56,0.05840639999995474,0.05551329829495699
2023-08-23 00:00:00,31.446166500000004,29.83,0.06025660000006728,0.06352125633007094
2023-08-23 01:00:00,31.100055000000005,29.83,0.05160589999993271,0.05380309514992987
2023-08-23 02:00:00,30.660231000000003,29.83,0.06115149999997829,0.0628534735499777
2023-08-23 03:00:00,31.137540000000005,29.83,0.04325350000013022,0.04514943300013594
2023-08-23 04:00:00,31.75104450000001,29.83,0.0,0.0
2023-08-23 05:00:00,34.999744500000006,34.56,0.0314496000001207,0.03184976749512224
2023-08-23 06:00:00,37.609950000000005,34.56,0.006566399999766145,0.007145890499745507
2023-08-23 07:00:00,37.0364295,34.56,0.0,0.0
2023-08-23 08:00:00,34.423725000000005,34.56,0.0,0.0
2023-08-23 09:00:00,32.3433075,34.56,0.0,0.0
2023-08-23 10:00:00,31.331212500000003,29.83,0.0,0.0
2023-08-23 11:00:00,30.15543300000001,29.83,0.0,0.0
2023-08-23 12:00:00,29.720607000000005,29.83,0.0,0.0
2023-08-23 13:00:00,29.5569225,29.83,0.0,0.0
2023-08-23 14:00:00,30.4415685,29.83,0.0,0.0
2023-08-23 15:00:00,31.997196,29.83,0.0,0.0
2023-08-23 16:00:00,35.38584,34.56,0.06911999999993715,0.07077167999993564
2023-08-23 17:00:00,45.54427499999999,34.56,0.13029120000014083,0.17170191675018553
2023-08-23 18:00:00,51.869244,34.56,0.1064447999999975,0.15975727151999622
2023-08-23 19:00:00,53.84470349999999,34.56,0.12061440000005533,0.18791801521508614
2023-08-23 20:00:00,47.4547605,34.56,0.10126079999988434,0.13904244826484116
2023-08-23 21:00:00,38.961909,34.56,0.17487360000010813,0.19714725954012188
2023-08-23 22:00:00,34.6948665,34.56,0.17314560000007043,0.1738212811650707
2023-08-23 23:00:00,34.08885900000001,34.56,0.08190720000002767,0.0807905958300273
2023-08-24 00:00:00,32.98055250000001,34.56,0.06359039999975358,0.06068421659976485
2023-08-24 01:00:00,32.11839750000001,29.83,0.06025660000006728,0.06487916295007246
2023-08-24 02:00:00,31.684821000000003,29.83,0.057273600000002166,0.060834856320002316
2023-08-24 03:00:00,32.578213500000004,34.56,0.062553600000171,0.0589665664351612
2023-08-24 04:00:00,34.39623600000001,34.56,0.031103999999735975,0.03095661239973723
2023-08-24 05:00:00,37.972305000000006,34.56,0.008294400000118185,0.009113353200129857
2023-08-24 06:00:00,38.06226900000001,34.56,0.0020736000001081267,0.0022837361401190845
2023-08-24 07:00:00,37.8136185,34.56,0.0,0.0
2023-08-24 08:00:00,33.857701500000005,34.56,0.0,0.0
2023-08-24 09:00:00,31.551124500000004,29.83,0.0,0.0
2023-08-24 10:00:00,30.980103000000007,29.83,0.0,0.0
2023-08-24 11:00:00,30.986350500000004,29.83,0.0,0.0
2023-08-24 12:00:00,30.797676000000006,29.83,0.0,0.0
2023-08-24 13:00:00,31.28623050000001,29.83,0.0,0.0
2023-08-24 14:00:00,31.865998500000003,29.83,0.09784239999985675,0.10452047507984698
2023-08-24 15:00:00,32.721906000000004,34.56,0.05253120000001509,0.04973729712001429
2023-08-24 16:00:00,37.2313515,34.56,0.07948800000016346,0.08563210845017609
2023-08-24 17:00:00,43.829961,34.56,0.10471679999995978,0.13280478182994895
2023-08-24 18:00:00,50.4685545,34.56,0.22360319999997738,0.32653154761496694
2023-08-24 19:00:00,48.51683549999999,34.56,0.09780479999980891,0.1373026444647317
2023-08-24 20:00:00,40.813668,34.56,0.0936576000002213,0.11060504028026133
2023-08-24 21:00:00,37.268836500000006,34.56,0.06600959999993211,0.0711834777149268
2023-08-24 22:00:00,33.6227955,34.56,0.07603200000008802,0.07397015010008563
2023-08-24 23:00:00,30.517788000000007,29.83,0.05518549999984807,0.05645790779984458
2023-08-25 00:00:00,29.405733000000005,29.83,0.057571900000062945,0.056753064690062055
2023-08-25 01:00:00,29.327014500000004,29.83,0.06831070000008031,0.06715886320507897
2023-08-25 02:00:00,29.350755000000003,29.83,0.04951780000004992,0.048722253300049125
2023-08-25 03:00:00,29.458212000000007,29.83,0.06473109999989364,0.06392432003989498
2023-08-25 04:00:00,30.237900000000007,29.83,0.025355500000010852,0.025702215000011006
2023-08-25 05:00:00,32.88933900000001,34.56,0.1486080000001006,0.14142415770009575
2023-08-25 06:00:00,34.25129400000001,34.56,0.0,0.0
2023-08-25 07:00:00,34.788579,34.56,0.006911999999836553,0.006957715799835471
2023-08-25 08:00:00,33.4903485,34.56,0.0,0.0
2023-08-25 09:00:00,31.945966500000008,29.83,0.0,0.0
2023-08-25 10:00:00,31.188769500000003,29.83,0.0,0.0
2023-08-25 11:00:00,30.106702500000008,29.83,0.0,0.0
2023-08-25 12:00:00,29.86305,29.83,0.0,0.0
2023-08-25 13:00:00,29.310771000000003,29.83,0.0,0.0
2023-08-25 14:00:00,29.02213650000001,29.83,0.0,0.0
2023-08-25 15:00:00,29.965509000000004,29.83,0.27831389999999784,0.27957819896999786
2023-08-25 16:00:00,32.614449,34.56,0.17314560000007043,0.16339838949006644
2023-08-25 17:00:00,35.11095,34.56,0.12441599999988685,0.12639941999988505
2023-08-25 18:00:00,37.517487,34.56,0.1603583999999799,0.17408113967997818
2023-08-25 19:00:00,36.28922850000001,34.56,0.1482624000000302,0.15568079026503173
2023-08-25 20:00:00,34.627393500000004,34.56,0.13340160000014586,0.13366173891014616
2023-08-25 21:00:00,33.3479055,34.56,0.07706879999998492,0.07436582926498546
2023-08-25 22:00:00,30.848905500000004,29.83,0.0548872000000586,0.056761986120060615
2023-08-25 23:00:00,31.100055000000005,29.83,0.07278519999990667,0.07588413419990271
2023-08-26 00:00:00,30.375345000000003,30.97,0.05853330000009464,0.057409402050092824
2023-08-26 01:00:00,30.1017045,30.97,0.06317879999991437,0.06140747717991677
2023-08-26 02:00:00,29.80307400000001,30.97,0.05698480000006084,0.05483765616005857
2023-08-26 03:00:00,29.37824400000001,30.97,0.05698479999977917,0.054055968959790535
2023-08-26 04:00:00,29.067118500000003,30.97,0.008052200000232096,0.007557450810217837
2023-08-26 05:00:00,29.29827600000001,30.97,0.158256699999849,0.14971419035985722
2023-08-26 06:00:00,29.350755000000003,30.97,0.0055746000000090135,0.005283135900008543
2023-08-26 07:00:00,29.650635,30.97,0.0034067000001306953,0.003261569850125127
2023-08-26 08:00:00,28.943418000000005,30.97,0.0,0.0
2023-08-26 09:00:00,28.00254450000001,26.52,0.0368628000000328,0.03892353685503465
2023-08-26 10:00:00,27.411531000000004,26.52,0.0,0.0
2023-08-26 11:00:00,26.103304500000004,26.52,0.0,0.0
2023-08-26 12:00:00,23.1494865,26.52,0.0,0.0
2023-08-26 13:00:00,24.412731000000004,26.52,0.0,0.0
2023-08-26 14:00:00,27.43027350000001,26.52,0.0,0.0
2023-08-26 15:00:00,28.222456500000007,26.52,0.06232199999991317,0.06632277277490761
2023-08-26 16:00:00,29.2383,30.97,0.035615499999932396,0.03362404499993618
2023-08-26 17:00:00,30.33286200000001,30.97,0.14246200000001127,0.13953116520001108
2023-08-26 18:00:00,32.839359,30.97,0.17219320000015323,0.1825868360401625
2023-08-26 19:00:00,33.88768950000001,30.97,0.12418969999995043,0.1358896348949458
2023-08-26 20:00:00,34.23879900000001,30.97,0.10467859999991888,0.11572714061991034
2023-08-26 21:00:00,32.734401000000005,30.97,0.08516749999988733,0.09001960274988094
2023-08-26 22:00:00,31.191268500000003,30.97,0.07216010000005409,0.07267565560505448
2023-08-26 23:00:00,30.161680500000006,30.97,0.06875339999992339,0.0669589307099254
2023-08-27 00:00:00,29.6518845,30.97,0.06658550000004507,0.06375155167504315
2023-08-27 01:00:00,29.4769545,30.97,0.06503700000001127,0.06190160445001073
2023-08-27 02:00:00,29.363250000000004,30.97,0.07835410000018929,0.07428902250017948
2023-08-27 03:00:00,29.758092000000005,30.97,0.2737748000000045,0.26306153328000437
2023-08-27 04:00:00,29.6218965,30.97,0.17590959999978367,0.1682523721197931
2023-08-27 05:00:00,29.758092000000005,30.97,0.004645500000101401,0.004463713800097434
2023-08-27 06:00:00,29.403234000000005,30.97,0.0,0.0
2023-08-27 07:00:00,29.12584500000001,30.97,0.0,0.0
2023-08-27 08:00:00,29.228304000000005,30.97,0.0,0.0
2023-08-27 09:00:00,29.018388000000005,30.97,0.018582000000123937,0.01741103280011613
2023-08-27 10:00:00,29.110851000000004,30.97,0.0030969999997859307,0.0029110850997987815
2023-08-27 11:00:00,29.020887000000005,30.97,0.0,0.0
2023-08-27 12:00:00,28.31367,26.52,0.0,0.0
2023-08-27 13:00:00,28.347406500000005,26.52,0.0,0.0
2023-08-27 14:00:00,28.496097,26.52,0.0,0.0
2023-08-27 15:00:00,29.4044835,30.97,0.0,0.0
2023-08-27 16:00:00,30.565269000000004,30.97,0.1641410000002028,0.16199592570020016
2023-08-27 17:00:00,32.354553,30.97,0.12914489999983325,0.1349184860098258
2023-08-27 18:00:00,33.502843500000004,30.97,0.11427930000018478,0.1236254925151999
2023-08-27 19:00:00,32.996796,30.97,0.12852549999998872,0.136936703399988
2023-08-27 20:00:00,33.254193,30.97,0.1096337999998017,0.11771984321978708
2023-08-27 21:00:00,32.237100000000005,30.97,0.08145109999997521,0.08478357299997422
2023-08-27 22:00:00,30.236650500000003,30.97,0.06751460000023435,0.06591589809022881
2023-08-27 23:00:00,29.027134500000003,30.97,0.06348849999997747,0.05950562572497889
2023-08-28 00:00:00,28.428624000000006,29.83,0.056378699999819856,0.05373009935982833
2023-08-28 01:00:00,27.98880000000001,29.83,0.05220250000005426,0.04898040000005093
2023-08-28 02:00:00,27.446517000000004,25.66,0.05773500000009335,0.061754663250099866
2023-08-28 03:00:00,28.018788000000004,29.83,0.05011439999990015,0.04707156383990623
2023-08-28 04:00:00,29.032132500000003,29.83,0.008948999999924035,0.008709639749926069
2023-08-28 05:00:00,31.259991000000007,29.83,0.02147760000003473,0.022507193520036398
2023-08-28 06:00:00,34.924774500000005,34.56,0.0,0.0
2023-08-28 07:00:00,35.568267,34.56,0.003456000000075438,0.0035568267000776377
2023-08-28 08:00:00,32.930572500000004,34.56,0.0,0.0
2023-08-28 09:00:00,31.934721000000007,29.83,0.0,0.0
2023-08-28 10:00:00,31.719807000000007,29.83,0.0,0.0
2023-08-28 11:00:00,30.496546500000004,29.83,0.0,0.0
2023-08-28 12:00:00,29.894287500000008,29.83,0.06264300000001086,0.06277800375001089
2023-08-28 13:00:00,29.936770500000005,29.83,0.0,0.0
2023-08-28 14:00:00,32.059671,29.83,0.0,0.0
2023-08-28 15:00:00,31.920976500000005,29.83,0.0,0.0
2023-08-28 16:00:00,36.129292500000005,34.56,0.06911999999993715,0.0722585849999343
2023-08-28 17:00:00,37.71615750000001,34.56,0.14688000000006288,0.16029366937506864
2023-08-28 18:00:00,39.229302,34.56,0.13478400000011317,0.15299427780012845
2023-08-28 19:00:00,38.2009635,34.56,0.14515199999971082,0.16044404669968035
2023-08-28 20:00:00,35.16093000000001,34.56,0.1492992000002414,0.15189521760024563
2023-08-28 21:00:00,32.826864,34.56,0.07499519999987679,0.07123429487988296
2023-08-28 22:00:00,30.855153,29.83,0.06741579999989798,0.06973264577989449
2023-08-28 23:00:00,30.249145500000008,29.83,0.05816850000018448,0.0589858337251871
2023-08-29 00:00:00,29.4844515,29.83,0.07010049999990232,0.06928846102490346
2023-08-29 01:00:00,29.24329800000001,29.83,0.050711000000021704,0.04971360660002129
2023-08-29 02:00:00,29.24329800000001,29.83,0.05995830000000651,0.058779028980006406
2023-08-29 03:00:00,29.244547500000003,29.83,0.06234469999995008,0.061121104274951064
2023-08-29 04:00:00,29.714359500000004,29.83,0.0029830000000651124,0.0029714359500648607
2023-08-29 05:00:00,32.596956000000006,34.56,0.02419199999989942,0.022817869199905135
2023-08-29 06:00:00,35.755692,34.56,0.0,0.0
2023-08-29 07:00:00,38.457111000000005,34.56,0.0,0.0
2023-08-29 08:00:00,36.215508,34.56,0.0,0.0
2023-08-29 09:00:00,33.83271150000001,34.56,0.0,0.0
2023-08-29 10:00:00,31.98470100000001,29.83,0.0,0.0
2023-08-29 11:00:00,31.261240500000003,29.83,0.0,0.0
2023-08-29 12:00:00,30.2191575,29.83,0.0,0.0
2023-08-29 13:00:00,29.881792500000007,29.83,0.0,0.0
2023-08-29 14:00:00,30.817668,29.83,0.0,0.0
2023-08-29 15:00:00,31.623595500000004,29.83,0.07755800000006512,0.08222134830006905
2023-08-29 16:00:00,34.93976850000001,34.56,0.04147199999996229,0.041927722199961874
2023-08-29 17:00:00,36.8415075,34.56,0.139967999999912,0.14920810537490617
2023-08-29 18:00:00,38.8357095,34.56,0.17452800000003774,0.19612033297504242
2023-08-29 19:00:00,37.672425,34.56,0.12096000000012573,0.13185348750013703
2023-08-29 20:00:00,34.44621600000001,34.56,0.08709120000014081,0.08680446432014037
2023-08-29 21:00:00,32.62194600000001,34.56,0.09780479999980891,0.09232010717981963
2023-08-29 22:00:00,30.214159500000004,29.83,0.06860900000014107,0.0694925668501429
2023-08-29 23:00:00,29.878044000000006,29.83,0.07487329999978946,0.07499389043978914
2023-08-30 00:00:00,29.688120000000005,29.83,0.07278520000017796,0.07243901280017714
2023-08-30 01:00:00,29.408232000000005,29.83,0.050711000000021704,0.04999399440002141
2023-08-30 02:00:00,29.184571500000004,29.83,0.06711749999983722,0.06566528587484075
2023-08-30 03:00:00,29.464459500000004,29.83,0.04921949999998915,0.048616358174989285
2023-08-30 04:00:00,29.573166000000004,29.83,0.023863999999978295,0.023658532799978486
2023-08-30 05:00:00,33.380392500000006,34.56,0.03801600000020117,0.036718431750194305
2023-08-30 06:00:00,35.37709350000001,34.56,0.0,0.0
2023-08-30 07:00:00,34.849804500000005,34.56,0.0,0.0
2023-08-30 08:00:00,32.949315000000006,34.56,0.003455999999761116,0.0032949314997722497
2023-08-30 09:00:00,31.14878550000001,29.83,0.0,0.0
2023-08-30 10:00:00,29.775585000000007,29.83,0.0,0.0
2023-08-30 11:00:00,29.580663000000005,29.83,0.0,0.0
2023-08-30 12:00:00,29.310771000000003,29.83,0.0,0.0
2023-08-30 13:00:00,29.12584500000001,29.83,0.0,0.0
2023-08-30 14:00:00,29.444467500000005,29.83,0.0,0.0
2023-08-30 15:00:00,29.330763000000005,29.83,0.005966000000130225,0.0058661526001280466
2023-08-30 16:00:00,31.778533500000005,29.83,0.04772799999995659,0.050845653599953765
2023-08-30 17:00:00,34.851054000000005,34.56,0.08778239999996731,0.08852167715996705
2023-08-30 18:00:00,38.4858495,34.56,0.09780480000012322,0.10891495408513721
2023-08-30 19:00:00,38.3708955,34.56,0.11059199999989944,0.12278686559988834
2023-08-30 20:00:00,34.16133000000001,34.56,0.07776000000012574,0.0768629925001243
2023-08-30 21:00:00,32.298325500000004,34.56,0.09434880000004778,0.08817442861504465
2023-08-30 22:00:00,30.061720500000007,29.83,0.06532770000001518,0.06583516789501533
2023-08-30 23:00:00,29.401984500000005,29.83,0.06592429999986543,0.06497838574486738
2023-08-31 00:00:00,28.833462000000004,29.83,0.06473109999989364,0.06256861253989722
2023-08-31 01:00:00,28.792228500000004,29.83,0.06234470000022138,0.06017575756521369
2023-08-31 02:00:00,28.714759500000003,29.83,0.07129369999987412,0.06862827520487884
2023-08-31 03:00:00,28.42237650000001,29.83,0.05220250000005426,0.04973915887505172
2023-08-31 04:00:00,28.792228500000004,29.83,0.03132149999986977,0.03023183992487431
2023-08-31 05:00:00,30.539029500000005,29.83,0.048324600000078134,0.04947322779008
2023-08-31 06:00:00,35.0497245,34.56,0.043545600000070406,0.04416265287007141
2023-08-31 07:00:00,33.326664,34.56,0.21150720000002768,0.2039591836800267
2023-08-31 08:00:00,31.628593500000008,29.83,0.5205334999999675,0.5519189565749656
2023-08-31 09:00:00,29.471956500000005,29.83,0.44744999999999996,0.44207934750000005
2023-08-31 10:00:00,28.863450000000007,29.83,0.10887949999993488,0.10535159249993703
2023-08-31 11:00:00,28.621047000000004,29.83,0.01491500000005426,0.014310523500052064
2023-08-31 12:00:00,28.368648000000004,29.83,0.0,0.0
2023-08-31 13:00:00,28.146237000000006,29.83,0.05429059999993705,0.05122615133994063
2023-08-31 14:00:00,28.239949500000005,29.83,0.002386399999943569,0.0022591959599465774
2023-08-31 15:00:00,28.489849500000005,29.83,0.05220250000005426,0.049857236625051836
2023-08-31 16:00:00,29.828064,29.83,0.081734200000102,0.08172889536010201
2023-08-31 17:00:00,32.243347500000006,34.56,0.18489599999994974,0.17250190912495308
2023-08-31 18:00:00,35.92937250000001,34.56,0.12476159999995727,0.1297050347249556
2023-08-31 19:00:00,34.7548425,34.56,0.1074815999998944,0.1080875601748938
2023-08-31 20:00:00,33.049275,34.56,0.09953280000016093,0.09518191200015391
2023-08-31 21:00:00,30.6164985,29.83,0.06443280000010418,0.06613163676010692
2023-08-31 22:00:00,29.474455500000005,29.83,0.07278519999990667,0.07191767141990779
2023-08-31 23:00:00,29.725605000000005,29.83,0.061449800000039065,0.061234746300038945
2023-09-01 00:00:00,29.3595015,29.83,0.07159199999993489,0.07046280359993592
2023-09-01 01:00:00,29.02463550000001,29.83,0.06264300000001086,0.06095173455001058
2023-09-01 02:00:00,28.997146500000007,29.83,0.059659999999945736,0.05799429299994727
2023-09-01 03:00:00,29.123346,29.83,0.07069710000002387,0.06902233002002332
2023-09-01 04:00:00,29.513190000000005,29.83,0.08352399999992403,0.08263693199992486
2023-09-01 05:00:00,31.367448000000003,29.83,0.17987490000001952,0.18914571144002057
2023-09-01 06:00:00,33.41537850000001,34.56,0.003456000000075438,0.00334153785007294
2023-09-01 07:00:00,33.5403285,34.56,0.043545600000070406,0.04226081391006833
2023-09-01 08:00:00,31.274985000000004,29.83,0.22790120000003689,0.23894088540003872
2023-09-01 09:00:00,30.140439,29.83,0.0,0.0
2023-09-01 10:00:00,29.428224,29.83,0.0,0.0
2023-09-01 11:00:00,28.865949000000004,29.83,0.0,0.0
2023-09-01 12:00:00,28.476105000000004,29.83,0.0,0.0
2023-09-01 13:00:00,28.517338500000008,29.83,0.0,0.0
2023-09-01 14:00:00,28.865949000000004,29.83,0.0029829999997938103,0.0028865948998004743
2023-09-01 15:00:00,29.434471500000004,29.83,0.0020881000001540997,0.002060413005152057
2023-09-01 16:00:00,30.813919500000004,29.83,0.05160589999993271,0.05330808073493051
2023-09-01 17:00:00,33.2554425,34.56,0.06739199999989942,0.06484811287490322
2023-09-01 18:00:00,36.30047400000001,34.56,0.07776000000012574,0.0816760665001321
2023-09-01 19:00:00,35.778183000000006,34.56,0.05529599999994972,0.057245092799947946
2023-09-01 20:00:00,33.32416500000001,34.56,0.07948800000016346,0.07664557950015763
2023-09-01 21:00:00,32.18212200000001,29.83,0.053693999999815514,0.05792781959980098
2023-09-01 22:00:00,31.693567500000004,29.83,0.0641345000000434,0.06814117012504613
2023-09-01 23:00:00,30.795177,29.83,0.05220250000005426,0.053891559750056016
2023-09-02 00:00:00,30.200415000000007,30.97,0.06410790000010366,0.0625148590501011
2023-09-02 01:00:00,29.86305,30.97,0.06472729999994817,0.06241377449995003
2023-09-02 02:00:00,29.350755000000003,30.97,0.05202959999989634,0.049309268399901775
2023-09-02 03:00:00,29.41323000000001,30.97,0.07061160000002029,0.06706216440001929
2023-09-02 04:00:00,29.888040000000004,30.97,0.04273859999997521,0.041245495199976084
2023-09-02 05:00:00,29.990499000000003,30.97,0.003097000000067601,0.0029990499000654633
2023-09-02 06:00:00,29.999245500000004,30.97,0.06813400000007887,0.06599834010007641
2023-09-02 07:00:00,29.890539000000004,30.97,0.0,0.0
2023-09-02 08:00:00,29.185821000000004,30.97,0.0,0.0
2023-09-02 09:00:00,28.584811500000008,26.52,0.0,0.0
2023-09-02 10:00:00,27.351555000000005,26.52,0.01591199999986493,0.016410932999860697
2023-09-02 11:00:00,26.86425,26.52,0.018564000000164015,0.018804975000166143
2023-09-02 12:00:00,25.23865050000001,26.52,0.0,0.0
2023-09-02 13:00:00,24.2840325,26.52,0.0026519999998166894,0.002428403249832145
2023-09-02 14:00:00,26.039580000000004,26.52,0.0,0.0
2023-09-02 15:00:00,27.36529950000001,26.52,0.0,0.0
2023-09-02 16:00:00,29.044627500000004,30.97,0.023227500000225335,0.021783470625211333
2023-09-02 17:00:00,31.11255000000001,30.97,0.09229059999993014,0.09271539899992985
2023-09-02 18:00:00,32.585710500000005,30.97,0.08423839999997972,0.08863313255997868
2023-09-02 19:00:00,33.211710000000004,30.97,0.08114139999991211,0.08701468019990577
2023-09-02 20:00:00,31.761040500000007,30.97,0.16723799999998876,0.1715096186999885
2023-09-02 21:00:00,30.567768000000004,30.97,0.06782430000001577,0.06694341192001557
2023-09-02 22:00:00,29.530683000000003,30.97,0.05853330000009464,0.05581299087009026
2023-09-02 23:00:00,30.522786000000004,30.97,0.04862290000004732,0.047920774020046644
2023-09-03 00:00:00,29.991748500000003,30.97,0.06534669999979269,0.06328258933479924
2023-09-03 01:00:00,30.105453000000004,30.97,0.16259250000016898,0.1580536282501643
2023-09-03 02:00:00,30.067968000000008,30.97,0.17250289999993468,0.1674785817599366
2023-09-03 03:00:00,29.90928150000001,30.97,0.08981299999998874,0.08673691634998916
2023-09-03 04:00:00,29.741848500000003,30.97,0.07277949999989859,0.06989334397490263
2023-09-03 05:00:00,29.635641000000003,30.97,0.037164000000247874,0.035562769200237196
2023-09-03 06:00:00,29.16707850000001,30.97,0.11180169999996169,0.10529315338496396
2023-09-03 07:00:00,28.55607300000001,26.52,0.0,0.0
2023-09-03 08:00:00,27.71391000000001,26.52,0.0,0.0
2023-09-03 09:00:00,24.902535000000004,26.52,0.0,0.0
2023-09-03 10:00:00,22.7946285,26.52,0.0,0.0
2023-09-03 11:00:00,20.0382315,18.88,0.0,0.0
2023-09-03 12:00:00,18.7837335,18.88,0.0,0.0
2023-09-03 13:00:00,17.985303000000002,18.88,0.0,0.0
2023-09-03 14:00:00,19.3310145,18.88,0.0,0.0
2023-09-03 15:00:00,24.072867,26.52,0.0,0.0
2023-09-03 16:00:00,29.16707850000001,30.97,0.0402610000000338,0.037917202050031844
2023-09-03 17:00:00,31.116298500000003,30.97,0.07835409999990761,0.07872423520490719
2023-09-03 18:00:00,33.010540500000005,30.97,0.10003310000009914,0.1066240458151057
2023-09-03 19:00:00,34.6848705,30.97,0.08145109999997521,0.09122120941497223
2023-09-03 20:00:00,32.277084,30.97,0.05202959999989634,0.05422550111989198
2023-09-03 21:00:00,31.091308500000004,30.97,0.06658550000004507,0.06684631327504525
2023-09-03 22:00:00,30.009241500000005,30.97,0.05729449999984226,0.055517096774847174
2023-09-03 23:00:00,29.9692575,30.97,0.061010900000036054,0.0590394372750349
2023-09-04 00:00:00,29.174575500000003,29.83,0.050711000000021704,0.049596778350021235
2023-09-04 01:00:00,29.005893000000004,29.83,0.09127980000014758,0.08875803258014353
2023-09-04 02:00:00,29.06212050000001,29.83,0.06294129999980032,0.061321074254805485
2023-09-04 03:00:00,29.012140500000005,29.83,0.04116539999997612,0.04003675388997679
2023-09-04 04:00:00,30.285381,29.83,0.04683310000004558,0.04754804817004628
2023-09-04 05:00:00,33.2779335,34.56,0.0321407999999472,0.03094847815494916
2023-09-04 06:00:00,35.4020835,34.56,0.0,0.0
2023-09-04 07:00:00,33.60155400000001,34.56,0.0,0.0
2023-09-04 08:00:00,31.03258200000001,29.83,0.0,0.0
2023-09-04 09:00:00,28.973406000000004,29.83,0.0,0.0
2023-09-04 10:00:00,27.622696500000004,25.66,0.0,0.0
2023-09-04 11:00:00,27.070417500000005,25.66,0.0,0.0
2023-09-04 12:00:00,26.428174500000004,25.66,0.0,0.0
2023-09-04 13:00:00,26.36944800000001,25.66,0.0,0.0
2023-09-04 14:00:00,27.414030000000007,25.66,0.0,0.0
2023-09-04 15:00:00,28.734751500000005,29.83,0.0238640000002496,0.022987801200240437
2023-09-04 16:00:00,31.060071000000008,29.83,0.07159199999993489,0.07454417039993222
2023-09-04 17:00:00,34.666128,34.56,0.10506240000003018,0.10538502912003027
2023-09-04 18:00:00,42.14313599999999,34.56,0.10402559999981897,0.1268508393597792
2023-09-04 19:00:00,38.9556615,34.56,0.10368000000006287,0.11686698450007085
2023-09-04 20:00:00,32.98055250000001,34.56,0.06082560000013328,0.058045772400127205
2023-09-04 21:00:00,30.489049500000007,29.83,0.05100929999981117,0.05213627464480702
2023-09-04 22:00:00,29.30827200000001,29.83,0.06294130000007163,0.0618404539200704
2023-09-04 23:00:00,29.173326000000003,29.83,0.052799099999904495,0.051636787019906615
2023-09-05 00:00:00,28.879693500000005,29.83,0.05787020000012372,0.056026605390119784
2023-09-05 01:00:00,28.780983000000003,29.83,0.11007269999990667,0.10620182726990997
2023-09-05 02:00:00,28.748496000000003,29.83,0.06771409999995875,0.06525908591996027
2023-09-05 03:00:00,28.819717500000003,29.83,0.05369400000008682,0.05187549150008389
2023-09-05 04:00:00,29.313270000000003,29.83,0.023863999999978295,0.023450615999978674
2023-09-05 05:00:00,32.36205,34.56,0.026611200000077957,0.024918778500073
2023-09-05 06:00:00,33.11175000000001,34.56,0.07361279999990948,0.07052802749991328
2023-09-05 07:00:00,32.132142,29.83,0.0,0.0
2023-09-05 08:00:00,29.585661000000005,29.83,0.0,0.0
2023-09-05 09:00:00,28.363650000000003,29.83,0.0,0.0
2023-09-05 10:00:00,27.595207500000004,25.66,0.0,0.0
2023-09-05 11:00:00,26.851755000000004,25.66,0.0,0.0
2023-09-05 12:00:00,26.745547500000008,25.66,0.0,0.0
2023-09-05 13:00:00,27.0054435,25.66,0.0,0.0
2023-09-05 14:00:00,27.738900000000005,25.66,0.0,0.0
2023-09-05 15:00:00,28.42737450000001,29.83,0.0674158000001693,0.06424586637016136
2023-09-05 16:00:00,30.270387000000003,29.83,0.05936169999988496,0.060238070129883275
2023-09-05 17:00:00,33.499095000000004,34.56,0.10091520000012824,0.09781735740012432
2023-09-05 18:00:00,40.4675565,34.56,0.09331199999983657,0.10926240254980861
2023-09-05 19:00:00,36.6765735,34.56,0.0957312000000151,0.10159410859501602
2023-09-05 20:00:00,32.60570250000001,34.56,0.06773759999996984,0.06390717689997154
2023-09-05 21:00:00,30.813919500000004,29.83,0.06115149999997829,0.06316853497497758
2023-09-05 22:00:00,29.366998500000005,29.83,0.05220250000005426,0.05139224737505343
2023-09-05 23:00:00,28.4748555,29.83,0.060554900000128045,0.05780395666512224
2023-09-06 00:00:00,28.053774000000004,29.83,0.05816849999991318,0.05470485929991836
2023-09-06 01:00:00,28.679773500000007,29.83,0.11395059999988279,0.10955673476988734
2023-09-06 02:00:00,28.878444000000005,29.83,0.0641345000000434,0.062088654600042044
2023-09-06 03:00:00,28.923426000000006,29.83,0.053395700000026046,0.05177293254002526
2023-09-06 04:00:00,30.235401000000003,29.83,0.03788410000012154,0.038398959270123205
2023-09-06 05:00:00,32.7006645,34.56,0.0,0.0
2023-09-06 06:00:00,35.10970050000001,34.56,0.0,0.0
2023-09-06 07:00:00,32.26084050000001,34.56,0.0,0.0
2023-09-06 08:00:00,29.579413500000005,29.83,0.0,0.0
2023-09-06 09:00:00,28.444867500000004,29.83,0.0,0.0
2023-09-06 10:00:00,27.626445,25.66,0.0,0.0
2023-09-06 11:00:00,26.76054150000001,25.66,0.0,0.0
2023-09-06 12:00:00,26.543128500000005,25.66,0.0,0.0
2023-09-06 13:00:00,26.79927600000001,25.66,0.0,0.0
2023-09-06 14:00:00,27.676425,25.66,0.0,0.0
2023-09-06 15:00:00,28.793478000000004,29.83,0.18912220000000432,0.18255065052000422
2023-09-06 16:00:00,30.596506500000007,29.83,0.18196299999990231,0.18663868964989988
2023-09-06 17:00:00,35.5895085,34.56,0.10333439999999247,0.10641263041499224
2023-09-06 18:00:00,41.08730849999999,34.56,0.10437119999988938,0.12408367166986844
2023-09-06 19:00:00,38.114748,34.56,0.08432640000020619,0.09299998512022739
2023-09-06 20:00:00,32.7531435,34.56,0.06911999999993715,0.06550628699994042
2023-09-06 21:00:00,30.550275000000003,29.83,0.0590634000000955,0.06048954450009781
2023-09-06 22:00:00,29.328264000000004,29.83,0.04772799999995659,0.046925222399957334
2023-09-06 23:00:00,29.290779000000004,29.83,0.06473109999989364,0.06356099042989558
2023-09-07 00:00:00,28.784731500000007,29.83,0.055185500000119375,0.0532517532751152
2023-09-07 01:00:00,28.498596000000003,29.83,0.06353789999992186,0.06070200947992536
2023-09-07 02:00:00,27.8650995,29.83,0.04713140000010635,0.04402685721009934
2023-09-07 03:00:00,28.343658000000005,29.83,0.11484549999979381,0.10912308329980411
2023-09-07 04:00:00,28.8746955,29.83,0.06264300000001086,0.0606368605500105
2023-09-07 05:00:00,31.864749000000003,29.83,0.013125199999960932,0.01402048955995827
2023-09-07 06:00:00,33.61155,34.56,0.006912000000150876,0.006722310000146734
2023-09-07 07:00:00,33.11175000000001,34.56,0.0,0.0
2023-09-07 08:00:00,30.197916000000006,29.83,0.0,0.0
2023-09-07 09:00:00,28.391139000000003,29.83,0.0,0.0
2023-09-07 10:00:00,27.701415000000004,25.66,0.0,0.0
2023-09-07 11:00:00,26.555623500000006,25.66,0.0,0.0
2023-09-07 12:00:00,25.514790000000005,25.66,0.0,0.0
2023-09-07 13:00:00,26.137041000000007,25.66,0.0,0.0
2023-09-07 14:00:00,27.613950000000003,25.66,0.0,0.0
2023-09-07 15:00:00,28.401135000000007,29.83,0.0,0.0
2023-09-07 16:00:00,30.255393000000005,29.83,0.035795999999967444,0.036306471599966986
2023-09-07 17:00:00,34.0526235,34.56,0.11059199999989944,0.1089683951999009
2023-09-07 18:00:00,38.2684365,34.56,0.12787200000027663,0.14159321505030628
2023-09-07 19:00:00,35.7019635,34.56,0.06739199999989942,0.06961882882489609
2023-09-07 20:00:00,32.11215,29.83,0.06115149999997829,0.06582990749997664
2023-09-07 21:00:00,30.037980000000005,29.83,0.05548379999990884,0.055870642799908214
2023-09-07 22:00:00,28.482352500000005,29.83,0.056975299999941394,0.05440129327494406
2023-09-07 23:00:00,27.941319000000004,29.83,0.05966000000021704,0.05588263800020331
2023-09-08 00:00:00,27.553974000000004,25.66,0.04233899999999067,0.045464057099989984
2023-09-08 01:00:00,27.621447000000003,25.66,0.05850480000001681,0.0629768991600181
2023-09-08 02:00:00,27.626445,25.66,0.043622000000018674,0.046964956500020104
2023-09-08 03:00:00,28.291179000000007,29.83,0.12051319999986326,0.11429636315987035
2023-09-08 04:00:00,29.05712250000001,29.83,0.05846679999997395,0.05695196009997464
2023-09-08 05:00:00,31.473655500000003,29.83,0.01491500000005426,0.01573682775005725
2023-09-08 06:00:00,34.081362000000006,34.56,0.003456000000075438,0.0034081362000743932
2023-09-08 07:00:00,32.67692400000001,34.56,0.0,0.0
2023-09-08 08:00:00,29.885541000000003,29.83,0.0,0.0
2023-09-08 09:00:00,28.59730650000001,29.83,0.0,0.0
2023-09-08 10:00:00,27.673926000000005,25.66,0.0,0.0
2023-09-08 11:00:00,26.751795,25.66,0.0,0.0
2023-09-08 12:00:00,26.2282545,25.66,0.0,0.0
2023-09-08 13:00:00,26.4356715,25.66,0.0,0.0
2023-09-08 14:00:00,27.392788500000005,25.66,0.0,0.0
2023-09-08 15:00:00,28.414879500000005,29.83,0.0,0.0
2023-09-08 16:00:00,30.850155000000004,29.83,0.03370789999981334,0.034860675149806966
2023-09-08 17:00:00,38.836959,34.56,0.053568000000226317,0.06019728645025432
2023-09-08 18:00:00,46.10654999999999,34.56,0.10920959999993211,0.14569669799990942
2023-09-08 19:00:00,41.80202249999999,34.56,0.08743679999989691,0.10575911692487529
2023-09-08 20:00:00,33.871446000000006,34.56,0.07050240000021878,0.06909774984021443
2023-09-08 21:00:00,31.60360350000001,29.83,0.0548871999997873,0.05815063043977468
2023-09-08 22:00:00,30.610251000000005,29.83,0.05309739999996527,0.05448624677996437
2023-09-08 23:00:00,30.512790000000003,29.83,0.061748100000099844,0.06316147530010213
2023-09-09 00:00:00,30.171676500000004,30.97,0.09600700000012394,0.09353219715012076
2023-09-09 01:00:00,29.864299500000005,30.97,0.1124210999998062,0.10840740718481316
2023-09-09 02:00:00,29.86305,30.97,0.06410790000010366,0.06181651350009996
2023-09-09 03:00:00,29.9692575,30.97,0.09910399999990986,0.09590162399991278
2023-09-09 04:00:00,30.029233500000004,30.97,0.043358000000101406,0.04204092690009833
2023-09-09 05:00:00,30.3416085,30.97,0.14679780000004958,0.14381922429004856
2023-09-09 06:00:00,30.36784800000001,30.97,0.011149200000018027,0.01093242528001768
2023-09-09 07:00:00,29.374495500000005,30.97,0.0,0.0
2023-09-09 08:00:00,28.584811500000008,26.52,0.0,0.0
2023-09-09 09:00:00,27.212860500000005,26.52,0.0026519999998166894,0.0027212860498119005
2023-09-09 10:00:00,25.55602350000001,26.52,0.0,0.0
2023-09-09 11:00:00,19.932024,18.88,0.0,0.0
2023-09-09 12:00:00,18.0165405,18.88,0.0,0.0
2023-09-09 13:00:00,18.666280500000003,18.88,0.0,0.0
2023-09-09 14:00:00,24.6014055,26.52,0.0,0.0
2023-09-09 15:00:00,27.21411,26.52,0.016972800000081043,0.017417030400083165
2023-09-09 16:00:00,29.581912500000005,30.97,0.04986170000001803,0.04762687912501723
2023-09-09 17:00:00,32.524485,30.97,0.04986170000001803,0.05236442085001893
2023-09-09 18:00:00,36.63658950000001,30.97,0.10529800000004506,0.12456440430005333
2023-09-09 19:00:00,36.92397450000001,30.97,0.10405920000007436,0.12406455432008869
2023-09-09 20:00:00,33.833961,30.97,0.06286909999985127,0.06868294082983753
2023-09-09 21:00:00,31.225005000000003,30.97,0.05853330000009464,0.059015259450095434
2023-09-09 22:00:00,30.257892,30.97,0.05791389999996845,0.05658225803996918
2023-09-09 23:00:00,30.594007500000004,30.97,0.06565639999985579,0.06485929589985755
2023-09-10 00:00:00,30.4040835,30.97,0.05141020000005183,0.05047077861005088
2023-09-10 01:00:00,30.316618500000004,30.97,0.06844370000014197,0.06699972688513897
2023-09-10 02:00:00,29.961760500000008,30.97,0.05264900000002253,0.050934992850021815
2023-09-10 03:00:00,29.464459500000004,30.97,0.04986170000001803,0.04743777979501716
2023-09-10 04:00:00,29.703114000000003,30.97,0.05233929999995944,0.05019826265996111
2023-09-10 05:00:00,29.781832500000004,30.97,0.009290999999921133,0.00893454974992416
2023-09-10 06:00:00,29.5194375,30.97,0.14865599999986479,0.14169329999987113
2023-09-10 07:00:00,29.032132500000003,30.97,0.18582000000011267,0.17419279500010565
2023-09-10 08:00:00,28.496097,26.52,0.07319519999995755,0.07864922771995439
2023-09-10 09:00:00,24.375246000000004,26.52,0.00901680000014858,0.008287583640136563
2023-09-10 10:00:00,19.61715,18.88,0.0,0.0
2023-09-10 11:00:00,18.402636,18.88,0.0,0.0
2023-09-10 12:00:00,17.3717985,18.88,0.0,0.0
2023-09-10 13:00:00,17.368049999999997,18.88,0.0018879999998694982,0.001736804999879949
2023-09-10 14:00:00,20.6579835,18.88,0.0,0.0
2023-09-10 15:00:00,27.239100000000004,26.52,0.09282000000009648,0.0953368500000991
2023-09-10 16:00:00,29.893038000000004,30.97,0.12852549999998872,0.12405610769998913
2023-09-10 17:00:00,32.510740500000004,30.97,0.12016359999997521,0.126141673139974
2023-09-10 18:00:00,36.18552,30.97,0.12109269999988283,0.1414853831998631
2023-09-10 19:00:00,36.347955000000006,30.97,0.11087260000005408,0.1301256789000635
2023-09-10 20:00:00,33.8077215,30.97,0.09383909999996394,0.10243739614496064
2023-09-10 21:00:00,31.60360350000001,30.97,0.06132060000009915,0.0625751349301012
2023-09-10 22:00:00,29.970507000000005,30.97,0.05481689999990085,0.05304779738990406
2023-09-10 23:00:00,30.487800000000004,30.97,0.061630300000162244,0.06067072200015972
2023-09-11 00:00:00,29.535681000000004,29.83,0.05399229999987628,0.05345958260987751
2023-09-11 01:00:00,29.366998500000005,29.83,0.060853200000188824,0.05990867694018591
2023-09-11 02:00:00,28.994647500000006,29.83,0.050711000000021704,0.049290900750021106
2023-09-11 03:00:00,29.207062500000006,29.83,0.09456110000000216,0.09258638812500214
2023-09-11 04:00:00,30.389089500000004,29.83,0.03251469999984156,0.03312410755483859
2023-09-11 05:00:00,35.686969500000004,34.56,0.0,0.0
2023-09-11 06:00:00,39.7603395,34.56,0.006912000000150876,0.007952067900173578
2023-09-11 07:00:00,34.416228000000004,34.56,0.05183999999987427,0.051624341999874805
2023-09-11 08:00:00,31.487400000000004,29.83,0.0,0.0
2023-09-11 09:00:00,29.258292000000004,29.83,0.0,0.0
2023-09-11 10:00:00,28.509841500000004,29.83,0.005966000000130225,0.005701968300124463
2023-09-11 11:00:00,28.322416500000006,29.83,0.0,0.0
2023-09-11 12:00:00,28.1699775,29.83,0.0,0.0
2023-09-11 13:00:00,28.488600000000005,29.83,0.0,0.0
2023-09-11 14:00:00,28.929673500000007,29.83,0.021179299999973953,0.020540068184974745
2023-09-11 15:00:00,29.885541000000003,29.83,0.008650699999863263,0.00866680688986301
2023-09-11 16:00:00,33.9776535,34.56,0.06186240000003018,0.06081999976502967
2023-09-11 17:00:00,50.69346449999999,34.56,0.12890880000017352,0.18908662258525447
2023-09-11 18:00:00,82.87558649999998,34.56,0.12545279999978376,0.30083837899448135
2023-09-11 19:00:00,73.3618935,34.56,0.11335680000014836,0.24062701068031492
2023-09-11 20:00:00,45.2456445,34.56,0.23500799999978628,0.3076703825997202
2023-09-11 21:00:00,35.839408500000005,34.56,0.05875200000002515,0.06092699445002609
2023-09-11 22:00:00,32.354553,34.56,0.07153920000011568,0.0669739247101083
2023-09-11 23:00:00,30.657732000000003,29.83,0.059659999999945736,0.06131546399994424
2023-09-12 00:00:00,30.505293000000005,29.83,0.04623649999992403,0.04728320414992233
2023-09-12 01:00:00,30.596506500000007,29.83,0.0641345000000434,0.06578248897504455
2023-09-12 02:00:00,30.5665185,29.83,0.19389500000016277,0.1986823702501668
2023-09-12 03:00:00,30.657732000000003,29.83,0.09694749999994574,0.09963762899994424
2023-09-12 04:00:00,31.87974300000001,29.83,0.08352399999992403,0.08926328039991883
2023-09-12 05:00:00,36.556621500000006,34.56,0.022464000000176024,0.02376180397518619
2023-09-12 06:00:00,45.98035049999999,34.56,0.02073599999982398,0.02758821029976581
2023-09-12 07:00:00,35.73320100000001,34.56,0.0,0.0
2023-09-12 08:00:00,32.764389,34.56,0.0,0.0
2023-09-12 09:00:00,31.403683500000007,29.83,0.0,0.0
2023-09-12 10:00:00,30.061720500000007,29.83,0.0029830000000651124,0.0030061720500656193
2023-09-12 11:00:00,29.420727000000007,29.83,0.06294130000007163,0.06207773397007066
2023-09-12 12:00:00,29.06212050000001,29.83,0.0056676999997981505,0.00552180289480335
2023-09-12 13:00:00,29.498196000000007,29.83,0.0,0.0
2023-09-12 14:00:00,29.850555000000007,29.83,0.0,0.0
2023-09-12 15:00:00,31.00884150000001,29.83,0.08650699999998915,0.08992564034998875
2023-09-12 16:00:00,34.912279500000004,34.56,0.03939840000016848,0.0397999986301702
2023-09-12 17:00:00,41.17477349999999,34.56,0.07361279999990948,0.08770226755489213
2023-09-12 18:00:00,52.85634899999999,34.56,0.07879680000002263,0.12051247572003458
2023-09-12 19:00:00,40.561269,34.56,0.09054719999990195,0.10627052477988491
2023-09-12 20:00:00,34.438719000000006,34.56,0.0746496000001207,0.07438763304012029
2023-09-12 21:00:00,31.806022500000005,29.83,0.07487330000006077,0.07983311647506482
2023-09-12 22:00:00,29.0846115,29.83,0.04951780000004992,0.04828045509004867
2023-09-12 23:00:00,30.668977500000004,29.83,0.05667699999988062,0.05827105724987728
2023-09-13 00:00:00,29.850555000000007,29.83,0.059659999999945736,0.05970110999994572
2023-09-13 01:00:00,29.595657000000003,29.83,0.050711000000021704,0.05031261690002154
2023-09-13 02:00:00,29.083362000000005,29.83,0.06652089999998698,0.06485589725998732
2023-09-13 03:00:00,29.049625500000005,29.83,0.08352400000019534,0.08133895140019025
2023-09-13 04:00:00,29.603154000000007,29.83,0.03191809999999132,0.03167537477999139
2023-09-13 05:00:00,32.954313000000006,34.56,0.0,0.0
2023-09-13 06:00:00,34.8248145,34.56,0.0,0.0
2023-09-13 07:00:00,34.576164000000006,34.56,0.0,0.0
2023-09-13 08:00:00,32.9755545,34.56,0.11093759999996984,0.10585152994497123
2023-09-13 09:00:00,30.2641395,29.83,0.0,0.0
2023-09-13 10:00:00,29.470707000000008,29.83,0.0,0.0
2023-09-13 11:00:00,29.109601500000004,29.83,0.0,0.0
2023-09-13 12:00:00,28.967158500000004,29.83,0.0,0.0
2023-09-13 13:00:00,28.865949000000004,29.83,0.068310699999809,0.06610302320981519
2023-09-13 14:00:00,29.27578500000001,29.83,0.0029830000000651124,0.0029275785000639036
2023-09-13 15:00:00,29.365749000000008,29.83,0.003281300000125884,0.003230232390123926
2023-09-13 16:00:00,30.411580500000007,29.83,0.05458889999999783,0.0556531923149978
2023-09-13 17:00:00,32.984301,34.56,0.10817280000003521,0.1032408621300336
2023-09-13 18:00:00,36.547875,34.56,0.09987839999991703,0.10562335874991224
2023-09-13 19:00:00,35.069716500000006,34.56,0.28304639999982906,0.2872209781348265
2023-09-13 20:00:00,32.7106605,34.56,0.07534080000026153,0.07130923989024752
2023-09-13 21:00:00,30.663979500000007,29.83,0.05757189999979164,0.05918148043478583
2023-09-13 22:00:00,29.6218965,29.83,0.07278520000017796,0.07227742746017672
2023-09-13 23:00:00,29.400735,29.83,0.0548871999997873,0.05409735239979036
2023-09-14 00:00:00,29.223306000000004,29.83,0.05250080000011503,0.0514330185601127
2023-09-14 01:00:00,29.705613,29.83,0.2401315000000868,0.23913018465008645
2023-09-14 02:00:00,29.925525000000004,29.83,0.05667699999988062,0.056858497499880256
2023-09-14 03:00:00,29.774335500000007,29.83,0.09485940000006293,0.09468238689006285
2023-09-14 04:00:00,30.455313000000004,29.83,0.07666309999988279,0.07827015440988035
2023-09-14 05:00:00,35.129692500000004,34.56,0.18662399999998744,0.18970033949998727
2023-09-14 06:00:00,40.011489,34.56,0.0,0.0
2023-09-14 07:00:00,36.831511500000005,34.56,0.0,0.0
2023-09-14 08:00:00,32.114649,29.83,0.006264300000190997,0.006744076290205625
2023-09-14 09:00:00,29.465709,29.83,0.18166469999984156,0.17944616780984352
2023-09-14 10:00:00,28.81222050000001,29.83,0.050711000000021704,0.04898077485002098
2023-09-14 11:00:00,28.769737500000005,29.83,0.14915,0.14384868750000002
2023-09-14 12:00:00,28.571067000000003,29.83,0.0,0.0
2023-09-14 13:00:00,28.381143,29.83,0.0,0.0
2023-09-14 14:00:00,28.576065000000003,29.83,0.0,0.0
2023-09-14 15:00:00,29.133342000000003,29.83,0.005966000000130225,0.005826668400127184
2023-09-14 16:00:00,31.967208000000007,29.83,0.2938254999999023,0.3148769987998954
2023-09-14 17:00:00,38.9856495,34.56,0.07672319999991452,0.08654814188990356
2023-09-14 18:00:00,46.82376299999999,34.56,0.09192960000018356,0.12455120958024868
2023-09-14 19:00:00,40.583760000000005,34.56,0.10609919999992709,0.12459214319991439
2023-09-14 20:00:00,34.028883,34.56,0.31622399999998746,0.3113642794499876
2023-09-14 21:00:00,31.629843000000005,29.83,0.08412060000004556,0.08919615726004834
2023-09-14 22:00:00,29.784331500000004,29.83,0.057571900000062945,0.05748375979506285
2023-09-14 23:00:00,29.974255500000005,29.83,0.06383619999998263,0.06414490676998257
2023-09-15 00:00:00,29.489449500000003,29.83,0.046534799999984805,0.04600354121998499
2023-09-15 01:00:00,29.41323000000001,29.83,0.05667699999988062,0.05588513699988232
2023-09-15 02:00:00,29.568168000000004,29.83,0.05876510000003472,0.05824929096003443
2023-09-15 03:00:00,29.763090000000005,29.83,0.19657969999989583,0.1961387630998961
2023-09-15 04:00:00,29.791828500000005,29.83,0.1503432000002431,0.1501508156402428
2023-09-15 05:00:00,34.691118,34.56,0.17971199999983659,0.18039381359983594
2023-09-15 06:00:00,36.2192565,34.56,0.020736000000138304,0.021731553900144942
2023-09-15 07:00:00,32.9955465,34.56,0.0,0.0
2023-09-15 08:00:00,30.410331000000003,29.83,0.0,0.0
2023-09-15 09:00:00,29.06087100000001,29.83,0.005965999999858922,0.005812174199862562
2023-09-15 10:00:00,28.546077000000007,29.83,0.0,0.0
2023-09-15 11:00:00,27.18537150000001,25.66,0.0,0.0
2023-09-15 12:00:00,25.226155500000004,25.66,0.0,0.0
2023-09-15 13:00:00,26.2632405,25.66,0.0,0.0
2023-09-15 14:00:00,27.973806000000003,29.83,0.0,0.0
2023-09-15 15:00:00,29.038380000000004,29.83,0.0,0.0
2023-09-15 16:00:00,31.696066500000004,29.83,0.09396450000015193,0.09984260947516145
2023-09-15 17:00:00,36.761539500000005,34.56,0.08916479999993464,0.09484477190993047
2023-09-15 18:00:00,41.09230649999999,34.56,0.10609919999992709,0.12615338095491327
2023-09-15 19:00:00,35.204662500000005,34.56,0.13340160000014586,0.13588999725014858
2023-09-15 20:00:00,31.443667500000007,29.83,0.08024269999979815,0.08458346557478726
2023-09-15 21:00:00,30.11794800000001,29.83,0.06890730000020184,0.06957245988020382
2023-09-15 22:00:00,29.3345115,29.83,0.05100929999981117,0.05016201466481431
2023-09-15 23:00:00,29.393238000000007,29.83,0.05369400000008682,0.052907828400085566
2023-09-16 00:00:00,29.115849000000004,30.97,0.06782430000001577,0.06376370931001483
2023-09-16 01:00:00,28.928424000000003,30.97,0.04614529999982423,0.043103351759835824
2023-09-16 02:00:00,28.80847200000001,30.97,0.06348850000025913,0.05905736760024107
2023-09-16 03:00:00,29.20331400000001,30.97,0.055745999999808456,0.05256596519981941
2023-09-16 04:00:00,28.95716250000001,30.97,0.021679000000191535,0.020270013750179096
2023-09-16 05:00:00,30.2966265,30.97,0.02198869999997296,0.021510604814973546
2023-09-16 06:00:00,31.222506000000003,30.97,0.0,0.0
2023-09-16 07:00:00,30.071716500000004,30.97,0.0,0.0
2023-09-16 08:00:00,28.712260500000006,26.52,0.0,0.0
2023-09-16 09:00:00,27.239100000000004,26.52,0.007690799999878436,0.007899338999875142
2023-09-16 10:00:00,25.4860515,26.52,0.03447600000002894,0.033131866950027816
2023-09-16 11:00:00,24.175326,26.52,0.0,0.0
2023-09-16 12:00:00,21.421428,18.88,0.0,0.0
2023-09-16 13:00:00,21.66633,18.88,0.0,0.0
2023-09-16 14:00:00,26.671827000000004,26.52,0.0,0.0
2023-09-16 15:00:00,28.293678000000007,26.52,0.0071604000000115775,0.007639293060012354
2023-09-16 16:00:00,30.882642,30.97,0.056675099999997744,0.05651523485999776
2023-09-16 17:00:00,34.056372,30.97,0.08268989999994591,0.09093051323994054
2023-09-16 18:00:00,40.013988000000005,30.97,0.09538759999999774,0.1232430830399971
2023-09-16 19:00:00,35.313369,30.97,0.10529800000004506,0.12006545460005139
2023-09-16 20:00:00,32.0484255,30.97,0.10065249999994366,0.1041573828749417
2023-09-16 21:00:00,30.491548500000007,30.97,0.07277950000018027,0.0716551389751775
2023-09-16 22:00:00,29.850555000000007,30.97,0.0758764999999662,0.07313385974996744
2023-09-16 23:00:00,30.986350500000004,30.97,0.055745999999808456,0.055775430899808374
2023-09-17 00:00:00,30.531532500000004,30.97,0.06317880000019603,0.06228432630019328
2023-09-17 01:00:00,30.446566500000007,30.97,0.06689519999982649,0.06576458363982944
2023-09-17 02:00:00,29.935521000000005,30.97,0.059152700000220826,0.05717684511021347
2023-09-17 03:00:00,30.075465,30.97,0.06410789999982199,0.06225621254982713
2023-09-17 04:00:00,29.758092000000005,30.97,0.05264900000002253,0.05058875640002167
2023-09-17 05:00:00,29.7343515,30.97,0.022298400000036054,0.021408733080034614
2023-09-17 06:00:00,30.279133500000007,30.97,0.009290999999921133,0.009083740049922894
2023-09-17 07:00:00,29.090859000000005,30.97,0.0387125,0.03636357375000001
2023-09-17 08:00:00,27.758892000000003,26.52,0.011934000000019295,0.0124915014000202
2023-09-17 09:00:00,26.213260500000004,26.52,0.0,0.0
2023-09-17 10:00:00,22.3423095,18.88,0.0,0.0
2023-09-17 11:00:00,20.0182395,18.88,0.0,0.0
2023-09-17 12:00:00,17.877845999999998,18.88,0.0,0.0
2023-09-17 13:00:00,17.905334999999997,18.88,0.02662080000010028,0.0252465223500951
2023-09-17 14:00:00,22.203615,18.88,0.13480319999998902,0.15853381109998707
2023-09-17 15:00:00,27.156633000000006,26.52,0.4481879999998939,0.45894709769989145
2023-09-17 16:00:00,30.957612000000005,30.97,0.27872999999988735,0.2786185079998874
2023-09-17 17:00:00,33.86145,30.97,0.18117450000001126,0.1980894825000123
2023-09-17 18:00:00,36.347955000000006,30.97,0.13224190000018252,0.15520576785021425
2023-09-17 19:00:00,33.212959500000004,30.97,0.08238019999988282,0.08834647226987435
2023-09-17 20:00:00,32.1433875,30.97,0.07680560000015549,0.07971560100016138
2023-09-17 21:00:00,30.976354500000006,30.97,0.06782430000001577,0.06783821635501579
2023-09-17 22:00:00,29.76059100000001,30.97,0.055745999999808456,0.053569063799815964
2023-09-17 23:00:00,29.109601500000004,30.97,0.061939999999943665,0.05821920299994706
2023-09-18 00:00:00,28.42237650000001,29.83,0.050711000000021704,0.0483180400500207
2023-09-18 01:00:00,27.580213500000006,25.66,0.045418200000151225,0.04881697789516256
2023-09-18 02:00:00,27.991299000000005,29.83,0.06502939999995441,0.06102103181995724
2023-09-18 03:00:00,28.341159,29.83,0.08054099999985892,0.07652112929986597
2023-09-18 04:00:00,29.072116500000007,29.83,0.04623650000019534,0.045061780575190384
2023-09-18 05:00:00,32.013439500000004,29.83,0.0,0.0
2023-09-18 06:00:00,34.0476255,34.56,0.0,0.0
2023-09-18 07:00:00,33.4628595,34.56,0.0,0.0
2023-09-18 08:00:00,30.594007500000004,29.83,0.0,0.0
2023-09-18 09:00:00,28.694767500000005,29.83,0.0,0.0
2023-09-18 10:00:00,26.651835,25.66,0.0,0.0
2023-09-18 11:00:00,24.39024000000001,25.66,0.0,0.0
2023-09-18 12:00:00,21.171528,25.66,0.0,0.0
2023-09-18 13:00:00,22.173627,25.66,0.0,0.0
2023-09-18 14:00:00,26.599356000000007,25.66,0.0,0.0
2023-09-18 15:00:00,28.6972665,29.83,0.12021489999980249,0.11564998399481001
2023-09-18 16:00:00,31.863499500000003,29.83,0.08262910000001301,0.08826189361501392
2023-09-18 17:00:00,34.789828500000006,34.56,0.16346879999998493,0.16455588880498487
2023-09-18 18:00:00,37.58246100000001,34.56,0.10022399999998743,0.10898913689998636
2023-09-18 19:00:00,33.0655185,34.56,0.1164672000001534,0.11143079734514677
2023-09-18 20:00:00,30.6839715,29.83,0.08740189999990015,0.0899040364948973
2023-09-18 21:00:00,29.037130500000004,29.83,0.051605900000204014,0.05023423576519861
2023-09-18 22:00:00,26.590609500000003,25.66,0.06184059999999627,0.06408336889499613
2023-09-18 23:00:00,17.4942495,25.66,0.04952379999982076,0.0337639015348778
2023-09-19 00:00:00,17.366919499999998,25.66,0.049780400000106424,0.03369182383007202
2023-09-19 01:00:00,17.363528,25.66,0.05414260000006161,0.03663704408004169
2023-09-19 02:00:00,17.3623975,25.66,0.047984199999973866,0.032467683324982316
2023-09-19 03:00:00,17.365789,25.66,0.0880137999999608,0.05956465626997346
2023-09-19 04:00:00,17.4717585,25.66,0.08442139999992905,0.05748208546495169
2023-09-19 05:00:00,26.148286500000005,25.66,0.004105600000136292,0.0041837258401388865
2023-09-19 06:00:00,30.3965865,29.83,0.0,0.0
2023-09-19 07:00:00,31.052574000000003,29.83,0.0,0.0
2023-09-19 08:00:00,28.1000055,29.83,0.0,0.0
2023-09-19 09:00:00,18.430125,25.66,0.0,0.0
2023-09-19 10:00:00,17.359005999999997,25.66,0.010263999999990666,0.006943602399993684
2023-09-19 11:00:00,16.973505499999998,25.66,0.0,0.0
2023-09-19 12:00:00,16.764362999999996,25.66,0.0,0.0
2023-09-19 13:00:00,16.719143000000003,25.66,0.007697999999934655,0.005015742899957424
2023-09-19 14:00:00,17.0345525,25.66,0.00513200000011202,0.0034069105000743656
2023-09-19 15:00:00,17.359005999999997,25.66,0.018218599999977596,0.012324894259984842
2023-09-19 16:00:00,23.22570600000001,25.66,0.20579319999991785,0.18627016211992573
2023-09-19 17:00:00,29.508192000000005,29.83,0.13125199999988063,0.12983604479988192
2023-09-19 18:00:00,31.664829000000005,29.83,0.11663530000015843,0.12380948139016822
2023-09-19 19:00:00,31.067568000000005,29.83,0.1190216999998307,0.1239595963198237
2023-09-19 20:00:00,28.21246050000001,29.83,0.07845290000024742,0.07419877111523404
2023-09-19 21:00:00,25.715959500000004,25.66,0.047984199999973866,0.04808884426497381
2023-09-19 22:00:00,19.4109825,25.66,0.05311619999985251,0.04018073377488842
2023-09-19 23:00:00,17.366919499999998,25.66,0.052089800000110154,0.03525484658507455
2023-09-20 00:00:00,17.356745,25.66,0.04541819999991785,0.030721438649944432
2023-09-20 01:00:00,17.356745,25.66,0.05824819999996453,0.03939981114997601
2023-09-20 02:00:00,17.3717985,25.66,0.04849740000007841,0.03283269916505309
2023-09-20 03:00:00,17.4942495,25.66,0.08057240000007841,0.05493194343005346
2023-09-20 04:00:00,18.61755,25.66,0.08724399999980398,0.06329966999985778
2023-09-20 05:00:00,28.399885500000007,29.83,0.0,0.0
2023-09-20 06:00:00,30.12044700000001,29.83,0.11335400000003254,0.11445769860003291
2023-09-20 07:00:00,30.567768000000004,29.83,0.050711000000021704,0.05196520560002225
2023-09-20 08:00:00,27.50774250000001,25.66,0.005388600000164298,0.00577662592517613
2023-09-20 09:00:00,18.3189195,25.66,0.0,0.0
2023-09-20 10:00:00,17.3623975,25.66,0.0,0.0
2023-09-20 11:00:00,16.991593499999997,25.66,0.0,0.0
2023-09-20 12:00:00,16.764362999999996,25.66,0.0,0.0
2023-09-20 13:00:00,16.832193,25.66,0.0,0.0
2023-09-20 14:00:00,17.1385585,25.66,0.0,0.0
2023-09-20 15:00:00,17.859103499999996,25.66,0.0,0.0
2023-09-20 16:00:00,28.416129000000005,29.83,0.06085319999991752,0.057968903159921446
2023-09-20 17:00:00,34.6923675,34.56,0.08743679999989691,0.08777168977489652
2023-09-20 18:00:00,41.840757,34.56,0.12165119999995223,0.14727946463994218
2023-09-20 19:00:00,32.661930000000005,34.56,0.10264320000016597,0.09700593210015686
2023-09-20 20:00:00,29.27578500000001,29.83,0.0662225999999262,0.0649922426999276
2023-09-20 21:00:00,28.133742,29.83,0.0641345000000434,0.06048754530004095
2023-09-20 22:00:00,26.886741000000004,25.66,0.043622000000018674,0.04570745970001957
2023-09-20 23:00:00,26.880493500000004,25.66,0.05285960000003361,0.05537381661003521
2023-09-21 00:00:00,26.4731565,25.66,0.048240800000026146,0.049769534220026966
2023-09-21 01:00:00,24.468958500000003,25.66,0.04336539999996639,0.04135253986496796
2023-09-21 02:00:00,22.294828500000005,25.66,0.047984199999973866,0.0416913292949773
2023-09-21 03:00:00,24.468958500000003,25.66,0.07467060000004294,0.07120466923504096
2023-09-21 04:00:00,26.564370000000004,25.66,0.06312360000002427,0.06534835020002513
2023-09-21 05:00:00,29.809321500000003,29.83,0.0,0.0
2023-09-21 06:00:00,32.072166,29.83,0.0,0.0
2023-09-21 07:00:00,31.839759000000004,29.83,0.0,0.0
2023-09-21 08:00:00,30.22540500000001,29.83,0.0,0.0
2023-09-21 09:00:00,28.870947,29.83,0.0,0.0
2023-09-21 10:00:00,26.989200000000004,25.66,0.0,0.0
2023-09-21 11:00:00,26.526885000000004,25.66,0.0,0.0
2023-09-21 12:00:00,26.86674900000001,25.66,0.0,0.0
2023-09-21 13:00:00,27.978804000000004,29.83,0.0,0.0
2023-09-21 14:00:00,29.088360000000005,29.83,0.0921746999997873,0.0898830323997926
2023-09-21 15:00:00,30.590259000000003,29.83,0.006264300000190997,0.006423954390195865
2023-09-21 16:00:00,32.866848000000005,34.56,0.06704639999982902,0.0637616851198374
2023-09-21 17:00:00,41.84450549999999,34.56,0.1486080000001006,0.17993137365012174
2023-09-21 18:00:00,51.656829,34.56,0.13167360000010814,0.19681251849016165
2023-09-21 19:00:00,36.71031000000001,34.56,0.1085183999997913,0.11527037339977833
2023-09-21 20:00:00,31.71231,29.83,0.06920559999999132,0.07357255919999077
2023-09-21 21:00:00,29.875545,29.83,0.05608040000003039,0.05616602460003043
2023-09-21 22:00:00,29.207062500000006,29.83,0.07308349999996744,0.07155730312496815
2023-09-21 23:00:00,28.402384500000004,29.83,0.06025660000006728,0.05737281669006407
2023-09-22 00:00:00,28.258692000000003,29.83,0.059659999999945736,0.0565173839999486
2023-09-22 01:00:00,28.369897500000004,29.83,0.0662225999999262,0.06298117244992983
2023-09-22 02:00:00,28.45861200000001,29.83,0.051009300000082476,0.0486642265200787
2023-09-22 03:00:00,28.7372505,29.83,0.09545599999991318,0.09195920159991636
2023-09-22 04:00:00,28.820967000000007,29.83,0.07159200000020619,0.06917032080019923
2023-09-22 05:00:00,31.439919000000003,29.83,0.0029829999997938103,0.003143991899782683
2023-09-22 06:00:00,34.6148985,34.56,0.0,0.0
2023-09-22 07:00:00,34.331262,34.56,0.0,0.0
2023-09-22 08:00:00,32.150884500000004,29.83,0.0,0.0
2023-09-22 09:00:00,29.818068000000004,29.83,0.0,0.0
2023-09-22 10:00:00,28.729753500000008,29.83,0.0,0.0
2023-09-22 11:00:00,28.07001750000001,29.83,0.0,0.0
2023-09-22 12:00:00,27.086661000000003,25.66,0.0,0.0
2023-09-22 13:00:00,26.639340000000008,25.66,0.0,0.0
2023-09-22 14:00:00,27.240349500000004,25.66,0.0,0.0
2023-09-22 15:00:00,28.393638000000003,29.83,0.025355500000010852,0.024134592300010332
2023-09-22 16:00:00,30.7377,29.83,0.07964610000021921,0.08206965900022588
2023-09-22 17:00:00,34.417477500000004,34.56,0.12130559999988183,0.12080534602488233
2023-09-22 18:00:00,37.34755500000001,34.56,0.42301440000005536,0.45713407320005983
2023-09-22 19:00:00,34.0426275,34.56,0.15655679999983405,0.15421310257483653
2023-09-22 20:00:00,31.686070500000003,29.83,0.09127980000014758,0.09695937573015678
2023-09-22 21:00:00,30.6040035,29.83,0.0817341999998307,0.08385496958982631
2023-09-22 22:00:00,30.245397000000004,29.83,0.06473110000016495,0.06563251149016726
2023-09-22 23:00:00,30.992598000000008,29.83,0.060554899999856755,0.0629149739398512
2023-09-23 00:00:00,30.041728500000005,30.97,0.059152700000220826,0.057379701435214224
2023-09-23 01:00:00,29.494447500000003,30.97,0.05698479999977917,0.054269783399789696
2023-09-23 02:00:00,28.828464000000004,30.97,0.06194000000022533,0.057656928000209766
2023-09-23 03:00:00,28.542328500000007,26.52,0.042166799999907384,0.04538230231490033
2023-09-23 04:00:00,28.835961000000008,30.97,0.06999219999989409,0.0651692718599014
2023-09-23 05:00:00,29.723106000000005,30.97,0.006503700000198296,0.006241852260190314
2023-09-23 06:00:00,30.762690000000006,30.97,0.0027873000000045067,0.002768642100004477
2023-09-23 07:00:00,31.1113005,30.97,0.0,0.0
2023-09-23 08:00:00,30.447816000000003,30.97,0.0,0.0
2023-09-23 09:00:00,28.70726250000001,26.52,0.0026519999998166894,0.002870726249801572
2023-09-23 10:00:00,27.976305000000007,26.52,0.0,0.0
2023-09-23 11:00:00,27.350305500000005,26.52,0.0,0.0
2023-09-23 12:00:00,26.1832725,26.52,0.0,0.0
2023-09-23 13:00:00,24.00164550000001,26.52,0.0,0.0
2023-09-23 14:00:00,26.239500000000003,26.52,0.0,0.0
2023-09-23 15:00:00,27.236601000000004,26.52,0.0026520000000578876,0.0027236601000594526
2023-09-23 16:00:00,30.115449000000005,30.97,0.06596609999991887,0.06414590636992112
2023-09-23 17:00:00,33.570316500000004,30.97,0.05264900000002253,0.05706953805002443
2023-09-23 18:00:00,36.8839905,30.97,0.09631670000018704,0.11470921045522275
2023-09-23 19:00:00,35.485800000000005,30.97,0.09910399999990986,0.11355455999989675
2023-09-23 20:00:00,32.100904500000006,30.97,0.06410790000010366,0.06644887231510746
2023-09-23 21:00:00,30.727704000000006,30.97,0.06999219999989409,0.06944461103989494
2023-09-23 22:00:00,29.913030000000003,30.97,0.056675099999997744,0.05474084489999782
2023-09-23 23:00:00,29.701864500000003,30.97,0.05171990000011492,0.049602113715110224
2023-09-24 00:00:00,28.268688000000004,26.52,0.05383559999987265,0.05738543663986426
2023-09-24 01:00:00,27.0804135,26.52,0.04428840000009841,0.045224290545100486
2023-09-24 02:00:00,27.097906500000004,26.52,0.05383559999987265,0.05500875019486988
2023-09-24 03:00:00,27.727654500000003,26.52,0.04243199999996141,0.044364247199959655
2023-09-24 04:00:00,28.70476350000001,26.52,0.2299284000000502,0.24887029954505438
2023-09-24 05:00:00,29.189569500000005,30.97,0.007123100000042813,0.006713600985040353
2023-09-24 06:00:00,29.120847,30.97,0.0,0.0
2023-09-24 07:00:00,28.765989000000005,30.97,0.0,0.0
2023-09-24 08:00:00,24.785082000000003,26.52,0.0,0.0
2023-09-24 09:00:00,17.500497,18.88,0.0,0.0
2023-09-24 10:00:00,17.474257499999997,18.88,0.0,0.0
2023-09-24 11:00:00,17.3646585,18.88,0.0,0.0
2023-09-24 12:00:00,17.071859,18.88,0.0,0.0
2023-09-24 13:00:00,17.067337,18.88,0.0,0.0
2023-09-24 14:00:00,17.359005999999997,18.88,0.0,0.0
2023-09-24 15:00:00,18.020289,18.88,0.016425600000083796,0.01567765143007998
2023-09-24 16:00:00,29.616898500000005,30.97,0.13193219999983774,0.12616798760984488
2023-09-24 17:00:00,34.09885500000001,30.97,0.14586870000014196,0.16060560705015633
2023-09-24 18:00:00,36.9964455,30.97,0.09941369999997296,0.1187585900549677
2023-09-24 19:00:00,34.23380100000001,30.97,0.11180169999996169,0.12358402160995768
2023-09-24 20:00:00,30.487800000000004,30.97,0.07216010000005409,0.07103657400005325
2023-09-24 21:00:00,29.0546235,30.97,0.06689519999982649,0.06275798675983722
2023-09-24 22:00:00,26.470657500000005,26.52,0.04375799999999035,0.04367658487499038
2023-09-24 23:00:00,21.6950685,18.88,0.03360639999997802,0.03861722192997475
2023-09-25 00:00:00,18.61755,25.66,0.0569652000001699,0.041330961000123276
2023-09-25 01:00:00,17.5042455,25.66,0.041312600000014944,0.028181835255010192
2023-09-25 02:00:00,17.378046,25.66,0.05234639999992905,0.03545121383995196
2023-09-25 03:00:00,17.429275500000003,25.66,0.06671600000005602,0.04531611630003805
2023-09-25 04:00:00,23.6342925,25.66,0.06466319999987118,0.05955841709988135
2023-09-25 05:00:00,31.03258200000001,29.83,0.01014220000016712,0.010551077880173863
2023-09-25 06:00:00,34.7548425,34.56,0.0,0.0
2023-09-25 07:00:00,35.2359,34.56,0.0,0.0
2023-09-25 08:00:00,32.152134000000004,29.83,0.0,0.0
2023-09-25 09:00:00,29.089609500000005,29.83,0.0,0.0
2023-09-25 10:00:00,28.489849500000005,29.83,0.0,0.0
2023-09-25 11:00:00,26.8729965,25.66,0.0,0.0
2023-09-25 12:00:00,26.877994500000007,25.66,0.0,0.0
2023-09-25 13:00:00,27.875095500000004,29.83,0.0,0.0
2023-09-25 14:00:00,28.870947,29.83,0.0,0.0
2023-09-25 15:00:00,29.545677,29.83,0.0056676999997981505,0.005613678629800075
2023-09-25 16:00:00,33.10175400000001,34.56,0.1071360000001383,0.10261543740013249
2023-09-25 17:00:00,42.36929549999999,34.56,0.11784960000012071,0.14447929765514794
2023-09-25 18:00:00,64.79782049999999,34.56,0.11854079999994721,0.22225652431490095
2023-09-25 19:00:00,48.52933049999999,34.56,0.1271807999998215,0.1785879362397493
2023-09-25 20:00:00,34.403733,34.56,0.08052480000006035,0.08016069789006008
2023-09-25 21:00:00,32.725654500000005,34.56,0.07084799999997486,0.06708759172497619
2023-09-25 22:00:00,31.1337915,29.83,0.06323960000013239,0.06600363798013818
2023-09-25 23:00:00,31.632342000000005,29.83,0.05011439999990015,0.053142334559894144
2023-09-26 00:00:00,30.86140050000001,29.83,0.0590634000000955,0.06110557299009882
2023-09-26 01:00:00,30.479053500000006,29.83,0.05429059999993705,0.0554718773699357
2023-09-26 02:00:00,30.435321000000005,29.83,0.05578209999996961,0.05691405026996901
2023-09-26 03:00:00,30.4340715,29.83,0.09754410000006727,0.09951941380506865
2023-09-26 04:00:00,30.86140050000001,29.83,0.09754410000006727,0.10091677963506963
2023-09-26 05:00:00,36.392937,34.56,0.0,0.0
2023-09-26 06:00:00,53.42237249999999,34.56,0.0,0.0
2023-09-26 07:00:00,38.232201,34.56,0.0,0.0
2023-09-26 08:00:00,32.080912500000004,29.83,0.0,0.0
2023-09-26 09:00:00,29.914279500000003,29.83,0.0,0.0
2023-09-26 10:00:00,29.2720365,29.83,0.0,0.0
2023-09-26 11:00:00,28.748496000000003,29.83,0.0,0.0
2023-09-26 12:00:00,27.7326525,25.66,0.0,0.0
2023-09-26 13:00:00,28.59730650000001,29.83,0.0,0.0
2023-09-26 14:00:00,29.615649000000005,29.83,0.0,0.0
2023-09-26 15:00:00,30.426574500000005,29.83,0.0056676999997981505,0.005781049154794116
2023-09-26 16:00:00,34.296276,34.56,0.5028479999999749,0.499010815799975
2023-09-26 17:00:00,39.889038,34.56,0.7343999999999999,0.8476420575
2023-09-26 18:00:00,48.20820899999999,34.56,0.681868799999985,0.9511479635699788
2023-09-26 19:00:00,37.402533000000005,34.56,0.7471872000000905,0.808642763460098
2023-09-26 20:00:00,33.145486500000004,34.56,0.4268160000002012,0.409346758275193
2023-09-26 21:00:00,30.870147000000006,29.83,0.05816849999991318,0.06019678664991017
2023-09-26 22:00:00,30.022986000000007,29.83,0.0590633999998242,0.05944551227982307
2023-09-26 23:00:00,30.551524500000003,29.83,0.05130760000014324,0.05254862214014672
2023-09-27 00:00:00,30.11295,29.83,0.06562600000007597,0.06624849000007668
2023-09-27 01:00:00,30.1816725,29.83,0.04981609999983939,0.0504033930748375
2023-09-27 02:00:00,30.11919750000001,29.83,0.05190419999999349,0.052407403649993446
2023-09-27 03:00:00,29.919277500000003,29.83,0.09605260000003472,0.09634007355003485
2023-09-27 04:00:00,30.940119000000006,29.83,0.24609749999994573,0.2552559817499438
2023-09-27 05:00:00,35.080962,34.56,0.01658880000023637,0.016838861760239934
2023-09-27 06:00:00,49.82631149999999,34.56,0.0,0.0
2023-09-27 07:00:00,39.296775,34.56,0.0,0.0
2023-09-27 08:00:00,33.4603605,34.56,0.0,0.0
2023-09-27 09:00:00,30.15418350000001,29.83,0.0,0.0
2023-09-27 10:00:00,29.020887000000005,29.83,0.0,0.0
2023-09-27 11:00:00,28.63854000000001,29.83,0.0,0.0
2023-09-27 12:00:00,28.28118300000001,29.83,0.0,0.0
2023-09-27 13:00:00,28.516089000000008,29.83,0.0,0.0
2023-09-27 14:00:00,29.118348000000005,29.83,0.0,0.0
2023-09-27 15:00:00,31.018837500000007,29.83,0.008650699999863263,0.008995462874857816
2023-09-27 16:00:00,36.0993045,34.56,0.060480000000062865,0.06317378287506567
2023-09-27 17:00:00,41.7245535,34.56,0.08363520000006539,0.10097341947007893
2023-09-27 18:00:00,44.19481499999999,34.56,0.08398079999982148,0.10739340044977168
2023-09-27 19:00:00,35.12094600000001,34.56,0.11854079999994721,0.12046484477994637
2023-09-27 20:00:00,30.840159000000003,29.83,0.0787512000000369,0.08141801976003815
2023-09-27 21:00:00,29.410731,29.83,0.05548380000018014,0.05470395966017761
2023-09-27 22:00:00,28.499845500000006,29.83,0.0662225999999262,0.06326965700992951
2023-09-27 23:00:00,28.408632000000004,29.83,0.05429059999993705,0.05170371023994006
2023-09-28 00:00:00,27.870097500000007,29.83,0.060554900000128045,0.05657629792511965
2023-09-28 01:00:00,26.483152500000006,25.66,0.04593140000002241,0.04740484297502314
2023-09-28 02:00:00,26.719308000000005,25.66,0.1298395999998469,0.13519969847984062
2023-09-28 03:00:00,27.472756500000006,25.66,0.07826300000007469,0.08379190732507998
2023-09-28 04:00:00,28.973406000000004,29.83,0.11037099999996745,0.10720160219996841
2023-09-28 05:00:00,31.7810325,29.83,0.008948999999924035,0.009534309749919067
2023-09-28 06:00:00,33.142987500000004,34.56,0.0,0.0
2023-09-28 07:00:00,33.556572,34.56,0.0,0.0
2023-09-28 08:00:00,31.2187575,29.83,0.0,0.0
2023-09-28 09:00:00,29.033382000000007,29.83,0.0,0.0
2023-09-28 10:00:00,28.433622000000003,29.83,0.0,0.0
2023-09-28 11:00:00,27.798876000000007,29.83,0.0,0.0
2023-09-28 12:00:00,27.613950000000003,25.66,0.0,0.0
2023-09-28 13:00:00,28.326165000000003,29.83,0.0,0.0
2023-09-28 14:00:00,28.865949000000004,29.83,0.0,0.0
2023-09-28 15:00:00,29.849305500000007,29.83,0.17778680000013672,0.17790186078013687
2023-09-28 16:00:00,33.9401685,34.56,0.09054719999990195,0.08892324146990369
2023-09-28 17:00:00,40.4650575,34.56,0.10955520000000252,0.12827423227500295
2023-09-28 18:00:00,50.57975999999999,34.56,0.08363520000006539,0.12240301920009566
2023-09-28 19:00:00,36.92397450000001,34.56,0.0957312000000151,0.10227940936501614
2023-09-28 20:00:00,33.394137,34.56,0.06773759999996984,0.06545250851997085
2023-09-28 21:00:00,32.164629000000005,29.83,0.05876510000003472,0.06336431913003746
2023-09-28 22:00:00,31.241248500000005,29.83,0.0548872000000586,0.05748389724006138
2023-09-28 23:00:00,30.925125000000005,29.83,0.053395700000026046,0.05535597375002701
2023-09-29 00:00:00,29.604403500000007,29.83,0.06711749999983722,0.06660990787483848
2023-09-29 01:00:00,29.3070225,29.83,0.04504329999995225,0.044253603974953086
2023-09-29 02:00:00,28.863450000000007,29.83,0.060853200000188824,0.05888143800018272
2023-09-29 03:00:00,29.117098500000004,29.83,0.09157809999993706,0.08938949239493857
2023-09-29 04:00:00,29.94801600000001,29.83,0.07397839999987844,0.07427107967987799
2023-09-29 05:00:00,33.4178775,34.56,0.2125440000002389,0.20551994662523101
2023-09-29 06:00:00,34.601154,34.56,0.003455999999761116,0.0034601153997608314
2023-09-29 07:00:00,33.6177975,34.56,0.0,0.0
2023-09-29 08:00:00,30.715209,29.83,0.0,0.0
2023-09-29 09:00:00,28.8721965,29.83,0.0,0.0
2023-09-29 10:00:00,28.284931500000003,29.83,0.0,0.0
2023-09-29 11:00:00,27.620197500000007,25.66,0.0,0.0
2023-09-29 12:00:00,26.419428000000003,25.66,0.0,0.0
2023-09-29 13:00:00,26.994198000000008,25.66,0.0,0.0
2023-09-29 14:00:00,28.701015000000005,29.83,0.0,0.0
2023-09-29 15:00:00,29.421976500000003,29.83,0.0020881000001540997,0.002059538355151992
2023-09-29 16:00:00,31.363699500000006,29.83,0.10410670000004775,0.10945931125505023
2023-09-29 17:00:00,33.6177975,34.56,0.12752639999989188,0.12404967277489483
2023-09-29 18:00:00,34.919776500000005,34.56,0.11854079999994721,0.11977483339494667
2023-09-29 19:00:00,33.978903,34.56,0.09054719999990195,0.08902472585990358
2023-09-29 20:00:00,31.53738000000001,29.83,0.0569753000002127,0.0602363958002249
2023-09-29 21:00:00,30.6839715,29.83,0.06264300000001086,0.06443634015001116
2023-09-29 22:00:00,29.9967465,29.83,0.0662225999999262,0.06659277722992579
2023-09-29 23:00:00,28.732252500000005,29.83,0.04921949999998915,0.047408216624989556
2023-09-30 00:00:00,28.4748555,26.52,0.060200399999963336,0.06463792198496064
2023-09-30 01:00:00,28.46111100000001,26.52,0.04773600000007718,0.05122999980008285
2023-09-30 02:00:00,28.453614000000005,26.52,0.04614479999999421,0.049509288359993804
2023-09-30 03:00:00,28.398636000000003,26.52,0.09441119999993826,0.10109914415993389
2023-09-30 04:00:00,28.875945,30.97,0.07277949999989859,0.06785847074990546
2023-09-30 05:00:00,30.525285,30.97,0.0,0.0
2023-09-30 06:00:00,31.045077000000003,30.97,0.0,0.0
2023-09-30 07:00:00,31.118797500000003,30.97,0.0,0.0
2023-09-30 08:00:00,30.484051500000003,30.97,0.0,0.0
2023-09-30 09:00:00,28.303674,26.52,0.0,0.0
2023-09-30 10:00:00,26.180773500000004,26.52,0.0,0.0
2023-09-30 11:00:00,22.710912000000004,26.52,0.0,0.0
2023-09-30 12:00:00,18.462612,18.88,0.003964800000120885,0.0038771485201182132
2023-09-30 13:00:00,19.247298,18.88,0.0,0.0
2023-09-30 14:00:00,24.365250000000003,26.52,0.002386800000003859,0.002192872500003546
2023-09-30 15:00:00,27.990049500000005,26.52,0.04269720000001543,0.0450639796950163
2023-09-30 16:00:00,30.825165000000005,30.97,0.07928319999981522,0.0789124223998161
2023-09-30 17:00:00,34.4124795,30.97,0.11489870000002929,0.12767029894503257
2023-09-30 18:00:00,37.84735500000001,30.97,0.12295089999997971,0.15025399934997524
2023-09-30 19:00:00,34.123845,30.97,0.07680560000015549,0.08462713560017132
2023-09-30 20:00:00,31.412430000000004,30.97,0.060391499999909865,0.06125423849990859
2023-09-30 21:00:00,30.78768,30.97,0.06441759999988507,0.06403837439988576
2023-09-30 22:00:00,29.992998000000004,30.97,0.08361900000013521,0.08098109460013095
2023-09-30 23:00:00,30.204163500000003,30.97,0.05512659999996394,0.05376341102996485
2023-10-01 00:00:00,29.13084300000001,30.97,0.057604199999905355,0.054183367979911
2023-10-01 01:00:00,28.438620000000004,26.52,0.05410080000016787,0.058014784800180026
2023-10-01 02:00:00,28.534831500000003,26.52,0.04481879999996527,0.04822386523496263
2023-10-01 03:00:00,28.224955500000004,26.52,0.05489639999984756,0.05842565788483778
2023-10-01 04:00:00,28.045027500000003,26.52,0.04508400000001929,0.047676546750020414
2023-10-01 05:00:00,27.9975465,26.52,0.005569200000169803,0.005879484765179264
2023-10-01 06:00:00,28.373646000000004,26.52,0.0,0.0
2023-10-01 07:00:00,27.626445,26.52,0.012994799999994212,0.01353695804999397
2023-10-01 08:00:00,25.20616350000001,26.52,0.0,0.0
2023-10-01 09:00:00,22.366050000000005,18.88,0.00566399999995192,0.006709814999943045
2023-10-01 10:00:00,18.4913505,18.88,0.0,0.0
2023-10-01 11:00:00,17.366919499999998,18.88,0.0,0.0
2023-10-01 12:00:00,17.1498635,18.88,0.0037759999999107093,0.003429972699918892
2023-10-01 13:00:00,17.285523499999996,18.88,0.0,0.0
2023-10-01 14:00:00,17.559223499999998,18.88,0.0,0.0
2023-10-01 15:00:00,25.20616350000001,26.52,0.025989599999988424,0.024702040229989005
2023-10-01 16:00:00,29.80182450000001,30.97,0.13595830000009465,0.1308300095550911
2023-10-01 17:00:00,32.369547000000004,30.97,0.1176860000000338,0.12300427860003535
2023-10-01 18:00:00,33.61155,30.97,0.1650701000001104,0.17914956150011985
2023-10-01 19:00:00,33.61155,30.97,0.09538759999999774,0.10352357399999756
2023-10-01 20:00:00,31.757292000000003,30.97,0.09786519999993916,0.10035304271993763
2023-10-01 21:00:00,30.69021900000001,30.97,0.05853330000009464,0.058004513910093806
2023-10-01 22:00:00,29.859301500000004,30.97,0.05698479999977917,0.0549411147597871
2023-10-01 23:00:00,29.225805,30.97,0.06751459999995267,0.06371225489995534
2023-10-02 00:00:00,29.009641500000004,29.83,0.047728000000227894,0.046415426400221636
2023-10-02 01:00:00,29.038380000000004,29.83,0.056975299999941394,0.055463305799942964
2023-10-02 02:00:00,28.865949000000004,29.83,0.05995830000000651,0.05802055749000631
2023-10-02 03:00:00,29.323266000000007,29.83,0.046534799999984805,0.045744294959985075
2023-10-02 04:00:00,29.779333500000003,29.83,0.06473109999989364,0.06462115369489384
2023-10-02 05:00:00,32.9855505,34.56,0.0,0.0
2023-10-02 06:00:00,35.29712550000001,34.56,0.0,0.0
2023-10-02 07:00:00,35.423325,34.56,0.0,0.0
2023-10-02 08:00:00,33.361650000000004,34.56,0.0,0.0
2023-10-02 09:00:00,30.527784000000004,29.83,0.0,0.0
2023-10-02 10:00:00,28.923426000000006,29.83,0.07159200000020619,0.06941622240019994
2023-10-02 11:00:00,28.648536000000004,29.83,0.0,0.0
2023-10-02 12:00:00,28.353654,29.83,0.0,0.0
2023-10-02 13:00:00,28.38489150000001,29.83,0.0,0.0
2023-10-02 14:00:00,28.676025000000006,29.83,0.3997219999997721,0.384258734999781
2023-10-02 15:00:00,30.6164985,29.83,0.5399230000001194,0.5541586228501225
2023-10-02 16:00:00,34.02013650000001,34.56,0.3594239999999874,0.35380941959998774
2023-10-02 17:00:00,42.35929949999999,34.56,0.09745920000005281,0.11945322459006469
2023-10-02 18:00:00,47.9870475,34.56,0.0649728000000352,0.09021564930004888
2023-10-02 19:00:00,37.3687965,34.56,0.0649728000000352,0.07025333742003807
2023-10-02 20:00:00,32.36205,34.56,0.06324479999999749,0.05922255149999765
2023-10-02 21:00:00,30.741448500000004,29.83,0.0548871999997873,0.05656426523978081
2023-10-02 22:00:00,29.86305,29.83,0.22521650000003257,0.2254660275000326
2023-10-02 23:00:00,29.560671,29.83,0.05369400000008682,0.053209207800086034
2023-10-03 00:00:00,29.189569500000005,29.83,0.06443280000010418,0.06304947012010195
2023-10-03 01:00:00,26.356953000000004,25.66,0.04233899999999067,0.043488972449990414
2023-10-03 02:00:00,21.196518,25.66,0.04849739999984504,0.040061419019871994
2023-10-03 03:00:00,18.8062245,25.66,0.053372800000138165,0.039116946960101255
2023-10-03 04:00:00,17.995299,25.66,0.03848999999990665,0.02699294849993453
2023-10-03 05:00:00,18.1564845,25.66,0.21477420000011388,0.1519697752650806
2023-10-03 06:00:00,21.828765,25.66,0.03464099999982263,0.02946883274984912
2023-10-03 07:00:00,18.929925,25.66,0.005388600000164298,0.003975284250121206
2023-10-03 08:00:00,17.780385000000003,25.66,0.0,0.0
2023-10-03 09:00:00,17.359005999999997,25.66,0.0,0.0
2023-10-03 10:00:00,17.261783,25.66,0.0,0.0
2023-10-03 11:00:00,16.429734999999997,25.66,0.002309400000003734,0.0014786761500023907
2023-10-03 12:00:00,16.1165865,25.66,0.010263999999990666,0.0064466345999941365
2023-10-03 13:00:00,16.239810999999996,25.66,0.002565999999822634,0.0016239810998877474
2023-10-03 14:00:00,16.8129745,25.66,0.007698000000168031,0.0050438923501100975
2023-10-03 15:00:00,17.3623975,25.66,0.03464099999982263,0.02343923662487999
2023-10-03 16:00:00,17.9928,25.66,0.29047120000013255,0.20367849600009294
2023-10-03 17:00:00,21.831264,25.66,0.1842387999999608,0.15674847551996665
2023-10-03 18:00:00,24.865050000000004,25.66,0.07928940000005041,0.07683300450004886
2023-10-03 19:00:00,23.304424500000003,25.66,0.06697259999987491,0.060824547944886405
2023-10-03 20:00:00,19.0861125,25.66,0.053886000000009336,0.04008083625000694
2023-10-03 21:00:00,23.003295000000005,25.66,0.04618800000007468,0.04140593100006695
2023-10-03 22:00:00,18.625047,25.66,0.05439920000011389,0.03948509964008266
2023-10-03 23:00:00,20.1431895,25.66,0.04028619999980583,0.03162480751484757
2023-10-04 00:00:00,18.630045,25.66,0.04593140000002241,0.03334778055001626
2023-10-04 01:00:00,18.5588235,25.66,0.05414260000006161,0.03915911758504456
2023-10-04 02:00:00,18.3389115,25.66,0.04002959999998693,0.028608701939990655
2023-10-04 03:00:00,19.179825,25.66,0.08852700000006535,0.06617039625004885
2023-10-04 04:00:00,23.355654,25.66,0.050036999999925315,0.04554352529993203
2023-10-04 05:00:00,29.686870500000005,29.83,0.08054100000013023,0.08015455035012961
2023-10-04 06:00:00,31.989699000000005,29.83,0.0,0.0
2023-10-04 07:00:00,32.525734500000006,34.56,0.0,0.0
2023-10-04 08:00:00,30.600255000000004,29.83,0.0,0.0
2023-10-04 09:00:00,27.071667000000005,25.66,0.0,0.0
2023-10-04 10:00:00,25.767189000000005,25.66,0.0,0.0
2023-10-04 11:00:00,22.0599225,25.66,0.0,0.0
2023-10-04 12:00:00,22.708413000000004,25.66,0.0,0.0
2023-10-04 13:00:00,22.334812500000005,25.66,0.0,0.0
2023-10-04 14:00:00,25.057473,25.66,0.002565999999822634,0.002505747299826799
2023-10-04 15:00:00,27.3528045,25.66,0.024377000000065346,0.02598516427506966
2023-10-04 16:00:00,29.3095215,29.83,0.06383619999998263,0.06272237600998294
2023-10-04 17:00:00,31.874745,29.83,0.0951577000001237,0.1016804365501322
2023-10-04 18:00:00,33.28168200000001,34.56,0.09987839999991703,0.09618406097992012
2023-10-04 19:00:00,31.874745,29.83,0.0724869000001172,0.07745563035012525
2023-10-04 20:00:00,28.366149000000004,29.83,0.06980219999984157,0.06637678865984935
2023-10-04 21:00:00,28.062520500000005,29.83,0.05130760000014324,0.048267535260134775
2023-10-04 22:00:00,27.095407500000004,25.66,0.04978039999987305,0.05256509054986595
2023-10-04 23:00:00,27.697666500000008,25.66,0.04875400000013069,0.05262556635014108
2023-10-05 00:00:00,26.965459500000005,25.66,0.15139399999980396,0.15909621104979402
2023-10-05 01:00:00,26.148286500000005,25.66,0.053886000000009336,0.054911401650009524
2023-10-05 02:00:00,25.039980000000003,25.66,0.040542800000091486,0.03956316840008928
2023-10-05 03:00:00,25.978354500000005,25.66,0.08852700000006535,0.08962532302506616
2023-10-05 04:00:00,27.171627000000004,25.66,0.22247219999981518,0.23557800608980434
2023-10-05 05:00:00,28.6847715,29.83,0.0,0.0
2023-10-05 06:00:00,30.795177,29.83,0.0,0.0
2023-10-05 07:00:00,32.593207500000005,34.56,0.0,0.0
2023-10-05 08:00:00,30.751444500000005,29.83,0.0,0.0
2023-10-05 09:00:00,28.27993350000001,29.83,0.0,0.0
2023-10-05 10:00:00,27.476505000000003,25.66,0.0,0.0
2023-10-05 11:00:00,27.239100000000004,25.66,0.0,0.0
2023-10-05 12:00:00,26.93797050000001,25.66,0.0,0.0
2023-10-05 13:00:00,27.367798500000006,25.66,0.0,0.0
2023-10-05 14:00:00,27.806373000000004,29.83,0.005966000000130225,0.005561274600121392
2023-10-05 15:00:00,29.464459500000004,29.83,0.02983000000010852,0.029464459500107197
2023-10-05 16:00:00,31.999695000000003,29.83,0.07189029999999566,0.07711926494999535
2023-10-05 17:00:00,39.439218,34.56,0.05875200000002515,0.0670466706000287
2023-10-05 18:00:00,48.64053599999999,34.56,0.06739199999989942,0.09484904519985841
2023-10-05 19:00:00,34.786080000000005,34.56,0.0960768000000855,0.09670530240008607
2023-10-05 20:00:00,31.103803500000005,29.83,0.09575429999997395,0.09984320923497286
2023-10-05 21:00:00,29.985501000000006,29.83,0.08471719999989581,0.0851588228398953
2023-10-05 22:00:00,29.185821000000004,29.83,0.05011439999990015,0.04903217927990233
2023-10-05 23:00:00,28.287430500000006,29.83,0.06353790000019316,0.06025222696518319
2023-10-06 00:00:00,27.971307000000007,29.83,0.05578209999996961,0.05230634408997152
2023-10-06 01:00:00,27.369048000000006,25.66,0.041825799999886115,0.044611548239878535
2023-10-06 02:00:00,26.746797000000004,25.66,0.05516900000003735,0.057505613550038935
2023-10-06 03:00:00,26.237001000000006,25.66,0.07569700000001867,0.0773991529500191
2023-10-06 04:00:00,26.848006500000004,25.66,0.07954600000010269,0.08322882015010745
2023-10-06 05:00:00,29.544427500000005,29.83,0.0,0.0
2023-10-06 06:00:00,32.0459265,29.83,0.0,0.0
2023-10-06 07:00:00,32.448265500000005,34.56,0.0,0.0
2023-10-06 08:00:00,30.411580500000007,29.83,0.0,0.0
2023-10-06 09:00:00,27.89633700000001,29.83,0.24460599999991317,0.22874996339991888
2023-10-06 10:00:00,25.216159500000003,25.66,0.0020527999999514577,0.0020172927599522977
2023-10-06 11:00:00,18.6237975,25.66,0.018475200000029873,0.01340913420002168
2023-10-06 12:00:00,17.502996,25.66,0.0,0.0
2023-10-06 13:00:00,17.551726499999997,25.66,0.0,0.0
2023-10-06 14:00:00,22.58971050000001,25.66,0.0,0.0
2023-10-06 15:00:00,25.162431,25.66,0.03387119999989918,0.033214408919901135
2023-10-06 16:00:00,28.182472500000003,29.83,0.09485940000006293,0.08962026255005948
2023-10-06 17:00:00,30.400335000000005,29.83,0.07994440000000867,0.08147289780000887
2023-10-06 18:00:00,31.258741500000006,29.83,0.08412060000004556,0.0881496510300478
2023-10-06 19:00:00,29.988000000000007,29.83,0.08561210000007813,0.08606556000007856
2023-10-06 20:00:00,27.372796500000003,25.66,0.1649938000000075,0.17600708149500802
2023-10-06 21:00:00,24.462711,25.66,0.06261039999991973,0.05968901483992346
2023-10-06 22:00:00,17.433024,25.66,0.05414260000006161,0.03678368064004186
2023-10-06 23:00:00,17.374297499999997,25.66,0.041055999999962664,0.027798875999974715
2023-10-07 00:00:00,17.373047999999997,18.88,0.03643840000003983,0.03352998264003665
2023-10-07 01:00:00,17.380544999999998,18.88,0.055696000000013735,0.05127260775001264
2023-10-07 02:00:00,17.451766499999998,18.88,0.10629440000001923,0.09825344539501776
2023-10-07 03:00:00,18.1264965,18.88,0.04096959999993269,0.03933449740493537
2023-10-07 04:00:00,20.039481,18.88,0.023977599999905213,0.025450140869899395
2023-10-07 05:00:00,23.920428,26.52,0.0212160000002219,0.01913634240020015
2023-10-07 06:00:00,25.760941500000005,26.52,0.005303999999874577,0.005152188299878168
2023-10-07 07:00:00,26.217009,26.52,0.08486399999992282,0.08389442879992369
2023-10-07 08:00:00,25.953364500000006,26.52,0.0,0.0
2023-10-07 09:00:00,23.218209000000005,26.52,0.0,0.0
2023-10-07 10:00:00,19.819569,18.88,0.0,0.0
2023-10-07 11:00:00,18.665031,18.88,0.018880000000068686,0.018665031000067903
2023-10-07 12:00:00,17.395538999999996,18.88,0.08061759999993955,0.07427895152994429
2023-10-07 13:00:00,17.493,18.88,0.015670400000101656,0.014519190000094185
2023-10-07 14:00:00,20.1181995,18.88,0.0472,0.05029549875
2023-10-07 15:00:00,25.0637205,26.52,0.3169139999999228,0.29951145997492706
2023-10-07 16:00:00,28.168728,26.52,0.21693360000005593,0.23042019504005948
2023-10-07 17:00:00,30.147936000000005,30.97,0.20966689999990085,0.20410152671990353
2023-10-07 18:00:00,30.976354500000006,30.97,0.17652900000019153,0.17656522065019162
2023-10-07 19:00:00,29.86305,30.97,0.20440199999995493,0.19709612999995657
2023-10-07 20:00:00,27.862600500000003,26.52,0.16230240000002125,0.17051911506002232
2023-10-07 21:00:00,26.887990500000004,26.52,0.12676560000001735,0.12852459459001764
2023-10-07 22:00:00,26.364450000000005,26.52,0.1214615999999016,0.12074918099990219
2023-10-07 23:00:00,26.202015000000006,26.52,0.12093120000003474,0.11948118840003435
2023-10-08 00:00:00,26.194518,26.52,0.17291040000001157,0.17078825736001144
2023-10-08 01:00:00,26.192019000000005,26.52,0.17954039999991508,0.1773199686299162
2023-10-08 02:00:00,26.190769500000005,26.52,0.21428159999999807,0.21162141755999814
2023-10-08 03:00:00,26.340709500000003,26.52,0.13366079999997493,0.1327571758799751
2023-10-08 04:00:00,27.000445500000005,26.52,0.17901000000004824,0.18225300712504916
2023-10-08 05:00:00,27.802624500000007,26.52,0.18378360000005597,0.1926721877850587
2023-10-08 06:00:00,29.86305,30.97,0.12326060000004281,0.1188549390000413
2023-10-08 07:00:00,30.127944000000003,30.97,0.039951299999970706,0.03886504775997151
2023-10-08 08:00:00,29.970507000000005,30.97,0.08485779999982423,0.08211918917982992
2023-10-08 09:00:00,28.231203000000004,26.52,0.059935200000150506,0.06380251878016023
2023-10-08 10:00:00,26.92797450000001,26.52,0.01591199999986493,0.016156784699862856
2023-10-08 11:00:00,26.185771500000005,26.52,0.08088600000007717,0.07986660307507623
2023-10-08 12:00:00,24.259042500000007,26.52,0.03845399999987458,0.035175611624885285
2023-10-08 13:00:00,24.190320000000003,26.52,0.134456400000137,0.12264492240012498
2023-10-08 14:00:00,26.214510000000004,26.52,0.6094295999999402,0.602409439799941
2023-10-08 15:00:00,28.437370500000004,26.52,0.5906003999999634,0.6333002410349609
2023-10-08 16:00:00,31.517388,30.97,0.4462777000002208,0.45416556108022477
2023-10-08 17:00:00,34.3200165,30.97,0.30164779999976793,0.3342769607097428
2023-10-08 18:00:00,37.68242100000001,30.97,0.46114330000015097,0.5610912486901839
2023-10-08 19:00:00,33.8427075,30.97,0.13626799999987607,0.14890791299986458
2023-10-08 20:00:00,31.137540000000005,30.97,0.09043240000011492,0.09092161680011555
2023-10-08 21:00:00,30.415329000000003,30.97,0.08114139999991211,0.0796881619799137
2023-10-08 22:00:00,29.405733000000005,30.97,0.06999220000017577,0.0664569565801669
2023-10-08 23:00:00,28.752244500000007,30.97,0.05233929999995944,0.04859129320496235
2023-10-09 00:00:00,28.294927500000007,29.83,0.07010049999990232,0.06649307962490737
2023-10-09 01:00:00,27.668928000000005,25.66,0.049523800000054144,0.053401031040058396
2023-10-09 02:00:00,27.039180000000005,25.66,0.07492719999986185,0.07895440559985444
2023-10-09 03:00:00,26.7393,25.66,0.2481322000001419,0.2585690310001479
2023-10-09 04:00:00,27.245347500000005,25.66,0.07056499999990665,0.07492470562490089
2023-10-09 05:00:00,29.450715,29.83,0.01014220000016712,0.010013243100164998
2023-10-09 06:00:00,31.337460000000007,29.83,0.0,0.0
2023-10-09 07:00:00,33.20171400000001,34.56,0.0,0.0
2023-10-09 08:00:00,32.54072850000001,34.56,0.0,0.0
2023-10-09 09:00:00,31.311220500000008,29.83,0.08024269999979815,0.08422718314478815
2023-10-09 10:00:00,30.532782000000005,29.83,0.0029830000000651124,0.003053278200066647
2023-10-09 11:00:00,29.736850500000006,29.83,0.0,0.0
2023-10-09 12:00:00,29.938020000000005,29.83,0.1470619000001172,0.14759443860011767
2023-10-09 13:00:00,30.550275000000003,29.83,0.10500159999995877,0.10753696799995778
2023-10-09 14:00:00,31.101304500000005,29.83,0.07904949999982637,0.08241845692481897
2023-10-09 15:00:00,31.489899,29.83,0.04892120000019967,0.051643434360210794
2023-10-09 16:00:00,33.526584,34.56,0.13443840000004276,0.13041841176004146
2023-10-09 17:00:00,41.011089,34.56,0.0957312000000151,0.1136007165300179
2023-10-09 18:00:00,45.06946499999999,34.56,0.29272319999991453,0.3817383685498884
2023-10-09 19:00:00,40.421325,34.56,0.13236479999993464,0.15481367474992355
2023-10-09 20:00:00,33.95516250000001,34.56,0.11404799999997486,0.11205203624997533
2023-10-09 21:00:00,32.36205,34.56,0.06566400000017603,0.061487895000164834
2023-10-09 22:00:00,31.449915,29.83,0.06264299999973955,0.06604482149972542
2023-10-09 23:00:00,30.362850000000005,29.83,0.047728000000227894,0.04858056000023197
2023-10-10 00:00:00,29.938020000000005,29.83,0.04802630000001736,0.04820021220001744
2023-10-10 01:00:00,29.850555000000007,29.83,0.23148079999995225,0.2316403067999523
2023-10-10 02:00:00,29.80307400000001,29.83,0.04713139999983505,0.04708885691983522
2023-10-10 03:00:00,29.536930500000008,29.83,0.09247300000011936,0.09156448455011823
2023-10-10 04:00:00,31.201264500000004,29.83,0.09396449999988063,0.09828398317487516
2023-10-10 05:00:00,33.61155,34.56,0.2664576000002213,0.2591450505002152
2023-10-10 06:00:00,42.597954,34.56,0.0,0.0
2023-10-10 07:00:00,42.18686849999999,34.56,0.0,0.0
2023-10-10 08:00:00,33.873945,34.56,0.0,0.0
2023-10-10 09:00:00,31.88724000000001,29.83,0.0,0.0
2023-10-10 10:00:00,30.485301000000007,29.83,0.0,0.0
2023-10-10 11:00:00,29.444467500000005,29.83,0.0,0.0
2023-10-10 12:00:00,28.5248355,29.83,0.0,0.0
2023-10-10 13:00:00,28.790979,29.83,0.0,0.0
2023-10-10 14:00:00,28.815969000000003,29.83,0.28517480000003903,0.27548066364003776
2023-10-10 15:00:00,29.763090000000005,29.83,0.4399924999998372,0.4390055774998377
2023-10-10 16:00:00,32.032182000000006,29.83,0.08889339999993272,0.09545590235992776
2023-10-10 17:00:00,33.289179000000004,34.56,0.10817280000003521,0.10419513027003392
2023-10-10 18:00:00,34.769836500000004,34.56,0.14584320000016596,0.146728710030167
2023-10-10 19:00:00,30.460311000000004,29.83,0.11633699999982636,0.11879521289982271
2023-10-10 20:00:00,28.206213,29.83,0.09157810000020837,0.08659307391019702
2023-10-10 21:00:00,28.444867500000004,29.83,0.05995830000000651,0.057174183675006214
2023-10-10 22:00:00,25.977105000000005,25.66,0.0505501999997965,0.051174896849794
2023-10-10 23:00:00,25.271137500000005,25.66,0.05260300000021471,0.05180583187521147
2023-10-11 00:00:00,20.624247,25.66,0.04233899999999067,0.0340300075499925
2023-10-11 01:00:00,18.3489075,25.66,0.04875399999989732,0.034862924249926576
2023-10-11 02:00:00,17.6566845,25.66,0.04259560000004294,0.029310096270029548
2023-10-11 03:00:00,17.775387,25.66,0.08185539999987304,0.05670348452991205
2023-10-11 04:00:00,18.61755,25.66,0.07954600000010269,0.057714405000074506
2023-10-11 05:00:00,27.380293500000008,25.66,0.13728099999996266,0.1464845702249602
2023-10-11 06:00:00,33.256692,34.56,0.0,0.0
2023-10-11 07:00:00,33.346656,34.56,0.0,0.0
2023-10-11 08:00:00,30.230403000000003,29.83,0.0,0.0
2023-10-11 09:00:00,23.616799500000003,25.66,0.0,0.0
2023-10-11 10:00:00,17.4992475,25.66,0.0,0.0
2023-10-11 11:00:00,17.368049999999997,25.66,0.0,0.0
2023-10-11 12:00:00,17.361267,25.66,0.0,0.0
2023-10-11 13:00:00,17.363528,25.66,0.0,0.0
2023-10-11 14:00:00,17.375546999999997,25.66,0.0,0.0
2023-10-11 15:00:00,24.587661,25.66,0.032075,0.030734576250000003
2023-10-11 16:00:00,30.141688500000004,29.83,0.1035100999999262,0.10459165909492546
2023-10-11 17:00:00,33.33541050000001,34.56,0.11128320000004024,0.10734002181003885
2023-10-11 18:00:00,33.878943,34.56,0.12199680000002264,0.11959266879002219
2023-10-11 19:00:00,32.6806725,34.56,0.11335680000014836,0.1071926058001403
2023-10-11 20:00:00,30.106702500000008,29.83,0.05458889999999783,0.055095265574997825
2023-10-11 21:00:00,29.720607000000005,29.83,0.06234469999995008,0.062116068629950276
2023-10-11 22:00:00,28.603554000000003,29.83,0.05160589999993271,0.049484148419935495
2023-10-11 23:00:00,27.152884500000003,25.66,0.04233899999999067,0.04480225942499013
2023-10-12 00:00:00,27.7326525,25.66,0.05106340000013443,0.05518797847514528
2023-10-12 01:00:00,27.830113500000007,29.83,0.05160589999993271,0.048146096354937246
2023-10-12 02:00:00,28.341159,29.83,0.05458889999999783,0.05186432096999794
2023-10-12 03:00:00,28.49359800000001,29.83,0.0984389999999783,0.0940288733999793
2023-10-12 04:00:00,30.187920000000005,29.83,0.13751630000007162,0.1391663112000725
2023-10-12 05:00:00,33.17422500000001,34.56,0.003110400000005029,0.002985680250004828
2023-10-12 06:00:00,33.96640800000001,34.56,0.0,0.0
2023-10-12 07:00:00,35.909380500000005,34.56,0.0,0.0
2023-10-12 08:00:00,34.571166000000005,34.56,0.0,0.0
2023-10-12 09:00:00,33.724005000000005,34.56,0.0,0.0
2023-10-12 10:00:00,32.97930300000001,34.56,0.006911999999836553,0.006595860599844031
2023-10-12 11:00:00,31.247496000000005,29.83,0.0,0.0
2023-10-12 12:00:00,30.399085500000005,29.83,0.0,0.0
2023-10-12 13:00:00,30.910131,29.83,0.0,0.0
2023-10-12 14:00:00,32.36205,34.56,0.1814400000001886,0.16990076250017663
2023-10-12 15:00:00,33.075514500000004,34.56,0.03455999999981141,0.03307551449981951
2023-10-12 16:00:00,35.485800000000005,34.56,0.08467199999996229,0.08694020999996128
2023-10-12 17:00:00,38.597055000000005,34.56,0.0946944000001182,0.105755930700132
2023-10-12 18:00:00,44.98075049999999,34.56,0.09365759999990697,0.12189783385487889
2023-10-12 19:00:00,36.269236500000005,34.56,0.12268800000016346,0.12875578957517156
2023-10-12 20:00:00,33.53158200000001,34.56,0.107135999999824,0.10394790419982924
2023-10-12 21:00:00,32.799375000000005,34.56,0.08190720000002767,0.07773451875002627
2023-10-12 22:00:00,31.092558000000004,29.83,0.06652089999998698,0.06933640433998643
2023-10-12 23:00:00,32.860600500000004,34.56,0.061171200000203686,0.05816326288519367
2023-10-13 00:00:00,31.737300000000005,29.83,0.06652089999998698,0.07077417899998616
2023-10-13 01:00:00,30.75519300000001,29.83,0.05667699999988062,0.05843486669987694
2023-10-13 02:00:00,30.037980000000005,29.83,0.055185500000119375,0.05557026300012021
2023-10-13 03:00:00,29.873046,29.83,0.09575429999997395,0.09589247765997393
2023-10-13 04:00:00,29.26953750000001,29.83,0.09336790000003038,0.09161365237502984
2023-10-13 05:00:00,33.5403285,34.56,0.017625599999818952,0.017105567534824295
2023-10-13 06:00:00,35.2921275,34.56,0.0,0.0
2023-10-13 07:00:00,35.5170375,34.56,0.0,0.0
2023-10-13 08:00:00,33.867697500000006,34.56,0.0,0.0
2023-10-13 09:00:00,29.738100000000006,29.83,0.0,0.0
2023-10-13 10:00:00,26.366949,25.66,0.0,0.0
2023-10-13 11:00:00,21.6725775,25.66,0.0,0.0
2023-10-13 12:00:00,18.280185,25.66,0.0,0.0
2023-10-13 13:00:00,17.9065845,25.66,0.0,0.0
2023-10-13 14:00:00,17.897837999999997,25.66,0.016422400000078413,0.011454616320054692
2023-10-13 15:00:00,18.61755,25.66,0.03618059999990292,0.026250745499929562
2023-10-13 16:00:00,23.175726000000004,25.66,0.11110779999999813,0.10035089357999834
2023-10-13 17:00:00,26.643088500000005,25.66,0.0697951999999832,0.07246920071998257
2023-10-13 18:00:00,26.901735,25.66,0.06543300000002801,0.06859942425002935
2023-10-13 19:00:00,19.359753,25.66,0.2920107999999795,0.2203139891399845
2023-10-13 20:00:00,17.9990475,25.66,0.07492720000009521,0.052557218700066785
2023-10-13 21:00:00,17.39304,25.66,0.062866999999972,0.04261294799998102
2023-10-13 22:00:00,17.276479499999997,25.66,0.05773500000009335,0.038872078875062846
2023-10-13 23:00:00,17.3578755,25.66,0.05465579999993279,0.036972274814954534
2023-10-14 00:00:00,17.156646499999997,18.88,0.0385151999999478,0.03499955885995256
2023-10-14 01:00:00,17.1996055,18.88,0.033228800000072806,0.030271305680066325
2023-10-14 02:00:00,17.173603999999997,18.88,0.04436799999993818,0.04035796939994376
2023-10-14 03:00:00,17.1182095,18.88,0.03247360000009066,0.029443320340082204
2023-10-14 04:00:00,17.132906000000002,18.88,0.08080639999997802,0.07332883767998007
2023-10-14 05:00:00,17.259521999999997,18.88,0.05984960000000137,0.054712684740001245
2023-10-14 06:00:00,17.365789,18.88,0.0018879999998694982,0.0017365788998799647
2023-10-14 07:00:00,18.5038455,18.88,0.0,0.0
2023-10-14 08:00:00,19.94202,18.88,0.0,0.0
2023-10-14 09:00:00,17.502996,18.88,0.0,0.0
2023-10-14 10:00:00,17.3623975,18.88,0.0,0.0
2023-10-14 11:00:00,17.261783,18.88,0.0,0.0
2023-10-14 12:00:00,17.2448255,18.88,0.0,0.0
2023-10-14 13:00:00,17.210910499999997,18.88,0.0,0.0
2023-10-14 14:00:00,17.359005999999997,18.88,0.0037760000000824218,0.0034718012000757815
2023-10-14 15:00:00,17.44302,18.88,0.04814400000002061,0.044479701000019044
2023-10-14 16:00:00,25.763440500000005,26.52,0.19359599999988422,0.18807311564988755
2023-10-14 17:00:00,32.099655000000006,30.97,0.10529800000004506,0.10913882700004673
2023-10-14 18:00:00,33.6078015,30.97,0.12388000000016901,0.1344312060001834
2023-10-14 19:00:00,29.4769545,30.97,0.08733539999976564,0.08312501168977696
2023-10-14 20:00:00,28.073766000000003,26.52,0.06576960000013314,0.06962293968014095
2023-10-14 21:00:00,26.68807050000001,26.52,0.05913959999998842,0.05951439721498837
2023-10-14 22:00:00,23.248197000000005,26.52,0.04747080000002315,0.04161427263002031
2023-10-14 23:00:00,19.2010665,18.88,0.03832639999990933,0.03897816499490779
2023-10-15 00:00:00,18.237702,18.88,0.03606080000013462,0.03483401082013004
2023-10-15 01:00:00,18.0915105,18.88,0.03643839999986812,0.03491661526487363
2023-10-15 02:00:00,18.500097,18.88,0.03700479999998351,0.03626019011998385
2023-10-15 03:00:00,18.082764,18.88,0.03587200000009615,0.0343572516000921
2023-10-15 04:00:00,18.3214185,18.88,0.04587839999990247,0.04452104695490536
2023-10-15 05:00:00,18.102756,18.88,0.014537600000042583,0.013939122120040833
2023-10-15 06:00:00,20.034483,18.88,0.020768000000109893,0.02203793130011662
2023-10-15 07:00:00,20.439321,18.88,0.0,0.0
2023-10-15 08:00:00,21.229005,18.88,0.12271999999993131,0.13798853249992277
2023-10-15 09:00:00,18.0015465,18.88,0.035871999999924443,0.034202938349927964
2023-10-15 10:00:00,17.373047999999997,18.88,0.0,0.0
2023-10-15 11:00:00,17.3578755,18.88,0.0,0.0
2023-10-15 12:00:00,17.255,18.88,0.0,0.0
2023-10-15 13:00:00,17.169082,18.88,0.0,0.0
2023-10-15 14:00:00,17.342048499999997,18.88,0.20163840000003982,0.18521307798003656
2023-10-15 15:00:00,17.497998,18.88,0.6317248000000865,0.5854830130800801
2023-10-15 16:00:00,27.464010000000005,26.52,0.25618319999985145,0.2653023365998462
2023-10-15 17:00:00,34.848555000000005,30.97,0.13471950000012395,0.1515912142501395
2023-10-15 18:00:00,34.23380100000001,30.97,0.14091349999997746,0.15576379454997513
2023-10-15 19:00:00,33.89393700000001,30.97,0.12387999999988733,0.13557574799987673
2023-10-15 20:00:00,31.7410485,30.97,0.07092130000008337,0.07268700106508545
2023-10-15 21:00:00,31.982202000000004,30.97,0.07990259999994141,0.08251408115993951
2023-10-15 22:00:00,29.27328600000001,30.97,0.061630300000162244,0.05825383914015338
2023-10-15 23:00:00,30.315369000000004,30.97,0.0709212999998017,0.0694221950098059
2023-10-16 00:00:00,29.491948500000003,29.83,0.06115149999997829,0.06045849442497855
2023-10-16 01:00:00,29.65938150000001,29.83,0.18643749999999998,0.18537113437500005
2023-10-16 02:00:00,29.441968500000005,29.83,0.14378059999999132,0.14191028816999146
2023-10-16 03:00:00,29.16707850000001,29.83,0.08054100000013023,0.07875111195012735
2023-10-16 04:00:00,29.646886500000004,29.83,0.25564309999999135,0.2540738173049914
2023-10-16 05:00:00,34.80607200000001,34.56,0.026265600000007546,0.026452614720007605
2023-10-16 06:00:00,37.28133150000001,34.56,0.0,0.0
2023-10-16 07:00:00,38.07476400000001,34.56,0.0,0.0
2023-10-16 08:00:00,36.6715755,34.56,0.0,0.0
2023-10-16 09:00:00,32.606952,34.56,0.0,0.0
2023-10-16 10:00:00,31.964709000000003,29.83,0.0,0.0
2023-10-16 11:00:00,31.586110500000007,29.83,0.0,0.0
2023-10-16 12:00:00,30.6439875,29.83,0.0,0.0
2023-10-16 13:00:00,31.048825500000007,29.83,0.0,0.0
2023-10-16 14:00:00,31.955962500000005,29.83,0.025952100000132396,0.027801687375141836
2023-10-16 15:00:00,34.731102,34.56,0.08501759999971836,0.08543851091971698
2023-10-16 16:00:00,38.2134585,34.56,0.16588800000016346,0.18342460080018075
2023-10-16 17:00:00,43.739997,34.56,0.2809728000000352,0.35560617561004454
2023-10-16 18:00:00,47.35604999999999,34.56,0.12165119999995223,0.16669329599993452
2023-10-16 19:00:00,37.352553,34.56,0.11819519999987681,0.12774573125986682
2023-10-16 20:00:00,35.487049500000005,34.56,0.0864,0.08871762375000002
2023-10-16 21:00:00,34.26129,34.56,0.08743680000021123,0.08668106370020941
2023-10-16 22:00:00,32.26458900000001,34.56,0.07499519999987679,0.07001415812988498
2023-10-16 23:00:00,33.309171,34.56,0.08121599999988685,0.07827655184989094
2023-10-17 00:00:00,31.617348000000007,29.83,0.06801240000001953,0.07208755344002073
2023-10-17 01:00:00,30.910131,29.83,0.0662226000001975,0.06862049082020466
2023-10-17 02:00:00,30.550275000000003,29.83,0.0775579999997938,0.07943071499978883
2023-10-17 03:00:00,31.1837715,29.83,0.09694750000021704,0.1013472573752269
2023-10-17 04:00:00,32.606952,34.56,0.10091519999981394,0.09521229983982445
2023-10-17 05:00:00,36.14178750000001,34.56,0.03732480000006035,0.03903313050006312
2023-10-17 06:00:00,37.98480000000001,34.56,0.0,0.0
2023-10-17 07:00:00,41.24349599999999,34.56,0.0,0.0
2023-10-17 08:00:00,37.28508,34.56,0.0,0.0
2023-10-17 09:00:00,34.23380100000001,34.56,0.0,0.0
2023-10-17 10:00:00,31.57111650000001,29.83,0.0,0.0
2023-10-17 11:00:00,30.976354500000006,29.83,0.0,0.0
2023-10-17 12:00:00,29.873046,29.83,0.0,0.0
2023-10-17 13:00:00,29.66313,29.83,0.0,0.0
2023-10-17 14:00:00,30.8564025,29.83,0.09993050000001084,0.10336894837501123
2023-10-17 15:00:00,33.414129,34.56,0.04803840000004275,0.04644563931004133
2023-10-17 16:00:00,36.50039400000001,34.56,0.11439360000004527,0.12081630414004783
2023-10-17 17:00:00,38.099754,34.56,0.17245439999992962,0.19011777245992234
2023-10-17 18:00:00,37.91607750000001,34.56,0.1496447999999975,0.16417661557499727
2023-10-17 19:00:00,33.6078015,34.56,0.1496447999999975,0.14552178049499756
2023-10-17 20:00:00,33.973905,34.56,0.10540800000010059,0.1036204102500989
2023-10-17 21:00:00,33.1154985,34.56,0.07775999999981141,0.07450987162481928
2023-10-17 22:00:00,30.415329000000003,29.83,0.06592430000013673,0.06721787709013943
2023-10-17 23:00:00,28.561071000000005,29.83,0.046534799999984805,0.044555270759985464
2023-10-18 00:00:00,28.496097,29.83,0.06264300000001086,0.05984180370001036
2023-10-18 01:00:00,28.408632000000004,29.83,0.05458889999999783,0.05198779655999794
2023-10-18 02:00:00,28.548576000000004,29.83,0.04802630000001736,0.04596320736001663
2023-10-18 03:00:00,28.862200500000007,29.83,0.09814069999991752,0.09495663964492022
2023-10-18 04:00:00,29.558172000000003,29.83,0.13751630000007162,0.13626317292007098
2023-10-18 05:00:00,34.11135,34.56,0.020390399999753575,0.020125696499756773
2023-10-18 06:00:00,38.2234545,34.56,0.003456000000075438,0.003822345450083434
2023-10-18 07:00:00,37.252593,34.56,0.018662400000030176,0.020116400220032523
2023-10-18 08:00:00,32.788129500000004,34.56,0.0024192000001785345,0.0022951690651693817
2023-10-18 09:00:00,28.616049000000004,29.83,0.0,0.0
2023-10-18 10:00:00,26.979204000000006,25.66,0.0,0.0
2023-10-18 11:00:00,26.12579550000001,25.66,0.0,0.0
2023-10-18 12:00:00,25.364850000000004,25.66,0.0,0.0
2023-10-18 13:00:00,26.313220500000003,25.66,0.0,0.0
2023-10-18 14:00:00,28.622296500000004,29.83,0.0011931999999717845,0.0011448918599729272
2023-10-18 15:00:00,31.757292000000003,29.83,0.05220249999978296,0.05557526099976895
2023-10-18 16:00:00,33.74649600000001,34.56,0.27302399999998744,0.2665973183999878
2023-10-18 17:00:00,31.18002300000001,29.83,0.1601871000000781,0.16743672351008174
2023-10-18 18:00:00,30.72520500000001,29.83,0.13662140000016063,0.14072143890016547
2023-10-18 19:00:00,29.464459500000004,29.83,0.13274349999991317,0.13111684477491425
2023-10-18 20:00:00,28.149985500000007,29.83,0.08770019999996093,0.08276095736996314
2023-10-18 21:00:00,26.892988500000005,25.66,0.06953859999993092,0.07287999883492761
2023-10-18 22:00:00,23.300676000000003,25.66,0.06030100000014937,0.05475658860013564
2023-10-18 23:00:00,20.6030055,25.66,0.05568219999990852,0.04470852193492655
2023-10-19 00:00:00,19.2985275,25.66,0.06235380000010082,0.04689542182507582
2023-10-19 01:00:00,18.630045,25.66,0.044904999999813296,0.03260257874986445
2023-10-19 02:00:00,18.3863925,25.66,0.0569652000001699,0.04081779135012174
2023-10-19 03:00:00,19.4934495,25.66,0.10212680000003549,0.07758392901002696
2023-10-19 04:00:00,22.725906,25.66,0.10417959999998694,0.09226717835998842
2023-10-19 05:00:00,28.372396500000004,29.83,0.029531699999776447,0.028088672534787373
2023-10-19 06:00:00,30.835161000000006,29.83,0.0,0.0
2023-10-19 07:00:00,32.875594500000005,34.56,0.0,0.0
2023-10-19 08:00:00,33.2367,34.56,0.0,0.0
2023-10-19 09:00:00,32.7056625,34.56,0.0,0.0
2023-10-19 10:00:00,32.941818000000005,34.56,0.0,0.0
2023-10-19 11:00:00,32.96805750000001,34.56,0.0,0.0
2023-10-19 12:00:00,32.375794500000005,34.56,0.0,0.0
2023-10-19 13:00:00,32.309571000000005,34.56,0.0,0.0
2023-10-19 14:00:00,32.814369,34.56,0.01071360000029672,0.010172454390281731
2023-10-19 15:00:00,33.991398000000004,34.56,0.10437119999988938,0.10265402195989118
2023-10-19 16:00:00,34.573665000000005,34.56,0.10126079999988434,0.1013008384498843
2023-10-19 17:00:00,34.7198565,34.56,0.13132800000003772,0.1319354547000379
2023-10-19 18:00:00,34.6198965,34.56,0.10955520000000252,0.10974507190500253
2023-10-19 19:00:00,31.96096050000001,29.83,0.10858120000014541,0.11633789622015585
2023-10-19 20:00:00,29.207062500000006,29.83,0.08829679999981117,0.08645290499981513
2023-10-19 21:00:00,29.488200000000003,29.83,0.08412060000004556,0.08315672400004508
2023-10-19 22:00:00,27.813870000000005,29.83,0.07218860000005643,0.06730956540005263
2023-10-19 23:00:00,27.062920500000008,25.66,0.055425600000089614,0.05845590828009454
2023-10-20 00:00:00,25.326115500000004,25.66,0.06594619999989919,0.0650881168349005
2023-10-20 01:00:00,23.765490000000003,25.66,0.05260299999998133,0.04871925449998272
2023-10-20 02:00:00,21.7750365,25.66,0.056708600000117626,0.048122830665099814
2023-10-20 03:00:00,20.2481475,25.66,0.1046927999998581,0.08261244179988804
2023-10-20 04:00:00,22.58471250000001,25.66,0.07698000000004668,0.06775413750004111
2023-10-20 05:00:00,26.950465500000004,25.66,0.009494200000067213,0.009971672235070594
2023-10-20 06:00:00,30.877644000000004,29.83,0.0,0.0
2023-10-20 07:00:00,32.292078000000004,34.56,0.0,0.0
2023-10-20 08:00:00,32.956812000000006,34.56,0.0,0.0
2023-10-20 09:00:00,31.764789000000004,29.83,0.0,0.0
2023-10-20 10:00:00,31.00759200000001,29.83,0.0,0.0
2023-10-20 11:00:00,29.9567625,29.83,0.0,0.0
2023-10-20 12:00:00,29.083362000000005,29.83,0.0,0.0
2023-10-20 13:00:00,28.964659500000003,29.83,0.0,0.0
2023-10-20 14:00:00,29.277034500000003,29.83,0.026548699999982633,0.026056560704982964
2023-10-20 15:00:00,29.741848500000003,29.83,0.08859509999987195,0.08833329004487232
2023-10-20 16:00:00,30.925125000000005,29.83,0.10738800000017364,0.11133045000018003
2023-10-20 17:00:00,32.05467300000001,29.83,0.11544209999991535,0.12405158450990907
2023-10-20 18:00:00,32.39828550000001,34.56,0.1278719999999623,0.11987365634996466
2023-10-20 19:00:00,30.105453000000004,29.83,0.09336790000003038,0.09423006789003069
2023-10-20 20:00:00,27.721407000000003,25.66,0.0795459999998693,0.08593636169985881
2023-10-20 21:00:00,27.177874500000005,25.66,0.05080680000008215,0.053812191510087024
2023-10-20 22:00:00,24.420228000000005,25.66,0.05337279999990479,0.05079407423990939
2023-10-20 23:00:00,24.002895,25.66,0.04747100000010269,0.04440535575009605
2023-10-21 00:00:00,22.0249365,18.88,0.03304000000003434,0.03854363887504006
2023-10-21 01:00:00,22.333563000000005,18.88,0.0385151999999478,0.04556046851993826
2023-10-21 02:00:00,21.6101025,18.88,0.031718400000108525,0.03630497220012422
2023-10-21 03:00:00,22.0099425,18.88,0.037759999999965654,0.04401988499995997
2023-10-21 04:00:00,21.758793,18.88,0.07646399999995192,0.0881231116499446
2023-10-21 05:00:00,22.828365000000005,26.52,0.013525200000102268,0.011642466150088036
2023-10-21 06:00:00,25.6984665,26.52,0.0,0.0
2023-10-21 07:00:00,26.733052500000007,26.52,0.0,0.0
2023-10-21 08:00:00,24.703864500000005,26.52,0.0,0.0
2023-10-21 09:00:00,22.969558500000005,26.52,0.0,0.0
2023-10-21 10:00:00,21.253995,18.88,0.011516799999942304,0.012964936949935049
2023-10-21 11:00:00,19.96701,18.88,0.08175039999999863,0.08645715329999855
2023-10-21 12:00:00,18.61755,18.88,0.006607999999972526,0.006516142499972908
2023-10-21 13:00:00,19.0186395,18.88,0.039648000000006865,0.03993914295000692
2023-10-21 14:00:00,20.8703985,18.88,0.12083200000006182,0.13357055040006835
2023-10-21 15:00:00,27.907582500000004,26.52,0.3375996000000367,0.3552635252250386
2023-10-21 16:00:00,31.708561500000005,30.97,0.2991701999998265,0.3063047040898224
2023-10-21 17:00:00,33.41163,30.97,0.34748340000009237,0.3748784886000997
2023-10-21 18:00:00,31.702314,30.97,0.11025319999992789,0.11286023783992619
2023-10-21 19:00:00,28.639789500000006,26.52,0.10554960000003666,0.11398636221003962
2023-10-21 20:00:00,24.03913050000001,26.52,0.07478640000004053,0.06779034801003676
2023-10-21 21:00:00,23.531833500000005,26.52,0.07346040000001158,0.06518317879501029
2023-10-21 22:00:00,22.384792500000003,18.88,0.0534303999998956,0.06334896277487623
2023-10-21 23:00:00,22.2873315,18.88,0.1453760000000824,0.17161245255009733
2023-10-22 00:00:00,21.161532,18.88,0.04663359999988461,0.052268984039870674
2023-10-22 01:00:00,19.6933695,18.88,0.03889280000002473,0.04056834117002579
2023-10-22 02:00:00,19.3210185,18.88,0.052108800000141495,0.053326011060144805
2023-10-22 03:00:00,19.6608825,18.88,0.04512319999992032,0.04698950917491703
2023-10-22 04:00:00,21.656334,18.88,0.041536000000048076,0.04764393480005515
2023-10-22 05:00:00,21.149037,18.88,0.1633119999999588,0.18293917004995383
2023-10-22 06:00:00,24.64014,26.52,0.0,0.0
2023-10-22 07:00:00,24.177825,26.52,0.0,0.0
2023-10-22 08:00:00,25.218658500000004,26.52,0.0,0.0
2023-10-22 09:00:00,23.812971,26.52,0.0,0.0
2023-10-22 10:00:00,23.43937050000001,26.52,0.0,0.0
2023-10-22 11:00:00,22.989550500000004,26.52,0.0,0.0
2023-10-22 12:00:00,21.0153405,18.88,0.011328000000075554,0.012609204300084099
2023-10-22 13:00:00,21.348957,18.88,0.03209599999984202,0.03629322689982137
2023-10-22 14:00:00,23.776735500000004,26.52,0.04614479999999421,0.04137151976999481
2023-10-22 15:00:00,27.029184,26.52,0.20049120000008297,0.2043406310400846
2023-10-22 16:00:00,33.090508500000006,30.97,0.12542849999992112,0.13401655942491578
2023-10-22 17:00:00,34.272535500000004,30.97,0.15485,0.17136267750000003
2023-10-22 18:00:00,34.73859900000001,30.97,0.12047330000003831,0.135133150110043
2023-10-22 19:00:00,33.1179975,30.97,0.11489870000002929,0.12286777072503133
2023-10-22 20:00:00,31.421176500000005,30.97,0.2449727000000518,0.24854150611505263
2023-10-22 21:00:00,30.135441000000004,30.97,0.10034279999988056,0.0976388288398838
2023-10-22 22:00:00,29.445717000000005,30.97,0.07401830000015097,0.07037526363014356
2023-10-22 23:00:00,29.795577,30.97,0.07463769999999549,0.07180734056999567
2023-10-23 00:00:00,29.87054700000001,29.83,0.05667699999988062,0.05675403929988049
2023-10-23 01:00:00,30.022986000000007,29.83,0.04772799999995659,0.04803677759995632
2023-10-23 02:00:00,29.876794500000003,29.83,0.22461990000018228,0.2249722625851826
2023-10-23 03:00:00,29.704363500000007,29.83,0.09664919999988497,0.09624213773988548
2023-10-23 04:00:00,30.539029500000005,29.83,0.13960439999995441,0.14292265805995338
2023-10-23 05:00:00,35.22340500000001,34.56,0.46379520000019114,0.47269809510019484
2023-10-23 06:00:00,39.546675,34.56,0.7907327999998467,0.9048279239998245
2023-10-23 07:00:00,42.15688049999999,34.56,0.3276288000001107,0.3996472271401349
2023-10-23 08:00:00,36.3167175,34.56,0.12683520000006537,0.13328235322506873
2023-10-23 09:00:00,33.3703965,34.56,0.23155200000002515,0.22358165655002427
2023-10-23 10:00:00,30.991348500000008,29.83,0.036094300000028216,0.03749953168502932
2023-10-23 11:00:00,30.14543700000001,29.83,0.20851169999988498,0.2107166046298838
2023-10-23 12:00:00,30.265389000000003,29.83,0.02028440000006294,0.020580464520063863
2023-10-23 13:00:00,30.7377,29.83,0.04534160000001302,0.04672130400001342
2023-10-23 14:00:00,33.451614000000006,34.56,0.1804031999999774,0.17461742507997813
2023-10-23 15:00:00,34.6948665,34.56,0.37013759999996987,0.3715820202149698
2023-10-23 16:00:00,36.7315515,34.56,0.22187519999993968,0.2358165606299359
2023-10-23 17:00:00,38.00854050000001,34.56,0.31449599999994976,0.3458777185499448
2023-10-23 18:00:00,36.84775500000001,34.56,0.7309439999999247,0.7793300182499198
2023-10-23 19:00:00,33.2779335,34.56,0.4136832000000403,0.39833686399503876
2023-10-23 20:00:00,30.365349,29.83,0.23774510000014323,0.2420118315301458
2023-10-23 21:00:00,30.8564025,29.83,0.2007558999999327,0.2076635888249304
2023-10-23 22:00:00,28.958412000000006,29.83,0.2807002999999414,0.2724986569199432
2023-10-23 23:00:00,30.029233500000004,29.83,0.2049320999999696,0.20630083414496944
2023-10-24 00:00:00,29.514439500000005,29.83,0.18792900000003254,0.18594096885003225
2023-10-24 01:00:00,29.180823000000007,29.83,0.20463380000018014,0.20018044578017627
2023-10-24 02:00:00,28.546077000000007,29.83,0.1906136999997656,0.18240943202977572
2023-10-24 03:00:00,28.6472865,29.83,0.3505025000000543,0.3366056163750521
2023-10-24 04:00:00,29.213310000000003,29.83,0.2311825000001628,0.22640315250015947
2023-10-24 05:00:00,30.069217500000004,29.83,0.14646529999999566,0.14763985792499565
2023-10-24 06:00:00,32.377044000000005,34.56,0.04492800000003772,0.04209015720003534
2023-10-24 07:00:00,33.701514,34.56,0.030758399999979886,0.029994347459980385
2023-10-24 08:00:00,34.4049825,34.56,0.05875200000002515,0.058488470250025036
2023-10-24 09:00:00,33.4078815,34.56,0.0,0.0
2023-10-24 10:00:00,32.9868,34.56,0.0,0.0
2023-10-24 11:00:00,32.235850500000005,34.56,0.0,0.0
2023-10-24 12:00:00,31.42992300000001,29.83,0.0,0.0
2023-10-24 13:00:00,31.78728000000001,29.83,0.0,0.0
2023-10-24 14:00:00,33.88269150000001,34.56,0.0214271999999648,0.021007268729965493
2023-10-24 15:00:00,33.506592000000005,34.56,0.07015679999983404,0.06801838175983911
2023-10-24 16:00:00,34.861050000000006,34.56,0.0950400000001886,0.09586788750019025
2023-10-24 17:00:00,36.0943065,34.56,0.07672319999991452,0.08012936042991071
2023-10-24 18:00:00,36.619096500000005,34.56,0.07914240000009304,0.0838577309850986
2023-10-24 19:00:00,34.0426275,34.56,0.09296639999976615,0.09157466797476965
2023-10-24 20:00:00,32.27583450000001,34.56,0.09262080000001006,0.08649923646000941
2023-10-24 21:00:00,31.624845000000004,29.83,0.06831070000008031,0.07242089505008516
2023-10-24 22:00:00,30.210411000000008,29.83,0.05458889999999783,0.05528505212999781
2023-10-24 23:00:00,29.746846500000004,29.83,0.04683310000004558,0.04670254900504545
2023-10-25 00:00:00,29.183322000000004,29.83,0.05876510000003472,0.05749114434003398
2023-10-25 01:00:00,28.542328500000007,29.83,0.049517799999778615,0.047380265309788186
2023-10-25 02:00:00,28.121247000000007,29.83,0.05548380000018014,0.05230551942016984
2023-10-25 03:00:00,28.681023000000003,29.83,0.08620869999992838,0.08288815646993115
2023-10-25 04:00:00,29.48695050000001,29.83,0.1458687000001454,0.1441911879451438
2023-10-25 05:00:00,33.049275,34.56,0.24399359999973097,0.2333278814997427
2023-10-25 06:00:00,36.130542000000005,34.56,0.0,0.0
2023-10-25 07:00:00,36.46915650000001,34.56,0.0,0.0
2023-10-25 08:00:00,34.922275500000005,34.56,0.0,0.0
2023-10-25 09:00:00,33.61404900000001,34.56,0.0,0.0
2023-10-25 10:00:00,32.9855505,34.56,0.0,0.0
2023-10-25 11:00:00,32.034681,29.83,0.0,0.0
2023-10-25 12:00:00,31.814769000000005,29.83,0.0,0.0
2023-10-25 13:00:00,32.9205765,34.56,0.0,0.0
2023-10-25 14:00:00,34.627393500000004,34.56,0.5277312000000152,0.5287602987450152
2023-10-25 15:00:00,35.79942450000001,34.56,0.5971968000000227,0.6186140553600236
2023-10-25 16:00:00,36.5766135,34.56,0.1607040000000503,0.17008125277505323
2023-10-25 17:00:00,36.687819000000005,34.56,0.09158400000011316,0.09722272035012014
2023-10-25 18:00:00,37.0739145,34.56,0.10333439999999247,0.11085100435499191
2023-10-25 19:00:00,34.49619600000001,34.56,0.12407039999981645,0.12384134363981682
2023-10-25 20:00:00,32.805622500000005,34.56,0.11024640000014334,0.10464993577513607
2023-10-25 21:00:00,32.369547000000004,34.56,0.07050239999990446,0.06603387587991051
2023-10-25 22:00:00,31.46241,29.83,0.05936170000015627,0.06261019590016483
2023-10-25 23:00:00,28.548576000000004,29.83,0.04921949999998915,0.04710515039998962
2023-10-26 00:00:00,28.6023045,29.83,0.05995830000000651,0.05749063204500624
2023-10-26 01:00:00,28.299925500000004,29.83,0.04683309999977427,0.04443088303478586
2023-10-26 02:00:00,28.24369800000001,29.83,0.047429700000167115,0.04490747982015825
2023-10-26 03:00:00,28.603554000000003,29.83,0.09754410000006727,0.09353362158006454
2023-10-26 04:00:00,29.86305,29.83,0.07636479999982203,0.07644940799982183
2023-10-26 05:00:00,31.997196,29.83,0.023863999999978295,0.025597756799976716
2023-10-26 06:00:00,34.068867000000004,34.56,0.0,0.0
2023-10-26 07:00:00,35.342107500000004,34.56,0.0,0.0
2023-10-26 08:00:00,35.985600000000005,34.56,0.0,0.0
2023-10-26 09:00:00,35.6569815,34.56,0.0,0.0
2023-10-26 10:00:00,34.861050000000006,34.56,0.0,0.0
2023-10-26 11:00:00,33.7502445,34.56,0.0,0.0
2023-10-26 12:00:00,32.373295500000005,34.56,0.0,0.0
2023-10-26 13:00:00,32.31207,34.56,0.0,0.0
2023-10-26 14:00:00,32.363299500000004,34.56,0.0,0.0
2023-10-26 15:00:00,33.753993,34.56,0.08121600000020117,0.07932188355019648
2023-10-26 16:00:00,35.22465450000001,34.56,0.08951040000000504,0.09123185515500515
2023-10-26 17:00:00,36.2292525,34.56,0.12061440000005533,0.126440091225058
2023-10-26 18:00:00,36.23425050000001,34.56,0.09849599999994972,0.1032676139249473
2023-10-26 19:00:00,33.701514,34.56,0.12683519999975107,0.12368455637975725
2023-10-26 20:00:00,32.244597,34.56,0.12130560000019613,0.11317853547018299
2023-10-26 21:00:00,31.994697,29.83,0.06264300000001086,0.06718886370001163
2023-10-26 22:00:00,30.4690575,29.83,0.0548872000000586,0.05606306580005987
2023-10-26 23:00:00,30.432822,29.83,0.05309739999996527,0.05417042315996458
2023-10-27 00:00:00,29.529433500000003,29.83,0.05041269999996093,0.049904742614961334
2023-10-27 01:00:00,29.252044500000004,29.83,0.05846679999997395,0.05733400721997446
2023-10-27 02:00:00,29.2383,29.83,0.050711000000021704,0.04970511000002127
2023-10-27 03:00:00,29.756842500000005,29.83,0.07218860000005643,0.0720115588500563
2023-10-27 04:00:00,30.435321000000005,29.83,0.15183470000000435,0.15491578389000446
2023-10-27 05:00:00,32.68816950000001,34.56,0.0649728000000352,0.06145375866003331
2023-10-27 06:00:00,35.270886000000004,34.56,0.013132799999846612,0.013402936679843458
2023-10-27 07:00:00,36.67907250000001,34.56,0.0,0.0
2023-10-27 08:00:00,36.44791500000001,34.56,0.0,0.0
2023-10-27 09:00:00,35.50954050000001,34.56,0.006912000000150876,0.007101908100155021
2023-10-27 10:00:00,34.6473855,34.56,0.0107135999999824,0.010740689504982352
2023-10-27 11:00:00,32.660680500000005,34.56,0.0,0.0
2023-10-27 12:00:00,31.087560000000007,29.83,0.0,0.0
2023-10-27 13:00:00,30.059221500000003,29.83,0.0,0.0
2023-10-27 14:00:00,30.822666000000005,29.83,0.02863679999986543,0.029589759359860964
2023-10-27 15:00:00,33.162979500000006,34.56,0.08225280000009808,0.07892789121009412
2023-10-27 16:00:00,33.406632,34.56,0.08985600000007544,0.08685724320007292
2023-10-27 17:00:00,34.838559000000004,34.56,0.1285631999997888,0.12959943947978708
2023-10-27 18:00:00,34.928523000000006,34.56,0.13029120000014083,0.13168053171014235
2023-10-27 19:00:00,32.4732555,34.56,0.11197439999986675,0.10521334781987478
2023-10-27 20:00:00,29.869297500000005,29.83,0.09933390000016061,0.09946476067516084
2023-10-27 21:00:00,29.468208000000008,29.83,0.05190419999999349,0.051274681919993584
2023-10-27 22:00:00,29.075865000000004,29.83,0.05309739999996527,0.05175503969996616
2023-10-27 23:00:00,27.938820000000003,29.83,0.050711000000021704,0.04749599400002033
2023-10-28 00:00:00,25.940869500000005,26.52,0.18139679999981093,0.17743554737981504
2023-10-28 01:00:00,25.438570500000004,26.52,0.04853159999999807,0.046552584014998157
2023-10-28 02:00:00,24.240300000000005,26.52,0.04587960000018138,0.0419357190001658
2023-10-28 03:00:00,24.928774500000003,26.52,0.05197919999997685,0.04886039801997824
2023-10-28 04:00:00,25.990849500000007,26.52,0.04296240000006946,0.04210517619006809
2023-10-28 05:00:00,25.673476500000007,26.52,0.042166799999907384,0.040820827634910344
2023-10-28 06:00:00,27.351555000000005,26.52,0.09282000000009648,0.09573044250009952
2023-10-28 07:00:00,28.6997655,26.52,0.023867999999797395,0.025829788949780743
2023-10-28 08:00:00,28.551075,26.52,0.02386800000003859,0.02569596750004155
2023-10-28 09:00:00,28.239949500000005,26.52,0.0663,0.07059987375000001
2023-10-28 10:00:00,26.0883105,26.52,0.10608000000014473,0.10435324200014236
2023-10-28 11:00:00,26.097057000000007,26.52,0.021215999999980705,0.020877645599981016
2023-10-28 12:00:00,25.852155000000007,26.52,0.02386800000003859,0.023266939500037626
2023-10-28 13:00:00,26.603104500000004,26.52,0.07160399999987457,0.07182838214987419
2023-10-28 14:00:00,28.238700000000005,26.52,0.15620279999998457,0.1663259429999836
2023-10-28 15:00:00,31.364949000000006,30.97,0.2090475000000563,0.21171340575005712
2023-10-28 16:00:00,34.83606,30.97,0.20316319999998425,0.22852455359998228
2023-10-28 17:00:00,35.980602000000005,30.97,0.21276389999996845,0.2471867357399634
2023-10-28 18:00:00,32.2158585,30.97,0.3555356000000428,0.36983805558004457
2023-10-28 19:00:00,28.6572825,26.52,0.20287800000008685,0.21922821112509383
2023-10-28 20:00:00,27.802624500000007,26.52,0.20022599999978774,0.20990981497477756
2023-10-28 21:00:00,26.79927600000001,26.52,0.23735400000011578,0.23985352020011708
2023-10-28 22:00:00,23.300676000000003,26.52,0.1954524000000212,0.17172598212001866
2023-10-28 23:00:00,19.1235975,18.88,0.11497919999989971,0.11646270877489842
2023-10-29 00:00:00,17.488001999999998,18.88,0.10459520000001649,0.09688353108001525
2023-10-29 01:00:00,17.369299499999997,18.88,0.12404160000002884,0.11411629771502652
2023-10-29 02:00:00,17.370549,18.88,0.20692480000008653,0.19038121704007963
2023-10-29 03:00:00,17.340918,18.88,0.1174335999998846,0.107860509959894
2023-10-29 04:00:00,17.336396,18.88,0.12649600000001374,0.1161538532000126
2023-10-29 05:00:00,17.3239605,18.88,0.11686720000011264,0.10723531549510336
2023-10-29 06:00:00,17.327352,18.88,0.1049727999999217,0.09634007711992816
2023-10-29 07:00:00,17.360136499999996,18.88,0.32095999999996566,0.2951223204999684
2023-10-29 08:00:00,17.369299499999997,18.88,0.39553600000004807,0.3638868245250442
2023-10-29 09:00:00,17.368049999999997,18.88,0.44047039999992993,0.4051966064999355
2023-10-29 10:00:00,17.3443095,18.88,0.3288896000000357,0.30213787149003285
2023-10-29 11:00:00,17.359005999999997,18.88,0.2567680000001099,0.236082481600101
2023-10-29 12:00:00,17.3646585,18.88,0.3351199999999313,0.3082226883749368
2023-10-29 13:00:00,17.4442695,18.88,0.4040320000000618,0.3733073673000571
2023-10-29 14:00:00,18.6212985,18.88,0.5220319999998901,0.5148789035248916
2023-10-29 15:00:00,22.3697985,18.88,0.4068640000001236,0.4820691576751465
2023-10-29 16:00:00,26.979204000000006,26.52,0.28137719999991895,0.2862493544399176
2023-10-29 17:00:00,27.851355000000005,26.52,0.3264611999999382,0.3428501800499352
2023-10-29 18:00:00,26.986701000000004,26.52,0.22170720000006366,0.22560882036006483
2023-10-29 19:00:00,25.7859315,26.52,0.18298799999989387,0.1779229273498968
2023-10-29 20:00:00,25.134942,26.52,0.1941263999999923,0.18398777543999267
2023-10-29 21:00:00,24.117849000000003,26.52,0.200756400000137,0.18257211693012462
2023-10-29 22:00:00,23.857953,26.52,0.31054919999983216,0.27937662962984894
2023-10-29 23:00:00,22.167379500000003,18.88,0.20371520000011953,0.23918602480514037
2023-10-30 00:00:00,18.36765,25.66,0.19706880000000748,0.14106355200000537
2023-10-30 01:00:00,18.3888915,25.66,0.18090299999998136,0.12964168507498663
2023-10-30 02:00:00,18.412632,25.66,0.17500119999994584,0.12557415023996116
2023-10-30 03:00:00,18.620049,25.66,0.2075894000000504,0.15063619641003662
2023-10-30 04:00:00,19.214811,25.66,0.3310139999999907,0.24787106189999303
2023-10-30 05:00:00,20.511792,25.66,0.3012483999999944,0.24080843807999555
2023-10-30 06:00:00,27.400285500000003,25.66,0.08467799999998134,0.09042094214998007
2023-10-30 07:00:00,30.601504500000004,29.83,0.0,0.0
2023-10-30 08:00:00,31.237500000000004,29.83,0.0,0.0
2023-10-30 09:00:00,30.237900000000007,29.83,0.0029830000000651124,0.0030237900000660034
2023-10-30 10:00:00,28.613550000000004,29.83,0.0,0.0
2023-10-30 11:00:00,29.384491500000003,29.83,0.0,0.0
2023-10-30 12:00:00,30.180423000000005,29.83,0.14616699999993488,0.14788407269993414
2023-10-30 13:00:00,31.689819,29.83,0.0,0.0
2023-10-30 14:00:00,32.859351000000004,34.56,0.03041279999990948,0.028916228879913932
2023-10-30 15:00:00,34.7923275,34.56,0.05840639999995474,0.05879903347495443
2023-10-30 16:00:00,35.477053500000004,34.56,0.20666879999998494,0.21215277992998452
2023-10-30 17:00:00,38.089758,34.56,0.1569024000002188,0.17292750132024115
2023-10-30 18:00:00,38.7345,34.56,0.13512959999986926,0.15145189499985345
2023-10-30 19:00:00,36.247995,34.56,0.7236864000000176,0.7590330153000185
2023-10-30 20:00:00,33.489099,34.56,0.34767360000010816,0.3369003359401048
2023-10-30 21:00:00,32.020936500000005,29.83,0.23864000000005425,0.2561674920000583
2023-10-30 22:00:00,31.519887000000004,29.83,0.2496770999998611,0.26382145418985326
2023-10-30 23:00:00,29.288280000000004,29.83,0.4316401000000347,0.4238014116000342
2023-10-31 00:00:00,28.119997500000007,29.83,0.2496770999998611,0.23536437907486915
2023-10-31 01:00:00,27.264090000000003,25.66,0.21297800000021472,0.22629194700022814
2023-10-31 02:00:00,26.359452000000005,25.66,0.21015539999987304,0.2158839118798696
2023-10-31 03:00:00,25.464810000000003,25.66,0.20271399999999065,0.20117199899999075
2023-10-31 04:00:00,25.111201500000004,25.66,0.18475200000006534,0.18080065080006397
2023-10-31 05:00:00,26.085811500000005,25.66,0.287391999999972,0.2921610887999716
2023-10-31 06:00:00,28.42362600000001,29.83,0.12289960000007813,0.1171053391200745
2023-10-31 07:00:00,30.786430500000005,29.83,0.06502939999995441,0.06711441848995298
2023-10-31 08:00:00,30.865149,29.83,0.0817341999998307,0.08457050825982483
2023-10-31 09:00:00,29.925525000000004,29.83,0.013721800000082477,0.013765741500082742
2023-10-31 10:00:00,28.9884,29.83,0.0,0.0
2023-10-31 11:00:00,30.106702500000008,29.83,0.0,0.0
2023-10-31 12:00:00,30.0492255,29.83,0.0,0.0
2023-10-31 13:00:00,29.5844115,29.83,0.0,0.0
2023-10-31 14:00:00,30.484051500000003,29.83,0.074575,0.07621012875000001
2023-10-31 15:00:00,32.05092450000001,29.83,0.42537580000011505,0.4570461833701237
2023-10-31 16:00:00,34.25004450000001,34.56,0.41506560000000764,0.4113430344450076
2023-10-31 17:00:00,37.5862095,34.56,0.27302399999998744,0.29693105504998635
2023-10-31 18:00:00,38.864448,34.56,0.2889215999997687,0.3249067852797398
2023-10-31 19:00:00,36.475404000000005,34.56,0.5432832000000403,0.5733933508800425
2023-10-31 20:00:00,33.096756000000006,34.56,0.28442880000011067,0.272386301880106
2023-10-31 21:00:00,31.85225400000001,29.83,0.22730459999991534,0.24271417547990967
2023-10-31 22:00:00,30.47780400000001,29.83,0.20284400000008682,0.2072490672000888
2023-10-31 23:00:00,29.284531500000007,29.83,0.21089810000009984,0.20704163770509806
2023-11-01 00:00:00,25.536031500000004,21.86,0.254231799999903,0.29698404634488673
2023-11-01 01:00:00,25.56227100000001,21.86,0.1541129999999841,0.18021401054998148
2023-11-01 02:00:00,24.963760500000003,21.86,0.1420900000001193,0.16226444325013625
2023-11-01 03:00:00,24.957513,21.86,0.18471699999985686,0.21089098484983657
2023-11-01 04:00:00,24.732603,21.86,0.13640640000015428,0.15433144272017457
2023-11-01 05:00:00,25.61974800000001,21.86,0.32265359999992527,0.37814748047991253
2023-11-01 06:00:00,27.235351500000007,29.68,0.12910799999984884,0.11847377902486132
2023-11-01 07:00:00,28.058772000000005,29.68,0.1855,0.17536732500000005
2023-11-01 08:00:00,28.334911500000004,29.68,0.017808000000118774,0.017000946900113393
2023-11-01 09:00:00,26.01833850000001,29.68,0.014840000000053989,0.013009169250047333
2023-11-01 10:00:00,24.7401,21.86,0.021859999999880707,0.024740099999864994
2023-11-01 11:00:00,23.79048000000001,21.86,0.0,0.0
2023-11-01 12:00:00,23.320668000000005,21.86,0.043720000000159055,0.04664133600016969
2023-11-01 13:00:00,23.864200500000003,21.86,0.026450600000020676,0.028875682605022573
2023-11-01 14:00:00,25.373596500000005,21.86,0.24636219999989023,0.2859604325548727
2023-11-01 15:00:00,27.445267500000007,29.68,0.16502080000014682,0.15259568730013584
2023-11-01 16:00:00,27.235351500000007,29.68,0.2199287999999957,0.2018139546149961
2023-11-01 17:00:00,27.982552500000008,29.68,0.2582159999999676,0.24344820674996953
2023-11-01 18:00:00,27.301575000000007,29.68,0.24100159999996976,0.22168878899997224
2023-11-01 19:00:00,25.6859715,21.86,0.32746279999991096,0.3847758530698953
2023-11-01 20:00:00,24.009142500000003,21.86,0.1770660000000875,0.1944740542500961
2023-11-01 21:00:00,22.3048245,21.86,0.17007080000005406,0.17353153461005516
2023-11-01 22:00:00,21.637591500000003,21.86,0.14755499999984095,0.14605374262484258
2023-11-01 23:00:00,19.712112,21.86,0.24199019999999366,0.2182130798399943
2023-11-02 00:00:00,20.04198,21.86,0.14121560000013997,0.12947119080012834
2023-11-02 01:00:00,19.4884515,21.86,0.1556431999998982,0.13875777467990927
2023-11-02 02:00:00,19.289781,21.86,0.16329420000006523,0.14409466407005755
2023-11-02 03:00:00,19.0436295,21.86,0.150615399999868,0.131210607254885
2023-11-02 04:00:00,19.1785755,21.86,0.2636316000000286,0.23129362053002514
2023-11-02 05:00:00,20.181924,21.86,0.14318300000014314,0.13219160220013215
2023-11-02 06:00:00,26.060821500000003,29.68,0.09200799999984885,0.08078854664986729
2023-11-02 07:00:00,26.740549500000004,29.68,0.04452000000016196,0.04011082425014593
2023-11-02 08:00:00,27.154134000000003,29.68,0.032647999999902824,0.029869547399911097
2023-11-02 09:00:00,26.009592,29.68,0.0,0.0
2023-11-02 10:00:00,24.875046000000005,21.86,0.0,0.0
2023-11-02 11:00:00,25.043728500000004,21.86,0.0065579999999443314,0.007513118549936225
2023-11-02 12:00:00,24.915030000000005,21.86,0.022078600000124064,0.025164180300141403
2023-11-02 13:00:00,24.785082000000003,21.86,0.030385399999828224,0.03445126397980524
2023-11-02 14:00:00,26.05207500000001,29.68,0.24159520000009072,0.21206389050007968
2023-11-02 15:00:00,26.874246000000003,29.68,0.23180079999998487,0.20988786125998635
2023-11-02 16:00:00,27.2928285,29.68,0.24189200000015118,0.22243655227513903
2023-11-02 17:00:00,28.271187000000005,29.68,0.18253199999993525,0.17386780004993832
2023-11-02 18:00:00,29.606902500000004,29.68,0.2792887999999417,0.2786009525249419
2023-11-02 19:00:00,29.093358,29.68,0.2546544000000518,0.24962101164005082
2023-11-02 20:00:00,28.333662000000007,29.68,0.21399279999986612,0.20428570301987226
2023-11-02 21:00:00,26.858002500000005,29.68,0.2136960000000756,0.19337761800006842
2023-11-02 22:00:00,26.398186500000005,29.68,0.14899360000012093,0.13251889623010757
2023-11-02 23:00:00,24.495198,21.86,0.24985980000000635,0.2799801131400071
2023-11-03 00:00:00,19.2635415,21.86,0.13990399999987277,0.12328666559988787
2023-11-03 01:00:00,18.8012265,21.86,0.11083020000011291,0.09532221835509712
2023-11-03 02:00:00,18.61755,21.86,0.1274437999999189,0.10854031649993093
2023-11-03 03:00:00,18.0840135,21.86,0.13815520000011292,0.11429096532009343
2023-11-03 04:00:00,18.5838135,21.86,0.2415529999999046,0.20535113917491887
2023-11-03 05:00:00,20.31687,21.86,0.09880720000004929,0.09183225240004583
2023-11-03 06:00:00,25.062471,21.86,0.087658599999965,0.10050050870995987
2023-11-03 07:00:00,28.588560000000005,29.68,0.0742,0.07147140000000002
2023-11-03 08:00:00,29.240799000000003,29.68,0.015136800000114454,0.014912807490112761
2023-11-03 09:00:00,28.56232050000001,29.68,0.0,0.0
2023-11-03 10:00:00,27.712660500000005,29.68,0.0,0.0
2023-11-03 11:00:00,26.284482000000004,29.68,0.0,0.0
2023-11-03 12:00:00,25.073716500000003,21.86,0.0,0.0
2023-11-03 13:00:00,24.953764500000005,21.86,0.0,0.0
2023-11-03 14:00:00,25.454814,21.86,0.06579859999988548,0.07661899013986664
2023-11-03 15:00:00,25.992099000000007,29.68,0.140980000000108,0.1234624702500946
2023-11-03 16:00:00,27.60770250000001,29.68,0.37782640000004103,0.35144605282503827
2023-11-03 17:00:00,28.363650000000003,29.68,0.19559119999989633,0.18691645349990096
2023-11-03 18:00:00,28.519837500000005,29.68,0.2478280000000108,0.23814064312501043
2023-11-03 19:00:00,28.392388500000003,29.68,0.16650479999990933,0.15928129948491326
2023-11-03 20:00:00,25.9983465,29.68,0.2122120000000432,0.18588817747503783
2023-11-03 21:00:00,24.006643500000006,21.86,0.12307180000002227,0.1351574029050245
2023-11-03 22:00:00,23.057023500000003,21.86,0.14799219999993002,0.15609604909492622
2023-11-03 23:00:00,19.9457685,21.86,0.17815900000011134,0.1625580132751016
2023-11-04 00:00:00,23.08076400000001,20.07,0.13627530000001753,0.1567183875600202
2023-11-04 01:00:00,21.373947,20.07,0.12162419999995328,0.12952611881995024
2023-11-04 02:00:00,21.11655,20.07,0.155542499999927,0.16365326249992318
2023-11-04 03:00:00,20.1181995,20.07,0.2179602000000482,0.2184836465700483
2023-11-04 04:00:00,19.7658405,20.07,0.19989720000001898,0.19686777138001868
2023-11-04 05:00:00,19.29228,20.07,0.16256700000008031,0.1562674680000772
2023-11-04 06:00:00,19.3834935,20.07,0.11700809999992552,0.11300576710492807
2023-11-04 07:00:00,20.501796,20.07,0.12844800000006573,0.1312114944000671
2023-11-04 08:00:00,20.5980075,20.07,0.09232200000000731,0.0947508345000075
2023-11-04 09:00:00,19.86705,20.07,0.0,0.0
2023-11-04 10:00:00,19.1111025,20.07,0.0,0.0
2023-11-04 11:00:00,19.26729,20.07,0.002006999999861273,0.0019267289998668214
2023-11-04 12:00:00,19.86705,20.07,0.014049000000124124,0.01390693500012287
2023-11-04 13:00:00,20.009493,20.07,0.03351689999989194,0.03341585330989227
2023-11-04 14:00:00,21.2152605,20.07,0.022277699999975177,0.023548939154973757
2023-11-04 15:00:00,22.702165500000003,20.07,0.09774090000001608,0.11055954598501819
2023-11-04 16:00:00,22.366050000000005,20.07,0.10416330000004674,0.11607979950005211
2023-11-04 17:00:00,23.460612000000005,20.07,0.22117139999997226,0.2585359442399676
2023-11-04 18:00:00,22.366050000000005,20.07,0.23080500000010953,0.2572095750001221
2023-11-04 19:00:00,21.0678195,20.07,0.23241059999988903,0.2439653498098835
2023-11-04 20:00:00,18.969909,20.07,0.12102210000001314,0.11438855127001243
2023-11-04 21:00:00,18.66753,20.07,0.16116209999997666,0.14990026589997826
2023-11-04 22:00:00,18.8337135,20.07,0.09794160000005694,0.09190852188005347
2023-11-04 23:00:00,18.2489475,20.07,0.17641529999998104,0.16040824852498275
2023-11-05 00:00:00,18.4563645,20.07,0.12603959999994013,0.11590596905994494
2023-11-05 01:00:00,18.1914705,20.07,0.1264410000000219,0.11460626415001986
2023-11-05 02:00:00,18.015291,20.07,0.09673739999999416,0.08683370261999476
2023-11-05 03:00:00,17.740401000000002,20.07,0.1296522000001285,0.11460299046011362
2023-11-05 04:00:00,17.897837999999997,20.07,0.11379690000000146,0.10148074146000129
2023-11-05 05:00:00,18.3664005,20.07,0.180629999999927,0.1652976044999332
2023-11-05 06:00:00,18.2789355,20.07,0.08790660000002046,0.08006173749001862
2023-11-05 07:00:00,18.7787355,20.07,0.13226129999992992,0.12375186694493442
2023-11-05 08:00:00,19.314771,20.07,0.17340480000009784,0.16687962144009416
2023-11-05 09:00:00,20.369349,20.07,0.0790757999998642,0.08025523505986216
2023-11-05 10:00:00,23.299426500000006,20.07,0.09713880000007594,0.11276922426008819
2023-11-05 11:00:00,23.423127,20.07,0.2269917000000628,0.2649155663700733
2023-11-05 12:00:00,22.900836,20.07,0.5268375000000001,0.6011469450000001
2023-11-05 13:00:00,21.079065,20.07,0.45940229999995186,0.48249979784994945
2023-11-05 14:00:00,22.1348925,20.07,0.3405879000000234,0.37562912572502577
2023-11-05 15:00:00,24.512691000000004,28.47,0.23829389999986741,0.20517122366988588
2023-11-05 16:00:00,25.251145500000007,28.47,0.3806439000001264,0.33760781533511214
2023-11-05 17:00:00,26.733052500000007,28.47,0.21779549999983427,0.20450785162484444
2023-11-05 18:00:00,26.448166500000006,28.47,0.18904080000019058,0.17561582556017707
2023-11-05 19:00:00,24.761341500000004,28.47,0.23373869999997512,0.2032906137149784
2023-11-05 20:00:00,23.175726000000004,20.07,0.1354725000000365,0.1564361505000422
2023-11-05 21:00:00,19.9732575,20.07,0.260909999999854,0.25965234749985466
2023-11-05 22:00:00,19.347258,20.07,0.14390189999992845,0.13871983985993103
2023-11-05 23:00:00,18.0815145,20.07,0.13607459999997665,0.12259266830997895
2023-11-06 00:00:00,17.712911999999996,21.86,0.14602480000032447,0.11832225216026288
2023-11-06 01:00:00,17.381794499999998,21.86,0.13881100000004773,0.11037439507503793
2023-11-06 02:00:00,17.3717985,21.86,0.2809009999999682,0.22322761072497474
2023-11-06 03:00:00,17.385543,21.86,0.14821079999997455,0.11787398153997974
2023-11-06 04:00:00,17.905334999999997,21.86,0.2004561999998823,0.16419192194990356
2023-11-06 05:00:00,19.4834535,21.86,0.3313975999999173,0.2953691550599263
2023-11-06 06:00:00,26.4356715,29.68,0.1976688000003196,0.17606157219028468
2023-11-06 07:00:00,29.30827200000001,29.68,0.08903999999978406,0.08792481599978678
2023-11-06 08:00:00,29.354503500000003,29.68,0.0810263999997711,0.08013779455477363
2023-11-06 09:00:00,26.730553500000003,29.68,0.26118400000030234,0.23522887080027233
2023-11-06 10:00:00,24.882543000000005,21.86,0.18624719999977096,0.21199926635973934
2023-11-06 11:00:00,24.401485500000003,21.86,0.3239651999999936,0.36163001510999293
2023-11-06 12:00:00,24.6213975,21.86,0.4028798000001654,0.45377235592518633
2023-11-06 13:00:00,25.737201,21.86,0.6236657999998155,0.7342823445297827
2023-11-06 14:00:00,27.400285500000003,29.68,0.9028656000003801,0.833516684910351
2023-11-06 15:00:00,29.873046,29.68,0.3235120000000432,0.32561620140004344
2023-11-06 16:00:00,31.3836915,29.68,0.2582159999996977,0.2730381160496803
2023-11-06 17:00:00,34.569916500000005,36.4,0.3530800000004238,0.33532819005040254
2023-11-06 18:00:00,36.228003,36.4,0.44771999999984113,0.44560443689984186
2023-11-06 19:00:00,34.80107400000001,36.4,0.5270720000001166,0.5039195515201115
2023-11-06 20:00:00,31.252494,29.68,0.2988775999998834,0.3147126145798772
2023-11-06 21:00:00,30.571516500000005,29.68,0.2484215999998618,0.2558835931048577
2023-11-06 22:00:00,29.748096000000004,29.68,0.2576224000001166,0.2582134732801169
2023-11-06 23:00:00,28.331163000000004,29.68,0.23447199999971927,0.22381618769973205
2023-11-07 00:00:00,27.226605000000003,29.68,0.22467760000042325,0.2061053998503883
2023-11-07 01:00:00,26.901735,29.68,0.43956079999993086,0.39841469534993734
2023-11-07 02:00:00,26.214510000000004,29.68,0.2056823999997927,0.18166655429981693
2023-11-07 03:00:00,25.865899500000005,29.68,0.2252712000000043,0.19632217720500378
2023-11-07 04:00:00,26.145787500000004,29.68,0.2843344000001598,0.2504766442501408
2023-11-07 05:00:00,27.7826325,29.68,0.2822567999997365,0.26421283507475335
2023-11-07 06:00:00,30.022986000000007,29.68,0.40246079999993095,0.4071116901599302
2023-11-07 07:00:00,33.9726555,36.4,0.15688400000018007,0.1464221452051681
2023-11-07 08:00:00,34.367497500000006,36.4,0.40367600000013776,0.3811355472751301
2023-11-07 09:00:00,31.7285535,29.68,0.10388000000010797,0.11104993725011543
2023-11-07 10:00:00,29.7943275,29.68,0.2804759999999136,0.2815563948749133
2023-11-07 11:00:00,28.49234850000001,29.68,0.4481680000000648,0.43023446235006235
2023-11-07 12:00:00,28.1399895,29.68,0.14988399999976246,0.14210694697477477
2023-11-07 13:00:00,28.46236050000001,29.68,0.14632240000011662,0.14031943726511187
2023-11-07 14:00:00,29.5494255,29.68,0.18015759999999137,0.1793650127849914
2023-11-07 15:00:00,30.8713965,29.68,0.2122120000000432,0.2207304849750449
2023-11-07 16:00:00,31.474905000000003,29.68,0.21043120000022025,0.22315707645023364
2023-11-07 17:00:00,34.466208,36.4,0.5281639999996769,0.500104678079694
2023-11-07 18:00:00,36.033081,36.4,0.37237200000038134,0.36861841863037753
2023-11-07 19:00:00,33.913929,36.4,0.3585399999995497,0.3340522006495805
2023-11-07 20:00:00,30.452814000000004,29.68,0.29442560000005613,0.30209191488005765
2023-11-07 21:00:00,28.985901000000005,29.68,0.26682319999983156,0.26058324998983556
2023-11-07 22:00:00,28.449865500000005,29.68,0.24604720000045782,0.2358493849954389
2023-11-07 23:00:00,26.635591500000004,29.68,0.4175975999997754,0.37476277240479855
2023-11-08 00:00:00,26.189520000000005,29.68,0.2398143999997279,0.21161132159975996
2023-11-08 01:00:00,26.641839000000004,29.68,0.2507960000003455,0.2251235395503102
2023-11-08 02:00:00,25.705963500000003,21.86,0.1578291999999459,0.18559705646993643
2023-11-08 03:00:00,25.112451,21.86,0.15651760000007633,0.1798051491600877
2023-11-08 04:00:00,25.709712000000003,21.86,0.2096373999997646,0.2465561380797232
2023-11-08 05:00:00,26.740549500000004,29.68,0.563920000000432,0.5080704405003892
2023-11-08 06:00:00,27.92632500000001,29.68,0.23743999999978407,0.22341059999979687
2023-11-08 07:00:00,30.815169,29.68,0.1890616000001857,0.19629262653019283
2023-11-08 08:00:00,31.296226500000007,29.68,0.12168799999995682,0.1283145286499545
2023-11-08 09:00:00,29.0596215,29.68,0.054314399999727904,0.05317910734473359
2023-11-08 10:00:00,27.958812000000005,29.68,0.13356000000021595,0.12581465400020345
2023-11-08 11:00:00,27.2203575,29.68,0.4125519999998272,0.37836296924984153
2023-11-08 12:00:00,26.828014500000005,29.68,0.15374240000000863,0.13896911511000784
2023-11-08 13:00:00,26.874246000000003,29.68,0.17362800000028075,0.15721433910025423
2023-11-08 14:00:00,27.757642500000006,29.68,0.1932167999999525,0.18070225267495563
2023-11-08 15:00:00,30.540279000000005,29.68,0.26711999999989205,0.27486251099988895
2023-11-08 16:00:00,31.963459500000003,29.68,0.495952800000082,0.5341094082450885
2023-11-08 17:00:00,32.242098000000006,29.68,0.44193519999987474,0.48008483921986406
2023-11-08 18:00:00,33.2479455,36.4,0.41095600000029664,0.3753693046952709
2023-11-08 19:00:00,32.4807525,29.68,0.2994712000000043,0.32773079272500477
2023-11-08 20:00:00,31.051324500000003,29.68,0.2962063999998791,0.30989221850987353
2023-11-08 21:00:00,28.969657500000007,29.68,0.26711999999989205,0.2607269174998947
2023-11-08 22:00:00,27.737650500000008,29.68,0.4704279999997409,0.43964176042475794
2023-11-08 23:00:00,25.827165000000004,29.68,0.2552480000001728,0.2221136190001504
2023-11-09 00:00:00,26.355703500000004,29.68,0.2329879999999568,0.20689227247496167
2023-11-09 01:00:00,25.905883500000005,29.68,0.22705199999982725,0.19818000877484923
2023-11-09 02:00:00,26.119548000000005,29.68,0.22319360000012092,0.19641900096010648
2023-11-09 03:00:00,26.464410000000004,29.68,0.22645840000024617,0.20192344830021955
2023-11-09 04:00:00,26.669328000000004,29.68,0.4315471999999179,0.3877720291199263
2023-11-09 05:00:00,27.817618500000005,29.68,0.48259680000006044,0.45231447681005676
2023-11-09 06:00:00,31.063819500000005,29.68,0.21933519999987475,0.22956162610486897
2023-11-09 07:00:00,32.369547000000004,29.68,0.1427607999999309,0.15569752106992465
2023-11-09 08:00:00,32.514489000000005,29.68,0.1484,0.16257244500000004
2023-11-09 09:00:00,31.07381550000001,29.68,0.3502240000000864,0.36667102290009057
2023-11-09 10:00:00,29.873046,29.68,0.2599968000000604,0.26168788296006085
2023-11-09 11:00:00,29.2383,29.68,0.22705199999982725,0.22367299499982982
2023-11-09 12:00:00,28.63354200000001,29.68,0.12376560000038007,0.11940187014036671
2023-11-09 13:00:00,28.903434000000004,29.68,0.3665479999996329,0.3569574098996426
2023-11-09 14:00:00,29.939269500000005,29.68,0.3701096000003585,0.3733426906653617
2023-11-09 15:00:00,31.938469500000004,29.68,0.3157951999995508,0.33982531547951667
2023-11-09 16:00:00,33.237949500000006,36.4,0.2901080000001748,0.2649064575151597
2023-11-09 17:00:00,33.83646000000001,36.4,0.30357600000027013,0.28219607640025124
2023-11-09 18:00:00,33.434121000000005,36.4,0.29119999999973517,0.2674729679997568
2023-11-09 19:00:00,31.377444000000008,29.68,0.5950840000003024,0.6291177522003197
2023-11-09 20:00:00,29.364499500000008,29.68,0.2599967999995206,0.2572330156195258
2023-11-09 21:00:00,27.711411000000005,29.68,0.2632616000001857,0.24580021557017348
2023-11-09 22:00:00,27.868848000000007,29.68,0.19648160000007775,0.18449177376007306
2023-11-09 23:00:00,26.659332000000003,29.68,0.2178512000001123,0.1956794968801009
2023-11-10 00:00:00,25.377345,21.86,0.24658079999973598,0.2862564515996935
2023-11-10 01:00:00,24.831313500000004,21.86,0.136625,0.15519570937500002
2023-11-10 02:00:00,24.082863000000003,21.86,0.17575440000001907,0.19362621852002107
2023-11-10 03:00:00,23.410632000000007,21.86,0.2500784000000509,0.2678176300800546
2023-11-10 04:00:00,23.61555,21.86,0.2404600000000795,0.2597710500000859
2023-11-10 05:00:00,25.712211000000003,21.86,0.22297200000009543,0.2622645522001123
2023-11-10 06:00:00,27.886341000000005,29.68,0.29976800000006476,0.2816520441000609
2023-11-10 07:00:00,30.695217000000003,29.68,0.43332799999974086,0.448150168199732
2023-11-10 08:00:00,31.487400000000004,29.68,0.5757920000001512,0.6108555600001605
2023-11-10 09:00:00,30.922626000000005,29.68,0.26118399999976244,0.2721191087997526
2023-11-10 10:00:00,29.551924500000005,29.68,0.24040800000038873,0.23937058845038706
2023-11-10 11:00:00,28.603554000000003,29.68,0.12584319999972357,0.12127906895973363
2023-11-10 12:00:00,27.966309000000003,29.68,0.3312287999999957,0.312104008439996
2023-11-10 13:00:00,28.236201000000005,29.68,0.19737200000025915,0.18777073665024657
2023-11-10 14:00:00,29.357002500000004,29.68,0.3754519999998272,0.37136608162482915
2023-11-10 15:00:00,31.35995100000001,29.68,0.24693760000009934,0.26091479232010506
2023-11-10 16:00:00,32.9868,29.68,0.23833039999996544,0.26488400399996165
2023-11-10 17:00:00,34.37374500000001,36.4,0.31121999999984107,0.29389551974985
2023-11-10 18:00:00,34.24879500000001,36.4,0.7243599999999205,0.6815510204999253
2023-11-10 19:00:00,32.809371000000006,29.68,0.3015487999998877,0.33334320935987594
2023-11-10 20:00:00,31.478653500000004,29.68,0.2745400000003239,0.2911775448753436
2023-11-10 21:00:00,30.500295000000005,29.68,0.2424855999997322,0.24918741014972487
2023-11-10 22:00:00,30.359101500000005,29.68,0.40720960000035844,0.41652687258036675
2023-11-10 23:00:00,29.013390000000005,29.68,0.2255680000000648,0.22050176400006335
2023-11-11 00:00:00,28.276185000000005,28.47,0.21580259999994614,0.21433348229994653
2023-11-11 01:00:00,28.1000055,28.47,0.22121190000001242,0.2183370427350123
2023-11-11 02:00:00,28.098756000000005,28.47,0.23288459999980113,0.22984782407980375
2023-11-11 03:00:00,27.765139500000007,28.47,0.3279744000000124,0.3198544070400122
2023-11-11 04:00:00,27.702664500000004,28.47,0.18220799999983428,0.1772970527998388
2023-11-11 05:00:00,28.043778000000007,28.47,0.22377420000001658,0.22042409508001637
2023-11-11 06:00:00,28.151235000000003,28.47,0.4771572000003687,0.4718146986003647
2023-11-11 07:00:00,28.363650000000003,28.47,0.22861409999996685,0.227760109499967
2023-11-11 08:00:00,28.863450000000007,28.47,0.071175,0.07215862500000002
2023-11-11 09:00:00,29.224555500000005,28.47,0.34306349999997926,0.3521558937749788
2023-11-11 10:00:00,28.773486000000005,28.47,0.34591050000004137,0.34959785490004197
2023-11-11 11:00:00,28.641039000000003,28.47,0.13380899999981355,0.13461288329981247
2023-11-11 12:00:00,28.35615300000001,28.47,0.6761625,0.6734586337500003
2023-11-11 13:00:00,28.338660000000004,28.47,0.4427085000000828,0.44066616300008254
2023-11-11 14:00:00,28.800975000000005,28.47,0.16370249999968928,0.1656056062496857
2023-11-11 15:00:00,30.221656500000005,28.47,0.2775825000001036,0.29466115087511
2023-11-11 16:00:00,31.827264000000003,34.23,0.47374320000000497,0.4404893337600047
2023-11-11 17:00:00,33.359151000000004,34.23,0.22968330000009463,0.22383990321009226
2023-11-11 18:00:00,34.331262,34.23,0.8129624999999999,0.8153674725000001
2023-11-11 19:00:00,32.9205765,34.23,0.9416673000000697,0.9056450595150672
2023-11-11 20:00:00,31.551124500000004,34.23,1.1449934999997757,1.0553851145247937
2023-11-11 21:00:00,30.185421,28.47,0.8421426000001533,0.8928847531801626
2023-11-11 22:00:00,28.910931,28.47,0.7348107000000372,0.7461911291100379
2023-11-11 23:00:00,28.289929500000003,28.47,0.7843484999997722,0.7793875577247736
2023-11-12 00:00:00,28.55607300000001,28.47,0.7402200000001036,0.7424578980001042
2023-11-12 01:00:00,28.033782,28.47,0.2570841000000704,0.2531450514600693
2023-11-12 02:00:00,28.020037500000004,28.47,0.19359600000008287,0.1905362550000816
2023-11-12 03:00:00,27.7826325,28.47,0.230891699999913,0.2253171495749151
2023-11-12 04:00:00,27.880093500000005,28.47,0.40712100000008283,0.3986853370500812
2023-11-12 05:00:00,28.223706,28.47,0.3604301999998923,0.35731211795989326
2023-11-12 06:00:00,28.143738,28.47,0.16882710000021545,0.16689236634021296
2023-11-12 07:00:00,28.189969500000004,28.47,0.20412989999963954,0.20212208131464315
2023-11-12 08:00:00,28.31616900000001,28.47,0.25936170000001657,0.2579602995900166
2023-11-12 09:00:00,28.582312500000004,28.47,0.036726300000232005,0.03687118312523292
2023-11-12 10:00:00,28.439869500000007,28.47,0.05693999999968928,0.05687973899968962
2023-11-12 11:00:00,28.197466500000004,28.47,0.23630099999997928,0.23403897194997952
2023-11-12 12:00:00,28.374895500000004,28.47,0.054093000000145004,0.05391230145014453
2023-11-12 13:00:00,28.491099,28.47,0.15800850000008285,0.15812559945008292
2023-11-12 14:00:00,29.0821125,28.47,0.26562510000025685,0.2713361096252624
2023-11-12 15:00:00,31.052574000000003,28.47,0.45466589999992957,0.49590960677992324
2023-11-12 16:00:00,32.8381095,34.23,0.6880230000000747,0.6600460009500718
2023-11-12 17:00:00,34.644886500000005,34.23,0.4573127999997708,0.46285568363976815
2023-11-12 18:00:00,33.81646800000001,34.23,0.545283900000259,0.5386963352402561
2023-11-12 19:00:00,33.0380295,34.23,0.37858379999992026,0.3654006062699231
2023-11-12 20:00:00,31.96221000000001,34.23,0.3423,0.3196221000000001
2023-11-12 21:00:00,30.778933500000004,28.47,0.2613545999999047,0.282550609529897
2023-11-12 22:00:00,29.880543000000003,28.47,0.39288599999977214,0.4123514933997609
2023-11-12 23:00:00,28.366149000000004,28.47,0.21267090000034386,0.21189513303034266
2023-11-13 00:00:00,28.770987000000005,29.68,0.24782799999974084,0.24023774144974883
2023-11-13 01:00:00,28.216209000000006,29.68,0.24396960000003454,0.2319372379800329
2023-11-13 02:00:00,28.238700000000005,29.68,0.40364800000017276,0.3840463200001644
2023-11-13 03:00:00,28.269937500000005,29.68,0.24812479999980133,0.2363366774998108
2023-11-13 04:00:00,28.522336500000005,29.68,0.2691975999997754,0.2586975920547842
2023-11-13 05:00:00,29.020887000000005,29.68,0.26415200000036715,0.25828589430035903
2023-11-13 06:00:00,32.924325,29.68,0.38880799999984883,0.4313086574998324
2023-11-13 07:00:00,35.122195500000004,36.4,0.16926000000005295,0.16331820907505112
2023-11-13 08:00:00,36.334210500000005,36.4,0.11647999999989406,0.11626947359989426
2023-11-13 09:00:00,33.992647500000004,36.4,0.09464000000007944,0.08838088350007421
2023-11-13 10:00:00,32.584461000000005,29.68,0.08458799999995682,0.0928657138499526
2023-11-13 11:00:00,32.738149500000006,29.68,0.13059200000015117,0.14404785780016677
2023-11-13 12:00:00,32.529483000000006,29.68,0.10833199999993522,0.11873261294992903
2023-11-13 13:00:00,31.53363150000001,29.68,0.3092655999998402,0.3285804402298303
2023-11-13 14:00:00,29.418228000000006,29.68,0.25851280000029797,0.2562327658802954
2023-11-13 15:00:00,28.277434500000005,29.68,0.260887199999702,0.2485586492547161
2023-11-13 16:00:00,27.511491000000007,29.68,0.27543039999996544,0.25530663647996804
2023-11-13 17:00:00,27.64768650000001,29.68,0.25376400000041033,0.2363877195753823
2023-11-13 18:00:00,28.080013500000007,29.68,0.4303599999996761,0.40716019574969364
2023-11-13 19:00:00,27.5227365,29.68,0.3241056000001641,0.3005482825801522
2023-11-13 20:00:00,26.731803000000006,29.68,0.2962063999998791,0.26678339393989114
2023-11-13 21:00:00,25.034982000000003,21.86,0.27325,0.312937275
2023-11-13 22:00:00,23.749246500000005,21.86,0.27084539999990775,0.2942531641348998
2023-11-13 23:00:00,18.630045,21.86,0.15520600000020676,0.1322733195001762
2023-11-14 00:00:00,18.6262965,21.86,0.16307559999982185,0.1389521718898482
2023-11-14 01:00:00,17.4992475,21.86,0.1744428000001495,0.13964399505011968
2023-11-14 02:00:00,17.366919499999998,21.86,0.2990448000000859,0.23757945876006822
2023-11-14 03:00:00,17.359005999999997,21.86,0.17531719999993,0.13921922811994442
2023-11-14 04:00:00,17.363528,21.86,0.20154920000010496,0.16009172816008338
2023-11-14 05:00:00,17.497998,21.86,0.3862661999999618,0.3091896246599694
2023-11-14 06:00:00,23.19072,21.86,0.1143277999998314,0.12128746559982113
2023-11-14 07:00:00,26.977954500000003,29.68,0.05372080000014685,0.048830097645133484
2023-11-14 08:00:00,27.635191500000005,29.68,0.02344719999991794,0.021831801284923597
2023-11-14 09:00:00,27.096657,29.68,0.0,0.0
2023-11-14 10:00:00,26.44191900000001,29.68,0.0,0.0
2023-11-14 11:00:00,26.466909,29.68,0.0,0.0
2023-11-14 12:00:00,26.746797000000004,29.68,0.008904000000194355,0.00802403910017515
2023-11-14 13:00:00,26.7505455,29.68,0.05134639999966312,0.04627844371469637
2023-11-14 14:00:00,27.490249500000004,29.68,0.19410720000013387,0.17978623173012406
2023-11-14 15:00:00,28.621047000000004,29.68,0.23239439999983588,0.22410279800984179
2023-11-14 16:00:00,28.713510000000003,29.68,0.31757599999991365,0.3072345569999165
2023-11-14 17:00:00,32.0634195,29.68,0.33835200000036714,0.3655229823003966
2023-11-14 18:00:00,32.3383095,29.68,0.4119583999997063,0.44885573585968
2023-11-14 19:00:00,31.982202000000004,29.68,0.2988776000004233,0.32206077414045614
2023-11-14 20:00:00,29.916778500000007,29.68,0.30718799999995683,0.30963865747495656
2023-11-14 21:00:00,28.581063000000004,29.68,0.3324159999996977,0.3201079055997089
2023-11-14 22:00:00,28.502344500000003,29.68,0.3235120000000432,0.3106755550500415
2023-11-14 23:00:00,28.051275000000004,29.68,0.22853600000012958,0.2159948175001225
2023-11-15 00:00:00,27.50149500000001,29.68,0.2226,0.20626121250000007
2023-11-15 01:00:00,26.916729000000007,29.68,0.3686256000000562,0.33430577418005103
2023-11-15 02:00:00,26.47690500000001,29.68,0.24426640000009503,0.21790492815008486
2023-11-15 03:00:00,26.200765500000003,29.68,0.23684639999966312,0.20908210868970262
2023-11-15 04:00:00,26.670577500000004,29.68,0.32677680000016845,0.2936430582751514
2023-11-15 05:00:00,27.648936000000003,29.68,0.3650639999998705,0.3400819127998793
2023-11-15 06:00:00,30.247896,29.68,0.14424480000023324,0.1470047745602377
2023-11-15 07:00:00,32.7606405,29.68,0.24693760000009934,0.27256852896010964
2023-11-15 08:00:00,33.435370500000005,36.4,0.250431999999375,0.2300353490394259
2023-11-15 09:00:00,32.523235500000006,29.68,0.12881120000032825,0.14115084207035972
2023-11-15 10:00:00,31.459911000000005,29.68,0.04333279999965016,0.04593147005962919
2023-11-15 11:00:00,29.843058000000006,29.68,0.00593600000012957,0.0059686116001302835
2023-11-15 12:00:00,29.533182000000004,29.68,0.24129840000003022,0.2401047696600301
2023-11-15 13:00:00,29.999245500000004,29.68,0.23803359999990498,0.24059394890990402
2023-11-15 14:00:00,30.6464865,29.68,0.39474399999997845,0.4075982704499777
2023-11-15 15:00:00,32.5132395,29.68,0.3487400000003239,0.3820305641253548
2023-11-15 16:00:00,32.731902000000005,29.68,0.4104743999999439,0.45268220465993814
2023-11-15 17:00:00,33.341658,36.4,0.32286800000022775,0.29574050646020866
2023-11-15 18:00:00,33.599055,36.4,0.3177719999998517,0.2933197501498631
2023-11-15 19:00:00,32.496996,29.68,0.46122720000002587,0.5050033178400284
2023-11-15 20:00:00,31.125045000000007,29.68,0.2502023999996847,0.2623841293496694
2023-11-15 21:00:00,29.550675000000005,29.68,0.37693600000012956,0.37529357250012907
2023-11-15 22:00:00,28.820967000000007,29.68,0.23447200000025914,0.2276856393002517
2023-11-15 23:00:00,27.8900895,29.68,0.23536239999990066,0.22116840973490665
2023-11-16 00:00:00,28.046277000000003,29.68,0.24100159999996976,0.2277357692399715
2023-11-16 01:00:00,27.770137500000004,29.68,0.38791759999966746,0.3629556971246889
2023-11-16 02:00:00,26.754294000000005,29.68,0.22764560000048803,0.20520543498044
2023-11-16 03:00:00,26.62184700000001,29.68,0.2202255999995163,0.19753410473956617
2023-11-16 04:00:00,27.50149500000001,29.68,0.24307920000039304,0.22523724405036427
2023-11-16 05:00:00,28.242448500000005,29.68,0.5265231999998315,0.5010210363898399
2023-11-16 06:00:00,29.87054700000001,29.68,0.7509040000001943,0.7557248391001958
2023-11-16 07:00:00,33.224205000000005,36.4,0.7301839999997829,0.6664775522998019
2023-11-16 08:00:00,33.61030050000001,36.4,0.3752840000003125,0.3465221981552887
2023-11-16 09:00:00,33.435370500000005,36.4,0.34543599999952856,0.31730166604456705
2023-11-16 10:00:00,32.374545000000005,29.68,0.34428799999995685,0.375544721999953
2023-11-16 11:00:00,31.939719000000004,29.68,0.2255680000000648,0.24274186440006976
2023-11-16 12:00:00,32.6906685,29.68,0.31164000000032394,0.3432520192503568
2023-11-16 13:00:00,33.81646800000001,36.4,0.24751999999944382,0.22995198239948333
2023-11-16 14:00:00,35.713209,36.4,0.27591200000059324,0.27070612422058205
2023-11-16 15:00:00,37.17262500000001,36.4,0.30066399999967686,0.30704588249967013
2023-11-16 16:00:00,37.140138,36.4,0.5427239999999948,0.5537594575799946
2023-11-16 17:00:00,40.1576805,36.4,0.3428880000003337,0.37828535031036814
2023-11-16 18:00:00,35.143437,36.4,0.3778319999995074,0.36478887605952437
2023-11-16 19:00:00,33.015538500000005,29.68,0.5238520000003671,0.5827242545254084
2023-11-16 20:00:00,32.509491000000004,29.68,0.28136639999955515,0.30818997467951276
2023-11-16 21:00:00,31.737300000000005,29.68,0.28017920000039304,0.2996001120004203
2023-11-16 22:00:00,31.137540000000005,29.68,0.2315039999996545,0.24287281199963753
2023-11-16 23:00:00,29.9692575,29.68,0.37040640000041897,0.374016333600423
2023-11-17 00:00:00,30.612750000000005,29.68,0.2730560000000216,0.28163730000002235
2023-11-17 01:00:00,29.86305,29.68,0.20924399999997842,0.21053450249997827
2023-11-17 02:00:00,29.319517500000007,29.68,0.2359560000000216,0.2330901641250214
2023-11-17 03:00:00,28.958412000000006,29.68,0.18817120000000434,0.18359633208000425
2023-11-17 04:00:00,29.325765000000008,29.68,0.6458367999998446,0.6381286463998466
2023-11-17 05:00:00,30.26289,29.68,0.4036479999996329,0.41157530399962566
2023-11-17 06:00:00,32.2808325,29.68,0.5401760000004535,0.5875111515004933
2023-11-17 07:00:00,33.7402485,36.4,0.1292199999998411,0.11977788217485272
2023-11-17 08:00:00,35.100954,36.4,0.08990799999977753,0.08669935637978547
2023-11-17 09:00:00,34.205062500000004,36.4,0.07207200000011653,0.06772602375010951
2023-11-17 10:00:00,33.3504045,36.4,0.08371999999984109,0.07670593034985441
2023-11-17 11:00:00,33.009291000000005,29.68,0.11278400000030234,0.12543530580033627
2023-11-17 12:00:00,32.299575,29.68,0.1305919999996113,0.142118129999577
2023-11-17 13:00:00,31.362450000000003,29.68,0.3009552000003066,0.3180152430003241
2023-11-17 14:00:00,32.8506045,29.68,0.22289680000006049,0.24670803979506695
2023-11-17 15:00:00,33.61030050000001,36.4,0.36764000000007946,0.33946403505007344
2023-11-17 16:00:00,34.567417500000005,36.4,0.30867199999998407,0.293131700399985
2023-11-17 17:00:00,35.650734,36.4,0.7705880000000689,0.7547260387800674
2023-11-17 18:00:00,36.060570000000006,36.4,0.32213999999941734,0.31913604449942284
2023-11-17 19:00:00,34.986000000000004,36.4,0.3476199999999735,0.3341162999999746
2023-11-17 20:00:00,33.4128795,36.4,0.358904000000286,0.3294509918702626
2023-11-17 21:00:00,32.4032835,29.68,0.4270952000000907,0.46628324956509903
2023-11-17 22:00:00,32.129643,29.68,0.2968,0.32129643
2023-11-17 23:00:00,31.347456,29.68,0.2252712000000043,0.2379271910400046
2023-11-18 00:00:00,31.18252200000001,28.47,0.22946820000014087,0.2513311273201544
2023-11-18 01:00:00,29.535681000000004,28.47,0.20327579999998344,0.21088476233998282
2023-11-18 02:00:00,28.689769500000008,28.47,0.390323699999768,0.39333673984476636
2023-11-18 03:00:00,28.10875200000001,28.47,0.23914800000004144,0.236113516800041
2023-11-18 04:00:00,27.673926000000005,28.47,0.22149660000007043,0.2153031442800685
2023-11-18 05:00:00,27.673926000000005,28.47,0.302351399999971,0.2938970941199719
2023-11-18 06:00:00,28.13749050000001,28.47,0.3143087999998177,0.31063789511981993
2023-11-18 07:00:00,28.873446000000005,28.47,0.15402270000030657,0.15620534286031096
2023-11-18 08:00:00,29.8892895,28.47,0.1537379999997307,0.1614021632997173
2023-11-18 09:00:00,29.533182000000004,28.47,0.27188849999997927,0.28204188809997854
2023-11-18 10:00:00,29.373246000000005,28.47,0.1893255000002486,0.1953320859002565
2023-11-18 11:00:00,29.263290000000005,28.47,0.46776210000000823,0.4807958547000086
2023-11-18 12:00:00,29.200815,28.47,0.3407859000000331,0.34953375555003396
2023-11-18 13:00:00,29.23580100000001,28.47,0.18790199999995857,0.19295628659995753
2023-11-18 14:00:00,29.495697000000003,28.47,0.2192190000001243,0.2271168669001288
2023-11-18 15:00:00,29.564419500000007,28.47,0.2548064999996064,0.26460155452459133
2023-11-18 16:00:00,29.360751000000004,28.47,0.3111771000002154,0.32091300843022225
2023-11-18 17:00:00,30.496546500000004,28.47,0.372102899999681,0.3985898627546583
2023-11-18 18:00:00,30.780183000000005,28.47,0.2439879000005096,0.26378616831055096
2023-11-18 19:00:00,28.768488000000005,28.47,0.25139009999994616,0.2540257490399456
2023-11-18 20:00:00,27.751395,28.47,0.2733119999997514,0.26641339199975766
2023-11-18 21:00:00,27.111651000000005,28.47,0.4000035000001864,0.3809186965501776
2023-11-18 22:00:00,26.584362,28.47,0.22946819999962298,0.21426995771964794
2023-11-18 23:00:00,24.628894500000005,28.47,0.23658570000003729,0.20466611329503231
2023-11-19 00:00:00,19.7583435,20.07,0.1418949000000672,0.13969148854506613
2023-11-19 01:00:00,18.0765165,20.07,0.2595050999999328,0.23372935834493952
2023-11-19 02:00:00,17.880345000000002,20.07,0.16256700000026286,0.1448307945002342
2023-11-19 03:00:00,17.384293500000002,20.07,0.1601585999997722,0.1387266621298027
2023-11-19 04:00:00,17.3767965,20.07,0.15754949999997078,0.13640785252497473
2023-11-19 05:00:00,17.379295499999998,20.07,0.29302200000018985,0.25373771430016434
2023-11-19 06:00:00,17.659183499999997,20.07,0.1553417999998861,0.13668208028989978
2023-11-19 07:00:00,18.0665205,20.07,0.10376189999996495,0.09340391098496845
2023-11-19 08:00:00,19.1785755,20.07,0.19508039999995036,0.18641575385995257
2023-11-19 09:00:00,19.719609,20.07,0.31349339999997955,0.3080202925799799
2023-11-19 10:00:00,18.9411705,20.07,0.11941650000023366,0.11269996447522049
2023-11-19 11:00:00,18.949917,20.07,0.018063000000029205,0.017054925300027574
2023-11-19 12:00:00,18.8262165,20.07,0.0682380000000292,0.0640091361000274
2023-11-19 13:00:00,17.493,20.07,0.03833369999977804,0.033411629999806534
2023-11-19 14:00:00,19.3110225,20.07,0.13426829999997372,0.12919074052497473
2023-11-19 15:00:00,25.778434500000003,28.47,0.2192190000001243,0.19849394565011255
2023-11-19 16:00:00,27.486501000000008,28.47,0.4392920999999047,0.4241167104299081
2023-11-19 17:00:00,29.240799000000003,28.47,0.4210713000003356,0.43247141721034466
2023-11-19 18:00:00,30.4315725,28.47,0.2878316999996023,0.30766319797457486
2023-11-19 19:00:00,30.340359,28.47,0.5042037000001822,0.5373277578901943
2023-11-19 20:00:00,28.444867500000004,28.47,0.30491369999997514,0.30464453092497523
2023-11-19 21:00:00,27.911331000000004,28.47,0.2590769999999586,0.25399311209995945
2023-11-19 22:00:00,28.369897500000004,28.47,0.2619240000000207,0.2610030570000207
2023-11-19 23:00:00,27.370297500000003,28.47,0.3493269000002196,0.3358335503252111
2023-11-20 00:00:00,25.902135000000005,29.68,0.21547679999962857,0.1880495000996759
2023-11-20 01:00:00,25.199916000000005,21.86,0.1814379999999841,0.2091593027999817
2023-11-20 02:00:00,24.853804500000003,21.86,0.16438720000008908,0.1869006098401013
2023-11-20 03:00:00,24.868798500000004,21.86,0.3158769999999364,0.3593541383249277
2023-11-20 04:00:00,25.459812000000007,21.86,0.1967400000003181,0.22913830800037055
2023-11-20 05:00:00,27.417778500000008,29.68,0.5149479999996329,0.475698456974661
2023-11-20 06:00:00,30.2066625,29.68,0.18401600000023755,0.18728130750024174
2023-11-20 07:00:00,33.372895500000006,36.4,0.1729000000001324,0.15852125362512146
2023-11-20 08:00:00,33.1954665,36.4,0.14523599999979342,0.1324499113348116
2023-11-20 09:00:00,32.167128,29.68,0.20063679999984452,0.21744978527983147
2023-11-20 10:00:00,31.384941,29.68,0.252280000000108,0.2667719985001142
2023-11-20 11:00:00,30.612750000000005,29.68,0.08607200000025915,0.08877697500026731
2023-11-20 12:00:00,30.237900000000007,29.68,0.23001999999989203,0.23434372499989006
2023-11-20 13:00:00,31.60610250000001,29.68,0.15285199999982724,0.16277142787481608
2023-11-20 14:00:00,32.40578250000001,29.68,0.20330799999984883,0.221979610124835
2023-11-20 15:00:00,33.45536250000001,36.4,0.30648800000020127,0.28169415225018507
2023-11-20 16:00:00,34.852303500000005,36.4,0.5529160000000848,0.5294064901650812
2023-11-20 17:00:00,35.7357,36.4,0.3523519999996133,0.3459215759996204
2023-11-20 18:00:00,34.858551000000006,36.4,0.3530800000004238,0.33812794470040586
2023-11-20 19:00:00,33.6202965,36.4,0.31340399999962393,0.2894707528646527
2023-11-20 20:00:00,32.36704800000001,29.68,0.47339600000034554,0.516254415600377
2023-11-20 21:00:00,30.738949500000004,29.68,0.23922080000014684,0.24775593297015214
2023-11-20 22:00:00,30.868897500000003,29.68,0.2407047999999093,0.2503467587249057
2023-11-20 23:00:00,29.570667000000004,29.68,0.22052239999957673,0.21971005580957834
2023-11-21 00:00:00,30.2066625,29.68,0.3843560000000216,0.391176279375022
2023-11-21 01:00:00,29.63814,29.68,0.236846400000203,0.23651235720020272
2023-11-21 02:00:00,29.37824400000001,29.68,0.22081920000017707,0.21857413536017536
2023-11-21 03:00:00,28.759741500000004,29.68,0.23358160000007774,0.22633916560507536
2023-11-21 04:00:00,29.368248000000005,29.68,0.313420799999607,0.3101286988796112
2023-11-21 05:00:00,30.001744500000004,29.68,0.3858400000003239,0.3900226785003275
2023-11-21 06:00:00,32.380792500000005,29.68,0.18253199999993525,0.19914187387492935
2023-11-21 07:00:00,34.371246000000006,36.4,0.6479199999995763,0.6118081787995999
2023-11-21 08:00:00,35.1846705,36.4,0.1583400000004767,0.15305331667546082
2023-11-21 09:00:00,34.5099405,36.4,0.11429600000011123,0.10836121317010547
2023-11-21 10:00:00,34.23630000000001,36.4,0.11647999999989406,0.10955615999990037
2023-11-21 11:00:00,34.223805000000006,36.4,0.07498400000004767,0.07050103830004484
2023-11-21 12:00:00,34.8348105,36.4,0.22203999999954976,0.21249234404956915
2023-11-21 13:00:00,34.833561,36.4,0.0982800000001589,0.09405061470015208
2023-11-21 14:00:00,34.65738150000001,36.4,0.7309119999999311,0.6959202205199345
2023-11-21 15:00:00,34.903533,36.4,0.9773399999998147,0.9371598610498224
2023-11-21 16:00:00,35.350854000000005,36.4,0.9616880000005985,0.9339695626805815
2023-11-21 17:00:00,35.7319515,36.4,0.5350799999997616,0.5252596870497661
2023-11-21 18:00:00,35.12094600000001,36.4,0.47247200000024897,0.45586987908024035
2023-11-21 19:00:00,33.90518250000001,36.4,0.3610879999994067,0.33633941039944754
2023-11-21 20:00:00,32.96056050000001,29.68,0.4689439999999784,0.5207768558999761
2023-11-21 21:00:00,31.177524,29.68,0.24990560000016412,0.2625147520801724
2023-11-21 22:00:00,31.226254500000003,29.68,0.2318008000002548,0.24387704764526813
2023-11-21 23:00:00,29.618148000000005,29.68,0.23654959999960265,0.23605663955960354
2023-11-22 00:00:00,29.613150000000005,29.68,0.43926400000041027,0.43827462000040945
2023-11-22 01:00:00,29.23954950000001,29.68,0.1952943999998359,0.19239623570983838
2023-11-22 02:00:00,29.23954950000001,29.68,0.21161839999992224,0.20847798793492348
2023-11-22 03:00:00,28.863450000000007,29.68,0.2312072000001339,0.22484627550013028
2023-11-22 04:00:00,28.9246755,29.68,0.3843560000000216,0.374574547725021
2023-11-22 05:00:00,29.222056500000004,29.68,0.4541039999996545,0.44709746444965986
2023-11-22 06:00:00,32.383291500000006,29.68,0.2166640000004103,0.23639802795044773
2023-11-22 07:00:00,34.95226350000001,36.4,0.014559999999655703,0.013980905399669398
2023-11-22 08:00:00,36.315468,36.4,0.0,0.0
2023-11-22 09:00:00,33.777733500000004,36.4,0.0,0.0
2023-11-22 10:00:00,31.7410485,29.68,0.002968000000064785,0.003174104850069284
2023-11-22 11:00:00,30.316618500000004,29.68,0.0,0.0
2023-11-22 12:00:00,29.324515500000004,29.68,0.0,0.0
2023-11-22 13:00:00,30.167928,29.68,0.09497599999991362,0.0965373695999122
2023-11-22 14:00:00,31.861000500000003,29.68,0.2513895999999266,0.2698626742349212
2023-11-22 15:00:00,32.342058,29.68,0.26148080000036283,0.28493353098039537
2023-11-22 16:00:00,33.2367,36.4,0.7778679999995656,0.7102682789996034
2023-11-22 17:00:00,33.973905,36.4,0.30758000000042374,0.2870794972503955
2023-11-22 18:00:00,33.5978055,36.4,0.31121999999984107,0.28726123702485334
2023-11-22 19:00:00,32.207112,29.68,0.40394480000023325,0.43833879432025313
2023-11-22 20:00:00,30.540279000000005,29.68,0.31460799999984884,0.32372695739984453
2023-11-22 21:00:00,28.572316500000007,29.68,0.2994712000000043,0.2882946734850042
2023-11-22 22:00:00,28.639789500000006,29.68,0.3902920000001512,0.37661323192514595
2023-11-22 23:00:00,26.713060500000005,29.68,0.24515679999973652,0.2206498797297629
2023-11-23 00:00:00,25.4860515,21.86,0.15761059999990137,0.18375443131488503
2023-11-23 01:00:00,23.121997500000003,21.86,0.1722568000001018,0.18220134030010768
2023-11-23 02:00:00,22.505994000000005,21.86,0.2754360000000477,0.2835755244000492
2023-11-23 03:00:00,21.1327935,21.86,0.17553579999997457,0.1696963318049754
2023-11-23 04:00:00,19.889541,21.86,0.21313500000007954,0.1939230247500724
2023-11-23 05:00:00,21.436422,21.86,0.355662200000089,0.34877058594008736
2023-11-23 06:00:00,27.441519000000007,29.68,0.14602559999951628,0.1350122734795528
2023-11-23 07:00:00,31.607352,29.68,0.09735040000039735,0.10367211456042315
2023-11-23 08:00:00,32.3458065,29.68,0.021072799999974086,0.02296552261497176
2023-11-23 09:00:00,28.613550000000004,29.68,0.0,0.0
2023-11-23 10:00:00,27.726405000000007,29.68,0.032351200000112296,0.03022178145010491
2023-11-23 11:00:00,26.590609500000003,29.68,0.038583999999762454,0.034567792349787185
2023-11-23 12:00:00,25.673476500000007,21.86,0.038036400000194044,0.04467184911022791
2023-11-23 13:00:00,26.105803500000004,29.68,0.4226431999997236,0.3717466418397569
2023-11-23 14:00:00,26.110801500000004,29.68,0.7307215999998619,0.6428479329298786
2023-11-23 15:00:00,26.554374000000003,29.68,0.7449680000000648,0.666514787400058
2023-11-23 16:00:00,26.563120500000004,29.68,0.4701312000002203,0.42075982872019724
2023-11-23 17:00:00,27.064170000000004,29.68,0.2941287999999957,0.2682059246999961
2023-11-23 18:00:00,26.5781145,29.68,0.29976800000006476,0.268438956450058
2023-11-23 19:00:00,26.1932685,29.68,0.45707199999971926,0.4033763348997523
2023-11-23 20:00:00,23.728005000000003,21.86,0.24701800000022267,0.26812645650024175
2023-11-23 21:00:00,20.889141,21.86,0.21750699999977735,0.20784695294978722
2023-11-23 22:00:00,19.737102,21.86,0.18318679999994275,0.1653969147599483
2023-11-23 23:00:00,18.59256,21.86,0.3031982000001368,0.2578788072001163
2023-11-24 00:00:00,17.552975999999997,21.86,0.1737870000000159,0.13954615920001276
2023-11-24 01:00:00,17.380544999999998,21.86,0.1661360000000477,0.13209214200003794
2023-11-24 02:00:00,17.383044,21.86,0.16132679999986324,0.12828686471989126
2023-11-24 03:00:00,17.410533,21.86,0.29030079999989505,0.2312118782399164
2023-11-24 04:00:00,17.561722500000002,21.86,0.240241400000035,0.19300333027502814
2023-11-24 05:00:00,21.3177195,21.86,0.22297200000009543,0.21744073890009305
2023-11-24 06:00:00,26.180773500000004,29.68,0.30006480000012525,0.26468762008511054
2023-11-24 07:00:00,29.148336000000004,29.68,0.43332799999974086,0.42556570559974555
2023-11-24 08:00:00,31.447416000000004,29.68,0.5754952000000907,0.6097653962400962
2023-11-24 09:00:00,29.112100500000004,29.68,0.26148080000036283,0.2564776054053559
2023-11-24 10:00:00,28.232452500000004,29.68,0.2401111999997884,0.22840054072479873
2023-11-24 11:00:00,27.291579,29.68,0.12584319999972357,0.11571629495974582
2023-11-24 12:00:00,26.90548350000001,29.68,0.3312287999999957,0.30026519585999617
2023-11-24 13:00:00,26.295727500000005,29.68,0.19737200000025915,0.17486658787522963
2023-11-24 14:00:00,26.786781000000005,29.68,0.37574879999988775,0.3391206474598987
2023-11-24 15:00:00,27.03543150000001,29.68,0.24664080000003885,0.22466443576503548
2023-11-24 16:00:00,28.018788000000004,29.68,0.2386272000000259,0.2252710555200245
2023-11-24 17:00:00,28.734751500000005,29.68,0.2537639999998704,0.24568212532487463
2023-11-24 18:00:00,28.644787500000003,29.68,0.5906319999999352,0.5700312712499376
2023-11-24 19:00:00,28.14248850000001,29.68,0.3015488000004276,0.2859276831604055
2023-11-24 20:00:00,27.551475000000007,29.68,0.2742431999997236,0.2545756289997435
2023-11-24 21:00:00,26.706813000000004,29.68,0.24248560000027208,0.2181946622102449
2023-11-24 22:00:00,27.059172000000004,29.68,0.4072095999998186,0.3712518398398347
2023-11-24 23:00:00,26.469408000000005,29.68,0.22586480000012527,0.20143219488011174
2023-11-25 00:00:00,27.122896500000003,28.47,0.21551789999988813,0.20532032650489346
2023-11-25 01:00:00,26.6180985,28.47,0.22121190000001242,0.2068226253450116
2023-11-25 02:00:00,26.3731965,28.47,0.23316929999985914,0.21599647933486948
2023-11-25 03:00:00,26.3157195,28.47,0.3279744000000124,0.3031570886400115
2023-11-25 04:00:00,26.113300500000005,28.47,0.18220799999983428,0.16712512319984804
2023-11-25 05:00:00,26.638090500000004,28.47,0.22348950000047643,0.2091090104254458
2023-11-25 06:00:00,27.340309500000007,28.47,0.47715719999985085,0.4582235872198569
2023-11-25 07:00:00,28.248696,28.47,0.22861409999996685,0.2268370288799671
2023-11-25 08:00:00,29.149585500000004,28.47,0.071175,0.07287396375
2023-11-25 09:00:00,28.830963,28.47,0.34306349999997926,0.34741310414997906
2023-11-25 10:00:00,28.509841500000004,28.47,0.34591050000004137,0.3463945742250415
2023-11-25 11:00:00,28.246197,28.47,0.13380899999981355,0.13275712589981503
2023-11-25 12:00:00,27.966309000000003,28.47,0.6764472000000579,0.6644795018400571
2023-11-25 13:00:00,27.7476465,28.47,0.4427085000000828,0.43147590307508077
2023-11-25 14:00:00,28.624795500000005,28.47,0.16370250000020714,0.1645925741252083
2023-11-25 15:00:00,29.320767,28.47,0.2775824999995857,0.2858774782495733
2023-11-25 16:00:00,31.726054500000004,34.23,0.47340089999993523,0.43877133373494004
2023-11-25 17:00:00,32.874345000000005,34.23,0.23002560000016434,0.2209155984001579
2023-11-25 18:00:00,33.249195,34.23,0.8126201999999302,0.7893358892999323
2023-11-25 19:00:00,33.26169,34.23,0.9416673000000697,0.9150290919000678
2023-11-25 20:00:00,32.5032435,34.23,1.1453357999998455,1.0875585275098536
2023-11-25 21:00:00,31.71605850000001,34.23,1.0121811000001144,0.9378438498451064
2023-11-25 22:00:00,31.774785000000005,34.23,0.8834763000000447,0.8201072008500419
2023-11-25 23:00:00,30.237900000000007,28.47,0.78434850000029,0.8330541450003083
2023-11-26 00:00:00,31.249995,28.47,0.7402199999995857,0.8124998699995452
2023-11-26 01:00:00,30.58401150000001,28.47,0.2573688000001284,0.27647946396013806
2023-11-26 02:00:00,30.196666500000003,28.47,0.19359600000008287,0.20533733220008793
2023-11-26 03:00:00,29.876794500000003,28.47,0.23060699999985498,0.24200203544984786
2023-11-26 04:00:00,29.513190000000005,28.47,0.40712100000008283,0.42203861700008594
2023-11-26 05:00:00,29.58816000000001,28.47,0.3604301999998923,0.3745861055998882
2023-11-26 06:00:00,29.84180850000001,28.47,0.16911180000027343,0.1772603424902867
2023-11-26 07:00:00,30.494047500000004,28.47,0.20412990000015743,0.21864232057516866
2023-11-26 08:00:00,31.448665500000004,34.23,0.31149299999995017,0.2861828560499543
2023-11-26 09:00:00,32.024685000000005,34.23,0.044498999999726035,0.041632090499743694
2023-11-26 10:00:00,31.77353550000001,34.23,0.06811770000017932,0.06322933564516647
2023-11-26 11:00:00,31.699815000000005,34.23,0.2841089999999751,0.263108464499977
2023-11-26 12:00:00,31.53363150000001,34.23,0.06537929999962143,0.06022923616465128
2023-11-26 13:00:00,31.11504900000001,28.47,0.15772380000002487,0.1723773714600272
2023-11-26 14:00:00,31.74979500000001,34.23,0.31970820000037853,0.29654308530035123
2023-11-26 15:00:00,32.769387,34.23,0.5466530999999153,0.523327110389919
2023-11-26 16:00:00,34.1300925,34.23,0.6876807000000049,0.6856735583250051
2023-11-26 17:00:00,35.337109500000004,34.23,0.4573127999997708,0.47210378291976346
2023-11-26 18:00:00,36.0693165,34.23,0.545283900000259,0.574584211845273
2023-11-26 19:00:00,35.33336100000001,34.23,0.37858379999992026,0.39078697265991785
2023-11-26 20:00:00,34.350004500000004,34.23,0.3426423000000697,0.34384354504507003
2023-11-26 21:00:00,32.663179500000005,34.23,0.3138890999998157,0.29952135601482416
2023-11-26 22:00:00,32.235850500000005,34.23,0.4723740000003486,0.4448547369003284
2023-11-26 23:00:00,30.167928,28.47,0.212670899999826,0.2253544221598156
2023-11-27 00:00:00,29.770587000000003,29.68,0.24782799999974084,0.2485844014497401
2023-11-27 01:00:00,29.124595500000005,29.68,0.24426640000009503,0.2396954209650933
2023-11-27 02:00:00,28.60105500000001,29.68,0.40364800000017276,0.3889743480001666
2023-11-27 03:00:00,28.466109000000007,29.68,0.24782799999974084,0.23769201014975153
2023-11-27 04:00:00,28.3524045,29.68,0.2694944000003758,0.25743983286035893
2023-11-27 05:00:00,29.124595500000005,29.68,0.26385519999976675,0.2589176539947712
2023-11-27 06:00:00,32.6131995,29.68,0.38880799999984883,0.4272329134498339
2023-11-27 07:00:00,34.72610400000001,36.4,0.16926000000005295,0.16147638360005057
2023-11-27 08:00:00,35.484550500000005,36.4,0.11684399999996822,0.11390540710496903
2023-11-27 09:00:00,34.7873295,36.4,0.0942760000000053,0.09009918340500506
2023-11-27 10:00:00,34.61115,36.4,0.10373999999994704,0.09864177749994964
2023-11-27 11:00:00,34.478703,36.4,0.1601600000001854,0.15170629320017562
2023-11-27 12:00:00,34.1076015,36.4,0.13285999999992054,0.12449274547492556
2023-11-27 13:00:00,33.945166500000006,36.4,0.3796519999998782,0.35404808659488646
2023-11-27 14:00:00,33.61155,36.4,0.3170440000003655,0.2927566005003375
2023-11-27 15:00:00,32.5132395,29.68,0.260887199999702,0.2857913752046735
2023-11-27 16:00:00,31.844757000000005,29.68,0.27543040000050534,0.2955193449605422
2023-11-27 17:00:00,32.9280735,29.68,0.2537639999998704,0.2815350284248563
2023-11-27 18:00:00,32.764389,29.68,0.4303599999996761,0.4750836404996424
2023-11-27 19:00:00,32.002194,29.68,0.32380880000010365,0.3491439365401118
2023-11-27 20:00:00,29.939269500000005,29.68,0.2962063999998791,0.29879390960987806
2023-11-27 21:00:00,29.170827000000003,29.68,0.371,0.36463533750000005
2023-11-27 22:00:00,29.263290000000005,29.68,0.36773520000041465,0.3625721631004089
2023-11-27 23:00:00,27.996297,29.68,0.21072799999974087,0.19877370869975555
2023-11-28 00:00:00,27.081663,29.68,0.22170959999981862,0.20230002260983448
2023-11-28 01:00:00,26.175775500000004,29.68,0.23654960000014252,0.20862093073512572
2023-11-28 02:00:00,25.7984265,29.68,0.40631920000017707,0.3531804587851539
2023-11-28 03:00:00,25.427325000000003,21.86,0.1750985999998855,0.2036728732498668
2023-11-28 04:00:00,25.900885500000005,29.68,0.27364960000014255,0.2388061643101244
2023-11-28 05:00:00,27.371547000000003,29.68,0.5244455999999482,0.48365523548995226
2023-11-28 06:00:00,28.53108300000001,29.68,0.1552263999997711,0.14921756408978
2023-11-28 07:00:00,31.914729,29.68,0.05372080000014685,0.057765659490157904
2023-11-28 08:00:00,33.24044850000001,36.4,0.028755999999899362,0.026259954314908098
2023-11-28 09:00:00,34.621146,36.4,0.0,0.0
2023-11-28 10:00:00,34.773585000000004,36.4,0.0,0.0
2023-11-28 11:00:00,34.67362500000001,36.4,0.0,0.0
2023-11-28 12:00:00,34.31127,36.4,0.010920000000238359,0.010293381000224682
2023-11-28 13:00:00,34.576164000000006,36.4,0.063335999999661,0.060162525359678
2023-11-28 14:00:00,35.36584800000001,36.4,0.23769200000009005,0.23093898744008756
2023-11-28 15:00:00,36.11055,36.4,0.28501200000046084,0.28274560650045716
2023-11-28 16:00:00,37.86109950000001,36.4,0.38984399999996816,0.4054923756449671
2023-11-28 17:00:00,41.10605099999999,36.4,0.41495999999978816,0.4686089813997606
2023-11-28 18:00:00,39.4842,36.4,0.5048680000002278,0.5476458540002471
2023-11-28 19:00:00,37.38504000000001,36.4,0.366547999999857,0.3764673527998532
2023-11-28 20:00:00,34.75109400000001,36.4,0.376739999999947,0.35967382289994954
2023-11-28 21:00:00,33.0430275,36.4,0.40804399999970337,0.37041233827473075
2023-11-28 22:00:00,31.967208000000007,29.68,0.3235120000000432,0.34844256720004657
2023-11-28 23:00:00,31.0388295,29.68,0.22823920000006911,0.23868859885507226
2023-11-29 00:00:00,29.666878500000003,29.68,0.22289680000006049,0.22279825753506047
2023-11-29 01:00:00,29.259541500000008,29.68,0.3686256000000562,0.36340350543005545
2023-11-29 02:00:00,28.867198500000004,29.68,0.24426640000009503,0.23757704365509244
2023-11-29 03:00:00,28.098756000000005,29.68,0.23684639999966312,0.22422807287968113
2023-11-29 04:00:00,27.977554500000004,29.68,0.32648000000010796,0.3077530995001018
2023-11-29 05:00:00,29.325765000000008,29.68,0.36536079999993093,0.3610001671499318
2023-11-29 06:00:00,30.217908000000005,29.68,0.14424480000023324,0.1468590328802375
2023-11-29 07:00:00,33.935170500000005,36.4,0.30284800000012185,0.2823406185601136
2023-11-29 08:00:00,36.0268335,36.4,0.25006799999996293,0.24750434614496333
2023-11-29 09:00:00,35.1796725,36.4,0.1583399999998146,0.15303157537482084
2023-11-29 10:00:00,34.076364000000005,36.4,0.05278000000015891,0.04941072780014877
2023-11-29 11:00:00,33.61155,36.4,0.007643999999570951,0.0070584254996038185
2023-11-29 12:00:00,33.372895500000006,36.4,0.29593200000003705,0.27132164041503404
2023-11-29 13:00:00,33.883941,36.4,0.29156400000047145,0.27141036741043884
2023-11-29 14:00:00,35.65448250000001,36.4,0.4844840000000477,0.4745611620750468
2023-11-29 15:00:00,38.35965,36.4,0.427335999999661,0.4503422909996428
2023-11-29 16:00:00,42.35804999999999,36.4,0.5034119999999311,0.5858118314999198
2023-11-29 17:00:00,48.60554999999999,36.4,0.32286800000022775,0.431131228500304
2023-11-29 18:00:00,48.60554999999999,36.4,0.3181359999999258,0.42481250699990086
2023-11-29 19:00:00,42.35804999999999,36.4,0.5656560000000317,0.6582440970000368
2023-11-29 20:00:00,37.485,36.4,0.30648800000020127,0.3156237000002073
2023-11-29 21:00:00,34.7373495,36.4,0.4622799999994968,0.4411643386495198
2023-11-29 22:00:00,33.424125000000004,36.4,0.2875600000003178,0.26405058750029187
2023-11-29 23:00:00,31.646086500000003,29.68,0.23565919999996113,0.2512699268099586
2023-11-30 00:00:00,30.461560500000008,29.68,0.24100159999996976,0.24734787125996904
2023-11-30 01:00:00,30.427824000000005,29.68,0.3879176000002073,0.39769165968021264
2023-11-30 02:00:00,30.137940000000004,29.68,0.22734879999988772,0.23085662039988603
2023-11-30 03:00:00,29.86305,29.68,0.22022560000005617,0.22158383100005652
2023-11-30 04:00:00,30.066718500000007,29.68,0.24337599999991363,0.24654709169991257
2023-11-30 05:00:00,30.65023500000001,29.68,0.5262263999997712,0.5434286665497637
2023-11-30 06:00:00,33.53782950000001,36.4,0.9209200000002383,0.8485070863502199
2023-11-30 07:00:00,38.3708955,36.4,0.7305479999998569,0.7701038726848494
2023-11-30 08:00:00,44.76583649999999,36.4,0.3749200000002384,0.4610881159502931
2023-11-30 09:00:00,46.9974435,36.4,0.3454360000001907,0.44600573881524624
2023-11-30 10:00:00,45.16942499999999,36.4,0.42223999999994705,0.5239653299999342
2023-11-30 11:00:00,45.27438299999999,36.4,0.2770039999994915,0.3445380546293675
2023-11-30 12:00:00,41.75953949999999,36.4,0.3818360000003231,0.43805756935537055
2023-11-30 13:00:00,41.08480949999999,36.4,0.24752000000010593,0.27937670460011954
2023-11-30 14:00:00,41.73329999999999,36.4,0.2762760000000053,0.316755747000006
2023-11-30 15:00:00,41.73329999999999,36.4,0.3002999999996027,0.3442997249995445
2023-11-30 16:00:00,45.60674999999999,36.4,0.5427239999999948,0.6799966424999933
2023-11-30 17:00:00,49.97999999999999,36.4,0.3428880000003337,0.47081160000045813
2023-11-30 18:00:00,48.52308299999999,36.4,0.37819599999958153,0.5041548323694421
2023-11-30 19:00:00,41.66957549999999,36.4,0.6424600000004501,0.7354680075755152
2023-11-30 20:00:00,36.60160350000001,36.4,0.34470800000004237,0.34661718514504275
2023-11-30 21:00:00,33.951414,36.4,0.34397999999989404,0.3208408622999012
2023-11-30 22:00:00,32.951814000000006,29.68,0.2312072000001339,0.2566946310601487
2023-11-30 23:00:00,31.586110500000007,29.68,0.37070319999993956,0.39451052014493576
2023-12-01 00:00:00,30.726454500000003,29.68,0.2727591999999611,0.2823761168549598
2023-12-01 01:00:00,30.1916685,29.68,0.20954080000003888,0.21315317961003952
2023-12-01 02:00:00,29.750595000000004,29.68,0.2359560000000216,0.23651723025002167
2023-12-01 03:00:00,29.348256,29.68,0.18787439999994388,0.18577446047994448
2023-12-01 04:00:00,29.3719965,29.68,0.6458367999998446,0.6391346438398462
2023-12-01 05:00:00,30.1516845,29.68,0.40394480000023325,0.41036442604523693
2023-12-01 06:00:00,32.365798500000004,29.68,0.5401759999999136,0.5890575326999059
2023-12-01 07:00:00,36.37419450000001,36.4,0.12885599999976693,0.12876464852976713
2023-12-01 08:00:00,42.79037699999999,36.4,0.08990800000043964,0.10569223119051682
2023-12-01 09:00:00,45.18566849999999,36.4,0.07207199999945442,0.08946762362932273
2023-12-01 10:00:00,44.27853149999999,36.4,0.08408399999991525,0.1022834077648969
2023-12-01 11:00:00,44.04737399999999,36.4,0.13832000000037079,0.16738002120044865
2023-12-01 12:00:00,41.99444549999999,36.4,0.15979600000011124,0.1843556157451283
2023-12-01 13:00:00,39.2580405,36.4,0.369095999999714,0.3980765306696915
2023-12-01 14:00:00,39.149334,36.4,0.2737280000001483,0.29440299168015954
2023-12-01 15:00:00,40.40883,36.4,0.36727600000000526,0.40772509470000595
2023-12-01 16:00:00,42.36429749999999,36.4,0.30867199999998407,0.35924924279998144
2023-12-01 17:00:00,46.19276549999999,36.4,0.7709520000001431,0.9783627732901813
2023-12-01 18:00:00,42.25309199999999,36.4,0.3221400000000794,0.3739398642000921
2023-12-01 19:00:00,38.429622,36.4,0.3476199999999735,0.36700289009997206
2023-12-01 20:00:00,35.1571815,36.4,0.3589039999996239,0.34664980958963676
2023-12-01 21:00:00,33.003043500000004,29.68,0.4267984000000303,0.4745837655300337
2023-12-01 22:00:00,32.162130000000005,29.68,0.2968,0.32162130000000005
2023-12-01 23:00:00,30.878893500000004,29.68,0.2252712000000043,0.2343708016650045
2023-12-02 00:00:00,30.515289000000006,28.47,0.22975290000019885,0.24625838223021318
2023-12-02 01:00:00,30.199165500000007,28.47,0.20299109999992543,0.21532005001492097
2023-12-02 02:00:00,30.019237500000003,28.47,0.390323699999768,0.4115637461247554
2023-12-02 03:00:00,29.724355500000005,28.47,0.23914800000004144,0.2496845862000433
2023-12-02 04:00:00,29.608152000000004,28.47,0.22178130000012844,0.2306475040801336
2023-12-02 05:00:00,29.59190850000001,28.47,0.302351399999971,0.31426606826996994
2023-12-02 06:00:00,29.7293535,28.47,0.3140241000002776,0.3279147691052899
2023-12-02 07:00:00,30.472806,28.47,0.15430739999984672,0.1651626085198359
2023-12-02 08:00:00,32.40453300000001,34.23,0.1848419999996762,0.17498447819969354
2023-12-02 09:00:00,33.360400500000004,34.23,0.32689649999997505,0.3185918247749758
2023-12-02 10:00:00,33.7052625,34.23,0.22762950000029886,0.2241399956252943
2023-12-02 11:00:00,33.264189,34.23,0.5623989000000099,0.5465306252700097
2023-12-02 12:00:00,32.559471,34.23,0.4097331000000399,0.3897368678700379
2023-12-02 13:00:00,31.684821000000003,34.23,0.2259179999999502,0.2091198185999539
2023-12-02 14:00:00,32.177124000000006,34.23,0.2632287000000797,0.247442083560075
2023-12-02 15:00:00,32.799375000000005,34.23,0.3067007999995965,0.2938823999996134
2023-12-02 16:00:00,33.585310500000006,34.23,0.374133900000259,0.36708744376525426
2023-12-02 17:00:00,35.36584800000001,34.23,0.44738610000023904,0.46223163336024714
2023-12-02 18:00:00,35.480802000000004,34.23,0.2930087999999203,0.30371566511991743
2023-12-02 19:00:00,33.556572,34.23,0.30259320000000495,0.2966400964800049
2023-12-02 20:00:00,32.67692400000001,34.23,0.32826569999963134,0.3133717011596482
2023-12-02 21:00:00,31.71605850000001,34.23,0.48127380000029385,0.44592778251027243
2023-12-02 22:00:00,31.097556000000004,28.47,0.22918350000008286,0.25033532580009055
2023-12-02 23:00:00,30.6139995,28.47,0.23658570000003729,0.2544023358450401
2023-12-03 00:00:00,30.90013500000001,28.47,0.2012828999995774,0.21846395444954142
2023-12-03 01:00:00,30.197916000000006,28.47,0.36840180000048056,0.3907610330405098
2023-12-03 02:00:00,29.848056000000003,28.47,0.23032229999979698,0.2414707730397872
2023-12-03 03:00:00,29.690619,28.47,0.22747529999973484,0.2372280458097235
2023-12-03 04:00:00,29.190819000000005,28.47,0.22320480000041845,0.22885602096042906
2023-12-03 05:00:00,28.828464000000004,28.47,0.41594669999980943,0.4211838590398071
2023-12-03 06:00:00,28.471107000000003,28.47,0.22035779999983843,0.22036636817983846
2023-12-03 07:00:00,28.879693500000005,28.47,0.14690520000041013,0.14901921846041608
2023-12-03 08:00:00,29.490699000000003,28.47,0.2770130999999876,0.28694450126998716
2023-12-03 09:00:00,29.881792500000007,28.47,0.44470139999997105,0.46675359884996964
2023-12-03 10:00:00,30.482802000000003,28.47,0.16939649999981357,0.18137267189980041
2023-12-03 11:00:00,30.496546500000004,28.47,0.02562300000004143,0.027446891850044383
2023-12-03 12:00:00,30.22665450000001,28.47,0.09651329999998343,0.10246835875498243
2023-12-03 13:00:00,29.86305,28.47,0.054377700000203,0.057038425500212944
2023-12-03 14:00:00,30.572766000000005,28.47,0.1907490000000207,0.2048375322000223
2023-12-03 15:00:00,31.737300000000005,34.23,0.26357099999952677,0.24437720999956128
2023-12-03 16:00:00,32.63694,34.23,0.5281688999998854,0.5035879841998908
2023-12-03 17:00:00,33.349155,34.23,0.5062617000004034,0.49323400245039317
2023-12-03 18:00:00,33.49284750000001,34.23,0.34606530000014446,0.3386126882251415
2023-12-03 19:00:00,33.1204965,34.23,0.6058709999995268,0.5862327880495422
2023-12-03 20:00:00,31.403683500000007,34.23,0.3666032999999701,0.3363334502849727
2023-12-03 21:00:00,29.86305,28.47,0.25936170000001657,0.27205238550001737
2023-12-03 22:00:00,29.749345500000008,28.47,0.2619240000000207,0.2736939786000217
2023-12-03 23:00:00,28.488600000000005,28.47,0.34904220000016156,0.34927023600016177
2023-12-04 00:00:00,29.095857,29.68,0.21547680000016844,0.21123592182016512
2023-12-04 01:00:00,28.589809500000005,29.68,0.24634399999997839,0.23729541884997926
2023-12-04 02:00:00,28.366149000000004,29.68,0.22349039999964151,0.21359710196965742
2023-12-04 03:00:00,28.036281,29.68,0.428579200000393,0.40484389764037126
2023-12-04 04:00:00,28.092508500000005,29.68,0.26711999999989205,0.2528325764998979
2023-12-04 05:00:00,28.868448000000004,29.68,0.5152447999996934,0.5011562572797018
2023-12-04 06:00:00,30.375345000000003,29.68,0.18401600000023755,0.18832713900024314
2023-12-04 07:00:00,32.11964700000001,29.68,0.1406832000000475,0.15224712678005145
2023-12-04 08:00:00,32.75689200000001,29.68,0.11871999999989204,0.13102756799988086
2023-12-04 09:00:00,33.126744,36.4,0.2460639999998093,0.22393678943982648
2023-12-04 10:00:00,33.364149000000005,36.4,0.30903600000005826,0.2832616250100535
2023-12-04 11:00:00,33.699015,36.4,0.10556000000031782,0.09772714350029425
2023-12-04 12:00:00,33.167977500000006,36.4,0.2824639999999417,0.257383505399947
2023-12-04 13:00:00,33.788979000000005,36.4,0.1874599999997881,0.17401324184980335
2023-12-04 14:00:00,33.232951500000006,36.4,0.2493400000004767,0.22764571777543527
2023-12-04 15:00:00,32.96680800000001,29.68,0.24990559999962425,0.27758052335958266
2023-12-04 16:00:00,32.645686500000004,29.68,0.45083920000006916,0.4958879779350761
2023-12-04 17:00:00,33.3304125,36.4,0.3519880000002013,0.32230508887518433
2023-12-04 18:00:00,32.940568500000005,29.68,0.28789599999980564,0.31952351444978433
2023-12-04 19:00:00,32.4832515,29.68,0.25584160000029366,0.28000562793032147
2023-12-04 20:00:00,31.672326000000005,29.68,0.47339599999980564,0.5051735996997927
2023-12-04 21:00:00,30.556522500000007,29.68,0.23922080000014684,0.24628557135015125
2023-12-04 22:00:00,29.86305,29.68,0.24040799999984885,0.2418907049998479
2023-12-04 23:00:00,28.833462000000004,29.68,0.22081920000017707,0.21452095728017206
2023-12-05 00:00:00,28.719757500000004,29.68,0.3843560000000216,0.3719208596250209
2023-12-05 01:00:00,28.364899500000003,29.68,0.23654959999960265,0.2260682490146203
2023-12-05 02:00:00,28.080013500000007,29.68,0.22081920000017707,0.2089153004401676
2023-12-05 03:00:00,27.816369000000005,29.68,0.23358160000007774,0.21891482403007292
2023-12-05 04:00:00,27.952564500000005,29.68,0.3137175999996675,0.2954586067646869
2023-12-05 05:00:00,28.740999,29.68,0.3858400000003239,0.37363298700031367
2023-12-05 06:00:00,30.86265000000001,29.68,0.18253199999993525,0.1898052974999327
2023-12-05 07:00:00,31.652334,29.68,0.5280072000001339,0.5630950218601428
2023-12-05 08:00:00,32.646936000000004,29.68,0.1294047999999093,0.14234064095990026
2023-12-05 09:00:00,32.721906000000004,29.68,0.09289840000003023,0.10241956578003335
2023-12-05 10:00:00,32.4307725,29.68,0.09497599999991362,0.10377847199990563
2023-12-05 11:00:00,32.520736500000005,29.68,0.061140800000038874,0.0669927171900426
2023-12-05 12:00:00,32.154633000000004,29.68,0.18134480000023323,0.1964648076302527
2023-12-05 13:00:00,32.1783735,29.68,0.07983919999952922,0.0865598247144896
2023-12-05 14:00:00,33.26918700000001,36.4,0.7312760000000053,0.668377966830005
2023-12-05 15:00:00,32.68567050000001,29.68,0.7966112000003283,0.8772833962203618
2023-12-05 16:00:00,33.516588000000006,36.4,0.9620520000000106,0.88584342084001
2023-12-05 17:00:00,35.598255,36.4,0.5350799999997616,0.523294348499767
2023-12-05 18:00:00,35.79442650000001,36.4,0.47247200000024897,0.4646116559702449
2023-12-05 19:00:00,35.055972000000004,36.4,0.3607239999999947,0.34740468251999496
2023-12-05 20:00:00,33.440368500000005,36.4,0.5751199999999735,0.5283578222999757
2023-12-05 21:00:00,32.090908500000005,29.68,0.2502023999996847,0.2705263586546591
2023-12-05 22:00:00,31.3062225,29.68,0.2318008000002548,0.24450159772526878
2023-12-05 23:00:00,30.272886000000003,29.68,0.23654960000014252,0.2412749014201454
2023-12-06 00:00:00,29.23455150000001,29.68,0.4392639999998704,0.4326713621998725
2023-12-06 01:00:00,29.000895000000003,29.68,0.1952943999998359,0.19082588909983966
2023-12-06 02:00:00,28.934671500000004,29.68,0.21161839999992224,0.20630420779492425
2023-12-06 03:00:00,28.733502000000005,29.68,0.23091040000007343,0.22354664556007112
2023-12-06 04:00:00,28.687270500000007,29.68,0.3843560000000216,0.3715001529750209
2023-12-06 05:00:00,29.099605500000003,29.68,0.45440080000025485,0.4455149602052499
2023-12-06 06:00:00,30.730203000000007,29.68,0.21666399999987043,0.2243304818998659
2023-12-06 07:00:00,34.09385700000001,36.4,0.014559999999655703,0.013637542799677518
2023-12-06 08:00:00,38.2347,36.4,0.0,0.0
2023-12-06 09:00:00,38.177223,36.4,0.0,0.0
2023-12-06 10:00:00,36.11055,36.4,0.003276000000005297,0.0032499495000052553
2023-12-06 11:00:00,35.6469855,36.4,0.0,0.0
2023-12-06 12:00:00,35.623245000000004,36.4,0.0,0.0
2023-12-06 13:00:00,34.989748500000005,36.4,0.11684399999996822,0.11231709268496946
2023-12-06 14:00:00,34.923525000000005,36.4,0.30794400000049793,0.29545302150047775
2023-12-06 15:00:00,35.359600500000006,36.4,0.3206839999997828,0.31151808040478907
2023-12-06 16:00:00,37.85985,36.4,0.7782320000003019,0.8094435930003141
2023-12-06 17:00:00,39.6178965,36.4,0.30757999999976166,0.3347712254247406
2023-12-06 18:00:00,38.019786,36.4,0.31085599999976693,0.32468897243975664
2023-12-06 19:00:00,36.10180350000001,36.4,0.4957680000003602,0.4917065636703574
2023-12-06 20:00:00,33.60030450000001,36.4,0.38547599999974047,0.35582722465476047
2023-12-06 21:00:00,31.82226600000001,29.68,0.29976800000006476,0.3214048866000696
2023-12-06 22:00:00,30.778933500000004,29.68,0.3902920000001512,0.4047429755251568
2023-12-06 23:00:00,29.918028000000003,29.68,0.24515679999973652,0.24712291127973443
2023-12-07 00:00:00,29.763090000000005,29.68,0.21399279999986612,0.21459187889986578
2023-12-07 01:00:00,29.594407500000003,29.68,0.23358160000007774,0.23290798702507753
2023-12-07 02:00:00,29.470707000000008,29.68,0.37426480000012524,0.3716256152701245
2023-12-07 03:00:00,28.839709500000005,29.68,0.23803359999990498,0.2312944701899077
2023-12-07 04:00:00,28.603554000000003,29.68,0.28967680000016843,0.27917068704016235
2023-12-07 05:00:00,29.179573500000004,29.68,0.482893600000121,0.474751660845119
2023-12-07 06:00:00,31.934721000000007,29.68,0.14602560000005613,0.15711882732006044
2023-12-07 07:00:00,33.763989,36.4,0.11939199999982521,0.11074588391983786
2023-12-07 08:00:00,36.11055,36.4,0.025479999999894063,0.025277384999894906
2023-12-07 09:00:00,34.573665000000005,36.4,0.0,0.0
2023-12-07 10:00:00,34.156332000000006,36.4,0.03967600000013772,0.03723040188012924
2023-12-07 11:00:00,34.632391500000004,36.4,0.04731999999970867,0.04502210894972282
2023-12-07 12:00:00,34.6099005,36.4,0.06370000000039727,0.060567325875377734
2023-12-07 13:00:00,34.6548825,36.4,0.518335999999661,0.4934855267996773
2023-12-07 14:00:00,34.621146,36.4,0.8958040000004185,0.8520264030603981
2023-12-07 15:00:00,34.61364900000001,36.4,0.9140039999994914,0.8691487263895167
2023-12-07 16:00:00,34.09510650000001,36.4,0.5765760000002701,0.5400664869602532
2023-12-07 17:00:00,33.435370500000005,36.4,0.3607239999999947,0.33134452165499517
2023-12-07 18:00:00,32.40578250000001,29.68,0.2994712000000043,0.3269743454250048
2023-12-07 19:00:00,30.380343,29.68,0.45736879999977975,0.46816108562977454
2023-12-07 20:00:00,29.90803200000001,29.68,0.33508720000024184,0.3376616812802438
2023-12-07 21:00:00,29.488200000000003,29.68,0.29561279999975815,0.29370247199975974
2023-12-07 22:00:00,29.415729,29.68,0.24842160000040167,0.24620965173039808
2023-12-07 23:00:00,28.248696,29.68,0.4119583999997063,0.3920919004797204
2023-12-08 00:00:00,28.24994550000001,29.68,0.2359560000000216,0.22458706672502066
2023-12-08 01:00:00,27.771387,29.68,0.2255680000000648,0.21106254120006063
2023-12-08 02:00:00,27.542728500000003,29.68,0.21874159999975384,0.20298990904477157
2023-12-08 03:00:00,27.304074000000004,29.68,0.2683072000001339,0.2468288289601232
2023-12-08 04:00:00,27.36405,29.68,0.6458367999998446,0.5954417279998566
2023-12-08 05:00:00,28.24369800000001,29.68,0.40364800000017276,0.3841142928001645
2023-12-08 06:00:00,29.8243155,29.68,0.5401759999999136,0.5428025420999132
2023-12-08 07:00:00,30.773935500000004,29.68,0.10536400000041031,0.10924747102542545
2023-12-08 08:00:00,31.443667500000007,29.68,0.0733095999998186,0.07766585872480784
2023-12-08 09:00:00,32.177124000000006,29.68,0.05876640000009502,0.06371070552010302
2023-12-08 10:00:00,32.2058625,29.68,0.06826399999987043,0.0740734837498594
2023-12-08 11:00:00,32.114649,29.68,0.11278399999976246,0.12203566619974296
2023-12-08 12:00:00,31.944717000000008,29.68,0.13059200000015117,0.14055675480016272
2023-12-08 13:00:00,31.334961000000007,29.68,0.3009552000003066,0.3177365045403238
2023-12-08 14:00:00,31.5011445,29.68,0.2228967999995206,0.23657359519449117
2023-12-08 15:00:00,32.153383500000004,29.68,0.29976800000006476,0.3247491733500702
2023-12-08 16:00:00,31.734801000000008,29.68,0.25168639999998704,0.26911111247998626
2023-12-08 17:00:00,32.1109005,29.68,0.6283256000000561,0.6797877635850607
2023-12-08 18:00:00,32.18712000000001,29.68,0.2626680000000648,0.2848560120000703
2023-12-08 19:00:00,30.557772000000007,29.68,0.28344399999997844,0.29182672259997783
2023-12-08 20:00:00,30.44031900000001,29.68,0.29264480000023324,0.3001415453402393
2023-12-08 21:00:00,30.002994000000005,29.68,0.4270952000000907,0.4317430836600918
2023-12-08 22:00:00,30.07796400000001,29.68,0.2968,0.30077964000000007
2023-12-08 23:00:00,28.686021,29.68,0.2252712000000043,0.2177268993900042
2023-12-09 00:00:00,29.2383,28.47,0.22946819999962298,0.2356606979996128
2023-12-09 01:00:00,28.001295,28.47,0.20327579999998344,0.1999292462999837
2023-12-09 02:00:00,27.300325500000007,28.47,0.3903237000002859,0.3742874626052742
2023-12-09 03:00:00,26.498146500000004,28.47,0.23914800000004144,0.2225844306000386
2023-12-09 04:00:00,26.184522000000005,28.47,0.22149660000007043,0.20371558116006483
2023-12-09 05:00:00,26.490649500000004,28.47,0.302351399999971,0.28133069768997304
2023-12-09 06:00:00,26.869248,28.47,0.3143087999998177,0.29663649791982794
2023-12-09 07:00:00,27.663930000000004,28.47,0.1540226999997887,0.14966186129979472
2023-12-09 08:00:00,27.980053500000004,28.47,0.1537380000002486,0.15109228890024434
2023-12-09 09:00:00,28.8022245,28.47,0.27188849999997927,0.27506124397497905
2023-12-09 10:00:00,28.73974950000001,28.47,0.1893254999997307,0.19111933417472823
2023-12-09 11:00:00,28.855953000000003,28.47,0.46776210000000823,0.4741033077900085
2023-12-09 12:00:00,29.138340000000003,28.47,0.3407859000000331,0.348785929800034
2023-12-09 13:00:00,28.6972665,28.47,0.18790199999995857,0.18940195889995826
2023-12-09 14:00:00,28.0675185,28.47,0.2192190000001243,0.21611989245012253
2023-12-09 15:00:00,27.801375000000004,28.47,0.2548065000001243,0.24882230625012142
2023-12-09 16:00:00,27.374046000000003,28.47,0.3111771000002154,0.2991983227802072
2023-12-09 17:00:00,27.244098000000005,28.47,0.372102899999681,0.3560803608596948
2023-12-09 18:00:00,27.0429285,28.47,0.2439878999999917,0.2317578972449921
2023-12-09 19:00:00,26.045827500000005,28.47,0.25139009999994616,0.22998465682495078
2023-12-09 20:00:00,25.422327000000003,28.47,0.2733120000002693,0.2440543392002405
2023-12-09 21:00:00,24.916279500000005,28.47,0.4000034999996686,0.35007372697471
2023-12-09 22:00:00,24.470208000000007,28.47,0.22946820000014087,0.1972298764801211
2023-12-09 23:00:00,23.138241,20.07,0.16678170000002632,0.19227878271003032
2023-12-10 00:00:00,21.5776155,20.07,0.1418949000000672,0.1525537415850722
2023-12-10 01:00:00,20.0557245,20.07,0.2595050999999328,0.25932051778493287
2023-12-10 02:00:00,19.0186395,20.07,0.16256699999989777,0.15405097994990313
2023-12-10 03:00:00,18.1165005,20.07,0.1601586000001373,0.1445696739901239
2023-12-10 04:00:00,18.61755,20.07,0.15754949999997078,0.1461477674999729
2023-12-10 05:00:00,19.6283955,20.07,0.29302200000018985,0.2865745743001857
2023-12-10 06:00:00,20.3631015,20.07,0.1553417999998861,0.15761040560988443
2023-12-10 07:00:00,22.597207500000007,20.07,0.10376189999996495,0.11682756277496058
2023-12-10 08:00:00,24.972507000000007,28.47,0.27672839999992954,0.24273276803993832
2023-12-10 09:00:00,25.587261,28.47,0.44470139999997105,0.39967301681997397
2023-12-10 10:00:00,25.783432500000004,28.47,0.16939649999981357,0.15341142337483119
2023-12-10 11:00:00,26.074566000000004,28.47,0.02562300000004143,0.023467109400037947
2023-12-10 12:00:00,25.76469000000001,28.47,0.09679800000004143,0.08759994600003752
2023-12-10 13:00:00,25.752195000000004,28.47,0.054377700000203,0.04918669245018364
2023-12-10 14:00:00,26.073316500000004,28.47,0.1904642999999627,0.1744304873849659
2023-12-10 15:00:00,26.844258000000004,28.47,0.2192190000001243,0.20670078660011723
2023-12-10 16:00:00,27.401535000000003,28.47,0.4392920999999047,0.42280568504990834
2023-12-10 17:00:00,27.401535000000003,28.47,0.42107129999981774,0.40526870264982456
2023-12-10 18:00:00,28.041279000000007,28.47,0.28783170000012015,0.2834973306901184
2023-12-10 19:00:00,27.45901200000001,28.47,0.5042037000001822,0.48629910252017594
2023-12-10 20:00:00,27.120397500000003,28.47,0.30491369999997514,0.29045945722497635
2023-12-10 21:00:00,27.00669300000001,28.47,0.2590769999999586,0.24576090629996078
2023-12-10 22:00:00,27.11664900000001,28.47,0.2619240000000207,0.2494731708000198
2023-12-10 23:00:00,26.009592,28.47,0.34932689999970173,0.3191376938397275
2023-12-11 00:00:00,21.671328000000003,21.86,0.15870360000012407,0.157333841280123
2023-12-11 01:00:00,19.304775,21.86,0.1814379999999841,0.16022963249998592
2023-12-11 02:00:00,18.957414,21.86,0.16438720000008908,0.14255975328007725
2023-12-11 03:00:00,18.445119,21.86,0.3158769999999364,0.2665319695499463
2023-12-11 04:00:00,18.844959,21.86,0.19673999999992048,0.16960463099993145
2023-12-11 05:00:00,22.121148,21.86,0.3792710000001272,0.3838019178001288
2023-12-11 06:00:00,26.68807050000001,29.68,0.1840159999996977,0.1654660370997282
2023-12-11 07:00:00,28.783482000000006,29.68,0.140980000000108,0.13672153950010474
2023-12-11 08:00:00,29.610651,29.68,0.11842320000037143,0.11814649749037058
2023-12-11 09:00:00,29.654383500000005,29.68,0.20063679999984452,0.2004636324598447
2023-12-11 10:00:00,29.033382000000007,29.68,0.252280000000108,0.2467837470001057
2023-12-11 11:00:00,28.698516000000005,29.68,0.08607199999971928,0.08322569639972857
2023-12-11 12:00:00,28.52733450000001,29.68,0.23001999999989203,0.22108684237489631
2023-12-11 13:00:00,28.367398500000007,29.68,0.1528520000003671,0.14609210227535094
2023-12-11 14:00:00,28.927174500000007,29.68,0.20330799999984883,0.19815114532485273
2023-12-11 15:00:00,29.353254000000007,29.68,0.24990560000016412,0.24715439868016237
2023-12-11 16:00:00,30.551524500000003,29.68,0.45083920000006916,0.4640776571550712
2023-12-11 17:00:00,32.1109005,29.68,0.2873023999996847,0.3108335168396589
2023-12-11 18:00:00,32.691918,29.68,0.2878960000003455,0.31711160460038057
2023-12-11 19:00:00,32.530732500000006,29.68,0.2555447999996934,0.28008960682466394
2023-12-11 20:00:00,31.616098500000007,29.68,0.47339599999980564,0.5042767710747931
2023-12-11 21:00:00,29.768088,29.68,0.23922080000014684,0.2399307892801473
2023-12-11 22:00:00,29.423226000000003,29.68,0.2407047999999093,0.2386223628599101
2023-12-11 23:00:00,28.216209000000006,29.68,0.2205224000001166,0.2096464328701109
2023-12-12 00:00:00,28.369897500000004,29.68,0.3843560000000216,0.36739017262502066
2023-12-12 01:00:00,28.246197,29.68,0.236846400000203,0.22540465206019317
2023-12-12 02:00:00,28.06626900000001,29.68,0.2208191999996372,0.208813041359657
2023-12-12 03:00:00,27.916329,29.68,0.23358160000007774,0.21970150923007314
2023-12-12 04:00:00,28.239949500000005,29.68,0.3134208000001468,0.2982138667201398
2023-12-12 05:00:00,28.49234850000001,29.68,0.385839999999784,0.37040053049979277
2023-12-12 06:00:00,30.7889295,29.68,0.18253199999993525,0.1893519164249328
2023-12-12 07:00:00,32.4982455,29.68,0.5283040000001944,0.5784687699002129
2023-12-12 08:00:00,35.65198350000001,36.4,0.1583399999998146,0.15508612822481846
2023-12-12 09:00:00,33.853953000000004,36.4,0.11429600000011123,0.10630141242010346
2023-12-12 10:00:00,33.592807500000006,36.4,0.11647999999989406,0.10749698399990225
2023-12-12 11:00:00,32.72440500000001,29.68,0.061140800000038874,0.06741227430004289
2023-12-12 12:00:00,32.933071500000004,29.68,0.18104800000017274,0.2008917361501917
2023-12-12 13:00:00,33.25919100000001,36.4,0.0982800000001589,0.08979981570014521
2023-12-12 14:00:00,32.824365,29.68,0.5959743999999438,0.6591132491999379
2023-12-12 15:00:00,32.379543,29.68,0.796907999999849,0.869390729549835
2023-12-12 16:00:00,32.103403500000006,29.68,0.7841455999999483,0.848171920469944
2023-12-12 17:00:00,31.222506000000003,29.68,0.4362960000003455,0.4589708382003635
2023-12-12 18:00:00,30.487800000000004,29.68,0.38524639999966315,0.395731643999654
2023-12-12 19:00:00,29.140839000000007,29.68,0.29442560000005613,0.2890771228800552
2023-12-12 20:00:00,28.8821925,29.68,0.4689439999999784,0.456338641499979
2023-12-12 21:00:00,28.381143,29.68,0.24990560000016412,0.23896922406015694
2023-12-12 22:00:00,27.7851315,29.68,0.23180079999971492,0.21700187701473314
2023-12-12 23:00:00,27.051675000000007,29.68,0.23654960000014252,0.21560184975012994
2023-12-13 00:00:00,26.784282,29.68,0.4392639999998704,0.3964073735998831
2023-12-13 01:00:00,26.484402000000003,29.68,0.19529440000037576,0.17426736516033534
2023-12-13 02:00:00,26.576865000000005,29.68,0.21161839999992224,0.18949304744993042
2023-12-13 03:00:00,26.29322850000001,29.68,0.2312072000001339,0.20482425001511867
2023-12-13 04:00:00,26.491899000000004,29.68,0.3843560000000216,0.3430700920500193
2023-12-13 05:00:00,26.7955275,29.68,0.4541039999996545,0.40997157074968804
2023-12-13 06:00:00,27.751395,29.68,0.21666399999987043,0.20258518349987886
2023-12-13 07:00:00,30.164179500000003,29.68,0.01187200000025914,0.01206567180026337
2023-12-13 08:00:00,29.7168585,29.68,0.0,0.0
2023-12-13 09:00:00,30.32911350000001,29.68,0.0,0.0
2023-12-13 10:00:00,29.900535,29.68,0.002968000000064785,0.002990053500065267
2023-12-13 11:00:00,29.86305,29.68,0.0,0.0
2023-12-13 12:00:00,29.570667000000004,29.68,0.0,0.0
2023-12-13 13:00:00,30.200415000000007,29.68,0.09497599999991362,0.09664132799991214
2023-12-13 14:00:00,30.409081500000006,29.68,0.2513895999999266,0.25756492030492484
2023-12-13 15:00:00,31.03758,29.68,0.26148079999982293,0.2734410797998148
2023-12-13 16:00:00,30.61899750000001,29.68,0.6342616000001857,0.6543279765751917
2023-12-13 17:00:00,31.131292500000004,29.68,0.2507959999998057,0.2630594216247962
2023-12-13 18:00:00,30.599005500000004,29.68,0.25376400000041033,0.26162149702542303
2023-12-13 19:00:00,30.164179500000003,29.68,0.40394479999969335,0.4105344829946884
2023-12-13 20:00:00,29.435721000000004,29.68,0.3146080000003887,0.31201864260038553
2023-12-13 21:00:00,28.723506000000004,29.68,0.2994712000000043,0.2898201755400042
2023-12-13 22:00:00,28.907182500000005,29.68,0.3902919999996113,0.3801294498746215
2023-12-13 23:00:00,27.89508750000001,29.68,0.2451568000002764,0.23041342275025986
2023-12-14 00:00:00,27.031683000000005,29.68,0.21399279999986612,0.1948984344298781
2023-12-14 01:00:00,26.901735,29.68,0.2338784000001382,0.21198567180012526
2023-12-14 02:00:00,27.00794250000001,29.68,0.3739680000000648,0.3403000755000591
2023-12-14 03:00:00,27.012940500000003,29.68,0.23833039999996544,0.21691391221496858
2023-12-14 04:00:00,27.256593,29.68,0.2893799999995681,0.26575178174960334
2023-12-14 05:00:00,27.685171500000006,29.68,0.482893600000121,0.45043774030511297
2023-12-14 06:00:00,29.673126000000003,29.68,0.14602560000005613,0.14599177992005616
2023-12-14 07:00:00,32.32081650000001,29.68,0.09735039999985748,0.10601227811984482
2023-12-14 08:00:00,33.69276750000001,36.4,0.02584399999996822,0.023921864924970587
2023-12-14 09:00:00,32.981802,29.68,0.0,0.0
2023-12-14 10:00:00,33.1304925,36.4,0.03967600000013772,0.036112236825125356
2023-12-14 11:00:00,33.2629395,36.4,0.04732000000037078,0.043241821350338834
2023-12-14 12:00:00,32.307072000000005,29.68,0.05164319999972358,0.056214305279699124
2023-12-14 13:00:00,32.8306125,29.68,0.42264320000026345,0.46750792200029145
2023-12-14 14:00:00,32.878093500000006,29.68,0.7307215999998619,0.8094586619698472
2023-12-14 15:00:00,33.70401300000001,36.4,0.9136400000000795,0.8459707263000739
2023-12-14 16:00:00,33.434121000000005,36.4,0.5765759999996081,0.52959647663964
2023-12-14 17:00:00,33.352903500000004,36.4,0.3607239999999947,0.3305272736849952
2023-12-14 18:00:00,33.131742,36.4,0.36764000000007946,0.33463059420007235
2023-12-14 19:00:00,31.646086500000003,29.68,0.45707200000025916,0.4873497321002763
2023-12-14 20:00:00,30.214159500000004,29.68,0.3353839999997624,0.3414200023497583
2023-12-14 21:00:00,29.388240000000003,29.68,0.29531600000023756,0.29241298800023524
2023-12-14 22:00:00,29.170827000000003,29.68,0.24871839999992226,0.2444515302599236
2023-12-14 23:00:00,28.060021500000005,29.68,0.4116616000001857,0.38919249820517565
2023-12-15 00:00:00,28.1299935,29.68,0.2359560000000216,0.22363344832502047
2023-12-15 01:00:00,27.730153500000004,29.68,0.22556799999952493,0.21074916659955617
2023-12-15 02:00:00,27.376545000000004,29.68,0.21903840000035416,0.2020389021003267
2023-12-15 03:00:00,26.932972500000005,29.68,0.2680104000000734,0.24320474167506667
2023-12-15 04:00:00,26.75929200000001,29.68,0.6458367999998446,0.58228219391986
2023-12-15 05:00:00,27.415279500000004,29.68,0.40394480000023325,0.37312195399521547
2023-12-15 06:00:00,29.3595015,29.68,0.5401759999999136,0.5343429272999146
2023-12-15 07:00:00,30.731452500000003,29.68,0.10536399999987044,0.10909665637486585
2023-12-15 08:00:00,32.549475,29.68,0.07301279999975814,0.08007170849973476
2023-12-15 09:00:00,32.04217800000001,29.68,0.05876640000009502,0.0634435124401026
2023-12-15 10:00:00,31.10880150000001,29.68,0.0685607999999309,0.0718613314649276
2023-12-15 11:00:00,30.2066625,29.68,0.11278400000030234,0.11478531750030771
2023-12-15 12:00:00,29.12959350000001,29.68,0.1302952000000907,0.12787891546508906
2023-12-15 13:00:00,28.401135000000007,29.68,0.3009551999997668,0.2879875088997769
2023-12-15 14:00:00,28.226205000000007,29.68,0.22319360000012092,0.21226106160011507
2023-12-15 15:00:00,28.59605700000001,29.68,0.29976800000006476,0.2888201757000625
2023-12-15 16:00:00,29.629393500000003,29.68,0.2513895999999266,0.2509609629449267
2023-12-15 17:00:00,30.4040835,29.68,0.6286224000001166,0.6439584885301194
2023-12-15 18:00:00,30.08296200000001,29.68,0.2626680000000648,0.2662342137000658
2023-12-15 19:00:00,29.010891000000004,29.68,0.28344399999997844,0.27705400904997896
2023-12-15 20:00:00,29.033382000000007,29.68,0.29264479999969334,0.2862691465197001
2023-12-15 21:00:00,28.408632000000004,29.68,0.4270952000000907,0.4088002144800869
2023-12-15 22:00:00,28.2099615,29.68,0.2968,0.28209961499999997
2023-12-15 23:00:00,26.9529645,29.68,0.2252712000000043,0.20457300055500394
2023-12-16 00:00:00,25.76469000000001,28.47,0.22946820000014087,0.20766340140012754
2023-12-16 01:00:00,25.266139500000005,28.47,0.20299109999992543,0.18014757463493386
2023-12-16 02:00:00,24.9112815,28.47,0.390608399999826,0.34178278217984775
2023-12-16 03:00:00,24.61515,28.47,0.23886329999998343,0.20652110849998567
2023-12-16 04:00:00,24.127845000000004,20.07,0.15634530000009053,0.18795591255010888
2023-12-16 05:00:00,24.320268,28.47,0.302351399999971,0.2582812461599752
2023-12-16 06:00:00,24.78258300000001,28.47,0.3140240999997597,0.2733518904897909
2023-12-16 07:00:00,25.502295000000007,28.47,0.15430740000036455,0.13822243890032662
2023-12-16 08:00:00,27.350305500000005,28.47,0.1537379999997307,0.14769164969974133
2023-12-16 09:00:00,27.821367,28.47,0.27188849999997927,0.26569405484997977
2023-12-16 10:00:00,27.568968000000005,28.47,0.1893255000002486,0.18333363720024073
2023-12-16 11:00:00,26.840509500000003,28.47,0.46776210000000823,0.44098957108500786
2023-12-16 12:00:00,26.289480000000005,28.47,0.3407859000000331,0.3146850756000307
2023-12-16 13:00:00,26.18827050000001,28.47,0.18790199999995857,0.17284258529996194
2023-12-16 14:00:00,26.770537500000007,28.47,0.21893430000006628,0.20586543337506238
2023-12-16 15:00:00,27.407782500000007,28.47,0.2550911999996644,0.24557373119967701
2023-12-16 16:00:00,27.8276145,28.47,0.3111771000002154,0.30415582648521056
2023-12-16 17:00:00,28.311171000000005,28.47,0.3721029000001988,0.3700270049701978
2023-12-16 18:00:00,28.378644,28.47,0.2437031999999337,0.24292119263993392
2023-12-16 19:00:00,27.606453000000005,28.47,0.25167480000000414,0.24404104452000408
2023-12-16 20:00:00,26.72805450000001,28.47,0.2733119999997514,0.25658932319976674
2023-12-16 21:00:00,25.282383000000003,28.47,0.4000035000001864,0.35521748115016555
2023-12-16 22:00:00,25.166179500000005,28.47,0.22918350000008286,0.2025877449750733
2023-12-16 23:00:00,24.005394000000003,20.07,0.1669823999997021,0.1997248780796437
2023-12-17 00:00:00,23.033283000000004,20.07,0.1416942000000263,0.16261497798003022
2023-12-17 01:00:00,22.71591,20.07,0.25970579999997373,0.2939438753999703
2023-12-17 02:00:00,22.735902000000006,20.07,0.16236630000022195,0.1839334471802515
2023-12-17 03:00:00,20.9528655,20.07,0.1603592999998131,0.1674133953448049
2023-12-17 04:00:00,20.6629815,20.07,0.157348800000295,0.1619977749603037
2023-12-17 05:00:00,21.1003065,20.07,0.29322269999986567,0.30827547796485877
2023-12-17 06:00:00,22.2448485,20.07,0.1553417999998861,0.17217512738987373
2023-12-17 07:00:00,23.029534500000004,20.07,0.10356119999992407,0.1188323980199129
2023-12-17 08:00:00,24.573916500000003,28.47,0.2770130999999876,0.2391042075449893
2023-12-17 09:00:00,24.761341500000004,28.47,0.44470140000048886,0.38677215423042527
2023-12-17 10:00:00,24.169078500000005,20.07,0.11941649999986859,0.14380601707484178
2023-12-17 11:00:00,23.490600000000004,20.07,0.018063000000029205,0.021141540000034188
2023-12-17 12:00:00,22.829614500000005,20.07,0.0682380000000292,0.07762068930003324
2023-12-17 13:00:00,22.371048,20.07,0.03813299999973715,0.04250499119970701
2023-12-17 14:00:00,23.097007500000004,20.07,0.1344690000000146,0.15474995025001684
2023-12-17 15:00:00,24.457713000000005,28.47,0.2192190000001243,0.18832439010010682
2023-12-17 16:00:00,25.23865050000001,28.47,0.4392920999999047,0.3894323772149157
2023-12-17 17:00:00,26.940469500000003,28.47,0.4210713000003356,0.3984495439053176
2023-12-17 18:00:00,26.574366000000005,28.47,0.2878316999996023,0.2686668402596288
2023-12-17 19:00:00,26.19826650000001,28.47,0.5039190000001242,0.46370931705011453
2023-12-17 20:00:00,24.8388105,28.47,0.3051984000000331,0.26627204856002895
2023-12-17 21:00:00,24.733852500000005,28.47,0.2590769999999586,0.22507805774996406
2023-12-17 22:00:00,24.831313500000004,28.47,0.2619240000000207,0.2284480842000181
2023-12-17 23:00:00,23.341909500000003,20.07,0.24625890000015482,0.28640522956518005
2023-12-18 00:00:00,23.977905000000003,21.86,0.15848500000007953,0.17383981125008727
2023-12-18 01:00:00,23.760492000000003,21.86,0.1814379999999841,0.1972120835999827
2023-12-18 02:00:00,23.591809500000004,21.86,0.16460579999973596,0.17764632553471507
2023-12-18 03:00:00,23.494348500000005,21.86,0.31565840000028944,0.3392583923403112
2023-12-18 04:00:00,23.924176500000005,21.86,0.19673999999992048,0.21531758849991303
2023-12-18 05:00:00,25.13244300000001,21.86,0.3794895999997741,0.4362992104797405
2023-12-18 06:00:00,27.840109500000004,29.68,0.18401600000023755,0.17260867890022283
2023-12-18 07:00:00,30.285381,29.68,0.140980000000108,0.1438555597501102
2023-12-18 08:00:00,31.017588000000003,29.68,0.11842319999983156,0.12376017611982398
2023-12-18 09:00:00,30.045477,29.68,0.20063679999984452,0.20310742451984262
2023-12-18 10:00:00,28.49234850000001,29.68,0.2519832000000475,0.2419000387650457
2023-12-18 11:00:00,27.510241500000006,29.68,0.08607200000025915,0.07977970035024022
2023-12-18 12:00:00,26.7255555,29.68,0.23031679999995247,0.20739031067995722
2023-12-18 13:00:00,26.72680500000001,29.68,0.15285199999982724,0.13764304574984448
2023-12-18 14:00:00,27.50149500000001,29.68,0.20330799999984883,0.18838524074986002
2023-12-18 15:00:00,28.502344500000003,29.68,0.24990560000016412,0.23998974069015763
2023-12-18 16:00:00,29.263290000000005,29.68,0.45083920000006916,0.44450937510006827
2023-12-18 17:00:00,30.390339000000004,29.68,0.2870056000001641,0.2938745781301681
2023-12-18 18:00:00,30.239149500000007,29.68,0.28819279999986613,0.29362214164486367
2023-12-18 19:00:00,29.385741000000003,29.68,0.2555447999996934,0.25301123000969644
2023-12-18 20:00:00,27.111651000000005,29.68,0.47339600000034554,0.43243083345031574
2023-12-18 21:00:00,26.250745500000004,29.68,0.23922080000014684,0.21158100873012992
2023-12-18 22:00:00,25.23740100000001,21.86,0.17706599999988867,0.20442294809987155
2023-12-18 23:00:00,24.255294000000003,21.86,0.1626384000001304,0.18045938736014475
2023-12-19 00:00:00,23.276935500000004,21.86,0.2830869999996183,0.3014363147245936
2023-12-19 01:00:00,23.176975500000005,21.86,0.1744428000001495,0.18495226449015856
2023-12-19 02:00:00,22.998297000000004,21.86,0.1626384000001304,0.17110732968013725
2023-12-19 03:00:00,24.330264000000003,21.86,0.17181960000001273,0.19123587504001419
2023-12-19 04:00:00,24.733852500000005,21.86,0.23106019999975505,0.2614368209247229
2023-12-19 05:00:00,25.491049500000003,21.86,0.2841800000002386,0.3313836435002782
2023-12-19 06:00:00,27.3253155,29.68,0.18253199999993525,0.16805069032494035
2023-12-19 07:00:00,29.072116500000007,29.68,0.5283040000001944,0.5174836737001904
2023-12-19 08:00:00,29.875545,29.68,0.12910799999984884,0.12995862074984785
2023-12-19 09:00:00,29.148336000000004,29.68,0.09289840000003023,0.0912342916800297
2023-12-19 10:00:00,28.126245000000004,29.68,0.09497599999991362,0.09000398399991816
2023-12-19 11:00:00,27.32781450000001,29.68,0.06143760000009934,0.056568576015091486
2023-12-19 12:00:00,26.926725000000005,29.68,0.18104799999963286,0.16425302249966697
2023-12-19 13:00:00,26.705563500000007,29.68,0.08013600000012958,0.0721050214501166
2023-12-19 14:00:00,27.446517000000004,29.68,0.5959743999999438,0.5511260613599481
2023-12-19 15:00:00,27.916329,29.68,0.7966112000003283,0.7492742703603088
2023-12-19 16:00:00,28.3898895,29.68,0.7844424000000086,0.7503447794850082
2023-12-19 17:00:00,28.839709500000005,29.68,0.4362959999998056,0.42394372964981125
2023-12-19 18:00:00,28.830963,29.68,0.385246400000203,0.3742258997401972
2023-12-19 19:00:00,28.713510000000003,29.68,0.29442560000005613,0.28483801920005436
2023-12-19 20:00:00,27.991299000000005,29.68,0.46864719999991794,0.4419826112099227
2023-12-19 21:00:00,27.299076000000007,29.68,0.2502023999996847,0.23013121067971007
2023-12-19 22:00:00,26.824266000000005,29.68,0.2318008000002548,0.20949751746023032
2023-12-19 23:00:00,24.843808500000005,21.86,0.17422420000010497,0.19800515374511934
2023-12-20 00:00:00,24.596407500000005,21.86,0.3235279999999046,0.3640268309998927
2023-12-20 01:00:00,23.675526000000005,21.86,0.1438387999998791,0.1557849610798691
2023-12-20 02:00:00,23.36565000000001,21.86,0.15586179999994274,0.16659708449993887
2023-12-20 03:00:00,22.363551,21.86,0.17028940000009862,0.1742120622901009
2023-12-20 04:00:00,21.3052245,21.86,0.2830870000000159,0.27590265727501556
2023-12-20 05:00:00,22.368549000000005,21.86,0.33445800000014314,0.3422387997001466
2023-12-20 06:00:00,23.205714,21.86,0.15957799999990457,0.16940171219989872
2023-12-20 07:00:00,25.859652000000004,29.68,0.011871999999719265,0.010343860799755402
2023-12-20 08:00:00,26.48065350000001,29.68,0.0,0.0
2023-12-20 09:00:00,26.182023,29.68,0.0,0.0
2023-12-20 10:00:00,25.855903500000007,29.68,0.002968000000064785,0.0025855903500564387
2023-12-20 11:00:00,25.159932000000005,21.86,0.0,0.0
2023-12-20 12:00:00,25.114950000000004,21.86,0.0,0.0
2023-12-20 13:00:00,24.9387705,21.86,0.06995199999993638,0.07980406559992742
2023-12-20 14:00:00,25.714710000000004,21.86,0.18493560000029902,0.2175464466003518
2023-12-20 15:00:00,26.112051000000005,29.68,0.26148079999982293,0.23004716930984426
2023-12-20 16:00:00,26.5506255,29.68,0.6345583999997063,0.5676523731897373
2023-12-20 17:00:00,27.394038000000005,29.68,0.2507960000003455,0.23147962110031894
2023-12-20 18:00:00,27.592708500000008,29.68,0.25346719999981,0.2356417305898234
2023-12-20 19:00:00,27.593958000000004,29.68,0.4042416000002937,0.3758297079602731
2023-12-20 20:00:00,27.11290050000001,29.68,0.31431119999978835,0.28712561629480676
2023-12-20 21:00:00,25.712211000000003,21.86,0.2207860000000477,0.25969333110005616
2023-12-20 22:00:00,25.042479000000004,21.86,0.2874590000001113,0.3293085988501276
2023-12-20 23:00:00,23.475606000000003,21.86,0.18056359999980598,0.19390850555979164
2023-12-21 00:00:00,21.136542,21.86,0.15761059999990137,0.15239446781990465
2023-12-21 01:00:00,20.501796,21.86,0.17203820000005723,0.16134913452005367
2023-12-21 02:00:00,19.979505,21.86,0.27565460000009223,0.25194155805008434
2023-12-21 03:00:00,17.802875999999998,21.86,0.17531719999993,0.142779065519943
2023-12-21 04:00:00,17.3767965,21.86,0.21335360000012404,0.16959753384009862
2023-12-21 05:00:00,17.409283499999997,21.86,0.355662200000089,0.2832490425450709
2023-12-21 06:00:00,20.3481075,21.86,0.10755120000004136,0.1001126889000385
2023-12-21 07:00:00,23.005794,21.86,0.07170079999989502,0.07545900431988953
2023-12-21 08:00:00,23.485602000000004,21.86,0.015301999999936379,0.01643992139993165
2023-12-21 09:00:00,22.021188,21.86,0.0,0.0
2023-12-21 10:00:00,21.6525855,21.86,0.02382740000008271,0.023601318195081926
2023-12-21 11:00:00,20.6229975,21.86,0.028417999999825045,0.026809896749834944
2023-12-21 12:00:00,20.3056245,21.86,0.03825500000023858,0.03553484287522162
2023-12-21 13:00:00,18.812472,21.86,0.3112863999997964,0.2678896012798248
2023-12-21 14:00:00,18.6837735,21.86,0.5379745999998536,0.4598076658348749
2023-12-21 15:00:00,19.46721,21.86,0.5489046000000922,0.48882164310008225
2023-12-21 16:00:00,19.4859525,21.86,0.34626240000016223,0.3086574876001446
2023-12-21 17:00:00,21.751296,21.86,0.21663259999999682,0.21555534335999685
2023-12-21 18:00:00,22.283583,21.86,0.2207860000000477,0.22506418830004865
2023-12-21 19:00:00,23.426875500000005,21.86,0.3366439999997932,0.36077388269977845
2023-12-21 20:00:00,22.487251500000003,21.86,0.24701800000022267,0.2541059419502291
2023-12-21 21:00:00,21.5101425,21.86,0.21750699999977735,0.21402591787478092
2023-12-21 22:00:00,20.962861499999995,21.86,0.18318679999994275,0.17566877936994504
2023-12-21 23:00:00,18.1239975,21.86,0.3031982000001368,0.2513798453251134
2023-12-22 00:00:00,17.369299499999997,21.86,0.1737870000000159,0.13808593102501263
2023-12-22 01:00:00,17.356745,21.86,0.1661360000000477,0.1319112620000379
2023-12-22 02:00:00,17.360136499999996,21.86,0.16132679999986324,0.12811780736989134
2023-12-22 03:00:00,17.347700999999997,21.86,0.19739580000005408,0.1566497400300429
2023-12-22 04:00:00,17.3397875,21.86,0.47567359999988545,0.3773137759999092
2023-12-22 05:00:00,17.359005999999997,21.86,0.29729600000012724,0.236082481600101
2023-12-22 06:00:00,17.4692595,21.86,0.39785199999993637,0.3179405228999492
2023-12-22 07:00:00,21.326466,21.86,0.07760299999990457,0.0757089542999069
2023-12-22 08:00:00,22.3323135,21.86,0.05399420000026403,0.05516081434526973
2023-12-22 09:00:00,21.821268,21.86,0.04328280000006998,0.04320611064006986
2023-12-22 10:00:00,20.6729775,21.86,0.0504965999999491,0.047754578024951866
2023-12-22 11:00:00,20.645488500000003,21.86,0.0828493999997805,0.07824640141479272
2023-12-22 12:00:00,20.7079635,21.86,0.09618400000011133,0.09111503940010549
2023-12-22 13:00:00,20.529285,21.86,0.22166039999982823,0.2081669498998387
2023-12-22 14:00:00,20.974107,21.86,0.16416860000004452,0.15751554357004274
2023-12-22 15:00:00,21.637591500000003,21.86,0.2207860000000477,0.21853967415004724
2023-12-22 16:00:00,22.667179500000003,21.86,0.18537279999999048,0.19221768215999013
2023-12-22 17:00:00,22.734652500000003,21.86,0.4627762000000413,0.48129259342504305
2023-12-22 18:00:00,23.660532000000003,21.86,0.1934610000000477,0.2093957082000517
2023-12-22 19:00:00,22.427275500000004,21.86,0.2087629999999841,0.21418048102498372
2023-12-22 20:00:00,20.449317,21.86,0.21575819999981868,0.2018347587898304
2023-12-22 21:00:00,20.5580235,21.86,0.31434680000002224,0.295624377930021
2023-12-22 22:00:00,21.1677795,21.86,0.2186,0.21167779500000003
2023-12-22 23:00:00,18.86745,21.86,0.16591740000000318,0.14320394550000276
2023-12-23 00:00:00,17.373047999999997,20.07,0.1619649000001402,0.14020049736012133
2023-12-23 01:00:00,17.366919499999998,20.07,0.14309909999994744,0.1238261360349545
2023-12-23 02:00:00,17.366919499999998,20.07,0.27515970000020157,0.23810046634517434
2023-12-23 03:00:00,17.365789,20.07,0.16858800000002924,0.14587262760002526
2023-12-23 04:00:00,17.366919499999998,20.07,0.15634529999972546,0.13528830290476243
2023-12-23 05:00:00,17.368049999999997,20.07,0.21294269999993864,0.18427501049994688
2023-12-23 06:00:00,17.380544999999998,20.07,0.22157280000023657,0.19188121680020484
2023-12-23 07:00:00,18.2964285,20.07,0.10857869999985105,0.09898367818486423
2023-12-23 08:00:00,19.86705,20.07,0.10837800000017524,0.10728207000017345
2023-12-23 09:00:00,22.625946000000003,20.07,0.1916684999999854,0.21607778429998356
2023-12-23 10:00:00,22.570968000000004,20.07,0.13346549999981017,0.15009693719978653
2023-12-23 11:00:00,23.103255000000004,20.07,0.3297501000000059,0.3795864796500068
2023-12-23 12:00:00,23.285682000000005,20.07,0.24023790000002337,0.2787296135400272
2023-12-23 13:00:00,23.591809500000004,20.07,0.1324619999999708,0.15570594269996568
2023-12-23 14:00:00,23.902935000000003,20.07,0.15453900000008763,0.18405259950010436
2023-12-23 15:00:00,24.086611500000004,20.07,0.1798272000001285,0.21581603904015428
2023-12-23 16:00:00,24.6213975,28.47,0.3108923999996395,0.2688656606996883
2023-12-23 17:00:00,25.87964400000001,28.47,0.3721029000001988,0.3382469470801809
2023-12-23 18:00:00,25.670977500000003,28.47,0.2439878999999917,0.22000027717499254
2023-12-23 19:00:00,25.0587225,28.47,0.25167480000000414,0.22151910690000365
2023-12-23 20:00:00,24.077865000000003,20.07,0.19247130000014895,0.23090672535017873
2023-12-23 21:00:00,22.560972000000003,20.07,0.28198349999976635,0.31698165659973737
2023-12-23 22:00:00,19.9032855,20.07,0.1617642000000993,0.1604204811300985
2023-12-23 23:00:00,18.335163,20.07,0.16678170000002632,0.15236520453002403
2023-12-24 00:00:00,17.368049999999997,20.07,0.1418949000000672,0.12279211350005811
2023-12-24 01:00:00,17.3646585,20.07,0.25970579999997373,0.22469868098997725
2023-12-24 02:00:00,17.335265500000002,20.07,0.16236629999985688,0.1402422978948764
2023-12-24 03:00:00,17.2583915,20.07,0.16035930000017817,0.1378945480851532
2023-12-24 04:00:00,16.945242999999998,20.07,0.1573487999999299,0.1328507051199408
2023-12-24 05:00:00,16.8061915,20.07,0.29302199999982476,0.24537039589985327
2023-12-24 06:00:00,16.890978999999998,20.07,0.15554250000029207,0.1309050872502458
2023-12-24 07:00:00,17.039074499999998,20.07,0.10356119999992407,0.08792162441993552
2023-12-24 08:00:00,17.036813499999997,20.07,0.19508039999995036,0.16559782721995783
2023-12-24 09:00:00,17.0142035,20.07,0.31349339999997955,0.2657618586699827
2023-12-24 10:00:00,16.7858425,20.07,0.11961719999990945,0.10004362129992428
2023-12-24 11:00:00,16.9644615,20.07,0.01786229999998832,0.015098370734990126
2023-12-24 12:00:00,17.0345525,20.07,0.0682380000000292,0.057917478500024794
2023-12-24 13:00:00,16.9418515,20.07,0.038333700000143106,0.0323589363651208
2023-12-24 14:00:00,17.120470499999996,20.07,0.13426829999997372,0.11453594764497754
2023-12-24 15:00:00,17.112557,20.07,0.15453900000008763,0.1317666889000747
2023-12-24 16:00:00,17.136297499999998,20.07,0.30968009999993285,0.2644130704249426
2023-12-24 17:00:00,17.101252,20.07,0.29703599999991237,0.25309852959992535
2023-12-24 18:00:00,16.737231,20.07,0.20270700000004382,0.16904603310003655
2023-12-24 19:00:00,16.342686500000003,20.07,0.3554397000001285,0.2894289779151047
2023-12-24 20:00:00,16.634355499999998,20.07,0.21494969999998248,0.17815394740498547
2023-12-24 21:00:00,17.008550999999997,20.07,0.1826369999999708,0.15477781409997524
2023-12-24 22:00:00,17.028899999999997,20.07,0.18464400000001463,0.15666588000001236
2023-12-24 23:00:00,16.6795755,20.07,0.24625889999978973,0.20465839138482522
2023-12-25 00:00:00,16.918111,21.86,0.15870360000012407,0.12282548586009602
2023-12-25 01:00:00,16.223984,21.86,0.1814379999999841,0.1346590671999882
2023-12-25 02:00:00,16.1459795,21.86,0.16438720000008908,0.12141776584006579
2023-12-25 03:00:00,15.956055499999998,21.86,0.3158769999999364,0.23056500197495353
2023-12-25 04:00:00,15.8565715,21.86,0.19673999999992048,0.14270914349994232
2023-12-25 05:00:00,16.221722999999997,21.86,0.3792710000001272,0.2814468940500944
2023-12-25 06:00:00,16.50887,21.86,0.13575059999982186,0.10252008269986548
2023-12-25 07:00:00,16.748536,21.86,0.103616400000035,0.07938806064002682
2023-12-25 08:00:00,17.355614499999998,21.86,0.08722139999987594,0.0692489018549015
2023-12-25 09:00:00,17.2583915,21.86,0.1477736000002831,0.11666672654022352
2023-12-25 10:00:00,17.2583915,21.86,0.1858100000000795,0.14669632775006278
2023-12-25 11:00:00,17.359005999999997,21.86,0.06339399999979323,0.050341117399835794
2023-12-25 12:00:00,17.365789,21.86,0.16941499999992046,0.13458486474993683
2023-12-25 13:00:00,17.368049999999997,21.86,0.11279759999991729,0.08961913799993428
2023-12-25 14:00:00,17.369299499999997,21.86,0.1497410000002863,0.11897970157522746
2023-12-25 15:00:00,17.677926,21.86,0.18406119999972326,0.1488481369197762
2023-12-25 16:00:00,18.854955,21.86,0.3320534000000509,0.2864067664500439
2023-12-25 17:00:00,19.869549,21.86,0.21138620000012087,0.19213853883010987
2023-12-25 18:00:00,19.702116,21.86,0.21204199999985687,0.19111052519987098
2023-12-25 19:00:00,19.1560845,21.86,0.18821460000017176,0.16493388754515054
2023-12-25 20:00:00,18.607554,21.86,0.34866699999985684,0.29679048629987814
2023-12-25 21:00:00,17.8066245,21.86,0.17619160000010817,0.14352139347008813
2023-12-25 22:00:00,17.9928,21.86,0.1772845999999332,0.145921607999945
2023-12-25 23:00:00,17.378046,21.86,0.1626384000001304,0.1292926622401037
2023-12-26 00:00:00,17.368049999999997,21.86,0.2828683999999714,0.22474256699997722
2023-12-26 01:00:00,17.365789,21.86,0.1744428000001495,0.13857899622011877
2023-12-26 02:00:00,17.355614499999998,21.86,0.16263839999973279,0.12912577187978783
2023-12-26 03:00:00,17.066206499999996,21.86,0.17203820000005723,0.13431104515504466
2023-12-26 04:00:00,16.9508955,21.86,0.23106020000015268,0.17917096543511843
2023-12-26 05:00:00,17.158907499999998,21.86,0.2839613999997964,0.22289420842484017
2023-12-26 06:00:00,17.216563,21.86,0.13465759999999682,0.1060540280799975
2023-12-26 07:00:00,17.264044,21.86,0.38888940000009864,0.30712734276007786
2023-12-26 08:00:00,17.2493475,21.86,0.09509099999988867,0.07503466162491214
2023-12-26 09:00:00,17.359005999999997,21.86,0.0686404000000668,0.05450727884005304
2023-12-26 10:00:00,17.361267,21.86,0.06995199999993638,0.055556054399949484
2023-12-26 11:00:00,17.3623975,21.86,0.04503160000002863,0.03576653885002274
2023-12-26 12:00:00,17.363528,21.86,0.13356460000017178,0.10609115608013645
2023-12-26 13:00:00,17.368049999999997,21.86,0.058803400000050896,0.04672005450004044
2023-12-26 14:00:00,17.438022,21.86,0.43894879999995867,0.35015548175996697
2023-12-26 15:00:00,18.6212985,21.86,0.5869409999998887,0.49998186472490525
2023-12-26 16:00:00,23.283183,21.86,0.5777598000000064,0.6153745266900068
2023-12-26 17:00:00,23.989150500000004,21.86,0.3211233999998123,0.3524006208447941
2023-12-26 18:00:00,24.072867,21.86,0.28396140000019404,0.31270654233021367
2023-12-26 19:00:00,23.996647500000005,21.86,0.21663259999999682,0.23780677672499656
2023-12-26 20:00:00,23.530584000000005,21.86,0.3453879999999841,0.3717832271999829
2023-12-26 21:00:00,22.8596025,21.86,0.18406120000012088,0.1924778530501264
2023-12-26 22:00:00,23.194468500000003,21.86,0.17072659999979006,0.18114879898477726
2023-12-26 23:00:00,24.025386,21.86,0.17422420000010497,0.1914823264201154
2023-12-27 00:00:00,22.534732500000004,21.86,0.3235279999999046,0.33351404099990173
2023-12-27 01:00:00,23.8741965,21.86,0.14405739999992365,0.15733095493491664
2023-12-27 02:00:00,24.5689185,21.86,0.15564320000029583,0.1749306997203325
2023-12-27 03:00:00,23.821717500000005,21.86,0.170289399999701,0.1855711793246742
2023-12-27 04:00:00,23.586811500000003,21.86,0.2830870000000159,0.3054492089250172
2023-12-27 05:00:00,24.362751000000003,21.86,0.33445800000014314,0.3727500903001596
2023-12-27 06:00:00,25.497297000000003,21.86,0.15957799999990457,0.1861302680998887
2023-12-27 07:00:00,27.044178,29.68,0.01187200000025914,0.010817671200236125
2023-12-27 08:00:00,27.7051635,29.68,0.0,0.0
2023-12-27 09:00:00,27.43402200000001,29.68,0.0,0.0
2023-12-27 10:00:00,26.7630405,29.68,0.002968000000064785,0.002676304050058418
2023-12-27 11:00:00,26.703064500000004,29.68,0.0,0.0
2023-12-27 12:00:00,26.58811050000001,29.68,0.0,0.0
2023-12-27 13:00:00,26.349456000000007,29.68,0.0952727999999741,0.08458175375997701
2023-12-27 14:00:00,26.569368000000004,29.68,0.2510927999998661,0.22477685327988017
2023-12-27 15:00:00,27.357802500000005,29.68,0.26148079999982293,0.24102224002483685
2023-12-27 16:00:00,27.335311500000003,29.68,0.6342616000001857,0.5841556067551712
2023-12-27 17:00:00,27.404034000000003,29.68,0.2507959999998057,0.2315640872998206
2023-12-27 18:00:00,26.658082500000003,29.68,0.25376400000041033,0.22792660537536855
2023-12-27 19:00:00,25.471057500000004,21.86,0.2977331999998187,0.3469158031497888
2023-12-27 20:00:00,24.206563500000005,21.86,0.23149739999984412,0.25634750746482743
2023-12-27 21:00:00,20.459313,21.86,0.2205674000000032,0.206434468170003
2023-12-27 22:00:00,19.4909505,21.86,0.2874590000001113,0.25630599907509927
2023-12-27 23:00:00,17.369299499999997,21.86,0.18056360000020358,0.14347041387016174
2023-12-28 00:00:00,17.365789,21.86,0.15761059999990137,0.12520733868992165
2023-12-28 01:00:00,17.279871,21.86,0.1722568000001018,0.13616538348008045
2023-12-28 02:00:00,17.2063885,21.86,0.27543599999965007,0.21680049509972457
2023-12-28 03:00:00,17.210910499999997,21.86,0.1755358000003722,0.13820361131529302
2023-12-28 04:00:00,17.207519,21.86,0.2131349999996819,0.16777331024974962
2023-12-28 05:00:00,17.3375265,21.86,0.355662200000089,0.28208155615507063
2023-12-28 06:00:00,17.370549,21.86,0.10776980000008589,0.08563680657006825
2023-12-28 07:00:00,19.374747,21.86,0.07148219999985049,0.06335542268986749
2023-12-28 08:00:00,22.14114,21.86,0.015520599999980914,0.01572020939998067
2023-12-28 09:00:00,22.2098625,21.86,0.0,0.0
2023-12-28 10:00:00,21.0253365,21.86,0.02382740000008271,0.022917616785079555
2023-12-28 11:00:00,19.1111025,21.86,0.02841800000022267,0.024844433250194677
2023-12-28 12:00:00,18.5263365,21.86,0.03803639999979641,0.03223582550982746
2023-12-28 13:00:00,18.087762,21.86,0.31128640000019403,0.25756973088016055
2023-12-28 14:00:00,19.164831,21.86,0.5381931999998982,0.47183813921991075
2023-12-28 15:00:00,19.324767,21.86,0.5486860000000477,0.4850516517000422
2023-12-28 16:00:00,22.408533,21.86,0.34626239999976466,0.3549511627197587
2023-12-28 17:00:00,23.219458500000005,21.86,0.21663259999999682,0.23010483373499668
2023-12-28 18:00:00,23.103255000000004,21.86,0.2207860000000477,0.23334287550005048
2023-12-28 19:00:00,22.1848725,21.86,0.33664400000019085,0.3416470365001937
2023-12-28 20:00:00,19.864551,21.86,0.24701799999982504,0.224469426299841
2023-12-28 21:00:00,19.0861125,21.86,0.21750700000017495,0.18990681937515275
2023-12-28 22:00:00,19.582164,21.86,0.18318679999994275,0.1640985343199487
2023-12-28 23:00:00,17.493,21.86,0.3031982000001368,0.24262791000010944
2023-12-29 00:00:00,17.368049999999997,21.86,0.17378699999961827,0.13807599749969668
2023-12-29 01:00:00,17.359005999999997,21.86,0.1661360000000477,0.13192844560003786
2023-12-29 02:00:00,17.336396,21.86,0.16132680000026084,0.1279426024802069
2023-12-29 03:00:00,17.2629135,21.86,0.19739580000005408,0.1558841089050427
2023-12-29 04:00:00,17.260652500000003,21.86,0.47589219999993,0.3757644049249448
2023-12-29 05:00:00,17.338656999999998,21.86,0.2972959999997296,0.2358057351997855
2023-12-29 06:00:00,17.360136499999996,21.86,0.397852000000334,0.3159544843002652
2023-12-29 07:00:00,17.366919499999998,21.86,0.07760299999990457,0.061652564224924176
2023-12-29 08:00:00,17.922828,21.86,0.05399419999986639,0.04426938515989046
2023-12-29 09:00:00,17.5042455,21.86,0.04328280000006998,0.03465840609005604
2023-12-29 10:00:00,17.374297499999997,21.86,0.050277999999904566,0.039960884249924146
2023-12-29 11:00:00,17.366919499999998,21.86,0.08306800000022267,0.0659942941001769
2023-12-29 12:00:00,17.44302,21.86,0.09596539999966916,0.07657485779973602
2023-12-29 13:00:00,17.4917505,21.86,0.22166040000022583,0.1773663500701807
2023-12-29 14:00:00,17.646688499999996,21.86,0.16438720000008908,0.1327030975200719
2023-12-29 15:00:00,18.6163005,21.86,0.2207860000000477,0.18802463505004066
2023-12-29 16:00:00,18.620049,21.86,0.18515419999994592,0.15771181502995396
2023-12-29 17:00:00,20.506794,21.86,0.46299480000008586,0.43433389692008056
2023-12-29 18:00:00,20.6904705,21.86,0.1934609999996501,0.18311066392466882
2023-12-29 19:00:00,19.513441499999995,21.86,0.2087629999999841,0.18635336632498575
2023-12-29 20:00:00,18.630045,21.86,0.21553960000017178,0.1836922437001464
2023-12-29 21:00:00,17.997797999999996,21.86,0.3145654000000668,0.25898831322005494
2023-12-29 22:00:00,20.229405,21.86,0.2186,0.20229405
2023-12-29 23:00:00,19.7283555,21.86,0.16591740000000318,0.14973821824500286
2023-12-30 00:00:00,18.1040055,20.07,0.1617642000000993,0.14591828433008958
2023-12-30 01:00:00,17.7141615,20.07,0.14309909999994744,0.1263019714949536
2023-12-30 02:00:00,18.477606,20.07,0.2753603999998773,0.25351275431988707
2023-12-30 03:00:00,18.06777,20.07,0.16858800000002924,0.1517692680000263
2023-12-30 04:00:00,18.085263,20.07,0.15614460000004968,0.14070334614004476
2023-12-30 05:00:00,18.3064245,20.07,0.21314339999997955,0.19441422818998136
2023-12-30 06:00:00,18.0890115,20.07,0.2215727999998715,0.1997026869598842
2023-12-30 07:00:00,19.974507,20.07,0.10857870000021613,0.10806208287021508
2023-12-30 08:00:00,20.8079235,20.07,0.10837799999981015,0.11236278689980318
2023-12-30 09:00:00,20.856654,20.07,0.1916684999999854,0.1991810456999848
2023-12-30 10:00:00,20.3556045,20.07,0.13346550000017524,0.1353647699251777
2023-12-30 11:00:00,19.8533055,20.07,0.3297501000000059,0.3261898093650058
2023-12-30 12:00:00,19.869549,20.07,0.24023790000002337,0.23783850153002312
2023-12-30 13:00:00,20.346858,20.07,0.1324619999999708,0.1342892627999704
2023-12-30 14:00:00,22.620948,20.07,0.15453899999972254,0.17418129959968728
2023-12-30 15:00:00,24.396487500000003,28.47,0.2548065000001243,0.21834856312510653
2023-12-30 16:00:00,26.113300500000005,28.47,0.3111771000002154,0.28541837446519763
2023-12-30 17:00:00,27.381543000000004,28.47,0.372102899999681,0.35787676700969323
2023-12-30 18:00:00,27.3628005,28.47,0.2437032000004516,0.23422557228043403
2023-12-30 19:00:00,26.250745500000004,28.47,0.25167480000000414,0.23205659022000386
2023-12-30 20:00:00,25.116199500000004,28.47,0.2733119999997514,0.24111551519978075
2023-12-30 21:00:00,24.410232000000004,28.47,0.4000035000001864,0.34296375960015996
2023-12-30 22:00:00,23.628045000000004,20.07,0.16176419999973424,0.19044204269968712
2023-12-30 23:00:00,22.769638500000003,20.07,0.16678170000002632,0.18921569593502985
2023-12-31 00:00:00,21.933723,20.07,0.1416942000000263,0.15485208438002873
2023-12-31 01:00:00,19.0261365,20.07,0.25970579999997373,0.2461982063099751
2023-12-31 02:00:00,17.86785,20.07,0.16256700000026286,0.14472958500023403
2023-12-31 03:00:00,17.406784499999997,20.07,0.1601585999997722,0.1389061403098024
2023-12-31 04:00:00,17.440520999999997,20.07,0.15754949999997078,0.1369080898499746
2023-12-31 05:00:00,17.527986,20.07,0.29302200000018985,0.25590859560016577
2023-12-31 06:00:00,17.413031999999998,20.07,0.1553417999998861,0.13477686767990116
2023-12-31 07:00:00,17.3646585,20.07,0.10356119999992407,0.0896016378599343
2023-12-31 08:00:00,17.740401000000002,20.07,0.19528109999999124,0.17261410172999228
2023-12-31 09:00:00,18.505095,20.07,0.31349339999997955,0.28904958389998114
2023-12-31 10:00:00,19.11735,20.07,0.11941650000023366,0.11374823250022255
2023-12-31 11:00:00,18.6812745,20.07,0.018063000000029205,0.016813147050027188
2023-12-31 12:00:00,18.7087635,20.07,0.0682380000000292,0.06360979590002723
2023-12-31 13:00:00,18.0865125,20.07,0.03813299999973715,0.03436437374976313
2023-12-31 14:00:00,18.490101,20.07,0.1344690000000146,0.12388367670001346
2023-12-31 15:00:00,18.9861525,20.07,0.15453900000008763,0.14619337425008289
2023-12-31 16:00:00,19.979505,20.07,0.30968009999993285,0.30828376214993314
2023-12-31 17:00:00,20.61675,20.07,0.2968353000002366,0.304921732500243
2023-12-31 18:00:00,20.2906305,20.07,0.20290769999971964,0.20513827435471654
2023-12-31 19:00:00,18.4926,20.07,0.3552390000000877,0.32731902000008073
2023-12-31 20:00:00,18.3614025,20.07,0.21515040000002336,0.19683423480002138
2023-12-31 21:00:00,18.11775,20.07,0.1826369999999708,0.16487152499997365
2023-12-31 22:00:00,18.702516,20.07,0.18464400000001463,0.1720631472000136
2023-12-31 23:00:00,17.672928,20.07,0.24625890000015482,0.2168468265601363
