Time,Wholesale price corrected,group,tariff
2023-01-01 00:00:00,16.7835815,winter weekend,19.67
2023-01-01 01:00:00,17.247086499999998,winter weekend,19.67
2023-01-01 02:00:00,17.201866499999998,winter weekend,19.67
2023-01-01 03:00:00,16.793756000000002,winter weekend,19.67
2023-01-01 04:00:00,16.8604555,winter weekend,19.67
2023-01-01 05:00:00,16.75758,winter weekend,19.67
2023-01-01 06:00:00,16.800538999999997,winter weekend,19.67
2023-01-01 07:00:00,17.221085,winter weekend,19.67
2023-01-01 08:00:00,17.205258,winter weekend,19.67
2023-01-01 09:00:00,17.2448255,winter weekend,19.67
2023-01-01 10:00:00,17.247086499999998,winter weekend,19.67
2023-01-01 11:00:00,17.247086499999998,winter weekend,19.67
2023-01-01 12:00:00,17.2787405,winter weekend,19.67
2023-01-01 13:00:00,17.3375265,winter weekend,19.67
2023-01-01 14:00:00,17.474257499999997,winter weekend,19.67
2023-01-01 15:00:00,20.3081235,winter weekend,19.67
2023-01-01 16:00:00,21.933723,winter weekend,19.67
2023-01-01 17:00:00,23.1194985,winter weekend,19.67
2023-01-01 18:00:00,24.311521500000005,winter weekend,27.88
2023-01-01 19:00:00,24.234052500000004,winter weekend,27.88
2023-01-01 20:00:00,23.519338500000003,winter weekend,19.67
2023-01-01 21:00:00,22.989550500000004,winter weekend,19.67
2023-01-01 22:00:00,23.110752,winter weekend,19.67
2023-01-01 23:00:00,21.7413,winter weekend,19.67
2023-01-02 00:00:00,24.60390450000001,winter weekend,27.88
2023-01-02 01:00:00,23.8242165,winter weekend,27.88
2023-01-02 02:00:00,23.981653500000004,winter weekend,27.88
2023-01-02 03:00:00,22.877095500000003,winter weekend,19.67
2023-01-02 04:00:00,23.625546000000003,winter weekend,19.67
2023-01-02 05:00:00,26.079564000000005,winter weekend,27.88
2023-01-02 06:00:00,30.497796,winter weekend,27.88
2023-01-02 07:00:00,34.94101800000001,winter weekend,33.58
2023-01-02 08:00:00,35.608251,winter weekend,33.58
2023-01-02 09:00:00,35.74194750000001,winter weekend,33.58
2023-01-02 10:00:00,35.562019500000005,winter weekend,33.58
2023-01-02 11:00:00,35.279632500000005,winter weekend,33.58
2023-01-02 12:00:00,35.408331000000004,winter weekend,33.58
2023-01-02 13:00:00,35.330862,winter weekend,33.58
2023-01-02 14:00:00,35.88564,winter weekend,33.58
2023-01-02 15:00:00,36.77778300000001,winter weekend,33.58
2023-01-02 16:00:00,37.7211555,winter weekend,33.58
2023-01-02 17:00:00,38.60955,winter weekend,33.58
2023-01-02 18:00:00,39.201813,winter weekend,33.58
2023-01-02 19:00:00,37.91732700000001,winter weekend,33.58
2023-01-02 20:00:00,36.485400000000006,winter weekend,33.58
2023-01-02 21:00:00,35.069716500000006,winter weekend,33.58
2023-01-02 22:00:00,34.225054500000006,winter weekend,33.58
2023-01-02 23:00:00,32.88933900000001,winter weekend,33.58
2023-01-03 00:00:00,33.6127995,winter weekend,33.58
2023-01-03 01:00:00,32.36205,winter weekend,33.58
2023-01-03 02:00:00,32.207112,winter weekend,33.58
2023-01-03 03:00:00,31.737300000000005,winter weekend,33.58
2023-01-03 04:00:00,31.566118500000005,winter weekend,33.58
2023-01-03 05:00:00,31.895986500000006,winter weekend,33.58
2023-01-03 06:00:00,34.72610400000001,winter weekend,33.58
2023-01-03 07:00:00,37.35005400000001,winter weekend,33.58
2023-01-03 08:00:00,38.5058415,winter weekend,33.58
2023-01-03 09:00:00,38.756991000000006,winter weekend,33.58
2023-01-03 10:00:00,38.4308715,winter weekend,33.58
2023-01-03 11:00:00,38.54582550000001,winter weekend,33.58
2023-01-03 12:00:00,37.922325,winter weekend,33.58
2023-01-03 13:00:00,37.47375450000001,winter weekend,33.58
2023-01-03 14:00:00,37.742397,winter weekend,33.58
2023-01-03 15:00:00,38.325913500000006,winter weekend,33.58
2023-01-03 16:00:00,38.1859695,winter weekend,33.58
2023-01-03 17:00:00,38.699514,winter weekend,33.58
2023-01-03 18:00:00,38.4758535,winter weekend,33.58
2023-01-03 19:00:00,37.483750500000006,winter weekend,33.58
2023-01-03 20:00:00,36.063069000000006,winter weekend,33.58
2023-01-03 21:00:00,33.73525050000001,winter weekend,33.58
2023-01-03 22:00:00,31.646086500000003,winter weekend,33.58
2023-01-03 23:00:00,29.070867000000003,winter weekend,27.88
2023-01-04 00:00:00,27.475255500000006,winter weekend,27.88
2023-01-04 01:00:00,26.19826650000001,winter weekend,27.88
2023-01-04 02:00:00,22.366050000000005,winter weekend,19.67
2023-01-04 03:00:00,18.452616,winter weekend,19.67
2023-01-04 04:00:00,17.474257499999997,winter weekend,19.67
2023-01-04 05:00:00,18.744999,winter weekend,19.67
2023-01-04 06:00:00,24.99249900000001,winter weekend,27.88
2023-01-04 07:00:00,27.264090000000003,winter weekend,27.88
2023-01-04 08:00:00,27.88884,winter weekend,27.88
2023-01-04 09:00:00,27.778884000000005,winter weekend,27.88
2023-01-04 10:00:00,26.12329650000001,winter weekend,27.88
2023-01-04 11:00:00,27.331563000000003,winter weekend,27.88
2023-01-04 12:00:00,27.475255500000006,winter weekend,27.88
2023-01-04 13:00:00,27.32906400000001,winter weekend,27.88
2023-01-04 14:00:00,27.391539000000005,winter weekend,27.88
2023-01-04 15:00:00,27.331563000000003,winter weekend,27.88
2023-01-04 16:00:00,27.466509,winter weekend,27.88
2023-01-04 17:00:00,28.133742,winter weekend,27.88
2023-01-04 18:00:00,26.399436,winter weekend,27.88
2023-01-04 19:00:00,25.690969500000005,winter weekend,27.88
2023-01-04 20:00:00,22.76589,winter weekend,19.67
2023-01-04 21:00:00,21.2727375,winter weekend,19.67
2023-01-04 22:00:00,21.736302,winter weekend,19.67
2023-01-04 23:00:00,18.5038455,winter weekend,19.67
2023-01-05 00:00:00,17.374297499999997,winter weekend,19.67
2023-01-05 01:00:00,17.3767965,winter weekend,19.67
2023-01-05 02:00:00,17.3767965,winter weekend,19.67
2023-01-05 03:00:00,17.383044,winter weekend,19.67
2023-01-05 04:00:00,17.646688499999996,winter weekend,19.67
2023-01-05 05:00:00,18.6262965,winter weekend,19.67
2023-01-05 06:00:00,24.994998,winter weekend,27.88
2023-01-05 07:00:00,28.2624405,winter weekend,27.88
2023-01-05 08:00:00,29.343258,winter weekend,27.88
2023-01-05 09:00:00,33.0555225,winter weekend,33.58
2023-01-05 10:00:00,33.851454000000004,winter weekend,33.58
2023-01-05 11:00:00,35.2446465,winter weekend,33.58
2023-01-05 12:00:00,34.9747545,winter weekend,33.58
2023-01-05 13:00:00,35.183421,winter weekend,33.58
2023-01-05 14:00:00,36.2392485,winter weekend,33.58
2023-01-05 15:00:00,37.29507600000001,winter weekend,33.58
2023-01-05 16:00:00,38.9506635,winter weekend,33.58
2023-01-05 17:00:00,41.69581499999999,winter weekend,33.58
2023-01-05 18:00:00,41.69206649999999,winter weekend,33.58
2023-01-05 19:00:00,39.60665099999999,winter weekend,33.58
2023-01-05 20:00:00,37.85860050000001,winter weekend,33.58
2023-01-05 21:00:00,36.36045,winter weekend,33.58
2023-01-05 22:00:00,35.440818,winter weekend,33.58
2023-01-05 23:00:00,33.2367,winter weekend,33.58
2023-01-06 00:00:00,30.763939500000006,winter weekend,33.58
2023-01-06 01:00:00,30.000495,winter weekend,27.88
2023-01-06 02:00:00,29.454463500000006,winter weekend,27.88
2023-01-06 03:00:00,27.656433000000003,winter weekend,27.88
2023-01-06 04:00:00,27.605203500000005,winter weekend,27.88
2023-01-06 05:00:00,27.867598500000003,winter weekend,27.88
2023-01-06 06:00:00,29.5194375,winter weekend,27.88
2023-01-06 07:00:00,30.676474500000005,winter weekend,27.88
2023-01-06 08:00:00,32.449515000000005,winter weekend,33.58
2023-01-06 09:00:00,31.969707000000003,winter weekend,33.58
2023-01-06 10:00:00,31.46865750000001,winter weekend,33.58
2023-01-06 11:00:00,31.53363150000001,winter weekend,33.58
2023-01-06 12:00:00,31.737300000000005,winter weekend,33.58
2023-01-06 13:00:00,31.085061000000003,winter weekend,33.58
2023-01-06 14:00:00,32.32581450000001,winter weekend,33.58
2023-01-06 15:00:00,33.090508500000006,winter weekend,33.58
2023-01-06 16:00:00,34.80732150000001,winter weekend,33.58
2023-01-06 17:00:00,36.8515035,winter weekend,33.58
2023-01-06 18:00:00,37.797375,winter weekend,33.58
2023-01-06 19:00:00,35.703213000000005,winter weekend,33.58
2023-01-06 20:00:00,34.783581000000005,winter weekend,33.58
2023-01-06 21:00:00,33.83646000000001,winter weekend,33.58
2023-01-06 22:00:00,33.60405300000001,winter weekend,33.58
2023-01-06 23:00:00,32.524485,winter weekend,33.58
2023-01-07 00:00:00,29.506942500000005,winter weekend,27.88
2023-01-07 01:00:00,29.666878500000003,winter weekend,27.88
2023-01-07 02:00:00,29.369497500000005,winter weekend,27.88
2023-01-07 03:00:00,28.359901500000007,winter weekend,27.88
2023-01-07 04:00:00,27.737650500000008,winter weekend,27.88
2023-01-07 05:00:00,27.812620500000005,winter weekend,27.88
2023-01-07 06:00:00,28.708512,winter weekend,27.88
2023-01-07 07:00:00,30.2641395,winter weekend,27.88
2023-01-07 08:00:00,31.344957,winter weekend,33.58
2023-01-07 09:00:00,31.362450000000003,winter weekend,33.58
2023-01-07 10:00:00,29.86305,winter weekend,27.88
2023-01-07 11:00:00,28.403634000000004,winter weekend,27.88
2023-01-07 12:00:00,28.351155,winter weekend,27.88
2023-01-07 13:00:00,29.119597500000005,winter weekend,27.88
2023-01-07 14:00:00,28.486101,winter weekend,27.88
2023-01-07 15:00:00,28.058772000000005,winter weekend,27.88
2023-01-07 16:00:00,29.12584500000001,winter weekend,27.88
2023-01-07 17:00:00,29.464459500000004,winter weekend,27.88
2023-01-07 18:00:00,29.80307400000001,winter weekend,27.88
2023-01-07 19:00:00,29.185821000000004,winter weekend,27.88
2023-01-07 20:00:00,28.346157000000005,winter weekend,27.88
2023-01-07 21:00:00,25.048726500000004,winter weekend,27.88
2023-01-07 22:00:00,23.61555,winter weekend,19.67
2023-01-07 23:00:00,22.1473875,winter weekend,19.67
2023-01-08 00:00:00,18.7337535,winter weekend,19.67
2023-01-08 01:00:00,18.5013465,winter weekend,19.67
2023-01-08 02:00:00,18.505095,winter weekend,19.67
2023-01-08 03:00:00,17.887842,winter weekend,19.67
2023-01-08 04:00:00,18.065271,winter weekend,19.67
2023-01-08 05:00:00,18.607554,winter weekend,19.67
2023-01-08 06:00:00,18.495099,winter weekend,19.67
2023-01-08 07:00:00,19.4259765,winter weekend,19.67
2023-01-08 08:00:00,23.54307900000001,winter weekend,19.67
2023-01-08 09:00:00,27.71391000000001,winter weekend,27.88
2023-01-08 10:00:00,29.075865000000004,winter weekend,27.88
2023-01-08 11:00:00,30.346606500000007,winter weekend,27.88
2023-01-08 12:00:00,30.0742155,winter weekend,27.88
2023-01-08 13:00:00,29.738100000000006,winter weekend,27.88
2023-01-08 14:00:00,30.399085500000005,winter weekend,27.88
2023-01-08 15:00:00,30.317868000000008,winter weekend,27.88
2023-01-08 16:00:00,31.0013445,winter weekend,33.58
2023-01-08 17:00:00,32.11714800000001,winter weekend,33.58
2023-01-08 18:00:00,32.68816950000001,winter weekend,33.58
2023-01-08 19:00:00,31.0013445,winter weekend,33.58
2023-01-08 20:00:00,30.354103500000004,winter weekend,27.88
2023-01-08 21:00:00,29.666878500000003,winter weekend,27.88
2023-01-08 22:00:00,29.784331500000004,winter weekend,27.88
2023-01-08 23:00:00,27.531483,winter weekend,27.88
2023-01-09 00:00:00,26.755543500000005,winter weekday,26.91
2023-01-09 01:00:00,25.412331000000005,winter weekday,26.91
2023-01-09 02:00:00,24.900036000000007,winter weekday,26.91
2023-01-09 03:00:00,22.2923295,winter weekday,26.91
2023-01-09 04:00:00,23.2719375,winter weekday,26.91
2023-01-09 05:00:00,25.9983465,winter weekday,26.91
2023-01-09 06:00:00,30.7539435,winter weekday,32.09
2023-01-09 07:00:00,37.36005000000001,winter weekday,37.29
2023-01-09 08:00:00,39.85905,winter weekday,37.29
2023-01-09 09:00:00,39.501693,winter weekday,37.29
2023-01-09 10:00:00,37.2438465,winter weekday,37.29
2023-01-09 11:00:00,37.4312715,winter weekday,37.29
2023-01-09 12:00:00,34.931022000000006,winter weekday,37.29
2023-01-09 13:00:00,34.569916500000005,winter weekday,32.09
2023-01-09 14:00:00,35.3071215,winter weekday,37.29
2023-01-09 15:00:00,36.237999,winter weekday,37.29
2023-01-09 16:00:00,37.604952,winter weekday,37.29
2023-01-09 17:00:00,39.3679965,winter weekday,37.29
2023-01-09 18:00:00,40.131441,winter weekday,37.29
2023-01-09 19:00:00,38.7082605,winter weekday,37.29
2023-01-09 20:00:00,37.4237745,winter weekday,37.29
2023-01-09 21:00:00,34.72735350000001,winter weekday,37.29
2023-01-09 22:00:00,33.86145,winter weekday,32.09
2023-01-09 23:00:00,30.90138450000001,winter weekday,32.09
2023-01-10 00:00:00,30.615249,winter weekday,32.09
2023-01-10 01:00:00,29.451964500000003,winter weekday,26.91
2023-01-10 02:00:00,29.255793,winter weekday,26.91
2023-01-10 03:00:00,28.658532,winter weekday,26.91
2023-01-10 04:00:00,29.314519500000007,winter weekday,26.91
2023-01-10 05:00:00,30.937620000000003,winter weekday,32.09
2023-01-10 06:00:00,34.627393500000004,winter weekday,32.09
2023-01-10 07:00:00,36.701563500000006,winter weekday,37.29
2023-01-10 08:00:00,38.0260335,winter weekday,37.29
2023-01-10 09:00:00,37.412529,winter weekday,37.29
2023-01-10 10:00:00,36.701563500000006,winter weekday,37.29
2023-01-10 11:00:00,35.66697750000001,winter weekday,37.29
2023-01-10 12:00:00,35.01348900000001,winter weekday,37.29
2023-01-10 13:00:00,35.070966000000006,winter weekday,37.29
2023-01-10 14:00:00,35.5370295,winter weekday,37.29
2023-01-10 15:00:00,35.60075400000001,winter weekday,37.29
2023-01-10 16:00:00,34.923525000000005,winter weekday,37.29
2023-01-10 17:00:00,35.65323300000001,winter weekday,37.29
2023-01-10 18:00:00,34.917277500000004,winter weekday,37.29
2023-01-10 19:00:00,32.916828,winter weekday,32.09
2023-01-10 20:00:00,30.631492500000004,winter weekday,32.09
2023-01-10 21:00:00,28.179973500000003,winter weekday,26.91
2023-01-10 22:00:00,27.526485000000005,winter weekday,26.91
2023-01-10 23:00:00,22.735902000000006,winter weekday,26.91
2023-01-11 00:00:00,17.9928,winter weekday,26.91
2023-01-11 01:00:00,17.388042,winter weekday,26.91
2023-01-11 02:00:00,17.378046,winter weekday,26.91
2023-01-11 03:00:00,17.369299499999997,winter weekday,26.91
2023-01-11 04:00:00,17.373047999999997,winter weekday,26.91
2023-01-11 05:00:00,17.7116625,winter weekday,26.91
2023-01-11 06:00:00,24.600156,winter weekday,26.91
2023-01-11 07:00:00,28.752244500000007,winter weekday,26.91
2023-01-11 08:00:00,33.291678000000005,winter weekday,32.09
2023-01-11 09:00:00,33.579063000000005,winter weekday,32.09
2023-01-11 10:00:00,33.82521450000001,winter weekday,32.09
2023-01-11 11:00:00,33.61404900000001,winter weekday,32.09
2023-01-11 12:00:00,32.0459265,winter weekday,32.09
2023-01-11 13:00:00,31.18002300000001,winter weekday,32.09
2023-01-11 14:00:00,31.829763000000003,winter weekday,32.09
2023-01-11 15:00:00,32.074665,winter weekday,32.09
2023-01-11 16:00:00,32.26209,winter weekday,32.09
2023-01-11 17:00:00,33.9101805,winter weekday,32.09
2023-01-11 18:00:00,33.97140600000001,winter weekday,32.09
2023-01-11 19:00:00,33.33666000000001,winter weekday,32.09
2023-01-11 20:00:00,31.682322000000006,winter weekday,32.09
2023-01-11 21:00:00,29.047126500000005,winter weekday,26.91
2023-01-11 22:00:00,28.827214500000004,winter weekday,26.91
2023-01-11 23:00:00,25.932123000000004,winter weekday,26.91
2023-01-12 00:00:00,19.852056,winter weekday,26.91
2023-01-12 01:00:00,18.0615225,winter weekday,26.91
2023-01-12 02:00:00,17.9540655,winter weekday,26.91
2023-01-12 03:00:00,17.380544999999998,winter weekday,26.91
2023-01-12 04:00:00,17.6216985,winter weekday,26.91
2023-01-12 05:00:00,20.484303,winter weekday,26.91
2023-01-12 06:00:00,28.078764000000003,winter weekday,26.91
2023-01-12 07:00:00,31.3062225,winter weekday,32.09
2023-01-12 08:00:00,30.716458500000005,winter weekday,32.09
2023-01-12 09:00:00,29.59190850000001,winter weekday,32.09
2023-01-12 10:00:00,27.956313,winter weekday,26.91
2023-01-12 11:00:00,28.286181000000003,winter weekday,26.91
2023-01-12 12:00:00,26.849256000000004,winter weekday,26.91
2023-01-12 13:00:00,27.593958000000004,winter weekday,26.91
2023-01-12 14:00:00,28.38864000000001,winter weekday,26.91
2023-01-12 15:00:00,29.260791000000005,winter weekday,26.91
2023-01-12 16:00:00,29.748096000000004,winter weekday,32.09
2023-01-12 17:00:00,31.363699500000006,winter weekday,32.09
2023-01-12 18:00:00,32.298325500000004,winter weekday,32.09
2023-01-12 19:00:00,29.961760500000008,winter weekday,32.09
2023-01-12 20:00:00,29.781832500000004,winter weekday,32.09
2023-01-12 21:00:00,27.960061500000005,winter weekday,26.91
2023-01-12 22:00:00,26.168278500000003,winter weekday,26.91
2023-01-12 23:00:00,22.312321500000003,winter weekday,26.91
2023-01-13 00:00:00,21.446418,winter weekday,26.91
2023-01-13 01:00:00,19.4909505,winter weekday,26.91
2023-01-13 02:00:00,18.4926,winter weekday,26.91
2023-01-13 03:00:00,17.620448999999997,winter weekday,26.91
2023-01-13 04:00:00,17.6941695,winter weekday,26.91
2023-01-13 05:00:00,20.524287,winter weekday,26.91
2023-01-13 06:00:00,24.207813000000005,winter weekday,26.91
2023-01-13 07:00:00,28.348656000000005,winter weekday,26.91
2023-01-13 08:00:00,30.606502500000005,winter weekday,32.09
2023-01-13 09:00:00,29.943018,winter weekday,32.09
2023-01-13 10:00:00,29.219557500000004,winter weekday,26.91
2023-01-13 11:00:00,27.980053500000004,winter weekday,26.91
2023-01-13 12:00:00,26.930473500000005,winter weekday,26.91
2023-01-13 13:00:00,26.144538,winter weekday,26.91
2023-01-13 14:00:00,26.558122500000003,winter weekday,26.91
2023-01-13 15:00:00,27.345307500000004,winter weekday,26.91
2023-01-13 16:00:00,28.02753450000001,winter weekday,26.91
2023-01-13 17:00:00,29.475705000000005,winter weekday,26.91
2023-01-13 18:00:00,29.4844515,winter weekday,26.91
2023-01-13 19:00:00,29.352004500000003,winter weekday,26.91
2023-01-13 20:00:00,27.981303000000004,winter weekday,26.91
2023-01-13 21:00:00,26.9754555,winter weekday,26.91
2023-01-13 22:00:00,26.92797450000001,winter weekday,26.91
2023-01-13 23:00:00,25.902135000000005,winter weekday,26.91
2023-01-14 00:00:00,20.576766,winter weekend,19.67
2023-01-14 01:00:00,21.693819,winter weekend,19.67
2023-01-14 02:00:00,22.953315000000007,winter weekend,19.67
2023-01-14 03:00:00,22.519738500000003,winter weekend,19.67
2023-01-14 04:00:00,22.453515000000003,winter weekend,19.67
2023-01-14 05:00:00,22.451016000000003,winter weekend,19.67
2023-01-14 06:00:00,23.003295000000005,winter weekend,19.67
2023-01-14 07:00:00,24.007893000000006,winter weekend,27.88
2023-01-14 08:00:00,23.907933000000007,winter weekend,27.88
2023-01-14 09:00:00,24.135342000000005,winter weekend,27.88
2023-01-14 10:00:00,23.6742765,winter weekend,19.67
2023-01-14 11:00:00,24.241549500000005,winter weekend,27.88
2023-01-14 12:00:00,23.479354500000003,winter weekend,19.67
2023-01-14 13:00:00,20.5230375,winter weekend,19.67
2023-01-14 14:00:00,19.044879,winter weekend,19.67
2023-01-14 15:00:00,18.4988475,winter weekend,19.67
2023-01-14 16:00:00,18.497598,winter weekend,19.67
2023-01-14 17:00:00,18.747498,winter weekend,19.67
2023-01-14 18:00:00,19.0786155,winter weekend,19.67
2023-01-14 19:00:00,18.222708,winter weekend,19.67
2023-01-14 20:00:00,18.4963485,winter weekend,19.67
2023-01-14 21:00:00,18.5013465,winter weekend,19.67
2023-01-14 22:00:00,18.105255,winter weekend,19.67
2023-01-14 23:00:00,18.0165405,winter weekend,19.67
2023-01-15 00:00:00,17.860353,winter weekend,19.67
2023-01-15 01:00:00,17.5817145,winter weekend,19.67
2023-01-15 02:00:00,17.880345000000002,winter weekend,19.67
2023-01-15 03:00:00,17.699167499999998,winter weekend,19.67
2023-01-15 04:00:00,17.726656499999997,winter weekend,19.67
2023-01-15 05:00:00,17.8690995,winter weekend,19.67
2023-01-15 06:00:00,17.565471,winter weekend,19.67
2023-01-15 07:00:00,17.585462999999997,winter weekend,19.67
2023-01-15 08:00:00,18.502596,winter weekend,19.67
2023-01-15 09:00:00,18.6562845,winter weekend,19.67
2023-01-15 10:00:00,18.4938495,winter weekend,19.67
2023-01-15 11:00:00,18.3713985,winter weekend,19.67
2023-01-15 12:00:00,18.212712,winter weekend,19.67
2023-01-15 13:00:00,17.420529,winter weekend,19.67
2023-01-15 14:00:00,17.4042855,winter weekend,19.67
2023-01-15 15:00:00,17.408033999999997,winter weekend,19.67
2023-01-15 16:00:00,17.425527,winter weekend,19.67
2023-01-15 17:00:00,17.524237499999998,winter weekend,19.67
2023-01-15 18:00:00,20.7354525,winter weekend,19.67
2023-01-15 19:00:00,20.5255365,winter weekend,19.67
2023-01-15 20:00:00,18.8886915,winter weekend,19.67
2023-01-15 21:00:00,19.8283155,winter weekend,19.67
2023-01-15 22:00:00,21.383943,winter weekend,19.67
2023-01-15 23:00:00,22.0499265,winter weekend,19.67
2023-01-16 00:00:00,24.8662995,winter weekday,26.91
2023-01-16 01:00:00,24.8662995,winter weekday,26.91
2023-01-16 02:00:00,25.20491400000001,winter weekday,26.91
2023-01-16 03:00:00,24.377745000000004,winter weekday,26.91
2023-01-16 04:00:00,25.27738500000001,winter weekday,26.91
2023-01-16 05:00:00,28.238700000000005,winter weekday,26.91
2023-01-16 06:00:00,36.689068500000005,winter weekday,37.29
2023-01-16 07:00:00,39.248044500000006,winter weekday,37.29
2023-01-16 08:00:00,40.6075005,winter weekday,37.29
2023-01-16 09:00:00,38.60955,winter weekday,37.29
2023-01-16 10:00:00,36.13554,winter weekday,37.29
2023-01-16 11:00:00,36.2217555,winter weekday,37.29
2023-01-16 12:00:00,35.740698,winter weekday,37.29
2023-01-16 13:00:00,34.9697565,winter weekday,37.29
2023-01-16 14:00:00,35.01598800000001,winter weekday,37.29
2023-01-16 15:00:00,35.572015500000006,winter weekday,37.29
2023-01-16 16:00:00,36.21175950000001,winter weekday,37.29
2023-01-16 17:00:00,38.2084605,winter weekday,37.29
2023-01-16 18:00:00,39.074364,winter weekday,37.29
2023-01-16 19:00:00,36.173025,winter weekday,37.29
2023-01-16 20:00:00,34.4824515,winter weekday,32.09
2023-01-16 21:00:00,33.329163,winter weekday,32.09
2023-01-16 22:00:00,32.76688800000001,winter weekday,32.09
2023-01-16 23:00:00,31.03758,winter weekday,32.09
2023-01-17 00:00:00,29.643138000000008,winter weekday,32.09
2023-01-17 01:00:00,29.189569500000005,winter weekday,26.91
2023-01-17 02:00:00,28.852204500000006,winter weekday,26.91
2023-01-17 03:00:00,28.5523245,winter weekday,26.91
2023-01-17 04:00:00,28.834711500000004,winter weekday,26.91
2023-01-17 05:00:00,29.86305,winter weekday,32.09
2023-01-17 06:00:00,31.982202000000004,winter weekday,32.09
2023-01-17 07:00:00,34.96101000000001,winter weekday,37.29
2023-01-17 08:00:00,36.35545200000001,winter weekday,37.29
2023-01-17 09:00:00,34.37374500000001,winter weekday,32.09
2023-01-17 10:00:00,33.1329915,winter weekday,32.09
2023-01-17 11:00:00,32.7056625,winter weekday,32.09
2023-01-17 12:00:00,31.870996500000004,winter weekday,32.09
2023-01-17 13:00:00,33.556572,winter weekday,32.09
2023-01-17 14:00:00,35.616997500000004,winter weekday,37.29
2023-01-17 15:00:00,37.84110750000001,winter weekday,37.29
2023-01-17 16:00:00,39.8652975,winter weekday,37.29
2023-01-17 17:00:00,40.96235849999999,winter weekday,37.29
2023-01-17 18:00:00,39.471705,winter weekday,37.29
2023-01-17 19:00:00,39.304272000000005,winter weekday,37.29
2023-01-17 20:00:00,36.612849,winter weekday,37.29
2023-01-17 21:00:00,35.643237000000006,winter weekday,37.29
2023-01-17 22:00:00,34.853553,winter weekday,37.29
2023-01-17 23:00:00,33.3279135,winter weekday,32.09
2023-01-18 00:00:00,32.718157500000004,winter weekday,32.09
2023-01-18 01:00:00,32.946816,winter weekday,32.09
2023-01-18 02:00:00,32.941818000000005,winter weekday,32.09
2023-01-18 03:00:00,32.720656500000004,winter weekday,32.09
2023-01-18 04:00:00,32.3508045,winter weekday,32.09
2023-01-18 05:00:00,33.18672000000001,winter weekday,32.09
2023-01-18 06:00:00,36.450414,winter weekday,37.29
2023-01-18 07:00:00,38.8207155,winter weekday,37.29
2023-01-18 08:00:00,40.94236649999999,winter weekday,37.29
2023-01-18 09:00:00,40.2476445,winter weekday,37.29
2023-01-18 10:00:00,37.51623750000001,winter weekday,37.29
2023-01-18 11:00:00,36.4166775,winter weekday,37.29
2023-01-18 12:00:00,34.9697565,winter weekday,37.29
2023-01-18 13:00:00,35.01598800000001,winter weekday,37.29
2023-01-18 14:00:00,35.15218350000001,winter weekday,37.29
2023-01-18 15:00:00,36.44666550000001,winter weekday,37.29
2023-01-18 16:00:00,36.5866095,winter weekday,37.29
2023-01-18 17:00:00,37.939818,winter weekday,37.29
2023-01-18 18:00:00,37.230102,winter weekday,37.29
2023-01-18 19:00:00,34.0551225,winter weekday,32.09
2023-01-18 20:00:00,34.546176,winter weekday,32.09
2023-01-18 21:00:00,33.795226500000005,winter weekday,32.09
2023-01-18 22:00:00,33.4853505,winter weekday,32.09
2023-01-18 23:00:00,31.447416000000004,winter weekday,32.09
2023-01-19 00:00:00,31.303723500000004,winter weekday,32.09
2023-01-19 01:00:00,30.735201000000004,winter weekday,32.09
2023-01-19 02:00:00,30.484051500000003,winter weekday,32.09
2023-01-19 03:00:00,30.07796400000001,winter weekday,32.09
2023-01-19 04:00:00,29.755593,winter weekday,32.09
2023-01-19 05:00:00,31.231252500000007,winter weekday,32.09
2023-01-19 06:00:00,32.139639,winter weekday,32.09
2023-01-19 07:00:00,36.063069000000006,winter weekday,37.29
2023-01-19 08:00:00,37.3513035,winter weekday,37.29
2023-01-19 09:00:00,36.845256000000006,winter weekday,37.29
2023-01-19 10:00:00,36.71155950000001,winter weekday,37.29
2023-01-19 11:00:00,34.6898685,winter weekday,32.09
2023-01-19 12:00:00,36.1192965,winter weekday,37.29
2023-01-19 13:00:00,36.7190565,winter weekday,37.29
2023-01-19 14:00:00,37.4212755,winter weekday,37.29
2023-01-19 15:00:00,39.746595,winter weekday,37.29
2023-01-19 16:00:00,40.6449855,winter weekday,37.29
2023-01-19 17:00:00,42.19936349999999,winter weekday,37.29
2023-01-19 18:00:00,42.05442149999999,winter weekday,37.29
2023-01-19 19:00:00,40.6449855,winter weekday,37.29
2023-01-19 20:00:00,38.600803500000005,winter weekday,37.29
2023-01-19 21:00:00,37.331311500000005,winter weekday,37.29
2023-01-19 22:00:00,37.62744300000001,winter weekday,37.29
2023-01-19 23:00:00,34.798575,winter weekday,37.29
2023-01-20 00:00:00,35.72195550000001,winter weekday,37.29
2023-01-20 01:00:00,35.423325,winter weekday,37.29
2023-01-20 02:00:00,35.165928,winter weekday,37.29
2023-01-20 03:00:00,35.210910000000005,winter weekday,37.29
2023-01-20 04:00:00,35.483301000000004,winter weekday,37.29
2023-01-20 05:00:00,36.173025,winter weekday,37.29
2023-01-20 06:00:00,39.3604995,winter weekday,37.29
2023-01-20 07:00:00,43.36639649999999,winter weekday,37.29
2023-01-20 08:00:00,46.73879699999999,winter weekday,37.29
2023-01-20 09:00:00,45.06946499999999,winter weekday,37.29
2023-01-20 10:00:00,43.57881149999999,winter weekday,37.29
2023-01-20 11:00:00,42.547974,winter weekday,37.29
2023-01-20 12:00:00,41.01608699999999,winter weekday,37.29
2023-01-20 13:00:00,40.0627185,winter weekday,37.29
2023-01-20 14:00:00,40.153932000000005,winter weekday,37.29
2023-01-20 15:00:00,41.35844999999999,winter weekday,37.29
2023-01-20 16:00:00,42.35804999999999,winter weekday,37.29
2023-01-20 17:00:00,43.38513899999999,winter weekday,37.29
2023-01-20 18:00:00,43.40763,winter weekday,37.29
2023-01-20 19:00:00,41.98319999999999,winter weekday,37.29
2023-01-20 20:00:00,39.321765,winter weekday,37.29
2023-01-20 21:00:00,38.1559815,winter weekday,37.29
2023-01-20 22:00:00,37.747395,winter weekday,37.29
2023-01-20 23:00:00,35.8044225,winter weekday,37.29
2023-01-21 00:00:00,35.37709350000001,winter weekend,33.58
2023-01-21 01:00:00,34.86854700000001,winter weekend,33.58
2023-01-21 02:00:00,34.88479050000001,winter weekend,33.58
2023-01-21 03:00:00,34.078863000000005,winter weekend,33.58
2023-01-21 04:00:00,33.766488,winter weekend,33.58
2023-01-21 05:00:00,33.868947000000006,winter weekend,33.58
2023-01-21 06:00:00,33.67027650000001,winter weekend,33.58
2023-01-21 07:00:00,34.8922875,winter weekend,33.58
2023-01-21 08:00:00,36.420426000000006,winter weekend,33.58
2023-01-21 09:00:00,38.816967,winter weekend,33.58
2023-01-21 10:00:00,38.6107995,winter weekend,33.58
2023-01-21 11:00:00,36.977703000000005,winter weekend,33.58
2023-01-21 12:00:00,35.849404500000006,winter weekend,33.58
2023-01-21 13:00:00,34.488699000000004,winter weekend,33.58
2023-01-21 14:00:00,34.433721000000006,winter weekend,33.58
2023-01-21 15:00:00,34.348755000000004,winter weekend,33.58
2023-01-21 16:00:00,35.38833900000001,winter weekend,33.58
2023-01-21 17:00:00,39.099354,winter weekend,33.58
2023-01-21 18:00:00,39.7203555,winter weekend,33.58
2023-01-21 19:00:00,35.300874,winter weekend,33.58
2023-01-21 20:00:00,34.6773735,winter weekend,33.58
2023-01-21 21:00:00,34.366248000000006,winter weekend,33.58
2023-01-21 22:00:00,33.846456,winter weekend,33.58
2023-01-21 23:00:00,32.082162000000004,winter weekend,33.58
2023-01-22 00:00:00,33.31167000000001,winter weekend,33.58
2023-01-22 01:00:00,32.238349500000005,winter weekend,33.58
2023-01-22 02:00:00,31.9584615,winter weekend,33.58
2023-01-22 03:00:00,32.155882500000004,winter weekend,33.58
2023-01-22 04:00:00,32.626944,winter weekend,33.58
2023-01-22 05:00:00,32.085910500000004,winter weekend,33.58
2023-01-22 06:00:00,33.31167000000001,winter weekend,33.58
2023-01-22 07:00:00,33.31167000000001,winter weekend,33.58
2023-01-22 08:00:00,34.5499245,winter weekend,33.58
2023-01-22 09:00:00,35.58825900000001,winter weekend,33.58
2023-01-22 10:00:00,36.270486000000005,winter weekend,33.58
2023-01-22 11:00:00,37.5787125,winter weekend,33.58
2023-01-22 12:00:00,37.553722500000006,winter weekend,33.58
2023-01-22 13:00:00,36.11055,winter weekend,33.58
2023-01-22 14:00:00,36.72280500000001,winter weekend,33.58
2023-01-22 15:00:00,37.046425500000005,winter weekend,33.58
2023-01-22 16:00:00,38.7382485,winter weekend,33.58
2023-01-22 17:00:00,41.35720049999999,winter weekend,33.58
2023-01-22 18:00:00,42.61669649999999,winter weekend,33.58
2023-01-22 19:00:00,42.2568405,winter weekend,33.58
2023-01-22 20:00:00,39.7353495,winter weekend,33.58
2023-01-22 21:00:00,38.7057615,winter weekend,33.58
2023-01-22 22:00:00,37.71740700000001,winter weekend,33.58
2023-01-22 23:00:00,36.555372000000006,winter weekend,33.58
2023-01-23 00:00:00,35.980602000000005,winter weekday,37.29
2023-01-23 01:00:00,35.985600000000005,winter weekday,37.29
2023-01-23 02:00:00,35.910630000000005,winter weekday,37.29
2023-01-23 03:00:00,35.80942050000001,winter weekday,37.29
2023-01-23 04:00:00,36.095556,winter weekday,37.29
2023-01-23 05:00:00,36.150534,winter weekday,37.29
2023-01-23 06:00:00,41.10355199999999,winter weekday,37.29
2023-01-23 07:00:00,45.67422299999999,winter weekday,37.29
2023-01-23 08:00:00,49.59515399999999,winter weekday,37.29
2023-01-23 09:00:00,51.132039,winter weekday,37.29
2023-01-23 10:00:00,48.59805299999999,winter weekday,37.29
2023-01-23 11:00:00,46.1352885,winter weekday,37.29
2023-01-23 12:00:00,44.97575249999999,winter weekday,37.29
2023-01-23 13:00:00,44.75459099999999,winter weekday,37.29
2023-01-23 14:00:00,44.81831549999999,winter weekday,37.29
2023-01-23 15:00:00,44.7308505,winter weekday,37.29
2023-01-23 16:00:00,45.429321,winter weekday,37.29
2023-01-23 17:00:00,48.468105,winter weekday,37.29
2023-01-23 18:00:00,48.36439649999999,winter weekday,37.29
2023-01-23 19:00:00,45.25564049999999,winter weekday,37.29
2023-01-23 20:00:00,42.79912349999999,winter weekday,37.29
2023-01-23 21:00:00,40.3600995,winter weekday,37.29
2023-01-23 22:00:00,38.8706955,winter weekday,37.29
2023-01-23 23:00:00,37.794876,winter weekday,37.29
2023-01-24 00:00:00,37.9660575,winter weekday,37.29
2023-01-24 01:00:00,37.3687965,winter weekday,37.29
2023-01-24 02:00:00,36.7090605,winter weekday,37.29
2023-01-24 03:00:00,35.991847500000006,winter weekday,37.29
2023-01-24 04:00:00,36.56661750000001,winter weekday,37.29
2023-01-24 05:00:00,37.777383,winter weekday,37.29
2023-01-24 06:00:00,40.310119500000006,winter weekday,37.29
2023-01-24 07:00:00,43.617546,winter weekday,37.29
2023-01-24 08:00:00,48.74299499999999,winter weekday,37.29
2023-01-24 09:00:00,49.40897849999999,winter weekday,37.29
2023-01-24 10:00:00,47.18861699999999,winter weekday,37.29
2023-01-24 11:00:00,46.10405099999999,winter weekday,37.29
2023-01-24 12:00:00,44.59715399999999,winter weekday,37.29
2023-01-24 13:00:00,43.1139975,winter weekday,37.29
2023-01-24 14:00:00,44.267285999999984,winter weekday,37.29
2023-01-24 15:00:00,44.60465099999999,winter weekday,37.29
2023-01-24 16:00:00,45.429321,winter weekday,37.29
2023-01-24 17:00:00,48.60554999999999,winter weekday,37.29
2023-01-24 18:00:00,48.60554999999999,winter weekday,37.29
2023-01-24 19:00:00,46.2502425,winter weekday,37.29
2023-01-24 20:00:00,44.109849,winter weekday,37.29
2023-01-24 21:00:00,40.7799315,winter weekday,37.29
2023-01-24 22:00:00,38.9131785,winter weekday,37.29
2023-01-24 23:00:00,37.63993800000001,winter weekday,37.29
2023-01-25 00:00:00,36.0068415,winter weekday,37.29
2023-01-25 01:00:00,36.21425850000001,winter weekday,37.29
2023-01-25 02:00:00,36.199264500000005,winter weekday,37.29
2023-01-25 03:00:00,35.8069215,winter weekday,37.29
2023-01-25 04:00:00,35.698215000000005,winter weekday,37.29
2023-01-25 05:00:00,36.2167575,winter weekday,37.29
2023-01-25 06:00:00,38.68452,winter weekday,37.29
2023-01-25 07:00:00,42.36929549999999,winter weekday,37.29
2023-01-25 08:00:00,45.48679799999999,winter weekday,37.29
2023-01-25 09:00:00,45.48179999999999,winter weekday,37.29
2023-01-25 10:00:00,43.909928999999984,winter weekday,37.29
2023-01-25 11:00:00,42.48050099999999,winter weekday,37.29
2023-01-25 12:00:00,41.50838999999999,winter weekday,37.29
2023-01-25 13:00:00,40.508790000000005,winter weekday,37.29
2023-01-25 14:00:00,41.320965,winter weekday,37.29
2023-01-25 15:00:00,42.02068499999999,winter weekday,37.29
2023-01-25 16:00:00,42.2568405,winter weekday,37.29
2023-01-25 17:00:00,43.15148249999999,winter weekday,37.29
2023-01-25 18:00:00,43.43511899999999,winter weekday,37.29
2023-01-25 19:00:00,41.50963949999999,winter weekday,37.29
2023-01-25 20:00:00,39.1455855,winter weekday,37.29
2023-01-25 21:00:00,38.1035025,winter weekday,37.29
2023-01-25 22:00:00,37.8111195,winter weekday,37.29
2023-01-25 23:00:00,36.51413850000001,winter weekday,37.29
2023-01-26 00:00:00,36.11055,winter weekday,37.29
2023-01-26 01:00:00,34.9022835,winter weekday,37.29
2023-01-26 02:00:00,34.502443500000005,winter weekday,32.09
2023-01-26 03:00:00,34.1900685,winter weekday,32.09
2023-01-26 04:00:00,34.3624995,winter weekday,32.09
2023-01-26 05:00:00,35.342107500000004,winter weekday,37.29
2023-01-26 06:00:00,38.06976600000001,winter weekday,37.29
2023-01-26 07:00:00,40.731201000000006,winter weekday,37.29
2023-01-26 08:00:00,42.22685249999999,winter weekday,37.29
2023-01-26 09:00:00,42.72165449999999,winter weekday,37.29
2023-01-26 10:00:00,41.99694449999999,winter weekday,37.29
2023-01-26 11:00:00,41.63708849999999,winter weekday,37.29
2023-01-26 12:00:00,40.7574405,winter weekday,37.29
2023-01-26 13:00:00,40.448814,winter weekday,37.29
2023-01-26 14:00:00,40.018986000000005,winter weekday,37.29
2023-01-26 15:00:00,39.311769,winter weekday,37.29
2023-01-26 16:00:00,38.467107000000006,winter weekday,37.29
2023-01-26 17:00:00,40.63374,winter weekday,37.29
2023-01-26 18:00:00,39.950263500000005,winter weekday,37.29
2023-01-26 19:00:00,38.6782725,winter weekday,37.29
2023-01-26 20:00:00,37.2338505,winter weekday,37.29
2023-01-26 21:00:00,36.665328,winter weekday,37.29
2023-01-26 22:00:00,36.07931250000001,winter weekday,37.29
2023-01-26 23:00:00,34.5999045,winter weekday,32.09
2023-01-27 00:00:00,34.23630000000001,winter weekday,32.09
2023-01-27 01:00:00,33.8901885,winter weekday,32.09
2023-01-27 02:00:00,33.651534000000005,winter weekday,32.09
2023-01-27 03:00:00,33.000544500000004,winter weekday,32.09
2023-01-27 04:00:00,33.4003845,winter weekday,32.09
2023-01-27 05:00:00,34.126344,winter weekday,32.09
2023-01-27 06:00:00,36.2367495,winter weekday,37.29
2023-01-27 07:00:00,39.371745,winter weekday,37.29
2023-01-27 08:00:00,41.73329999999999,winter weekday,37.29
2023-01-27 09:00:00,42.2568405,winter weekday,37.29
2023-01-27 10:00:00,41.73329999999999,winter weekday,37.29
2023-01-27 11:00:00,41.10855,winter weekday,37.29
2023-01-27 12:00:00,40.241397000000006,winter weekday,37.29
2023-01-27 13:00:00,39.85905,winter weekday,37.29
2023-01-27 14:00:00,40.046475,winter weekday,37.29
2023-01-27 15:00:00,40.4838,winter weekday,37.29
2023-01-27 16:00:00,40.85864999999999,winter weekday,37.29
2023-01-27 17:00:00,42.11439749999999,winter weekday,37.29
2023-01-27 18:00:00,42.44551499999999,winter weekday,37.29
2023-01-27 19:00:00,41.57086499999999,winter weekday,37.29
2023-01-27 20:00:00,40.046475,winter weekday,37.29
2023-01-27 21:00:00,38.1409875,winter weekday,37.29
2023-01-27 22:00:00,36.750294,winter weekday,37.29
2023-01-27 23:00:00,35.61075,winter weekday,37.29
2023-01-28 00:00:00,34.848555000000005,winter weekend,33.58
2023-01-28 01:00:00,34.243797,winter weekend,33.58
2023-01-28 02:00:00,34.033881,winter weekend,33.58
2023-01-28 03:00:00,33.5603205,winter weekend,33.58
2023-01-28 04:00:00,33.021786000000006,winter weekend,33.58
2023-01-28 05:00:00,32.7156585,winter weekend,33.58
2023-01-28 06:00:00,33.46785750000001,winter weekend,33.58
2023-01-28 07:00:00,34.401234,winter weekend,33.58
2023-01-28 08:00:00,35.5395285,winter weekend,33.58
2023-01-28 09:00:00,37.380042,winter weekend,33.58
2023-01-28 10:00:00,37.55622150000001,winter weekend,33.58
2023-01-28 11:00:00,37.022685,winter weekend,33.58
2023-01-28 12:00:00,35.055972000000004,winter weekend,33.58
2023-01-28 13:00:00,34.276284000000004,winter weekend,33.58
2023-01-28 14:00:00,34.631142000000004,winter weekend,33.58
2023-01-28 15:00:00,35.753193,winter weekend,33.58
2023-01-28 16:00:00,36.64408650000001,winter weekend,33.58
2023-01-28 17:00:00,37.97605350000001,winter weekend,33.58
2023-01-28 18:00:00,39.11684699999999,winter weekend,33.58
2023-01-28 19:00:00,37.80487200000001,winter weekend,33.58
2023-01-28 20:00:00,36.105552,winter weekend,33.58
2023-01-28 21:00:00,35.626993500000005,winter weekend,33.58
2023-01-28 22:00:00,35.139688500000005,winter weekend,33.58
2023-01-28 23:00:00,34.833561,winter weekend,33.58
2023-01-29 00:00:00,36.7165575,winter weekend,33.58
2023-01-29 01:00:00,33.569067000000004,winter weekend,33.58
2023-01-29 02:00:00,33.140488500000004,winter weekend,33.58
2023-01-29 03:00:00,32.8156185,winter weekend,33.58
2023-01-29 04:00:00,32.84560650000001,winter weekend,33.58
2023-01-29 05:00:00,32.7531435,winter weekend,33.58
2023-01-29 06:00:00,33.329163,winter weekend,33.58
2023-01-29 07:00:00,34.018887,winter weekend,33.58
2023-01-29 08:00:00,35.8693965,winter weekend,33.58
2023-01-29 09:00:00,36.831511500000005,winter weekend,33.58
2023-01-29 10:00:00,32.956812000000006,winter weekend,33.58
2023-01-29 11:00:00,32.494497,winter weekend,33.58
2023-01-29 12:00:00,31.776034500000005,winter weekend,33.58
2023-01-29 13:00:00,31.733551500000004,winter weekend,33.58
2023-01-29 14:00:00,32.4907485,winter weekend,33.58
2023-01-29 15:00:00,33.049275,winter weekend,33.58
2023-01-29 16:00:00,33.6227955,winter weekend,33.58
2023-01-29 17:00:00,36.877743,winter weekend,33.58
2023-01-29 18:00:00,36.530382,winter weekend,33.58
2023-01-29 19:00:00,33.442867500000006,winter weekend,33.58
2023-01-29 20:00:00,29.843058000000006,winter weekend,27.88
2023-01-29 21:00:00,27.98880000000001,winter weekend,27.88
2023-01-29 22:00:00,27.342808500000004,winter weekend,27.88
2023-01-29 23:00:00,25.409832000000005,winter weekend,27.88
2023-01-30 00:00:00,22.990800000000004,winter weekday,26.91
2023-01-30 01:00:00,18.105255,winter weekday,26.91
2023-01-30 02:00:00,18.0015465,winter weekday,26.91
2023-01-30 03:00:00,17.6216985,winter weekday,26.91
2023-01-30 04:00:00,18.4963485,winter weekday,26.91
2023-01-30 05:00:00,22.0499265,winter weekday,26.91
2023-01-30 06:00:00,28.376145000000005,winter weekday,26.91
2023-01-30 07:00:00,30.135441000000004,winter weekday,32.09
2023-01-30 08:00:00,31.799775000000007,winter weekday,32.09
2023-01-30 09:00:00,29.963010000000004,winter weekday,32.09
2023-01-30 10:00:00,29.464459500000004,winter weekday,26.91
2023-01-30 11:00:00,28.392388500000003,winter weekday,26.91
2023-01-30 12:00:00,28.126245000000004,winter weekday,26.91
2023-01-30 13:00:00,27.786381,winter weekday,26.91
2023-01-30 14:00:00,28.408632000000004,winter weekday,26.91
2023-01-30 15:00:00,28.128744,winter weekday,26.91
2023-01-30 16:00:00,28.574815500000003,winter weekday,26.91
2023-01-30 17:00:00,29.690619,winter weekday,32.09
2023-01-30 18:00:00,29.399485500000004,winter weekday,26.91
2023-01-30 19:00:00,29.950515000000006,winter weekday,32.09
2023-01-30 20:00:00,28.607302500000003,winter weekday,26.91
2023-01-30 21:00:00,28.219957500000003,winter weekday,26.91
2023-01-30 22:00:00,28.38239250000001,winter weekday,26.91
2023-01-30 23:00:00,28.713510000000003,winter weekday,26.91
2023-01-31 00:00:00,29.114599500000008,winter weekday,26.91
2023-01-31 01:00:00,29.631892500000006,winter weekday,32.09
2023-01-31 02:00:00,29.631892500000006,winter weekday,32.09
2023-01-31 03:00:00,29.97675450000001,winter weekday,32.09
2023-01-31 04:00:00,30.524035500000004,winter weekday,32.09
2023-01-31 05:00:00,31.0538235,winter weekday,32.09
2023-01-31 06:00:00,35.403333,winter weekday,37.29
2023-01-31 07:00:00,38.78448,winter weekday,37.29
2023-01-31 08:00:00,40.23140099999999,winter weekday,37.29
2023-01-31 09:00:00,38.602053000000005,winter weekday,37.29
2023-01-31 10:00:00,38.2484445,winter weekday,37.29
2023-01-31 11:00:00,35.65198350000001,winter weekday,37.29
2023-01-31 12:00:00,34.639888500000005,winter weekday,32.09
2023-01-31 13:00:00,32.8256145,winter weekday,32.09
2023-01-31 14:00:00,30.69021900000001,winter weekday,32.09
2023-01-31 15:00:00,30.875145000000003,winter weekday,32.09
2023-01-31 16:00:00,30.07921350000001,winter weekday,32.09
2023-01-31 17:00:00,30.26039100000001,winter weekday,32.09
2023-01-31 18:00:00,30.982602000000004,winter weekday,32.09
2023-01-31 19:00:00,29.898036000000005,winter weekday,32.09
2023-01-31 20:00:00,29.228304000000005,winter weekday,26.91
2023-01-31 21:00:00,28.13749050000001,winter weekday,26.91
2023-01-31 22:00:00,28.126245000000004,winter weekday,26.91
2023-01-31 23:00:00,26.059572000000006,winter weekday,26.91
2023-02-01 00:00:00,27.356553000000005,winter weekday,26.91
2023-02-01 01:00:00,25.80842250000001,winter weekday,26.91
2023-02-01 02:00:00,25.576015500000004,winter weekday,26.91
2023-02-01 03:00:00,25.717209000000004,winter weekday,26.91
2023-02-01 04:00:00,24.563920500000005,winter weekday,26.91
2023-02-01 05:00:00,26.734302000000003,winter weekday,26.91
2023-02-01 06:00:00,29.360751000000004,winter weekday,26.91
2023-02-01 07:00:00,31.45616250000001,winter weekday,32.09
2023-02-01 08:00:00,32.454513000000006,winter weekday,32.09
2023-02-01 09:00:00,31.273735500000004,winter weekday,32.09
2023-02-01 10:00:00,30.491548500000007,winter weekday,32.09
2023-02-01 11:00:00,30.044227500000005,winter weekday,32.09
2023-02-01 12:00:00,29.780583000000004,winter weekday,32.09
2023-02-01 13:00:00,29.679373500000004,winter weekday,32.09
2023-02-01 14:00:00,29.3595015,winter weekday,26.91
2023-02-01 15:00:00,29.683122000000008,winter weekday,32.09
2023-02-01 16:00:00,30.199165500000007,winter weekday,32.09
2023-02-01 17:00:00,31.00259400000001,winter weekday,32.09
2023-02-01 18:00:00,31.309971000000004,winter weekday,32.09
2023-02-01 19:00:00,29.973006,winter weekday,32.09
2023-02-01 20:00:00,29.569417500000004,winter weekday,32.09
2023-02-01 21:00:00,29.207062500000006,winter weekday,26.91
2023-02-01 22:00:00,28.166229000000005,winter weekday,26.91
2023-02-01 23:00:00,27.1878705,winter weekday,26.91
2023-02-02 00:00:00,26.651835,winter weekday,26.91
2023-02-02 01:00:00,25.835911500000005,winter weekday,26.91
2023-02-02 02:00:00,26.283232500000004,winter weekday,26.91
2023-02-02 03:00:00,26.957962500000004,winter weekday,26.91
2023-02-02 04:00:00,28.432372500000003,winter weekday,26.91
2023-02-02 05:00:00,29.002144500000004,winter weekday,26.91
2023-02-02 06:00:00,31.8884895,winter weekday,32.09
2023-02-02 07:00:00,34.76358900000001,winter weekday,37.29
2023-02-02 08:00:00,38.5933065,winter weekday,37.29
2023-02-02 09:00:00,39.63414,winter weekday,37.29
2023-02-02 10:00:00,38.6207955,winter weekday,37.29
2023-02-02 11:00:00,38.2609395,winter weekday,37.29
2023-02-02 12:00:00,36.967707,winter weekday,37.29
2023-02-02 13:00:00,36.452913,winter weekday,37.29
2023-02-02 14:00:00,37.539978,winter weekday,37.29
2023-02-02 15:00:00,37.78363050000001,winter weekday,37.29
2023-02-02 16:00:00,38.26968600000001,winter weekday,37.29
2023-02-02 17:00:00,39.6303915,winter weekday,37.29
2023-02-02 18:00:00,40.248894,winter weekday,37.29
2023-02-02 19:00:00,38.881941000000005,winter weekday,37.29
2023-02-02 20:00:00,35.122195500000004,winter weekday,37.29
2023-02-02 21:00:00,35.303373,winter weekday,37.29
2023-02-02 22:00:00,33.6302925,winter weekday,32.09
2023-02-02 23:00:00,30.354103500000004,winter weekday,32.09
2023-02-03 00:00:00,30.90013500000001,winter weekday,32.09
2023-02-03 01:00:00,29.896786500000005,winter weekday,32.09
2023-02-03 02:00:00,29.090859000000005,winter weekday,26.91
2023-02-03 03:00:00,28.3424085,winter weekday,26.91
2023-02-03 04:00:00,27.867598500000003,winter weekday,26.91
2023-02-03 05:00:00,28.491099,winter weekday,26.91
2023-02-03 06:00:00,29.896786500000005,winter weekday,32.09
2023-02-03 07:00:00,30.8289135,winter weekday,32.09
2023-02-03 08:00:00,31.1612805,winter weekday,32.09
2023-02-03 09:00:00,31.11379950000001,winter weekday,32.09
2023-02-03 10:00:00,29.579413500000005,winter weekday,32.09
2023-02-03 11:00:00,30.214159500000004,winter weekday,32.09
2023-02-03 12:00:00,30.11295,winter weekday,32.09
2023-02-03 13:00:00,29.761840500000005,winter weekday,32.09
2023-02-03 14:00:00,29.601904500000007,winter weekday,32.09
2023-02-03 15:00:00,30.11295,winter weekday,32.09
2023-02-03 16:00:00,30.827664,winter weekday,32.09
2023-02-03 17:00:00,31.412430000000004,winter weekday,32.09
2023-02-03 18:00:00,31.552374000000004,winter weekday,32.09
2023-02-03 19:00:00,30.8713965,winter weekday,32.09
2023-02-03 20:00:00,30.325365000000005,winter weekday,32.09
2023-02-03 21:00:00,30.231652500000003,winter weekday,32.09
2023-02-03 22:00:00,31.511140500000007,winter weekday,32.09
2023-02-03 23:00:00,30.837660000000003,winter weekday,32.09
2023-02-04 00:00:00,29.783082,winter weekend,27.88
2023-02-04 01:00:00,30.6439875,winter weekend,27.88
2023-02-04 02:00:00,31.50614250000001,winter weekend,33.58
2023-02-04 03:00:00,32.583211500000004,winter weekend,33.58
2023-02-04 04:00:00,33.03428100000001,winter weekend,33.58
2023-02-04 05:00:00,33.291678000000005,winter weekend,33.58
2023-02-04 06:00:00,34.52868300000001,winter weekend,33.58
2023-02-04 07:00:00,36.898984500000005,winter weekend,33.58
2023-02-04 08:00:00,37.8835905,winter weekend,33.58
2023-02-04 09:00:00,38.5883085,winter weekend,33.58
2023-02-04 10:00:00,37.87359450000001,winter weekend,33.58
2023-02-04 11:00:00,36.908980500000006,winter weekend,33.58
2023-02-04 12:00:00,35.965608,winter weekend,33.58
2023-02-04 13:00:00,34.0326315,winter weekend,33.58
2023-02-04 14:00:00,34.1225955,winter weekend,33.58
2023-02-04 15:00:00,35.062219500000005,winter weekend,33.58
2023-02-04 16:00:00,36.78028200000001,winter weekend,33.58
2023-02-04 17:00:00,38.6457855,winter weekend,33.58
2023-02-04 18:00:00,40.378842,winter weekend,33.58
2023-02-04 19:00:00,39.85405200000001,winter weekend,33.58
2023-02-04 20:00:00,38.3459055,winter weekend,33.58
2023-02-04 21:00:00,37.126393500000006,winter weekend,33.58
2023-02-04 22:00:00,36.407931000000005,winter weekend,33.58
2023-02-04 23:00:00,34.4449665,winter weekend,33.58
2023-02-05 00:00:00,34.3000245,winter weekend,33.58
2023-02-05 01:00:00,34.4824515,winter weekend,33.58
2023-02-05 02:00:00,33.4903485,winter weekend,33.58
2023-02-05 03:00:00,33.696516,winter weekend,33.58
2023-02-05 04:00:00,31.88724000000001,winter weekend,33.58
2023-02-05 05:00:00,31.521136500000004,winter weekend,33.58
2023-02-05 06:00:00,31.6385895,winter weekend,33.58
2023-02-05 07:00:00,31.812270000000005,winter weekend,33.58
2023-02-05 08:00:00,32.42202600000001,winter weekend,33.58
2023-02-05 09:00:00,32.072166,winter weekend,33.58
2023-02-05 10:00:00,32.024685000000005,winter weekend,33.58
2023-02-05 11:00:00,32.62319550000001,winter weekend,33.58
2023-02-05 12:00:00,31.8734955,winter weekend,33.58
2023-02-05 13:00:00,30.738949500000004,winter weekend,33.58
2023-02-05 14:00:00,31.081312500000003,winter weekend,33.58
2023-02-05 15:00:00,31.902234,winter weekend,33.58
2023-02-05 16:00:00,33.006792000000004,winter weekend,33.58
2023-02-05 17:00:00,35.8069215,winter weekend,33.58
2023-02-05 18:00:00,38.789478,winter weekend,33.58
2023-02-05 19:00:00,38.724504,winter weekend,33.58
2023-02-05 20:00:00,38.097255,winter weekend,33.58
2023-02-05 21:00:00,36.56911650000001,winter weekend,33.58
2023-02-05 22:00:00,36.831511500000005,winter weekend,33.58
2023-02-05 23:00:00,35.383341,winter weekend,33.58
2023-02-06 00:00:00,35.485800000000005,winter weekday,37.29
2023-02-06 01:00:00,35.3271135,winter weekday,37.29
2023-02-06 02:00:00,35.5370295,winter weekday,37.29
2023-02-06 03:00:00,35.122195500000004,winter weekday,37.29
2023-02-06 04:00:00,34.87354500000001,winter weekday,37.29
2023-02-06 05:00:00,35.976853500000004,winter weekday,37.29
2023-02-06 06:00:00,39.318016500000006,winter weekday,37.29
2023-02-06 07:00:00,42.43926749999999,winter weekday,37.29
2023-02-06 08:00:00,44.0311305,winter weekday,37.29
2023-02-06 09:00:00,42.43926749999999,winter weekday,37.29
2023-02-06 10:00:00,40.493796,winter weekday,37.29
2023-02-06 11:00:00,39.839058,winter weekday,37.29
2023-02-06 12:00:00,38.449614,winter weekday,37.29
2023-02-06 13:00:00,37.50499200000001,winter weekday,37.29
2023-02-06 14:00:00,37.84735500000001,winter weekday,37.29
2023-02-06 15:00:00,38.69326650000001,winter weekday,37.29
2023-02-06 16:00:00,40.083960000000005,winter weekday,37.29
2023-02-06 17:00:00,42.22560299999999,winter weekday,37.29
2023-02-06 18:00:00,44.04487499999999,winter weekday,37.29
2023-02-06 19:00:00,43.03028099999999,winter weekday,37.29
2023-02-06 20:00:00,40.63498950000001,winter weekday,37.29
2023-02-06 21:00:00,38.169726,winter weekday,37.29
2023-02-06 22:00:00,37.337559000000006,winter weekday,37.29
2023-02-06 23:00:00,36.61035,winter weekday,37.29
2023-02-07 00:00:00,35.58326100000001,winter weekday,37.29
2023-02-07 01:00:00,35.137189500000005,winter weekday,37.29
2023-02-07 02:00:00,34.913529000000004,winter weekday,37.29
2023-02-07 03:00:00,34.791078000000006,winter weekday,37.29
2023-02-07 04:00:00,35.060970000000005,winter weekday,37.29
2023-02-07 05:00:00,35.5945065,winter weekday,37.29
2023-02-07 06:00:00,38.677023,winter weekday,37.29
2023-02-07 07:00:00,42.113148,winter weekday,37.29
2023-02-07 08:00:00,44.12734199999999,winter weekday,37.29
2023-02-07 09:00:00,41.33970749999999,winter weekday,37.29
2023-02-07 10:00:00,38.924424,winter weekday,37.29
2023-02-07 11:00:00,35.08970850000001,winter weekday,37.29
2023-02-07 12:00:00,34.9022835,winter weekday,37.29
2023-02-07 13:00:00,34.218807000000005,winter weekday,32.09
2023-02-07 14:00:00,35.903133000000004,winter weekday,37.29
2023-02-07 15:00:00,38.841957,winter weekday,37.29
2023-02-07 16:00:00,41.10605099999999,winter weekday,37.29
2023-02-07 17:00:00,45.13943699999999,winter weekday,37.29
2023-02-07 18:00:00,48.05577,winter weekday,37.29
2023-02-07 19:00:00,45.98159999999999,winter weekday,37.29
2023-02-07 20:00:00,42.23684849999999,winter weekday,37.29
2023-02-07 21:00:00,40.88114099999999,winter weekday,37.29
2023-02-07 22:00:00,39.029382,winter weekday,37.29
2023-02-07 23:00:00,37.744896,winter weekday,37.29
2023-02-08 00:00:00,37.36629750000001,winter weekday,37.29
2023-02-08 01:00:00,36.755292,winter weekday,37.29
2023-02-08 02:00:00,36.11055,winter weekday,37.29
2023-02-08 03:00:00,35.8569015,winter weekday,37.29
2023-02-08 04:00:00,35.6070015,winter weekday,37.29
2023-02-08 05:00:00,36.00809100000001,winter weekday,37.29
2023-02-08 06:00:00,39.3205155,winter weekday,37.29
2023-02-08 07:00:00,41.93821799999999,winter weekday,37.29
2023-02-08 08:00:00,44.38099049999999,winter weekday,37.29
2023-02-08 09:00:00,39.5779125,winter weekday,37.29
2023-02-08 10:00:00,33.361650000000004,winter weekday,32.09
2023-02-08 11:00:00,33.152983500000005,winter weekday,32.09
2023-02-08 12:00:00,32.98055250000001,winter weekday,32.09
2023-02-08 13:00:00,32.981802,winter weekday,32.09
2023-02-08 14:00:00,32.98055250000001,winter weekday,32.09
2023-02-08 15:00:00,34.17257550000001,winter weekday,32.09
2023-02-08 16:00:00,36.967707,winter weekday,37.29
2023-02-08 17:00:00,40.3576005,winter weekday,37.29
2023-02-08 18:00:00,41.41467749999999,winter weekday,37.29
2023-02-08 19:00:00,36.485400000000006,winter weekday,37.29
2023-02-08 20:00:00,35.5420275,winter weekday,37.29
2023-02-08 21:00:00,34.087609500000006,winter weekday,32.09
2023-02-08 22:00:00,33.3279135,winter weekday,32.09
2023-02-08 23:00:00,32.229603000000004,winter weekday,32.09
2023-02-09 00:00:00,31.057572000000004,winter weekday,32.09
2023-02-09 01:00:00,32.157132000000004,winter weekday,32.09
2023-02-09 02:00:00,31.752294000000003,winter weekday,32.09
2023-02-09 03:00:00,31.794777000000003,winter weekday,32.09
2023-02-09 04:00:00,32.42077650000001,winter weekday,32.09
2023-02-09 05:00:00,33.932671500000005,winter weekday,32.09
2023-02-09 06:00:00,36.765288000000005,winter weekday,37.29
2023-02-09 07:00:00,39.166827,winter weekday,37.29
2023-02-09 08:00:00,38.986899,winter weekday,37.29
2023-02-09 09:00:00,31.282482000000005,winter weekday,32.09
2023-02-09 10:00:00,31.613599500000003,winter weekday,32.09
2023-02-09 11:00:00,31.3337115,winter weekday,32.09
2023-02-09 12:00:00,31.259991000000007,winter weekday,32.09
2023-02-09 13:00:00,31.136290500000005,winter weekday,32.09
2023-02-09 14:00:00,32.54447700000001,winter weekday,32.09
2023-02-09 15:00:00,37.0989045,winter weekday,37.29
2023-02-09 16:00:00,37.989798,winter weekday,37.29
2023-02-09 17:00:00,39.0156375,winter weekday,37.29
2023-02-09 18:00:00,38.1509835,winter weekday,37.29
2023-02-09 19:00:00,34.222555500000006,winter weekday,32.09
2023-02-09 20:00:00,31.833511500000004,winter weekday,32.09
2023-02-09 21:00:00,34.3325115,winter weekday,32.09
2023-02-09 22:00:00,32.3533035,winter weekday,32.09
2023-02-09 23:00:00,32.105902500000006,winter weekday,32.09
2023-02-10 00:00:00,32.6981655,winter weekday,32.09
2023-02-10 01:00:00,32.74814550000001,winter weekday,32.09
2023-02-10 02:00:00,31.902234,winter weekday,32.09
2023-02-10 03:00:00,31.949715000000005,winter weekday,32.09
2023-02-10 04:00:00,32.175874500000006,winter weekday,32.09
2023-02-10 05:00:00,33.04552650000001,winter weekday,32.09
2023-02-10 06:00:00,36.6091005,winter weekday,37.29
2023-02-10 07:00:00,40.59750450000001,winter weekday,37.29
2023-02-10 08:00:00,41.88698849999999,winter weekday,37.29
2023-02-10 09:00:00,37.200114000000006,winter weekday,37.29
2023-02-10 10:00:00,34.9047825,winter weekday,37.29
2023-02-10 11:00:00,33.82146600000001,winter weekday,32.09
2023-02-10 12:00:00,32.217108,winter weekday,32.09
2023-02-10 13:00:00,32.104653000000006,winter weekday,32.09
2023-02-10 14:00:00,31.127544000000004,winter weekday,32.09
2023-02-10 15:00:00,33.355402500000004,winter weekday,32.09
2023-02-10 16:00:00,32.83186200000001,winter weekday,32.09
2023-02-10 17:00:00,37.22635350000001,winter weekday,37.29
2023-02-10 18:00:00,33.5553225,winter weekday,32.09
2023-02-10 19:00:00,30.89888550000001,winter weekday,32.09
2023-02-10 20:00:00,30.895137,winter weekday,32.09
2023-02-10 21:00:00,29.195817000000005,winter weekday,26.91
2023-02-10 22:00:00,28.5123405,winter weekday,26.91
2023-02-10 23:00:00,22.990800000000004,winter weekday,26.91
2023-02-11 00:00:00,28.59980550000001,winter weekend,27.88
2023-02-11 01:00:00,28.036281,winter weekend,27.88
2023-02-11 02:00:00,27.992548500000005,winter weekend,27.88
2023-02-11 03:00:00,27.597706500000005,winter weekend,27.88
2023-02-11 04:00:00,27.652684500000003,winter weekend,27.88
2023-02-11 05:00:00,27.474006000000006,winter weekend,27.88
2023-02-11 06:00:00,27.7326525,winter weekend,27.88
2023-02-11 07:00:00,28.187470500000007,winter weekend,27.88
2023-02-11 08:00:00,29.0046435,winter weekend,27.88
2023-02-11 09:00:00,29.107102500000003,winter weekend,27.88
2023-02-11 10:00:00,28.9896495,winter weekend,27.88
2023-02-11 11:00:00,28.604803500000003,winter weekend,27.88
2023-02-11 12:00:00,29.017138500000005,winter weekend,27.88
2023-02-11 13:00:00,28.728504000000008,winter weekend,27.88
2023-02-11 14:00:00,29.099605500000003,winter weekend,27.88
2023-02-11 15:00:00,30.004243500000005,winter weekend,27.88
2023-02-11 16:00:00,32.157132000000004,winter weekend,33.58
2023-02-11 17:00:00,36.60285300000001,winter weekend,33.58
2023-02-11 18:00:00,36.45916050000001,winter weekend,33.58
2023-02-11 19:00:00,34.95226350000001,winter weekend,33.58
2023-02-11 20:00:00,34.913529000000004,winter weekend,33.58
2023-02-11 21:00:00,34.646136000000006,winter weekend,33.58
2023-02-11 22:00:00,35.330862,winter weekend,33.58
2023-02-11 23:00:00,34.61864700000001,winter weekend,33.58
2023-02-12 00:00:00,33.576564000000005,winter weekend,33.58
2023-02-12 01:00:00,33.0480255,winter weekend,33.58
2023-02-12 02:00:00,33.8352105,winter weekend,33.58
2023-02-12 03:00:00,33.307921500000006,winter weekend,33.58
2023-02-12 04:00:00,32.169627000000006,winter weekend,33.58
2023-02-12 05:00:00,32.223355500000004,winter weekend,33.58
2023-02-12 06:00:00,30.865149,winter weekend,33.58
2023-02-12 07:00:00,31.883491500000005,winter weekend,33.58
2023-02-12 08:00:00,36.03558000000001,winter weekend,33.58
2023-02-12 09:00:00,35.39458650000001,winter weekend,33.58
2023-02-12 10:00:00,35.555772000000005,winter weekend,33.58
2023-02-12 11:00:00,34.86979650000001,winter weekend,33.58
2023-02-12 12:00:00,33.5978055,winter weekend,33.58
2023-02-12 13:00:00,32.36205,winter weekend,33.58
2023-02-12 14:00:00,32.36205,winter weekend,33.58
2023-02-12 15:00:00,32.940568500000005,winter weekend,33.58
2023-02-12 16:00:00,34.256292,winter weekend,33.58
2023-02-12 17:00:00,37.177623,winter weekend,33.58
2023-02-12 18:00:00,38.2984245,winter weekend,33.58
2023-02-12 19:00:00,38.54582550000001,winter weekend,33.58
2023-02-12 20:00:00,37.36005000000001,winter weekend,33.58
2023-02-12 21:00:00,34.9722555,winter weekend,33.58
2023-02-12 22:00:00,36.3492045,winter weekend,33.58
2023-02-12 23:00:00,34.608651,winter weekend,33.58
2023-02-13 00:00:00,34.548675,winter weekday,32.09
2023-02-13 01:00:00,33.946416000000006,winter weekday,32.09
2023-02-13 02:00:00,33.941418,winter weekday,32.09
2023-02-13 03:00:00,33.491598,winter weekday,32.09
2023-02-13 04:00:00,33.716508000000005,winter weekday,32.09
2023-02-13 05:00:00,34.531182,winter weekday,32.09
2023-02-13 06:00:00,37.758640500000006,winter weekday,37.29
2023-02-13 07:00:00,41.86824599999999,winter weekday,37.29
2023-02-13 08:00:00,44.34100649999999,winter weekday,37.29
2023-02-13 09:00:00,41.88323999999999,winter weekday,37.29
2023-02-13 10:00:00,39.028132500000005,winter weekday,37.29
2023-02-13 11:00:00,36.662829,winter weekday,37.29
2023-02-13 12:00:00,34.861050000000006,winter weekday,37.29
2023-02-13 13:00:00,34.4699565,winter weekday,32.09
2023-02-13 14:00:00,34.861050000000006,winter weekday,37.29
2023-02-13 15:00:00,37.041427500000005,winter weekday,37.29
2023-02-13 16:00:00,38.117247,winter weekday,37.29
2023-02-13 17:00:00,40.86614699999999,winter weekday,37.29
2023-02-13 18:00:00,45.08195999999999,winter weekday,37.29
2023-02-13 19:00:00,43.18272,winter weekday,37.29
2023-02-13 20:00:00,40.841157,winter weekday,37.29
2023-02-13 21:00:00,38.4783525,winter weekday,37.29
2023-02-13 22:00:00,37.481251500000006,winter weekday,37.29
2023-02-13 23:00:00,36.125544000000005,winter weekday,37.29
2023-02-14 00:00:00,34.31376900000001,winter weekday,32.09
2023-02-14 01:00:00,33.901434,winter weekday,32.09
2023-02-14 02:00:00,33.88144200000001,winter weekday,32.09
2023-02-14 03:00:00,33.876444000000006,winter weekday,32.09
2023-02-14 04:00:00,33.901434,winter weekday,32.09
2023-02-14 05:00:00,35.1022035,winter weekday,37.29
2023-02-14 06:00:00,38.137239,winter weekday,37.29
2023-02-14 07:00:00,42.3568005,winter weekday,37.29
2023-02-14 08:00:00,43.23020099999999,winter weekday,37.29
2023-02-14 09:00:00,39.93402,winter weekday,37.29
2023-02-14 10:00:00,34.643637,winter weekday,32.09
2023-02-14 11:00:00,34.756092,winter weekday,37.29
2023-02-14 12:00:00,33.656532000000006,winter weekday,32.09
2023-02-14 13:00:00,33.0380295,winter weekday,32.09
2023-02-14 14:00:00,33.227953500000005,winter weekday,32.09
2023-02-14 15:00:00,33.901434,winter weekday,32.09
2023-02-14 16:00:00,36.44791500000001,winter weekday,37.29
2023-02-14 17:00:00,39.9602595,winter weekday,37.29
2023-02-14 18:00:00,42.3568005,winter weekday,37.29
2023-02-14 19:00:00,41.47965149999999,winter weekday,37.29
2023-02-14 20:00:00,39.3355095,winter weekday,37.29
2023-02-14 21:00:00,37.37129550000001,winter weekday,37.29
2023-02-14 22:00:00,36.2392485,winter weekday,37.29
2023-02-14 23:00:00,35.0772135,winter weekday,37.29
2023-02-15 00:00:00,34.212559500000005,winter weekday,32.09
2023-02-15 01:00:00,33.7302525,winter weekday,32.09
2023-02-15 02:00:00,33.61155,winter weekday,32.09
2023-02-15 03:00:00,33.6127995,winter weekday,32.09
2023-02-15 04:00:00,33.194217,winter weekday,32.09
2023-02-15 05:00:00,34.427473500000005,winter weekday,32.09
2023-02-15 06:00:00,37.50999,winter weekday,37.29
2023-02-15 07:00:00,40.4838,winter weekday,37.29
2023-02-15 08:00:00,40.95361199999999,winter weekday,37.29
2023-02-15 09:00:00,38.761989,winter weekday,37.29
2023-02-15 10:00:00,36.425424,winter weekday,37.29
2023-02-15 11:00:00,33.88144200000001,winter weekday,32.09
2023-02-15 12:00:00,32.460760500000006,winter weekday,32.09
2023-02-15 13:00:00,32.54322750000001,winter weekday,32.09
2023-02-15 14:00:00,32.534481,winter weekday,32.09
2023-02-15 15:00:00,33.450364500000006,winter weekday,32.09
2023-02-15 16:00:00,35.484550500000005,winter weekday,37.29
2023-02-15 17:00:00,37.21011000000001,winter weekday,37.29
2023-02-15 18:00:00,39.04937399999999,winter weekday,37.29
2023-02-15 19:00:00,38.0160375,winter weekday,37.29
2023-02-15 20:00:00,35.30962050000001,winter weekday,37.29
2023-02-15 21:00:00,34.1076015,winter weekday,32.09
2023-02-15 22:00:00,34.003893000000005,winter weekday,32.09
2023-02-15 23:00:00,32.24959500000001,winter weekday,32.09
2023-02-16 00:00:00,31.469907000000006,winter weekday,32.09
2023-02-16 01:00:00,32.04717600000001,winter weekday,32.09
2023-02-16 02:00:00,31.67732400000001,winter weekday,32.09
2023-02-16 03:00:00,31.5311325,winter weekday,32.09
2023-02-16 04:00:00,31.737300000000005,winter weekday,32.09
2023-02-16 05:00:00,32.357052,winter weekday,32.09
2023-02-16 06:00:00,35.560770000000005,winter weekday,37.29
2023-02-16 07:00:00,38.172225,winter weekday,37.29
2023-02-16 08:00:00,39.276783,winter weekday,37.29
2023-02-16 09:00:00,38.164728,winter weekday,37.29
2023-02-16 10:00:00,36.14553600000001,winter weekday,37.29
2023-02-16 11:00:00,33.978903,winter weekday,32.09
2023-02-16 12:00:00,32.134641,winter weekday,32.09
2023-02-16 13:00:00,32.1908685,winter weekday,32.09
2023-02-16 14:00:00,33.352903500000004,winter weekday,32.09
2023-02-16 15:00:00,34.2300525,winter weekday,32.09
2023-02-16 16:00:00,34.981002000000004,winter weekday,37.29
2023-02-16 17:00:00,38.109750000000005,winter weekday,37.29
2023-02-16 18:00:00,38.224704,winter weekday,37.29
2023-02-16 19:00:00,37.4337705,winter weekday,37.29
2023-02-16 20:00:00,35.3071215,winter weekday,37.29
2023-02-16 21:00:00,34.60615200000001,winter weekday,32.09
2023-02-16 22:00:00,33.301674000000006,winter weekday,32.09
2023-02-16 23:00:00,30.8713965,winter weekday,32.09
2023-02-17 00:00:00,30.61899750000001,winter weekday,32.09
2023-02-17 01:00:00,29.6893695,winter weekday,32.09
2023-02-17 02:00:00,28.9521645,winter weekday,26.91
2023-02-17 03:00:00,28.128744,winter weekday,26.91
2023-02-17 04:00:00,27.4427685,winter weekday,26.91
2023-02-17 05:00:00,28.726005000000004,winter weekday,26.91
2023-02-17 06:00:00,30.50279400000001,winter weekday,32.09
2023-02-17 07:00:00,32.6931675,winter weekday,32.09
2023-02-17 08:00:00,33.599055,winter weekday,32.09
2023-02-17 09:00:00,31.67732400000001,winter weekday,32.09
2023-02-17 10:00:00,30.057972000000003,winter weekday,32.09
2023-02-17 11:00:00,28.858452,winter weekday,26.91
2023-02-17 12:00:00,28.713510000000003,winter weekday,26.91
2023-02-17 13:00:00,25.818418500000007,winter weekday,26.91
2023-02-17 14:00:00,21.951216,winter weekday,26.91
2023-02-17 15:00:00,21.5801145,winter weekday,26.91
2023-02-17 16:00:00,26.068318500000004,winter weekday,26.91
2023-02-17 17:00:00,27.354054000000005,winter weekday,26.91
2023-02-17 18:00:00,28.679773500000007,winter weekday,26.91
2023-02-17 19:00:00,27.9950475,winter weekday,26.91
2023-02-17 20:00:00,24.860052000000007,winter weekday,26.91
2023-02-17 21:00:00,23.228205000000003,winter weekday,26.91
2023-02-17 22:00:00,22.843359000000003,winter weekday,26.91
2023-02-17 23:00:00,20.144439,winter weekday,26.91
2023-02-18 00:00:00,20.884143,winter weekend,19.67
2023-02-18 01:00:00,21.921228,winter weekend,19.67
2023-02-18 02:00:00,21.843759,winter weekend,19.67
2023-02-18 03:00:00,22.917079500000003,winter weekend,19.67
2023-02-18 04:00:00,25.23740100000001,winter weekend,27.88
2023-02-18 05:00:00,26.127045000000003,winter weekend,27.88
2023-02-18 06:00:00,27.64643700000001,winter weekend,27.88
2023-02-18 07:00:00,29.034631500000007,winter weekend,27.88
2023-02-18 08:00:00,31.106302500000005,winter weekend,33.58
2023-02-18 09:00:00,31.727304000000004,winter weekend,33.58
2023-02-18 10:00:00,30.817668,winter weekend,33.58
2023-02-18 11:00:00,30.212910000000008,winter weekend,27.88
2023-02-18 12:00:00,29.172076500000003,winter weekend,27.88
2023-02-18 13:00:00,27.775135500000008,winter weekend,27.88
2023-02-18 14:00:00,28.159981500000008,winter weekend,27.88
2023-02-18 15:00:00,29.43822,winter weekend,27.88
2023-02-18 16:00:00,31.11005100000001,winter weekend,33.58
2023-02-18 17:00:00,33.46161,winter weekend,33.58
2023-02-18 18:00:00,35.74569600000001,winter weekend,33.58
2023-02-18 19:00:00,36.1043025,winter weekend,33.58
2023-02-18 20:00:00,34.297525500000006,winter weekend,33.58
2023-02-18 21:00:00,32.442018000000004,winter weekend,33.58
2023-02-18 22:00:00,31.98595050000001,winter weekend,33.58
2023-02-18 23:00:00,31.569867,winter weekend,33.58
2023-02-19 00:00:00,30.992598000000008,winter weekend,33.58
2023-02-19 01:00:00,30.377844000000003,winter weekend,27.88
2023-02-19 02:00:00,29.80432350000001,winter weekend,27.88
2023-02-19 03:00:00,28.9884,winter weekend,27.88
2023-02-19 04:00:00,28.932172500000004,winter weekend,27.88
2023-02-19 05:00:00,29.585661000000005,winter weekend,27.88
2023-02-19 06:00:00,29.675625000000004,winter weekend,27.88
2023-02-19 07:00:00,30.833911500000003,winter weekend,33.58
2023-02-19 08:00:00,31.594857,winter weekend,33.58
2023-02-19 09:00:00,32.152134000000004,winter weekend,33.58
2023-02-19 10:00:00,31.883491500000005,winter weekend,33.58
2023-02-19 11:00:00,31.5961065,winter weekend,33.58
2023-02-19 12:00:00,30.927624000000005,winter weekend,33.58
2023-02-19 13:00:00,30.010491000000005,winter weekend,27.88
2023-02-19 14:00:00,29.680623000000008,winter weekend,27.88
2023-02-19 15:00:00,30.825165000000005,winter weekend,33.58
2023-02-19 16:00:00,32.452014000000005,winter weekend,33.58
2023-02-19 17:00:00,34.999744500000006,winter weekend,33.58
2023-02-19 18:00:00,37.197615,winter weekend,33.58
2023-02-19 19:00:00,37.157631,winter weekend,33.58
2023-02-19 20:00:00,34.649884500000006,winter weekend,33.58
2023-02-19 21:00:00,33.249195,winter weekend,33.58
2023-02-19 22:00:00,32.072166,winter weekend,33.58
2023-02-19 23:00:00,29.219557500000004,winter weekend,27.88
2023-02-20 00:00:00,27.22285650000001,winter weekday,26.91
2023-02-20 01:00:00,23.747997,winter weekday,26.91
2023-02-20 02:00:00,23.473107,winter weekday,26.91
2023-02-20 03:00:00,21.61635,winter weekday,26.91
2023-02-20 04:00:00,21.0078435,winter weekday,26.91
2023-02-20 05:00:00,22.146138,winter weekday,26.91
2023-02-20 06:00:00,26.401935000000005,winter weekday,26.91
2023-02-20 07:00:00,27.136641000000004,winter weekday,26.91
2023-02-20 08:00:00,26.83301250000001,winter weekday,26.91
2023-02-20 09:00:00,23.605554000000005,winter weekday,26.91
2023-02-20 10:00:00,22.610952000000005,winter weekday,26.91
2023-02-20 11:00:00,20.3581035,winter weekday,26.91
2023-02-20 12:00:00,20.3431095,winter weekday,26.91
2023-02-20 13:00:00,20.1181995,winter weekday,26.91
2023-02-20 14:00:00,22.555974000000003,winter weekday,26.91
2023-02-20 15:00:00,23.907933000000007,winter weekday,26.91
2023-02-20 16:00:00,24.508942500000003,winter weekday,26.91
2023-02-20 17:00:00,29.23705050000001,winter weekday,26.91
2023-02-20 18:00:00,31.42992300000001,winter weekday,32.09
2023-02-20 19:00:00,30.992598000000008,winter weekday,32.09
2023-02-20 20:00:00,28.934671500000004,winter weekday,26.91
2023-02-20 21:00:00,28.329913500000004,winter weekday,26.91
2023-02-20 22:00:00,28.547326500000004,winter weekday,26.91
2023-02-20 23:00:00,25.944618,winter weekday,26.91
2023-02-21 00:00:00,23.678025000000005,winter weekday,26.91
2023-02-21 01:00:00,23.1169995,winter weekday,26.91
2023-02-21 02:00:00,23.335662000000003,winter weekday,26.91
2023-02-21 03:00:00,24.025386,winter weekday,26.91
2023-02-21 04:00:00,26.008342500000005,winter weekday,26.91
2023-02-21 05:00:00,29.222056500000004,winter weekday,26.91
2023-02-21 06:00:00,33.32041650000001,winter weekday,32.09
2023-02-21 07:00:00,35.9693565,winter weekday,37.29
2023-02-21 08:00:00,36.605352,winter weekday,37.29
2023-02-21 09:00:00,33.699015,winter weekday,32.09
2023-02-21 10:00:00,33.516588000000006,winter weekday,32.09
2023-02-21 11:00:00,31.9259745,winter weekday,32.09
2023-02-21 12:00:00,31.4286735,winter weekday,32.09
2023-02-21 13:00:00,31.629843000000005,winter weekday,32.09
2023-02-21 14:00:00,32.274585,winter weekday,32.09
2023-02-21 15:00:00,33.68152200000001,winter weekday,32.09
2023-02-21 16:00:00,35.984350500000005,winter weekday,37.29
2023-02-21 17:00:00,37.9660575,winter weekday,37.29
2023-02-21 18:00:00,39.6253935,winter weekday,37.29
2023-02-21 19:00:00,39.496695,winter weekday,37.29
2023-02-21 20:00:00,38.60955,winter weekday,37.29
2023-02-21 21:00:00,37.21011000000001,winter weekday,37.29
2023-02-21 22:00:00,36.51039,winter weekday,37.29
2023-02-21 23:00:00,35.183421,winter weekday,37.29
2023-02-22 00:00:00,34.848555000000005,winter weekday,37.29
2023-02-22 01:00:00,33.427873500000004,winter weekday,32.09
2023-02-22 02:00:00,33.024285000000006,winter weekday,32.09
2023-02-22 03:00:00,33.427873500000004,winter weekday,32.09
2023-02-22 04:00:00,33.5528235,winter weekday,32.09
2023-02-22 05:00:00,34.7598405,winter weekday,37.29
2023-02-22 06:00:00,37.046425500000005,winter weekday,37.29
2023-02-22 07:00:00,39.0006435,winter weekday,37.29
2023-02-22 08:00:00,39.401733,winter weekday,37.29
2023-02-22 09:00:00,37.92857250000001,winter weekday,37.29
2023-02-22 10:00:00,36.4266735,winter weekday,37.29
2023-02-22 11:00:00,34.48495050000001,winter weekday,32.09
2023-02-22 12:00:00,33.556572,winter weekday,32.09
2023-02-22 13:00:00,33.509091000000005,winter weekday,32.09
2023-02-22 14:00:00,34.366248000000006,winter weekday,32.09
2023-02-22 15:00:00,36.22425450000001,winter weekday,37.29
2023-02-22 16:00:00,36.980202000000006,winter weekday,37.29
2023-02-22 17:00:00,37.98604950000001,winter weekday,37.29
2023-02-22 18:00:00,39.2343,winter weekday,37.29
2023-02-22 19:00:00,38.9506635,winter weekday,37.29
2023-02-22 20:00:00,37.617447000000006,winter weekday,37.29
2023-02-22 21:00:00,36.612849,winter weekday,37.29
2023-02-22 22:00:00,36.060570000000006,winter weekday,37.29
2023-02-22 23:00:00,34.1700765,winter weekday,32.09
2023-02-23 00:00:00,34.196316,winter weekday,32.09
2023-02-23 01:00:00,33.786480000000005,winter weekday,32.09
2023-02-23 02:00:00,33.4866,winter weekday,32.09
2023-02-23 03:00:00,32.959311,winter weekday,32.09
2023-02-23 04:00:00,33.008041500000004,winter weekday,32.09
2023-02-23 05:00:00,33.60280350000001,winter weekday,32.09
2023-02-23 06:00:00,36.607851,winter weekday,37.29
2023-02-23 07:00:00,38.60955,winter weekday,37.29
2023-02-23 08:00:00,39.61914599999999,winter weekday,37.29
2023-02-23 09:00:00,38.55957000000001,winter weekday,37.29
2023-02-23 10:00:00,36.6840705,winter weekday,37.29
2023-02-23 11:00:00,36.08930850000001,winter weekday,37.29
2023-02-23 12:00:00,35.138439000000005,winter weekday,37.29
2023-02-23 13:00:00,34.448715,winter weekday,32.09
2023-02-23 14:00:00,34.27378500000001,winter weekday,32.09
2023-02-23 15:00:00,34.2850305,winter weekday,32.09
2023-02-23 16:00:00,34.803573,winter weekday,37.29
2023-02-23 17:00:00,36.405432000000005,winter weekday,37.29
2023-02-23 18:00:00,38.012289,winter weekday,37.29
2023-02-23 19:00:00,37.98480000000001,winter weekday,37.29
2023-02-23 20:00:00,36.8490045,winter weekday,37.29
2023-02-23 21:00:00,36.252993,winter weekday,37.29
2023-02-23 22:00:00,35.562019500000005,winter weekday,37.29
2023-02-23 23:00:00,33.793977000000005,winter weekday,32.09
2023-02-24 00:00:00,34.071366000000005,winter weekday,32.09
2023-02-24 01:00:00,32.134641,winter weekday,32.09
2023-02-24 02:00:00,32.0559225,winter weekday,32.09
2023-02-24 03:00:00,31.70731200000001,winter weekday,32.09
2023-02-24 04:00:00,32.0559225,winter weekday,32.09
2023-02-24 05:00:00,32.015938500000004,winter weekday,32.09
2023-02-24 06:00:00,34.501194000000005,winter weekday,32.09
2023-02-24 07:00:00,36.7415475,winter weekday,37.29
2023-02-24 08:00:00,36.73530000000001,winter weekday,37.29
2023-02-24 09:00:00,36.14303700000001,winter weekday,37.29
2023-02-24 10:00:00,33.790228500000005,winter weekday,32.09
2023-02-24 11:00:00,30.990099,winter weekday,32.09
2023-02-24 12:00:00,31.457412000000005,winter weekday,32.09
2023-02-24 13:00:00,30.847656000000008,winter weekday,32.09
2023-02-24 14:00:00,30.0492255,winter weekday,32.09
2023-02-24 15:00:00,30.997596000000005,winter weekday,32.09
2023-02-24 16:00:00,31.1737755,winter weekday,32.09
2023-02-24 17:00:00,32.3233155,winter weekday,32.09
2023-02-24 18:00:00,34.4124795,winter weekday,32.09
2023-02-24 19:00:00,31.982202000000004,winter weekday,32.09
2023-02-24 20:00:00,28.782232500000003,winter weekday,26.91
2023-02-24 21:00:00,30.43906950000001,winter weekday,32.09
2023-02-24 22:00:00,29.0046435,winter weekday,26.91
2023-02-24 23:00:00,27.186621,winter weekday,26.91
2023-02-25 00:00:00,28.682272500000003,winter weekend,27.88
2023-02-25 01:00:00,27.756393000000003,winter weekend,27.88
2023-02-25 02:00:00,27.230353500000007,winter weekend,27.88
2023-02-25 03:00:00,26.768038500000003,winter weekend,27.88
2023-02-25 04:00:00,27.617698500000003,winter weekend,27.88
2023-02-25 05:00:00,27.1104015,winter weekend,27.88
2023-02-25 06:00:00,26.960461500000005,winter weekend,27.88
2023-02-25 07:00:00,27.9225765,winter weekend,27.88
2023-02-25 08:00:00,28.59980550000001,winter weekend,27.88
2023-02-25 09:00:00,28.241199000000005,winter weekend,27.88
2023-02-25 10:00:00,26.664330000000007,winter weekend,27.88
2023-02-25 11:00:00,25.511041500000005,winter weekend,27.88
2023-02-25 12:00:00,24.7938285,winter weekend,27.88
2023-02-25 13:00:00,22.978305,winter weekend,19.67
2023-02-25 14:00:00,25.199916000000005,winter weekend,27.88
2023-02-25 15:00:00,27.595207500000004,winter weekend,27.88
2023-02-25 16:00:00,29.430723000000008,winter weekend,27.88
2023-02-25 17:00:00,32.786880000000004,winter weekend,33.58
2023-02-25 18:00:00,34.421226000000004,winter weekend,33.58
2023-02-25 19:00:00,33.717757500000005,winter weekend,33.58
2023-02-25 20:00:00,31.942218,winter weekend,33.58
2023-02-25 21:00:00,30.146686500000005,winter weekend,27.88
2023-02-25 22:00:00,31.7285535,winter weekend,33.58
2023-02-25 23:00:00,30.79142850000001,winter weekend,33.58
2023-02-26 00:00:00,30.661480500000003,winter weekend,27.88
2023-02-26 01:00:00,30.230403000000003,winter weekend,27.88
2023-02-26 02:00:00,30.2091615,winter weekend,27.88
2023-02-26 03:00:00,30.645237000000005,winter weekend,27.88
2023-02-26 04:00:00,30.375345000000003,winter weekend,27.88
2023-02-26 05:00:00,30.555273000000007,winter weekend,27.88
2023-02-26 06:00:00,30.742698000000008,winter weekend,33.58
2023-02-26 07:00:00,31.056322500000004,winter weekend,33.58
2023-02-26 08:00:00,30.990099,winter weekend,33.58
2023-02-26 09:00:00,30.555273000000007,winter weekend,27.88
2023-02-26 10:00:00,29.530683000000003,winter weekend,27.88
2023-02-26 11:00:00,28.98090300000001,winter weekend,27.88
2023-02-26 12:00:00,27.98880000000001,winter weekend,27.88
2023-02-26 13:00:00,24.240300000000005,winter weekend,27.88
2023-02-26 14:00:00,24.275286000000005,winter weekend,27.88
2023-02-26 15:00:00,27.993798,winter weekend,27.88
2023-02-26 16:00:00,29.728104,winter weekend,27.88
2023-02-26 17:00:00,33.599055,winter weekend,33.58
2023-02-26 18:00:00,36.572865,winter weekend,33.58
2023-02-26 19:00:00,36.9739545,winter weekend,33.58
2023-02-26 20:00:00,36.56536800000001,winter weekend,33.58
2023-02-26 21:00:00,35.065968,winter weekend,33.58
2023-02-26 22:00:00,34.6473855,winter weekend,33.58
2023-02-26 23:00:00,33.983901,winter weekend,33.58
2023-02-27 00:00:00,32.7156585,winter weekday,32.09
2023-02-27 01:00:00,33.9751545,winter weekday,32.09
2023-02-27 02:00:00,33.973905,winter weekday,32.09
2023-02-27 03:00:00,32.99054850000001,winter weekday,32.09
2023-02-27 04:00:00,32.370796500000004,winter weekday,32.09
2023-02-27 05:00:00,34.839808500000004,winter weekday,37.29
2023-02-27 06:00:00,37.8885885,winter weekday,37.29
2023-02-27 07:00:00,40.691217,winter weekday,37.29
2023-02-27 08:00:00,40.7274525,winter weekday,37.29
2023-02-27 09:00:00,38.1809715,winter weekday,37.29
2023-02-27 10:00:00,36.4741545,winter weekday,37.29
2023-02-27 11:00:00,34.345006500000004,winter weekday,32.09
2023-02-27 12:00:00,34.6848705,winter weekday,32.09
2023-02-27 13:00:00,34.30127400000001,winter weekday,32.09
2023-02-27 14:00:00,33.800224500000006,winter weekday,32.09
2023-02-27 15:00:00,33.88644,winter weekday,32.09
2023-02-27 16:00:00,36.5416275,winter weekday,37.29
2023-02-27 17:00:00,38.6957655,winter weekday,37.29
2023-02-27 18:00:00,41.1097995,winter weekday,37.29
2023-02-27 19:00:00,42.12689249999999,winter weekday,37.29
2023-02-27 20:00:00,39.170575500000005,winter weekday,37.29
2023-02-27 21:00:00,37.397535000000005,winter weekday,37.29
2023-02-27 22:00:00,36.542877,winter weekday,37.29
2023-02-27 23:00:00,36.043077,winter weekday,37.29
2023-02-28 00:00:00,34.11135,winter weekday,32.09
2023-02-28 01:00:00,32.964309,winter weekday,32.09
2023-02-28 02:00:00,32.8406085,winter weekday,32.09
2023-02-28 03:00:00,32.935570500000004,winter weekday,32.09
2023-02-28 04:00:00,33.142987500000004,winter weekday,32.09
2023-02-28 05:00:00,35.0372295,winter weekday,37.29
2023-02-28 06:00:00,37.6686765,winter weekday,37.29
2023-02-28 07:00:00,39.60790050000001,winter weekday,37.29
2023-02-28 08:00:00,40.613748,winter weekday,37.29
2023-02-28 09:00:00,37.398784500000005,winter weekday,37.29
2023-02-28 10:00:00,33.659031000000006,winter weekday,32.09
2023-02-28 11:00:00,32.88684000000001,winter weekday,32.09
2023-02-28 12:00:00,31.950964500000005,winter weekday,32.09
2023-02-28 13:00:00,32.26084050000001,winter weekday,32.09
2023-02-28 14:00:00,32.788129500000004,winter weekday,32.09
2023-02-28 15:00:00,34.01139,winter weekday,32.09
2023-02-28 16:00:00,36.662829,winter weekday,37.29
2023-02-28 17:00:00,39.0006435,winter weekday,37.29
2023-02-28 18:00:00,41.59210649999999,winter weekday,37.29
2023-02-28 19:00:00,41.58086099999999,winter weekday,37.29
2023-02-28 20:00:00,39.2205555,winter weekday,37.29
2023-02-28 21:00:00,37.14388650000001,winter weekday,37.29
2023-02-28 22:00:00,36.582861,winter weekday,37.29
2023-02-28 23:00:00,35.128443000000004,winter weekday,37.29
2023-03-01 00:00:00,33.996396000000004,winter weekday,32.09
2023-03-01 01:00:00,33.044277,winter weekday,32.09
2023-03-01 02:00:00,32.981802,winter weekday,32.09
2023-03-01 03:00:00,33.31916700000001,winter weekday,32.09
2023-03-01 04:00:00,33.684021,winter weekday,32.09
2023-03-01 05:00:00,35.02973250000001,winter weekday,37.29
2023-03-01 06:00:00,37.7911275,winter weekday,37.29
2023-03-01 07:00:00,40.6124985,winter weekday,37.29
2023-03-01 08:00:00,40.6124985,winter weekday,37.29
2023-03-01 09:00:00,36.472905,winter weekday,37.29
2023-03-01 10:00:00,33.1979655,winter weekday,32.09
2023-03-01 11:00:00,32.202114,winter weekday,32.09
2023-03-01 12:00:00,31.836010500000004,winter weekday,32.09
2023-03-01 13:00:00,31.627344000000008,winter weekday,32.09
2023-03-01 14:00:00,31.8734955,winter weekday,32.09
2023-03-01 15:00:00,32.71315950000001,winter weekday,32.09
2023-03-01 16:00:00,34.293777000000006,winter weekday,32.09
2023-03-01 17:00:00,37.70241300000001,winter weekday,37.29
2023-03-01 18:00:00,40.3201155,winter weekday,37.29
2023-03-01 19:00:00,40.168926,winter weekday,37.29
2023-03-01 20:00:00,37.70241300000001,winter weekday,37.29
2023-03-01 21:00:00,35.46705750000001,winter weekday,37.29
2023-03-01 22:00:00,35.1171975,winter weekday,37.29
2023-03-01 23:00:00,33.800224500000006,winter weekday,32.09
2023-03-02 00:00:00,33.089259000000006,winter weekday,32.09
2023-03-02 01:00:00,33.432871500000005,winter weekday,32.09
2023-03-02 02:00:00,33.61529850000001,winter weekday,32.09
2023-03-02 03:00:00,33.795226500000005,winter weekday,32.09
2023-03-02 04:00:00,33.6127995,winter weekday,32.09
2023-03-02 05:00:00,34.30877100000001,winter weekday,32.09
2023-03-02 06:00:00,37.98355050000001,winter weekday,37.29
2023-03-02 07:00:00,39.9977445,winter weekday,37.29
2023-03-02 08:00:00,39.561669,winter weekday,37.29
2023-03-02 09:00:00,35.040978,winter weekday,37.29
2023-03-02 10:00:00,32.906832,winter weekday,32.09
2023-03-02 11:00:00,31.96096050000001,winter weekday,32.09
2023-03-02 12:00:00,31.786030500000003,winter weekday,32.09
2023-03-02 13:00:00,31.567368,winter weekday,32.09
2023-03-02 14:00:00,32.0734155,winter weekday,32.09
2023-03-02 15:00:00,33.439119000000005,winter weekday,32.09
2023-03-02 16:00:00,36.440418,winter weekday,37.29
2023-03-02 17:00:00,38.157231,winter weekday,37.29
2023-03-02 18:00:00,40.4725545,winter weekday,37.29
2023-03-02 19:00:00,40.375093500000006,winter weekday,37.29
2023-03-02 20:00:00,37.7886285,winter weekday,37.29
2023-03-02 21:00:00,37.2738345,winter weekday,37.29
2023-03-02 22:00:00,36.051823500000005,winter weekday,37.29
2023-03-02 23:00:00,34.848555000000005,winter weekday,37.29
2023-03-03 00:00:00,34.89853500000001,winter weekday,37.29
2023-03-03 01:00:00,33.634041,winter weekday,32.09
2023-03-03 02:00:00,33.6852705,winter weekday,32.09
2023-03-03 03:00:00,33.41537850000001,winter weekday,32.09
2023-03-03 04:00:00,33.33416100000001,winter weekday,32.09
2023-03-03 05:00:00,34.23630000000001,winter weekday,32.09
2023-03-03 06:00:00,37.63369050000001,winter weekday,37.29
2023-03-03 07:00:00,40.7374485,winter weekday,37.29
2023-03-03 08:00:00,41.78203049999999,winter weekday,37.29
2023-03-03 09:00:00,38.169726,winter weekday,37.29
2023-03-03 10:00:00,33.751494,winter weekday,32.09
2023-03-03 11:00:00,32.738149500000006,winter weekday,32.09
2023-03-03 12:00:00,31.698565500000004,winter weekday,32.09
2023-03-03 13:00:00,31.374945000000004,winter weekday,32.09
2023-03-03 14:00:00,31.223755500000003,winter weekday,32.09
2023-03-03 15:00:00,31.698565500000004,winter weekday,32.09
2023-03-03 16:00:00,33.52533450000001,winter weekday,32.09
2023-03-03 17:00:00,36.85775100000001,winter weekday,37.29
2023-03-03 18:00:00,37.98480000000001,winter weekday,37.29
2023-03-03 19:00:00,36.477903000000005,winter weekday,37.29
2023-03-03 20:00:00,34.02513450000001,winter weekday,32.09
2023-03-03 21:00:00,32.63694,winter weekday,32.09
2023-03-03 22:00:00,31.373695500000004,winter weekday,32.09
2023-03-03 23:00:00,30.066718500000007,winter weekday,32.09
2023-03-04 00:00:00,30.89638650000001,winter weekend,33.58
2023-03-04 01:00:00,29.345757000000003,winter weekend,27.88
2023-03-04 02:00:00,28.885941000000003,winter weekend,27.88
2023-03-04 03:00:00,29.608152000000004,winter weekend,27.88
2023-03-04 04:00:00,29.574415500000004,winter weekend,27.88
2023-03-04 05:00:00,29.48570100000001,winter weekend,27.88
2023-03-04 06:00:00,29.12584500000001,winter weekend,27.88
2023-03-04 07:00:00,29.715609000000004,winter weekend,27.88
2023-03-04 08:00:00,29.949265500000006,winter weekend,27.88
2023-03-04 09:00:00,29.474455500000005,winter weekend,27.88
2023-03-04 10:00:00,29.493198000000007,winter weekend,27.88
2023-03-04 11:00:00,29.20206450000001,winter weekend,27.88
2023-03-04 12:00:00,28.534831500000003,winter weekend,27.88
2023-03-04 13:00:00,28.770987000000005,winter weekend,27.88
2023-03-04 14:00:00,29.282032500000003,winter weekend,27.88
2023-03-04 15:00:00,30.08421150000001,winter weekend,27.88
2023-03-04 16:00:00,30.72520500000001,winter weekend,27.88
2023-03-04 17:00:00,34.861050000000006,winter weekend,33.58
2023-03-04 18:00:00,36.317967,winter weekend,33.58
2023-03-04 19:00:00,35.485800000000005,winter weekend,33.58
2023-03-04 20:00:00,34.696116,winter weekend,33.58
2023-03-04 21:00:00,32.0759145,winter weekend,33.58
2023-03-04 22:00:00,32.48949900000001,winter weekend,33.58
2023-03-04 23:00:00,31.0388295,winter weekend,33.58
2023-03-05 00:00:00,30.803923500000003,winter weekend,33.58
2023-03-05 01:00:00,30.6439875,winter weekend,27.88
2023-03-05 02:00:00,30.556522500000007,winter weekend,27.88
2023-03-05 03:00:00,30.717708000000005,winter weekend,27.88
2023-03-05 04:00:00,30.4865505,winter weekend,27.88
2023-03-05 05:00:00,30.589009500000003,winter weekend,27.88
2023-03-05 06:00:00,30.605253,winter weekend,27.88
2023-03-05 07:00:00,30.911380500000003,winter weekend,33.58
2023-03-05 08:00:00,30.827664,winter weekend,33.58
2023-03-05 09:00:00,30.8289135,winter weekend,33.58
2023-03-05 10:00:00,30.510291,winter weekend,27.88
2023-03-05 11:00:00,30.806422500000004,winter weekend,33.58
2023-03-05 12:00:00,31.1437875,winter weekend,33.58
2023-03-05 13:00:00,30.8289135,winter weekend,33.58
2023-03-05 14:00:00,31.140039000000005,winter weekend,33.58
2023-03-05 15:00:00,31.754793000000003,winter weekend,33.58
2023-03-05 16:00:00,33.53283150000001,winter weekend,33.58
2023-03-05 17:00:00,35.503293,winter weekend,33.58
2023-03-05 18:00:00,38.19346649999999,winter weekend,33.58
2023-03-05 19:00:00,38.90568150000001,winter weekend,33.58
2023-03-05 20:00:00,37.3887885,winter weekend,33.58
2023-03-05 21:00:00,36.421675500000006,winter weekend,33.58
2023-03-05 22:00:00,35.318367,winter weekend,33.58
2023-03-05 23:00:00,33.6277935,winter weekend,33.58
2023-03-06 00:00:00,34.37374500000001,winter weekday,32.09
2023-03-06 01:00:00,32.9980455,winter weekday,32.09
2023-03-06 02:00:00,32.7756345,winter weekday,32.09
2023-03-06 03:00:00,32.75189400000001,winter weekday,32.09
2023-03-06 04:00:00,32.8306125,winter weekday,32.09
2023-03-06 05:00:00,34.54117800000001,winter weekday,32.09
2023-03-06 06:00:00,37.335060000000006,winter weekday,37.29
2023-03-06 07:00:00,40.4838,winter weekday,37.29
2023-03-06 08:00:00,44.49344549999999,winter weekday,37.29
2023-03-06 09:00:00,40.9023825,winter weekday,37.29
2023-03-06 10:00:00,38.642037,winter weekday,37.29
2023-03-06 11:00:00,37.465008000000005,winter weekday,37.29
2023-03-06 12:00:00,36.100554,winter weekday,37.29
2023-03-06 13:00:00,35.479552500000004,winter weekday,37.29
2023-03-06 14:00:00,35.39833500000001,winter weekday,37.29
2023-03-06 15:00:00,35.58326100000001,winter weekday,37.29
2023-03-06 16:00:00,36.36045,winter weekday,37.29
2023-03-06 17:00:00,37.611199500000005,winter weekday,37.29
2023-03-06 18:00:00,40.46630700000001,winter weekday,37.29
2023-03-06 19:00:00,39.1855695,winter weekday,37.29
2023-03-06 20:00:00,35.854402500000006,winter weekday,37.29
2023-03-06 21:00:00,33.6602805,winter weekday,32.09
2023-03-06 22:00:00,32.443267500000005,winter weekday,32.09
2023-03-06 23:00:00,30.93512100000001,winter weekday,32.09
2023-03-07 00:00:00,29.620647000000005,winter weekday,32.09
2023-03-07 01:00:00,29.145837000000004,winter weekday,26.91
2023-03-07 02:00:00,27.98880000000001,winter weekday,26.91
2023-03-07 03:00:00,27.234102000000004,winter weekday,26.91
2023-03-07 04:00:00,27.179124000000005,winter weekday,26.91
2023-03-07 05:00:00,28.060021500000005,winter weekday,26.91
2023-03-07 06:00:00,29.701864500000003,winter weekday,32.09
2023-03-07 07:00:00,29.809321500000003,winter weekday,32.09
2023-03-07 08:00:00,30.561520500000004,winter weekday,32.09
2023-03-07 09:00:00,28.853454000000003,winter weekday,26.91
2023-03-07 10:00:00,29.095857,winter weekday,26.91
2023-03-07 11:00:00,29.145837000000004,winter weekday,26.91
2023-03-07 12:00:00,28.309921500000005,winter weekday,26.91
2023-03-07 13:00:00,29.095857,winter weekday,26.91
2023-03-07 14:00:00,29.247046500000007,winter weekday,26.91
2023-03-07 15:00:00,29.563170000000003,winter weekday,32.09
2023-03-07 16:00:00,31.015089000000007,winter weekday,32.09
2023-03-07 17:00:00,35.23215150000001,winter weekday,37.29
2023-03-07 18:00:00,37.869846,winter weekday,37.29
2023-03-07 19:00:00,35.349604500000005,winter weekday,37.29
2023-03-07 20:00:00,36.377943,winter weekday,37.29
2023-03-07 21:00:00,34.414978500000004,winter weekday,32.09
2023-03-07 22:00:00,32.6381895,winter weekday,32.09
2023-03-07 23:00:00,31.798525500000004,winter weekday,32.09
2023-03-08 00:00:00,31.649835000000003,winter weekday,32.09
2023-03-08 01:00:00,31.374945000000004,winter weekday,32.09
2023-03-08 02:00:00,31.364949000000006,winter weekday,32.09
2023-03-08 03:00:00,31.237500000000004,winter weekday,32.09
2023-03-08 04:00:00,31.237500000000004,winter weekday,32.09
2023-03-08 05:00:00,32.1408885,winter weekday,32.09
2023-03-08 06:00:00,34.94601600000001,winter weekday,37.29
2023-03-08 07:00:00,37.1763735,winter weekday,37.29
2023-03-08 08:00:00,38.996895,winter weekday,37.29
2023-03-08 09:00:00,37.7349,winter weekday,37.29
2023-03-08 10:00:00,36.484150500000005,winter weekday,37.29
2023-03-08 11:00:00,35.3820915,winter weekday,37.29
2023-03-08 12:00:00,34.5074415,winter weekday,32.09
2023-03-08 13:00:00,34.352503500000005,winter weekday,32.09
2023-03-08 14:00:00,34.54117800000001,winter weekday,32.09
2023-03-08 15:00:00,34.997245500000005,winter weekday,37.29
2023-03-08 16:00:00,35.419576500000005,winter weekday,37.29
2023-03-08 17:00:00,36.486649500000006,winter weekday,37.29
2023-03-08 18:00:00,38.2209555,winter weekday,37.29
2023-03-08 19:00:00,38.612049000000006,winter weekday,37.29
2023-03-08 20:00:00,36.58161150000001,winter weekday,37.29
2023-03-08 21:00:00,34.191318,winter weekday,32.09
2023-03-08 22:00:00,33.464109,winter weekday,32.09
2023-03-08 23:00:00,32.237100000000005,winter weekday,32.09
2023-03-09 00:00:00,31.569867,winter weekday,32.09
2023-03-09 01:00:00,31.28623050000001,winter weekday,32.09
2023-03-09 02:00:00,31.239999000000005,winter weekday,32.09
2023-03-09 03:00:00,31.035081000000005,winter weekday,32.09
2023-03-09 04:00:00,31.264989000000003,winter weekday,32.09
2023-03-09 05:00:00,31.489899,winter weekday,32.09
2023-03-09 06:00:00,34.5349305,winter weekday,32.09
2023-03-09 07:00:00,36.11055,winter weekday,37.29
2023-03-09 08:00:00,37.242597,winter weekday,37.29
2023-03-09 09:00:00,36.2267535,winter weekday,37.29
2023-03-09 10:00:00,35.155932,winter weekday,37.29
2023-03-09 11:00:00,33.83770950000001,winter weekday,32.09
2023-03-09 12:00:00,32.61195000000001,winter weekday,32.09
2023-03-09 13:00:00,31.9184775,winter weekday,32.09
2023-03-09 14:00:00,31.8859905,winter weekday,32.09
2023-03-09 15:00:00,31.952214,winter weekday,32.09
2023-03-09 16:00:00,32.157132000000004,winter weekday,32.09
2023-03-09 17:00:00,34.3425075,winter weekday,32.09
2023-03-09 18:00:00,35.763189000000004,winter weekday,37.29
2023-03-09 19:00:00,35.490798000000005,winter weekday,37.29
2023-03-09 20:00:00,34.24879500000001,winter weekday,32.09
2023-03-09 21:00:00,32.9980455,winter weekday,32.09
2023-03-09 22:00:00,32.839359,winter weekday,32.09
2023-03-09 23:00:00,31.07506500000001,winter weekday,32.09
2023-03-10 00:00:00,30.2241555,winter weekday,32.09
2023-03-10 01:00:00,29.94801600000001,winter weekday,32.09
2023-03-10 02:00:00,29.745597000000004,winter weekday,32.09
2023-03-10 03:00:00,29.718108000000004,winter weekday,32.09
2023-03-10 04:00:00,29.749345500000008,winter weekday,32.09
2023-03-10 05:00:00,30.487800000000004,winter weekday,32.09
2023-03-10 06:00:00,32.3383095,winter weekday,32.09
2023-03-10 07:00:00,34.4749545,winter weekday,32.09
2023-03-10 08:00:00,34.9747545,winter weekday,37.29
2023-03-10 09:00:00,34.437469500000006,winter weekday,32.09
2023-03-10 10:00:00,33.847705500000004,winter weekday,32.09
2023-03-10 11:00:00,32.999295000000004,winter weekday,32.09
2023-03-10 12:00:00,31.914729,winter weekday,32.09
2023-03-10 13:00:00,31.46740800000001,winter weekday,32.09
2023-03-10 14:00:00,31.726054500000004,winter weekday,32.09
2023-03-10 15:00:00,31.439919000000003,winter weekday,32.09
2023-03-10 16:00:00,31.125045000000007,winter weekday,32.09
2023-03-10 17:00:00,33.52908300000001,winter weekday,32.09
2023-03-10 18:00:00,34.296276,winter weekday,32.09
2023-03-10 19:00:00,34.101354,winter weekday,32.09
2023-03-10 20:00:00,31.788529500000006,winter weekday,32.09
2023-03-10 21:00:00,30.982602000000004,winter weekday,32.09
2023-03-10 22:00:00,29.90678250000001,winter weekday,32.09
2023-03-10 23:00:00,28.3124205,winter weekday,26.91
2023-03-11 00:00:00,26.142039000000004,winter weekend,27.88
2023-03-11 01:00:00,26.253244500000005,winter weekend,27.88
2023-03-11 02:00:00,26.499396000000004,winter weekend,27.88
2023-03-11 03:00:00,27.666429000000004,winter weekend,27.88
2023-03-11 04:00:00,28.347406500000005,winter weekend,27.88
2023-03-11 05:00:00,29.385741000000003,winter weekend,27.88
2023-03-11 06:00:00,30.392838,winter weekend,27.88
2023-03-11 07:00:00,31.123795500000003,winter weekend,33.58
2023-03-11 08:00:00,31.613599500000003,winter weekend,33.58
2023-03-11 09:00:00,30.658981500000003,winter weekend,27.88
2023-03-11 10:00:00,29.089609500000005,winter weekend,27.88
2023-03-11 11:00:00,27.60770250000001,winter weekend,27.88
2023-03-11 12:00:00,27.196617000000007,winter weekend,27.88
2023-03-11 13:00:00,24.865050000000004,winter weekend,27.88
2023-03-11 14:00:00,24.912531000000005,winter weekend,27.88
2023-03-11 15:00:00,27.6926685,winter weekend,27.88
2023-03-11 16:00:00,30.017988000000003,winter weekend,27.88
2023-03-11 17:00:00,33.61404900000001,winter weekend,33.58
2023-03-11 18:00:00,35.485800000000005,winter weekend,33.58
2023-03-11 19:00:00,34.439968500000006,winter weekend,33.58
2023-03-11 20:00:00,33.80897100000001,winter weekend,33.58
2023-03-11 21:00:00,32.357052,winter weekend,33.58
2023-03-11 22:00:00,32.432022,winter weekend,33.58
2023-03-11 23:00:00,30.92637450000001,winter weekend,33.58
2023-03-12 00:00:00,32.48824950000001,winter weekend,33.58
2023-03-12 01:00:00,30.010491000000005,winter weekend,27.88
2023-03-12 02:00:00,30.010491000000005,winter weekend,27.88
2023-03-12 03:00:00,28.667278500000005,winter weekend,27.88
2023-03-12 04:00:00,28.839709500000005,winter weekend,27.88
2023-03-12 05:00:00,28.873446000000005,winter weekend,27.88
2023-03-12 06:00:00,28.714759500000003,winter weekend,27.88
2023-03-12 07:00:00,28.49484750000001,winter weekend,27.88
2023-03-12 08:00:00,28.6472865,winter weekend,27.88
2023-03-12 09:00:00,29.110851000000004,winter weekend,27.88
2023-03-12 10:00:00,28.863450000000007,winter weekend,27.88
2023-03-12 11:00:00,28.337410500000004,winter weekend,27.88
2023-03-12 12:00:00,27.414030000000007,winter weekend,27.88
2023-03-12 13:00:00,25.984602,winter weekend,27.88
2023-03-12 14:00:00,26.114550000000005,winter weekend,27.88
2023-03-12 15:00:00,26.72680500000001,winter weekend,27.88
2023-03-12 16:00:00,27.9950475,winter weekend,27.88
2023-03-12 17:00:00,29.97675450000001,winter weekend,27.88
2023-03-12 18:00:00,32.3433075,winter weekend,33.58
2023-03-12 19:00:00,34.990998000000005,winter weekend,33.58
2023-03-12 20:00:00,33.6078015,winter weekend,33.58
2023-03-12 21:00:00,30.449065500000003,winter weekend,27.88
2023-03-12 22:00:00,29.222056500000004,winter weekend,27.88
2023-03-12 23:00:00,27.43277250000001,winter weekend,27.88
2023-03-13 00:00:00,23.114500500000005,winter weekday,26.91
2023-03-13 01:00:00,22.0024455,winter weekday,26.91
2023-03-13 02:00:00,21.536382,winter weekday,26.91
2023-03-13 03:00:00,19.4784555,winter weekday,26.91
2023-03-13 04:00:00,18.3064245,winter weekday,26.91
2023-03-13 05:00:00,19.4784555,winter weekday,26.91
2023-03-13 06:00:00,22.1773755,winter weekday,26.91
2023-03-13 07:00:00,27.07791450000001,winter weekday,26.91
2023-03-13 08:00:00,27.340309500000007,winter weekday,26.91
2023-03-13 09:00:00,22.673427000000004,winter weekday,26.91
2023-03-13 10:00:00,21.1802745,winter weekday,26.91
2023-03-13 11:00:00,20.156934,winter weekday,26.91
2023-03-13 12:00:00,17.626696499999998,winter weekday,26.91
2023-03-13 13:00:00,17.365789,winter weekday,26.91
2023-03-13 14:00:00,17.3646585,winter weekday,26.91
2023-03-13 15:00:00,17.400537,winter weekday,26.91
2023-03-13 16:00:00,18.4963485,winter weekday,26.91
2023-03-13 17:00:00,24.0366315,winter weekday,26.91
2023-03-13 18:00:00,28.437370500000004,winter weekday,26.91
2023-03-13 19:00:00,29.2383,winter weekday,26.91
2023-03-13 20:00:00,27.655183500000003,winter weekday,26.91
2023-03-13 21:00:00,23.982903000000004,winter weekday,26.91
2023-03-13 22:00:00,21.7975275,winter weekday,26.91
2023-03-13 23:00:00,20.281884,winter weekday,26.91
2023-03-14 00:00:00,18.5638215,winter weekday,26.91
2023-03-14 01:00:00,17.925326999999996,winter weekday,26.91
2023-03-14 02:00:00,17.86785,winter weekday,26.91
2023-03-14 03:00:00,17.597958,winter weekday,26.91
2023-03-14 04:00:00,17.805374999999998,winter weekday,26.91
2023-03-14 05:00:00,18.4963485,winter weekday,26.91
2023-03-14 06:00:00,22.69092000000001,winter weekday,26.91
2023-03-14 07:00:00,28.666029000000005,winter weekday,26.91
2023-03-14 08:00:00,29.218308000000004,winter weekday,26.91
2023-03-14 09:00:00,27.7851315,winter weekday,26.91
2023-03-14 10:00:00,26.58686100000001,winter weekday,26.91
2023-03-14 11:00:00,24.982503000000005,winter weekday,26.91
2023-03-14 12:00:00,24.022887000000004,winter weekday,26.91
2023-03-14 13:00:00,24.998746500000006,winter weekday,26.91
2023-03-14 14:00:00,25.546027500000005,winter weekday,26.91
2023-03-14 15:00:00,24.842559000000005,winter weekday,26.91
2023-03-14 16:00:00,27.21785850000001,winter weekday,26.91
2023-03-14 17:00:00,32.718157500000004,winter weekday,32.09
2023-03-14 18:00:00,35.468307,winter weekday,37.29
2023-03-14 19:00:00,36.3866895,winter weekday,37.29
2023-03-14 20:00:00,34.9772535,winter weekday,37.29
2023-03-14 21:00:00,33.576564000000005,winter weekday,32.09
2023-03-14 22:00:00,32.716908000000004,winter weekday,32.09
2023-03-14 23:00:00,30.527784000000004,winter weekday,32.09
2023-03-15 00:00:00,30.567768000000004,winter weekday,32.09
2023-03-15 01:00:00,30.587760000000003,winter weekday,32.09
2023-03-15 02:00:00,30.359101500000005,winter weekday,32.09
2023-03-15 03:00:00,30.516538500000006,winter weekday,32.09
2023-03-15 04:00:00,30.571516500000005,winter weekday,32.09
2023-03-15 05:00:00,32.54072850000001,winter weekday,32.09
2023-03-15 06:00:00,35.29462650000001,winter weekday,37.29
2023-03-15 07:00:00,37.36005000000001,winter weekday,37.29
2023-03-15 08:00:00,37.307571,winter weekday,37.29
2023-03-15 09:00:00,33.61030050000001,winter weekday,32.09
2023-03-15 10:00:00,31.631092500000005,winter weekday,32.09
2023-03-15 11:00:00,29.488200000000003,winter weekday,26.91
2023-03-15 12:00:00,28.719757500000004,winter weekday,26.91
2023-03-15 13:00:00,28.718508000000007,winter weekday,26.91
2023-03-15 14:00:00,29.394487500000004,winter weekday,26.91
2023-03-15 15:00:00,30.216658500000005,winter weekday,32.09
2023-03-15 16:00:00,31.98595050000001,winter weekday,32.09
2023-03-15 17:00:00,36.210510000000006,winter weekday,37.29
2023-03-15 18:00:00,40.146435,winter weekday,37.29
2023-03-15 19:00:00,42.268086,winter weekday,37.29
2023-03-15 20:00:00,38.48210099999999,winter weekday,37.29
2023-03-15 21:00:00,35.780682000000006,winter weekday,37.29
2023-03-15 22:00:00,34.779832500000005,winter weekday,37.29
2023-03-15 23:00:00,33.3154185,winter weekday,32.09
2023-03-16 00:00:00,32.035930500000006,winter weekday,32.09
2023-03-16 01:00:00,30.813919500000004,winter weekday,32.09
2023-03-16 02:00:00,30.337860000000003,winter weekday,32.09
2023-03-16 03:00:00,29.86305,winter weekday,32.09
2023-03-16 04:00:00,29.6218965,winter weekday,32.09
2023-03-16 05:00:00,30.345357000000007,winter weekday,32.09
2023-03-16 06:00:00,33.651534000000005,winter weekday,32.09
2023-03-16 07:00:00,35.1546825,winter weekday,37.29
2023-03-16 08:00:00,34.6148985,winter weekday,32.09
2023-03-16 09:00:00,32.002194,winter weekday,32.09
2023-03-16 10:00:00,30.26289,winter weekday,32.09
2023-03-16 11:00:00,28.8022245,winter weekday,26.91
2023-03-16 12:00:00,28.038780000000003,winter weekday,26.91
2023-03-16 13:00:00,27.1753755,winter weekday,26.91
2023-03-16 14:00:00,27.424026000000005,winter weekday,26.91
2023-03-16 15:00:00,27.975055500000007,winter weekday,26.91
2023-03-16 16:00:00,29.310771000000003,winter weekday,26.91
2023-03-16 17:00:00,32.26458900000001,winter weekday,32.09
2023-03-16 18:00:00,33.8427075,winter weekday,32.09
2023-03-16 19:00:00,33.6078015,winter weekday,32.09
2023-03-16 20:00:00,31.11255000000001,winter weekday,32.09
2023-03-16 21:00:00,29.630643000000006,winter weekday,32.09
2023-03-16 22:00:00,28.122496500000008,winter weekday,26.91
2023-03-16 23:00:00,27.419028000000008,winter weekday,26.91
2023-03-17 00:00:00,23.421877500000004,winter weekday,26.91
2023-03-17 01:00:00,23.61180150000001,winter weekday,26.91
2023-03-17 02:00:00,23.623047000000007,winter weekday,26.91
2023-03-17 03:00:00,24.856303500000003,winter weekday,26.91
2023-03-17 04:00:00,25.213660500000003,winter weekday,26.91
2023-03-17 05:00:00,27.562720500000005,winter weekday,26.91
2023-03-17 06:00:00,30.496546500000004,winter weekday,32.09
2023-03-17 07:00:00,31.3836915,winter weekday,32.09
2023-03-17 08:00:00,30.432822,winter weekday,32.09
2023-03-17 09:00:00,28.649785500000007,winter weekday,26.91
2023-03-17 10:00:00,27.868848000000007,winter weekday,26.91
2023-03-17 11:00:00,27.357802500000005,winter weekday,26.91
2023-03-17 12:00:00,26.83426200000001,winter weekday,26.91
2023-03-17 13:00:00,26.6205975,winter weekday,26.91
2023-03-17 14:00:00,28.369897500000004,winter weekday,26.91
2023-03-17 15:00:00,29.741848500000003,winter weekday,32.09
2023-03-17 16:00:00,31.055073000000004,winter weekday,32.09
2023-03-17 17:00:00,33.2104605,winter weekday,32.09
2023-03-17 18:00:00,34.156332000000006,winter weekday,32.09
2023-03-17 19:00:00,34.1400885,winter weekday,32.09
2023-03-17 20:00:00,33.155482500000005,winter weekday,32.09
2023-03-17 21:00:00,31.10880150000001,winter weekday,32.09
2023-03-17 22:00:00,30.7489455,winter weekday,32.09
2023-03-17 23:00:00,30.144187500000005,winter weekday,32.09
2023-03-18 00:00:00,30.656482500000003,winter weekend,27.88
2023-03-18 01:00:00,29.644387500000008,winter weekend,27.88
2023-03-18 02:00:00,29.468208000000008,winter weekend,27.88
2023-03-18 03:00:00,29.2383,winter weekend,27.88
2023-03-18 04:00:00,29.385741000000003,winter weekend,27.88
2023-03-18 05:00:00,29.83806000000001,winter weekend,27.88
2023-03-18 06:00:00,30.300375000000003,winter weekend,27.88
2023-03-18 07:00:00,30.54152850000001,winter weekend,27.88
2023-03-18 08:00:00,29.955513000000003,winter weekend,27.88
2023-03-18 09:00:00,30.19416750000001,winter weekend,27.88
2023-03-18 10:00:00,29.488200000000003,winter weekend,27.88
2023-03-18 11:00:00,28.755993000000007,winter weekend,27.88
2023-03-18 12:00:00,27.871347000000007,winter weekend,27.88
2023-03-18 13:00:00,27.416529000000004,winter weekend,27.88
2023-03-18 14:00:00,28.303674,winter weekend,27.88
2023-03-18 15:00:00,28.873446000000005,winter weekend,27.88
2023-03-18 16:00:00,30.416578500000004,winter weekend,27.88
2023-03-18 17:00:00,33.70401300000001,winter weekend,33.58
2023-03-18 18:00:00,36.978952500000005,winter weekend,33.58
2023-03-18 19:00:00,38.552073,winter weekend,33.58
2023-03-18 20:00:00,35.3795925,winter weekend,33.58
2023-03-18 21:00:00,33.976404,winter weekend,33.58
2023-03-18 22:00:00,33.6053025,winter weekend,33.58
2023-03-18 23:00:00,32.169627000000006,winter weekend,33.58
2023-03-19 00:00:00,31.116298500000003,winter weekend,33.58
2023-03-19 01:00:00,30.612750000000005,winter weekend,27.88
2023-03-19 02:00:00,29.813070000000003,winter weekend,27.88
2023-03-19 03:00:00,29.76059100000001,winter weekend,27.88
2023-03-19 04:00:00,29.705613,winter weekend,27.88
2023-03-19 05:00:00,30.282882000000004,winter weekend,27.88
2023-03-19 06:00:00,29.86305,winter weekend,27.88
2023-03-19 07:00:00,30.169177500000004,winter weekend,27.88
2023-03-19 08:00:00,30.042978000000005,winter weekend,27.88
2023-03-19 09:00:00,30.14543700000001,winter weekend,27.88
2023-03-19 10:00:00,29.914279500000003,winter weekend,27.88
2023-03-19 11:00:00,29.76059100000001,winter weekend,27.88
2023-03-19 12:00:00,29.536930500000008,winter weekend,27.88
2023-03-19 13:00:00,29.118348000000005,winter weekend,27.88
2023-03-19 14:00:00,29.23954950000001,winter weekend,27.88
2023-03-19 15:00:00,29.69686650000001,winter weekend,27.88
2023-03-19 16:00:00,30.623995500000007,winter weekend,27.88
2023-03-19 17:00:00,34.0076415,winter weekend,33.58
2023-03-19 18:00:00,35.485800000000005,winter weekend,33.58
2023-03-19 19:00:00,36.4741545,winter weekend,33.58
2023-03-19 20:00:00,35.44956450000001,winter weekend,33.58
2023-03-19 21:00:00,34.2700365,winter weekend,33.58
2023-03-19 22:00:00,33.973905,winter weekend,33.58
2023-03-19 23:00:00,33.61155,winter weekend,33.58
2023-03-20 00:00:00,32.861850000000004,winter weekday,32.09
2023-03-20 01:00:00,31.729803,winter weekday,32.09
2023-03-20 02:00:00,31.49489700000001,winter weekday,32.09
2023-03-20 03:00:00,31.135041000000005,winter weekday,32.09
2023-03-20 04:00:00,31.1437875,winter weekday,32.09
2023-03-20 05:00:00,31.912230000000005,winter weekday,32.09
2023-03-20 06:00:00,34.3325115,winter weekday,32.09
2023-03-20 07:00:00,35.914378500000005,winter weekday,37.29
2023-03-20 08:00:00,35.9243745,winter weekday,37.29
2023-03-20 09:00:00,34.556172000000004,winter weekday,32.09
2023-03-20 10:00:00,32.7056625,winter weekday,32.09
2023-03-20 11:00:00,31.836010500000004,winter weekday,32.09
2023-03-20 12:00:00,30.4365705,winter weekday,32.09
2023-03-20 13:00:00,29.858052000000004,winter weekday,32.09
2023-03-20 14:00:00,30.07921350000001,winter weekday,32.09
2023-03-20 15:00:00,30.455313000000004,winter weekday,32.09
2023-03-20 16:00:00,31.591108500000004,winter weekday,32.09
2023-03-20 17:00:00,33.96640800000001,winter weekday,32.09
2023-03-20 18:00:00,36.23050200000001,winter weekday,37.29
2023-03-20 19:00:00,38.0435265,winter weekday,37.29
2023-03-20 20:00:00,36.405432000000005,winter weekday,37.29
2023-03-20 21:00:00,34.297525500000006,winter weekday,32.09
2023-03-20 22:00:00,33.299175000000005,winter weekday,32.09
2023-03-20 23:00:00,31.992198,winter weekday,32.09
2023-03-21 00:00:00,32.460760500000006,winter weekday,32.09
2023-03-21 01:00:00,31.397436000000003,winter weekday,32.09
2023-03-21 02:00:00,31.307472000000004,winter weekday,32.09
2023-03-21 03:00:00,30.943867500000003,winter weekday,32.09
2023-03-21 04:00:00,31.11255000000001,winter weekday,32.09
2023-03-21 05:00:00,32.1383895,winter weekday,32.09
2023-03-21 06:00:00,33.587809500000006,winter weekday,32.09
2023-03-21 07:00:00,35.547025500000004,winter weekday,37.29
2023-03-21 08:00:00,35.2921275,winter weekday,37.29
2023-03-21 09:00:00,33.427873500000004,winter weekday,32.09
2023-03-21 10:00:00,31.738549500000005,winter weekday,32.09
2023-03-21 11:00:00,30.702714000000007,winter weekday,32.09
2023-03-21 12:00:00,30.110451000000005,winter weekday,32.09
2023-03-21 13:00:00,29.808072000000003,winter weekday,32.09
2023-03-21 14:00:00,29.69686650000001,winter weekday,32.09
2023-03-21 15:00:00,29.653134,winter weekday,32.09
2023-03-21 16:00:00,30.0142395,winter weekday,32.09
2023-03-21 17:00:00,31.486150500000004,winter weekday,32.09
2023-03-21 18:00:00,33.871446000000006,winter weekday,32.09
2023-03-21 19:00:00,35.272135500000005,winter weekday,37.29
2023-03-21 20:00:00,33.018037500000005,winter weekday,32.09
2023-03-21 21:00:00,30.504043500000005,winter weekday,32.09
2023-03-21 22:00:00,29.8243155,winter weekday,32.09
2023-03-21 23:00:00,28.937170500000004,winter weekday,26.91
2023-03-22 00:00:00,26.996697000000005,winter weekday,26.91
2023-03-22 01:00:00,26.5131405,winter weekday,26.91
2023-03-22 02:00:00,26.551875000000003,winter weekday,26.91
2023-03-22 03:00:00,25.995847500000004,winter weekday,26.91
2023-03-22 04:00:00,25.6984665,winter weekday,26.91
2023-03-22 05:00:00,26.6180985,winter weekday,26.91
2023-03-22 06:00:00,28.867198500000004,winter weekday,26.91
2023-03-22 07:00:00,30.9888495,winter weekday,32.09
2023-03-22 08:00:00,31.1387895,winter weekday,32.09
2023-03-22 09:00:00,27.660181500000004,winter weekday,26.91
2023-03-22 10:00:00,24.658882500000004,winter weekday,26.91
2023-03-22 11:00:00,21.5276355,winter weekday,26.91
2023-03-22 12:00:00,20.2331535,winter weekday,26.91
2023-03-22 13:00:00,19.4909505,winter weekday,26.91
2023-03-22 14:00:00,22.294828500000005,winter weekday,26.91
2023-03-22 15:00:00,25.915879500000003,winter weekday,26.91
2023-03-22 16:00:00,27.503994,winter weekday,26.91
2023-03-22 17:00:00,29.940519,winter weekday,32.09
2023-03-22 18:00:00,32.2683375,winter weekday,32.09
2023-03-22 19:00:00,34.842307500000004,winter weekday,37.29
2023-03-22 20:00:00,33.0255345,winter weekday,32.09
2023-03-22 21:00:00,30.913879500000004,winter weekday,32.09
2023-03-22 22:00:00,29.850555000000007,winter weekday,32.09
2023-03-22 23:00:00,27.775135500000008,winter weekday,26.91
2023-03-23 00:00:00,25.8708975,winter weekday,26.91
2023-03-23 01:00:00,25.601005500000007,winter weekday,26.91
2023-03-23 02:00:00,24.2765355,winter weekday,26.91
2023-03-23 03:00:00,23.108253000000005,winter weekday,26.91
2023-03-23 04:00:00,21.5126415,winter weekday,26.91
2023-03-23 05:00:00,24.337761000000004,winter weekday,26.91
2023-03-23 06:00:00,27.444018000000003,winter weekday,26.91
2023-03-23 07:00:00,28.890939000000007,winter weekday,26.91
2023-03-23 08:00:00,29.2383,winter weekday,26.91
2023-03-23 09:00:00,26.464410000000004,winter weekday,26.91
2023-03-23 10:00:00,22.458513000000007,winter weekday,26.91
2023-03-23 11:00:00,21.826266,winter weekday,26.91
2023-03-23 12:00:00,21.931224,winter weekday,26.91
2023-03-23 13:00:00,22.0149405,winter weekday,26.91
2023-03-23 14:00:00,23.775486000000004,winter weekday,26.91
2023-03-23 15:00:00,24.275286000000005,winter weekday,26.91
2023-03-23 16:00:00,28.60105500000001,winter weekday,26.91
2023-03-23 17:00:00,32.293327500000004,winter weekday,32.09
2023-03-23 18:00:00,34.46870700000001,winter weekday,32.09
2023-03-23 19:00:00,35.408331000000004,winter weekday,37.29
2023-03-23 20:00:00,32.626944,winter weekday,32.09
2023-03-23 21:00:00,28.944667500000005,winter weekday,26.91
2023-03-23 22:00:00,28.469857500000003,winter weekday,26.91
2023-03-23 23:00:00,27.032932500000005,winter weekday,26.91
2023-03-24 00:00:00,24.255294000000003,winter weekday,26.91
2023-03-24 01:00:00,22.840860000000003,winter weekday,26.91
2023-03-24 02:00:00,22.449766500000003,winter weekday,26.91
2023-03-24 03:00:00,22.388541000000004,winter weekday,26.91
2023-03-24 04:00:00,21.7500465,winter weekday,26.91
2023-03-24 05:00:00,22.389790500000004,winter weekday,26.91
2023-03-24 06:00:00,25.169928,winter weekday,26.91
2023-03-24 07:00:00,27.517738500000004,winter weekday,26.91
2023-03-24 08:00:00,27.517738500000004,winter weekday,26.91
2023-03-24 09:00:00,25.159932000000005,winter weekday,26.91
2023-03-24 10:00:00,21.9849525,winter weekday,26.91
2023-03-24 11:00:00,20.526786,winter weekday,26.91
2023-03-24 12:00:00,18.8012265,winter weekday,26.91
2023-03-24 13:00:00,17.8666005,winter weekday,26.91
2023-03-24 14:00:00,17.626696499999998,winter weekday,26.91
2023-03-24 15:00:00,18.097758,winter weekday,26.91
2023-03-24 16:00:00,21.0653205,winter weekday,26.91
2023-03-24 17:00:00,27.305323500000004,winter weekday,26.91
2023-03-24 18:00:00,29.990499000000003,winter weekday,32.09
2023-03-24 19:00:00,31.89098850000001,winter weekday,32.09
2023-03-24 20:00:00,29.478204,winter weekday,26.91
2023-03-24 21:00:00,27.676425,winter weekday,26.91
2023-03-24 22:00:00,26.889240000000008,winter weekday,26.91
2023-03-24 23:00:00,25.477305000000005,winter weekday,26.91
2023-03-25 00:00:00,19.279785,winter weekend,19.67
2023-03-25 01:00:00,17.4892515,winter weekend,19.67
2023-03-25 02:00:00,17.381794499999998,winter weekend,19.67
2023-03-25 03:00:00,17.378046,winter weekend,19.67
2023-03-25 04:00:00,17.4042855,winter weekend,19.67
2023-03-25 05:00:00,17.380544999999998,winter weekend,19.67
2023-03-25 06:00:00,17.8091235,winter weekend,19.67
2023-03-25 07:00:00,18.332664,winter weekend,19.67
2023-03-25 08:00:00,18.1090035,winter weekend,19.67
2023-03-25 09:00:00,17.375546999999997,winter weekend,19.67
2023-03-25 10:00:00,17.361267,winter weekend,19.67
2023-03-25 11:00:00,17.234651,winter weekend,19.67
2023-03-25 12:00:00,16.958809,winter weekend,19.67
2023-03-25 13:00:00,16.687489,winter weekend,19.67
2023-03-25 14:00:00,16.759840999999998,winter weekend,19.67
2023-03-25 15:00:00,17.269696500000002,winter weekend,19.67
2023-03-25 16:00:00,17.365789,winter weekend,19.67
2023-03-25 17:00:00,20.354355,winter weekend,19.67
2023-03-25 18:00:00,24.865050000000004,winter weekend,27.88
2023-03-25 19:00:00,26.994198000000008,winter weekend,27.88
2023-03-25 20:00:00,24.865050000000004,winter weekend,27.88
2023-03-25 21:00:00,22.595958000000003,winter weekend,19.67
2023-03-25 22:00:00,22.2298545,winter weekend,19.67
2023-03-25 23:00:00,21.536382,winter weekend,19.67
2023-03-26 00:00:00,22.323567000000004,winter weekend,19.67
2023-03-26 01:00:00,22.2698385,winter weekend,19.67
2023-03-26 02:00:00,22.381044000000003,winter weekend,19.67
2023-03-26 03:00:00,22.476006,winter weekend,19.67
2023-03-26 04:00:00,22.543479000000005,winter weekend,19.67
2023-03-26 05:00:00,25.301125500000005,winter weekend,27.88
2023-03-26 06:00:00,26.5006455,winter weekend,27.88
2023-03-26 07:00:00,27.019188,winter weekend,27.88
2023-03-26 08:00:00,27.31407,winter weekend,27.88
2023-03-26 09:00:00,27.186621,winter weekend,27.88
2023-03-26 10:00:00,26.86425,winter weekend,27.88
2023-03-26 11:00:00,25.101205500000003,winter weekend,27.88
2023-03-26 12:00:00,24.295278000000003,winter weekend,27.88
2023-03-26 13:00:00,23.673027000000005,winter weekend,19.67
2023-03-26 14:00:00,23.118249,winter weekend,19.67
2023-03-26 15:00:00,23.409382500000003,winter weekend,19.67
2023-03-26 16:00:00,27.000445500000005,winter weekend,27.88
2023-03-26 17:00:00,30.693967500000003,winter weekend,27.88
2023-03-26 18:00:00,32.094657000000005,winter weekend,33.58
2023-03-26 19:00:00,31.436170500000003,winter weekend,33.58
2023-03-26 20:00:00,30.4415685,winter weekend,27.88
2023-03-26 21:00:00,29.790579000000005,winter weekend,27.88
2023-03-26 22:00:00,29.193318000000005,winter weekend,27.88
2023-03-26 23:00:00,29.363250000000004,winter weekend,27.88
2023-03-27 00:00:00,29.007142500000008,winter weekday,26.91
2023-03-27 01:00:00,28.298676000000004,winter weekday,26.91
2023-03-27 02:00:00,27.862600500000003,winter weekday,26.91
2023-03-27 03:00:00,27.976305000000007,winter weekday,26.91
2023-03-27 04:00:00,28.969657500000007,winter weekday,26.91
2023-03-27 05:00:00,31.737300000000005,winter weekday,32.09
2023-03-27 06:00:00,35.2346505,winter weekday,37.29
2023-03-27 07:00:00,36.274234500000006,winter weekday,37.29
2023-03-27 08:00:00,32.207112,winter weekday,32.09
2023-03-27 09:00:00,29.219557500000004,winter weekday,26.91
2023-03-27 10:00:00,27.480253500000003,winter weekday,26.91
2023-03-27 11:00:00,25.897137000000008,winter weekday,26.91
2023-03-27 12:00:00,24.229054500000004,winter weekday,26.91
2023-03-27 13:00:00,22.708413000000004,winter weekday,26.91
2023-03-27 14:00:00,23.135742000000004,winter weekday,26.91
2023-03-27 15:00:00,23.568069,winter weekday,26.91
2023-03-27 16:00:00,26.660581500000006,winter weekday,26.91
2023-03-27 17:00:00,29.357002500000004,winter weekday,26.91
2023-03-27 18:00:00,32.909331,winter weekday,32.09
2023-03-27 19:00:00,31.870996500000004,winter weekday,32.09
2023-03-27 20:00:00,30.611500500000005,winter weekday,32.09
2023-03-27 21:00:00,30.302874000000003,winter weekday,32.09
2023-03-27 22:00:00,28.795977000000004,winter weekday,26.91
2023-03-27 23:00:00,27.199116000000004,winter weekday,26.91
2023-03-28 00:00:00,27.651435000000003,winter weekday,26.91
2023-03-28 01:00:00,27.947566500000008,winter weekday,26.91
2023-03-28 02:00:00,28.967158500000004,winter weekday,26.91
2023-03-28 03:00:00,28.925925000000003,winter weekday,26.91
2023-03-28 04:00:00,29.793078000000005,winter weekday,32.09
2023-03-28 05:00:00,33.6177975,winter weekday,32.09
2023-03-28 06:00:00,37.35005400000001,winter weekday,37.29
2023-03-28 07:00:00,37.35005400000001,winter weekday,37.29
2023-03-28 08:00:00,33.254193,winter weekday,32.09
2023-03-28 09:00:00,30.397836000000005,winter weekday,32.09
2023-03-28 10:00:00,29.224555500000005,winter weekday,26.91
2023-03-28 11:00:00,29.218308000000004,winter weekday,26.91
2023-03-28 12:00:00,28.9871505,winter weekday,26.91
2023-03-28 13:00:00,28.833462000000004,winter weekday,26.91
2023-03-28 14:00:00,29.197066500000005,winter weekday,26.91
2023-03-28 15:00:00,29.390739000000004,winter weekday,26.91
2023-03-28 16:00:00,30.93637050000001,winter weekday,32.09
2023-03-28 17:00:00,34.4699565,winter weekday,32.09
2023-03-28 18:00:00,37.482501000000006,winter weekday,37.29
2023-03-28 19:00:00,37.485,winter weekday,37.29
2023-03-28 20:00:00,33.988899,winter weekday,32.09
2023-03-28 21:00:00,33.2479455,winter weekday,32.09
2023-03-28 22:00:00,31.235001000000004,winter weekday,32.09
2023-03-28 23:00:00,29.55442350000001,winter weekday,32.09
2023-03-29 00:00:00,29.250795000000004,winter weekday,26.91
2023-03-29 01:00:00,29.5044435,winter weekday,32.09
2023-03-29 02:00:00,29.710611000000007,winter weekday,32.09
2023-03-29 03:00:00,29.635641000000003,winter weekday,32.09
2023-03-29 04:00:00,29.763090000000005,winter weekday,32.09
2023-03-29 05:00:00,31.992198,winter weekday,32.09
2023-03-29 06:00:00,35.37709350000001,winter weekday,37.29
2023-03-29 07:00:00,36.36045,winter weekday,37.29
2023-03-29 08:00:00,35.3820915,winter weekday,37.29
2023-03-29 09:00:00,33.61529850000001,winter weekday,32.09
2023-03-29 10:00:00,32.243347500000006,winter weekday,32.09
2023-03-29 11:00:00,31.235001000000004,winter weekday,32.09
2023-03-29 12:00:00,30.562770000000004,winter weekday,32.09
2023-03-29 13:00:00,30.056722500000003,winter weekday,32.09
2023-03-29 14:00:00,30.480303000000006,winter weekday,32.09
2023-03-29 15:00:00,30.637740000000004,winter weekday,32.09
2023-03-29 16:00:00,33.380392500000006,winter weekday,32.09
2023-03-29 17:00:00,35.5370295,winter weekday,37.29
2023-03-29 18:00:00,36.0943065,winter weekday,37.29
2023-03-29 19:00:00,33.896436,winter weekday,32.09
2023-03-29 20:00:00,31.727304000000004,winter weekday,32.09
2023-03-29 21:00:00,31.100055000000005,winter weekday,32.09
2023-03-29 22:00:00,29.213310000000003,winter weekday,26.91
2023-03-29 23:00:00,28.577314500000004,winter weekday,26.91
2023-03-30 00:00:00,27.64518750000001,winter weekday,26.91
2023-03-30 01:00:00,27.457762500000005,winter weekday,26.91
2023-03-30 02:00:00,27.210361500000005,winter weekday,26.91
2023-03-30 03:00:00,27.102904500000005,winter weekday,26.91
2023-03-30 04:00:00,26.96421,winter weekday,26.91
2023-03-30 05:00:00,28.584811500000008,winter weekday,26.91
2023-03-30 06:00:00,32.2833315,winter weekday,32.09
2023-03-30 07:00:00,33.52408500000001,winter weekday,32.09
2023-03-30 08:00:00,31.11255000000001,winter weekday,32.09
2023-03-30 09:00:00,28.696017000000005,winter weekday,26.91
2023-03-30 10:00:00,27.36405,winter weekday,26.91
2023-03-30 11:00:00,25.4685585,winter weekday,26.91
2023-03-30 12:00:00,20.5655205,winter weekday,26.91
2023-03-30 13:00:00,18.0865125,winter weekday,26.91
2023-03-30 14:00:00,18.6237975,winter weekday,26.91
2023-03-30 15:00:00,22.318569,winter weekday,26.91
2023-03-30 16:00:00,26.419428000000003,winter weekday,26.91
2023-03-30 17:00:00,29.5569225,winter weekday,32.09
2023-03-30 18:00:00,32.36205,winter weekday,32.09
2023-03-30 19:00:00,32.2833315,winter weekday,32.09
2023-03-30 20:00:00,30.272886000000003,winter weekday,32.09
2023-03-30 21:00:00,29.869297500000005,winter weekday,32.09
2023-03-30 22:00:00,28.708512,winter weekday,26.91
2023-03-30 23:00:00,25.506043500000004,winter weekday,26.91
2023-03-31 00:00:00,25.477305000000005,winter weekday,26.91
2023-03-31 01:00:00,24.502695000000003,winter weekday,26.91
2023-03-31 02:00:00,23.443119000000003,winter weekday,26.91
2023-03-31 03:00:00,25.969608000000004,winter weekday,26.91
2023-03-31 04:00:00,27.3603015,winter weekday,26.91
2023-03-31 05:00:00,31.32746400000001,winter weekday,32.09
2023-03-31 06:00:00,33.876444000000006,winter weekday,32.09
2023-03-31 07:00:00,34.566168000000005,winter weekday,32.09
2023-03-31 08:00:00,33.8851905,winter weekday,32.09
2023-03-31 09:00:00,32.88684000000001,winter weekday,32.09
2023-03-31 10:00:00,32.32081650000001,winter weekday,32.09
2023-03-31 11:00:00,30.33411150000001,winter weekday,32.09
2023-03-31 12:00:00,29.505693,winter weekday,32.09
2023-03-31 13:00:00,28.994647500000006,winter weekday,26.91
2023-03-31 14:00:00,29.20331400000001,winter weekday,26.91
2023-03-31 15:00:00,30.099205500000004,winter weekday,32.09
2023-03-31 16:00:00,30.30162450000001,winter weekday,32.09
2023-03-31 17:00:00,31.733551500000004,winter weekday,32.09
2023-03-31 18:00:00,31.807272,winter weekday,32.09
2023-03-31 19:00:00,31.11005100000001,winter weekday,32.09
2023-03-31 20:00:00,29.7168585,winter weekday,32.09
2023-03-31 21:00:00,28.204963500000005,winter weekday,26.91
2023-03-31 22:00:00,27.36405,winter weekday,26.91
2023-03-31 23:00:00,27.6376905,winter weekday,26.91
2023-04-01 00:00:00,25.352355000000003,summer weekend,26.54
2023-04-01 01:00:00,24.095358000000004,summer weekend,26.54
2023-04-01 02:00:00,22.2198585,summer weekend,18.94
2023-04-01 03:00:00,21.8724975,summer weekend,18.94
2023-04-01 04:00:00,21.7825335,summer weekend,18.94
2023-04-01 05:00:00,21.661332,summer weekend,18.94
2023-04-01 06:00:00,23.82921450000001,summer weekend,26.54
2023-04-01 07:00:00,25.009992000000004,summer weekend,26.54
2023-04-01 08:00:00,24.916279500000005,summer weekend,26.54
2023-04-01 09:00:00,23.5618215,summer weekend,26.54
2023-04-01 10:00:00,23.126995500000007,summer weekend,26.54
2023-04-01 11:00:00,22.486002000000006,summer weekend,18.94
2023-04-01 12:00:00,22.193619,summer weekend,18.94
2023-04-01 13:00:00,21.553875,summer weekend,18.94
2023-04-01 14:00:00,21.9124815,summer weekend,18.94
2023-04-01 15:00:00,22.437271500000005,summer weekend,18.94
2023-04-01 16:00:00,23.872947000000003,summer weekend,26.54
2023-04-01 17:00:00,27.975055500000007,summer weekend,26.54
2023-04-01 18:00:00,28.7247555,summer weekend,26.54
2023-04-01 19:00:00,27.975055500000007,summer weekend,26.54
2023-04-01 20:00:00,26.814270000000004,summer weekend,26.54
2023-04-01 21:00:00,27.357802500000005,summer weekend,26.54
2023-04-01 22:00:00,25.694718000000005,summer weekend,26.54
2023-04-01 23:00:00,26.063320500000003,summer weekend,26.54
2023-04-02 00:00:00,24.922527,summer weekend,26.54
2023-04-02 01:00:00,24.678874500000003,summer weekend,26.54
2023-04-02 02:00:00,24.922527,summer weekend,26.54
2023-04-02 03:00:00,24.678874500000003,summer weekend,26.54
2023-04-02 04:00:00,24.922527,summer weekend,26.54
2023-04-02 05:00:00,24.705114,summer weekend,26.54
2023-04-02 06:00:00,26.12454600000001,summer weekend,26.54
2023-04-02 07:00:00,26.808022500000003,summer weekend,26.54
2023-04-02 08:00:00,25.6259955,summer weekend,26.54
2023-04-02 09:00:00,23.82296700000001,summer weekend,26.54
2023-04-02 10:00:00,23.645538000000005,summer weekend,26.54
2023-04-02 11:00:00,22.69591800000001,summer weekend,18.94
2023-04-02 12:00:00,20.6254965,summer weekend,18.94
2023-04-02 13:00:00,19.1435895,summer weekend,18.94
2023-04-02 14:00:00,19.2160605,summer weekend,18.94
2023-04-02 15:00:00,21.3477075,summer weekend,18.94
2023-04-02 16:00:00,22.583463000000005,summer weekend,18.94
2023-04-02 17:00:00,29.914279500000003,summer weekend,30.93
2023-04-02 18:00:00,33.61155,summer weekend,30.93
2023-04-02 19:00:00,33.798975000000006,summer weekend,30.93
2023-04-02 20:00:00,32.437020000000004,summer weekend,30.93
2023-04-02 21:00:00,31.447416000000004,summer weekend,30.93
2023-04-02 22:00:00,31.00259400000001,summer weekend,30.93
2023-04-02 23:00:00,30.928873500000005,summer weekend,30.93
2023-04-03 00:00:00,30.822666000000005,summer weekday,30.09
2023-04-03 01:00:00,30.867648000000003,summer weekday,30.09
2023-04-03 02:00:00,30.350355000000004,summer weekday,30.09
2023-04-03 03:00:00,29.916778500000007,summer weekday,30.09
2023-04-03 04:00:00,31.1212965,summer weekday,30.09
2023-04-03 05:00:00,34.76358900000001,summer weekday,34.79
2023-04-03 06:00:00,38.302173,summer weekday,34.79
2023-04-03 07:00:00,37.8336105,summer weekday,34.79
2023-04-03 08:00:00,33.409131,summer weekday,34.79
2023-04-03 09:00:00,30.337860000000003,summer weekday,30.09
2023-04-03 10:00:00,28.45861200000001,summer weekday,30.09
2023-04-03 11:00:00,27.486501000000008,summer weekday,26.24
2023-04-03 12:00:00,26.72680500000001,summer weekday,26.24
2023-04-03 13:00:00,26.321967000000008,summer weekday,26.24
2023-04-03 14:00:00,27.227854500000003,summer weekday,26.24
2023-04-03 15:00:00,27.613950000000003,summer weekday,26.24
2023-04-03 16:00:00,29.90678250000001,summer weekday,30.09
2023-04-03 17:00:00,34.082611500000006,summer weekday,34.79
2023-04-03 18:00:00,37.123894500000006,summer weekday,34.79
2023-04-03 19:00:00,36.8914875,summer weekday,34.79
2023-04-03 20:00:00,35.22840300000001,summer weekday,34.79
2023-04-03 21:00:00,33.863949000000005,summer weekday,34.79
2023-04-03 22:00:00,31.502394,summer weekday,30.09
2023-04-03 23:00:00,31.2187575,summer weekday,30.09
2023-04-04 00:00:00,31.11255000000001,summer weekday,30.09
2023-04-04 01:00:00,31.57236600000001,summer weekday,30.09
2023-04-04 02:00:00,31.789779000000006,summer weekday,30.09
2023-04-04 03:00:00,31.942218,summer weekday,30.09
2023-04-04 04:00:00,32.600704500000006,summer weekday,34.79
2023-04-04 05:00:00,35.5295325,summer weekday,34.79
2023-04-04 06:00:00,39.906531,summer weekday,34.79
2023-04-04 07:00:00,39.6753735,summer weekday,34.79
2023-04-04 08:00:00,35.8144185,summer weekday,34.79
2023-04-04 09:00:00,32.165878500000005,summer weekday,30.09
2023-04-04 10:00:00,31.364949000000006,summer weekday,30.09
2023-04-04 11:00:00,30.97010700000001,summer weekday,30.09
2023-04-04 12:00:00,30.877644000000004,summer weekday,30.09
2023-04-04 13:00:00,30.7764345,summer weekday,30.09
2023-04-04 14:00:00,30.9513645,summer weekday,30.09
2023-04-04 15:00:00,31.453663500000005,summer weekday,30.09
2023-04-04 16:00:00,32.61195000000001,summer weekday,34.79
2023-04-04 17:00:00,35.748195,summer weekday,34.79
2023-04-04 18:00:00,39.85905,summer weekday,34.79
2023-04-04 19:00:00,39.524184,summer weekday,34.79
2023-04-04 20:00:00,36.805272,summer weekday,34.79
2023-04-04 21:00:00,35.0097405,summer weekday,34.79
2023-04-04 22:00:00,33.60280350000001,summer weekday,34.79
2023-04-04 23:00:00,33.300424500000005,summer weekday,34.79
2023-04-05 00:00:00,32.14463700000001,summer weekday,30.09
2023-04-05 01:00:00,32.313319500000006,summer weekday,30.09
2023-04-05 02:00:00,32.1433875,summer weekday,30.09
2023-04-05 03:00:00,32.9855505,summer weekday,34.79
2023-04-05 04:00:00,34.16882700000001,summer weekday,34.79
2023-04-05 05:00:00,38.087259,summer weekday,34.79
2023-04-05 06:00:00,43.34765399999999,summer weekday,34.79
2023-04-05 07:00:00,39.826563,summer weekday,34.79
2023-04-05 08:00:00,35.130942000000005,summer weekday,34.79
2023-04-05 09:00:00,32.31207,summer weekday,30.09
2023-04-05 10:00:00,31.737300000000005,summer weekday,30.09
2023-04-05 11:00:00,31.561120500000005,summer weekday,30.09
2023-04-05 12:00:00,31.592358000000004,summer weekday,30.09
2023-04-05 13:00:00,31.588609500000008,summer weekday,30.09
2023-04-05 14:00:00,31.561120500000005,summer weekday,30.09
2023-04-05 15:00:00,31.899735000000003,summer weekday,30.09
2023-04-05 16:00:00,34.31251950000001,summer weekday,34.79
2023-04-05 17:00:00,36.92522400000001,summer weekday,34.79
2023-04-05 18:00:00,42.30307199999999,summer weekday,34.79
2023-04-05 19:00:00,41.318466,summer weekday,34.79
2023-04-05 20:00:00,37.982301,summer weekday,34.79
2023-04-05 21:00:00,36.2842305,summer weekday,34.79
2023-04-05 22:00:00,34.75234350000001,summer weekday,34.79
2023-04-05 23:00:00,34.303773,summer weekday,34.79
2023-04-06 00:00:00,32.876844000000006,summer weekday,34.79
2023-04-06 01:00:00,32.36205,summer weekday,30.09
2023-04-06 02:00:00,31.778533500000005,summer weekday,30.09
2023-04-06 03:00:00,31.718557500000003,summer weekday,30.09
2023-04-06 04:00:00,32.9755545,summer weekday,34.79
2023-04-06 05:00:00,35.1746745,summer weekday,34.79
2023-04-06 06:00:00,37.5637185,summer weekday,34.79
2023-04-06 07:00:00,36.85525200000001,summer weekday,34.79
2023-04-06 08:00:00,33.5428275,summer weekday,34.79
2023-04-06 09:00:00,31.6910685,summer weekday,30.09
2023-04-06 10:00:00,30.500295000000005,summer weekday,30.09
2023-04-06 11:00:00,30.365349,summer weekday,30.09
2023-04-06 12:00:00,30.250395000000005,summer weekday,30.09
2023-04-06 13:00:00,30.6139995,summer weekday,30.09
2023-04-06 14:00:00,30.878893500000004,summer weekday,30.09
2023-04-06 15:00:00,31.096306500000004,summer weekday,30.09
2023-04-06 16:00:00,32.506992000000004,summer weekday,34.79
2023-04-06 17:00:00,34.861050000000006,summer weekday,34.79
2023-04-06 18:00:00,36.11055,summer weekday,34.79
2023-04-06 19:00:00,35.37084600000001,summer weekday,34.79
2023-04-06 20:00:00,33.5403285,summer weekday,34.79
2023-04-06 21:00:00,31.784781,summer weekday,30.09
2023-04-06 22:00:00,30.815169,summer weekday,30.09
2023-04-06 23:00:00,29.9017845,summer weekday,30.09
2023-04-07 00:00:00,29.704363500000007,summer weekend,30.93
2023-04-07 01:00:00,29.87179650000001,summer weekend,30.93
2023-04-07 02:00:00,30.0867105,summer weekend,30.93
2023-04-07 03:00:00,30.256642500000005,summer weekend,30.93
2023-04-07 04:00:00,30.731452500000003,summer weekend,30.93
2023-04-07 05:00:00,30.230403000000003,summer weekend,30.93
2023-04-07 06:00:00,30.695217000000003,summer weekend,30.93
2023-04-07 07:00:00,31.205013000000008,summer weekend,30.93
2023-04-07 08:00:00,30.356602500000005,summer weekend,30.93
2023-04-07 09:00:00,30.08296200000001,summer weekend,30.93
2023-04-07 10:00:00,29.975505000000005,summer weekend,30.93
2023-04-07 11:00:00,28.858452,summer weekend,30.93
2023-04-07 12:00:00,28.2099615,summer weekend,26.54
2023-04-07 13:00:00,27.98880000000001,summer weekend,26.54
2023-04-07 14:00:00,28.878444000000005,summer weekend,30.93
2023-04-07 15:00:00,29.964259500000004,summer weekend,30.93
2023-04-07 16:00:00,30.830163,summer weekend,30.93
2023-04-07 17:00:00,33.33416100000001,summer weekend,30.93
2023-04-07 18:00:00,34.6798725,summer weekend,30.93
2023-04-07 19:00:00,34.2450465,summer weekend,30.93
2023-04-07 20:00:00,34.23630000000001,summer weekend,30.93
2023-04-07 21:00:00,34.436220000000006,summer weekend,30.93
2023-04-07 22:00:00,33.833961,summer weekend,30.93
2023-04-07 23:00:00,32.8431075,summer weekend,30.93
2023-04-08 00:00:00,31.579863000000003,summer weekend,30.93
2023-04-08 01:00:00,31.64483700000001,summer weekend,30.93
2023-04-08 02:00:00,31.206262500000005,summer weekend,30.93
2023-04-08 03:00:00,31.210011000000005,summer weekend,30.93
2023-04-08 04:00:00,31.382442000000005,summer weekend,30.93
2023-04-08 05:00:00,31.704813000000005,summer weekend,30.93
2023-04-08 06:00:00,33.5303325,summer weekend,30.93
2023-04-08 07:00:00,34.01139,summer weekend,30.93
2023-04-08 08:00:00,33.5303325,summer weekend,30.93
2023-04-08 09:00:00,31.704813000000005,summer weekend,30.93
2023-04-08 10:00:00,30.731452500000003,summer weekend,30.93
2023-04-08 11:00:00,30.092958000000007,summer weekend,30.93
2023-04-08 12:00:00,29.738100000000006,summer weekend,30.93
2023-04-08 13:00:00,29.283282000000003,summer weekend,30.93
2023-04-08 14:00:00,29.16333000000001,summer weekend,30.93
2023-04-08 15:00:00,29.62814400000001,summer weekend,30.93
2023-04-08 16:00:00,30.7377,summer weekend,30.93
2023-04-08 17:00:00,32.599455000000006,summer weekend,30.93
2023-04-08 18:00:00,34.23754950000001,summer weekend,30.93
2023-04-08 19:00:00,34.8323115,summer weekend,30.93
2023-04-08 20:00:00,34.5249345,summer weekend,30.93
2023-04-08 21:00:00,34.223805000000006,summer weekend,30.93
2023-04-08 22:00:00,33.234201000000006,summer weekend,30.93
2023-04-08 23:00:00,33.360400500000004,summer weekend,30.93
2023-04-09 00:00:00,32.094657000000005,summer weekend,30.93
2023-04-09 01:00:00,32.3408085,summer weekend,30.93
2023-04-09 02:00:00,32.1109005,summer weekend,30.93
2023-04-09 03:00:00,32.142138,summer weekend,30.93
2023-04-09 04:00:00,32.094657000000005,summer weekend,30.93
2023-04-09 05:00:00,32.36205,summer weekend,30.93
2023-04-09 06:00:00,32.224605000000004,summer weekend,30.93
2023-04-09 07:00:00,32.734401000000005,summer weekend,30.93
2023-04-09 08:00:00,31.388689500000005,summer weekend,30.93
2023-04-09 09:00:00,29.86305,summer weekend,30.93
2023-04-09 10:00:00,28.238700000000005,summer weekend,26.54
2023-04-09 11:00:00,27.60895200000001,summer weekend,26.54
2023-04-09 12:00:00,24.8662995,summer weekend,26.54
2023-04-09 13:00:00,24.240300000000005,summer weekend,26.54
2023-04-09 14:00:00,24.365250000000003,summer weekend,26.54
2023-04-09 15:00:00,26.614350000000005,summer weekend,26.54
2023-04-09 16:00:00,28.157482500000004,summer weekend,26.54
2023-04-09 17:00:00,31.762290000000007,summer weekend,30.93
2023-04-09 18:00:00,33.6078015,summer weekend,30.93
2023-04-09 19:00:00,34.043877,summer weekend,30.93
2023-04-09 20:00:00,33.1604805,summer weekend,30.93
2023-04-09 21:00:00,31.737300000000005,summer weekend,30.93
2023-04-09 22:00:00,30.730203000000007,summer weekend,30.93
2023-04-09 23:00:00,29.6393895,summer weekend,30.93
2023-04-10 00:00:00,27.595207500000004,summer weekend,26.54
2023-04-10 01:00:00,27.131643000000004,summer weekend,26.54
2023-04-10 02:00:00,26.351955000000004,summer weekend,26.54
2023-04-10 03:00:00,26.114550000000005,summer weekend,26.54
2023-04-10 04:00:00,26.484402000000003,summer weekend,26.54
2023-04-10 05:00:00,27.36405,summer weekend,26.54
2023-04-10 06:00:00,27.065419500000004,summer weekend,26.54
2023-04-10 07:00:00,26.04332850000001,summer weekend,26.54
2023-04-10 08:00:00,24.225306000000007,summer weekend,26.54
2023-04-10 09:00:00,20.1256965,summer weekend,18.94
2023-04-10 10:00:00,17.39304,summer weekend,18.94
2023-04-10 11:00:00,17.2538695,summer weekend,18.94
2023-04-10 12:00:00,16.370949,summer weekend,18.94
2023-04-10 13:00:00,16.4896515,summer weekend,18.94
2023-04-10 14:00:00,16.907936499999998,summer weekend,18.94
2023-04-10 15:00:00,17.360136499999996,summer weekend,18.94
2023-04-10 16:00:00,19.8033255,summer weekend,18.94
2023-04-10 17:00:00,22.938321,summer weekend,26.54
2023-04-10 18:00:00,25.55727300000001,summer weekend,26.54
2023-04-10 19:00:00,22.471008000000005,summer weekend,18.94
2023-04-10 20:00:00,20.0932095,summer weekend,18.94
2023-04-10 21:00:00,18.807474,summer weekend,18.94
2023-04-10 22:00:00,17.380544999999998,summer weekend,18.94
2023-04-10 23:00:00,17.5492275,summer weekend,18.94
2023-04-11 00:00:00,17.4917505,summer weekday,26.24
2023-04-11 01:00:00,17.458014,summer weekday,26.24
2023-04-11 02:00:00,17.5042455,summer weekday,26.24
2023-04-11 03:00:00,18.130245,summer weekday,26.24
2023-04-11 04:00:00,21.618849,summer weekday,26.24
2023-04-11 05:00:00,29.088360000000005,summer weekday,30.09
2023-04-11 06:00:00,30.5665185,summer weekday,30.09
2023-04-11 07:00:00,30.895137,summer weekday,30.09
2023-04-11 08:00:00,29.088360000000005,summer weekday,30.09
2023-04-11 09:00:00,24.14658750000001,summer weekday,26.24
2023-04-11 10:00:00,18.4963485,summer weekday,26.24
2023-04-11 11:00:00,17.3767965,summer weekday,26.24
2023-04-11 12:00:00,17.356745,summer weekday,26.24
2023-04-11 13:00:00,17.3578755,summer weekday,26.24
2023-04-11 14:00:00,17.366919499999998,summer weekday,26.24
2023-04-11 15:00:00,18.1939695,summer weekday,26.24
2023-04-11 16:00:00,27.63894,summer weekday,26.24
2023-04-11 17:00:00,33.711510000000004,summer weekday,34.79
2023-04-11 18:00:00,37.667427,summer weekday,34.79
2023-04-11 19:00:00,38.032281000000005,summer weekday,34.79
2023-04-11 20:00:00,35.0347305,summer weekday,34.79
2023-04-11 21:00:00,33.711510000000004,summer weekday,34.79
2023-04-11 22:00:00,31.237500000000004,summer weekday,30.09
2023-04-11 23:00:00,29.563170000000003,summer weekday,30.09
2023-04-12 00:00:00,28.14248850000001,summer weekday,26.24
2023-04-12 01:00:00,27.4427685,summer weekday,26.24
2023-04-12 02:00:00,27.2028645,summer weekday,26.24
2023-04-12 03:00:00,27.38904,summer weekday,26.24
2023-04-12 04:00:00,28.08876,summer weekday,26.24
2023-04-12 05:00:00,30.890139000000005,summer weekday,30.09
2023-04-12 06:00:00,32.9705565,summer weekday,34.79
2023-04-12 07:00:00,34.4124795,summer weekday,34.79
2023-04-12 08:00:00,33.860200500000005,summer weekday,34.79
2023-04-12 09:00:00,32.36205,summer weekday,30.09
2023-04-12 10:00:00,31.307472000000004,summer weekday,30.09
2023-04-12 11:00:00,29.953014000000003,summer weekday,30.09
2023-04-12 12:00:00,29.533182000000004,summer weekday,30.09
2023-04-12 13:00:00,29.565669000000007,summer weekday,30.09
2023-04-12 14:00:00,29.496946500000004,summer weekday,30.09
2023-04-12 15:00:00,29.90553300000001,summer weekday,30.09
2023-04-12 16:00:00,31.102554000000005,summer weekday,30.09
2023-04-12 17:00:00,34.193817,summer weekday,34.79
2023-04-12 18:00:00,35.485800000000005,summer weekday,34.79
2023-04-12 19:00:00,33.574065000000004,summer weekday,34.79
2023-04-12 20:00:00,32.706912,summer weekday,34.79
2023-04-12 21:00:00,31.025085000000004,summer weekday,30.09
2023-04-12 22:00:00,29.606902500000004,summer weekday,30.09
2023-04-12 23:00:00,29.5169385,summer weekday,30.09
2023-04-13 00:00:00,28.0000455,summer weekday,26.24
2023-04-13 01:00:00,27.2803335,summer weekday,26.24
2023-04-13 02:00:00,26.471907,summer weekday,26.24
2023-04-13 03:00:00,26.273236500000003,summer weekday,26.24
2023-04-13 04:00:00,27.676425,summer weekday,26.24
2023-04-13 05:00:00,30.12044700000001,summer weekday,30.09
2023-04-13 06:00:00,31.742298000000005,summer weekday,30.09
2023-04-13 07:00:00,32.232102000000005,summer weekday,30.09
2023-04-13 08:00:00,30.214159500000004,summer weekday,30.09
2023-04-13 09:00:00,28.111251000000003,summer weekday,26.24
2023-04-13 10:00:00,28.516089000000008,summer weekday,30.09
2023-04-13 11:00:00,28.628544000000005,summer weekday,30.09
2023-04-13 12:00:00,29.0846115,summer weekday,30.09
2023-04-13 13:00:00,28.923426000000006,summer weekday,30.09
2023-04-13 14:00:00,30.490299000000004,summer weekday,30.09
2023-04-13 15:00:00,29.017138500000005,summer weekday,30.09
2023-04-13 16:00:00,31.130043000000004,summer weekday,30.09
2023-04-13 17:00:00,33.594057,summer weekday,34.79
2023-04-13 18:00:00,38.789478,summer weekday,34.79
2023-04-13 19:00:00,39.9752535,summer weekday,34.79
2023-04-13 20:00:00,37.4337705,summer weekday,34.79
2023-04-13 21:00:00,34.771086000000004,summer weekday,34.79
2023-04-13 22:00:00,33.951414,summer weekday,34.79
2023-04-13 23:00:00,32.1233955,summer weekday,30.09
2023-04-14 00:00:00,31.46241,summer weekday,30.09
2023-04-14 01:00:00,31.929723000000003,summer weekday,30.09
2023-04-14 02:00:00,31.46241,summer weekday,30.09
2023-04-14 03:00:00,31.504893000000003,summer weekday,30.09
2023-04-14 04:00:00,33.286680000000004,summer weekday,34.79
2023-04-14 05:00:00,35.45331300000001,summer weekday,34.79
2023-04-14 06:00:00,38.829462,summer weekday,34.79
2023-04-14 07:00:00,39.3729945,summer weekday,34.79
2023-04-14 08:00:00,36.220506,summer weekday,34.79
2023-04-14 09:00:00,33.594057,summer weekday,34.79
2023-04-14 10:00:00,32.194617,summer weekday,30.09
2023-04-14 11:00:00,30.805173000000007,summer weekday,30.09
2023-04-14 12:00:00,30.587760000000003,summer weekday,30.09
2023-04-14 13:00:00,30.640239000000005,summer weekday,30.09
2023-04-14 14:00:00,31.025085000000004,summer weekday,30.09
2023-04-14 15:00:00,30.517788000000007,summer weekday,30.09
2023-04-14 16:00:00,31.929723000000003,summer weekday,30.09
2023-04-14 17:00:00,34.631142000000004,summer weekday,34.79
2023-04-14 18:00:00,36.3217155,summer weekday,34.79
2023-04-14 19:00:00,36.3866895,summer weekday,34.79
2023-04-14 20:00:00,36.23550000000001,summer weekday,34.79
2023-04-14 21:00:00,34.152583500000006,summer weekday,34.79
2023-04-14 22:00:00,32.39828550000001,summer weekday,30.09
2023-04-14 23:00:00,32.849355,summer weekday,34.79
2023-04-15 00:00:00,31.362450000000003,summer weekend,30.93
2023-04-15 01:00:00,31.659831000000004,summer weekend,30.93
2023-04-15 02:00:00,30.86265000000001,summer weekend,30.93
2023-04-15 03:00:00,30.505293000000005,summer weekend,30.93
2023-04-15 04:00:00,30.306622500000007,summer weekend,30.93
2023-04-15 05:00:00,30.557772000000007,summer weekend,30.93
2023-04-15 06:00:00,30.4690575,summer weekend,30.93
2023-04-15 07:00:00,30.638989500000005,summer weekend,30.93
2023-04-15 08:00:00,30.091708500000003,summer weekend,30.93
2023-04-15 09:00:00,29.608152000000004,summer weekend,30.93
2023-04-15 10:00:00,29.107102500000003,summer weekend,30.93
2023-04-15 11:00:00,28.432372500000003,summer weekend,26.54
2023-04-15 12:00:00,27.817618500000005,summer weekend,26.54
2023-04-15 13:00:00,27.635191500000005,summer weekend,26.54
2023-04-15 14:00:00,27.976305000000007,summer weekend,26.54
2023-04-15 15:00:00,28.984651500000005,summer weekend,30.93
2023-04-15 16:00:00,29.714359500000004,summer weekend,30.93
2023-04-15 17:00:00,31.444917000000007,summer weekend,30.93
2023-04-15 18:00:00,33.96016050000001,summer weekend,30.93
2023-04-15 19:00:00,34.1750745,summer weekend,30.93
2023-04-15 20:00:00,33.33666000000001,summer weekend,30.93
2023-04-15 21:00:00,33.32541450000001,summer weekend,30.93
2023-04-15 22:00:00,32.274585,summer weekend,30.93
2023-04-15 23:00:00,31.3062225,summer weekend,30.93
2023-04-16 00:00:00,30.2991255,summer weekend,30.93
2023-04-16 01:00:00,30.197916000000006,summer weekend,30.93
2023-04-16 02:00:00,29.999245500000004,summer weekend,30.93
2023-04-16 03:00:00,30.1916685,summer weekend,30.93
2023-04-16 04:00:00,30.300375000000003,summer weekend,30.93
2023-04-16 05:00:00,30.300375000000003,summer weekend,30.93
2023-04-16 06:00:00,30.284131500000004,summer weekend,30.93
2023-04-16 07:00:00,31.166278500000008,summer weekend,30.93
2023-04-16 08:00:00,31.697316000000004,summer weekend,30.93
2023-04-16 09:00:00,31.24249800000001,summer weekend,30.93
2023-04-16 10:00:00,30.841408500000004,summer weekend,30.93
2023-04-16 11:00:00,30.3690975,summer weekend,30.93
2023-04-16 12:00:00,29.633142000000003,summer weekend,30.93
2023-04-16 13:00:00,29.20206450000001,summer weekend,30.93
2023-04-16 14:00:00,29.145837000000004,summer weekend,30.93
2023-04-16 15:00:00,29.368248000000005,summer weekend,30.93
2023-04-16 16:00:00,29.984251500000003,summer weekend,30.93
2023-04-16 17:00:00,31.763539500000004,summer weekend,30.93
2023-04-16 18:00:00,33.97140600000001,summer weekend,30.93
2023-04-16 19:00:00,34.861050000000006,summer weekend,30.93
2023-04-16 20:00:00,34.23630000000001,summer weekend,30.93
2023-04-16 21:00:00,33.6078015,summer weekend,30.93
2023-04-16 22:00:00,33.03053250000001,summer weekend,30.93
2023-04-16 23:00:00,31.706062500000005,summer weekend,30.93
2023-04-17 00:00:00,31.25499300000001,summer weekday,30.09
2023-04-17 01:00:00,30.982602000000004,summer weekday,30.09
2023-04-17 02:00:00,31.167528000000004,summer weekday,30.09
2023-04-17 03:00:00,31.11255000000001,summer weekday,30.09
2023-04-17 04:00:00,31.7410485,summer weekday,30.09
2023-04-17 05:00:00,34.963509,summer weekday,34.79
2023-04-17 06:00:00,39.694116,summer weekday,34.79
2023-04-17 07:00:00,42.42177449999999,summer weekday,34.79
2023-04-17 08:00:00,37.752393,summer weekday,34.79
2023-04-17 09:00:00,34.31251950000001,summer weekday,34.79
2023-04-17 10:00:00,32.134641,summer weekday,30.09
2023-04-17 11:00:00,30.531532500000004,summer weekday,30.09
2023-04-17 12:00:00,30.144187500000005,summer weekday,30.09
2023-04-17 13:00:00,29.508192000000005,summer weekday,30.09
2023-04-17 14:00:00,29.480703,summer weekday,30.09
2023-04-17 15:00:00,29.458212000000007,summer weekday,30.09
2023-04-17 16:00:00,29.986750500000007,summer weekday,30.09
2023-04-17 17:00:00,32.653183500000004,summer weekday,34.79
2023-04-17 18:00:00,35.3121195,summer weekday,34.79
2023-04-17 19:00:00,35.208411000000005,summer weekday,34.79
2023-04-17 20:00:00,34.142587500000005,summer weekday,34.79
2023-04-17 21:00:00,32.714409,summer weekday,34.79
2023-04-17 22:00:00,31.00759200000001,summer weekday,30.09
2023-04-17 23:00:00,30.526534500000004,summer weekday,30.09
2023-04-18 00:00:00,30.12169650000001,summer weekday,30.09
2023-04-18 01:00:00,30.000495,summer weekday,30.09
2023-04-18 02:00:00,30.024235500000007,summer weekday,30.09
2023-04-18 03:00:00,29.931772500000005,summer weekday,30.09
2023-04-18 04:00:00,30.021736500000003,summer weekday,30.09
2023-04-18 05:00:00,33.2367,summer weekday,34.79
2023-04-18 06:00:00,34.89478650000001,summer weekday,34.79
2023-04-18 07:00:00,36.720306,summer weekday,34.79
2023-04-18 08:00:00,34.1101005,summer weekday,34.79
2023-04-18 09:00:00,30.638989500000005,summer weekday,30.09
2023-04-18 10:00:00,30.310371000000004,summer weekday,30.09
2023-04-18 11:00:00,29.230803000000005,summer weekday,30.09
2023-04-18 12:00:00,27.983802,summer weekday,26.24
2023-04-18 13:00:00,27.951315000000005,summer weekday,26.24
2023-04-18 14:00:00,27.067918500000005,summer weekday,26.24
2023-04-18 15:00:00,27.287830500000005,summer weekday,26.24
2023-04-18 16:00:00,29.1620805,summer weekday,30.09
2023-04-18 17:00:00,30.888889500000005,summer weekday,30.09
2023-04-18 18:00:00,33.66902700000001,summer weekday,34.79
2023-04-18 19:00:00,34.23754950000001,summer weekday,34.79
2023-04-18 20:00:00,32.546976,summer weekday,34.79
2023-04-18 21:00:00,30.957612000000005,summer weekday,30.09
2023-04-18 22:00:00,29.858052000000004,summer weekday,30.09
2023-04-18 23:00:00,30.150435000000005,summer weekday,30.09
2023-04-19 00:00:00,29.555673,summer weekday,30.09
2023-04-19 01:00:00,29.853054000000007,summer weekday,30.09
2023-04-19 02:00:00,29.7318525,summer weekday,30.09
2023-04-19 03:00:00,30.029233500000004,summer weekday,30.09
2023-04-19 04:00:00,30.596506500000007,summer weekday,30.09
2023-04-19 05:00:00,33.61155,summer weekday,34.79
2023-04-19 06:00:00,34.731102,summer weekday,34.79
2023-04-19 07:00:00,34.771086000000004,summer weekday,34.79
2023-04-19 08:00:00,32.2158585,summer weekday,30.09
2023-04-19 09:00:00,28.662280500000005,summer weekday,30.09
2023-04-19 10:00:00,25.44981600000001,summer weekday,26.24
2023-04-19 11:00:00,21.06657,summer weekday,26.24
2023-04-19 12:00:00,18.0290355,summer weekday,26.24
2023-04-19 13:00:00,17.379295499999998,summer weekday,26.24
2023-04-19 14:00:00,17.7066645,summer weekday,26.24
2023-04-19 15:00:00,20.209413,summer weekday,26.24
2023-04-19 16:00:00,26.403184500000005,summer weekday,26.24
2023-04-19 17:00:00,29.212060500000003,summer weekday,30.09
2023-04-19 18:00:00,32.3233155,summer weekday,30.09
2023-04-19 19:00:00,33.7027635,summer weekday,34.79
2023-04-19 20:00:00,32.714409,summer weekday,34.79
2023-04-19 21:00:00,31.100055000000005,summer weekday,30.09
2023-04-19 22:00:00,30.070467000000004,summer weekday,30.09
2023-04-19 23:00:00,29.886790500000004,summer weekday,30.09
2023-04-20 00:00:00,29.157082500000005,summer weekday,30.09
2023-04-20 01:00:00,29.458212000000007,summer weekday,30.09
2023-04-20 02:00:00,29.23580100000001,summer weekday,30.09
2023-04-20 03:00:00,29.51069100000001,summer weekday,30.09
2023-04-20 04:00:00,30.210411000000008,summer weekday,30.09
2023-04-20 05:00:00,33.357901500000004,summer weekday,34.79
2023-04-20 06:00:00,35.420826000000005,summer weekday,34.79
2023-04-20 07:00:00,35.448315,summer weekday,34.79
2023-04-20 08:00:00,33.6202965,summer weekday,34.79
2023-04-20 09:00:00,30.85890150000001,summer weekday,30.09
2023-04-20 10:00:00,29.480703,summer weekday,30.09
2023-04-20 11:00:00,29.142088500000007,summer weekday,30.09
2023-04-20 12:00:00,28.5648195,summer weekday,30.09
2023-04-20 13:00:00,28.4523645,summer weekday,30.09
2023-04-20 14:00:00,28.198716000000008,summer weekday,30.09
2023-04-20 15:00:00,28.8746955,summer weekday,30.09
2023-04-20 16:00:00,30.33286200000001,summer weekday,30.09
2023-04-20 17:00:00,33.4853505,summer weekday,34.79
2023-04-20 18:00:00,35.123445000000004,summer weekday,34.79
2023-04-20 19:00:00,35.66697750000001,summer weekday,34.79
2023-04-20 20:00:00,34.1825715,summer weekday,34.79
2023-04-20 21:00:00,33.509091000000005,summer weekday,34.79
2023-04-20 22:00:00,30.638989500000005,summer weekday,30.09
2023-04-20 23:00:00,29.665629000000006,summer weekday,30.09
2023-04-21 00:00:00,28.848456,summer weekday,30.09
2023-04-21 01:00:00,28.73974950000001,summer weekday,30.09
2023-04-21 02:00:00,28.985901000000005,summer weekday,30.09
2023-04-21 03:00:00,28.938420000000004,summer weekday,30.09
2023-04-21 04:00:00,29.2670385,summer weekday,30.09
2023-04-21 05:00:00,32.47700400000001,summer weekday,34.79
2023-04-21 06:00:00,34.23630000000001,summer weekday,34.79
2023-04-21 07:00:00,34.173825,summer weekday,34.79
2023-04-21 08:00:00,30.6439875,summer weekday,30.09
2023-04-21 09:00:00,28.613550000000004,summer weekday,30.09
2023-04-21 10:00:00,27.0429285,summer weekday,26.24
2023-04-21 11:00:00,20.9103825,summer weekday,26.24
2023-04-21 12:00:00,17.379295499999998,summer weekday,26.24
2023-04-21 13:00:00,17.374297499999997,summer weekday,26.24
2023-04-21 14:00:00,18.0290355,summer weekday,26.24
2023-04-21 15:00:00,24.686371500000003,summer weekday,26.24
2023-04-21 16:00:00,28.622296500000004,summer weekday,30.09
2023-04-21 17:00:00,32.736900000000006,summer weekday,34.79
2023-04-21 18:00:00,34.9322715,summer weekday,34.79
2023-04-21 19:00:00,35.345856000000005,summer weekday,34.79
2023-04-21 20:00:00,33.139239,summer weekday,34.79
2023-04-21 21:00:00,30.6164985,summer weekday,30.09
2023-04-21 22:00:00,29.745597000000004,summer weekday,30.09
2023-04-21 23:00:00,29.743098000000003,summer weekday,30.09
2023-04-22 00:00:00,29.262040500000005,summer weekend,30.93
2023-04-22 01:00:00,28.875945,summer weekend,30.93
2023-04-22 02:00:00,28.982152500000005,summer weekend,30.93
2023-04-22 03:00:00,28.7747355,summer weekend,30.93
2023-04-22 04:00:00,29.362000500000004,summer weekend,30.93
2023-04-22 05:00:00,29.840559,summer weekend,30.93
2023-04-22 06:00:00,30.185421,summer weekend,30.93
2023-04-22 07:00:00,29.750595000000004,summer weekend,30.93
2023-04-22 08:00:00,28.113750000000003,summer weekend,26.54
2023-04-22 09:00:00,26.915479500000004,summer weekend,26.54
2023-04-22 10:00:00,22.998297000000004,summer weekend,26.54
2023-04-22 11:00:00,20.64174,summer weekend,18.94
2023-04-22 12:00:00,18.620049,summer weekend,18.94
2023-04-22 13:00:00,18.070269,summer weekend,18.94
2023-04-22 14:00:00,21.1103025,summer weekend,18.94
2023-04-22 15:00:00,26.949216000000003,summer weekend,26.54
2023-04-22 16:00:00,29.2383,summer weekend,30.93
2023-04-22 17:00:00,31.483651500000008,summer weekend,30.93
2023-04-22 18:00:00,33.841458,summer weekend,30.93
2023-04-22 19:00:00,33.63903900000001,summer weekend,30.93
2023-04-22 20:00:00,33.2367,summer weekend,30.93
2023-04-22 21:00:00,30.487800000000004,summer weekend,30.93
2023-04-22 22:00:00,30.010491000000005,summer weekend,30.93
2023-04-22 23:00:00,30.500295000000005,summer weekend,30.93
2023-04-23 00:00:00,29.526934500000007,summer weekend,30.93
2023-04-23 01:00:00,29.23455150000001,summer weekend,30.93
2023-04-23 02:00:00,28.537330500000003,summer weekend,26.54
2023-04-23 03:00:00,28.192468500000004,summer weekend,26.54
2023-04-23 04:00:00,28.45611300000001,summer weekend,26.54
2023-04-23 05:00:00,28.59855600000001,summer weekend,26.54
2023-04-23 06:00:00,29.085861000000005,summer weekend,30.93
2023-04-23 07:00:00,29.0421285,summer weekend,30.93
2023-04-23 08:00:00,28.664779500000005,summer weekend,26.54
2023-04-23 09:00:00,27.2803335,summer weekend,26.54
2023-04-23 10:00:00,23.385642000000004,summer weekend,26.54
2023-04-23 11:00:00,21.803775,summer weekend,18.94
2023-04-23 12:00:00,18.620049,summer weekend,18.94
2023-04-23 13:00:00,17.977805999999998,summer weekend,18.94
2023-04-23 14:00:00,21.7050645,summer weekend,18.94
2023-04-23 15:00:00,25.38359250000001,summer weekend,26.54
2023-04-23 16:00:00,29.894287500000008,summer weekend,30.93
2023-04-23 17:00:00,33.079263000000005,summer weekend,30.93
2023-04-23 18:00:00,34.628643000000004,summer weekend,30.93
2023-04-23 19:00:00,34.502443500000005,summer weekend,30.93
2023-04-23 20:00:00,32.989299,summer weekend,30.93
2023-04-23 21:00:00,31.9809525,summer weekend,30.93
2023-04-23 22:00:00,31.062570000000004,summer weekend,30.93
2023-04-23 23:00:00,28.326165000000003,summer weekend,26.54
2023-04-24 00:00:00,27.811371000000005,summer weekday,26.24
2023-04-24 01:00:00,27.625195500000004,summer weekday,26.24
2023-04-24 02:00:00,26.914230000000003,summer weekday,26.24
2023-04-24 03:00:00,26.749296000000005,summer weekday,26.24
2023-04-24 04:00:00,28.182472500000003,summer weekday,30.09
2023-04-24 05:00:00,31.687320000000003,summer weekday,30.09
2023-04-24 06:00:00,34.086360000000006,summer weekday,34.79
2023-04-24 07:00:00,34.23630000000001,summer weekday,34.79
2023-04-24 08:00:00,33.226704000000005,summer weekday,34.79
2023-04-24 09:00:00,31.2137595,summer weekday,30.09
2023-04-24 10:00:00,30.86389950000001,summer weekday,30.09
2023-04-24 11:00:00,29.6218965,summer weekday,30.09
2023-04-24 12:00:00,29.225805,summer weekday,30.09
2023-04-24 13:00:00,28.238700000000005,summer weekday,30.09
2023-04-24 14:00:00,27.977554500000004,summer weekday,26.24
2023-04-24 15:00:00,28.1000055,summer weekday,26.24
2023-04-24 16:00:00,29.564419500000007,summer weekday,30.09
2023-04-24 17:00:00,32.0384295,summer weekday,30.09
2023-04-24 18:00:00,34.1825715,summer weekday,34.79
2023-04-24 19:00:00,34.357501500000005,summer weekday,34.79
2023-04-24 20:00:00,33.8776935,summer weekday,34.79
2023-04-24 21:00:00,32.3907885,summer weekday,30.09
2023-04-24 22:00:00,30.019237500000003,summer weekday,30.09
2023-04-24 23:00:00,29.41447950000001,summer weekday,30.09
2023-04-25 00:00:00,29.2720365,summer weekday,30.09
2023-04-25 01:00:00,29.067118500000003,summer weekday,30.09
2023-04-25 02:00:00,28.865949000000004,summer weekday,30.09
2023-04-25 03:00:00,28.840959000000005,summer weekday,30.09
2023-04-25 04:00:00,29.539429500000004,summer weekday,30.09
2023-04-25 05:00:00,32.56197,summer weekday,34.79
2023-04-25 06:00:00,34.123845,summer weekday,34.79
2023-04-25 07:00:00,34.227553500000006,summer weekday,34.79
2023-04-25 08:00:00,31.082562000000003,summer weekday,30.09
2023-04-25 09:00:00,29.393238000000007,summer weekday,30.09
2023-04-25 10:00:00,27.9975465,summer weekday,26.24
2023-04-25 11:00:00,27.18412200000001,summer weekday,26.24
2023-04-25 12:00:00,26.503144500000005,summer weekday,26.24
2023-04-25 13:00:00,25.424826000000003,summer weekday,26.24
2023-04-25 14:00:00,25.45106550000001,summer weekday,26.24
2023-04-25 15:00:00,26.636841000000008,summer weekday,26.24
2023-04-25 16:00:00,27.830113500000007,summer weekday,26.24
2023-04-25 17:00:00,30.01673850000001,summer weekday,30.09
2023-04-25 18:00:00,33.876444000000006,summer weekday,34.79
2023-04-25 19:00:00,35.380842,summer weekday,34.79
2023-04-25 20:00:00,34.0526235,summer weekday,34.79
2023-04-25 21:00:00,32.936820000000004,summer weekday,34.79
2023-04-25 22:00:00,30.020487000000006,summer weekday,30.09
2023-04-25 23:00:00,29.29827600000001,summer weekday,30.09
2023-04-26 00:00:00,29.0196375,summer weekday,30.09
2023-04-26 01:00:00,29.138340000000003,summer weekday,30.09
2023-04-26 02:00:00,28.900935000000008,summer weekday,30.09
2023-04-26 03:00:00,29.029633500000003,summer weekday,30.09
2023-04-26 04:00:00,29.936770500000005,summer weekday,30.09
2023-04-26 05:00:00,33.006792000000004,summer weekday,34.79
2023-04-26 06:00:00,34.849804500000005,summer weekday,34.79
2023-04-26 07:00:00,33.6078015,summer weekday,34.79
2023-04-26 08:00:00,29.264539500000005,summer weekday,30.09
2023-04-26 09:00:00,28.392388500000003,summer weekday,30.09
2023-04-26 10:00:00,29.288280000000004,summer weekday,30.09
2023-04-26 11:00:00,29.147086500000004,summer weekday,30.09
2023-04-26 12:00:00,29.180823000000007,summer weekday,30.09
2023-04-26 13:00:00,29.1595815,summer weekday,30.09
2023-04-26 14:00:00,28.969657500000007,summer weekday,30.09
2023-04-26 15:00:00,29.63814,summer weekday,30.09
2023-04-26 16:00:00,31.3861905,summer weekday,30.09
2023-04-26 17:00:00,33.346656,summer weekday,34.79
2023-04-26 18:00:00,35.87439450000001,summer weekday,34.79
2023-04-26 19:00:00,36.7315515,summer weekday,34.79
2023-04-26 20:00:00,35.625744000000005,summer weekday,34.79
2023-04-26 21:00:00,33.61155,summer weekday,34.79
2023-04-26 22:00:00,32.458261500000006,summer weekday,34.79
2023-04-26 23:00:00,30.752694000000005,summer weekday,30.09
2023-04-27 00:00:00,29.935521000000005,summer weekday,30.09
2023-04-27 01:00:00,29.613150000000005,summer weekday,30.09
2023-04-27 02:00:00,29.420727000000007,summer weekday,30.09
2023-04-27 03:00:00,29.540679000000004,summer weekday,30.09
2023-04-27 04:00:00,30.761440500000003,summer weekday,30.09
2023-04-27 05:00:00,33.12424500000001,summer weekday,34.79
2023-04-27 06:00:00,35.209660500000005,summer weekday,34.79
2023-04-27 07:00:00,34.31251950000001,summer weekday,34.79
2023-04-27 08:00:00,30.928873500000005,summer weekday,30.09
2023-04-27 09:00:00,29.193318000000005,summer weekday,30.09
2023-04-27 10:00:00,29.137090500000003,summer weekday,30.09
2023-04-27 11:00:00,28.960911000000003,summer weekday,30.09
2023-04-27 12:00:00,28.734751500000005,summer weekday,30.09
2023-04-27 13:00:00,28.932172500000004,summer weekday,30.09
2023-04-27 14:00:00,29.193318000000005,summer weekday,30.09
2023-04-27 15:00:00,29.398236000000004,summer weekday,30.09
2023-04-27 16:00:00,30.15668250000001,summer weekday,30.09
2023-04-27 17:00:00,33.10925100000001,summer weekday,34.79
2023-04-27 18:00:00,36.59160750000001,summer weekday,34.79
2023-04-27 19:00:00,37.8061215,summer weekday,34.79
2023-04-27 20:00:00,35.048475,summer weekday,34.79
2023-04-27 21:00:00,33.039279,summer weekday,34.79
2023-04-27 22:00:00,30.055473000000006,summer weekday,30.09
2023-04-27 23:00:00,30.116698500000005,summer weekday,30.09
2023-04-28 00:00:00,28.984651500000005,summer weekday,30.09
2023-04-28 01:00:00,28.6572825,summer weekday,30.09
2023-04-28 02:00:00,28.948416,summer weekday,30.09
2023-04-28 03:00:00,28.977154500000005,summer weekday,30.09
2023-04-28 04:00:00,29.3445075,summer weekday,30.09
2023-04-28 05:00:00,31.5836115,summer weekday,30.09
2023-04-28 06:00:00,32.839359,summer weekday,34.79
2023-04-28 07:00:00,33.212959500000004,summer weekday,34.79
2023-04-28 08:00:00,32.448265500000005,summer weekday,34.79
2023-04-28 09:00:00,31.509891000000007,summer weekday,30.09
2023-04-28 10:00:00,30.633991500000008,summer weekday,30.09
2023-04-28 11:00:00,30.11919750000001,summer weekday,30.09
2023-04-28 12:00:00,28.999645500000003,summer weekday,30.09
2023-04-28 13:00:00,28.63729050000001,summer weekday,30.09
2023-04-28 14:00:00,28.488600000000005,summer weekday,30.09
2023-04-28 15:00:00,28.689769500000008,summer weekday,30.09
2023-04-28 16:00:00,29.893038000000004,summer weekday,30.09
2023-04-28 17:00:00,31.824765000000003,summer weekday,30.09
2023-04-28 18:00:00,32.36704800000001,summer weekday,30.09
2023-04-28 19:00:00,33.03678,summer weekday,34.79
2023-04-28 20:00:00,32.904333,summer weekday,34.79
2023-04-28 21:00:00,31.950964500000005,summer weekday,30.09
2023-04-28 22:00:00,30.547776,summer weekday,30.09
2023-04-28 23:00:00,31.81102050000001,summer weekday,30.09
2023-04-29 00:00:00,30.932622,summer weekend,30.93
2023-04-29 01:00:00,30.625245000000007,summer weekend,30.93
2023-04-29 02:00:00,30.487800000000004,summer weekend,30.93
2023-04-29 03:00:00,30.017988000000003,summer weekend,30.93
2023-04-29 04:00:00,30.2066625,summer weekend,30.93
2023-04-29 05:00:00,30.267888000000006,summer weekend,30.93
2023-04-29 06:00:00,31.03758,summer weekend,30.93
2023-04-29 07:00:00,31.81726800000001,summer weekend,30.93
2023-04-29 08:00:00,30.68896950000001,summer weekend,30.93
2023-04-29 09:00:00,30.311620500000004,summer weekend,30.93
2023-04-29 10:00:00,28.972156500000004,summer weekend,30.93
2023-04-29 11:00:00,27.64268850000001,summer weekend,26.54
2023-04-29 12:00:00,27.234102000000004,summer weekend,26.54
2023-04-29 13:00:00,25.639740000000003,summer weekend,26.54
2023-04-29 14:00:00,25.995847500000004,summer weekend,26.54
2023-04-29 15:00:00,27.36405,summer weekend,26.54
2023-04-29 16:00:00,27.98880000000001,summer weekend,26.54
2023-04-29 17:00:00,29.875545,summer weekend,30.93
2023-04-29 18:00:00,32.157132000000004,summer weekend,30.93
2023-04-29 19:00:00,32.293327500000004,summer weekend,30.93
2023-04-29 20:00:00,32.36205,summer weekend,30.93
2023-04-29 21:00:00,31.8085215,summer weekend,30.93
2023-04-29 22:00:00,31.11255000000001,summer weekend,30.93
2023-04-29 23:00:00,29.77308600000001,summer weekend,30.93
2023-04-30 00:00:00,28.749745500000003,summer weekend,30.93
2023-04-30 01:00:00,28.411131000000005,summer weekend,26.54
2023-04-30 02:00:00,28.065019500000005,summer weekend,26.54
2023-04-30 03:00:00,28.053774000000004,summer weekend,26.54
2023-04-30 04:00:00,28.397386500000003,summer weekend,26.54
2023-04-30 05:00:00,28.093758000000005,summer weekend,26.54
2023-04-30 06:00:00,27.613950000000003,summer weekend,26.54
2023-04-30 07:00:00,26.7393,summer weekend,26.54
2023-04-30 08:00:00,23.61555,summer weekend,26.54
2023-04-30 09:00:00,20.829165,summer weekend,18.94
2023-04-30 10:00:00,18.072768,summer weekend,18.94
2023-04-30 11:00:00,17.0797725,summer weekend,18.94
2023-04-30 12:00:00,16.7654935,summer weekend,18.94
2023-04-30 13:00:00,17.019855999999997,summer weekend,18.94
2023-04-30 14:00:00,17.5167405,summer weekend,18.94
2023-04-30 15:00:00,19.11735,summer weekend,18.94
2023-04-30 16:00:00,26.185771500000005,summer weekend,26.54
2023-04-30 17:00:00,30.732702000000003,summer weekend,30.93
2023-04-30 18:00:00,32.506992000000004,summer weekend,30.93
2023-04-30 19:00:00,32.811870000000006,summer weekend,30.93
2023-04-30 20:00:00,32.63694,summer weekend,30.93
2023-04-30 21:00:00,32.002194,summer weekend,30.93
2023-04-30 22:00:00,30.9513645,summer weekend,30.93
2023-04-30 23:00:00,31.100055000000005,summer weekend,30.93
2023-05-01 00:00:00,29.850555000000007,summer weekend,30.93
2023-05-01 01:00:00,29.299525500000005,summer weekend,30.93
2023-05-01 02:00:00,28.611051000000007,summer weekend,26.54
2023-05-01 03:00:00,28.274935500000005,summer weekend,26.54
2023-05-01 04:00:00,28.363650000000003,summer weekend,26.54
2023-05-01 05:00:00,28.258692000000003,summer weekend,26.54
2023-05-01 06:00:00,27.88884,summer weekend,26.54
2023-05-01 07:00:00,27.756393000000003,summer weekend,26.54
2023-05-01 08:00:00,27.868848000000007,summer weekend,26.54
2023-05-01 09:00:00,26.6505855,summer weekend,26.54
2023-05-01 10:00:00,25.863400500000004,summer weekend,26.54
2023-05-01 11:00:00,24.194068500000004,summer weekend,26.54
2023-05-01 12:00:00,21.7025655,summer weekend,18.94
2023-05-01 13:00:00,21.1153005,summer weekend,18.94
2023-05-01 14:00:00,22.5147405,summer weekend,18.94
2023-05-01 15:00:00,26.895487500000005,summer weekend,26.54
2023-05-01 16:00:00,29.310771000000003,summer weekend,30.93
2023-05-01 17:00:00,31.908481500000004,summer weekend,30.93
2023-05-01 18:00:00,32.941818000000005,summer weekend,30.93
2023-05-01 19:00:00,33.086760000000005,summer weekend,30.93
2023-05-01 20:00:00,32.576964000000004,summer weekend,30.93
2023-05-01 21:00:00,32.099655000000006,summer weekend,30.93
2023-05-01 22:00:00,31.24249800000001,summer weekend,30.93
2023-05-01 23:00:00,29.673126000000003,summer weekend,30.93
2023-05-02 00:00:00,28.06377,summer weekday,26.24
2023-05-02 01:00:00,27.77638500000001,summer weekday,26.24
2023-05-02 02:00:00,27.476505000000003,summer weekday,26.24
2023-05-02 03:00:00,27.516489000000004,summer weekday,26.24
2023-05-02 04:00:00,28.662280500000005,summer weekday,30.09
2023-05-02 05:00:00,31.244997000000005,summer weekday,30.09
2023-05-02 06:00:00,33.292927500000005,summer weekday,34.79
2023-05-02 07:00:00,34.2575415,summer weekday,34.79
2023-05-02 08:00:00,32.7356505,summer weekday,34.79
2023-05-02 09:00:00,31.8235155,summer weekday,30.09
2023-05-02 10:00:00,30.982602000000004,summer weekday,30.09
2023-05-02 11:00:00,29.670627000000007,summer weekday,30.09
2023-05-02 12:00:00,28.958412000000006,summer weekday,30.09
2023-05-02 13:00:00,28.153734000000004,summer weekday,26.24
2023-05-02 14:00:00,27.6102015,summer weekday,26.24
2023-05-02 15:00:00,28.263690000000004,summer weekday,30.09
2023-05-02 16:00:00,29.16707850000001,summer weekday,30.09
2023-05-02 17:00:00,32.034681,summer weekday,30.09
2023-05-02 18:00:00,33.61155,summer weekday,34.79
2023-05-02 19:00:00,35.218407000000006,summer weekday,34.79
2023-05-02 20:00:00,34.0726155,summer weekday,34.79
2023-05-02 21:00:00,32.864349000000004,summer weekday,34.79
2023-05-02 22:00:00,31.878493500000005,summer weekday,30.09
2023-05-02 23:00:00,30.818917500000005,summer weekday,30.09
2023-05-03 00:00:00,30.1916685,summer weekday,30.09
2023-05-03 01:00:00,29.984251500000003,summer weekday,30.09
2023-05-03 02:00:00,29.58816000000001,summer weekday,30.09
2023-05-03 03:00:00,30.519037500000007,summer weekday,30.09
2023-05-03 04:00:00,31.352454000000005,summer weekday,30.09
2023-05-03 05:00:00,33.051774,summer weekday,34.79
2023-05-03 06:00:00,34.02388500000001,summer weekday,34.79
2023-05-03 07:00:00,32.999295000000004,summer weekday,34.79
2023-05-03 08:00:00,31.125045000000007,summer weekday,30.09
2023-05-03 09:00:00,28.758492000000004,summer weekday,30.09
2023-05-03 10:00:00,27.883842000000005,summer weekday,26.24
2023-05-03 11:00:00,27.092908500000004,summer weekday,26.24
2023-05-03 12:00:00,27.366549000000003,summer weekday,26.24
2023-05-03 13:00:00,26.755543500000005,summer weekday,26.24
2023-05-03 14:00:00,26.551875000000003,summer weekday,26.24
2023-05-03 15:00:00,27.846357000000005,summer weekday,26.24
2023-05-03 16:00:00,29.561920500000003,summer weekday,30.09
2023-05-03 17:00:00,32.873095500000005,summer weekday,34.79
2023-05-03 18:00:00,34.87104600000001,summer weekday,34.79
2023-05-03 19:00:00,38.806971,summer weekday,34.79
2023-05-03 20:00:00,33.89268750000001,summer weekday,34.79
2023-05-03 21:00:00,32.4807525,summer weekday,34.79
2023-05-03 22:00:00,31.703563500000005,summer weekday,30.09
2023-05-03 23:00:00,29.879293500000003,summer weekday,30.09
2023-05-04 00:00:00,29.268288,summer weekday,30.09
2023-05-04 01:00:00,29.133342000000003,summer weekday,30.09
2023-05-04 02:00:00,29.270787,summer weekday,30.09
2023-05-04 03:00:00,29.352004500000003,summer weekday,30.09
2023-05-04 04:00:00,30.730203000000007,summer weekday,30.09
2023-05-04 05:00:00,32.9868,summer weekday,34.79
2023-05-04 06:00:00,33.61155,summer weekday,34.79
2023-05-04 07:00:00,32.349555,summer weekday,30.09
2023-05-04 08:00:00,30.415329000000003,summer weekday,30.09
2023-05-04 09:00:00,28.613550000000004,summer weekday,30.09
2023-05-04 10:00:00,27.31407,summer weekday,26.24
2023-05-04 11:00:00,26.12204700000001,summer weekday,26.24
2023-05-04 12:00:00,24.891289500000003,summer weekday,26.24
2023-05-04 13:00:00,24.451465500000005,summer weekday,26.24
2023-05-04 14:00:00,25.524786,summer weekday,26.24
2023-05-04 15:00:00,27.22410600000001,summer weekday,26.24
2023-05-04 16:00:00,29.813070000000003,summer weekday,30.09
2023-05-04 17:00:00,31.8085215,summer weekday,30.09
2023-05-04 18:00:00,32.6131995,summer weekday,34.79
2023-05-04 19:00:00,32.454513000000006,summer weekday,34.79
2023-05-04 20:00:00,31.708561500000005,summer weekday,30.09
2023-05-04 21:00:00,30.550275000000003,summer weekday,30.09
2023-05-04 22:00:00,29.12834400000001,summer weekday,30.09
2023-05-04 23:00:00,28.800975000000005,summer weekday,30.09
2023-05-05 00:00:00,27.588960000000004,summer weekday,26.24
2023-05-05 01:00:00,27.1753755,summer weekday,26.24
2023-05-05 02:00:00,27.302824500000007,summer weekday,26.24
2023-05-05 03:00:00,27.1753755,summer weekday,26.24
2023-05-05 04:00:00,28.303674,summer weekday,30.09
2023-05-05 05:00:00,30.01548900000001,summer weekday,30.09
2023-05-05 06:00:00,31.581112500000003,summer weekday,30.09
2023-05-05 07:00:00,31.200015,summer weekday,30.09
2023-05-05 08:00:00,29.523186000000003,summer weekday,30.09
2023-05-05 09:00:00,28.628544000000005,summer weekday,30.09
2023-05-05 10:00:00,27.481503,summer weekday,26.24
2023-05-05 11:00:00,27.169128000000008,summer weekday,26.24
2023-05-05 12:00:00,26.9904495,summer weekday,26.24
2023-05-05 13:00:00,27.226605000000003,summer weekday,26.24
2023-05-05 14:00:00,27.498996000000005,summer weekday,26.24
2023-05-05 15:00:00,28.758492000000004,summer weekday,30.09
2023-05-05 16:00:00,29.884291500000003,summer weekday,30.09
2023-05-05 17:00:00,31.46241,summer weekday,30.09
2023-05-05 18:00:00,32.429523,summer weekday,30.09
2023-05-05 19:00:00,33.432871500000005,summer weekday,34.79
2023-05-05 20:00:00,33.150484500000005,summer weekday,34.79
2023-05-05 21:00:00,31.807272,summer weekday,30.09
2023-05-05 22:00:00,30.280383000000004,summer weekday,30.09
2023-05-05 23:00:00,30.701464500000004,summer weekday,30.09
2023-05-06 00:00:00,29.815569000000007,summer weekend,30.93
2023-05-06 01:00:00,29.327014500000004,summer weekend,30.93
2023-05-06 02:00:00,28.825965000000004,summer weekend,30.93
2023-05-06 03:00:00,28.604803500000003,summer weekend,26.54
2023-05-06 04:00:00,28.825965000000004,summer weekend,30.93
2023-05-06 05:00:00,29.513190000000005,summer weekend,30.93
2023-05-06 06:00:00,29.740599000000003,summer weekend,30.93
2023-05-06 07:00:00,29.2545435,summer weekend,30.93
2023-05-06 08:00:00,29.02338600000001,summer weekend,30.93
2023-05-06 09:00:00,27.68017350000001,summer weekend,26.54
2023-05-06 10:00:00,26.666829000000007,summer weekend,26.54
2023-05-06 11:00:00,26.241999000000003,summer weekend,26.54
2023-05-06 12:00:00,24.334012500000004,summer weekend,26.54
2023-05-06 13:00:00,23.61555,summer weekend,26.54
2023-05-06 14:00:00,25.259892000000004,summer weekend,26.54
2023-05-06 15:00:00,26.69431800000001,summer weekend,26.54
2023-05-06 16:00:00,28.651035000000007,summer weekend,26.54
2023-05-06 17:00:00,30.200415000000007,summer weekend,30.93
2023-05-06 18:00:00,30.868897500000003,summer weekend,30.93
2023-05-06 19:00:00,31.338709500000007,summer weekend,30.93
2023-05-06 20:00:00,30.9513645,summer weekend,30.93
2023-05-06 21:00:00,30.252894000000005,summer weekend,30.93
2023-05-06 22:00:00,28.910931,summer weekend,30.93
2023-05-06 23:00:00,28.944667500000005,summer weekend,30.93
2023-05-07 00:00:00,28.134991500000005,summer weekend,26.54
2023-05-07 01:00:00,27.696417000000004,summer weekend,26.54
2023-05-07 02:00:00,27.802624500000007,summer weekend,26.54
2023-05-07 03:00:00,27.731403000000004,summer weekend,26.54
2023-05-07 04:00:00,27.872596500000004,summer weekend,26.54
2023-05-07 05:00:00,27.756393000000003,summer weekend,26.54
2023-05-07 06:00:00,27.597706500000005,summer weekend,26.54
2023-05-07 07:00:00,26.848006500000004,summer weekend,26.54
2023-05-07 08:00:00,25.814670000000003,summer weekend,26.54
2023-05-07 09:00:00,21.603855,summer weekend,18.94
2023-05-07 10:00:00,18.004045499999997,summer weekend,18.94
2023-05-07 11:00:00,17.363528,summer weekend,18.94
2023-05-07 12:00:00,17.256130499999998,summer weekend,18.94
2023-05-07 13:00:00,17.3646585,summer weekend,18.94
2023-05-07 14:00:00,19.297278,summer weekend,18.94
2023-05-07 15:00:00,24.442719,summer weekend,26.54
2023-05-07 16:00:00,26.860501500000005,summer weekend,26.54
2023-05-07 17:00:00,29.230803000000005,summer weekend,30.93
2023-05-07 18:00:00,29.783082,summer weekend,30.93
2023-05-07 19:00:00,30.668977500000004,summer weekend,30.93
2023-05-07 20:00:00,30.490299000000004,summer weekend,30.93
2023-05-07 21:00:00,29.775585000000007,summer weekend,30.93
2023-05-07 22:00:00,29.3719965,summer weekend,30.93
2023-05-07 23:00:00,28.10375400000001,summer weekend,26.54
2023-05-08 00:00:00,27.85510350000001,summer weekday,26.24
2023-05-08 01:00:00,27.836361000000004,summer weekday,26.24
2023-05-08 02:00:00,27.755143500000003,summer weekday,26.24
2023-05-08 03:00:00,27.875095500000004,summer weekday,26.24
2023-05-08 04:00:00,28.727254500000004,summer weekday,30.09
2023-05-08 05:00:00,30.377844000000003,summer weekday,30.09
2023-05-08 06:00:00,32.293327500000004,summer weekday,30.09
2023-05-08 07:00:00,31.233751500000004,summer weekday,30.09
2023-05-08 08:00:00,29.864299500000005,summer weekday,30.09
2023-05-08 09:00:00,28.8422085,summer weekday,30.09
2023-05-08 10:00:00,27.568968000000005,summer weekday,26.24
2023-05-08 11:00:00,27.415279500000004,summer weekday,26.24
2023-05-08 12:00:00,26.65433400000001,summer weekday,26.24
2023-05-08 13:00:00,26.625595500000006,summer weekday,26.24
2023-05-08 14:00:00,27.11415,summer weekday,26.24
2023-05-08 15:00:00,27.8650995,summer weekday,26.24
2023-05-08 16:00:00,29.494447500000003,summer weekday,30.09
2023-05-08 17:00:00,31.117548000000003,summer weekday,30.09
2023-05-08 18:00:00,33.973905,summer weekday,34.79
2023-05-08 19:00:00,33.4128795,summer weekday,34.79
2023-05-08 20:00:00,32.61070050000001,summer weekday,34.79
2023-05-08 21:00:00,31.43242200000001,summer weekday,30.09
2023-05-08 22:00:00,29.785581,summer weekday,30.09
2023-05-08 23:00:00,29.358252000000004,summer weekday,30.09
2023-05-09 00:00:00,28.303674,summer weekday,30.09
2023-05-09 01:00:00,27.938820000000003,summer weekday,26.24
2023-05-09 02:00:00,27.885091500000005,summer weekday,26.24
2023-05-09 03:00:00,28.020037500000004,summer weekday,26.24
2023-05-09 04:00:00,28.9196775,summer weekday,30.09
2023-05-09 05:00:00,31.309971000000004,summer weekday,30.09
2023-05-09 06:00:00,32.487,summer weekday,34.79
2023-05-09 07:00:00,32.097156000000005,summer weekday,30.09
2023-05-09 08:00:00,30.482802000000003,summer weekday,30.09
2023-05-09 09:00:00,28.468608000000003,summer weekday,30.09
2023-05-09 10:00:00,26.233252500000003,summer weekday,26.24
2023-05-09 11:00:00,25.584762000000005,summer weekday,26.24
2023-05-09 12:00:00,25.103704500000003,summer weekday,26.24
2023-05-09 13:00:00,25.900885500000005,summer weekday,26.24
2023-05-09 14:00:00,27.464010000000005,summer weekday,26.24
2023-05-09 15:00:00,27.918828,summer weekday,26.24
2023-05-09 16:00:00,29.87054700000001,summer weekday,30.09
2023-05-09 17:00:00,31.904733000000004,summer weekday,30.09
2023-05-09 18:00:00,32.603203500000006,summer weekday,34.79
2023-05-09 19:00:00,32.4932475,summer weekday,34.79
2023-05-09 20:00:00,31.233751500000004,summer weekday,30.09
2023-05-09 21:00:00,30.446566500000007,summer weekday,30.09
2023-05-09 22:00:00,28.604803500000003,summer weekday,30.09
2023-05-09 23:00:00,29.212060500000003,summer weekday,30.09
2023-05-10 00:00:00,28.6197975,summer weekday,30.09
2023-05-10 01:00:00,28.411131000000005,summer weekday,30.09
2023-05-10 02:00:00,28.13749050000001,summer weekday,26.24
2023-05-10 03:00:00,28.41238050000001,summer weekday,30.09
2023-05-10 04:00:00,28.63604100000001,summer weekday,30.09
2023-05-10 05:00:00,30.808921500000007,summer weekday,30.09
2023-05-10 06:00:00,32.437020000000004,summer weekday,30.09
2023-05-10 07:00:00,33.9864,summer weekday,34.79
2023-05-10 08:00:00,31.140039000000005,summer weekday,30.09
2023-05-10 09:00:00,30.599005500000004,summer weekday,30.09
2023-05-10 10:00:00,29.980503,summer weekday,30.09
2023-05-10 11:00:00,29.4669585,summer weekday,30.09
2023-05-10 12:00:00,28.977154500000005,summer weekday,30.09
2023-05-10 13:00:00,28.828464000000004,summer weekday,30.09
2023-05-10 14:00:00,29.400735,summer weekday,30.09
2023-05-10 15:00:00,30.852654000000005,summer weekday,30.09
2023-05-10 16:00:00,32.04717600000001,summer weekday,30.09
2023-05-10 17:00:00,32.41078050000001,summer weekday,30.09
2023-05-10 18:00:00,34.908531,summer weekday,34.79
2023-05-10 19:00:00,35.79692550000001,summer weekday,34.79
2023-05-10 20:00:00,34.16133000000001,summer weekday,34.79
2023-05-10 21:00:00,32.0609205,summer weekday,30.09
2023-05-10 22:00:00,31.092558000000004,summer weekday,30.09
2023-05-10 23:00:00,29.86305,summer weekday,30.09
2023-05-11 00:00:00,29.480703,summer weekday,30.09
2023-05-11 01:00:00,29.363250000000004,summer weekday,30.09
2023-05-11 02:00:00,29.523186000000003,summer weekday,30.09
2023-05-11 03:00:00,29.600655000000003,summer weekday,30.09
2023-05-11 04:00:00,30.3915885,summer weekday,30.09
2023-05-11 05:00:00,32.50074450000001,summer weekday,34.79
2023-05-11 06:00:00,35.90188350000001,summer weekday,34.79
2023-05-11 07:00:00,38.332161,summer weekday,34.79
2023-05-11 08:00:00,34.295026500000006,summer weekday,34.79
2023-05-11 09:00:00,33.2004645,summer weekday,34.79
2023-05-11 10:00:00,31.836010500000004,summer weekday,30.09
2023-05-11 11:00:00,30.429073500000005,summer weekday,30.09
2023-05-11 12:00:00,29.864299500000005,summer weekday,30.09
2023-05-11 13:00:00,29.784331500000004,summer weekday,30.09
2023-05-11 14:00:00,31.051324500000003,summer weekday,30.09
2023-05-11 15:00:00,31.554873000000004,summer weekday,30.09
2023-05-11 16:00:00,31.7710365,summer weekday,30.09
2023-05-11 17:00:00,32.8156185,summer weekday,34.79
2023-05-11 18:00:00,35.7357,summer weekday,34.79
2023-05-11 19:00:00,33.96141000000001,summer weekday,34.79
2023-05-11 20:00:00,32.162130000000005,summer weekday,30.09
2023-05-11 21:00:00,31.6111005,summer weekday,30.09
2023-05-11 22:00:00,30.070467000000004,summer weekday,30.09
2023-05-11 23:00:00,29.679373500000004,summer weekday,30.09
2023-05-12 00:00:00,28.682272500000003,summer weekday,30.09
2023-05-12 01:00:00,28.593558000000005,summer weekday,30.09
2023-05-12 02:00:00,28.613550000000004,summer weekday,30.09
2023-05-12 03:00:00,28.718508000000007,summer weekday,30.09
2023-05-12 04:00:00,29.736850500000006,summer weekday,30.09
2023-05-12 05:00:00,31.98595050000001,summer weekday,30.09
2023-05-12 06:00:00,33.61155,summer weekday,34.79
2023-05-12 07:00:00,34.608651,summer weekday,34.79
2023-05-12 08:00:00,31.524885000000005,summer weekday,30.09
2023-05-12 09:00:00,30.062970000000004,summer weekday,30.09
2023-05-12 10:00:00,29.54817600000001,summer weekday,30.09
2023-05-12 11:00:00,27.791379000000006,summer weekday,26.24
2023-05-12 12:00:00,26.947966500000003,summer weekday,26.24
2023-05-12 13:00:00,26.483152500000006,summer weekday,26.24
2023-05-12 14:00:00,26.850505500000008,summer weekday,26.24
2023-05-12 15:00:00,27.481503,summer weekday,26.24
2023-05-12 16:00:00,29.114599500000008,summer weekday,30.09
2023-05-12 17:00:00,30.860151000000005,summer weekday,30.09
2023-05-12 18:00:00,32.639439,summer weekday,34.79
2023-05-12 19:00:00,32.984301,summer weekday,34.79
2023-05-12 20:00:00,32.1109005,summer weekday,30.09
2023-05-12 21:00:00,30.010491000000005,summer weekday,30.09
2023-05-12 22:00:00,29.59065900000001,summer weekday,30.09
2023-05-12 23:00:00,30.4765545,summer weekday,30.09
2023-05-13 00:00:00,29.860551000000005,summer weekend,30.93
2023-05-13 01:00:00,29.3445075,summer weekend,30.93
2023-05-13 02:00:00,29.681872500000008,summer weekend,30.93
2023-05-13 03:00:00,29.799325500000005,summer weekend,30.93
2023-05-13 04:00:00,29.885541000000003,summer weekend,30.93
2023-05-13 05:00:00,29.483202,summer weekend,30.93
2023-05-13 06:00:00,29.20331400000001,summer weekend,30.93
2023-05-13 07:00:00,29.172076500000003,summer weekend,30.93
2023-05-13 08:00:00,28.498596000000003,summer weekend,26.54
2023-05-13 09:00:00,26.501895,summer weekend,26.54
2023-05-13 10:00:00,21.131544,summer weekend,18.94
2023-05-13 11:00:00,19.3085235,summer weekend,18.94
2023-05-13 12:00:00,18.0615225,summer weekend,18.94
2023-05-13 13:00:00,18.000297,summer weekend,18.94
2023-05-13 14:00:00,18.1389915,summer weekend,18.94
2023-05-13 15:00:00,20.831664,summer weekend,18.94
2023-05-13 16:00:00,27.021687000000007,summer weekend,26.54
2023-05-13 17:00:00,30.610251000000005,summer weekend,30.93
2023-05-13 18:00:00,31.252494,summer weekend,30.93
2023-05-13 19:00:00,32.277084,summer weekend,30.93
2023-05-13 20:00:00,31.66607850000001,summer weekend,30.93
2023-05-13 21:00:00,31.107552,summer weekend,30.93
2023-05-13 22:00:00,30.484051500000003,summer weekend,30.93
2023-05-13 23:00:00,30.15918150000001,summer weekend,30.93
2023-05-14 00:00:00,29.635641000000003,summer weekend,30.93
2023-05-14 01:00:00,29.150835000000004,summer weekend,30.93
2023-05-14 02:00:00,28.10750250000001,summer weekend,26.54
2023-05-14 03:00:00,28.274935500000005,summer weekend,26.54
2023-05-14 04:00:00,29.248296000000007,summer weekend,30.93
2023-05-14 05:00:00,27.530233500000005,summer weekend,26.54
2023-05-14 06:00:00,26.598106500000007,summer weekend,26.54
2023-05-14 07:00:00,26.825515500000005,summer weekend,26.54
2023-05-14 08:00:00,24.227805000000004,summer weekend,26.54
2023-05-14 09:00:00,20.5030455,summer weekend,18.94
2023-05-14 10:00:00,19.1036055,summer weekend,18.94
2023-05-14 11:00:00,18.5838135,summer weekend,18.94
2023-05-14 12:00:00,17.5992075,summer weekend,18.94
2023-05-14 13:00:00,17.388042,summer weekend,18.94
2023-05-14 14:00:00,17.590461,summer weekend,18.94
2023-05-14 15:00:00,21.4026855,summer weekend,18.94
2023-05-14 16:00:00,28.676025000000006,summer weekend,26.54
2023-05-14 17:00:00,30.5665185,summer weekend,30.93
2023-05-14 18:00:00,31.86225,summer weekend,30.93
2023-05-14 19:00:00,33.2529435,summer weekend,30.93
2023-05-14 20:00:00,33.360400500000004,summer weekend,30.93
2023-05-14 21:00:00,32.25459300000001,summer weekend,30.93
2023-05-14 22:00:00,30.852654000000005,summer weekend,30.93
2023-05-14 23:00:00,32.242098000000006,summer weekend,30.93
2023-05-15 00:00:00,30.813919500000004,summer weekday,30.09
2023-05-15 01:00:00,30.305373000000007,summer weekday,30.09
2023-05-15 02:00:00,30.9713565,summer weekday,30.09
2023-05-15 03:00:00,30.866398500000003,summer weekday,30.09
2023-05-15 04:00:00,33.1304925,summer weekday,34.79
2023-05-15 05:00:00,36.2392485,summer weekday,34.79
2023-05-15 06:00:00,38.45836049999999,summer weekday,34.79
2023-05-15 07:00:00,36.00059400000001,summer weekday,34.79
2023-05-15 08:00:00,32.96305950000001,summer weekday,34.79
2023-05-15 09:00:00,30.560271000000004,summer weekday,30.09
2023-05-15 10:00:00,29.815569000000007,summer weekday,30.09
2023-05-15 11:00:00,29.207062500000006,summer weekday,30.09
2023-05-15 12:00:00,28.709761500000003,summer weekday,30.09
2023-05-15 13:00:00,28.541079000000003,summer weekday,30.09
2023-05-15 14:00:00,28.681023000000003,summer weekday,30.09
2023-05-15 15:00:00,28.787230500000003,summer weekday,30.09
2023-05-15 16:00:00,29.869297500000005,summer weekday,30.09
2023-05-15 17:00:00,32.092158000000005,summer weekday,30.09
2023-05-15 18:00:00,32.984301,summer weekday,34.79
2023-05-15 19:00:00,33.8352105,summer weekday,34.79
2023-05-15 20:00:00,32.870596500000005,summer weekday,34.79
2023-05-15 21:00:00,31.18627050000001,summer weekday,30.09
2023-05-15 22:00:00,29.08711050000001,summer weekday,30.09
2023-05-15 23:00:00,27.234102000000004,summer weekday,26.24
2023-05-16 00:00:00,26.501895,summer weekday,26.24
2023-05-16 01:00:00,26.1157995,summer weekday,26.24
2023-05-16 02:00:00,25.309872,summer weekday,26.24
2023-05-16 03:00:00,25.602255000000007,summer weekday,26.24
2023-05-16 04:00:00,26.663080500000003,summer weekday,26.24
2023-05-16 05:00:00,29.8343115,summer weekday,30.09
2023-05-16 06:00:00,31.736050500000005,summer weekday,30.09
2023-05-16 07:00:00,32.304573000000005,summer weekday,30.09
2023-05-16 08:00:00,30.216658500000005,summer weekday,30.09
2023-05-16 09:00:00,27.7101615,summer weekday,26.24
2023-05-16 10:00:00,26.86425,summer weekday,26.24
2023-05-16 11:00:00,25.719708,summer weekday,26.24
2023-05-16 12:00:00,23.876695500000004,summer weekday,26.24
2023-05-16 13:00:00,20.0232375,summer weekday,26.24
2023-05-16 14:00:00,18.9411705,summer weekday,26.24
2023-05-16 15:00:00,22.769638500000003,summer weekday,26.24
2023-05-16 16:00:00,26.614350000000005,summer weekday,26.24
2023-05-16 17:00:00,28.293678000000007,summer weekday,30.09
2023-05-16 18:00:00,30.487800000000004,summer weekday,30.09
2023-05-16 19:00:00,31.123795500000003,summer weekday,30.09
2023-05-16 20:00:00,30.677724000000005,summer weekday,30.09
2023-05-16 21:00:00,30.4865505,summer weekday,30.09
2023-05-16 22:00:00,29.5169385,summer weekday,30.09
2023-05-16 23:00:00,27.070417500000005,summer weekday,26.24
2023-05-17 00:00:00,26.16328050000001,summer weekday,26.24
2023-05-17 01:00:00,26.1957675,summer weekday,26.24
2023-05-17 02:00:00,26.114550000000005,summer weekday,26.24
2023-05-17 03:00:00,26.429424000000004,summer weekday,26.24
2023-05-17 04:00:00,27.342808500000004,summer weekday,26.24
2023-05-17 05:00:00,30.50779200000001,summer weekday,30.09
2023-05-17 06:00:00,31.509891000000007,summer weekday,30.09
2023-05-17 07:00:00,31.1113005,summer weekday,30.09
2023-05-17 08:00:00,29.200815,summer weekday,30.09
2023-05-17 09:00:00,26.874246000000003,summer weekday,26.24
2023-05-17 10:00:00,24.6663795,summer weekday,26.24
2023-05-17 11:00:00,20.8129215,summer weekday,26.24
2023-05-17 12:00:00,19.319769,summer weekday,26.24
2023-05-17 13:00:00,18.4388715,summer weekday,26.24
2023-05-17 14:00:00,18.6262965,summer weekday,26.24
2023-05-17 15:00:00,23.264440500000003,summer weekday,26.24
2023-05-17 16:00:00,27.250345500000005,summer weekday,26.24
2023-05-17 17:00:00,30.131692500000003,summer weekday,30.09
2023-05-17 18:00:00,32.310820500000005,summer weekday,30.09
2023-05-17 19:00:00,34.048875,summer weekday,34.79
2023-05-17 20:00:00,33.631542,summer weekday,34.79
2023-05-17 21:00:00,31.237500000000004,summer weekday,30.09
2023-05-17 22:00:00,30.230403000000003,summer weekday,30.09
2023-05-17 23:00:00,29.936770500000005,summer weekday,30.09
2023-05-18 00:00:00,29.406982500000005,summer weekend,30.93
2023-05-18 01:00:00,28.518588000000005,summer weekend,26.54
2023-05-18 02:00:00,28.614799500000004,summer weekend,26.54
2023-05-18 03:00:00,29.479453500000005,summer weekend,30.93
2023-05-18 04:00:00,29.921776500000007,summer weekend,30.93
2023-05-18 05:00:00,29.915529000000003,summer weekend,30.93
2023-05-18 06:00:00,29.217058500000004,summer weekend,30.93
2023-05-18 07:00:00,28.649785500000007,summer weekend,26.54
2023-05-18 08:00:00,27.406533000000007,summer weekend,26.54
2023-05-18 09:00:00,26.371947,summer weekend,26.54
2023-05-18 10:00:00,25.493548500000003,summer weekend,26.54
2023-05-18 11:00:00,25.2236565,summer weekend,26.54
2023-05-18 12:00:00,22.805874000000003,summer weekend,26.54
2023-05-18 13:00:00,21.0428295,summer weekend,18.94
2023-05-18 14:00:00,22.750896000000004,summer weekend,26.54
2023-05-18 15:00:00,26.309472000000007,summer weekend,26.54
2023-05-18 16:00:00,27.937570500000007,summer weekend,26.54
2023-05-18 17:00:00,30.247896,summer weekend,30.93
2023-05-18 18:00:00,31.803523500000004,summer weekend,30.93
2023-05-18 19:00:00,33.095506500000006,summer weekend,30.93
2023-05-18 20:00:00,32.009691000000004,summer weekend,30.93
2023-05-18 21:00:00,31.063819500000005,summer weekend,30.93
2023-05-18 22:00:00,29.708112000000007,summer weekend,30.93
2023-05-18 23:00:00,28.990899,summer weekend,30.93
2023-05-19 00:00:00,27.763890000000007,summer weekend,26.54
2023-05-19 01:00:00,27.392788500000005,summer weekend,26.54
2023-05-19 02:00:00,26.992948500000004,summer weekend,26.54
2023-05-19 03:00:00,27.883842000000005,summer weekend,26.54
2023-05-19 04:00:00,29.779333500000003,summer weekend,30.93
2023-05-19 05:00:00,31.237500000000004,summer weekend,30.93
2023-05-19 06:00:00,31.10880150000001,summer weekend,30.93
2023-05-19 07:00:00,30.612750000000005,summer weekend,30.93
2023-05-19 08:00:00,29.099605500000003,summer weekend,30.93
2023-05-19 09:00:00,26.16078150000001,summer weekend,26.54
2023-05-19 10:00:00,24.935022000000004,summer weekend,26.54
2023-05-19 11:00:00,24.9787545,summer weekend,26.54
2023-05-19 12:00:00,24.5889105,summer weekend,26.54
2023-05-19 13:00:00,24.606403500000003,summer weekend,26.54
2023-05-19 14:00:00,25.317369000000006,summer weekend,26.54
2023-05-19 15:00:00,26.383192500000003,summer weekend,26.54
2023-05-19 16:00:00,28.2624405,summer weekend,26.54
2023-05-19 17:00:00,30.321616500000005,summer weekend,30.93
2023-05-19 18:00:00,31.898485500000003,summer weekend,30.93
2023-05-19 19:00:00,31.85350350000001,summer weekend,30.93
2023-05-19 20:00:00,30.490299000000004,summer weekend,30.93
2023-05-19 21:00:00,29.83681050000001,summer weekend,30.93
2023-05-19 22:00:00,28.086261000000004,summer weekend,26.54
2023-05-19 23:00:00,27.206613000000004,summer weekend,26.54
2023-05-20 00:00:00,26.614350000000005,summer weekend,26.54
2023-05-20 01:00:00,25.87464600000001,summer weekend,26.54
2023-05-20 02:00:00,25.59350850000001,summer weekend,26.54
2023-05-20 03:00:00,25.496047500000007,summer weekend,26.54
2023-05-20 04:00:00,25.577265000000004,summer weekend,26.54
2023-05-20 05:00:00,25.124946000000005,summer weekend,26.54
2023-05-20 06:00:00,25.17242700000001,summer weekend,26.54
2023-05-20 07:00:00,24.835062000000004,summer weekend,26.54
2023-05-20 08:00:00,22.371048,summer weekend,18.94
2023-05-20 09:00:00,17.922828,summer weekend,18.94
2023-05-20 10:00:00,17.403036,summer weekend,18.94
2023-05-20 11:00:00,17.2063885,summer weekend,18.94
2023-05-20 12:00:00,17.2244765,summer weekend,18.94
2023-05-20 13:00:00,17.3578755,summer weekend,18.94
2023-05-20 14:00:00,17.368049999999997,summer weekend,18.94
2023-05-20 15:00:00,17.532984,summer weekend,18.94
2023-05-20 16:00:00,20.609253,summer weekend,18.94
2023-05-20 17:00:00,24.075366,summer weekend,26.54
2023-05-20 18:00:00,27.169128000000008,summer weekend,26.54
2023-05-20 19:00:00,28.324915500000003,summer weekend,26.54
2023-05-20 20:00:00,27.496497000000005,summer weekend,26.54
2023-05-20 21:00:00,27.189120000000003,summer weekend,26.54
2023-05-20 22:00:00,26.491899000000004,summer weekend,26.54
2023-05-20 23:00:00,23.890440000000005,summer weekend,26.54
2023-05-21 00:00:00,22.371048,summer weekend,18.94
2023-05-21 01:00:00,21.601356,summer weekend,18.94
2023-05-21 02:00:00,20.961612,summer weekend,18.94
2023-05-21 03:00:00,21.1103025,summer weekend,18.94
2023-05-21 04:00:00,20.899137,summer weekend,18.94
2023-05-21 05:00:00,21.2152605,summer weekend,18.94
2023-05-21 06:00:00,20.8104225,summer weekend,18.94
2023-05-21 07:00:00,19.86705,summer weekend,18.94
2023-05-21 08:00:00,17.635443,summer weekend,18.94
2023-05-21 09:00:00,17.368049999999997,summer weekend,18.94
2023-05-21 10:00:00,17.313785999999997,summer weekend,18.94
2023-05-21 11:00:00,16.472694,summer weekend,18.94
2023-05-21 12:00:00,14.5384085,summer weekend,18.94
2023-05-21 13:00:00,12.6911715,summer weekend,18.94
2023-05-21 14:00:00,15.154531,summer weekend,18.94
2023-05-21 15:00:00,17.321699499999998,summer weekend,18.94
2023-05-21 16:00:00,17.645439,summer weekend,18.94
2023-05-21 17:00:00,22.533483000000004,summer weekend,18.94
2023-05-21 18:00:00,28.0500255,summer weekend,26.54
2023-05-21 19:00:00,28.722256500000004,summer weekend,26.54
2023-05-21 20:00:00,28.7385,summer weekend,30.93
2023-05-21 21:00:00,28.606053000000003,summer weekend,26.54
2023-05-21 22:00:00,27.801375000000004,summer weekend,26.54
2023-05-21 23:00:00,28.399885500000007,summer weekend,26.54
2023-05-22 00:00:00,27.371547000000003,summer weekday,26.24
2023-05-22 01:00:00,27.152884500000003,summer weekday,26.24
2023-05-22 02:00:00,27.089160000000007,summer weekday,26.24
2023-05-22 03:00:00,27.489000000000004,summer weekday,26.24
2023-05-22 04:00:00,29.741848500000003,summer weekday,30.09
2023-05-22 05:00:00,31.834761,summer weekday,30.09
2023-05-22 06:00:00,32.36205,summer weekday,30.09
2023-05-22 07:00:00,31.539879000000003,summer weekday,30.09
2023-05-22 08:00:00,30.40158450000001,summer weekday,30.09
2023-05-22 09:00:00,28.609801500000003,summer weekday,30.09
2023-05-22 10:00:00,27.1628805,summer weekday,26.24
2023-05-22 11:00:00,25.912131,summer weekday,26.24
2023-05-22 12:00:00,25.497297000000003,summer weekday,26.24
2023-05-22 13:00:00,25.865899500000005,summer weekday,26.24
2023-05-22 14:00:00,26.390689500000004,summer weekday,26.24
2023-05-22 15:00:00,27.89633700000001,summer weekday,26.24
2023-05-22 16:00:00,30.0467265,summer weekday,30.09
2023-05-22 17:00:00,31.18127250000001,summer weekday,30.09
2023-05-22 18:00:00,35.393337,summer weekday,34.79
2023-05-22 19:00:00,37.1813715,summer weekday,34.79
2023-05-22 20:00:00,32.99179800000001,summer weekday,34.79
2023-05-22 21:00:00,31.153783500000007,summer weekday,30.09
2023-05-22 22:00:00,30.044227500000005,summer weekday,30.09
2023-05-22 23:00:00,28.787230500000003,summer weekday,30.09
2023-05-23 00:00:00,27.190369500000003,summer weekday,26.24
2023-05-23 01:00:00,27.000445500000005,summer weekday,26.24
2023-05-23 02:00:00,26.062071000000003,summer weekday,26.24
2023-05-23 03:00:00,26.114550000000005,summer weekday,26.24
2023-05-23 04:00:00,27.194118000000007,summer weekday,26.24
2023-05-23 05:00:00,29.999245500000004,summer weekday,30.09
2023-05-23 06:00:00,30.5365305,summer weekday,30.09
2023-05-23 07:00:00,29.988000000000007,summer weekday,30.09
2023-05-23 08:00:00,28.84720650000001,summer weekday,30.09
2023-05-23 09:00:00,27.938820000000003,summer weekday,26.24
2023-05-23 10:00:00,26.680573500000005,summer weekday,26.24
2023-05-23 11:00:00,22.850856000000004,summer weekday,26.24
2023-05-23 12:00:00,20.371848,summer weekday,26.24
2023-05-23 13:00:00,18.0615225,summer weekday,26.24
2023-05-23 14:00:00,17.810373,summer weekday,26.24
2023-05-23 15:00:00,18.9686595,summer weekday,26.24
2023-05-23 16:00:00,25.079964000000004,summer weekday,26.24
2023-05-23 17:00:00,27.125395500000003,summer weekday,26.24
2023-05-23 18:00:00,29.2720365,summer weekday,30.09
2023-05-23 19:00:00,29.98175250000001,summer weekday,30.09
2023-05-23 20:00:00,30.280383000000004,summer weekday,30.09
2023-05-23 21:00:00,29.8742955,summer weekday,30.09
2023-05-23 22:00:00,29.085861000000005,summer weekday,30.09
2023-05-23 23:00:00,27.738900000000005,summer weekday,26.24
2023-05-24 00:00:00,26.875495500000003,summer weekday,26.24
2023-05-24 01:00:00,26.755543500000005,summer weekday,26.24
2023-05-24 02:00:00,26.90298450000001,summer weekday,26.24
2023-05-24 03:00:00,26.936721,summer weekday,26.24
2023-05-24 04:00:00,28.163730000000005,summer weekday,26.24
2023-05-24 05:00:00,30.918877500000004,summer weekday,30.09
2023-05-24 06:00:00,32.880592500000006,summer weekday,34.79
2023-05-24 07:00:00,31.070067000000005,summer weekday,30.09
2023-05-24 08:00:00,29.739349500000003,summer weekday,30.09
2023-05-24 09:00:00,28.10375400000001,summer weekday,26.24
2023-05-24 10:00:00,27.489000000000004,summer weekday,26.24
2023-05-24 11:00:00,27.43652100000001,summer weekday,26.24
2023-05-24 12:00:00,27.738900000000005,summer weekday,26.24
2023-05-24 13:00:00,26.765539500000003,summer weekday,26.24
2023-05-24 14:00:00,28.371147000000008,summer weekday,30.09
2023-05-24 15:00:00,29.313270000000003,summer weekday,30.09
2023-05-24 16:00:00,30.835161000000006,summer weekday,30.09
2023-05-24 17:00:00,31.892238000000003,summer weekday,30.09
2023-05-24 18:00:00,38.679522000000006,summer weekday,34.79
2023-05-24 19:00:00,40.193916,summer weekday,34.79
2023-05-24 20:00:00,36.5491245,summer weekday,34.79
2023-05-24 21:00:00,31.892238000000003,summer weekday,30.09
2023-05-24 22:00:00,30.287880000000005,summer weekday,30.09
2023-05-24 23:00:00,30.140439,summer weekday,30.09
2023-05-25 00:00:00,29.093358,summer weekday,30.09
2023-05-25 01:00:00,28.732252500000005,summer weekday,30.09
2023-05-25 02:00:00,28.473606,summer weekday,30.09
2023-05-25 03:00:00,28.7022645,summer weekday,30.09
2023-05-25 04:00:00,29.818068000000004,summer weekday,30.09
2023-05-25 05:00:00,32.684421,summer weekday,34.79
2023-05-25 06:00:00,32.921826,summer weekday,34.79
2023-05-25 07:00:00,30.362850000000005,summer weekday,30.09
2023-05-25 08:00:00,27.7826325,summer weekday,26.24
2023-05-25 09:00:00,26.220757500000005,summer weekday,26.24
2023-05-25 10:00:00,24.310272,summer weekday,26.24
2023-05-25 11:00:00,22.525986000000003,summer weekday,26.24
2023-05-25 12:00:00,19.454715,summer weekday,26.24
2023-05-25 13:00:00,19.899537,summer weekday,26.24
2023-05-25 14:00:00,18.6512865,summer weekday,26.24
2023-05-25 15:00:00,22.489750500000003,summer weekday,26.24
2023-05-25 16:00:00,26.530633500000004,summer weekday,26.24
2023-05-25 17:00:00,29.133342000000003,summer weekday,30.09
2023-05-25 18:00:00,31.192518000000007,summer weekday,30.09
2023-05-25 19:00:00,32.96181000000001,summer weekday,34.79
2023-05-25 20:00:00,30.9488655,summer weekday,30.09
2023-05-25 21:00:00,29.923026000000007,summer weekday,30.09
2023-05-25 22:00:00,28.731003000000005,summer weekday,30.09
2023-05-25 23:00:00,28.377394500000005,summer weekday,30.09
2023-05-26 00:00:00,26.914230000000003,summer weekday,26.24
2023-05-26 01:00:00,26.6855715,summer weekday,26.24
2023-05-26 02:00:00,26.693068500000003,summer weekday,26.24
2023-05-26 03:00:00,27.237850500000004,summer weekday,26.24
2023-05-26 04:00:00,28.56232050000001,summer weekday,30.09
2023-05-26 05:00:00,30.480303000000006,summer weekday,30.09
2023-05-26 06:00:00,30.562770000000004,summer weekday,30.09
2023-05-26 07:00:00,29.94426750000001,summer weekday,30.09
2023-05-26 08:00:00,27.543978000000003,summer weekday,26.24
2023-05-26 09:00:00,24.396487500000003,summer weekday,26.24
2023-05-26 10:00:00,21.511392,summer weekday,26.24
2023-05-26 11:00:00,19.994499,summer weekday,26.24
2023-05-26 12:00:00,17.4892515,summer weekday,26.24
2023-05-26 13:00:00,17.368049999999997,summer weekday,26.24
2023-05-26 14:00:00,17.3767965,summer weekday,26.24
2023-05-26 15:00:00,20.231904,summer weekday,26.24
2023-05-26 16:00:00,24.0641205,summer weekday,26.24
2023-05-26 17:00:00,28.398636000000003,summer weekday,30.09
2023-05-26 18:00:00,31.215009,summer weekday,30.09
2023-05-26 19:00:00,31.814769000000005,summer weekday,30.09
2023-05-26 20:00:00,31.11255000000001,summer weekday,30.09
2023-05-26 21:00:00,29.800575,summer weekday,30.09
2023-05-26 22:00:00,28.925925000000003,summer weekday,30.09
2023-05-26 23:00:00,28.574815500000003,summer weekday,30.09
2023-05-27 00:00:00,27.805123500000004,summer weekend,26.54
2023-05-27 01:00:00,27.9550635,summer weekend,26.54
2023-05-27 02:00:00,28.154983500000004,summer weekend,26.54
2023-05-27 03:00:00,28.769737500000005,summer weekend,30.93
2023-05-27 04:00:00,28.613550000000004,summer weekend,26.54
2023-05-27 05:00:00,27.701415000000004,summer weekend,26.54
2023-05-27 06:00:00,27.737650500000008,summer weekend,26.54
2023-05-27 07:00:00,26.44066950000001,summer weekend,26.54
2023-05-27 08:00:00,24.247797,summer weekend,26.54
2023-05-27 09:00:00,19.4134815,summer weekend,18.94
2023-05-27 10:00:00,17.5492275,summer weekend,18.94
2023-05-27 11:00:00,17.368049999999997,summer weekend,18.94
2023-05-27 12:00:00,16.6863585,summer weekend,18.94
2023-05-27 13:00:00,17.0978605,summer weekend,18.94
2023-05-27 14:00:00,17.4317745,summer weekend,18.94
2023-05-27 15:00:00,17.650437,summer weekend,18.94
2023-05-27 16:00:00,24.250296,summer weekend,26.54
2023-05-27 17:00:00,27.970057500000003,summer weekend,26.54
2023-05-27 18:00:00,29.91053100000001,summer weekend,30.93
2023-05-27 19:00:00,32.97805350000001,summer weekend,30.93
2023-05-27 20:00:00,31.49739600000001,summer weekend,30.93
2023-05-27 21:00:00,29.866798500000005,summer weekend,30.93
2023-05-27 22:00:00,29.20206450000001,summer weekend,30.93
2023-05-27 23:00:00,28.24994550000001,summer weekend,26.54
2023-05-28 00:00:00,27.863850000000003,summer weekend,26.54
2023-05-28 01:00:00,27.60395400000001,summer weekend,26.54
2023-05-28 02:00:00,27.097906500000004,summer weekend,26.54
2023-05-28 03:00:00,27.096657,summer weekend,26.54
2023-05-28 04:00:00,26.922976500000004,summer weekend,26.54
2023-05-28 05:00:00,26.366949,summer weekend,26.54
2023-05-28 06:00:00,25.469808000000004,summer weekend,26.54
2023-05-28 07:00:00,22.078665,summer weekend,18.94
2023-05-28 08:00:00,17.368049999999997,summer weekend,18.94
2023-05-28 09:00:00,17.019855999999997,summer weekend,18.94
2023-05-28 10:00:00,15.3274975,summer weekend,18.94
2023-05-28 11:00:00,11.860254,summer weekend,18.94
2023-05-28 12:00:00,2.6817245000000023,summer weekend,18.94
2023-05-28 13:00:00,2.6760720000000005,summer weekend,18.94
2023-05-28 14:00:00,6.280106000000002,summer weekend,18.94
2023-05-28 15:00:00,15.256275999999998,summer weekend,18.94
2023-05-28 16:00:00,17.361267,summer weekend,18.94
2023-05-28 17:00:00,23.61555,summer weekend,26.54
2023-05-28 18:00:00,26.47690500000001,summer weekend,26.54
2023-05-28 19:00:00,27.36529950000001,summer weekend,26.54
2023-05-28 20:00:00,27.094158000000004,summer weekend,26.54
2023-05-28 21:00:00,26.589360000000003,summer weekend,26.54
2023-05-28 22:00:00,26.05207500000001,summer weekend,26.54
2023-05-28 23:00:00,24.768838500000005,summer weekend,26.54
2023-05-29 00:00:00,24.102855,summer weekend,26.54
2023-05-29 01:00:00,23.842959000000004,summer weekend,26.54
2023-05-29 02:00:00,23.4293745,summer weekend,26.54
2023-05-29 03:00:00,24.18032400000001,summer weekend,26.54
2023-05-29 04:00:00,25.284882000000007,summer weekend,26.54
2023-05-29 05:00:00,25.820917500000004,summer weekend,26.54
2023-05-29 06:00:00,24.703864500000005,summer weekend,26.54
2023-05-29 07:00:00,21.106554,summer weekend,18.94
2023-05-29 08:00:00,17.368049999999997,summer weekend,18.94
2023-05-29 09:00:00,17.1295145,summer weekend,18.94
2023-05-29 10:00:00,14.984956,summer weekend,18.94
2023-05-29 11:00:00,11.148039,summer weekend,18.94
2023-05-29 12:00:00,6.615864500000002,summer weekend,18.94
2023-05-29 13:00:00,4.994727500000001,summer weekend,18.94
2023-05-29 14:00:00,8.246045500000001,summer weekend,18.94
2023-05-29 15:00:00,15.1104415,summer weekend,18.94
2023-05-29 16:00:00,16.805061,summer weekend,18.94
2023-05-29 17:00:00,19.76709,summer weekend,18.94
2023-05-29 18:00:00,26.37444600000001,summer weekend,26.54
2023-05-29 19:00:00,27.832612500000003,summer weekend,26.54
2023-05-29 20:00:00,28.098756000000005,summer weekend,26.54
2023-05-29 21:00:00,27.424026000000005,summer weekend,26.54
2023-05-29 22:00:00,26.646837000000005,summer weekend,26.54
2023-05-29 23:00:00,26.741799000000004,summer weekend,26.54
2023-05-30 00:00:00,26.245747500000004,summer weekday,26.24
2023-05-30 01:00:00,25.977105000000005,summer weekday,26.24
2023-05-30 02:00:00,26.118298500000005,summer weekday,26.24
2023-05-30 03:00:00,26.949216000000003,summer weekday,26.24
2023-05-30 04:00:00,27.9975465,summer weekday,26.24
2023-05-30 05:00:00,29.601904500000007,summer weekday,30.09
2023-05-30 06:00:00,32.107152000000006,summer weekday,30.09
2023-05-30 07:00:00,30.942618000000007,summer weekday,30.09
2023-05-30 08:00:00,28.621047000000004,summer weekday,30.09
2023-05-30 09:00:00,27.660181500000004,summer weekday,26.24
2023-05-30 10:00:00,26.148286500000005,summer weekday,26.24
2023-05-30 11:00:00,25.426075500000003,summer weekday,26.24
2023-05-30 12:00:00,24.535182,summer weekday,26.24
2023-05-30 13:00:00,24.42522600000001,summer weekday,26.24
2023-05-30 14:00:00,25.197417,summer weekday,26.24
2023-05-30 15:00:00,26.3731965,summer weekday,26.24
2023-05-30 16:00:00,28.432372500000003,summer weekday,30.09
2023-05-30 17:00:00,29.609401500000004,summer weekday,30.09
2023-05-30 18:00:00,32.97430500000001,summer weekday,34.79
2023-05-30 19:00:00,36.680322,summer weekday,34.79
2023-05-30 20:00:00,33.083011500000005,summer weekday,34.79
2023-05-30 21:00:00,29.526934500000007,summer weekday,30.09
2023-05-30 22:00:00,28.569817500000003,summer weekday,30.09
2023-05-30 23:00:00,28.10375400000001,summer weekday,26.24
2023-05-31 00:00:00,27.635191500000005,summer weekday,26.24
2023-05-31 01:00:00,26.639340000000008,summer weekday,26.24
2023-05-31 02:00:00,27.366549000000003,summer weekday,26.24
2023-05-31 03:00:00,28.021287000000004,summer weekday,26.24
2023-05-31 04:00:00,28.860951000000007,summer weekday,30.09
2023-05-31 05:00:00,32.238349500000005,summer weekday,30.09
2023-05-31 06:00:00,32.164629000000005,summer weekday,30.09
2023-05-31 07:00:00,30.591508500000007,summer weekday,30.09
2023-05-31 08:00:00,28.164979500000005,summer weekday,26.24
2023-05-31 09:00:00,25.729704000000005,summer weekday,26.24
2023-05-31 10:00:00,23.168229000000004,summer weekday,26.24
2023-05-31 11:00:00,18.500097,summer weekday,26.24
2023-05-31 12:00:00,17.365789,summer weekday,26.24
2023-05-31 13:00:00,17.276479499999997,summer weekday,26.24
2023-05-31 14:00:00,17.3488315,summer weekday,26.24
2023-05-31 15:00:00,19.887042,summer weekday,26.24
2023-05-31 16:00:00,26.045827500000005,summer weekday,26.24
2023-05-31 17:00:00,28.1674785,summer weekday,30.09
2023-05-31 18:00:00,30.895137,summer weekday,30.09
2023-05-31 19:00:00,32.31207,summer weekday,30.09
2023-05-31 20:00:00,30.3241155,summer weekday,30.09
2023-05-31 21:00:00,29.148336000000004,summer weekday,30.09
2023-05-31 22:00:00,27.755143500000003,summer weekday,26.24
2023-05-31 23:00:00,27.88259250000001,summer weekday,26.24
2023-06-01 00:00:00,26.651835,summer weekday,26.24
2023-06-01 01:00:00,26.127045000000003,summer weekday,26.24
2023-06-01 02:00:00,25.704714000000003,summer weekday,26.24
2023-06-01 03:00:00,25.827165000000004,summer weekday,26.24
2023-06-01 04:00:00,27.420277500000008,summer weekday,26.24
2023-06-01 05:00:00,29.493198000000007,summer weekday,30.09
2023-06-01 06:00:00,30.891388500000005,summer weekday,30.09
2023-06-01 07:00:00,29.746846500000004,summer weekday,30.09
2023-06-01 08:00:00,28.276185000000005,summer weekday,30.09
2023-06-01 09:00:00,25.888390500000003,summer weekday,26.24
2023-06-01 10:00:00,24.85505400000001,summer weekday,26.24
2023-06-01 11:00:00,22.223607,summer weekday,26.24
2023-06-01 12:00:00,18.5363325,summer weekday,26.24
2023-06-01 13:00:00,17.7441495,summer weekday,26.24
2023-06-01 14:00:00,19.0361325,summer weekday,26.24
2023-06-01 15:00:00,24.382743,summer weekday,26.24
2023-06-01 16:00:00,26.364450000000005,summer weekday,26.24
2023-06-01 17:00:00,28.346157000000005,summer weekday,30.09
2023-06-01 18:00:00,29.920527000000003,summer weekday,30.09
2023-06-01 19:00:00,32.36704800000001,summer weekday,30.09
2023-06-01 20:00:00,30.291628500000005,summer weekday,30.09
2023-06-01 21:00:00,29.289529500000004,summer weekday,30.09
2023-06-01 22:00:00,28.179973500000003,summer weekday,30.09
2023-06-01 23:00:00,27.812620500000005,summer weekday,26.24
2023-06-02 00:00:00,27.28908000000001,summer weekday,26.24
2023-06-02 01:00:00,27.345307500000004,summer weekday,26.24
2023-06-02 02:00:00,27.041679,summer weekday,26.24
2023-06-02 03:00:00,27.503994,summer weekday,26.24
2023-06-02 04:00:00,28.723506000000004,summer weekday,30.09
2023-06-02 05:00:00,32.233351500000005,summer weekday,30.09
2023-06-02 06:00:00,33.059271,summer weekday,34.79
2023-06-02 07:00:00,29.3869905,summer weekday,30.09
2023-06-02 08:00:00,27.910081500000008,summer weekday,26.24
2023-06-02 09:00:00,26.37569550000001,summer weekday,26.24
2023-06-02 10:00:00,25.258642500000004,summer weekday,26.24
2023-06-02 11:00:00,24.372747000000004,summer weekday,26.24
2023-06-02 12:00:00,22.69216950000001,summer weekday,26.24
2023-06-02 13:00:00,21.968709,summer weekday,26.24
2023-06-02 14:00:00,22.978305,summer weekday,26.24
2023-06-02 15:00:00,24.648886500000007,summer weekday,26.24
2023-06-02 16:00:00,26.94171900000001,summer weekday,26.24
2023-06-02 17:00:00,28.10875200000001,summer weekday,26.24
2023-06-02 18:00:00,30.002994000000005,summer weekday,30.09
2023-06-02 19:00:00,31.175025000000005,summer weekday,30.09
2023-06-02 20:00:00,30.026734500000007,summer weekday,30.09
2023-06-02 21:00:00,28.933422000000004,summer weekday,30.09
2023-06-02 22:00:00,27.996297,summer weekday,26.24
2023-06-02 23:00:00,27.982552500000008,summer weekday,26.24
2023-06-03 00:00:00,27.401535000000003,summer weekend,26.54
2023-06-03 01:00:00,27.087910500000007,summer weekend,26.54
2023-06-03 02:00:00,26.764290000000003,summer weekend,26.54
2023-06-03 03:00:00,27.452764500000004,summer weekend,26.54
2023-06-03 04:00:00,27.194118000000007,summer weekend,26.54
2023-06-03 05:00:00,27.084162000000006,summer weekend,26.54
2023-06-03 06:00:00,26.5681185,summer weekend,26.54
2023-06-03 07:00:00,26.114550000000005,summer weekend,26.54
2023-06-03 08:00:00,24.861301500000003,summer weekend,26.54
2023-06-03 09:00:00,20.786682,summer weekend,18.94
2023-06-03 10:00:00,17.9928,summer weekend,18.94
2023-06-03 11:00:00,17.366919499999998,summer weekend,18.94
2023-06-03 12:00:00,16.8129745,summer weekend,18.94
2023-06-03 13:00:00,16.9848105,summer weekend,18.94
2023-06-03 14:00:00,17.3623975,summer weekend,18.94
2023-06-03 15:00:00,18.040281,summer weekend,18.94
2023-06-03 16:00:00,23.073267,summer weekend,26.54
2023-06-03 17:00:00,26.7393,summer weekend,26.54
2023-06-03 18:00:00,27.983802,summer weekend,26.54
2023-06-03 19:00:00,29.225805,summer weekend,30.93
2023-06-03 20:00:00,29.225805,summer weekend,30.93
2023-06-03 21:00:00,28.34990550000001,summer weekend,26.54
2023-06-03 22:00:00,27.510241500000006,summer weekend,26.54
2023-06-03 23:00:00,27.503994,summer weekend,26.54
2023-06-04 00:00:00,26.72680500000001,summer weekend,26.54
2023-06-04 01:00:00,26.428174500000004,summer weekend,26.54
2023-06-04 02:00:00,26.320717500000008,summer weekend,26.54
2023-06-04 03:00:00,26.506893000000005,summer weekend,26.54
2023-06-04 04:00:00,26.393188500000004,summer weekend,26.54
2023-06-04 05:00:00,25.9983465,summer weekend,26.54
2023-06-04 06:00:00,25.461061500000003,summer weekend,26.54
2023-06-04 07:00:00,23.71675950000001,summer weekend,26.54
2023-06-04 08:00:00,20.1082035,summer weekend,18.94
2023-06-04 09:00:00,18.0065445,summer weekend,18.94
2023-06-04 10:00:00,17.368049999999997,summer weekend,18.94
2023-06-04 11:00:00,16.805061,summer weekend,18.94
2023-06-04 12:00:00,14.0387275,summer weekend,18.94
2023-06-04 13:00:00,13.2586825,summer weekend,18.94
2023-06-04 14:00:00,16.8785435,summer weekend,18.94
2023-06-04 15:00:00,17.368049999999997,summer weekend,18.94
2023-06-04 16:00:00,21.678825,summer weekend,18.94
2023-06-04 17:00:00,27.140389500000005,summer weekend,26.54
2023-06-04 18:00:00,29.730603,summer weekend,30.93
2023-06-04 19:00:00,31.086310500000007,summer weekend,30.93
2023-06-04 20:00:00,30.187920000000005,summer weekend,30.93
2023-06-04 21:00:00,29.738100000000006,summer weekend,30.93
2023-06-04 22:00:00,28.236201000000005,summer weekend,26.54
2023-06-04 23:00:00,27.2028645,summer weekend,26.54
2023-06-05 00:00:00,26.251995000000004,summer weekday,26.24
2023-06-05 01:00:00,26.12329650000001,summer weekday,26.24
2023-06-05 02:00:00,26.256993000000005,summer weekday,26.24
2023-06-05 03:00:00,26.646837000000005,summer weekday,26.24
2023-06-05 04:00:00,28.408632000000004,summer weekday,30.09
2023-06-05 05:00:00,32.62319550000001,summer weekday,34.79
2023-06-05 06:00:00,31.586110500000007,summer weekday,30.09
2023-06-05 07:00:00,29.856802500000004,summer weekday,30.09
2023-06-05 08:00:00,28.164979500000005,summer weekday,26.24
2023-06-05 09:00:00,26.7393,summer weekday,26.24
2023-06-05 10:00:00,26.12454600000001,summer weekday,26.24
2023-06-05 11:00:00,26.035831500000004,summer weekday,26.24
2023-06-05 12:00:00,26.030833500000007,summer weekday,26.24
2023-06-05 13:00:00,25.873396500000005,summer weekday,26.24
2023-06-05 14:00:00,26.095807500000003,summer weekday,26.24
2023-06-05 15:00:00,27.225355500000003,summer weekday,26.24
2023-06-05 16:00:00,28.588560000000005,summer weekday,30.09
2023-06-05 17:00:00,29.958012000000004,summer weekday,30.09
2023-06-05 18:00:00,34.280032500000004,summer weekday,34.79
2023-06-05 19:00:00,37.0314315,summer weekday,34.79
2023-06-05 20:00:00,33.41163,summer weekday,34.79
2023-06-05 21:00:00,29.992998000000004,summer weekday,30.09
2023-06-05 22:00:00,28.486101,summer weekday,30.09
2023-06-05 23:00:00,27.392788500000005,summer weekday,26.24
2023-06-06 00:00:00,27.285331500000005,summer weekday,26.24
2023-06-06 01:00:00,27.272836500000004,summer weekday,26.24
2023-06-06 02:00:00,27.64268850000001,summer weekday,26.24
2023-06-06 03:00:00,28.13874000000001,summer weekday,26.24
2023-06-06 04:00:00,28.682272500000003,summer weekday,30.09
2023-06-06 05:00:00,35.66073000000001,summer weekday,34.79
2023-06-06 06:00:00,36.520386,summer weekday,34.79
2023-06-06 07:00:00,32.679423,summer weekday,34.79
2023-06-06 08:00:00,29.225805,summer weekday,30.09
2023-06-06 09:00:00,28.204963500000005,summer weekday,30.09
2023-06-06 10:00:00,27.621447000000003,summer weekday,26.24
2023-06-06 11:00:00,27.075415500000005,summer weekday,26.24
2023-06-06 12:00:00,26.68807050000001,summer weekday,26.24
2023-06-06 13:00:00,26.190769500000005,summer weekday,26.24
2023-06-06 14:00:00,26.819268000000005,summer weekday,26.24
2023-06-06 15:00:00,27.510241500000006,summer weekday,26.24
2023-06-06 16:00:00,28.3524045,summer weekday,30.09
2023-06-06 17:00:00,29.718108000000004,summer weekday,30.09
2023-06-06 18:00:00,34.132591500000004,summer weekday,34.79
2023-06-06 19:00:00,36.410430000000005,summer weekday,34.79
2023-06-06 20:00:00,33.17797350000001,summer weekday,34.79
2023-06-06 21:00:00,30.11794800000001,summer weekday,30.09
2023-06-06 22:00:00,28.612300500000007,summer weekday,30.09
2023-06-06 23:00:00,29.05837200000001,summer weekday,30.09
2023-06-07 00:00:00,28.592308500000005,summer weekday,30.09
2023-06-07 01:00:00,28.646037,summer weekday,30.09
2023-06-07 02:00:00,28.63854000000001,summer weekday,30.09
2023-06-07 03:00:00,28.698516000000005,summer weekday,30.09
2023-06-07 04:00:00,29.600655000000003,summer weekday,30.09
2023-06-07 05:00:00,33.31916700000001,summer weekday,34.79
2023-06-07 06:00:00,35.6719755,summer weekday,34.79
2023-06-07 07:00:00,31.694817000000004,summer weekday,30.09
2023-06-07 08:00:00,29.679373500000004,summer weekday,30.09
2023-06-07 09:00:00,29.0046435,summer weekday,30.09
2023-06-07 10:00:00,28.188720000000007,summer weekday,30.09
2023-06-07 11:00:00,27.357802500000005,summer weekday,26.24
2023-06-07 12:00:00,27.101655000000008,summer weekday,26.24
2023-06-07 13:00:00,26.920477500000004,summer weekday,26.24
2023-06-07 14:00:00,27.245347500000005,summer weekday,26.24
2023-06-07 15:00:00,27.32781450000001,summer weekday,26.24
2023-06-07 16:00:00,29.140839000000007,summer weekday,30.09
2023-06-07 17:00:00,29.9967465,summer weekday,30.09
2023-06-07 18:00:00,34.676124,summer weekday,34.79
2023-06-07 19:00:00,35.823165,summer weekday,34.79
2023-06-07 20:00:00,33.3054225,summer weekday,34.79
2023-06-07 21:00:00,30.590259000000003,summer weekday,30.09
2023-06-07 22:00:00,29.225805,summer weekday,30.09
2023-06-07 23:00:00,29.104603500000003,summer weekday,30.09
2023-06-08 00:00:00,28.521087000000005,summer weekend,26.54
2023-06-08 01:00:00,27.743898,summer weekend,26.54
2023-06-08 02:00:00,27.351555000000005,summer weekend,26.54
2023-06-08 03:00:00,27.618948000000007,summer weekend,26.54
2023-06-08 04:00:00,28.418628,summer weekend,26.54
2023-06-08 05:00:00,29.114599500000008,summer weekend,30.93
2023-06-08 06:00:00,29.020887000000005,summer weekend,30.93
2023-06-08 07:00:00,28.788480000000003,summer weekend,30.93
2023-06-08 08:00:00,27.836361000000004,summer weekend,26.54
2023-06-08 09:00:00,26.69431800000001,summer weekend,26.54
2023-06-08 10:00:00,25.927125000000004,summer weekend,26.54
2023-06-08 11:00:00,25.392339000000003,summer weekend,26.54
2023-06-08 12:00:00,25.34485800000001,summer weekend,26.54
2023-06-08 13:00:00,25.372347000000005,summer weekend,26.54
2023-06-08 14:00:00,25.855903500000007,summer weekend,26.54
2023-06-08 15:00:00,26.2607415,summer weekend,26.54
2023-06-08 16:00:00,26.876745000000003,summer weekend,26.54
2023-06-08 17:00:00,28.671027,summer weekend,26.54
2023-06-08 18:00:00,30.116698500000005,summer weekend,30.93
2023-06-08 19:00:00,31.592358000000004,summer weekend,30.93
2023-06-08 20:00:00,30.487800000000004,summer weekend,30.93
2023-06-08 21:00:00,29.435721000000004,summer weekend,30.93
2023-06-08 22:00:00,28.7385,summer weekend,30.93
2023-06-08 23:00:00,29.2383,summer weekend,30.93
2023-06-09 00:00:00,28.576065000000003,summer weekend,26.54
2023-06-09 01:00:00,27.33031350000001,summer weekend,26.54
2023-06-09 02:00:00,26.86425,summer weekend,26.54
2023-06-09 03:00:00,26.8979865,summer weekend,26.54
2023-06-09 04:00:00,28.496097,summer weekend,26.54
2023-06-09 05:00:00,30.330363,summer weekend,30.93
2023-06-09 06:00:00,30.359101500000005,summer weekend,30.93
2023-06-09 07:00:00,30.355353000000004,summer weekend,30.93
2023-06-09 08:00:00,28.787230500000003,summer weekend,30.93
2023-06-09 09:00:00,27.64643700000001,summer weekend,26.54
2023-06-09 10:00:00,26.793028500000005,summer weekend,26.54
2023-06-09 11:00:00,26.118298500000005,summer weekend,26.54
2023-06-09 12:00:00,25.48980000000001,summer weekend,26.54
2023-06-09 13:00:00,25.372347000000005,summer weekend,26.54
2023-06-09 14:00:00,25.91338050000001,summer weekend,26.54
2023-06-09 15:00:00,26.444418,summer weekend,26.54
2023-06-09 16:00:00,27.4427685,summer weekend,26.54
2023-06-09 17:00:00,29.2383,summer weekend,30.93
2023-06-09 18:00:00,30.377844000000003,summer weekend,30.93
2023-06-09 19:00:00,30.668977500000004,summer weekend,30.93
2023-06-09 20:00:00,30.377844000000003,summer weekend,30.93
2023-06-09 21:00:00,29.54817600000001,summer weekend,30.93
2023-06-09 22:00:00,28.113750000000003,summer weekend,26.54
2023-06-09 23:00:00,28.49234850000001,summer weekend,26.54
2023-06-10 00:00:00,27.876345000000004,summer weekend,26.54
2023-06-10 01:00:00,27.880093500000005,summer weekend,26.54
2023-06-10 02:00:00,27.404034000000003,summer weekend,26.54
2023-06-10 03:00:00,27.044178,summer weekend,26.54
2023-06-10 04:00:00,27.3478065,summer weekend,26.54
2023-06-10 05:00:00,27.2928285,summer weekend,26.54
2023-06-10 06:00:00,27.98880000000001,summer weekend,26.54
2023-06-10 07:00:00,27.588960000000004,summer weekend,26.54
2023-06-10 08:00:00,25.363600500000004,summer weekend,26.54
2023-06-10 09:00:00,20.7304545,summer weekend,18.94
2023-06-10 10:00:00,18.9311745,summer weekend,18.94
2023-06-10 11:00:00,17.378046,summer weekend,18.94
2023-06-10 12:00:00,15.111571999999995,summer weekend,18.94
2023-06-10 13:00:00,15.1036585,summer weekend,18.94
2023-06-10 14:00:00,16.8061915,summer weekend,18.94
2023-06-10 15:00:00,17.685422999999997,summer weekend,18.94
2023-06-10 16:00:00,22.928325000000005,summer weekend,26.54
2023-06-10 17:00:00,26.735551500000003,summer weekend,26.54
2023-06-10 18:00:00,28.133742,summer weekend,26.54
2023-06-10 19:00:00,28.122496500000008,summer weekend,26.54
2023-06-10 20:00:00,27.192868500000003,summer weekend,26.54
2023-06-10 21:00:00,27.487750500000004,summer weekend,26.54
2023-06-10 22:00:00,26.058322500000006,summer weekend,26.54
2023-06-10 23:00:00,25.461061500000003,summer weekend,26.54
2023-06-11 00:00:00,24.623896500000004,summer weekend,26.54
2023-06-11 01:00:00,23.975406000000003,summer weekend,26.54
2023-06-11 02:00:00,23.6068035,summer weekend,26.54
2023-06-11 03:00:00,23.855454000000005,summer weekend,26.54
2023-06-11 04:00:00,23.5068435,summer weekend,26.54
2023-06-11 05:00:00,23.61180150000001,summer weekend,26.54
2023-06-11 06:00:00,23.205714,summer weekend,26.54
2023-06-11 07:00:00,20.921628,summer weekend,18.94
2023-06-11 08:00:00,19.354755,summer weekend,18.94
2023-06-11 09:00:00,17.369299499999997,summer weekend,18.94
2023-06-11 10:00:00,17.178126000000002,summer weekend,18.94
2023-06-11 11:00:00,15.150009,summer weekend,18.94
2023-06-11 12:00:00,13.4124305,summer weekend,18.94
2023-06-11 13:00:00,13.4169525,summer weekend,18.94
2023-06-11 14:00:00,16.132413500000002,summer weekend,18.94
2023-06-11 15:00:00,17.3578755,summer weekend,18.94
2023-06-11 16:00:00,20.856654,summer weekend,18.94
2023-06-11 17:00:00,27.841359000000004,summer weekend,26.54
2023-06-11 18:00:00,29.851804500000004,summer weekend,30.93
2023-06-11 19:00:00,30.731452500000003,summer weekend,30.93
2023-06-11 20:00:00,30.68772000000001,summer weekend,30.93
2023-06-11 21:00:00,29.6568825,summer weekend,30.93
2023-06-11 22:00:00,28.4748555,summer weekend,26.54
2023-06-11 23:00:00,29.154583500000005,summer weekend,30.93
2023-06-12 00:00:00,27.998796,summer weekday,26.24
2023-06-12 01:00:00,27.991299000000005,summer weekday,26.24
2023-06-12 02:00:00,27.567718500000005,summer weekday,26.24
2023-06-12 03:00:00,27.85760250000001,summer weekday,26.24
2023-06-12 04:00:00,29.248296000000007,summer weekday,30.09
2023-06-12 05:00:00,30.79142850000001,summer weekday,30.09
2023-06-12 06:00:00,33.216708000000004,summer weekday,34.79
2023-06-12 07:00:00,32.9105805,summer weekday,34.79
2023-06-12 08:00:00,30.6139995,summer weekday,30.09
2023-06-12 09:00:00,28.609801500000003,summer weekday,30.09
2023-06-12 10:00:00,26.859252,summer weekday,26.24
2023-06-12 11:00:00,25.6934685,summer weekday,26.24
2023-06-12 12:00:00,24.9912495,summer weekday,26.24
2023-06-12 13:00:00,25.392339000000003,summer weekday,26.24
2023-06-12 14:00:00,26.859252,summer weekday,26.24
2023-06-12 15:00:00,27.966309000000003,summer weekday,26.24
2023-06-12 16:00:00,29.563170000000003,summer weekday,30.09
2023-06-12 17:00:00,31.072566000000005,summer weekday,30.09
2023-06-12 18:00:00,33.991398000000004,summer weekday,34.79
2023-06-12 19:00:00,35.2221555,summer weekday,34.79
2023-06-12 20:00:00,31.978453500000004,summer weekday,30.09
2023-06-12 21:00:00,30.7377,summer weekday,30.09
2023-06-12 22:00:00,29.625645,summer weekday,30.09
2023-06-12 23:00:00,28.502344500000003,summer weekday,30.09
2023-06-13 00:00:00,27.711411000000005,summer weekday,26.24
2023-06-13 01:00:00,27.775135500000008,summer weekday,26.24
2023-06-13 02:00:00,27.707662500000005,summer weekday,26.24
2023-06-13 03:00:00,27.960061500000005,summer weekday,26.24
2023-06-13 04:00:00,28.618548000000008,summer weekday,30.09
2023-06-13 05:00:00,31.754793000000003,summer weekday,30.09
2023-06-13 06:00:00,32.303323500000005,summer weekday,30.09
2023-06-13 07:00:00,32.36704800000001,summer weekday,30.09
2023-06-13 08:00:00,30.252894000000005,summer weekday,30.09
2023-06-13 09:00:00,27.998796,summer weekday,26.24
2023-06-13 10:00:00,27.022936500000007,summer weekday,26.24
2023-06-13 11:00:00,24.380244000000005,summer weekday,26.24
2023-06-13 12:00:00,23.64054,summer weekday,26.24
2023-06-13 13:00:00,23.428125,summer weekday,26.24
2023-06-13 14:00:00,25.248646500000003,summer weekday,26.24
2023-06-13 15:00:00,26.536881000000005,summer weekday,26.24
2023-06-13 16:00:00,27.942568500000004,summer weekday,26.24
2023-06-13 17:00:00,30.035481,summer weekday,30.09
2023-06-13 18:00:00,31.3612005,summer weekday,30.09
2023-06-13 19:00:00,32.372046000000005,summer weekday,30.09
2023-06-13 20:00:00,31.737300000000005,summer weekday,30.09
2023-06-13 21:00:00,30.487800000000004,summer weekday,30.09
2023-06-13 22:00:00,29.66063100000001,summer weekday,30.09
2023-06-13 23:00:00,29.398236000000004,summer weekday,30.09
2023-06-14 00:00:00,28.448616000000005,summer weekday,30.09
2023-06-14 01:00:00,28.236201000000005,summer weekday,30.09
2023-06-14 02:00:00,28.144987500000003,summer weekday,26.24
2023-06-14 03:00:00,28.397386500000003,summer weekday,30.09
2023-06-14 04:00:00,29.630643000000006,summer weekday,30.09
2023-06-14 05:00:00,33.227953500000005,summer weekday,34.79
2023-06-14 06:00:00,34.3874895,summer weekday,34.79
2023-06-14 07:00:00,33.361650000000004,summer weekday,34.79
2023-06-14 08:00:00,30.277884000000004,summer weekday,30.09
2023-06-14 09:00:00,28.32116700000001,summer weekday,30.09
2023-06-14 10:00:00,27.165379500000004,summer weekday,26.24
2023-06-14 11:00:00,26.630593500000003,summer weekday,26.24
2023-06-14 12:00:00,26.770537500000007,summer weekday,26.24
2023-06-14 13:00:00,27.105403500000005,summer weekday,26.24
2023-06-14 14:00:00,27.171627000000004,summer weekday,26.24
2023-06-14 15:00:00,27.803874000000008,summer weekday,26.24
2023-06-14 16:00:00,29.683122000000008,summer weekday,30.09
2023-06-14 17:00:00,31.708561500000005,summer weekday,30.09
2023-06-14 18:00:00,35.1196965,summer weekday,34.79
2023-06-14 19:00:00,36.382941,summer weekday,34.79
2023-06-14 20:00:00,34.849804500000005,summer weekday,34.79
2023-06-14 21:00:00,32.33331150000001,summer weekday,30.09
2023-06-14 22:00:00,30.9713565,summer weekday,30.09
2023-06-14 23:00:00,30.752694000000005,summer weekday,30.09
2023-06-15 00:00:00,30.2091615,summer weekday,30.09
2023-06-15 01:00:00,29.940519,summer weekday,30.09
2023-06-15 02:00:00,29.91053100000001,summer weekday,30.09
2023-06-15 03:00:00,29.90928150000001,summer weekday,30.09
2023-06-15 04:00:00,31.607352,summer weekday,30.09
2023-06-15 05:00:00,37.84985400000001,summer weekday,34.79
2023-06-15 06:00:00,38.122245,summer weekday,34.79
2023-06-15 07:00:00,34.86979650000001,summer weekday,34.79
2023-06-15 08:00:00,31.86225,summer weekday,30.09
2023-06-15 09:00:00,30.320367000000005,summer weekday,30.09
2023-06-15 10:00:00,29.615649000000005,summer weekday,30.09
2023-06-15 11:00:00,28.893438000000003,summer weekday,30.09
2023-06-15 12:00:00,28.613550000000004,summer weekday,30.09
2023-06-15 13:00:00,28.613550000000004,summer weekday,30.09
2023-06-15 14:00:00,28.864699500000004,summer weekday,30.09
2023-06-15 15:00:00,29.456962500000007,summer weekday,30.09
2023-06-15 16:00:00,30.475305,summer weekday,30.09
2023-06-15 17:00:00,33.03553050000001,summer weekday,34.79
2023-06-15 18:00:00,36.900234000000005,summer weekday,34.79
2023-06-15 19:00:00,39.769086,summer weekday,34.79
2023-06-15 20:00:00,38.926923,summer weekday,34.79
2023-06-15 21:00:00,36.105552,summer weekday,34.79
2023-06-15 22:00:00,32.989299,summer weekday,34.79
2023-06-15 23:00:00,33.131742,summer weekday,34.79
2023-06-16 00:00:00,32.564469,summer weekday,34.79
2023-06-16 01:00:00,31.81102050000001,summer weekday,30.09
2023-06-16 02:00:00,31.449915,summer weekday,30.09
2023-06-16 03:00:00,31.49739600000001,summer weekday,30.09
2023-06-16 04:00:00,32.083411500000004,summer weekday,30.09
2023-06-16 05:00:00,35.22340500000001,summer weekday,34.79
2023-06-16 06:00:00,36.57786300000001,summer weekday,34.79
2023-06-16 07:00:00,35.559520500000005,summer weekday,34.79
2023-06-16 08:00:00,32.881842000000006,summer weekday,34.79
2023-06-16 09:00:00,31.387440000000005,summer weekday,30.09
2023-06-16 10:00:00,30.986350500000004,summer weekday,30.09
2023-06-16 11:00:00,30.7814325,summer weekday,30.09
2023-06-16 12:00:00,30.037980000000005,summer weekday,30.09
2023-06-16 13:00:00,29.776834500000007,summer weekday,30.09
2023-06-16 14:00:00,30.069217500000004,summer weekday,30.09
2023-06-16 15:00:00,30.9213765,summer weekday,30.09
2023-06-16 16:00:00,31.742298000000005,summer weekday,30.09
2023-06-16 17:00:00,34.280032500000004,summer weekday,34.79
2023-06-16 18:00:00,37.5087405,summer weekday,34.79
2023-06-16 19:00:00,39.246795,summer weekday,34.79
2023-06-16 20:00:00,38.6582805,summer weekday,34.79
2023-06-16 21:00:00,36.365448,summer weekday,34.79
2023-06-16 22:00:00,34.697365500000004,summer weekday,34.79
2023-06-16 23:00:00,33.712759500000004,summer weekday,34.79
2023-06-17 00:00:00,32.71191,summer weekend,30.93
2023-06-17 01:00:00,32.363299500000004,summer weekend,30.93
2023-06-17 02:00:00,31.9184775,summer weekend,30.93
2023-06-17 03:00:00,31.246246500000005,summer weekend,30.93
2023-06-17 04:00:00,31.11255000000001,summer weekend,30.93
2023-06-17 05:00:00,31.151284500000006,summer weekend,30.93
2023-06-17 06:00:00,30.868897500000003,summer weekend,30.93
2023-06-17 07:00:00,29.988000000000007,summer weekend,30.93
2023-06-17 08:00:00,29.313270000000003,summer weekend,30.93
2023-06-17 09:00:00,27.98880000000001,summer weekend,26.54
2023-06-17 10:00:00,26.113300500000005,summer weekend,26.54
2023-06-17 11:00:00,24.785082000000003,summer weekend,26.54
2023-06-17 12:00:00,23.415630000000004,summer weekend,26.54
2023-06-17 13:00:00,22.288581,summer weekend,18.94
2023-06-17 14:00:00,24.375246000000004,summer weekend,26.54
2023-06-17 15:00:00,27.98880000000001,summer weekend,26.54
2023-06-17 16:00:00,30.052974000000003,summer weekend,30.93
2023-06-17 17:00:00,31.776034500000005,summer weekend,30.93
2023-06-17 18:00:00,34.58491050000001,summer weekend,30.93
2023-06-17 19:00:00,35.7319515,summer weekend,30.93
2023-06-17 20:00:00,36.73530000000001,summer weekend,30.93
2023-06-17 21:00:00,35.6569815,summer weekend,30.93
2023-06-17 22:00:00,34.44246750000001,summer weekend,30.93
2023-06-17 23:00:00,33.436620000000005,summer weekend,30.93
2023-06-18 00:00:00,32.160880500000005,summer weekend,30.93
2023-06-18 01:00:00,31.238749500000008,summer weekend,30.93
2023-06-18 02:00:00,30.97010700000001,summer weekend,30.93
2023-06-18 03:00:00,30.362850000000005,summer weekend,30.93
2023-06-18 04:00:00,30.186670500000005,summer weekend,30.93
2023-06-18 05:00:00,29.616898500000005,summer weekend,30.93
2023-06-18 06:00:00,28.870947,summer weekend,30.93
2023-06-18 07:00:00,27.98880000000001,summer weekend,26.54
2023-06-18 08:00:00,27.130393500000004,summer weekend,26.54
2023-06-18 09:00:00,25.284882000000007,summer weekend,26.54
2023-06-18 10:00:00,24.0716175,summer weekend,26.54
2023-06-18 11:00:00,23.089510500000003,summer weekend,26.54
2023-06-18 12:00:00,21.039081,summer weekend,18.94
2023-06-18 13:00:00,20.4905505,summer weekend,18.94
2023-06-18 14:00:00,23.488101000000004,summer weekend,26.54
2023-06-18 15:00:00,26.7393,summer weekend,26.54
2023-06-18 16:00:00,29.067118500000003,summer weekend,30.93
2023-06-18 17:00:00,30.766438500000007,summer weekend,30.93
2023-06-18 18:00:00,33.74899500000001,summer weekend,30.93
2023-06-18 19:00:00,34.8922875,summer weekend,30.93
2023-06-18 20:00:00,34.5449265,summer weekend,30.93
2023-06-18 21:00:00,34.5449265,summer weekend,30.93
2023-06-18 22:00:00,32.06466900000001,summer weekend,30.93
2023-06-18 23:00:00,29.865549,summer weekend,30.93
2023-06-19 00:00:00,29.078364000000004,summer weekday,30.09
2023-06-19 01:00:00,28.442368500000004,summer weekday,30.09
2023-06-19 02:00:00,28.578564000000004,summer weekday,30.09
2023-06-19 03:00:00,29.144587500000004,summer weekday,30.09
2023-06-19 04:00:00,29.357002500000004,summer weekday,30.09
2023-06-19 05:00:00,32.10840150000001,summer weekday,30.09
2023-06-19 06:00:00,34.1275935,summer weekday,34.79
2023-06-19 07:00:00,33.9401685,summer weekday,34.79
2023-06-19 08:00:00,31.8185175,summer weekday,30.09
2023-06-19 09:00:00,30.377844000000003,summer weekday,30.09
2023-06-19 10:00:00,29.5219365,summer weekday,30.09
2023-06-19 11:00:00,29.028384000000003,summer weekday,30.09
2023-06-19 12:00:00,28.621047000000004,summer weekday,30.09
2023-06-19 13:00:00,28.417378500000005,summer weekday,30.09
2023-06-19 14:00:00,29.142088500000007,summer weekday,30.09
2023-06-19 15:00:00,29.634391500000003,summer weekday,30.09
2023-06-19 16:00:00,31.122546,summer weekday,30.09
2023-06-19 17:00:00,34.486200000000004,summer weekday,34.79
2023-06-19 18:00:00,38.6482845,summer weekday,34.79
2023-06-19 19:00:00,42.07941149999999,summer weekday,34.79
2023-06-19 20:00:00,39.669126,summer weekday,34.79
2023-06-19 21:00:00,36.1492845,summer weekday,34.79
2023-06-19 22:00:00,34.2525435,summer weekday,34.79
2023-06-19 23:00:00,32.510740500000004,summer weekday,34.79
2023-06-20 00:00:00,31.202514000000004,summer weekday,30.09
2023-06-20 01:00:00,30.386590500000004,summer weekday,30.09
2023-06-20 02:00:00,30.0342315,summer weekday,30.09
2023-06-20 03:00:00,30.000495,summer weekday,30.09
2023-06-20 04:00:00,30.698965500000003,summer weekday,30.09
2023-06-20 05:00:00,33.6053025,summer weekday,34.79
2023-06-20 06:00:00,35.53328100000001,summer weekday,34.79
2023-06-20 07:00:00,35.709460500000006,summer weekday,34.79
2023-06-20 08:00:00,33.729003,summer weekday,34.79
2023-06-20 09:00:00,31.623595500000004,summer weekday,30.09
2023-06-20 10:00:00,30.5640195,summer weekday,30.09
2023-06-20 11:00:00,29.878044000000006,summer weekday,30.09
2023-06-20 12:00:00,29.319517500000007,summer weekday,30.09
2023-06-20 13:00:00,29.190819000000005,summer weekday,30.09
2023-06-20 14:00:00,30.010491000000005,summer weekday,30.09
2023-06-20 15:00:00,30.534031500000005,summer weekday,30.09
2023-06-20 16:00:00,32.19211800000001,summer weekday,30.09
2023-06-20 17:00:00,34.861050000000006,summer weekday,34.79
2023-06-20 18:00:00,37.4337705,summer weekday,34.79
2023-06-20 19:00:00,37.99479600000001,summer weekday,34.79
2023-06-20 20:00:00,36.11055,summer weekday,34.79
2023-06-20 21:00:00,34.61115,summer weekday,34.79
2023-06-20 22:00:00,32.3957865,summer weekday,30.09
2023-06-20 23:00:00,32.32456500000001,summer weekday,30.09
2023-06-21 00:00:00,31.2112605,summer weekday,30.09
2023-06-21 01:00:00,30.467808000000005,summer weekday,30.09
2023-06-21 02:00:00,30.354103500000004,summer weekday,30.09
2023-06-21 03:00:00,30.33411150000001,summer weekday,30.09
2023-06-21 04:00:00,30.741448500000004,summer weekday,30.09
2023-06-21 05:00:00,33.25794150000001,summer weekday,34.79
2023-06-21 06:00:00,34.569916500000005,summer weekday,34.79
2023-06-21 07:00:00,35.432071500000006,summer weekday,34.79
2023-06-21 08:00:00,33.13674000000001,summer weekday,34.79
2023-06-21 09:00:00,31.105053,summer weekday,30.09
2023-06-21 10:00:00,30.239149500000007,summer weekday,30.09
2023-06-21 11:00:00,29.6393895,summer weekday,30.09
2023-06-21 12:00:00,29.212060500000003,summer weekday,30.09
2023-06-21 13:00:00,28.908432,summer weekday,30.09
2023-06-21 14:00:00,29.598156000000003,summer weekday,30.09
2023-06-21 15:00:00,29.8892895,summer weekday,30.09
2023-06-21 16:00:00,31.569867,summer weekday,30.09
2023-06-21 17:00:00,34.637389500000005,summer weekday,34.79
2023-06-21 18:00:00,38.2984245,summer weekday,34.79
2023-06-21 19:00:00,41.1972645,summer weekday,34.79
2023-06-21 20:00:00,40.011489,summer weekday,34.79
2023-06-21 21:00:00,36.73530000000001,summer weekday,34.79
2023-06-21 22:00:00,34.221306000000006,summer weekday,34.79
2023-06-21 23:00:00,33.9801525,summer weekday,34.79
2023-06-22 00:00:00,32.801874000000005,summer weekday,34.79
2023-06-22 01:00:00,31.798525500000004,summer weekday,30.09
2023-06-22 02:00:00,31.279983000000005,summer weekday,30.09
2023-06-22 03:00:00,30.740199000000004,summer weekday,30.09
2023-06-22 04:00:00,31.831012500000003,summer weekday,30.09
2023-06-22 05:00:00,34.563669000000004,summer weekday,34.79
2023-06-22 06:00:00,36.450414,summer weekday,34.79
2023-06-22 07:00:00,36.60285300000001,summer weekday,34.79
2023-06-22 08:00:00,33.62654400000001,summer weekday,34.79
2023-06-22 09:00:00,31.86225,summer weekday,30.09
2023-06-22 10:00:00,30.830163,summer weekday,30.09
2023-06-22 11:00:00,30.702714000000007,summer weekday,30.09
2023-06-22 12:00:00,30.711460500000005,summer weekday,30.09
2023-06-22 13:00:00,30.670227,summer weekday,30.09
2023-06-22 14:00:00,30.71395950000001,summer weekday,30.09
2023-06-22 15:00:00,30.886390500000005,summer weekday,30.09
2023-06-22 16:00:00,33.083011500000005,summer weekday,34.79
2023-06-22 17:00:00,34.52368500000001,summer weekday,34.79
2023-06-22 18:00:00,37.03892850000001,summer weekday,34.79
2023-06-22 19:00:00,36.73530000000001,summer weekday,34.79
2023-06-22 20:00:00,35.758191000000004,summer weekday,34.79
2023-06-22 21:00:00,34.153833000000006,summer weekday,34.79
2023-06-22 22:00:00,32.4707565,summer weekday,34.79
2023-06-22 23:00:00,30.337860000000003,summer weekday,30.09
2023-06-23 00:00:00,29.263290000000005,summer weekday,30.09
2023-06-23 01:00:00,28.837210500000005,summer weekday,30.09
2023-06-23 02:00:00,28.773486000000005,summer weekday,30.09
2023-06-23 03:00:00,28.731003000000005,summer weekday,30.09
2023-06-23 04:00:00,29.183322000000004,summer weekday,30.09
2023-06-23 05:00:00,31.74854550000001,summer weekday,30.09
2023-06-23 06:00:00,33.479103,summer weekday,34.79
2023-06-23 07:00:00,33.720256500000005,summer weekday,34.79
2023-06-23 08:00:00,32.56821750000001,summer weekday,34.79
2023-06-23 09:00:00,30.6464865,summer weekday,30.09
2023-06-23 10:00:00,29.625645,summer weekday,30.09
2023-06-23 11:00:00,28.9884,summer weekday,30.09
2023-06-23 12:00:00,28.222456500000007,summer weekday,30.09
2023-06-23 13:00:00,27.361551,summer weekday,26.24
2023-06-23 14:00:00,27.276585000000004,summer weekday,26.24
2023-06-23 15:00:00,28.222456500000007,summer weekday,30.09
2023-06-23 16:00:00,29.488200000000003,summer weekday,30.09
2023-06-23 17:00:00,30.798925500000003,summer weekday,30.09
2023-06-23 18:00:00,33.569067000000004,summer weekday,34.79
2023-06-23 19:00:00,34.498695000000005,summer weekday,34.79
2023-06-23 20:00:00,34.23505050000001,summer weekday,34.79
2023-06-23 21:00:00,33.696516,summer weekday,34.79
2023-06-23 22:00:00,32.651934000000004,summer weekday,34.79
2023-06-23 23:00:00,32.029683000000006,summer weekday,30.09
2023-06-24 00:00:00,31.077564,summer weekend,30.93
2023-06-24 01:00:00,30.222906000000005,summer weekend,30.93
2023-06-24 02:00:00,29.9017845,summer weekend,30.93
2023-06-24 03:00:00,29.154583500000005,summer weekend,30.93
2023-06-24 04:00:00,28.927174500000007,summer weekend,30.93
2023-06-24 05:00:00,28.899685500000007,summer weekend,30.93
2023-06-24 06:00:00,28.900935000000008,summer weekend,30.93
2023-06-24 07:00:00,28.6847715,summer weekend,26.54
2023-06-24 08:00:00,27.57521550000001,summer weekend,26.54
2023-06-24 09:00:00,24.57016800000001,summer weekend,26.54
2023-06-24 10:00:00,20.4918,summer weekend,18.94
2023-06-24 11:00:00,19.2410505,summer weekend,18.94
2023-06-24 12:00:00,17.605455,summer weekend,18.94
2023-06-24 13:00:00,17.406784499999997,summer weekend,18.94
2023-06-24 14:00:00,18.61755,summer weekend,18.94
2023-06-24 15:00:00,20.89164,summer weekend,18.94
2023-06-24 16:00:00,27.486501000000008,summer weekend,26.54
2023-06-24 17:00:00,29.8343115,summer weekend,30.93
2023-06-24 18:00:00,33.6053025,summer weekend,30.93
2023-06-24 19:00:00,35.040978,summer weekend,30.93
2023-06-24 20:00:00,36.200514000000005,summer weekend,30.93
2023-06-24 21:00:00,33.66902700000001,summer weekend,30.93
2023-06-24 22:00:00,32.150884500000004,summer weekend,30.93
2023-06-24 23:00:00,32.494497,summer weekend,30.93
2023-06-25 00:00:00,31.487400000000004,summer weekend,30.93
2023-06-25 01:00:00,30.8564025,summer weekend,30.93
2023-06-25 02:00:00,30.673975500000005,summer weekend,30.93
2023-06-25 03:00:00,30.099205500000004,summer weekend,30.93
2023-06-25 04:00:00,30.104203500000008,summer weekend,30.93
2023-06-25 05:00:00,28.446117,summer weekend,26.54
2023-06-25 06:00:00,27.285331500000005,summer weekend,26.54
2023-06-25 07:00:00,24.115350000000003,summer weekend,26.54
2023-06-25 08:00:00,21.4351725,summer weekend,18.94
2023-06-25 09:00:00,18.5788155,summer weekend,18.94
2023-06-25 10:00:00,17.380544999999998,summer weekend,18.94
2023-06-25 11:00:00,17.368049999999997,summer weekend,18.94
2023-06-25 12:00:00,17.356745,summer weekend,18.94
2023-06-25 13:00:00,17.356745,summer weekend,18.94
2023-06-25 14:00:00,17.366919499999998,summer weekend,18.94
2023-06-25 15:00:00,18.5788155,summer weekend,18.94
2023-06-25 16:00:00,26.26948800000001,summer weekend,26.54
2023-06-25 17:00:00,30.680223000000005,summer weekend,30.93
2023-06-25 18:00:00,33.1229955,summer weekend,30.93
2023-06-25 19:00:00,36.5866095,summer weekend,30.93
2023-06-25 20:00:00,37.789878,summer weekend,30.93
2023-06-25 21:00:00,35.523285,summer weekend,30.93
2023-06-25 22:00:00,32.238349500000005,summer weekend,30.93
2023-06-25 23:00:00,32.248345500000006,summer weekend,30.93
2023-06-26 00:00:00,30.941368500000006,summer weekday,30.09
2023-06-26 01:00:00,29.313270000000003,summer weekday,30.09
2023-06-26 02:00:00,28.548576000000004,summer weekday,30.09
2023-06-26 03:00:00,28.3174185,summer weekday,30.09
2023-06-26 04:00:00,30.109201500000005,summer weekday,30.09
2023-06-26 05:00:00,33.361650000000004,summer weekday,34.79
2023-06-26 06:00:00,33.867697500000006,summer weekday,34.79
2023-06-26 07:00:00,32.434521000000004,summer weekday,30.09
2023-06-26 08:00:00,30.052974000000003,summer weekday,30.09
2023-06-26 09:00:00,28.351155,summer weekday,30.09
2023-06-26 10:00:00,27.71890800000001,summer weekday,26.24
2023-06-26 11:00:00,26.729304000000003,summer weekday,26.24
2023-06-26 12:00:00,24.71011200000001,summer weekday,26.24
2023-06-26 13:00:00,23.731753500000003,summer weekday,26.24
2023-06-26 14:00:00,24.119098500000007,summer weekday,26.24
2023-06-26 15:00:00,25.404834000000005,summer weekday,26.24
2023-06-26 16:00:00,27.798876000000007,summer weekday,26.24
2023-06-26 17:00:00,29.488200000000003,summer weekday,30.09
2023-06-26 18:00:00,31.04132850000001,summer weekday,30.09
2023-06-26 19:00:00,32.11215,summer weekday,30.09
2023-06-26 20:00:00,33.131742,summer weekday,34.79
2023-06-26 21:00:00,33.53283150000001,summer weekday,34.79
2023-06-26 22:00:00,32.11964700000001,summer weekday,30.09
2023-06-26 23:00:00,31.64108850000001,summer weekday,30.09
2023-06-27 00:00:00,29.960511000000004,summer weekday,30.09
2023-06-27 01:00:00,29.015889,summer weekday,30.09
2023-06-27 02:00:00,29.12834400000001,summer weekday,30.09
2023-06-27 03:00:00,28.522336500000005,summer weekday,30.09
2023-06-27 04:00:00,28.88469150000001,summer weekday,30.09
2023-06-27 05:00:00,31.77353550000001,summer weekday,30.09
2023-06-27 06:00:00,33.61155,summer weekday,34.79
2023-06-27 07:00:00,33.24294750000001,summer weekday,34.79
2023-06-27 08:00:00,30.142938000000004,summer weekday,30.09
2023-06-27 09:00:00,28.613550000000004,summer weekday,30.09
2023-06-27 10:00:00,27.3977865,summer weekday,26.24
2023-06-27 11:00:00,26.398186500000005,summer weekday,26.24
2023-06-27 12:00:00,25.297377000000004,summer weekday,26.24
2023-06-27 13:00:00,25.87964400000001,summer weekday,26.24
2023-06-27 14:00:00,27.1079025,summer weekday,26.24
2023-06-27 15:00:00,28.49484750000001,summer weekday,30.09
2023-06-27 16:00:00,29.41323000000001,summer weekday,30.09
2023-06-27 17:00:00,31.5586215,summer weekday,30.09
2023-06-27 18:00:00,33.662779500000006,summer weekday,34.79
2023-06-27 19:00:00,34.210060500000004,summer weekday,34.79
2023-06-27 20:00:00,33.71525850000001,summer weekday,34.79
2023-06-27 21:00:00,32.994297,summer weekday,34.79
2023-06-27 22:00:00,31.882242000000005,summer weekday,30.09
2023-06-27 23:00:00,29.623146,summer weekday,30.09
2023-06-28 00:00:00,28.687270500000007,summer weekday,30.09
2023-06-28 01:00:00,28.24994550000001,summer weekday,30.09
2023-06-28 02:00:00,28.149985500000007,summer weekday,26.24
2023-06-28 03:00:00,28.268688000000004,summer weekday,30.09
2023-06-28 04:00:00,29.1620805,summer weekday,30.09
2023-06-28 05:00:00,31.865998500000003,summer weekday,30.09
2023-06-28 06:00:00,33.798975000000006,summer weekday,34.79
2023-06-28 07:00:00,33.380392500000006,summer weekday,34.79
2023-06-28 08:00:00,31.5686175,summer weekday,30.09
2023-06-28 09:00:00,30.099205500000004,summer weekday,30.09
2023-06-28 10:00:00,29.775585000000007,summer weekday,30.09
2023-06-28 11:00:00,30.010491000000005,summer weekday,30.09
2023-06-28 12:00:00,29.540679000000004,summer weekday,30.09
2023-06-28 13:00:00,29.312020500000006,summer weekday,30.09
2023-06-28 14:00:00,29.287030500000007,summer weekday,30.09
2023-06-28 15:00:00,29.563170000000003,summer weekday,30.09
2023-06-28 16:00:00,30.747696,summer weekday,30.09
2023-06-28 17:00:00,33.476604,summer weekday,34.79
2023-06-28 18:00:00,36.757791000000005,summer weekday,34.79
2023-06-28 19:00:00,38.312169,summer weekday,34.79
2023-06-28 20:00:00,37.247595,summer weekday,34.79
2023-06-28 21:00:00,34.861050000000006,summer weekday,34.79
2023-06-28 22:00:00,32.499495,summer weekday,34.79
2023-06-28 23:00:00,32.294577000000004,summer weekday,30.09
2023-06-29 00:00:00,31.120047000000003,summer weekday,30.09
2023-06-29 01:00:00,30.07796400000001,summer weekday,30.09
2023-06-29 02:00:00,29.623146,summer weekday,30.09
2023-06-29 03:00:00,29.853054000000007,summer weekday,30.09
2023-06-29 04:00:00,30.427824000000005,summer weekday,30.09
2023-06-29 05:00:00,32.588209500000005,summer weekday,34.79
2023-06-29 06:00:00,33.68027250000001,summer weekday,34.79
2023-06-29 07:00:00,33.650284500000005,summer weekday,34.79
2023-06-29 08:00:00,31.910980500000004,summer weekday,30.09
2023-06-29 09:00:00,30.606502500000005,summer weekday,30.09
2023-06-29 10:00:00,29.688120000000005,summer weekday,30.09
2023-06-29 11:00:00,29.843058000000006,summer weekday,30.09
2023-06-29 12:00:00,29.643138000000008,summer weekday,30.09
2023-06-29 13:00:00,29.688120000000005,summer weekday,30.09
2023-06-29 14:00:00,29.86305,summer weekday,30.09
2023-06-29 15:00:00,30.002994000000005,summer weekday,30.09
2023-06-29 16:00:00,31.366198500000007,summer weekday,30.09
2023-06-29 17:00:00,33.768987,summer weekday,34.79
2023-06-29 18:00:00,38.1409875,summer weekday,34.79
2023-06-29 19:00:00,38.806971,summer weekday,34.79
2023-06-29 20:00:00,36.701563500000006,summer weekday,34.79
2023-06-29 21:00:00,35.08720950000001,summer weekday,34.79
2023-06-29 22:00:00,32.50074450000001,summer weekday,34.79
2023-06-29 23:00:00,31.812270000000005,summer weekday,30.09
2023-06-30 00:00:00,30.287880000000005,summer weekday,30.09
2023-06-30 01:00:00,29.433222000000004,summer weekday,30.09
2023-06-30 02:00:00,29.568168000000004,summer weekday,30.09
2023-06-30 03:00:00,29.37699450000001,summer weekday,30.09
2023-06-30 04:00:00,30.823915500000005,summer weekday,30.09
2023-06-30 05:00:00,33.2054625,summer weekday,34.79
2023-06-30 06:00:00,34.7323515,summer weekday,34.79
2023-06-30 07:00:00,34.0376295,summer weekday,34.79
2023-06-30 08:00:00,33.150484500000005,summer weekday,34.79
2023-06-30 09:00:00,31.095057000000004,summer weekday,30.09
2023-06-30 10:00:00,30.267888000000006,summer weekday,30.09
2023-06-30 11:00:00,29.970507000000005,summer weekday,30.09
2023-06-30 12:00:00,28.824715500000007,summer weekday,30.09
2023-06-30 13:00:00,28.42112700000001,summer weekday,30.09
2023-06-30 14:00:00,28.613550000000004,summer weekday,30.09
2023-06-30 15:00:00,28.864699500000004,summer weekday,30.09
2023-06-30 16:00:00,29.658132000000005,summer weekday,30.09
2023-06-30 17:00:00,31.078813500000003,summer weekday,30.09
2023-06-30 18:00:00,32.107152000000006,summer weekday,30.09
2023-06-30 19:00:00,34.0401285,summer weekday,34.79
2023-06-30 20:00:00,33.70401300000001,summer weekday,34.79
2023-06-30 21:00:00,32.660680500000005,summer weekday,34.79
2023-06-30 22:00:00,31.046326500000003,summer weekday,30.09
2023-06-30 23:00:00,31.080063000000003,summer weekday,30.09
2023-07-01 00:00:00,30.976354500000006,summer weekend,30.93
2023-07-01 01:00:00,30.40158450000001,summer weekend,30.93
2023-07-01 02:00:00,29.755593,summer weekend,30.93
2023-07-01 03:00:00,29.62689450000001,summer weekend,30.93
2023-07-01 04:00:00,27.8775945,summer weekend,26.54
2023-07-01 05:00:00,27.192868500000003,summer weekend,26.54
2023-07-01 06:00:00,28.082512500000007,summer weekend,26.54
2023-07-01 07:00:00,27.11789850000001,summer weekend,26.54
2023-07-01 08:00:00,25.477305000000005,summer weekend,26.54
2023-07-01 09:00:00,22.839610500000003,summer weekend,26.54
2023-07-01 10:00:00,20.4430695,summer weekend,18.94
2023-07-01 11:00:00,19.4709585,summer weekend,18.94
2023-07-01 12:00:00,17.9215785,summer weekend,18.94
2023-07-01 13:00:00,17.3767965,summer weekend,18.94
2023-07-01 14:00:00,17.4892515,summer weekend,18.94
2023-07-01 15:00:00,18.9061845,summer weekend,18.94
2023-07-01 16:00:00,24.189070500000003,summer weekend,26.54
2023-07-01 17:00:00,27.00669300000001,summer weekend,26.54
2023-07-01 18:00:00,27.658932000000007,summer weekend,26.54
2023-07-01 19:00:00,28.56357,summer weekend,26.54
2023-07-01 20:00:00,28.962160500000003,summer weekend,30.93
2023-07-01 21:00:00,28.984651500000005,summer weekend,30.93
2023-07-01 22:00:00,28.59605700000001,summer weekend,26.54
2023-07-01 23:00:00,19.4234775,summer weekend,18.94
2023-07-02 00:00:00,17.764141499999997,summer weekend,18.94
2023-07-02 01:00:00,17.369299499999997,summer weekend,18.94
2023-07-02 02:00:00,17.368049999999997,summer weekend,18.94
2023-07-02 03:00:00,17.3646585,summer weekend,18.94
2023-07-02 04:00:00,17.3623975,summer weekend,18.94
2023-07-02 05:00:00,17.3623975,summer weekend,18.94
2023-07-02 06:00:00,17.311525,summer weekend,18.94
2023-07-02 07:00:00,17.0345525,summer weekend,18.94
2023-07-02 08:00:00,15.6643865,summer weekend,18.94
2023-07-02 09:00:00,13.1852,summer weekend,18.94
2023-07-02 10:00:00,6.2767145000000015,summer weekend,18.94
2023-07-02 11:00:00,-1.619827999999998,summer weekend,18.94
2023-07-02 12:00:00,-12.807256,summer weekend,18.94
2023-07-02 13:00:00,-39.15695000000001,summer weekend,18.94
2023-07-02 14:00:00,-27.73889999999999,summer weekend,18.94
2023-07-02 15:00:00,3.326109500000001,summer weekend,18.94
2023-07-02 16:00:00,13.390951,summer weekend,18.94
2023-07-02 17:00:00,16.688619499999998,summer weekend,18.94
2023-07-02 18:00:00,17.971558499999997,summer weekend,18.94
2023-07-02 19:00:00,26.000845500000004,summer weekend,26.54
2023-07-02 20:00:00,28.065019500000005,summer weekend,26.54
2023-07-02 21:00:00,29.225805,summer weekend,30.93
2023-07-02 22:00:00,28.123746000000004,summer weekend,26.54
2023-07-02 23:00:00,25.61475,summer weekend,26.54
2023-07-03 00:00:00,22.80337500000001,summer weekday,26.24
2023-07-03 01:00:00,20.3780955,summer weekday,26.24
2023-07-03 02:00:00,18.650037,summer weekday,26.24
2023-07-03 03:00:00,19.34226,summer weekday,26.24
2023-07-03 04:00:00,24.115350000000003,summer weekday,26.24
2023-07-03 05:00:00,28.113750000000003,summer weekday,26.24
2023-07-03 06:00:00,31.223755500000003,summer weekday,30.09
2023-07-03 07:00:00,30.4765545,summer weekday,30.09
2023-07-03 08:00:00,25.078714500000007,summer weekday,26.24
2023-07-03 09:00:00,17.493,summer weekday,26.24
2023-07-03 10:00:00,17.361267,summer weekday,26.24
2023-07-03 11:00:00,17.040205,summer weekday,26.24
2023-07-03 12:00:00,16.725925999999998,summer weekday,26.24
2023-07-03 13:00:00,16.8039305,summer weekday,26.24
2023-07-03 14:00:00,17.057162499999997,summer weekday,26.24
2023-07-03 15:00:00,17.360136499999996,summer weekday,26.24
2023-07-03 16:00:00,20.179425,summer weekday,26.24
2023-07-03 17:00:00,28.4073825,summer weekday,30.09
2023-07-03 18:00:00,31.909731000000004,summer weekday,30.09
2023-07-03 19:00:00,32.929323000000004,summer weekday,34.79
2023-07-03 20:00:00,33.372895500000006,summer weekday,34.79
2023-07-03 21:00:00,32.515738500000005,summer weekday,34.79
2023-07-03 22:00:00,31.674825,summer weekday,30.09
2023-07-03 23:00:00,29.421976500000003,summer weekday,30.09
2023-07-04 00:00:00,27.464010000000005,summer weekday,26.24
2023-07-04 01:00:00,26.239500000000003,summer weekday,26.24
2023-07-04 02:00:00,25.412331000000005,summer weekday,26.24
2023-07-04 03:00:00,26.30322450000001,summer weekday,26.24
2023-07-04 04:00:00,28.0000455,summer weekday,26.24
2023-07-04 05:00:00,31.578613500000003,summer weekday,30.09
2023-07-04 06:00:00,32.3583015,summer weekday,30.09
2023-07-04 07:00:00,31.523635500000005,summer weekday,30.09
2023-07-04 08:00:00,26.874246000000003,summer weekday,26.24
2023-07-04 09:00:00,21.571368,summer weekday,26.24
2023-07-04 10:00:00,18.627546,summer weekday,26.24
2023-07-04 11:00:00,17.3767965,summer weekday,26.24
2023-07-04 12:00:00,17.375546999999997,summer weekday,26.24
2023-07-04 13:00:00,18.6063045,summer weekday,26.24
2023-07-04 14:00:00,22.268589,summer weekday,26.24
2023-07-04 15:00:00,27.843858000000008,summer weekday,26.24
2023-07-04 16:00:00,29.073366000000007,summer weekday,30.09
2023-07-04 17:00:00,31.974705000000004,summer weekday,30.09
2023-07-04 18:00:00,35.88564,summer weekday,34.79
2023-07-04 19:00:00,39.1081005,summer weekday,34.79
2023-07-04 20:00:00,38.85070350000001,summer weekday,34.79
2023-07-04 21:00:00,35.489548500000005,summer weekday,34.79
2023-07-04 22:00:00,32.873095500000005,summer weekday,34.79
2023-07-04 23:00:00,32.90183400000001,summer weekday,34.79
2023-07-05 00:00:00,31.163779500000008,summer weekday,30.09
2023-07-05 01:00:00,29.208312000000006,summer weekday,30.09
2023-07-05 02:00:00,28.21495950000001,summer weekday,30.09
2023-07-05 03:00:00,25.777185000000003,summer weekday,26.24
2023-07-05 04:00:00,25.848406500000003,summer weekday,26.24
2023-07-05 05:00:00,26.944218000000006,summer weekday,26.24
2023-07-05 06:00:00,28.937170500000004,summer weekday,30.09
2023-07-05 07:00:00,29.6568825,summer weekday,30.09
2023-07-05 08:00:00,27.663930000000004,summer weekday,26.24
2023-07-05 09:00:00,26.544378000000005,summer weekday,26.24
2023-07-05 10:00:00,22.14114,summer weekday,26.24
2023-07-05 11:00:00,17.374297499999997,summer weekday,26.24
2023-07-05 12:00:00,17.0187255,summer weekday,26.24
2023-07-05 13:00:00,16.2454635,summer weekday,26.24
2023-07-05 14:00:00,16.248855,summer weekday,26.24
2023-07-05 15:00:00,16.970114,summer weekday,26.24
2023-07-05 16:00:00,20.2831335,summer weekday,26.24
2023-07-05 17:00:00,27.763890000000007,summer weekday,26.24
2023-07-05 18:00:00,30.43906950000001,summer weekday,30.09
2023-07-05 19:00:00,32.167128,summer weekday,30.09
2023-07-05 20:00:00,32.7056625,summer weekday,34.79
2023-07-05 21:00:00,32.529483000000006,summer weekday,34.79
2023-07-05 22:00:00,31.7135595,summer weekday,30.09
2023-07-05 23:00:00,28.815969000000003,summer weekday,30.09
2023-07-06 00:00:00,27.863850000000003,summer weekday,26.24
2023-07-06 01:00:00,27.663930000000004,summer weekday,26.24
2023-07-06 02:00:00,27.7451475,summer weekday,26.24
2023-07-06 03:00:00,27.990049500000005,summer weekday,26.24
2023-07-06 04:00:00,29.1595815,summer weekday,30.09
2023-07-06 05:00:00,31.581112500000003,summer weekday,30.09
2023-07-06 06:00:00,33.14798550000001,summer weekday,34.79
2023-07-06 07:00:00,32.96805750000001,summer weekday,34.79
2023-07-06 08:00:00,31.233751500000004,summer weekday,30.09
2023-07-06 09:00:00,29.242048500000006,summer weekday,30.09
2023-07-06 10:00:00,28.149985500000007,summer weekday,26.24
2023-07-06 11:00:00,27.1353915,summer weekday,26.24
2023-07-06 12:00:00,26.916729000000007,summer weekday,26.24
2023-07-06 13:00:00,27.132892500000004,summer weekday,26.24
2023-07-06 14:00:00,27.870097500000007,summer weekday,26.24
2023-07-06 15:00:00,28.376145000000005,summer weekday,30.09
2023-07-06 16:00:00,29.7168585,summer weekday,30.09
2023-07-06 17:00:00,31.914729,summer weekday,30.09
2023-07-06 18:00:00,36.18552,summer weekday,34.79
2023-07-06 19:00:00,40.375093500000006,summer weekday,34.79
2023-07-06 20:00:00,40.341357,summer weekday,34.79
2023-07-06 21:00:00,34.557421500000004,summer weekday,34.79
2023-07-06 22:00:00,32.234601000000005,summer weekday,30.09
2023-07-06 23:00:00,31.612350000000003,summer weekday,30.09
2023-07-07 00:00:00,30.347856000000004,summer weekday,30.09
2023-07-07 01:00:00,29.563170000000003,summer weekday,30.09
2023-07-07 02:00:00,29.354503500000003,summer weekday,30.09
2023-07-07 03:00:00,29.614399500000005,summer weekday,30.09
2023-07-07 04:00:00,30.105453000000004,summer weekday,30.09
2023-07-07 05:00:00,34.295026500000006,summer weekday,34.79
2023-07-07 06:00:00,32.574465000000004,summer weekday,34.79
2023-07-07 07:00:00,30.9663585,summer weekday,30.09
2023-07-07 08:00:00,28.837210500000005,summer weekday,30.09
2023-07-07 09:00:00,27.863850000000003,summer weekday,26.24
2023-07-07 10:00:00,27.254094,summer weekday,26.24
2023-07-07 11:00:00,26.72680500000001,summer weekday,26.24
2023-07-07 12:00:00,25.6859715,summer weekday,26.24
2023-07-07 13:00:00,25.48730100000001,summer weekday,26.24
2023-07-07 14:00:00,25.637241000000003,summer weekday,26.24
2023-07-07 15:00:00,27.400285500000003,summer weekday,26.24
2023-07-07 16:00:00,28.613550000000004,summer weekday,30.09
2023-07-07 17:00:00,32.0684175,summer weekday,30.09
2023-07-07 18:00:00,35.708211000000006,summer weekday,34.79
2023-07-07 19:00:00,39.014388,summer weekday,34.79
2023-07-07 20:00:00,34.803573,summer weekday,34.79
2023-07-07 21:00:00,32.020936500000005,summer weekday,30.09
2023-07-07 22:00:00,30.057972000000003,summer weekday,30.09
2023-07-07 23:00:00,29.896786500000005,summer weekday,30.09
2023-07-08 00:00:00,28.880943,summer weekend,30.93
2023-07-08 01:00:00,28.609801500000003,summer weekend,26.54
2023-07-08 02:00:00,28.246197,summer weekend,26.54
2023-07-08 03:00:00,28.468608000000003,summer weekend,26.54
2023-07-08 04:00:00,28.4348715,summer weekend,26.54
2023-07-08 05:00:00,27.981303000000004,summer weekend,26.54
2023-07-08 06:00:00,28.021287000000004,summer weekend,26.54
2023-07-08 07:00:00,27.835111500000004,summer weekend,26.54
2023-07-08 08:00:00,26.869248,summer weekend,26.54
2023-07-08 09:00:00,24.977505000000004,summer weekend,26.54
2023-07-08 10:00:00,23.155734,summer weekend,26.54
2023-07-08 11:00:00,21.768789,summer weekend,18.94
2023-07-08 12:00:00,19.4559645,summer weekend,18.94
2023-07-08 13:00:00,19.4584635,summer weekend,18.94
2023-07-08 14:00:00,22.366050000000005,summer weekend,18.94
2023-07-08 15:00:00,24.977505000000004,summer weekend,26.54
2023-07-08 16:00:00,27.78888,summer weekend,26.54
2023-07-08 17:00:00,30.775185000000004,summer weekend,30.93
2023-07-08 18:00:00,32.487,summer weekend,30.93
2023-07-08 19:00:00,33.45661200000001,summer weekend,30.93
2023-07-08 20:00:00,33.96890700000001,summer weekend,30.93
2023-07-08 21:00:00,33.576564000000005,summer weekend,30.93
2023-07-08 22:00:00,31.85225400000001,summer weekend,30.93
2023-07-08 23:00:00,31.042578,summer weekend,30.93
2023-07-09 00:00:00,30.080463000000005,summer weekend,30.93
2023-07-09 01:00:00,30.090459,summer weekend,30.93
2023-07-09 02:00:00,29.293278,summer weekend,30.93
2023-07-09 03:00:00,29.33701050000001,summer weekend,30.93
2023-07-09 04:00:00,29.478204,summer weekend,30.93
2023-07-09 05:00:00,29.198316,summer weekend,30.93
2023-07-09 06:00:00,28.763490000000008,summer weekend,30.93
2023-07-09 07:00:00,28.143738,summer weekend,26.54
2023-07-09 08:00:00,27.0029445,summer weekend,26.54
2023-07-09 09:00:00,24.8837925,summer weekend,26.54
2023-07-09 10:00:00,23.630544000000004,summer weekend,26.54
2023-07-09 11:00:00,23.0770155,summer weekend,26.54
2023-07-09 12:00:00,21.9899505,summer weekend,18.94
2023-07-09 13:00:00,22.9720575,summer weekend,26.54
2023-07-09 14:00:00,24.259042500000007,summer weekend,26.54
2023-07-09 15:00:00,26.4881505,summer weekend,26.54
2023-07-09 16:00:00,27.663930000000004,summer weekend,26.54
2023-07-09 17:00:00,30.500295000000005,summer weekend,30.93
2023-07-09 18:00:00,32.6381895,summer weekend,30.93
2023-07-09 19:00:00,33.876444000000006,summer weekend,30.93
2023-07-09 20:00:00,34.123845,summer weekend,30.93
2023-07-09 21:00:00,33.876444000000006,summer weekend,30.93
2023-07-09 22:00:00,32.31207,summer weekend,30.93
2023-07-09 23:00:00,31.4236755,summer weekend,30.93
2023-07-10 00:00:00,30.11295,summer weekday,30.09
2023-07-10 01:00:00,29.150835000000004,summer weekday,30.09
2023-07-10 02:00:00,28.855953000000003,summer weekday,30.09
2023-07-10 03:00:00,29.027134500000003,summer weekday,30.09
2023-07-10 04:00:00,30.505293000000005,summer weekday,30.09
2023-07-10 05:00:00,32.5707165,summer weekday,34.79
2023-07-10 06:00:00,33.95891100000001,summer weekday,34.79
2023-07-10 07:00:00,34.145086500000005,summer weekday,34.79
2023-07-10 08:00:00,32.105902500000006,summer weekday,30.09
2023-07-10 09:00:00,30.522786000000004,summer weekday,30.09
2023-07-10 10:00:00,29.23705050000001,summer weekday,30.09
2023-07-10 11:00:00,28.517338500000008,summer weekday,30.09
2023-07-10 12:00:00,27.384042000000004,summer weekday,26.24
2023-07-10 13:00:00,26.674326000000004,summer weekday,26.24
2023-07-10 14:00:00,26.391939000000004,summer weekday,26.24
2023-07-10 15:00:00,27.546477000000003,summer weekday,26.24
2023-07-10 16:00:00,28.755993000000007,summer weekday,30.09
2023-07-10 17:00:00,32.6956665,summer weekday,34.79
2023-07-10 18:00:00,38.046025500000006,summer weekday,34.79
2023-07-10 19:00:00,39.3604995,summer weekday,34.79
2023-07-10 20:00:00,39.8677965,summer weekday,34.79
2023-07-10 21:00:00,37.724904,summer weekday,34.79
2023-07-10 22:00:00,34.073865,summer weekday,34.79
2023-07-10 23:00:00,32.9130795,summer weekday,34.79
2023-07-11 00:00:00,31.829763000000003,summer weekday,30.09
2023-07-11 01:00:00,30.524035500000004,summer weekday,30.09
2023-07-11 02:00:00,29.94801600000001,summer weekday,30.09
2023-07-11 03:00:00,29.825565000000005,summer weekday,30.09
2023-07-11 04:00:00,31.454913000000005,summer weekday,30.09
2023-07-11 05:00:00,32.805622500000005,summer weekday,34.79
2023-07-11 06:00:00,33.03553050000001,summer weekday,34.79
2023-07-11 07:00:00,32.4807525,summer weekday,34.79
2023-07-11 08:00:00,30.500295000000005,summer weekday,30.09
2023-07-11 09:00:00,29.090859000000005,summer weekday,30.09
2023-07-11 10:00:00,27.500245500000005,summer weekday,26.24
2023-07-11 11:00:00,24.585162000000004,summer weekday,26.24
2023-07-11 12:00:00,23.164480500000003,summer weekday,26.24
2023-07-11 13:00:00,23.2894305,summer weekday,26.24
2023-07-11 14:00:00,25.695967500000005,summer weekday,26.24
2023-07-11 15:00:00,28.391139000000003,summer weekday,30.09
2023-07-11 16:00:00,29.289529500000004,summer weekday,30.09
2023-07-11 17:00:00,32.559471,summer weekday,34.79
2023-07-11 18:00:00,38.8606995,summer weekday,34.79
2023-07-11 19:00:00,39.9827505,summer weekday,34.79
2023-07-11 20:00:00,34.23630000000001,summer weekday,34.79
2023-07-11 21:00:00,32.35580250000001,summer weekday,30.09
2023-07-11 22:00:00,30.26039100000001,summer weekday,30.09
2023-07-11 23:00:00,29.671876500000007,summer weekday,30.09
2023-07-12 00:00:00,28.7385,summer weekday,30.09
2023-07-12 01:00:00,28.613550000000004,summer weekday,30.09
2023-07-12 02:00:00,27.625195500000004,summer weekday,26.24
2023-07-12 03:00:00,27.811371000000005,summer weekday,26.24
2023-07-12 04:00:00,28.005043500000006,summer weekday,26.24
2023-07-12 05:00:00,30.11919750000001,summer weekday,30.09
2023-07-12 06:00:00,32.11714800000001,summer weekday,30.09
2023-07-12 07:00:00,32.36205,summer weekday,30.09
2023-07-12 08:00:00,30.467808000000005,summer weekday,30.09
2023-07-12 09:00:00,28.158732000000004,summer weekday,26.24
2023-07-12 10:00:00,26.085811500000005,summer weekday,26.24
2023-07-12 11:00:00,19.3510065,summer weekday,26.24
2023-07-12 12:00:00,18.982404,summer weekday,26.24
2023-07-12 13:00:00,19.7833335,summer weekday,26.24
2023-07-12 14:00:00,20.7454485,summer weekday,26.24
2023-07-12 15:00:00,24.111601500000003,summer weekday,26.24
2023-07-12 16:00:00,27.678924,summer weekday,26.24
2023-07-12 17:00:00,29.783082,summer weekday,30.09
2023-07-12 18:00:00,32.284581,summer weekday,30.09
2023-07-12 19:00:00,35.643237000000006,summer weekday,34.79
2023-07-12 20:00:00,36.346705500000006,summer weekday,34.79
2023-07-12 21:00:00,33.162979500000006,summer weekday,34.79
2023-07-12 22:00:00,31.60110450000001,summer weekday,30.09
2023-07-12 23:00:00,30.499045500000005,summer weekday,30.09
2023-07-13 00:00:00,29.491948500000003,summer weekday,30.09
2023-07-13 01:00:00,29.24329800000001,summer weekday,30.09
2023-07-13 02:00:00,28.894687500000003,summer weekday,30.09
2023-07-13 03:00:00,28.875945,summer weekday,30.09
2023-07-13 04:00:00,29.067118500000003,summer weekday,30.09
2023-07-13 05:00:00,30.786430500000005,summer weekday,30.09
2023-07-13 06:00:00,32.648185500000004,summer weekday,34.79
2023-07-13 07:00:00,32.24959500000001,summer weekday,30.09
2023-07-13 08:00:00,30.426574500000005,summer weekday,30.09
2023-07-13 09:00:00,28.759741500000004,summer weekday,30.09
2023-07-13 10:00:00,27.881343000000005,summer weekday,26.24
2023-07-13 11:00:00,27.026685000000004,summer weekday,26.24
2023-07-13 12:00:00,24.962511000000003,summer weekday,26.24
2023-07-13 13:00:00,23.618049000000003,summer weekday,26.24
2023-07-13 14:00:00,25.1311935,summer weekday,26.24
2023-07-13 15:00:00,26.901735,summer weekday,26.24
2023-07-13 16:00:00,28.309921500000005,summer weekday,30.09
2023-07-13 17:00:00,29.075865000000004,summer weekday,30.09
2023-07-13 18:00:00,32.032182000000006,summer weekday,30.09
2023-07-13 19:00:00,33.719007000000005,summer weekday,34.79
2023-07-13 20:00:00,34.5974055,summer weekday,34.79
2023-07-13 21:00:00,33.570316500000004,summer weekday,34.79
2023-07-13 22:00:00,32.07716400000001,summer weekday,30.09
2023-07-13 23:00:00,29.988000000000007,summer weekday,30.09
2023-07-14 00:00:00,29.408232000000005,summer weekday,30.09
2023-07-14 01:00:00,28.977154500000005,summer weekday,30.09
2023-07-14 02:00:00,29.114599500000008,summer weekday,30.09
2023-07-14 03:00:00,29.032132500000003,summer weekday,30.09
2023-07-14 04:00:00,29.781832500000004,summer weekday,30.09
2023-07-14 05:00:00,31.612350000000003,summer weekday,30.09
2023-07-14 06:00:00,31.612350000000003,summer weekday,30.09
2023-07-14 07:00:00,30.33286200000001,summer weekday,30.09
2023-07-14 08:00:00,27.9975465,summer weekday,26.24
2023-07-14 09:00:00,27.32781450000001,summer weekday,26.24
2023-07-14 10:00:00,26.931723000000005,summer weekday,26.24
2023-07-14 11:00:00,26.608102500000005,summer weekday,26.24
2023-07-14 12:00:00,26.113300500000005,summer weekday,26.24
2023-07-14 13:00:00,26.755543500000005,summer weekday,26.24
2023-07-14 14:00:00,27.370297500000003,summer weekday,26.24
2023-07-14 15:00:00,28.001295,summer weekday,26.24
2023-07-14 16:00:00,29.545677,summer weekday,30.09
2023-07-14 17:00:00,31.7685375,summer weekday,30.09
2023-07-14 18:00:00,34.88479050000001,summer weekday,34.79
2023-07-14 19:00:00,34.851054000000005,summer weekday,34.79
2023-07-14 20:00:00,32.851854,summer weekday,34.79
2023-07-14 21:00:00,29.26953750000001,summer weekday,30.09
2023-07-14 22:00:00,27.481503,summer weekday,26.24
2023-07-14 23:00:00,26.399436,summer weekday,26.24
2023-07-15 00:00:00,24.047877000000003,summer weekend,26.54
2023-07-15 01:00:00,21.0103425,summer weekend,18.94
2023-07-15 02:00:00,19.8608025,summer weekend,18.94
2023-07-15 03:00:00,19.489701,summer weekend,18.94
2023-07-15 04:00:00,19.0786155,summer weekend,18.94
2023-07-15 05:00:00,19.854555,summer weekend,18.94
2023-07-15 06:00:00,20.19192,summer weekend,18.94
2023-07-15 07:00:00,21.1103025,summer weekend,18.94
2023-07-15 08:00:00,19.5434295,summer weekend,18.94
2023-07-15 09:00:00,17.942819999999998,summer weekend,18.94
2023-07-15 10:00:00,17.368049999999997,summer weekend,18.94
2023-07-15 11:00:00,17.365789,summer weekend,18.94
2023-07-15 12:00:00,17.3533535,summer weekend,18.94
2023-07-15 13:00:00,17.2516085,summer weekend,18.94
2023-07-15 14:00:00,17.356745,summer weekend,18.94
2023-07-15 15:00:00,17.370549,summer weekend,18.94
2023-07-15 16:00:00,19.309773,summer weekend,18.94
2023-07-15 17:00:00,26.678074500000008,summer weekend,26.54
2023-07-15 18:00:00,27.886341000000005,summer weekend,26.54
2023-07-15 19:00:00,28.408632000000004,summer weekend,26.54
2023-07-15 20:00:00,27.817618500000005,summer weekend,26.54
2023-07-15 21:00:00,27.741399000000005,summer weekend,26.54
2023-07-15 22:00:00,26.341959000000003,summer weekend,26.54
2023-07-15 23:00:00,24.482703,summer weekend,26.54
2023-07-16 00:00:00,19.829565,summer weekend,18.94
2023-07-16 01:00:00,17.702916,summer weekend,18.94
2023-07-16 02:00:00,17.3767965,summer weekend,18.94
2023-07-16 03:00:00,17.368049999999997,summer weekend,18.94
2023-07-16 04:00:00,17.320569,summer weekend,18.94
2023-07-16 05:00:00,17.1340365,summer weekend,18.94
2023-07-16 06:00:00,17.243695,summer weekend,18.94
2023-07-16 07:00:00,17.1317755,summer weekend,18.94
2023-07-16 08:00:00,16.246593999999998,summer weekend,18.94
2023-07-16 09:00:00,15.181663,summer weekend,18.94
2023-07-16 10:00:00,14.56441,summer weekend,18.94
2023-07-16 11:00:00,13.0280605,summer weekend,18.94
2023-07-16 12:00:00,11.7053755,summer weekend,18.94
2023-07-16 13:00:00,10.580528,summer weekend,18.94
2023-07-16 14:00:00,11.9066045,summer weekend,18.94
2023-07-16 15:00:00,14.3643115,summer weekend,18.94
2023-07-16 16:00:00,16.801669500000003,summer weekend,18.94
2023-07-16 17:00:00,21.1927695,summer weekend,18.94
2023-07-16 18:00:00,28.927174500000007,summer weekend,30.93
2023-07-16 19:00:00,29.958012000000004,summer weekend,30.93
2023-07-16 20:00:00,31.013839500000003,summer weekend,30.93
2023-07-16 21:00:00,31.659831000000004,summer weekend,30.93
2023-07-16 22:00:00,31.11255000000001,summer weekend,30.93
2023-07-16 23:00:00,31.020087000000007,summer weekend,30.93
2023-07-17 00:00:00,30.134191500000007,summer weekday,30.09
2023-07-17 01:00:00,29.262040500000005,summer weekday,30.09
2023-07-17 02:00:00,28.376145000000005,summer weekday,30.09
2023-07-17 03:00:00,28.687270500000007,summer weekday,30.09
2023-07-17 04:00:00,29.5169385,summer weekday,30.09
2023-07-17 05:00:00,32.364549000000004,summer weekday,30.09
2023-07-17 06:00:00,33.569067000000004,summer weekday,34.79
2023-07-17 07:00:00,31.421176500000005,summer weekday,30.09
2023-07-17 08:00:00,29.13084300000001,summer weekday,30.09
2023-07-17 09:00:00,27.101655000000008,summer weekday,26.24
2023-07-17 10:00:00,22.9995465,summer weekday,26.24
2023-07-17 11:00:00,17.478006,summer weekday,26.24
2023-07-17 12:00:00,17.446768499999997,summer weekday,26.24
2023-07-17 13:00:00,17.368049999999997,summer weekday,26.24
2023-07-17 14:00:00,18.265191,summer weekday,26.24
2023-07-17 15:00:00,23.455614000000004,summer weekday,26.24
2023-07-17 16:00:00,26.803024500000003,summer weekday,26.24
2023-07-17 17:00:00,28.023786000000005,summer weekday,26.24
2023-07-17 18:00:00,30.677724000000005,summer weekday,30.09
2023-07-17 19:00:00,32.334561,summer weekday,30.09
2023-07-17 20:00:00,32.90058450000001,summer weekday,34.79
2023-07-17 21:00:00,32.9868,summer weekday,34.79
2023-07-17 22:00:00,31.167528000000004,summer weekday,30.09
2023-07-17 23:00:00,29.869297500000005,summer weekday,30.09
2023-07-18 00:00:00,29.400735,summer weekday,30.09
2023-07-18 01:00:00,28.337410500000004,summer weekday,30.09
2023-07-18 02:00:00,28.228704000000004,summer weekday,30.09
2023-07-18 03:00:00,28.368648000000004,summer weekday,30.09
2023-07-18 04:00:00,29.406982500000005,summer weekday,30.09
2023-07-18 05:00:00,30.286630500000005,summer weekday,30.09
2023-07-18 06:00:00,31.64358750000001,summer weekday,30.09
2023-07-18 07:00:00,31.11255000000001,summer weekday,30.09
2023-07-18 08:00:00,29.015889,summer weekday,30.09
2023-07-18 09:00:00,27.706413,summer weekday,26.24
2023-07-18 10:00:00,27.2153595,summer weekday,26.24
2023-07-18 11:00:00,27.259092000000003,summer weekday,26.24
2023-07-18 12:00:00,27.511491000000007,summer weekday,26.24
2023-07-18 13:00:00,28.617298500000004,summer weekday,30.09
2023-07-18 14:00:00,28.606053000000003,summer weekday,30.09
2023-07-18 15:00:00,28.301175,summer weekday,30.09
2023-07-18 16:00:00,29.460711000000003,summer weekday,30.09
2023-07-18 17:00:00,32.564469,summer weekday,34.79
2023-07-18 18:00:00,38.392137000000005,summer weekday,34.79
2023-07-18 19:00:00,40.85864999999999,summer weekday,34.79
2023-07-18 20:00:00,37.834860000000006,summer weekday,34.79
2023-07-18 21:00:00,34.768587000000004,summer weekday,34.79
2023-07-18 22:00:00,31.332462,summer weekday,30.09
2023-07-18 23:00:00,30.876394500000004,summer weekday,30.09
2023-07-19 00:00:00,29.988000000000007,summer weekday,30.09
2023-07-19 01:00:00,29.5194375,summer weekday,30.09
2023-07-19 02:00:00,29.469457500000004,summer weekday,30.09
2023-07-19 03:00:00,29.623146,summer weekday,30.09
2023-07-19 04:00:00,30.416578500000004,summer weekday,30.09
2023-07-19 05:00:00,33.166728000000006,summer weekday,34.79
2023-07-19 06:00:00,32.9855505,summer weekday,34.79
2023-07-19 07:00:00,32.088409500000004,summer weekday,30.09
2023-07-19 08:00:00,29.850555000000007,summer weekday,30.09
2023-07-19 09:00:00,28.42362600000001,summer weekday,30.09
2023-07-19 10:00:00,27.456513000000005,summer weekday,26.24
2023-07-19 11:00:00,26.967958500000005,summer weekday,26.24
2023-07-19 12:00:00,25.94711700000001,summer weekday,26.24
2023-07-19 13:00:00,25.173676500000003,summer weekday,26.24
2023-07-19 14:00:00,25.144938000000007,summer weekday,26.24
2023-07-19 15:00:00,26.308222500000003,summer weekday,26.24
2023-07-19 16:00:00,26.841759000000003,summer weekday,26.24
2023-07-19 17:00:00,29.153334,summer weekday,30.09
2023-07-19 18:00:00,31.4636595,summer weekday,30.09
2023-07-19 19:00:00,33.434121000000005,summer weekday,34.79
2023-07-19 20:00:00,32.84560650000001,summer weekday,34.79
2023-07-19 21:00:00,31.586110500000007,summer weekday,30.09
2023-07-19 22:00:00,29.936770500000005,summer weekday,30.09
2023-07-19 23:00:00,29.629393500000003,summer weekday,30.09
2023-07-20 00:00:00,29.157082500000005,summer weekday,30.09
2023-07-20 01:00:00,27.775135500000008,summer weekday,26.24
2023-07-20 02:00:00,27.721407000000003,summer weekday,26.24
2023-07-20 03:00:00,28.124995500000004,summer weekday,26.24
2023-07-20 04:00:00,28.158732000000004,summer weekday,26.24
2023-07-20 05:00:00,29.80182450000001,summer weekday,30.09
2023-07-20 06:00:00,31.60610250000001,summer weekday,30.09
2023-07-20 07:00:00,31.2937275,summer weekday,30.09
2023-07-20 08:00:00,29.72185650000001,summer weekday,30.09
2023-07-20 09:00:00,28.203714000000005,summer weekday,30.09
2023-07-20 10:00:00,27.259092000000003,summer weekday,26.24
2023-07-20 11:00:00,27.066669000000005,summer weekday,26.24
2023-07-20 12:00:00,26.040829500000005,summer weekday,26.24
2023-07-20 13:00:00,26.110801500000004,summer weekday,26.24
2023-07-20 14:00:00,26.628094500000007,summer weekday,26.24
2023-07-20 15:00:00,26.92797450000001,summer weekday,26.24
2023-07-20 16:00:00,28.045027500000003,summer weekday,26.24
2023-07-20 17:00:00,30.180423000000005,summer weekday,30.09
2023-07-20 18:00:00,33.1304925,summer weekday,34.79
2023-07-20 19:00:00,35.30462250000001,summer weekday,34.79
2023-07-20 20:00:00,34.773585000000004,summer weekday,34.79
2023-07-20 21:00:00,32.54447700000001,summer weekday,34.79
2023-07-20 22:00:00,31.03758,summer weekday,30.09
2023-07-20 23:00:00,30.12169650000001,summer weekday,30.09
2023-07-21 00:00:00,29.821816500000004,summer weekday,30.09
2023-07-21 01:00:00,29.401984500000005,summer weekday,30.09
2023-07-21 02:00:00,29.170827000000003,summer weekday,30.09
2023-07-21 03:00:00,29.458212000000007,summer weekday,30.09
2023-07-21 04:00:00,29.94676650000001,summer weekday,30.09
2023-07-21 05:00:00,32.6281935,summer weekday,34.79
2023-07-21 06:00:00,36.58161150000001,summer weekday,34.79
2023-07-21 07:00:00,32.769387,summer weekday,34.79
2023-07-21 08:00:00,30.249145500000008,summer weekday,30.09
2023-07-21 09:00:00,29.600655000000003,summer weekday,30.09
2023-07-21 10:00:00,28.97965350000001,summer weekday,30.09
2023-07-21 11:00:00,28.91592900000001,summer weekday,30.09
2023-07-21 12:00:00,27.925075500000005,summer weekday,26.24
2023-07-21 13:00:00,27.85760250000001,summer weekday,26.24
2023-07-21 14:00:00,27.853854000000005,summer weekday,26.24
2023-07-21 15:00:00,28.522336500000005,summer weekday,30.09
2023-07-21 16:00:00,29.420727000000007,summer weekday,30.09
2023-07-21 17:00:00,30.245397000000004,summer weekday,30.09
2023-07-21 18:00:00,32.97430500000001,summer weekday,34.79
2023-07-21 19:00:00,33.908931,summer weekday,34.79
2023-07-21 20:00:00,32.9855505,summer weekday,34.79
2023-07-21 21:00:00,31.10880150000001,summer weekday,30.09
2023-07-21 22:00:00,29.459461500000007,summer weekday,30.09
2023-07-21 23:00:00,29.5219365,summer weekday,30.09
2023-07-22 00:00:00,29.665629000000006,summer weekend,30.93
2023-07-22 01:00:00,28.9884,summer weekend,30.93
2023-07-22 02:00:00,29.158332000000005,summer weekend,30.93
2023-07-22 03:00:00,28.604803500000003,summer weekend,26.54
2023-07-22 04:00:00,28.363650000000003,summer weekend,26.54
2023-07-22 05:00:00,28.463610000000003,summer weekend,26.54
2023-07-22 06:00:00,28.136241000000005,summer weekend,26.54
2023-07-22 07:00:00,27.730153500000004,summer weekend,26.54
2023-07-22 08:00:00,26.365699500000005,summer weekend,26.54
2023-07-22 09:00:00,24.750096000000003,summer weekend,26.54
2023-07-22 10:00:00,23.185722000000005,summer weekend,26.54
2023-07-22 11:00:00,22.384792500000003,summer weekend,18.94
2023-07-22 12:00:00,20.159433,summer weekend,18.94
2023-07-22 13:00:00,19.807074,summer weekend,18.94
2023-07-22 14:00:00,20.9978475,summer weekend,18.94
2023-07-22 15:00:00,23.230704000000003,summer weekend,26.54
2023-07-22 16:00:00,26.19826650000001,summer weekend,26.54
2023-07-22 17:00:00,28.114999500000003,summer weekend,26.54
2023-07-22 18:00:00,29.853054000000007,summer weekend,30.93
2023-07-22 19:00:00,30.716458500000005,summer weekend,30.93
2023-07-22 20:00:00,32.2058625,summer weekend,30.93
2023-07-22 21:00:00,30.666478500000004,summer weekend,30.93
2023-07-22 22:00:00,29.674375500000004,summer weekend,30.93
2023-07-22 23:00:00,28.276185000000005,summer weekend,26.54
2023-07-23 00:00:00,27.272836500000004,summer weekend,26.54
2023-07-23 01:00:00,25.850905500000003,summer weekend,26.54
2023-07-23 02:00:00,21.518889,summer weekend,18.94
2023-07-23 03:00:00,19.339761,summer weekend,18.94
2023-07-23 04:00:00,18.7537455,summer weekend,18.94
2023-07-23 05:00:00,18.002795999999996,summer weekend,18.94
2023-07-23 06:00:00,17.727906,summer weekend,18.94
2023-07-23 07:00:00,17.795379,summer weekend,18.94
2023-07-23 08:00:00,17.379295499999998,summer weekend,18.94
2023-07-23 09:00:00,17.368049999999997,summer weekend,18.94
2023-07-23 10:00:00,17.3646585,summer weekend,18.94
2023-07-23 11:00:00,17.3623975,summer weekend,18.94
2023-07-23 12:00:00,16.488521,summer weekend,18.94
2023-07-23 13:00:00,15.992231499999995,summer weekend,18.94
2023-07-23 14:00:00,16.5733085,summer weekend,18.94
2023-07-23 15:00:00,16.937329499999997,summer weekend,18.94
2023-07-23 16:00:00,17.368049999999997,summer weekend,18.94
2023-07-23 17:00:00,20.9828535,summer weekend,18.94
2023-07-23 18:00:00,25.712211000000003,summer weekend,26.54
2023-07-23 19:00:00,28.268688000000004,summer weekend,26.54
2023-07-23 20:00:00,28.833462000000004,summer weekend,30.93
2023-07-23 21:00:00,29.820567000000004,summer weekend,30.93
2023-07-23 22:00:00,28.943418000000005,summer weekend,30.93
2023-07-23 23:00:00,27.00669300000001,summer weekend,26.54
2023-07-24 00:00:00,26.117049,summer weekday,26.24
2023-07-24 01:00:00,25.988350500000003,summer weekday,26.24
2023-07-24 02:00:00,26.365699500000005,summer weekday,26.24
2023-07-24 03:00:00,26.37569550000001,summer weekday,26.24
2023-07-24 04:00:00,28.252444500000006,summer weekday,30.09
2023-07-24 05:00:00,30.186670500000005,summer weekday,30.09
2023-07-24 06:00:00,31.6086015,summer weekday,30.09
2023-07-24 07:00:00,31.747296,summer weekday,30.09
2023-07-24 08:00:00,30.487800000000004,summer weekday,30.09
2023-07-24 09:00:00,29.855553000000008,summer weekday,30.09
2023-07-24 10:00:00,29.190819000000005,summer weekday,30.09
2023-07-24 11:00:00,28.294927500000007,summer weekday,30.09
2023-07-24 12:00:00,27.562720500000005,summer weekday,26.24
2023-07-24 13:00:00,26.735551500000003,summer weekday,26.24
2023-07-24 14:00:00,25.773436500000003,summer weekday,26.24
2023-07-24 15:00:00,25.3311135,summer weekday,26.24
2023-07-24 16:00:00,26.996697000000005,summer weekday,26.24
2023-07-24 17:00:00,29.573166000000004,summer weekday,30.09
2023-07-24 18:00:00,30.732702000000003,summer weekday,30.09
2023-07-24 19:00:00,32.169627000000006,summer weekday,30.09
2023-07-24 20:00:00,31.6111005,summer weekday,30.09
2023-07-24 21:00:00,30.234151500000007,summer weekday,30.09
2023-07-24 22:00:00,30.116698500000005,summer weekday,30.09
2023-07-24 23:00:00,29.363250000000004,summer weekday,30.09
2023-07-25 00:00:00,28.182472500000003,summer weekday,30.09
2023-07-25 01:00:00,27.982552500000008,summer weekday,26.24
2023-07-25 02:00:00,28.217458500000003,summer weekday,30.09
2023-07-25 03:00:00,28.372396500000004,summer weekday,30.09
2023-07-25 04:00:00,29.5494255,summer weekday,30.09
2023-07-25 05:00:00,31.618597500000003,summer weekday,30.09
2023-07-25 06:00:00,36.1667775,summer weekday,34.79
2023-07-25 07:00:00,36.347955000000006,summer weekday,34.79
2023-07-25 08:00:00,31.579863000000003,summer weekday,30.09
2023-07-25 09:00:00,30.19416750000001,summer weekday,30.09
2023-07-25 10:00:00,29.97800400000001,summer weekday,30.09
2023-07-25 11:00:00,29.646886500000004,summer weekday,30.09
2023-07-25 12:00:00,28.628544000000005,summer weekday,30.09
2023-07-25 13:00:00,28.311171000000005,summer weekday,30.09
2023-07-25 14:00:00,28.473606,summer weekday,30.09
2023-07-25 15:00:00,28.628544000000005,summer weekday,30.09
2023-07-25 16:00:00,28.9521645,summer weekday,30.09
2023-07-25 17:00:00,31.363699500000006,summer weekday,30.09
2023-07-25 18:00:00,32.734401000000005,summer weekday,34.79
2023-07-25 19:00:00,32.242098000000006,summer weekday,30.09
2023-07-25 20:00:00,31.930972500000003,summer weekday,30.09
2023-07-25 21:00:00,31.031332500000005,summer weekday,30.09
2023-07-25 22:00:00,29.675625000000004,summer weekday,30.09
2023-07-25 23:00:00,29.608152000000004,summer weekday,30.09
2023-07-26 00:00:00,28.52733450000001,summer weekday,30.09
2023-07-26 01:00:00,28.146237000000006,summer weekday,26.24
2023-07-26 02:00:00,27.3203175,summer weekday,26.24
2023-07-26 03:00:00,27.319068000000005,summer weekday,26.24
2023-07-26 04:00:00,28.217458500000003,summer weekday,30.09
2023-07-26 05:00:00,30.08421150000001,summer weekday,30.09
2023-07-26 06:00:00,31.724805000000003,summer weekday,30.09
2023-07-26 07:00:00,32.455762500000006,summer weekday,34.79
2023-07-26 08:00:00,30.344107500000007,summer weekday,30.09
2023-07-26 09:00:00,29.323266000000007,summer weekday,30.09
2023-07-26 10:00:00,28.553574,summer weekday,30.09
2023-07-26 11:00:00,28.118748000000007,summer weekday,26.24
2023-07-26 12:00:00,27.192868500000003,summer weekday,26.24
2023-07-26 13:00:00,26.698066500000003,summer weekday,26.24
2023-07-26 14:00:00,26.04332850000001,summer weekday,26.24
2023-07-26 15:00:00,27.466509,summer weekday,26.24
2023-07-26 16:00:00,28.4848515,summer weekday,30.09
2023-07-26 17:00:00,29.87054700000001,summer weekday,30.09
2023-07-26 18:00:00,31.764789000000004,summer weekday,30.09
2023-07-26 19:00:00,32.434521000000004,summer weekday,30.09
2023-07-26 20:00:00,32.11714800000001,summer weekday,30.09
2023-07-26 21:00:00,31.141288500000005,summer weekday,30.09
2023-07-26 22:00:00,29.495697000000003,summer weekday,30.09
2023-07-26 23:00:00,29.658132000000005,summer weekday,30.09
2023-07-27 00:00:00,27.700165500000004,summer weekday,26.24
2023-07-27 01:00:00,26.86425,summer weekday,26.24
2023-07-27 02:00:00,26.246997000000004,summer weekday,26.24
2023-07-27 03:00:00,26.364450000000005,summer weekday,26.24
2023-07-27 04:00:00,27.424026000000005,summer weekday,26.24
2023-07-27 05:00:00,29.475705000000005,summer weekday,30.09
2023-07-27 06:00:00,30.310371000000004,summer weekday,30.09
2023-07-27 07:00:00,30.400335000000005,summer weekday,30.09
2023-07-27 08:00:00,29.753094000000004,summer weekday,30.09
2023-07-27 09:00:00,29.463210000000004,summer weekday,30.09
2023-07-27 10:00:00,28.726005000000004,summer weekday,30.09
2023-07-27 11:00:00,28.1699775,summer weekday,30.09
2023-07-27 12:00:00,27.36529950000001,summer weekday,26.24
2023-07-27 13:00:00,27.155383500000006,summer weekday,26.24
2023-07-27 14:00:00,27.5327325,summer weekday,26.24
2023-07-27 15:00:00,29.099605500000003,summer weekday,30.09
2023-07-27 16:00:00,30.770187000000007,summer weekday,30.09
2023-07-27 17:00:00,31.726054500000004,summer weekday,30.09
2023-07-27 18:00:00,31.9809525,summer weekday,30.09
2023-07-27 19:00:00,31.10880150000001,summer weekday,30.09
2023-07-27 20:00:00,30.877644000000004,summer weekday,30.09
2023-07-27 21:00:00,30.557772000000007,summer weekday,30.09
2023-07-27 22:00:00,29.723106000000005,summer weekday,30.09
2023-07-27 23:00:00,28.442368500000004,summer weekday,30.09
2023-07-28 00:00:00,27.312820500000008,summer weekday,26.24
2023-07-28 01:00:00,27.130393500000004,summer weekday,26.24
2023-07-28 02:00:00,27.264090000000003,summer weekday,26.24
2023-07-28 03:00:00,27.366549000000003,summer weekday,26.24
2023-07-28 04:00:00,28.554823500000005,summer weekday,30.09
2023-07-28 05:00:00,29.8742955,summer weekday,30.09
2023-07-28 06:00:00,31.252494,summer weekday,30.09
2023-07-28 07:00:00,31.486150500000004,summer weekday,30.09
2023-07-28 08:00:00,30.846406500000008,summer weekday,30.09
2023-07-28 09:00:00,29.80557300000001,summer weekday,30.09
2023-07-28 10:00:00,28.9884,summer weekday,30.09
2023-07-28 11:00:00,28.101255,summer weekday,26.24
2023-07-28 12:00:00,27.36405,summer weekday,26.24
2023-07-28 13:00:00,26.820517500000005,summer weekday,26.24
2023-07-28 14:00:00,26.876745000000003,summer weekday,26.24
2023-07-28 15:00:00,27.36405,summer weekday,26.24
2023-07-28 16:00:00,29.147086500000004,summer weekday,30.09
2023-07-28 17:00:00,30.311620500000004,summer weekday,30.09
2023-07-28 18:00:00,32.666928000000006,summer weekday,34.79
2023-07-28 19:00:00,33.61155,summer weekday,34.79
2023-07-28 20:00:00,32.584461000000005,summer weekday,34.79
2023-07-28 21:00:00,31.248745500000005,summer weekday,30.09
2023-07-28 22:00:00,30.05422350000001,summer weekday,30.09
2023-07-28 23:00:00,30.249145500000008,summer weekday,30.09
2023-07-29 00:00:00,29.173326000000003,summer weekend,30.93
2023-07-29 01:00:00,28.759741500000004,summer weekend,30.93
2023-07-29 02:00:00,28.07126700000001,summer weekend,26.54
2023-07-29 03:00:00,28.4848515,summer weekend,26.54
2023-07-29 04:00:00,28.242448500000005,summer weekend,26.54
2023-07-29 05:00:00,28.076265000000003,summer weekend,26.54
2023-07-29 06:00:00,28.3524045,summer weekend,26.54
2023-07-29 07:00:00,28.087510500000004,summer weekend,26.54
2023-07-29 08:00:00,27.577714500000003,summer weekend,26.54
2023-07-29 09:00:00,26.801775000000003,summer weekend,26.54
2023-07-29 10:00:00,25.333612500000005,summer weekend,26.54
2023-07-29 11:00:00,24.697617000000005,summer weekend,26.54
2023-07-29 12:00:00,22.426026000000004,summer weekend,18.94
2023-07-29 13:00:00,19.64214,summer weekend,18.94
2023-07-29 14:00:00,19.8258165,summer weekend,18.94
2023-07-29 15:00:00,23.513091000000003,summer weekend,26.54
2023-07-29 16:00:00,24.697617000000005,summer weekend,26.54
2023-07-29 17:00:00,27.306573000000004,summer weekend,26.54
2023-07-29 18:00:00,28.898436000000004,summer weekend,30.93
2023-07-29 19:00:00,29.854303500000007,summer weekend,30.93
2023-07-29 20:00:00,29.955513000000003,summer weekend,30.93
2023-07-29 21:00:00,29.854303500000007,summer weekend,30.93
2023-07-29 22:00:00,28.885941000000003,summer weekend,30.93
2023-07-29 23:00:00,27.92632500000001,summer weekend,26.54
2023-07-30 00:00:00,26.72680500000001,summer weekend,26.54
2023-07-30 01:00:00,25.84090950000001,summer weekend,26.54
2023-07-30 02:00:00,24.5889105,summer weekend,26.54
2023-07-30 03:00:00,23.815470000000005,summer weekend,26.54
2023-07-30 04:00:00,23.82796500000001,summer weekend,26.54
2023-07-30 05:00:00,23.283183,summer weekend,26.54
2023-07-30 06:00:00,21.9912,summer weekend,18.94
2023-07-30 07:00:00,21.094059,summer weekend,18.94
2023-07-30 08:00:00,18.427626,summer weekend,18.94
2023-07-30 09:00:00,17.366919499999998,summer weekend,18.94
2023-07-30 10:00:00,17.338656999999998,summer weekend,18.94
2023-07-30 11:00:00,15.4812455,summer weekend,18.94
2023-07-30 12:00:00,12.2887135,summer weekend,18.94
2023-07-30 13:00:00,12.0987895,summer weekend,18.94
2023-07-30 14:00:00,12.843789,summer weekend,18.94
2023-07-30 15:00:00,15.113832999999998,summer weekend,18.94
2023-07-30 16:00:00,17.255,summer weekend,18.94
2023-07-30 17:00:00,19.394739,summer weekend,18.94
2023-07-30 18:00:00,26.660581500000006,summer weekend,26.54
2023-07-30 19:00:00,27.9225765,summer weekend,26.54
2023-07-30 20:00:00,28.42112700000001,summer weekend,26.54
2023-07-30 21:00:00,28.246197,summer weekend,26.54
2023-07-30 22:00:00,26.1207975,summer weekend,26.54
2023-07-30 23:00:00,24.99374850000001,summer weekend,26.54
2023-07-31 00:00:00,23.6792745,summer weekday,26.24
2023-07-31 01:00:00,22.877095500000003,summer weekday,26.24
2023-07-31 02:00:00,21.154035,summer weekday,26.24
2023-07-31 03:00:00,20.9803545,summer weekday,26.24
2023-07-31 04:00:00,23.654284500000003,summer weekday,26.24
2023-07-31 05:00:00,27.136641000000004,summer weekday,26.24
2023-07-31 06:00:00,28.186221000000003,summer weekday,30.09
2023-07-31 07:00:00,28.383642000000005,summer weekday,30.09
2023-07-31 08:00:00,28.113750000000003,summer weekday,26.24
2023-07-31 09:00:00,26.634342,summer weekday,26.24
2023-07-31 10:00:00,25.800925500000005,summer weekday,26.24
2023-07-31 11:00:00,25.51229100000001,summer weekday,26.24
2023-07-31 12:00:00,24.821317500000006,summer weekday,26.24
2023-07-31 13:00:00,24.757593000000004,summer weekday,26.24
2023-07-31 14:00:00,24.857553000000003,summer weekday,26.24
2023-07-31 15:00:00,25.822167000000004,summer weekday,26.24
2023-07-31 16:00:00,26.860501500000005,summer weekday,26.24
2023-07-31 17:00:00,28.573566000000007,summer weekday,30.09
2023-07-31 18:00:00,29.6393895,summer weekday,30.09
2023-07-31 19:00:00,29.859301500000004,summer weekday,30.09
2023-07-31 20:00:00,29.7693375,summer weekday,30.09
2023-07-31 21:00:00,29.270787,summer weekday,30.09
2023-07-31 22:00:00,28.3174185,summer weekday,30.09
2023-07-31 23:00:00,25.865899500000005,summer weekday,26.24
2023-08-01 00:00:00,24.722607000000004,summer weekday,26.24
2023-08-01 01:00:00,24.597657000000005,summer weekday,26.24
2023-08-01 02:00:00,24.482703,summer weekday,26.24
2023-08-01 03:00:00,24.60265500000001,summer weekday,26.24
2023-08-01 04:00:00,25.28988,summer weekday,26.24
2023-08-01 05:00:00,28.838460000000005,summer weekday,30.09
2023-08-01 06:00:00,29.16832800000001,summer weekday,30.09
2023-08-01 07:00:00,29.738100000000006,summer weekday,30.09
2023-08-01 08:00:00,28.887190500000003,summer weekday,30.09
2023-08-01 09:00:00,28.953414,summer weekday,30.09
2023-08-01 10:00:00,28.2724365,summer weekday,30.09
2023-08-01 11:00:00,27.266589000000003,summer weekday,26.24
2023-08-01 12:00:00,26.104554000000004,summer weekday,26.24
2023-08-01 13:00:00,24.880044,summer weekday,26.24
2023-08-01 14:00:00,24.523936500000005,summer weekday,26.24
2023-08-01 15:00:00,24.485202000000005,summer weekday,26.24
2023-08-01 16:00:00,25.927125000000004,summer weekday,26.24
2023-08-01 17:00:00,27.581463000000007,summer weekday,26.24
2023-08-01 18:00:00,29.369497500000005,summer weekday,30.09
2023-08-01 19:00:00,30.9663585,summer weekday,30.09
2023-08-01 20:00:00,31.354953000000005,summer weekday,30.09
2023-08-01 21:00:00,30.1816725,summer weekday,30.09
2023-08-01 22:00:00,28.960911000000003,summer weekday,30.09
2023-08-01 23:00:00,28.536081000000003,summer weekday,30.09
2023-08-02 00:00:00,27.056673000000004,summer weekday,26.24
2023-08-02 01:00:00,26.067069000000004,summer weekday,26.24
2023-08-02 02:00:00,25.7484465,summer weekday,26.24
2023-08-02 03:00:00,26.143288500000008,summer weekday,26.24
2023-08-02 04:00:00,28.258692000000003,summer weekday,30.09
2023-08-02 05:00:00,30.314119500000004,summer weekday,30.09
2023-08-02 06:00:00,31.357452,summer weekday,30.09
2023-08-02 07:00:00,29.65938150000001,summer weekday,30.09
2023-08-02 08:00:00,28.536081000000003,summer weekday,30.09
2023-08-02 09:00:00,27.2478465,summer weekday,26.24
2023-08-02 10:00:00,25.427325000000003,summer weekday,26.24
2023-08-02 11:00:00,23.867949000000007,summer weekday,26.24
2023-08-02 12:00:00,21.501396,summer weekday,26.24
2023-08-02 13:00:00,20.476806,summer weekday,26.24
2023-08-02 14:00:00,20.021988,summer weekday,26.24
2023-08-02 15:00:00,21.0103425,summer weekday,26.24
2023-08-02 16:00:00,23.93542200000001,summer weekday,26.24
2023-08-02 17:00:00,26.022087000000003,summer weekday,26.24
2023-08-02 18:00:00,27.853854000000005,summer weekday,26.24
2023-08-02 19:00:00,27.597706500000005,summer weekday,26.24
2023-08-02 20:00:00,27.210361500000005,summer weekday,26.24
2023-08-02 21:00:00,25.577265000000004,summer weekday,26.24
2023-08-02 22:00:00,22.1873715,summer weekday,26.24
2023-08-02 23:00:00,19.8633015,summer weekday,26.24
2023-08-03 00:00:00,18.5563245,summer weekday,26.24
2023-08-03 01:00:00,17.797877999999997,summer weekday,26.24
2023-08-03 02:00:00,18.0690195,summer weekday,26.24
2023-08-03 03:00:00,18.26769,summer weekday,26.24
2023-08-03 04:00:00,20.46681,summer weekday,26.24
2023-08-03 05:00:00,23.288181000000005,summer weekday,26.24
2023-08-03 06:00:00,25.23990000000001,summer weekday,26.24
2023-08-03 07:00:00,26.114550000000005,summer weekday,26.24
2023-08-03 08:00:00,24.727605,summer weekday,26.24
2023-08-03 09:00:00,23.04702750000001,summer weekday,26.24
2023-08-03 10:00:00,21.681324,summer weekday,26.24
2023-08-03 11:00:00,20.7429495,summer weekday,26.24
2023-08-03 12:00:00,20.0232375,summer weekday,26.24
2023-08-03 13:00:00,19.5459285,summer weekday,26.24
2023-08-03 14:00:00,19.579665,summer weekday,26.24
2023-08-03 15:00:00,20.109453,summer weekday,26.24
2023-08-03 16:00:00,22.992049500000004,summer weekday,26.24
2023-08-03 17:00:00,27.336561000000003,summer weekday,26.24
2023-08-03 18:00:00,29.270787,summer weekday,30.09
2023-08-03 19:00:00,29.43822,summer weekday,30.09
2023-08-03 20:00:00,29.464459500000004,summer weekday,30.09
2023-08-03 21:00:00,29.160831,summer weekday,30.09
2023-08-03 22:00:00,28.238700000000005,summer weekday,30.09
2023-08-03 23:00:00,28.631043,summer weekday,30.09
2023-08-04 00:00:00,27.845107500000005,summer weekday,26.24
2023-08-04 01:00:00,27.479004000000003,summer weekday,26.24
2023-08-04 02:00:00,27.270337500000004,summer weekday,26.24
2023-08-04 03:00:00,27.7101615,summer weekday,26.24
2023-08-04 04:00:00,28.38614100000001,summer weekday,30.09
2023-08-04 05:00:00,30.947616000000004,summer weekday,30.09
2023-08-04 06:00:00,32.83186200000001,summer weekday,34.79
2023-08-04 07:00:00,32.445766500000005,summer weekday,34.79
2023-08-04 08:00:00,30.496546500000004,summer weekday,30.09
2023-08-04 09:00:00,29.258292000000004,summer weekday,30.09
2023-08-04 10:00:00,28.698516000000005,summer weekday,30.09
2023-08-04 11:00:00,28.228704000000004,summer weekday,30.09
2023-08-04 12:00:00,27.4652595,summer weekday,26.24
2023-08-04 13:00:00,27.094158000000004,summer weekday,26.24
2023-08-04 14:00:00,26.999196000000005,summer weekday,26.24
2023-08-04 15:00:00,27.725155500000007,summer weekday,26.24
2023-08-04 16:00:00,29.24329800000001,summer weekday,30.09
2023-08-04 17:00:00,30.29537700000001,summer weekday,30.09
2023-08-04 18:00:00,34.218807000000005,summer weekday,34.79
2023-08-04 19:00:00,34.83606,summer weekday,34.79
2023-08-04 20:00:00,33.4803525,summer weekday,34.79
2023-08-04 21:00:00,31.237500000000004,summer weekday,30.09
2023-08-04 22:00:00,29.674375500000004,summer weekday,30.09
2023-08-04 23:00:00,30.056722500000003,summer weekday,30.09
2023-08-05 00:00:00,29.225805,summer weekend,30.93
2023-08-05 01:00:00,28.935921,summer weekend,30.93
2023-08-05 02:00:00,28.651035000000007,summer weekend,26.54
2023-08-05 03:00:00,28.643538000000003,summer weekend,26.54
2023-08-05 04:00:00,28.681023000000003,summer weekend,26.54
2023-08-05 05:00:00,29.200815,summer weekend,30.93
2023-08-05 06:00:00,28.99214850000001,summer weekend,30.93
2023-08-05 07:00:00,29.012140500000005,summer weekend,30.93
2023-08-05 08:00:00,28.488600000000005,summer weekend,26.54
2023-08-05 09:00:00,27.376545000000004,summer weekend,26.54
2023-08-05 10:00:00,26.76179100000001,summer weekend,26.54
2023-08-05 11:00:00,25.491049500000003,summer weekend,26.54
2023-08-05 12:00:00,24.728854500000004,summer weekend,26.54
2023-08-05 13:00:00,24.620148000000004,summer weekend,26.54
2023-08-05 14:00:00,25.59600750000001,summer weekend,26.54
2023-08-05 15:00:00,27.33031350000001,summer weekend,26.54
2023-08-05 16:00:00,29.758092000000005,summer weekend,30.93
2023-08-05 17:00:00,30.815169,summer weekend,30.93
2023-08-05 18:00:00,32.749395,summer weekend,30.93
2023-08-05 19:00:00,33.4853505,summer weekend,30.93
2023-08-05 20:00:00,31.016338500000003,summer weekend,30.93
2023-08-05 21:00:00,29.748096000000004,summer weekend,30.93
2023-08-05 22:00:00,28.28118300000001,summer weekend,26.54
2023-08-05 23:00:00,28.501095000000007,summer weekend,26.54
2023-08-06 00:00:00,28.374895500000004,summer weekend,26.54
2023-08-06 01:00:00,27.2478465,summer weekend,26.54
2023-08-06 02:00:00,27.249096000000005,summer weekend,26.54
2023-08-06 03:00:00,26.746797000000004,summer weekend,26.54
2023-08-06 04:00:00,27.863850000000003,summer weekend,26.54
2023-08-06 05:00:00,26.751795,summer weekend,26.54
2023-08-06 06:00:00,25.940869500000005,summer weekend,26.54
2023-08-06 07:00:00,25.797177000000005,summer weekend,26.54
2023-08-06 08:00:00,25.003744500000003,summer weekend,26.54
2023-08-06 09:00:00,23.5018455,summer weekend,26.54
2023-08-06 10:00:00,22.847107500000003,summer weekend,26.54
2023-08-06 11:00:00,21.606354,summer weekend,18.94
2023-08-06 12:00:00,18.8761965,summer weekend,18.94
2023-08-06 13:00:00,18.862452,summer weekend,18.94
2023-08-06 14:00:00,18.5038455,summer weekend,18.94
2023-08-06 15:00:00,18.879945,summer weekend,18.94
2023-08-06 16:00:00,21.7625415,summer weekend,18.94
2023-08-06 17:00:00,25.118698500000004,summer weekend,26.54
2023-08-06 18:00:00,26.44066950000001,summer weekend,26.54
2023-08-06 19:00:00,26.97045750000001,summer weekend,26.54
2023-08-06 20:00:00,27.00794250000001,summer weekend,26.54
2023-08-06 21:00:00,26.346957000000003,summer weekend,26.54
2023-08-06 22:00:00,24.290280000000003,summer weekend,26.54
2023-08-06 23:00:00,24.16533,summer weekend,26.54
2023-08-07 00:00:00,23.3119215,summer weekday,26.24
2023-08-07 01:00:00,21.2202585,summer weekday,26.24
2023-08-07 02:00:00,18.2439495,summer weekday,26.24
2023-08-07 03:00:00,17.8116225,summer weekday,26.24
2023-08-07 04:00:00,17.3717985,summer weekday,26.24
2023-08-07 05:00:00,25.654734,summer weekday,26.24
2023-08-07 06:00:00,26.536881000000005,summer weekday,26.24
2023-08-07 07:00:00,25.507293,summer weekday,26.24
2023-08-07 08:00:00,22.983303000000003,summer weekday,26.24
2023-08-07 09:00:00,17.914081499999998,summer weekday,26.24
2023-08-07 10:00:00,17.493,summer weekday,26.24
2023-08-07 11:00:00,17.366919499999998,summer weekday,26.24
2023-08-07 12:00:00,17.276479499999997,summer weekday,26.24
2023-08-07 13:00:00,16.8808045,summer weekday,26.24
2023-08-07 14:00:00,16.238680499999997,summer weekday,26.24
2023-08-07 15:00:00,16.879673999999998,summer weekday,26.24
2023-08-07 16:00:00,17.363528,summer weekday,26.24
2023-08-07 17:00:00,17.388042,summer weekday,26.24
2023-08-07 18:00:00,19.0786155,summer weekday,26.24
2023-08-07 19:00:00,21.2052645,summer weekday,26.24
2023-08-07 20:00:00,22.594708500000003,summer weekday,26.24
2023-08-07 21:00:00,17.501746499999996,summer weekday,26.24
2023-08-07 22:00:00,17.360136499999996,summer weekday,26.24
2023-08-07 23:00:00,16.884196,summer weekday,26.24
2023-08-08 00:00:00,16.6863585,summer weekday,26.24
2023-08-08 01:00:00,16.66714,summer weekday,26.24
2023-08-08 02:00:00,16.698793999999996,summer weekday,26.24
2023-08-08 03:00:00,16.945242999999998,summer weekday,26.24
2023-08-08 04:00:00,17.1317755,summer weekday,26.24
2023-08-08 05:00:00,17.379295499999998,summer weekday,26.24
2023-08-08 06:00:00,19.157334,summer weekday,26.24
2023-08-08 07:00:00,17.3578755,summer weekday,26.24
2023-08-08 08:00:00,17.062815,summer weekday,26.24
2023-08-08 09:00:00,16.6027015,summer weekday,26.24
2023-08-08 10:00:00,15.878051,summer weekday,26.24
2023-08-08 11:00:00,15.5897735,summer weekday,26.24
2023-08-08 12:00:00,15.0968755,summer weekday,26.24
2023-08-08 13:00:00,14.906951499999998,summer weekday,26.24
2023-08-08 14:00:00,15.547945,summer weekday,26.24
2023-08-08 15:00:00,16.361905,summer weekday,26.24
2023-08-08 16:00:00,17.275349,summer weekday,26.24
2023-08-08 17:00:00,17.501746499999996,summer weekday,26.24
2023-08-08 18:00:00,28.3124205,summer weekday,30.09
2023-08-08 19:00:00,27.85885200000001,summer weekday,26.24
2023-08-08 20:00:00,28.511091000000004,summer weekday,30.09
2023-08-08 21:00:00,28.3124205,summer weekday,30.09
2023-08-08 22:00:00,24.862551000000003,summer weekday,26.24
2023-08-08 23:00:00,27.351555000000005,summer weekday,26.24
2023-08-09 00:00:00,26.384442000000004,summer weekday,26.24
2023-08-09 01:00:00,26.118298500000005,summer weekday,26.24
2023-08-09 02:00:00,25.84090950000001,summer weekday,26.24
2023-08-09 03:00:00,26.629344000000003,summer weekday,26.24
2023-08-09 04:00:00,27.85760250000001,summer weekday,26.24
2023-08-09 05:00:00,29.633142000000003,summer weekday,30.09
2023-08-09 06:00:00,30.575265,summer weekday,30.09
2023-08-09 07:00:00,30.667728000000004,summer weekday,30.09
2023-08-09 08:00:00,29.819317500000004,summer weekday,30.09
2023-08-09 09:00:00,28.4848515,summer weekday,30.09
2023-08-09 10:00:00,27.5702175,summer weekday,26.24
2023-08-09 11:00:00,25.192419000000005,summer weekday,26.24
2023-08-09 12:00:00,25.053724500000005,summer weekday,26.24
2023-08-09 13:00:00,22.618449000000005,summer weekday,26.24
2023-08-09 14:00:00,24.551425500000004,summer weekday,26.24
2023-08-09 15:00:00,25.827165000000004,summer weekday,26.24
2023-08-09 16:00:00,28.363650000000003,summer weekday,30.09
2023-08-09 17:00:00,29.7943275,summer weekday,30.09
2023-08-09 18:00:00,32.225854500000004,summer weekday,30.09
2023-08-09 19:00:00,34.74609600000001,summer weekday,34.79
2023-08-09 20:00:00,33.81396900000001,summer weekday,34.79
2023-08-09 21:00:00,32.670676500000006,summer weekday,34.79
2023-08-09 22:00:00,29.98300200000001,summer weekday,30.09
2023-08-09 23:00:00,29.396986500000004,summer weekday,30.09
2023-08-10 00:00:00,28.862200500000007,summer weekday,30.09
2023-08-10 01:00:00,28.507342500000004,summer weekday,30.09
2023-08-10 02:00:00,27.361551,summer weekday,26.24
2023-08-10 03:00:00,28.466109000000007,summer weekday,30.09
2023-08-10 04:00:00,28.9884,summer weekday,30.09
2023-08-10 05:00:00,34.145086500000005,summer weekday,34.79
2023-08-10 06:00:00,41.4346695,summer weekday,34.79
2023-08-10 07:00:00,31.1387895,summer weekday,30.09
2023-08-10 08:00:00,29.475705000000005,summer weekday,30.09
2023-08-10 09:00:00,27.6376905,summer weekday,26.24
2023-08-10 10:00:00,25.744698000000003,summer weekday,26.24
2023-08-10 11:00:00,25.745947500000003,summer weekday,26.24
2023-08-10 12:00:00,22.2498465,summer weekday,26.24
2023-08-10 13:00:00,22.980804000000006,summer weekday,26.24
2023-08-10 14:00:00,25.561021500000003,summer weekday,26.24
2023-08-10 15:00:00,27.36529950000001,summer weekday,26.24
2023-08-10 16:00:00,29.035881000000007,summer weekday,30.09
2023-08-10 17:00:00,30.222906000000005,summer weekday,30.09
2023-08-10 18:00:00,38.829462,summer weekday,34.79
2023-08-10 19:00:00,42.83286,summer weekday,34.79
2023-08-10 20:00:00,35.422075500000005,summer weekday,34.79
2023-08-10 21:00:00,31.798525500000004,summer weekday,30.09
2023-08-10 22:00:00,30.024235500000007,summer weekday,30.09
2023-08-10 23:00:00,31.276234500000005,summer weekday,30.09
2023-08-11 00:00:00,30.661480500000003,summer weekday,30.09
2023-08-11 01:00:00,30.459061500000004,summer weekday,30.09
2023-08-11 02:00:00,29.831812500000005,summer weekday,30.09
2023-08-11 03:00:00,30.149185500000005,summer weekday,30.09
2023-08-11 04:00:00,30.712710000000005,summer weekday,30.09
2023-08-11 05:00:00,35.272135500000005,summer weekday,34.79
2023-08-11 06:00:00,35.272135500000005,summer weekday,34.79
2023-08-11 07:00:00,31.7460465,summer weekday,30.09
2023-08-11 08:00:00,29.888040000000004,summer weekday,30.09
2023-08-11 09:00:00,27.9275745,summer weekday,26.24
2023-08-11 10:00:00,26.575615500000005,summer weekday,26.24
2023-08-11 11:00:00,22.543479000000005,summer weekday,26.24
2023-08-11 12:00:00,21.1402905,summer weekday,26.24
2023-08-11 13:00:00,21.392689500000003,summer weekday,26.24
2023-08-11 14:00:00,24.616399500000004,summer weekday,26.24
2023-08-11 15:00:00,27.936321000000007,summer weekday,26.24
2023-08-11 16:00:00,29.610651,summer weekday,30.09
2023-08-11 17:00:00,31.459911000000005,summer weekday,30.09
2023-08-11 18:00:00,34.9622595,summer weekday,34.79
2023-08-11 19:00:00,38.19221700000001,summer weekday,34.79
2023-08-11 20:00:00,33.9864,summer weekday,34.79
2023-08-11 21:00:00,32.097156000000005,summer weekday,30.09
2023-08-11 22:00:00,30.335361,summer weekday,30.09
2023-08-11 23:00:00,30.305373000000007,summer weekday,30.09
2023-08-12 00:00:00,29.63814,summer weekend,30.93
2023-08-12 01:00:00,29.575665000000004,summer weekend,30.93
2023-08-12 02:00:00,29.353254000000007,summer weekend,30.93
2023-08-12 03:00:00,29.102104500000006,summer weekend,30.93
2023-08-12 04:00:00,29.728104,summer weekend,30.93
2023-08-12 05:00:00,29.299525500000005,summer weekend,30.93
2023-08-12 06:00:00,29.86305,summer weekend,30.93
2023-08-12 07:00:00,29.80557300000001,summer weekend,30.93
2023-08-12 08:00:00,28.301175,summer weekend,26.54
2023-08-12 09:00:00,26.895487500000005,summer weekend,26.54
2023-08-12 10:00:00,25.747197000000007,summer weekend,26.54
2023-08-12 11:00:00,23.820468,summer weekend,26.54
2023-08-12 12:00:00,20.4305745,summer weekend,18.94
2023-08-12 13:00:00,18.11775,summer weekend,18.94
2023-08-12 14:00:00,18.232704,summer weekend,18.94
2023-08-12 15:00:00,19.91703,summer weekend,18.94
2023-08-12 16:00:00,25.812171000000003,summer weekend,26.54
2023-08-12 17:00:00,28.930923000000003,summer weekend,30.93
2023-08-12 18:00:00,30.671476500000004,summer weekend,30.93
2023-08-12 19:00:00,31.257492000000003,summer weekend,30.93
2023-08-12 20:00:00,31.397436000000003,summer weekend,30.93
2023-08-12 21:00:00,30.868897500000003,summer weekend,30.93
2023-08-12 22:00:00,30.070467000000004,summer weekend,30.93
2023-08-12 23:00:00,28.626045000000005,summer weekend,26.54
2023-08-13 00:00:00,27.938820000000003,summer weekend,26.54
2023-08-13 01:00:00,27.21411,summer weekend,26.54
2023-08-13 02:00:00,26.072067000000004,summer weekend,26.54
2023-08-13 03:00:00,25.989600000000006,summer weekend,26.54
2023-08-13 04:00:00,26.366949,summer weekend,26.54
2023-08-13 05:00:00,27.075415500000005,summer weekend,26.54
2023-08-13 06:00:00,26.956713000000008,summer weekend,26.54
2023-08-13 07:00:00,26.215759500000008,summer weekend,26.54
2023-08-13 08:00:00,23.664280500000004,summer weekend,26.54
2023-08-13 09:00:00,20.8928895,summer weekend,18.94
2023-08-13 10:00:00,19.1335935,summer weekend,18.94
2023-08-13 11:00:00,18.1015065,summer weekend,18.94
2023-08-13 12:00:00,17.500497,summer weekend,18.94
2023-08-13 13:00:00,17.550477,summer weekend,18.94
2023-08-13 14:00:00,18.212712,summer weekend,18.94
2023-08-13 15:00:00,19.5484275,summer weekend,18.94
2023-08-13 16:00:00,26.446917000000003,summer weekend,26.54
2023-08-13 17:00:00,29.759341500000005,summer weekend,30.93
2023-08-13 18:00:00,30.883891500000004,summer weekend,30.93
2023-08-13 19:00:00,31.864749000000003,summer weekend,30.93
2023-08-13 20:00:00,32.36205,summer weekend,30.93
2023-08-13 21:00:00,32.380792500000005,summer weekend,30.93
2023-08-13 22:00:00,31.623595500000004,summer weekend,30.93
2023-08-13 23:00:00,29.614399500000005,summer weekend,30.93
2023-08-14 00:00:00,28.5673185,summer weekday,30.09
2023-08-14 01:00:00,27.92632500000001,summer weekday,26.24
2023-08-14 02:00:00,28.409881500000004,summer weekday,30.09
2023-08-14 03:00:00,29.189569500000005,summer weekday,30.09
2023-08-14 04:00:00,31.160031,summer weekday,30.09
2023-08-14 05:00:00,33.73525050000001,summer weekday,34.79
2023-08-14 06:00:00,35.219656500000006,summer weekday,34.79
2023-08-14 07:00:00,31.969707000000003,summer weekday,30.09
2023-08-14 08:00:00,29.746846500000004,summer weekday,30.09
2023-08-14 09:00:00,27.8226165,summer weekday,26.24
2023-08-14 10:00:00,27.027934500000004,summer weekday,26.24
2023-08-14 11:00:00,26.105803500000004,summer weekday,26.24
2023-08-14 12:00:00,25.324866000000004,summer weekday,26.24
2023-08-14 13:00:00,25.753444500000004,summer weekday,26.24
2023-08-14 14:00:00,26.626845000000007,summer weekday,26.24
2023-08-14 15:00:00,27.676425,summer weekday,26.24
2023-08-14 16:00:00,30.0742155,summer weekday,30.09
2023-08-14 17:00:00,32.84560650000001,summer weekday,34.79
2023-08-14 18:00:00,39.5829105,summer weekday,34.79
2023-08-14 19:00:00,37.49374650000001,summer weekday,34.79
2023-08-14 20:00:00,33.719007000000005,summer weekday,34.79
2023-08-14 21:00:00,31.236250500000004,summer weekday,30.09
2023-08-14 22:00:00,29.995497,summer weekday,30.09
2023-08-14 23:00:00,29.813070000000003,summer weekday,30.09
2023-08-15 00:00:00,28.944667500000005,summer weekday,30.09
2023-08-15 01:00:00,28.883442,summer weekday,30.09
2023-08-15 02:00:00,28.608552,summer weekday,30.09
2023-08-15 03:00:00,28.322416500000006,summer weekday,30.09
2023-08-15 04:00:00,28.9521645,summer weekday,30.09
2023-08-15 05:00:00,31.57236600000001,summer weekday,30.09
2023-08-15 06:00:00,34.23630000000001,summer weekday,34.79
2023-08-15 07:00:00,32.434521000000004,summer weekday,30.09
2023-08-15 08:00:00,29.200815,summer weekday,30.09
2023-08-15 09:00:00,27.3603015,summer weekday,26.24
2023-08-15 10:00:00,26.61185100000001,summer weekday,26.24
2023-08-15 11:00:00,25.157433,summer weekday,26.24
2023-08-15 12:00:00,21.239001,summer weekday,26.24
2023-08-15 13:00:00,20.309373,summer weekday,26.24
2023-08-15 14:00:00,23.097007500000004,summer weekday,26.24
2023-08-15 15:00:00,26.147037000000005,summer weekday,26.24
2023-08-15 16:00:00,29.365749000000008,summer weekday,30.09
2023-08-15 17:00:00,30.946366500000003,summer weekday,30.09
2023-08-15 18:00:00,33.119247,summer weekday,34.79
2023-08-15 19:00:00,35.18716950000001,summer weekday,34.79
2023-08-15 20:00:00,33.991398000000004,summer weekday,34.79
2023-08-15 21:00:00,33.04177800000001,summer weekday,34.79
2023-08-15 22:00:00,30.848905500000004,summer weekday,30.09
2023-08-15 23:00:00,30.712710000000005,summer weekday,30.09
2023-08-16 00:00:00,29.544427500000005,summer weekday,30.09
2023-08-16 01:00:00,29.035881000000007,summer weekday,30.09
2023-08-16 02:00:00,29.172076500000003,summer weekday,30.09
2023-08-16 03:00:00,29.488200000000003,summer weekday,30.09
2023-08-16 04:00:00,29.800575,summer weekday,30.09
2023-08-16 05:00:00,32.248345500000006,summer weekday,30.09
2023-08-16 06:00:00,35.6119995,summer weekday,34.79
2023-08-16 07:00:00,33.55907100000001,summer weekday,34.79
2023-08-16 08:00:00,31.051324500000003,summer weekday,30.09
2023-08-16 09:00:00,29.776834500000007,summer weekday,30.09
2023-08-16 10:00:00,29.16832800000001,summer weekday,30.09
2023-08-16 11:00:00,28.818468,summer weekday,30.09
2023-08-16 12:00:00,28.227454500000004,summer weekday,30.09
2023-08-16 13:00:00,28.592308500000005,summer weekday,30.09
2023-08-16 14:00:00,29.002144500000004,summer weekday,30.09
2023-08-16 15:00:00,29.514439500000005,summer weekday,30.09
2023-08-16 16:00:00,31.2112605,summer weekday,30.09
2023-08-16 17:00:00,33.763989,summer weekday,34.79
2023-08-16 18:00:00,36.872745,summer weekday,34.79
2023-08-16 19:00:00,37.3637985,summer weekday,34.79
2023-08-16 20:00:00,34.37374500000001,summer weekday,34.79
2023-08-16 21:00:00,32.349555,summer weekday,30.09
2023-08-16 22:00:00,29.8618005,summer weekday,30.09
2023-08-16 23:00:00,30.472806,summer weekday,30.09
2023-08-17 00:00:00,29.66063100000001,summer weekday,30.09
2023-08-17 01:00:00,29.606902500000004,summer weekday,30.09
2023-08-17 02:00:00,29.255793,summer weekday,30.09
2023-08-17 03:00:00,29.255793,summer weekday,30.09
2023-08-17 04:00:00,30.162930000000003,summer weekday,30.09
2023-08-17 05:00:00,34.201314,summer weekday,34.79
2023-08-17 06:00:00,34.41123,summer weekday,34.79
2023-08-17 07:00:00,34.1250945,summer weekday,34.79
2023-08-17 08:00:00,31.762290000000007,summer weekday,30.09
2023-08-17 09:00:00,30.2466465,summer weekday,30.09
2023-08-17 10:00:00,29.264539500000005,summer weekday,30.09
2023-08-17 11:00:00,28.815969000000003,summer weekday,30.09
2023-08-17 12:00:00,28.611051000000007,summer weekday,30.09
2023-08-17 13:00:00,28.611051000000007,summer weekday,30.09
2023-08-17 14:00:00,29.124595500000005,summer weekday,30.09
2023-08-17 15:00:00,29.86305,summer weekday,30.09
2023-08-17 16:00:00,31.543627500000007,summer weekday,30.09
2023-08-17 17:00:00,33.851454000000004,summer weekday,34.79
2023-08-17 18:00:00,36.1892685,summer weekday,34.79
2023-08-17 19:00:00,35.563269000000005,summer weekday,34.79
2023-08-17 20:00:00,33.471606,summer weekday,34.79
2023-08-17 21:00:00,31.9409685,summer weekday,30.09
2023-08-17 22:00:00,30.775185000000004,summer weekday,30.09
2023-08-17 23:00:00,30.499045500000005,summer weekday,30.09
2023-08-18 00:00:00,30.08296200000001,summer weekday,30.09
2023-08-18 01:00:00,29.991748500000003,summer weekday,30.09
2023-08-18 02:00:00,30.2591415,summer weekday,30.09
2023-08-18 03:00:00,30.111700500000005,summer weekday,30.09
2023-08-18 04:00:00,30.414079500000003,summer weekday,30.09
2023-08-18 05:00:00,32.46201000000001,summer weekday,34.79
2023-08-18 06:00:00,34.93976850000001,summer weekday,34.79
2023-08-18 07:00:00,32.668177500000006,summer weekday,34.79
2023-08-18 08:00:00,30.718957500000005,summer weekday,30.09
2023-08-18 09:00:00,29.3445075,summer weekday,30.09
2023-08-18 10:00:00,28.49484750000001,summer weekday,30.09
2023-08-18 11:00:00,28.148736000000007,summer weekday,26.24
2023-08-18 12:00:00,27.72015750000001,summer weekday,26.24
2023-08-18 13:00:00,27.883842000000005,summer weekday,26.24
2023-08-18 14:00:00,28.509841500000004,summer weekday,30.09
2023-08-18 15:00:00,29.282032500000003,summer weekday,30.09
2023-08-18 16:00:00,30.895137,summer weekday,30.09
2023-08-18 17:00:00,33.361650000000004,summer weekday,34.79
2023-08-18 18:00:00,37.532481,summer weekday,34.79
2023-08-18 19:00:00,36.14053800000001,summer weekday,34.79
2023-08-18 20:00:00,33.295426500000005,summer weekday,34.79
2023-08-18 21:00:00,31.023835500000004,summer weekday,30.09
2023-08-18 22:00:00,29.891788500000004,summer weekday,30.09
2023-08-18 23:00:00,29.763090000000005,summer weekday,30.09
2023-08-19 00:00:00,29.348256,summer weekend,30.93
2023-08-19 01:00:00,29.16333000000001,summer weekend,30.93
2023-08-19 02:00:00,29.068368000000007,summer weekend,30.93
2023-08-19 03:00:00,29.350755000000003,summer weekend,30.93
2023-08-19 04:00:00,29.350755000000003,summer weekend,30.93
2023-08-19 05:00:00,29.850555000000007,summer weekend,30.93
2023-08-19 06:00:00,28.639789500000006,summer weekend,26.54
2023-08-19 07:00:00,27.741399000000005,summer weekend,26.54
2023-08-19 08:00:00,27.285331500000005,summer weekend,26.54
2023-08-19 09:00:00,26.039580000000004,summer weekend,26.54
2023-08-19 10:00:00,22.594708500000003,summer weekend,18.94
2023-08-19 11:00:00,20.5480275,summer weekend,18.94
2023-08-19 12:00:00,19.224807,summer weekend,18.94
2023-08-19 13:00:00,18.9411705,summer weekend,18.94
2023-08-19 14:00:00,20.4930495,summer weekend,18.94
2023-08-19 15:00:00,26.666829000000007,summer weekend,26.54
2023-08-19 16:00:00,29.919277500000003,summer weekend,30.93
2023-08-19 17:00:00,31.794777000000003,summer weekend,30.93
2023-08-19 18:00:00,33.6302925,summer weekend,30.93
2023-08-19 19:00:00,33.510340500000005,summer weekend,30.93
2023-08-19 20:00:00,33.927673500000004,summer weekend,30.93
2023-08-19 21:00:00,32.8256145,summer weekend,30.93
2023-08-19 22:00:00,31.42992300000001,summer weekend,30.93
2023-08-19 23:00:00,31.6111005,summer weekend,30.93
2023-08-20 00:00:00,31.18627050000001,summer weekend,30.93
2023-08-20 01:00:00,30.5090415,summer weekend,30.93
2023-08-20 02:00:00,30.490299000000004,summer weekend,30.93
2023-08-20 03:00:00,30.239149500000007,summer weekend,30.93
2023-08-20 04:00:00,30.43906950000001,summer weekend,30.93
2023-08-20 05:00:00,30.452814000000004,summer weekend,30.93
2023-08-20 06:00:00,29.8243155,summer weekend,30.93
2023-08-20 07:00:00,29.736850500000006,summer weekend,30.93
2023-08-20 08:00:00,28.191219000000004,summer weekend,26.54
2023-08-20 09:00:00,26.528134500000007,summer weekend,26.54
2023-08-20 10:00:00,22.86585,summer weekend,26.54
2023-08-20 11:00:00,19.7708385,summer weekend,18.94
2023-08-20 12:00:00,19.0236375,summer weekend,18.94
2023-08-20 13:00:00,19.097358,summer weekend,18.94
2023-08-20 14:00:00,21.5926095,summer weekend,18.94
2023-08-20 15:00:00,27.236601000000004,summer weekend,26.54
2023-08-20 16:00:00,29.250795000000004,summer weekend,30.93
2023-08-20 17:00:00,31.362450000000003,summer weekend,30.93
2023-08-20 18:00:00,33.46161,summer weekend,30.93
2023-08-20 19:00:00,34.861050000000006,summer weekend,30.93
2023-08-20 20:00:00,34.803573,summer weekend,30.93
2023-08-20 21:00:00,33.2004645,summer weekend,30.93
2023-08-20 22:00:00,31.3562025,summer weekend,30.93
2023-08-20 23:00:00,31.3562025,summer weekend,30.93
2023-08-21 00:00:00,30.071716500000004,summer weekday,30.09
2023-08-21 01:00:00,29.701864500000003,summer weekday,30.09
2023-08-21 02:00:00,29.247046500000007,summer weekday,30.09
2023-08-21 03:00:00,29.5769145,summer weekday,30.09
2023-08-21 04:00:00,30.640239000000005,summer weekday,30.09
2023-08-21 05:00:00,34.716108000000006,summer weekday,34.79
2023-08-21 06:00:00,37.476253500000006,summer weekday,34.79
2023-08-21 07:00:00,34.5199365,summer weekday,34.79
2023-08-21 08:00:00,31.753543500000003,summer weekday,30.09
2023-08-21 09:00:00,30.36784800000001,summer weekday,30.09
2023-08-21 10:00:00,29.459461500000007,summer weekday,30.09
2023-08-21 11:00:00,28.943418000000005,summer weekday,30.09
2023-08-21 12:00:00,28.608552,summer weekday,30.09
2023-08-21 13:00:00,29.250795000000004,summer weekday,30.09
2023-08-21 14:00:00,29.3095215,summer weekday,30.09
2023-08-21 15:00:00,29.86305,summer weekday,30.09
2023-08-21 16:00:00,32.19586650000001,summer weekday,30.09
2023-08-21 17:00:00,35.208411000000005,summer weekday,34.79
2023-08-21 18:00:00,40.6999635,summer weekday,34.79
2023-08-21 19:00:00,42.78912749999999,summer weekday,34.79
2023-08-21 20:00:00,38.1534825,summer weekday,34.79
2023-08-21 21:00:00,34.3624995,summer weekday,34.79
2023-08-21 22:00:00,31.737300000000005,summer weekday,30.09
2023-08-21 23:00:00,31.5736155,summer weekday,30.09
2023-08-22 00:00:00,30.480303000000006,summer weekday,30.09
2023-08-22 01:00:00,30.2966265,summer weekday,30.09
2023-08-22 02:00:00,30.314119500000004,summer weekday,30.09
2023-08-22 03:00:00,30.64898550000001,summer weekday,30.09
2023-08-22 04:00:00,31.426174500000005,summer weekday,30.09
2023-08-22 05:00:00,34.424974500000005,summer weekday,34.79
2023-08-22 06:00:00,36.2192565,summer weekday,34.79
2023-08-22 07:00:00,34.4799525,summer weekday,34.79
2023-08-22 08:00:00,31.851004500000005,summer weekday,30.09
2023-08-22 09:00:00,30.162930000000003,summer weekday,30.09
2023-08-22 10:00:00,29.821816500000004,summer weekday,30.09
2023-08-22 11:00:00,29.0596215,summer weekday,30.09
2023-08-22 12:00:00,28.935921,summer weekday,30.09
2023-08-22 13:00:00,28.91842800000001,summer weekday,30.09
2023-08-22 14:00:00,29.508192000000005,summer weekday,30.09
2023-08-22 15:00:00,29.856802500000004,summer weekday,30.09
2023-08-22 16:00:00,30.980103000000007,summer weekday,30.09
2023-08-22 17:00:00,35.50829100000001,summer weekday,34.79
2023-08-22 18:00:00,41.4621585,summer weekday,34.79
2023-08-22 19:00:00,43.167726,summer weekday,34.79
2023-08-22 20:00:00,38.14723500000001,summer weekday,34.79
2023-08-22 21:00:00,35.58576000000001,summer weekday,34.79
2023-08-22 22:00:00,33.31167000000001,summer weekday,34.79
2023-08-22 23:00:00,32.8481055,summer weekday,34.79
2023-08-23 00:00:00,31.446166500000004,summer weekday,30.09
2023-08-23 01:00:00,31.100055000000005,summer weekday,30.09
2023-08-23 02:00:00,30.660231000000003,summer weekday,30.09
2023-08-23 03:00:00,31.137540000000005,summer weekday,30.09
2023-08-23 04:00:00,31.75104450000001,summer weekday,30.09
2023-08-23 05:00:00,34.999744500000006,summer weekday,34.79
2023-08-23 06:00:00,37.609950000000005,summer weekday,34.79
2023-08-23 07:00:00,37.0364295,summer weekday,34.79
2023-08-23 08:00:00,34.423725000000005,summer weekday,34.79
2023-08-23 09:00:00,32.3433075,summer weekday,30.09
2023-08-23 10:00:00,31.331212500000003,summer weekday,30.09
2023-08-23 11:00:00,30.15543300000001,summer weekday,30.09
2023-08-23 12:00:00,29.720607000000005,summer weekday,30.09
2023-08-23 13:00:00,29.5569225,summer weekday,30.09
2023-08-23 14:00:00,30.4415685,summer weekday,30.09
2023-08-23 15:00:00,31.997196,summer weekday,30.09
2023-08-23 16:00:00,35.38584,summer weekday,34.79
2023-08-23 17:00:00,45.54427499999999,summer weekday,34.79
2023-08-23 18:00:00,51.869244,summer weekday,34.79
2023-08-23 19:00:00,53.84470349999999,summer weekday,34.79
2023-08-23 20:00:00,47.4547605,summer weekday,34.79
2023-08-23 21:00:00,38.961909,summer weekday,34.79
2023-08-23 22:00:00,34.6948665,summer weekday,34.79
2023-08-23 23:00:00,34.08885900000001,summer weekday,34.79
2023-08-24 00:00:00,32.98055250000001,summer weekday,34.79
2023-08-24 01:00:00,32.11839750000001,summer weekday,30.09
2023-08-24 02:00:00,31.684821000000003,summer weekday,30.09
2023-08-24 03:00:00,32.578213500000004,summer weekday,34.79
2023-08-24 04:00:00,34.39623600000001,summer weekday,34.79
2023-08-24 05:00:00,37.972305000000006,summer weekday,34.79
2023-08-24 06:00:00,38.06226900000001,summer weekday,34.79
2023-08-24 07:00:00,37.8136185,summer weekday,34.79
2023-08-24 08:00:00,33.857701500000005,summer weekday,34.79
2023-08-24 09:00:00,31.551124500000004,summer weekday,30.09
2023-08-24 10:00:00,30.980103000000007,summer weekday,30.09
2023-08-24 11:00:00,30.986350500000004,summer weekday,30.09
2023-08-24 12:00:00,30.797676000000006,summer weekday,30.09
2023-08-24 13:00:00,31.28623050000001,summer weekday,30.09
2023-08-24 14:00:00,31.865998500000003,summer weekday,30.09
2023-08-24 15:00:00,32.721906000000004,summer weekday,34.79
2023-08-24 16:00:00,37.2313515,summer weekday,34.79
2023-08-24 17:00:00,43.829961,summer weekday,34.79
2023-08-24 18:00:00,50.4685545,summer weekday,34.79
2023-08-24 19:00:00,48.51683549999999,summer weekday,34.79
2023-08-24 20:00:00,40.813668,summer weekday,34.79
2023-08-24 21:00:00,37.268836500000006,summer weekday,34.79
2023-08-24 22:00:00,33.6227955,summer weekday,34.79
2023-08-24 23:00:00,30.517788000000007,summer weekday,30.09
2023-08-25 00:00:00,29.405733000000005,summer weekday,30.09
2023-08-25 01:00:00,29.327014500000004,summer weekday,30.09
2023-08-25 02:00:00,29.350755000000003,summer weekday,30.09
2023-08-25 03:00:00,29.458212000000007,summer weekday,30.09
2023-08-25 04:00:00,30.237900000000007,summer weekday,30.09
2023-08-25 05:00:00,32.88933900000001,summer weekday,34.79
2023-08-25 06:00:00,34.25129400000001,summer weekday,34.79
2023-08-25 07:00:00,34.788579,summer weekday,34.79
2023-08-25 08:00:00,33.4903485,summer weekday,34.79
2023-08-25 09:00:00,31.945966500000008,summer weekday,30.09
2023-08-25 10:00:00,31.188769500000003,summer weekday,30.09
2023-08-25 11:00:00,30.106702500000008,summer weekday,30.09
2023-08-25 12:00:00,29.86305,summer weekday,30.09
2023-08-25 13:00:00,29.310771000000003,summer weekday,30.09
2023-08-25 14:00:00,29.02213650000001,summer weekday,30.09
2023-08-25 15:00:00,29.965509000000004,summer weekday,30.09
2023-08-25 16:00:00,32.614449,summer weekday,34.79
2023-08-25 17:00:00,35.11095,summer weekday,34.79
2023-08-25 18:00:00,37.517487,summer weekday,34.79
2023-08-25 19:00:00,36.28922850000001,summer weekday,34.79
2023-08-25 20:00:00,34.627393500000004,summer weekday,34.79
2023-08-25 21:00:00,33.3479055,summer weekday,34.79
2023-08-25 22:00:00,30.848905500000004,summer weekday,30.09
2023-08-25 23:00:00,31.100055000000005,summer weekday,30.09
2023-08-26 00:00:00,30.375345000000003,summer weekend,30.93
2023-08-26 01:00:00,30.1017045,summer weekend,30.93
2023-08-26 02:00:00,29.80307400000001,summer weekend,30.93
2023-08-26 03:00:00,29.37824400000001,summer weekend,30.93
2023-08-26 04:00:00,29.067118500000003,summer weekend,30.93
2023-08-26 05:00:00,29.29827600000001,summer weekend,30.93
2023-08-26 06:00:00,29.350755000000003,summer weekend,30.93
2023-08-26 07:00:00,29.650635,summer weekend,30.93
2023-08-26 08:00:00,28.943418000000005,summer weekend,30.93
2023-08-26 09:00:00,28.00254450000001,summer weekend,26.54
2023-08-26 10:00:00,27.411531000000004,summer weekend,26.54
2023-08-26 11:00:00,26.103304500000004,summer weekend,26.54
2023-08-26 12:00:00,23.1494865,summer weekend,26.54
2023-08-26 13:00:00,24.412731000000004,summer weekend,26.54
2023-08-26 14:00:00,27.43027350000001,summer weekend,26.54
2023-08-26 15:00:00,28.222456500000007,summer weekend,26.54
2023-08-26 16:00:00,29.2383,summer weekend,30.93
2023-08-26 17:00:00,30.33286200000001,summer weekend,30.93
2023-08-26 18:00:00,32.839359,summer weekend,30.93
2023-08-26 19:00:00,33.88768950000001,summer weekend,30.93
2023-08-26 20:00:00,34.23879900000001,summer weekend,30.93
2023-08-26 21:00:00,32.734401000000005,summer weekend,30.93
2023-08-26 22:00:00,31.191268500000003,summer weekend,30.93
2023-08-26 23:00:00,30.161680500000006,summer weekend,30.93
2023-08-27 00:00:00,29.6518845,summer weekend,30.93
2023-08-27 01:00:00,29.4769545,summer weekend,30.93
2023-08-27 02:00:00,29.363250000000004,summer weekend,30.93
2023-08-27 03:00:00,29.758092000000005,summer weekend,30.93
2023-08-27 04:00:00,29.6218965,summer weekend,30.93
2023-08-27 05:00:00,29.758092000000005,summer weekend,30.93
2023-08-27 06:00:00,29.403234000000005,summer weekend,30.93
2023-08-27 07:00:00,29.12584500000001,summer weekend,30.93
2023-08-27 08:00:00,29.228304000000005,summer weekend,30.93
2023-08-27 09:00:00,29.018388000000005,summer weekend,30.93
2023-08-27 10:00:00,29.110851000000004,summer weekend,30.93
2023-08-27 11:00:00,29.020887000000005,summer weekend,30.93
2023-08-27 12:00:00,28.31367,summer weekend,26.54
2023-08-27 13:00:00,28.347406500000005,summer weekend,26.54
2023-08-27 14:00:00,28.496097,summer weekend,26.54
2023-08-27 15:00:00,29.4044835,summer weekend,30.93
2023-08-27 16:00:00,30.565269000000004,summer weekend,30.93
2023-08-27 17:00:00,32.354553,summer weekend,30.93
2023-08-27 18:00:00,33.502843500000004,summer weekend,30.93
2023-08-27 19:00:00,32.996796,summer weekend,30.93
2023-08-27 20:00:00,33.254193,summer weekend,30.93
2023-08-27 21:00:00,32.237100000000005,summer weekend,30.93
2023-08-27 22:00:00,30.236650500000003,summer weekend,30.93
2023-08-27 23:00:00,29.027134500000003,summer weekend,30.93
2023-08-28 00:00:00,28.428624000000006,summer weekday,30.09
2023-08-28 01:00:00,27.98880000000001,summer weekday,26.24
2023-08-28 02:00:00,27.446517000000004,summer weekday,26.24
2023-08-28 03:00:00,28.018788000000004,summer weekday,26.24
2023-08-28 04:00:00,29.032132500000003,summer weekday,30.09
2023-08-28 05:00:00,31.259991000000007,summer weekday,30.09
2023-08-28 06:00:00,34.924774500000005,summer weekday,34.79
2023-08-28 07:00:00,35.568267,summer weekday,34.79
2023-08-28 08:00:00,32.930572500000004,summer weekday,34.79
2023-08-28 09:00:00,31.934721000000007,summer weekday,30.09
2023-08-28 10:00:00,31.719807000000007,summer weekday,30.09
2023-08-28 11:00:00,30.496546500000004,summer weekday,30.09
2023-08-28 12:00:00,29.894287500000008,summer weekday,30.09
2023-08-28 13:00:00,29.936770500000005,summer weekday,30.09
2023-08-28 14:00:00,32.059671,summer weekday,30.09
2023-08-28 15:00:00,31.920976500000005,summer weekday,30.09
2023-08-28 16:00:00,36.129292500000005,summer weekday,34.79
2023-08-28 17:00:00,37.71615750000001,summer weekday,34.79
2023-08-28 18:00:00,39.229302,summer weekday,34.79
2023-08-28 19:00:00,38.2009635,summer weekday,34.79
2023-08-28 20:00:00,35.16093000000001,summer weekday,34.79
2023-08-28 21:00:00,32.826864,summer weekday,34.79
2023-08-28 22:00:00,30.855153,summer weekday,30.09
2023-08-28 23:00:00,30.249145500000008,summer weekday,30.09
2023-08-29 00:00:00,29.4844515,summer weekday,30.09
2023-08-29 01:00:00,29.24329800000001,summer weekday,30.09
2023-08-29 02:00:00,29.24329800000001,summer weekday,30.09
2023-08-29 03:00:00,29.244547500000003,summer weekday,30.09
2023-08-29 04:00:00,29.714359500000004,summer weekday,30.09
2023-08-29 05:00:00,32.596956000000006,summer weekday,34.79
2023-08-29 06:00:00,35.755692,summer weekday,34.79
2023-08-29 07:00:00,38.457111000000005,summer weekday,34.79
2023-08-29 08:00:00,36.215508,summer weekday,34.79
2023-08-29 09:00:00,33.83271150000001,summer weekday,34.79
2023-08-29 10:00:00,31.98470100000001,summer weekday,30.09
2023-08-29 11:00:00,31.261240500000003,summer weekday,30.09
2023-08-29 12:00:00,30.2191575,summer weekday,30.09
2023-08-29 13:00:00,29.881792500000007,summer weekday,30.09
2023-08-29 14:00:00,30.817668,summer weekday,30.09
2023-08-29 15:00:00,31.623595500000004,summer weekday,30.09
2023-08-29 16:00:00,34.93976850000001,summer weekday,34.79
2023-08-29 17:00:00,36.8415075,summer weekday,34.79
2023-08-29 18:00:00,38.8357095,summer weekday,34.79
2023-08-29 19:00:00,37.672425,summer weekday,34.79
2023-08-29 20:00:00,34.44621600000001,summer weekday,34.79
2023-08-29 21:00:00,32.62194600000001,summer weekday,34.79
2023-08-29 22:00:00,30.214159500000004,summer weekday,30.09
2023-08-29 23:00:00,29.878044000000006,summer weekday,30.09
2023-08-30 00:00:00,29.688120000000005,summer weekday,30.09
2023-08-30 01:00:00,29.408232000000005,summer weekday,30.09
2023-08-30 02:00:00,29.184571500000004,summer weekday,30.09
2023-08-30 03:00:00,29.464459500000004,summer weekday,30.09
2023-08-30 04:00:00,29.573166000000004,summer weekday,30.09
2023-08-30 05:00:00,33.380392500000006,summer weekday,34.79
2023-08-30 06:00:00,35.37709350000001,summer weekday,34.79
2023-08-30 07:00:00,34.849804500000005,summer weekday,34.79
2023-08-30 08:00:00,32.949315000000006,summer weekday,34.79
2023-08-30 09:00:00,31.14878550000001,summer weekday,30.09
2023-08-30 10:00:00,29.775585000000007,summer weekday,30.09
2023-08-30 11:00:00,29.580663000000005,summer weekday,30.09
2023-08-30 12:00:00,29.310771000000003,summer weekday,30.09
2023-08-30 13:00:00,29.12584500000001,summer weekday,30.09
2023-08-30 14:00:00,29.444467500000005,summer weekday,30.09
2023-08-30 15:00:00,29.330763000000005,summer weekday,30.09
2023-08-30 16:00:00,31.778533500000005,summer weekday,30.09
2023-08-30 17:00:00,34.851054000000005,summer weekday,34.79
2023-08-30 18:00:00,38.4858495,summer weekday,34.79
2023-08-30 19:00:00,38.3708955,summer weekday,34.79
2023-08-30 20:00:00,34.16133000000001,summer weekday,34.79
2023-08-30 21:00:00,32.298325500000004,summer weekday,30.09
2023-08-30 22:00:00,30.061720500000007,summer weekday,30.09
2023-08-30 23:00:00,29.401984500000005,summer weekday,30.09
2023-08-31 00:00:00,28.833462000000004,summer weekday,30.09
2023-08-31 01:00:00,28.792228500000004,summer weekday,30.09
2023-08-31 02:00:00,28.714759500000003,summer weekday,30.09
2023-08-31 03:00:00,28.42237650000001,summer weekday,30.09
2023-08-31 04:00:00,28.792228500000004,summer weekday,30.09
2023-08-31 05:00:00,30.539029500000005,summer weekday,30.09
2023-08-31 06:00:00,35.0497245,summer weekday,34.79
2023-08-31 07:00:00,33.326664,summer weekday,34.79
2023-08-31 08:00:00,31.628593500000008,summer weekday,30.09
2023-08-31 09:00:00,29.471956500000005,summer weekday,30.09
2023-08-31 10:00:00,28.863450000000007,summer weekday,30.09
2023-08-31 11:00:00,28.621047000000004,summer weekday,30.09
2023-08-31 12:00:00,28.368648000000004,summer weekday,30.09
2023-08-31 13:00:00,28.146237000000006,summer weekday,26.24
2023-08-31 14:00:00,28.239949500000005,summer weekday,30.09
2023-08-31 15:00:00,28.489849500000005,summer weekday,30.09
2023-08-31 16:00:00,29.828064,summer weekday,30.09
2023-08-31 17:00:00,32.243347500000006,summer weekday,30.09
2023-08-31 18:00:00,35.92937250000001,summer weekday,34.79
2023-08-31 19:00:00,34.7548425,summer weekday,34.79
2023-08-31 20:00:00,33.049275,summer weekday,34.79
2023-08-31 21:00:00,30.6164985,summer weekday,30.09
2023-08-31 22:00:00,29.474455500000005,summer weekday,30.09
2023-08-31 23:00:00,29.725605000000005,summer weekday,30.09
2023-09-01 00:00:00,29.3595015,summer weekday,30.09
2023-09-01 01:00:00,29.02463550000001,summer weekday,30.09
2023-09-01 02:00:00,28.997146500000007,summer weekday,30.09
2023-09-01 03:00:00,29.123346,summer weekday,30.09
2023-09-01 04:00:00,29.513190000000005,summer weekday,30.09
2023-09-01 05:00:00,31.367448000000003,summer weekday,30.09
2023-09-01 06:00:00,33.41537850000001,summer weekday,34.79
2023-09-01 07:00:00,33.5403285,summer weekday,34.79
2023-09-01 08:00:00,31.274985000000004,summer weekday,30.09
2023-09-01 09:00:00,30.140439,summer weekday,30.09
2023-09-01 10:00:00,29.428224,summer weekday,30.09
2023-09-01 11:00:00,28.865949000000004,summer weekday,30.09
2023-09-01 12:00:00,28.476105000000004,summer weekday,30.09
2023-09-01 13:00:00,28.517338500000008,summer weekday,30.09
2023-09-01 14:00:00,28.865949000000004,summer weekday,30.09
2023-09-01 15:00:00,29.434471500000004,summer weekday,30.09
2023-09-01 16:00:00,30.813919500000004,summer weekday,30.09
2023-09-01 17:00:00,33.2554425,summer weekday,34.79
2023-09-01 18:00:00,36.30047400000001,summer weekday,34.79
2023-09-01 19:00:00,35.778183000000006,summer weekday,34.79
2023-09-01 20:00:00,33.32416500000001,summer weekday,34.79
2023-09-01 21:00:00,32.18212200000001,summer weekday,30.09
2023-09-01 22:00:00,31.693567500000004,summer weekday,30.09
2023-09-01 23:00:00,30.795177,summer weekday,30.09
2023-09-02 00:00:00,30.200415000000007,summer weekend,30.93
2023-09-02 01:00:00,29.86305,summer weekend,30.93
2023-09-02 02:00:00,29.350755000000003,summer weekend,30.93
2023-09-02 03:00:00,29.41323000000001,summer weekend,30.93
2023-09-02 04:00:00,29.888040000000004,summer weekend,30.93
2023-09-02 05:00:00,29.990499000000003,summer weekend,30.93
2023-09-02 06:00:00,29.999245500000004,summer weekend,30.93
2023-09-02 07:00:00,29.890539000000004,summer weekend,30.93
2023-09-02 08:00:00,29.185821000000004,summer weekend,30.93
2023-09-02 09:00:00,28.584811500000008,summer weekend,26.54
2023-09-02 10:00:00,27.351555000000005,summer weekend,26.54
2023-09-02 11:00:00,26.86425,summer weekend,26.54
2023-09-02 12:00:00,25.23865050000001,summer weekend,26.54
2023-09-02 13:00:00,24.2840325,summer weekend,26.54
2023-09-02 14:00:00,26.039580000000004,summer weekend,26.54
2023-09-02 15:00:00,27.36529950000001,summer weekend,26.54
2023-09-02 16:00:00,29.044627500000004,summer weekend,30.93
2023-09-02 17:00:00,31.11255000000001,summer weekend,30.93
2023-09-02 18:00:00,32.585710500000005,summer weekend,30.93
2023-09-02 19:00:00,33.211710000000004,summer weekend,30.93
2023-09-02 20:00:00,31.761040500000007,summer weekend,30.93
2023-09-02 21:00:00,30.567768000000004,summer weekend,30.93
2023-09-02 22:00:00,29.530683000000003,summer weekend,30.93
2023-09-02 23:00:00,30.522786000000004,summer weekend,30.93
2023-09-03 00:00:00,29.991748500000003,summer weekend,30.93
2023-09-03 01:00:00,30.105453000000004,summer weekend,30.93
2023-09-03 02:00:00,30.067968000000008,summer weekend,30.93
2023-09-03 03:00:00,29.90928150000001,summer weekend,30.93
2023-09-03 04:00:00,29.741848500000003,summer weekend,30.93
2023-09-03 05:00:00,29.635641000000003,summer weekend,30.93
2023-09-03 06:00:00,29.16707850000001,summer weekend,30.93
2023-09-03 07:00:00,28.55607300000001,summer weekend,26.54
2023-09-03 08:00:00,27.71391000000001,summer weekend,26.54
2023-09-03 09:00:00,24.902535000000004,summer weekend,26.54
2023-09-03 10:00:00,22.7946285,summer weekend,26.54
2023-09-03 11:00:00,20.0382315,summer weekend,18.94
2023-09-03 12:00:00,18.7837335,summer weekend,18.94
2023-09-03 13:00:00,17.985303000000002,summer weekend,18.94
2023-09-03 14:00:00,19.3310145,summer weekend,18.94
2023-09-03 15:00:00,24.072867,summer weekend,26.54
2023-09-03 16:00:00,29.16707850000001,summer weekend,30.93
2023-09-03 17:00:00,31.116298500000003,summer weekend,30.93
2023-09-03 18:00:00,33.010540500000005,summer weekend,30.93
2023-09-03 19:00:00,34.6848705,summer weekend,30.93
2023-09-03 20:00:00,32.277084,summer weekend,30.93
2023-09-03 21:00:00,31.091308500000004,summer weekend,30.93
2023-09-03 22:00:00,30.009241500000005,summer weekend,30.93
2023-09-03 23:00:00,29.9692575,summer weekend,30.93
2023-09-04 00:00:00,29.174575500000003,summer weekday,30.09
2023-09-04 01:00:00,29.005893000000004,summer weekday,30.09
2023-09-04 02:00:00,29.06212050000001,summer weekday,30.09
2023-09-04 03:00:00,29.012140500000005,summer weekday,30.09
2023-09-04 04:00:00,30.285381,summer weekday,30.09
2023-09-04 05:00:00,33.2779335,summer weekday,34.79
2023-09-04 06:00:00,35.4020835,summer weekday,34.79
2023-09-04 07:00:00,33.60155400000001,summer weekday,34.79
2023-09-04 08:00:00,31.03258200000001,summer weekday,30.09
2023-09-04 09:00:00,28.973406000000004,summer weekday,30.09
2023-09-04 10:00:00,27.622696500000004,summer weekday,26.24
2023-09-04 11:00:00,27.070417500000005,summer weekday,26.24
2023-09-04 12:00:00,26.428174500000004,summer weekday,26.24
2023-09-04 13:00:00,26.36944800000001,summer weekday,26.24
2023-09-04 14:00:00,27.414030000000007,summer weekday,26.24
2023-09-04 15:00:00,28.734751500000005,summer weekday,30.09
2023-09-04 16:00:00,31.060071000000008,summer weekday,30.09
2023-09-04 17:00:00,34.666128,summer weekday,34.79
2023-09-04 18:00:00,42.14313599999999,summer weekday,34.79
2023-09-04 19:00:00,38.9556615,summer weekday,34.79
2023-09-04 20:00:00,32.98055250000001,summer weekday,34.79
2023-09-04 21:00:00,30.489049500000007,summer weekday,30.09
2023-09-04 22:00:00,29.30827200000001,summer weekday,30.09
2023-09-04 23:00:00,29.173326000000003,summer weekday,30.09
2023-09-05 00:00:00,28.879693500000005,summer weekday,30.09
2023-09-05 01:00:00,28.780983000000003,summer weekday,30.09
2023-09-05 02:00:00,28.748496000000003,summer weekday,30.09
2023-09-05 03:00:00,28.819717500000003,summer weekday,30.09
2023-09-05 04:00:00,29.313270000000003,summer weekday,30.09
2023-09-05 05:00:00,32.36205,summer weekday,30.09
2023-09-05 06:00:00,33.11175000000001,summer weekday,34.79
2023-09-05 07:00:00,32.132142,summer weekday,30.09
2023-09-05 08:00:00,29.585661000000005,summer weekday,30.09
2023-09-05 09:00:00,28.363650000000003,summer weekday,30.09
2023-09-05 10:00:00,27.595207500000004,summer weekday,26.24
2023-09-05 11:00:00,26.851755000000004,summer weekday,26.24
2023-09-05 12:00:00,26.745547500000008,summer weekday,26.24
2023-09-05 13:00:00,27.0054435,summer weekday,26.24
2023-09-05 14:00:00,27.738900000000005,summer weekday,26.24
2023-09-05 15:00:00,28.42737450000001,summer weekday,30.09
2023-09-05 16:00:00,30.270387000000003,summer weekday,30.09
2023-09-05 17:00:00,33.499095000000004,summer weekday,34.79
2023-09-05 18:00:00,40.4675565,summer weekday,34.79
2023-09-05 19:00:00,36.6765735,summer weekday,34.79
2023-09-05 20:00:00,32.60570250000001,summer weekday,34.79
2023-09-05 21:00:00,30.813919500000004,summer weekday,30.09
2023-09-05 22:00:00,29.366998500000005,summer weekday,30.09
2023-09-05 23:00:00,28.4748555,summer weekday,30.09
2023-09-06 00:00:00,28.053774000000004,summer weekday,26.24
2023-09-06 01:00:00,28.679773500000007,summer weekday,30.09
2023-09-06 02:00:00,28.878444000000005,summer weekday,30.09
2023-09-06 03:00:00,28.923426000000006,summer weekday,30.09
2023-09-06 04:00:00,30.235401000000003,summer weekday,30.09
2023-09-06 05:00:00,32.7006645,summer weekday,34.79
2023-09-06 06:00:00,35.10970050000001,summer weekday,34.79
2023-09-06 07:00:00,32.26084050000001,summer weekday,30.09
2023-09-06 08:00:00,29.579413500000005,summer weekday,30.09
2023-09-06 09:00:00,28.444867500000004,summer weekday,30.09
2023-09-06 10:00:00,27.626445,summer weekday,26.24
2023-09-06 11:00:00,26.76054150000001,summer weekday,26.24
2023-09-06 12:00:00,26.543128500000005,summer weekday,26.24
2023-09-06 13:00:00,26.79927600000001,summer weekday,26.24
2023-09-06 14:00:00,27.676425,summer weekday,26.24
2023-09-06 15:00:00,28.793478000000004,summer weekday,30.09
2023-09-06 16:00:00,30.596506500000007,summer weekday,30.09
2023-09-06 17:00:00,35.5895085,summer weekday,34.79
2023-09-06 18:00:00,41.08730849999999,summer weekday,34.79
2023-09-06 19:00:00,38.114748,summer weekday,34.79
2023-09-06 20:00:00,32.7531435,summer weekday,34.79
2023-09-06 21:00:00,30.550275000000003,summer weekday,30.09
2023-09-06 22:00:00,29.328264000000004,summer weekday,30.09
2023-09-06 23:00:00,29.290779000000004,summer weekday,30.09
2023-09-07 00:00:00,28.784731500000007,summer weekday,30.09
2023-09-07 01:00:00,28.498596000000003,summer weekday,30.09
2023-09-07 02:00:00,27.8650995,summer weekday,26.24
2023-09-07 03:00:00,28.343658000000005,summer weekday,30.09
2023-09-07 04:00:00,28.8746955,summer weekday,30.09
2023-09-07 05:00:00,31.864749000000003,summer weekday,30.09
2023-09-07 06:00:00,33.61155,summer weekday,34.79
2023-09-07 07:00:00,33.11175000000001,summer weekday,34.79
2023-09-07 08:00:00,30.197916000000006,summer weekday,30.09
2023-09-07 09:00:00,28.391139000000003,summer weekday,30.09
2023-09-07 10:00:00,27.701415000000004,summer weekday,26.24
2023-09-07 11:00:00,26.555623500000006,summer weekday,26.24
2023-09-07 12:00:00,25.514790000000005,summer weekday,26.24
2023-09-07 13:00:00,26.137041000000007,summer weekday,26.24
2023-09-07 14:00:00,27.613950000000003,summer weekday,26.24
2023-09-07 15:00:00,28.401135000000007,summer weekday,30.09
2023-09-07 16:00:00,30.255393000000005,summer weekday,30.09
2023-09-07 17:00:00,34.0526235,summer weekday,34.79
2023-09-07 18:00:00,38.2684365,summer weekday,34.79
2023-09-07 19:00:00,35.7019635,summer weekday,34.79
2023-09-07 20:00:00,32.11215,summer weekday,30.09
2023-09-07 21:00:00,30.037980000000005,summer weekday,30.09
2023-09-07 22:00:00,28.482352500000005,summer weekday,30.09
2023-09-07 23:00:00,27.941319000000004,summer weekday,26.24
2023-09-08 00:00:00,27.553974000000004,summer weekday,26.24
2023-09-08 01:00:00,27.621447000000003,summer weekday,26.24
2023-09-08 02:00:00,27.626445,summer weekday,26.24
2023-09-08 03:00:00,28.291179000000007,summer weekday,30.09
2023-09-08 04:00:00,29.05712250000001,summer weekday,30.09
2023-09-08 05:00:00,31.473655500000003,summer weekday,30.09
2023-09-08 06:00:00,34.081362000000006,summer weekday,34.79
2023-09-08 07:00:00,32.67692400000001,summer weekday,34.79
2023-09-08 08:00:00,29.885541000000003,summer weekday,30.09
2023-09-08 09:00:00,28.59730650000001,summer weekday,30.09
2023-09-08 10:00:00,27.673926000000005,summer weekday,26.24
2023-09-08 11:00:00,26.751795,summer weekday,26.24
2023-09-08 12:00:00,26.2282545,summer weekday,26.24
2023-09-08 13:00:00,26.4356715,summer weekday,26.24
2023-09-08 14:00:00,27.392788500000005,summer weekday,26.24
2023-09-08 15:00:00,28.414879500000005,summer weekday,30.09
2023-09-08 16:00:00,30.850155000000004,summer weekday,30.09
2023-09-08 17:00:00,38.836959,summer weekday,34.79
2023-09-08 18:00:00,46.10654999999999,summer weekday,34.79
2023-09-08 19:00:00,41.80202249999999,summer weekday,34.79
2023-09-08 20:00:00,33.871446000000006,summer weekday,34.79
2023-09-08 21:00:00,31.60360350000001,summer weekday,30.09
2023-09-08 22:00:00,30.610251000000005,summer weekday,30.09
2023-09-08 23:00:00,30.512790000000003,summer weekday,30.09
2023-09-09 00:00:00,30.171676500000004,summer weekend,30.93
2023-09-09 01:00:00,29.864299500000005,summer weekend,30.93
2023-09-09 02:00:00,29.86305,summer weekend,30.93
2023-09-09 03:00:00,29.9692575,summer weekend,30.93
2023-09-09 04:00:00,30.029233500000004,summer weekend,30.93
2023-09-09 05:00:00,30.3416085,summer weekend,30.93
2023-09-09 06:00:00,30.36784800000001,summer weekend,30.93
2023-09-09 07:00:00,29.374495500000005,summer weekend,30.93
2023-09-09 08:00:00,28.584811500000008,summer weekend,26.54
2023-09-09 09:00:00,27.212860500000005,summer weekend,26.54
2023-09-09 10:00:00,25.55602350000001,summer weekend,26.54
2023-09-09 11:00:00,19.932024,summer weekend,18.94
2023-09-09 12:00:00,18.0165405,summer weekend,18.94
2023-09-09 13:00:00,18.666280500000003,summer weekend,18.94
2023-09-09 14:00:00,24.6014055,summer weekend,26.54
2023-09-09 15:00:00,27.21411,summer weekend,26.54
2023-09-09 16:00:00,29.581912500000005,summer weekend,30.93
2023-09-09 17:00:00,32.524485,summer weekend,30.93
2023-09-09 18:00:00,36.63658950000001,summer weekend,30.93
2023-09-09 19:00:00,36.92397450000001,summer weekend,30.93
2023-09-09 20:00:00,33.833961,summer weekend,30.93
2023-09-09 21:00:00,31.225005000000003,summer weekend,30.93
2023-09-09 22:00:00,30.257892,summer weekend,30.93
2023-09-09 23:00:00,30.594007500000004,summer weekend,30.93
2023-09-10 00:00:00,30.4040835,summer weekend,30.93
2023-09-10 01:00:00,30.316618500000004,summer weekend,30.93
2023-09-10 02:00:00,29.961760500000008,summer weekend,30.93
2023-09-10 03:00:00,29.464459500000004,summer weekend,30.93
2023-09-10 04:00:00,29.703114000000003,summer weekend,30.93
2023-09-10 05:00:00,29.781832500000004,summer weekend,30.93
2023-09-10 06:00:00,29.5194375,summer weekend,30.93
2023-09-10 07:00:00,29.032132500000003,summer weekend,30.93
2023-09-10 08:00:00,28.496097,summer weekend,26.54
2023-09-10 09:00:00,24.375246000000004,summer weekend,26.54
2023-09-10 10:00:00,19.61715,summer weekend,18.94
2023-09-10 11:00:00,18.402636,summer weekend,18.94
2023-09-10 12:00:00,17.3717985,summer weekend,18.94
2023-09-10 13:00:00,17.368049999999997,summer weekend,18.94
2023-09-10 14:00:00,20.6579835,summer weekend,18.94
2023-09-10 15:00:00,27.239100000000004,summer weekend,26.54
2023-09-10 16:00:00,29.893038000000004,summer weekend,30.93
2023-09-10 17:00:00,32.510740500000004,summer weekend,30.93
2023-09-10 18:00:00,36.18552,summer weekend,30.93
2023-09-10 19:00:00,36.347955000000006,summer weekend,30.93
2023-09-10 20:00:00,33.8077215,summer weekend,30.93
2023-09-10 21:00:00,31.60360350000001,summer weekend,30.93
2023-09-10 22:00:00,29.970507000000005,summer weekend,30.93
2023-09-10 23:00:00,30.487800000000004,summer weekend,30.93
2023-09-11 00:00:00,29.535681000000004,summer weekday,30.09
2023-09-11 01:00:00,29.366998500000005,summer weekday,30.09
2023-09-11 02:00:00,28.994647500000006,summer weekday,30.09
2023-09-11 03:00:00,29.207062500000006,summer weekday,30.09
2023-09-11 04:00:00,30.389089500000004,summer weekday,30.09
2023-09-11 05:00:00,35.686969500000004,summer weekday,34.79
2023-09-11 06:00:00,39.7603395,summer weekday,34.79
2023-09-11 07:00:00,34.416228000000004,summer weekday,34.79
2023-09-11 08:00:00,31.487400000000004,summer weekday,30.09
2023-09-11 09:00:00,29.258292000000004,summer weekday,30.09
2023-09-11 10:00:00,28.509841500000004,summer weekday,30.09
2023-09-11 11:00:00,28.322416500000006,summer weekday,30.09
2023-09-11 12:00:00,28.1699775,summer weekday,30.09
2023-09-11 13:00:00,28.488600000000005,summer weekday,30.09
2023-09-11 14:00:00,28.929673500000007,summer weekday,30.09
2023-09-11 15:00:00,29.885541000000003,summer weekday,30.09
2023-09-11 16:00:00,33.9776535,summer weekday,34.79
2023-09-11 17:00:00,50.69346449999999,summer weekday,34.79
2023-09-11 18:00:00,82.87558649999998,summer weekday,34.79
2023-09-11 19:00:00,73.3618935,summer weekday,34.79
2023-09-11 20:00:00,45.2456445,summer weekday,34.79
2023-09-11 21:00:00,35.839408500000005,summer weekday,34.79
2023-09-11 22:00:00,32.354553,summer weekday,30.09
2023-09-11 23:00:00,30.657732000000003,summer weekday,30.09
2023-09-12 00:00:00,30.505293000000005,summer weekday,30.09
2023-09-12 01:00:00,30.596506500000007,summer weekday,30.09
2023-09-12 02:00:00,30.5665185,summer weekday,30.09
2023-09-12 03:00:00,30.657732000000003,summer weekday,30.09
2023-09-12 04:00:00,31.87974300000001,summer weekday,30.09
2023-09-12 05:00:00,36.556621500000006,summer weekday,34.79
2023-09-12 06:00:00,45.98035049999999,summer weekday,34.79
2023-09-12 07:00:00,35.73320100000001,summer weekday,34.79
2023-09-12 08:00:00,32.764389,summer weekday,34.79
2023-09-12 09:00:00,31.403683500000007,summer weekday,30.09
2023-09-12 10:00:00,30.061720500000007,summer weekday,30.09
2023-09-12 11:00:00,29.420727000000007,summer weekday,30.09
2023-09-12 12:00:00,29.06212050000001,summer weekday,30.09
2023-09-12 13:00:00,29.498196000000007,summer weekday,30.09
2023-09-12 14:00:00,29.850555000000007,summer weekday,30.09
2023-09-12 15:00:00,31.00884150000001,summer weekday,30.09
2023-09-12 16:00:00,34.912279500000004,summer weekday,34.79
2023-09-12 17:00:00,41.17477349999999,summer weekday,34.79
2023-09-12 18:00:00,52.85634899999999,summer weekday,34.79
2023-09-12 19:00:00,40.561269,summer weekday,34.79
2023-09-12 20:00:00,34.438719000000006,summer weekday,34.79
2023-09-12 21:00:00,31.806022500000005,summer weekday,30.09
2023-09-12 22:00:00,29.0846115,summer weekday,30.09
2023-09-12 23:00:00,30.668977500000004,summer weekday,30.09
2023-09-13 00:00:00,29.850555000000007,summer weekday,30.09
2023-09-13 01:00:00,29.595657000000003,summer weekday,30.09
2023-09-13 02:00:00,29.083362000000005,summer weekday,30.09
2023-09-13 03:00:00,29.049625500000005,summer weekday,30.09
2023-09-13 04:00:00,29.603154000000007,summer weekday,30.09
2023-09-13 05:00:00,32.954313000000006,summer weekday,34.79
2023-09-13 06:00:00,34.8248145,summer weekday,34.79
2023-09-13 07:00:00,34.576164000000006,summer weekday,34.79
2023-09-13 08:00:00,32.9755545,summer weekday,34.79
2023-09-13 09:00:00,30.2641395,summer weekday,30.09
2023-09-13 10:00:00,29.470707000000008,summer weekday,30.09
2023-09-13 11:00:00,29.109601500000004,summer weekday,30.09
2023-09-13 12:00:00,28.967158500000004,summer weekday,30.09
2023-09-13 13:00:00,28.865949000000004,summer weekday,30.09
2023-09-13 14:00:00,29.27578500000001,summer weekday,30.09
2023-09-13 15:00:00,29.365749000000008,summer weekday,30.09
2023-09-13 16:00:00,30.411580500000007,summer weekday,30.09
2023-09-13 17:00:00,32.984301,summer weekday,34.79
2023-09-13 18:00:00,36.547875,summer weekday,34.79
2023-09-13 19:00:00,35.069716500000006,summer weekday,34.79
2023-09-13 20:00:00,32.7106605,summer weekday,34.79
2023-09-13 21:00:00,30.663979500000007,summer weekday,30.09
2023-09-13 22:00:00,29.6218965,summer weekday,30.09
2023-09-13 23:00:00,29.400735,summer weekday,30.09
2023-09-14 00:00:00,29.223306000000004,summer weekday,30.09
2023-09-14 01:00:00,29.705613,summer weekday,30.09
2023-09-14 02:00:00,29.925525000000004,summer weekday,30.09
2023-09-14 03:00:00,29.774335500000007,summer weekday,30.09
2023-09-14 04:00:00,30.455313000000004,summer weekday,30.09
2023-09-14 05:00:00,35.129692500000004,summer weekday,34.79
2023-09-14 06:00:00,40.011489,summer weekday,34.79
2023-09-14 07:00:00,36.831511500000005,summer weekday,34.79
2023-09-14 08:00:00,32.114649,summer weekday,30.09
2023-09-14 09:00:00,29.465709,summer weekday,30.09
2023-09-14 10:00:00,28.81222050000001,summer weekday,30.09
2023-09-14 11:00:00,28.769737500000005,summer weekday,30.09
2023-09-14 12:00:00,28.571067000000003,summer weekday,30.09
2023-09-14 13:00:00,28.381143,summer weekday,30.09
2023-09-14 14:00:00,28.576065000000003,summer weekday,30.09
2023-09-14 15:00:00,29.133342000000003,summer weekday,30.09
2023-09-14 16:00:00,31.967208000000007,summer weekday,30.09
2023-09-14 17:00:00,38.9856495,summer weekday,34.79
2023-09-14 18:00:00,46.82376299999999,summer weekday,34.79
2023-09-14 19:00:00,40.583760000000005,summer weekday,34.79
2023-09-14 20:00:00,34.028883,summer weekday,34.79
2023-09-14 21:00:00,31.629843000000005,summer weekday,30.09
2023-09-14 22:00:00,29.784331500000004,summer weekday,30.09
2023-09-14 23:00:00,29.974255500000005,summer weekday,30.09
2023-09-15 00:00:00,29.489449500000003,summer weekday,30.09
2023-09-15 01:00:00,29.41323000000001,summer weekday,30.09
2023-09-15 02:00:00,29.568168000000004,summer weekday,30.09
2023-09-15 03:00:00,29.763090000000005,summer weekday,30.09
2023-09-15 04:00:00,29.791828500000005,summer weekday,30.09
2023-09-15 05:00:00,34.691118,summer weekday,34.79
2023-09-15 06:00:00,36.2192565,summer weekday,34.79
2023-09-15 07:00:00,32.9955465,summer weekday,34.79
2023-09-15 08:00:00,30.410331000000003,summer weekday,30.09
2023-09-15 09:00:00,29.06087100000001,summer weekday,30.09
2023-09-15 10:00:00,28.546077000000007,summer weekday,30.09
2023-09-15 11:00:00,27.18537150000001,summer weekday,26.24
2023-09-15 12:00:00,25.226155500000004,summer weekday,26.24
2023-09-15 13:00:00,26.2632405,summer weekday,26.24
2023-09-15 14:00:00,27.973806000000003,summer weekday,26.24
2023-09-15 15:00:00,29.038380000000004,summer weekday,30.09
2023-09-15 16:00:00,31.696066500000004,summer weekday,30.09
2023-09-15 17:00:00,36.761539500000005,summer weekday,34.79
2023-09-15 18:00:00,41.09230649999999,summer weekday,34.79
2023-09-15 19:00:00,35.204662500000005,summer weekday,34.79
2023-09-15 20:00:00,31.443667500000007,summer weekday,30.09
2023-09-15 21:00:00,30.11794800000001,summer weekday,30.09
2023-09-15 22:00:00,29.3345115,summer weekday,30.09
2023-09-15 23:00:00,29.393238000000007,summer weekday,30.09
2023-09-16 00:00:00,29.115849000000004,summer weekend,30.93
2023-09-16 01:00:00,28.928424000000003,summer weekend,30.93
2023-09-16 02:00:00,28.80847200000001,summer weekend,30.93
2023-09-16 03:00:00,29.20331400000001,summer weekend,30.93
2023-09-16 04:00:00,28.95716250000001,summer weekend,30.93
2023-09-16 05:00:00,30.2966265,summer weekend,30.93
2023-09-16 06:00:00,31.222506000000003,summer weekend,30.93
2023-09-16 07:00:00,30.071716500000004,summer weekend,30.93
2023-09-16 08:00:00,28.712260500000006,summer weekend,26.54
2023-09-16 09:00:00,27.239100000000004,summer weekend,26.54
2023-09-16 10:00:00,25.4860515,summer weekend,26.54
2023-09-16 11:00:00,24.175326,summer weekend,26.54
2023-09-16 12:00:00,21.421428,summer weekend,18.94
2023-09-16 13:00:00,21.66633,summer weekend,18.94
2023-09-16 14:00:00,26.671827000000004,summer weekend,26.54
2023-09-16 15:00:00,28.293678000000007,summer weekend,26.54
2023-09-16 16:00:00,30.882642,summer weekend,30.93
2023-09-16 17:00:00,34.056372,summer weekend,30.93
2023-09-16 18:00:00,40.013988000000005,summer weekend,30.93
2023-09-16 19:00:00,35.313369,summer weekend,30.93
2023-09-16 20:00:00,32.0484255,summer weekend,30.93
2023-09-16 21:00:00,30.491548500000007,summer weekend,30.93
2023-09-16 22:00:00,29.850555000000007,summer weekend,30.93
2023-09-16 23:00:00,30.986350500000004,summer weekend,30.93
2023-09-17 00:00:00,30.531532500000004,summer weekend,30.93
2023-09-17 01:00:00,30.446566500000007,summer weekend,30.93
2023-09-17 02:00:00,29.935521000000005,summer weekend,30.93
2023-09-17 03:00:00,30.075465,summer weekend,30.93
2023-09-17 04:00:00,29.758092000000005,summer weekend,30.93
2023-09-17 05:00:00,29.7343515,summer weekend,30.93
2023-09-17 06:00:00,30.279133500000007,summer weekend,30.93
2023-09-17 07:00:00,29.090859000000005,summer weekend,30.93
2023-09-17 08:00:00,27.758892000000003,summer weekend,26.54
2023-09-17 09:00:00,26.213260500000004,summer weekend,26.54
2023-09-17 10:00:00,22.3423095,summer weekend,18.94
2023-09-17 11:00:00,20.0182395,summer weekend,18.94
2023-09-17 12:00:00,17.877845999999998,summer weekend,18.94
2023-09-17 13:00:00,17.905334999999997,summer weekend,18.94
2023-09-17 14:00:00,22.203615,summer weekend,18.94
2023-09-17 15:00:00,27.156633000000006,summer weekend,26.54
2023-09-17 16:00:00,30.957612000000005,summer weekend,30.93
2023-09-17 17:00:00,33.86145,summer weekend,30.93
2023-09-17 18:00:00,36.347955000000006,summer weekend,30.93
2023-09-17 19:00:00,33.212959500000004,summer weekend,30.93
2023-09-17 20:00:00,32.1433875,summer weekend,30.93
2023-09-17 21:00:00,30.976354500000006,summer weekend,30.93
2023-09-17 22:00:00,29.76059100000001,summer weekend,30.93
2023-09-17 23:00:00,29.109601500000004,summer weekend,30.93
2023-09-18 00:00:00,28.42237650000001,summer weekday,30.09
2023-09-18 01:00:00,27.580213500000006,summer weekday,26.24
2023-09-18 02:00:00,27.991299000000005,summer weekday,26.24
2023-09-18 03:00:00,28.341159,summer weekday,30.09
2023-09-18 04:00:00,29.072116500000007,summer weekday,30.09
2023-09-18 05:00:00,32.013439500000004,summer weekday,30.09
2023-09-18 06:00:00,34.0476255,summer weekday,34.79
2023-09-18 07:00:00,33.4628595,summer weekday,34.79
2023-09-18 08:00:00,30.594007500000004,summer weekday,30.09
2023-09-18 09:00:00,28.694767500000005,summer weekday,30.09
2023-09-18 10:00:00,26.651835,summer weekday,26.24
2023-09-18 11:00:00,24.39024000000001,summer weekday,26.24
2023-09-18 12:00:00,21.171528,summer weekday,26.24
2023-09-18 13:00:00,22.173627,summer weekday,26.24
2023-09-18 14:00:00,26.599356000000007,summer weekday,26.24
2023-09-18 15:00:00,28.6972665,summer weekday,30.09
2023-09-18 16:00:00,31.863499500000003,summer weekday,30.09
2023-09-18 17:00:00,34.789828500000006,summer weekday,34.79
2023-09-18 18:00:00,37.58246100000001,summer weekday,34.79
2023-09-18 19:00:00,33.0655185,summer weekday,34.79
2023-09-18 20:00:00,30.6839715,summer weekday,30.09
2023-09-18 21:00:00,29.037130500000004,summer weekday,30.09
2023-09-18 22:00:00,26.590609500000003,summer weekday,26.24
2023-09-18 23:00:00,17.4942495,summer weekday,26.24
2023-09-19 00:00:00,17.366919499999998,summer weekday,26.24
2023-09-19 01:00:00,17.363528,summer weekday,26.24
2023-09-19 02:00:00,17.3623975,summer weekday,26.24
2023-09-19 03:00:00,17.365789,summer weekday,26.24
2023-09-19 04:00:00,17.4717585,summer weekday,26.24
2023-09-19 05:00:00,26.148286500000005,summer weekday,26.24
2023-09-19 06:00:00,30.3965865,summer weekday,30.09
2023-09-19 07:00:00,31.052574000000003,summer weekday,30.09
2023-09-19 08:00:00,28.1000055,summer weekday,26.24
2023-09-19 09:00:00,18.430125,summer weekday,26.24
2023-09-19 10:00:00,17.359005999999997,summer weekday,26.24
2023-09-19 11:00:00,16.973505499999998,summer weekday,26.24
2023-09-19 12:00:00,16.764362999999996,summer weekday,26.24
2023-09-19 13:00:00,16.719143000000003,summer weekday,26.24
2023-09-19 14:00:00,17.0345525,summer weekday,26.24
2023-09-19 15:00:00,17.359005999999997,summer weekday,26.24
2023-09-19 16:00:00,23.22570600000001,summer weekday,26.24
2023-09-19 17:00:00,29.508192000000005,summer weekday,30.09
2023-09-19 18:00:00,31.664829000000005,summer weekday,30.09
2023-09-19 19:00:00,31.067568000000005,summer weekday,30.09
2023-09-19 20:00:00,28.21246050000001,summer weekday,30.09
2023-09-19 21:00:00,25.715959500000004,summer weekday,26.24
2023-09-19 22:00:00,19.4109825,summer weekday,26.24
2023-09-19 23:00:00,17.366919499999998,summer weekday,26.24
2023-09-20 00:00:00,17.356745,summer weekday,26.24
2023-09-20 01:00:00,17.356745,summer weekday,26.24
2023-09-20 02:00:00,17.3717985,summer weekday,26.24
2023-09-20 03:00:00,17.4942495,summer weekday,26.24
2023-09-20 04:00:00,18.61755,summer weekday,26.24
2023-09-20 05:00:00,28.399885500000007,summer weekday,30.09
2023-09-20 06:00:00,30.12044700000001,summer weekday,30.09
2023-09-20 07:00:00,30.567768000000004,summer weekday,30.09
2023-09-20 08:00:00,27.50774250000001,summer weekday,26.24
2023-09-20 09:00:00,18.3189195,summer weekday,26.24
2023-09-20 10:00:00,17.3623975,summer weekday,26.24
2023-09-20 11:00:00,16.991593499999997,summer weekday,26.24
2023-09-20 12:00:00,16.764362999999996,summer weekday,26.24
2023-09-20 13:00:00,16.832193,summer weekday,26.24
2023-09-20 14:00:00,17.1385585,summer weekday,26.24
2023-09-20 15:00:00,17.859103499999996,summer weekday,26.24
2023-09-20 16:00:00,28.416129000000005,summer weekday,30.09
2023-09-20 17:00:00,34.6923675,summer weekday,34.79
2023-09-20 18:00:00,41.840757,summer weekday,34.79
2023-09-20 19:00:00,32.661930000000005,summer weekday,34.79
2023-09-20 20:00:00,29.27578500000001,summer weekday,30.09
2023-09-20 21:00:00,28.133742,summer weekday,26.24
2023-09-20 22:00:00,26.886741000000004,summer weekday,26.24
2023-09-20 23:00:00,26.880493500000004,summer weekday,26.24
2023-09-21 00:00:00,26.4731565,summer weekday,26.24
2023-09-21 01:00:00,24.468958500000003,summer weekday,26.24
2023-09-21 02:00:00,22.294828500000005,summer weekday,26.24
2023-09-21 03:00:00,24.468958500000003,summer weekday,26.24
2023-09-21 04:00:00,26.564370000000004,summer weekday,26.24
2023-09-21 05:00:00,29.809321500000003,summer weekday,30.09
2023-09-21 06:00:00,32.072166,summer weekday,30.09
2023-09-21 07:00:00,31.839759000000004,summer weekday,30.09
2023-09-21 08:00:00,30.22540500000001,summer weekday,30.09
2023-09-21 09:00:00,28.870947,summer weekday,30.09
2023-09-21 10:00:00,26.989200000000004,summer weekday,26.24
2023-09-21 11:00:00,26.526885000000004,summer weekday,26.24
2023-09-21 12:00:00,26.86674900000001,summer weekday,26.24
2023-09-21 13:00:00,27.978804000000004,summer weekday,26.24
2023-09-21 14:00:00,29.088360000000005,summer weekday,30.09
2023-09-21 15:00:00,30.590259000000003,summer weekday,30.09
2023-09-21 16:00:00,32.866848000000005,summer weekday,34.79
2023-09-21 17:00:00,41.84450549999999,summer weekday,34.79
2023-09-21 18:00:00,51.656829,summer weekday,34.79
2023-09-21 19:00:00,36.71031000000001,summer weekday,34.79
2023-09-21 20:00:00,31.71231,summer weekday,30.09
2023-09-21 21:00:00,29.875545,summer weekday,30.09
2023-09-21 22:00:00,29.207062500000006,summer weekday,30.09
2023-09-21 23:00:00,28.402384500000004,summer weekday,30.09
2023-09-22 00:00:00,28.258692000000003,summer weekday,30.09
2023-09-22 01:00:00,28.369897500000004,summer weekday,30.09
2023-09-22 02:00:00,28.45861200000001,summer weekday,30.09
2023-09-22 03:00:00,28.7372505,summer weekday,30.09
2023-09-22 04:00:00,28.820967000000007,summer weekday,30.09
2023-09-22 05:00:00,31.439919000000003,summer weekday,30.09
2023-09-22 06:00:00,34.6148985,summer weekday,34.79
2023-09-22 07:00:00,34.331262,summer weekday,34.79
2023-09-22 08:00:00,32.150884500000004,summer weekday,30.09
2023-09-22 09:00:00,29.818068000000004,summer weekday,30.09
2023-09-22 10:00:00,28.729753500000008,summer weekday,30.09
2023-09-22 11:00:00,28.07001750000001,summer weekday,26.24
2023-09-22 12:00:00,27.086661000000003,summer weekday,26.24
2023-09-22 13:00:00,26.639340000000008,summer weekday,26.24
2023-09-22 14:00:00,27.240349500000004,summer weekday,26.24
2023-09-22 15:00:00,28.393638000000003,summer weekday,30.09
2023-09-22 16:00:00,30.7377,summer weekday,30.09
2023-09-22 17:00:00,34.417477500000004,summer weekday,34.79
2023-09-22 18:00:00,37.34755500000001,summer weekday,34.79
2023-09-22 19:00:00,34.0426275,summer weekday,34.79
2023-09-22 20:00:00,31.686070500000003,summer weekday,30.09
2023-09-22 21:00:00,30.6040035,summer weekday,30.09
2023-09-22 22:00:00,30.245397000000004,summer weekday,30.09
2023-09-22 23:00:00,30.992598000000008,summer weekday,30.09
2023-09-23 00:00:00,30.041728500000005,summer weekend,30.93
2023-09-23 01:00:00,29.494447500000003,summer weekend,30.93
2023-09-23 02:00:00,28.828464000000004,summer weekend,30.93
2023-09-23 03:00:00,28.542328500000007,summer weekend,26.54
2023-09-23 04:00:00,28.835961000000008,summer weekend,30.93
2023-09-23 05:00:00,29.723106000000005,summer weekend,30.93
2023-09-23 06:00:00,30.762690000000006,summer weekend,30.93
2023-09-23 07:00:00,31.1113005,summer weekend,30.93
2023-09-23 08:00:00,30.447816000000003,summer weekend,30.93
2023-09-23 09:00:00,28.70726250000001,summer weekend,26.54
2023-09-23 10:00:00,27.976305000000007,summer weekend,26.54
2023-09-23 11:00:00,27.350305500000005,summer weekend,26.54
2023-09-23 12:00:00,26.1832725,summer weekend,26.54
2023-09-23 13:00:00,24.00164550000001,summer weekend,26.54
2023-09-23 14:00:00,26.239500000000003,summer weekend,26.54
2023-09-23 15:00:00,27.236601000000004,summer weekend,26.54
2023-09-23 16:00:00,30.115449000000005,summer weekend,30.93
2023-09-23 17:00:00,33.570316500000004,summer weekend,30.93
2023-09-23 18:00:00,36.8839905,summer weekend,30.93
2023-09-23 19:00:00,35.485800000000005,summer weekend,30.93
2023-09-23 20:00:00,32.100904500000006,summer weekend,30.93
2023-09-23 21:00:00,30.727704000000006,summer weekend,30.93
2023-09-23 22:00:00,29.913030000000003,summer weekend,30.93
2023-09-23 23:00:00,29.701864500000003,summer weekend,30.93
2023-09-24 00:00:00,28.268688000000004,summer weekend,26.54
2023-09-24 01:00:00,27.0804135,summer weekend,26.54
2023-09-24 02:00:00,27.097906500000004,summer weekend,26.54
2023-09-24 03:00:00,27.727654500000003,summer weekend,26.54
2023-09-24 04:00:00,28.70476350000001,summer weekend,26.54
2023-09-24 05:00:00,29.189569500000005,summer weekend,30.93
2023-09-24 06:00:00,29.120847,summer weekend,30.93
2023-09-24 07:00:00,28.765989000000005,summer weekend,30.93
2023-09-24 08:00:00,24.785082000000003,summer weekend,26.54
2023-09-24 09:00:00,17.500497,summer weekend,18.94
2023-09-24 10:00:00,17.474257499999997,summer weekend,18.94
2023-09-24 11:00:00,17.3646585,summer weekend,18.94
2023-09-24 12:00:00,17.071859,summer weekend,18.94
2023-09-24 13:00:00,17.067337,summer weekend,18.94
2023-09-24 14:00:00,17.359005999999997,summer weekend,18.94
2023-09-24 15:00:00,18.020289,summer weekend,18.94
2023-09-24 16:00:00,29.616898500000005,summer weekend,30.93
2023-09-24 17:00:00,34.09885500000001,summer weekend,30.93
2023-09-24 18:00:00,36.9964455,summer weekend,30.93
2023-09-24 19:00:00,34.23380100000001,summer weekend,30.93
2023-09-24 20:00:00,30.487800000000004,summer weekend,30.93
2023-09-24 21:00:00,29.0546235,summer weekend,30.93
2023-09-24 22:00:00,26.470657500000005,summer weekend,26.54
2023-09-24 23:00:00,21.6950685,summer weekend,18.94
2023-09-25 00:00:00,18.61755,summer weekday,26.24
2023-09-25 01:00:00,17.5042455,summer weekday,26.24
2023-09-25 02:00:00,17.378046,summer weekday,26.24
2023-09-25 03:00:00,17.429275500000003,summer weekday,26.24
2023-09-25 04:00:00,23.6342925,summer weekday,26.24
2023-09-25 05:00:00,31.03258200000001,summer weekday,30.09
2023-09-25 06:00:00,34.7548425,summer weekday,34.79
2023-09-25 07:00:00,35.2359,summer weekday,34.79
2023-09-25 08:00:00,32.152134000000004,summer weekday,30.09
2023-09-25 09:00:00,29.089609500000005,summer weekday,30.09
2023-09-25 10:00:00,28.489849500000005,summer weekday,30.09
2023-09-25 11:00:00,26.8729965,summer weekday,26.24
2023-09-25 12:00:00,26.877994500000007,summer weekday,26.24
2023-09-25 13:00:00,27.875095500000004,summer weekday,26.24
2023-09-25 14:00:00,28.870947,summer weekday,30.09
2023-09-25 15:00:00,29.545677,summer weekday,30.09
2023-09-25 16:00:00,33.10175400000001,summer weekday,34.79
2023-09-25 17:00:00,42.36929549999999,summer weekday,34.79
2023-09-25 18:00:00,64.79782049999999,summer weekday,34.79
2023-09-25 19:00:00,48.52933049999999,summer weekday,34.79
2023-09-25 20:00:00,34.403733,summer weekday,34.79
2023-09-25 21:00:00,32.725654500000005,summer weekday,34.79
2023-09-25 22:00:00,31.1337915,summer weekday,30.09
2023-09-25 23:00:00,31.632342000000005,summer weekday,30.09
2023-09-26 00:00:00,30.86140050000001,summer weekday,30.09
2023-09-26 01:00:00,30.479053500000006,summer weekday,30.09
2023-09-26 02:00:00,30.435321000000005,summer weekday,30.09
2023-09-26 03:00:00,30.4340715,summer weekday,30.09
2023-09-26 04:00:00,30.86140050000001,summer weekday,30.09
2023-09-26 05:00:00,36.392937,summer weekday,34.79
2023-09-26 06:00:00,53.42237249999999,summer weekday,34.79
2023-09-26 07:00:00,38.232201,summer weekday,34.79
2023-09-26 08:00:00,32.080912500000004,summer weekday,30.09
2023-09-26 09:00:00,29.914279500000003,summer weekday,30.09
2023-09-26 10:00:00,29.2720365,summer weekday,30.09
2023-09-26 11:00:00,28.748496000000003,summer weekday,30.09
2023-09-26 12:00:00,27.7326525,summer weekday,26.24
2023-09-26 13:00:00,28.59730650000001,summer weekday,30.09
2023-09-26 14:00:00,29.615649000000005,summer weekday,30.09
2023-09-26 15:00:00,30.426574500000005,summer weekday,30.09
2023-09-26 16:00:00,34.296276,summer weekday,34.79
2023-09-26 17:00:00,39.889038,summer weekday,34.79
2023-09-26 18:00:00,48.20820899999999,summer weekday,34.79
2023-09-26 19:00:00,37.402533000000005,summer weekday,34.79
2023-09-26 20:00:00,33.145486500000004,summer weekday,34.79
2023-09-26 21:00:00,30.870147000000006,summer weekday,30.09
2023-09-26 22:00:00,30.022986000000007,summer weekday,30.09
2023-09-26 23:00:00,30.551524500000003,summer weekday,30.09
2023-09-27 00:00:00,30.11295,summer weekday,30.09
2023-09-27 01:00:00,30.1816725,summer weekday,30.09
2023-09-27 02:00:00,30.11919750000001,summer weekday,30.09
2023-09-27 03:00:00,29.919277500000003,summer weekday,30.09
2023-09-27 04:00:00,30.940119000000006,summer weekday,30.09
2023-09-27 05:00:00,35.080962,summer weekday,34.79
2023-09-27 06:00:00,49.82631149999999,summer weekday,34.79
2023-09-27 07:00:00,39.296775,summer weekday,34.79
2023-09-27 08:00:00,33.4603605,summer weekday,34.79
2023-09-27 09:00:00,30.15418350000001,summer weekday,30.09
2023-09-27 10:00:00,29.020887000000005,summer weekday,30.09
2023-09-27 11:00:00,28.63854000000001,summer weekday,30.09
2023-09-27 12:00:00,28.28118300000001,summer weekday,30.09
2023-09-27 13:00:00,28.516089000000008,summer weekday,30.09
2023-09-27 14:00:00,29.118348000000005,summer weekday,30.09
2023-09-27 15:00:00,31.018837500000007,summer weekday,30.09
2023-09-27 16:00:00,36.0993045,summer weekday,34.79
2023-09-27 17:00:00,41.7245535,summer weekday,34.79
2023-09-27 18:00:00,44.19481499999999,summer weekday,34.79
2023-09-27 19:00:00,35.12094600000001,summer weekday,34.79
2023-09-27 20:00:00,30.840159000000003,summer weekday,30.09
2023-09-27 21:00:00,29.410731,summer weekday,30.09
2023-09-27 22:00:00,28.499845500000006,summer weekday,30.09
2023-09-27 23:00:00,28.408632000000004,summer weekday,30.09
2023-09-28 00:00:00,27.870097500000007,summer weekday,26.24
2023-09-28 01:00:00,26.483152500000006,summer weekday,26.24
2023-09-28 02:00:00,26.719308000000005,summer weekday,26.24
2023-09-28 03:00:00,27.472756500000006,summer weekday,26.24
2023-09-28 04:00:00,28.973406000000004,summer weekday,30.09
2023-09-28 05:00:00,31.7810325,summer weekday,30.09
2023-09-28 06:00:00,33.142987500000004,summer weekday,34.79
2023-09-28 07:00:00,33.556572,summer weekday,34.79
2023-09-28 08:00:00,31.2187575,summer weekday,30.09
2023-09-28 09:00:00,29.033382000000007,summer weekday,30.09
2023-09-28 10:00:00,28.433622000000003,summer weekday,30.09
2023-09-28 11:00:00,27.798876000000007,summer weekday,26.24
2023-09-28 12:00:00,27.613950000000003,summer weekday,26.24
2023-09-28 13:00:00,28.326165000000003,summer weekday,30.09
2023-09-28 14:00:00,28.865949000000004,summer weekday,30.09
2023-09-28 15:00:00,29.849305500000007,summer weekday,30.09
2023-09-28 16:00:00,33.9401685,summer weekday,34.79
2023-09-28 17:00:00,40.4650575,summer weekday,34.79
2023-09-28 18:00:00,50.57975999999999,summer weekday,34.79
2023-09-28 19:00:00,36.92397450000001,summer weekday,34.79
2023-09-28 20:00:00,33.394137,summer weekday,34.79
2023-09-28 21:00:00,32.164629000000005,summer weekday,30.09
2023-09-28 22:00:00,31.241248500000005,summer weekday,30.09
2023-09-28 23:00:00,30.925125000000005,summer weekday,30.09
2023-09-29 00:00:00,29.604403500000007,summer weekday,30.09
2023-09-29 01:00:00,29.3070225,summer weekday,30.09
2023-09-29 02:00:00,28.863450000000007,summer weekday,30.09
2023-09-29 03:00:00,29.117098500000004,summer weekday,30.09
2023-09-29 04:00:00,29.94801600000001,summer weekday,30.09
2023-09-29 05:00:00,33.4178775,summer weekday,34.79
2023-09-29 06:00:00,34.601154,summer weekday,34.79
2023-09-29 07:00:00,33.6177975,summer weekday,34.79
2023-09-29 08:00:00,30.715209,summer weekday,30.09
2023-09-29 09:00:00,28.8721965,summer weekday,30.09
2023-09-29 10:00:00,28.284931500000003,summer weekday,30.09
2023-09-29 11:00:00,27.620197500000007,summer weekday,26.24
2023-09-29 12:00:00,26.419428000000003,summer weekday,26.24
2023-09-29 13:00:00,26.994198000000008,summer weekday,26.24
2023-09-29 14:00:00,28.701015000000005,summer weekday,30.09
2023-09-29 15:00:00,29.421976500000003,summer weekday,30.09
2023-09-29 16:00:00,31.363699500000006,summer weekday,30.09
2023-09-29 17:00:00,33.6177975,summer weekday,34.79
2023-09-29 18:00:00,34.919776500000005,summer weekday,34.79
2023-09-29 19:00:00,33.978903,summer weekday,34.79
2023-09-29 20:00:00,31.53738000000001,summer weekday,30.09
2023-09-29 21:00:00,30.6839715,summer weekday,30.09
2023-09-29 22:00:00,29.9967465,summer weekday,30.09
2023-09-29 23:00:00,28.732252500000005,summer weekday,30.09
2023-09-30 00:00:00,28.4748555,summer weekend,26.54
2023-09-30 01:00:00,28.46111100000001,summer weekend,26.54
2023-09-30 02:00:00,28.453614000000005,summer weekend,26.54
2023-09-30 03:00:00,28.398636000000003,summer weekend,26.54
2023-09-30 04:00:00,28.875945,summer weekend,30.93
2023-09-30 05:00:00,30.525285,summer weekend,30.93
2023-09-30 06:00:00,31.045077000000003,summer weekend,30.93
2023-09-30 07:00:00,31.118797500000003,summer weekend,30.93
2023-09-30 08:00:00,30.484051500000003,summer weekend,30.93
2023-09-30 09:00:00,28.303674,summer weekend,26.54
2023-09-30 10:00:00,26.180773500000004,summer weekend,26.54
2023-09-30 11:00:00,22.710912000000004,summer weekend,18.94
2023-09-30 12:00:00,18.462612,summer weekend,18.94
2023-09-30 13:00:00,19.247298,summer weekend,18.94
2023-09-30 14:00:00,24.365250000000003,summer weekend,26.54
2023-09-30 15:00:00,27.990049500000005,summer weekend,26.54
2023-09-30 16:00:00,30.825165000000005,summer weekend,30.93
2023-09-30 17:00:00,34.4124795,summer weekend,30.93
2023-09-30 18:00:00,37.84735500000001,summer weekend,30.93
2023-09-30 19:00:00,34.123845,summer weekend,30.93
2023-09-30 20:00:00,31.412430000000004,summer weekend,30.93
2023-09-30 21:00:00,30.78768,summer weekend,30.93
2023-09-30 22:00:00,29.992998000000004,summer weekend,30.93
2023-09-30 23:00:00,30.204163500000003,summer weekend,30.93
2023-10-01 00:00:00,29.13084300000001,summer weekend,30.93
2023-10-01 01:00:00,28.438620000000004,summer weekend,26.54
2023-10-01 02:00:00,28.534831500000003,summer weekend,26.54
2023-10-01 03:00:00,28.224955500000004,summer weekend,26.54
2023-10-01 04:00:00,28.045027500000003,summer weekend,26.54
2023-10-01 05:00:00,27.9975465,summer weekend,26.54
2023-10-01 06:00:00,28.373646000000004,summer weekend,26.54
2023-10-01 07:00:00,27.626445,summer weekend,26.54
2023-10-01 08:00:00,25.20616350000001,summer weekend,26.54
2023-10-01 09:00:00,22.366050000000005,summer weekend,18.94
2023-10-01 10:00:00,18.4913505,summer weekend,18.94
2023-10-01 11:00:00,17.366919499999998,summer weekend,18.94
2023-10-01 12:00:00,17.1498635,summer weekend,18.94
2023-10-01 13:00:00,17.285523499999996,summer weekend,18.94
2023-10-01 14:00:00,17.559223499999998,summer weekend,18.94
2023-10-01 15:00:00,25.20616350000001,summer weekend,26.54
2023-10-01 16:00:00,29.80182450000001,summer weekend,30.93
2023-10-01 17:00:00,32.369547000000004,summer weekend,30.93
2023-10-01 18:00:00,33.61155,summer weekend,30.93
2023-10-01 19:00:00,33.61155,summer weekend,30.93
2023-10-01 20:00:00,31.757292000000003,summer weekend,30.93
2023-10-01 21:00:00,30.69021900000001,summer weekend,30.93
2023-10-01 22:00:00,29.859301500000004,summer weekend,30.93
2023-10-01 23:00:00,29.225805,summer weekend,30.93
2023-10-02 00:00:00,29.009641500000004,summer weekend,30.93
2023-10-02 01:00:00,29.038380000000004,summer weekend,30.93
2023-10-02 02:00:00,28.865949000000004,summer weekend,30.93
2023-10-02 03:00:00,29.323266000000007,summer weekend,30.93
2023-10-02 04:00:00,29.779333500000003,summer weekend,30.93
2023-10-02 05:00:00,32.9855505,summer weekend,30.93
2023-10-02 06:00:00,35.29712550000001,summer weekend,30.93
2023-10-02 07:00:00,35.423325,summer weekend,30.93
2023-10-02 08:00:00,33.361650000000004,summer weekend,30.93
2023-10-02 09:00:00,30.527784000000004,summer weekend,30.93
2023-10-02 10:00:00,28.923426000000006,summer weekend,30.93
2023-10-02 11:00:00,28.648536000000004,summer weekend,26.54
2023-10-02 12:00:00,28.353654,summer weekend,26.54
2023-10-02 13:00:00,28.38489150000001,summer weekend,26.54
2023-10-02 14:00:00,28.676025000000006,summer weekend,26.54
2023-10-02 15:00:00,30.6164985,summer weekend,30.93
2023-10-02 16:00:00,34.02013650000001,summer weekend,30.93
2023-10-02 17:00:00,42.35929949999999,summer weekend,30.93
2023-10-02 18:00:00,47.9870475,summer weekend,30.93
2023-10-02 19:00:00,37.3687965,summer weekend,30.93
2023-10-02 20:00:00,32.36205,summer weekend,30.93
2023-10-02 21:00:00,30.741448500000004,summer weekend,30.93
2023-10-02 22:00:00,29.86305,summer weekend,30.93
2023-10-02 23:00:00,29.560671,summer weekend,30.93
2023-10-03 00:00:00,29.189569500000005,summer weekend,30.93
2023-10-03 01:00:00,26.356953000000004,summer weekend,26.54
2023-10-03 02:00:00,21.196518,summer weekend,18.94
2023-10-03 03:00:00,18.8062245,summer weekend,18.94
2023-10-03 04:00:00,17.995299,summer weekend,18.94
2023-10-03 05:00:00,18.1564845,summer weekend,18.94
2023-10-03 06:00:00,21.828765,summer weekend,18.94
2023-10-03 07:00:00,18.929925,summer weekend,18.94
2023-10-03 08:00:00,17.780385000000003,summer weekend,18.94
2023-10-03 09:00:00,17.359005999999997,summer weekend,18.94
2023-10-03 10:00:00,17.261783,summer weekend,18.94
2023-10-03 11:00:00,16.429734999999997,summer weekend,18.94
2023-10-03 12:00:00,16.1165865,summer weekend,18.94
2023-10-03 13:00:00,16.239810999999996,summer weekend,18.94
2023-10-03 14:00:00,16.8129745,summer weekend,18.94
2023-10-03 15:00:00,17.3623975,summer weekend,18.94
2023-10-03 16:00:00,17.9928,summer weekend,18.94
2023-10-03 17:00:00,21.831264,summer weekend,18.94
2023-10-03 18:00:00,24.865050000000004,summer weekend,26.54
2023-10-03 19:00:00,23.304424500000003,summer weekend,26.54
2023-10-03 20:00:00,19.0861125,summer weekend,18.94
2023-10-03 21:00:00,23.003295000000005,summer weekend,26.54
2023-10-03 22:00:00,18.625047,summer weekend,18.94
2023-10-03 23:00:00,20.1431895,summer weekend,18.94
2023-10-04 00:00:00,18.630045,summer weekday,26.24
2023-10-04 01:00:00,18.5588235,summer weekday,26.24
2023-10-04 02:00:00,18.3389115,summer weekday,26.24
2023-10-04 03:00:00,19.179825,summer weekday,26.24
2023-10-04 04:00:00,23.355654,summer weekday,26.24
2023-10-04 05:00:00,29.686870500000005,summer weekday,30.09
2023-10-04 06:00:00,31.989699000000005,summer weekday,30.09
2023-10-04 07:00:00,32.525734500000006,summer weekday,34.79
2023-10-04 08:00:00,30.600255000000004,summer weekday,30.09
2023-10-04 09:00:00,27.071667000000005,summer weekday,26.24
2023-10-04 10:00:00,25.767189000000005,summer weekday,26.24
2023-10-04 11:00:00,22.0599225,summer weekday,26.24
2023-10-04 12:00:00,22.708413000000004,summer weekday,26.24
2023-10-04 13:00:00,22.334812500000005,summer weekday,26.24
2023-10-04 14:00:00,25.057473,summer weekday,26.24
2023-10-04 15:00:00,27.3528045,summer weekday,26.24
2023-10-04 16:00:00,29.3095215,summer weekday,30.09
2023-10-04 17:00:00,31.874745,summer weekday,30.09
2023-10-04 18:00:00,33.28168200000001,summer weekday,34.79
2023-10-04 19:00:00,31.874745,summer weekday,30.09
2023-10-04 20:00:00,28.366149000000004,summer weekday,30.09
2023-10-04 21:00:00,28.062520500000005,summer weekday,26.24
2023-10-04 22:00:00,27.095407500000004,summer weekday,26.24
2023-10-04 23:00:00,27.697666500000008,summer weekday,26.24
2023-10-05 00:00:00,26.965459500000005,summer weekday,26.24
2023-10-05 01:00:00,26.148286500000005,summer weekday,26.24
2023-10-05 02:00:00,25.039980000000003,summer weekday,26.24
2023-10-05 03:00:00,25.978354500000005,summer weekday,26.24
2023-10-05 04:00:00,27.171627000000004,summer weekday,26.24
2023-10-05 05:00:00,28.6847715,summer weekday,30.09
2023-10-05 06:00:00,30.795177,summer weekday,30.09
2023-10-05 07:00:00,32.593207500000005,summer weekday,34.79
2023-10-05 08:00:00,30.751444500000005,summer weekday,30.09
2023-10-05 09:00:00,28.27993350000001,summer weekday,30.09
2023-10-05 10:00:00,27.476505000000003,summer weekday,26.24
2023-10-05 11:00:00,27.239100000000004,summer weekday,26.24
2023-10-05 12:00:00,26.93797050000001,summer weekday,26.24
2023-10-05 13:00:00,27.367798500000006,summer weekday,26.24
2023-10-05 14:00:00,27.806373000000004,summer weekday,26.24
2023-10-05 15:00:00,29.464459500000004,summer weekday,30.09
2023-10-05 16:00:00,31.999695000000003,summer weekday,30.09
2023-10-05 17:00:00,39.439218,summer weekday,34.79
2023-10-05 18:00:00,48.64053599999999,summer weekday,34.79
2023-10-05 19:00:00,34.786080000000005,summer weekday,34.79
2023-10-05 20:00:00,31.103803500000005,summer weekday,30.09
2023-10-05 21:00:00,29.985501000000006,summer weekday,30.09
2023-10-05 22:00:00,29.185821000000004,summer weekday,30.09
2023-10-05 23:00:00,28.287430500000006,summer weekday,30.09
2023-10-06 00:00:00,27.971307000000007,summer weekday,26.24
2023-10-06 01:00:00,27.369048000000006,summer weekday,26.24
2023-10-06 02:00:00,26.746797000000004,summer weekday,26.24
2023-10-06 03:00:00,26.237001000000006,summer weekday,26.24
2023-10-06 04:00:00,26.848006500000004,summer weekday,26.24
2023-10-06 05:00:00,29.544427500000005,summer weekday,30.09
2023-10-06 06:00:00,32.0459265,summer weekday,30.09
2023-10-06 07:00:00,32.448265500000005,summer weekday,34.79
2023-10-06 08:00:00,30.411580500000007,summer weekday,30.09
2023-10-06 09:00:00,27.89633700000001,summer weekday,26.24
2023-10-06 10:00:00,25.216159500000003,summer weekday,26.24
2023-10-06 11:00:00,18.6237975,summer weekday,26.24
2023-10-06 12:00:00,17.502996,summer weekday,26.24
2023-10-06 13:00:00,17.551726499999997,summer weekday,26.24
2023-10-06 14:00:00,22.58971050000001,summer weekday,26.24
2023-10-06 15:00:00,25.162431,summer weekday,26.24
2023-10-06 16:00:00,28.182472500000003,summer weekday,30.09
2023-10-06 17:00:00,30.400335000000005,summer weekday,30.09
2023-10-06 18:00:00,31.258741500000006,summer weekday,30.09
2023-10-06 19:00:00,29.988000000000007,summer weekday,30.09
2023-10-06 20:00:00,27.372796500000003,summer weekday,26.24
2023-10-06 21:00:00,24.462711,summer weekday,26.24
2023-10-06 22:00:00,17.433024,summer weekday,26.24
2023-10-06 23:00:00,17.374297499999997,summer weekday,26.24
2023-10-07 00:00:00,17.373047999999997,summer weekend,18.94
2023-10-07 01:00:00,17.380544999999998,summer weekend,18.94
2023-10-07 02:00:00,17.451766499999998,summer weekend,18.94
2023-10-07 03:00:00,18.1264965,summer weekend,18.94
2023-10-07 04:00:00,20.039481,summer weekend,18.94
2023-10-07 05:00:00,23.920428,summer weekend,26.54
2023-10-07 06:00:00,25.760941500000005,summer weekend,26.54
2023-10-07 07:00:00,26.217009,summer weekend,26.54
2023-10-07 08:00:00,25.953364500000006,summer weekend,26.54
2023-10-07 09:00:00,23.218209000000005,summer weekend,26.54
2023-10-07 10:00:00,19.819569,summer weekend,18.94
2023-10-07 11:00:00,18.665031,summer weekend,18.94
2023-10-07 12:00:00,17.395538999999996,summer weekend,18.94
2023-10-07 13:00:00,17.493,summer weekend,18.94
2023-10-07 14:00:00,20.1181995,summer weekend,18.94
2023-10-07 15:00:00,25.0637205,summer weekend,26.54
2023-10-07 16:00:00,28.168728,summer weekend,26.54
2023-10-07 17:00:00,30.147936000000005,summer weekend,30.93
2023-10-07 18:00:00,30.976354500000006,summer weekend,30.93
2023-10-07 19:00:00,29.86305,summer weekend,30.93
2023-10-07 20:00:00,27.862600500000003,summer weekend,26.54
2023-10-07 21:00:00,26.887990500000004,summer weekend,26.54
2023-10-07 22:00:00,26.364450000000005,summer weekend,26.54
2023-10-07 23:00:00,26.202015000000006,summer weekend,26.54
2023-10-08 00:00:00,26.194518,summer weekend,26.54
2023-10-08 01:00:00,26.192019000000005,summer weekend,26.54
2023-10-08 02:00:00,26.190769500000005,summer weekend,26.54
2023-10-08 03:00:00,26.340709500000003,summer weekend,26.54
2023-10-08 04:00:00,27.000445500000005,summer weekend,26.54
2023-10-08 05:00:00,27.802624500000007,summer weekend,26.54
2023-10-08 06:00:00,29.86305,summer weekend,30.93
2023-10-08 07:00:00,30.127944000000003,summer weekend,30.93
2023-10-08 08:00:00,29.970507000000005,summer weekend,30.93
2023-10-08 09:00:00,28.231203000000004,summer weekend,26.54
2023-10-08 10:00:00,26.92797450000001,summer weekend,26.54
2023-10-08 11:00:00,26.185771500000005,summer weekend,26.54
2023-10-08 12:00:00,24.259042500000007,summer weekend,26.54
2023-10-08 13:00:00,24.190320000000003,summer weekend,26.54
2023-10-08 14:00:00,26.214510000000004,summer weekend,26.54
2023-10-08 15:00:00,28.437370500000004,summer weekend,26.54
2023-10-08 16:00:00,31.517388,summer weekend,30.93
2023-10-08 17:00:00,34.3200165,summer weekend,30.93
2023-10-08 18:00:00,37.68242100000001,summer weekend,30.93
2023-10-08 19:00:00,33.8427075,summer weekend,30.93
2023-10-08 20:00:00,31.137540000000005,summer weekend,30.93
2023-10-08 21:00:00,30.415329000000003,summer weekend,30.93
2023-10-08 22:00:00,29.405733000000005,summer weekend,30.93
2023-10-08 23:00:00,28.752244500000007,summer weekend,30.93
2023-10-09 00:00:00,28.294927500000007,summer weekday,30.09
2023-10-09 01:00:00,27.668928000000005,summer weekday,26.24
2023-10-09 02:00:00,27.039180000000005,summer weekday,26.24
2023-10-09 03:00:00,26.7393,summer weekday,26.24
2023-10-09 04:00:00,27.245347500000005,summer weekday,26.24
2023-10-09 05:00:00,29.450715,summer weekday,30.09
2023-10-09 06:00:00,31.337460000000007,summer weekday,30.09
2023-10-09 07:00:00,33.20171400000001,summer weekday,34.79
2023-10-09 08:00:00,32.54072850000001,summer weekday,34.79
2023-10-09 09:00:00,31.311220500000008,summer weekday,30.09
2023-10-09 10:00:00,30.532782000000005,summer weekday,30.09
2023-10-09 11:00:00,29.736850500000006,summer weekday,30.09
2023-10-09 12:00:00,29.938020000000005,summer weekday,30.09
2023-10-09 13:00:00,30.550275000000003,summer weekday,30.09
2023-10-09 14:00:00,31.101304500000005,summer weekday,30.09
2023-10-09 15:00:00,31.489899,summer weekday,30.09
2023-10-09 16:00:00,33.526584,summer weekday,34.79
2023-10-09 17:00:00,41.011089,summer weekday,34.79
2023-10-09 18:00:00,45.06946499999999,summer weekday,34.79
2023-10-09 19:00:00,40.421325,summer weekday,34.79
2023-10-09 20:00:00,33.95516250000001,summer weekday,34.79
2023-10-09 21:00:00,32.36205,summer weekday,30.09
2023-10-09 22:00:00,31.449915,summer weekday,30.09
2023-10-09 23:00:00,30.362850000000005,summer weekday,30.09
2023-10-10 00:00:00,29.938020000000005,summer weekday,30.09
2023-10-10 01:00:00,29.850555000000007,summer weekday,30.09
2023-10-10 02:00:00,29.80307400000001,summer weekday,30.09
2023-10-10 03:00:00,29.536930500000008,summer weekday,30.09
2023-10-10 04:00:00,31.201264500000004,summer weekday,30.09
2023-10-10 05:00:00,33.61155,summer weekday,34.79
2023-10-10 06:00:00,42.597954,summer weekday,34.79
2023-10-10 07:00:00,42.18686849999999,summer weekday,34.79
2023-10-10 08:00:00,33.873945,summer weekday,34.79
2023-10-10 09:00:00,31.88724000000001,summer weekday,30.09
2023-10-10 10:00:00,30.485301000000007,summer weekday,30.09
2023-10-10 11:00:00,29.444467500000005,summer weekday,30.09
2023-10-10 12:00:00,28.5248355,summer weekday,30.09
2023-10-10 13:00:00,28.790979,summer weekday,30.09
2023-10-10 14:00:00,28.815969000000003,summer weekday,30.09
2023-10-10 15:00:00,29.763090000000005,summer weekday,30.09
2023-10-10 16:00:00,32.032182000000006,summer weekday,30.09
2023-10-10 17:00:00,33.289179000000004,summer weekday,34.79
2023-10-10 18:00:00,34.769836500000004,summer weekday,34.79
2023-10-10 19:00:00,30.460311000000004,summer weekday,30.09
2023-10-10 20:00:00,28.206213,summer weekday,30.09
2023-10-10 21:00:00,28.444867500000004,summer weekday,30.09
2023-10-10 22:00:00,25.977105000000005,summer weekday,26.24
2023-10-10 23:00:00,25.271137500000005,summer weekday,26.24
2023-10-11 00:00:00,20.624247,summer weekday,26.24
2023-10-11 01:00:00,18.3489075,summer weekday,26.24
2023-10-11 02:00:00,17.6566845,summer weekday,26.24
2023-10-11 03:00:00,17.775387,summer weekday,26.24
2023-10-11 04:00:00,18.61755,summer weekday,26.24
2023-10-11 05:00:00,27.380293500000008,summer weekday,26.24
2023-10-11 06:00:00,33.256692,summer weekday,34.79
2023-10-11 07:00:00,33.346656,summer weekday,34.79
2023-10-11 08:00:00,30.230403000000003,summer weekday,30.09
2023-10-11 09:00:00,23.616799500000003,summer weekday,26.24
2023-10-11 10:00:00,17.4992475,summer weekday,26.24
2023-10-11 11:00:00,17.368049999999997,summer weekday,26.24
2023-10-11 12:00:00,17.361267,summer weekday,26.24
2023-10-11 13:00:00,17.363528,summer weekday,26.24
2023-10-11 14:00:00,17.375546999999997,summer weekday,26.24
2023-10-11 15:00:00,24.587661,summer weekday,26.24
2023-10-11 16:00:00,30.141688500000004,summer weekday,30.09
2023-10-11 17:00:00,33.33541050000001,summer weekday,34.79
2023-10-11 18:00:00,33.878943,summer weekday,34.79
2023-10-11 19:00:00,32.6806725,summer weekday,34.79
2023-10-11 20:00:00,30.106702500000008,summer weekday,30.09
2023-10-11 21:00:00,29.720607000000005,summer weekday,30.09
2023-10-11 22:00:00,28.603554000000003,summer weekday,30.09
2023-10-11 23:00:00,27.152884500000003,summer weekday,26.24
2023-10-12 00:00:00,27.7326525,summer weekday,26.24
2023-10-12 01:00:00,27.830113500000007,summer weekday,26.24
2023-10-12 02:00:00,28.341159,summer weekday,30.09
2023-10-12 03:00:00,28.49359800000001,summer weekday,30.09
2023-10-12 04:00:00,30.187920000000005,summer weekday,30.09
2023-10-12 05:00:00,33.17422500000001,summer weekday,34.79
2023-10-12 06:00:00,33.96640800000001,summer weekday,34.79
2023-10-12 07:00:00,35.909380500000005,summer weekday,34.79
2023-10-12 08:00:00,34.571166000000005,summer weekday,34.79
2023-10-12 09:00:00,33.724005000000005,summer weekday,34.79
2023-10-12 10:00:00,32.97930300000001,summer weekday,34.79
2023-10-12 11:00:00,31.247496000000005,summer weekday,30.09
2023-10-12 12:00:00,30.399085500000005,summer weekday,30.09
2023-10-12 13:00:00,30.910131,summer weekday,30.09
2023-10-12 14:00:00,32.36205,summer weekday,30.09
2023-10-12 15:00:00,33.075514500000004,summer weekday,34.79
2023-10-12 16:00:00,35.485800000000005,summer weekday,34.79
2023-10-12 17:00:00,38.597055000000005,summer weekday,34.79
2023-10-12 18:00:00,44.98075049999999,summer weekday,34.79
2023-10-12 19:00:00,36.269236500000005,summer weekday,34.79
2023-10-12 20:00:00,33.53158200000001,summer weekday,34.79
2023-10-12 21:00:00,32.799375000000005,summer weekday,34.79
2023-10-12 22:00:00,31.092558000000004,summer weekday,30.09
2023-10-12 23:00:00,32.860600500000004,summer weekday,34.79
2023-10-13 00:00:00,31.737300000000005,summer weekday,30.09
2023-10-13 01:00:00,30.75519300000001,summer weekday,30.09
2023-10-13 02:00:00,30.037980000000005,summer weekday,30.09
2023-10-13 03:00:00,29.873046,summer weekday,30.09
2023-10-13 04:00:00,29.26953750000001,summer weekday,30.09
2023-10-13 05:00:00,33.5403285,summer weekday,34.79
2023-10-13 06:00:00,35.2921275,summer weekday,34.79
2023-10-13 07:00:00,35.5170375,summer weekday,34.79
2023-10-13 08:00:00,33.867697500000006,summer weekday,34.79
2023-10-13 09:00:00,29.738100000000006,summer weekday,30.09
2023-10-13 10:00:00,26.366949,summer weekday,26.24
2023-10-13 11:00:00,21.6725775,summer weekday,26.24
2023-10-13 12:00:00,18.280185,summer weekday,26.24
2023-10-13 13:00:00,17.9065845,summer weekday,26.24
2023-10-13 14:00:00,17.897837999999997,summer weekday,26.24
2023-10-13 15:00:00,18.61755,summer weekday,26.24
2023-10-13 16:00:00,23.175726000000004,summer weekday,26.24
2023-10-13 17:00:00,26.643088500000005,summer weekday,26.24
2023-10-13 18:00:00,26.901735,summer weekday,26.24
2023-10-13 19:00:00,19.359753,summer weekday,26.24
2023-10-13 20:00:00,17.9990475,summer weekday,26.24
2023-10-13 21:00:00,17.39304,summer weekday,26.24
2023-10-13 22:00:00,17.276479499999997,summer weekday,26.24
2023-10-13 23:00:00,17.3578755,summer weekday,26.24
2023-10-14 00:00:00,17.156646499999997,summer weekend,18.94
2023-10-14 01:00:00,17.1996055,summer weekend,18.94
2023-10-14 02:00:00,17.173603999999997,summer weekend,18.94
2023-10-14 03:00:00,17.1182095,summer weekend,18.94
2023-10-14 04:00:00,17.132906000000002,summer weekend,18.94
2023-10-14 05:00:00,17.259521999999997,summer weekend,18.94
2023-10-14 06:00:00,17.365789,summer weekend,18.94
2023-10-14 07:00:00,18.5038455,summer weekend,18.94
2023-10-14 08:00:00,19.94202,summer weekend,18.94
2023-10-14 09:00:00,17.502996,summer weekend,18.94
2023-10-14 10:00:00,17.3623975,summer weekend,18.94
2023-10-14 11:00:00,17.261783,summer weekend,18.94
2023-10-14 12:00:00,17.2448255,summer weekend,18.94
2023-10-14 13:00:00,17.210910499999997,summer weekend,18.94
2023-10-14 14:00:00,17.359005999999997,summer weekend,18.94
2023-10-14 15:00:00,17.44302,summer weekend,18.94
2023-10-14 16:00:00,25.763440500000005,summer weekend,26.54
2023-10-14 17:00:00,32.099655000000006,summer weekend,30.93
2023-10-14 18:00:00,33.6078015,summer weekend,30.93
2023-10-14 19:00:00,29.4769545,summer weekend,30.93
2023-10-14 20:00:00,28.073766000000003,summer weekend,26.54
2023-10-14 21:00:00,26.68807050000001,summer weekend,26.54
2023-10-14 22:00:00,23.248197000000005,summer weekend,26.54
2023-10-14 23:00:00,19.2010665,summer weekend,18.94
2023-10-15 00:00:00,18.237702,summer weekend,18.94
2023-10-15 01:00:00,18.0915105,summer weekend,18.94
2023-10-15 02:00:00,18.500097,summer weekend,18.94
2023-10-15 03:00:00,18.082764,summer weekend,18.94
2023-10-15 04:00:00,18.3214185,summer weekend,18.94
2023-10-15 05:00:00,18.102756,summer weekend,18.94
2023-10-15 06:00:00,20.034483,summer weekend,18.94
2023-10-15 07:00:00,20.439321,summer weekend,18.94
2023-10-15 08:00:00,21.229005,summer weekend,18.94
2023-10-15 09:00:00,18.0015465,summer weekend,18.94
2023-10-15 10:00:00,17.373047999999997,summer weekend,18.94
2023-10-15 11:00:00,17.3578755,summer weekend,18.94
2023-10-15 12:00:00,17.255,summer weekend,18.94
2023-10-15 13:00:00,17.169082,summer weekend,18.94
2023-10-15 14:00:00,17.342048499999997,summer weekend,18.94
2023-10-15 15:00:00,17.497998,summer weekend,18.94
2023-10-15 16:00:00,27.464010000000005,summer weekend,26.54
2023-10-15 17:00:00,34.848555000000005,summer weekend,30.93
2023-10-15 18:00:00,34.23380100000001,summer weekend,30.93
2023-10-15 19:00:00,33.89393700000001,summer weekend,30.93
2023-10-15 20:00:00,31.7410485,summer weekend,30.93
2023-10-15 21:00:00,31.982202000000004,summer weekend,30.93
2023-10-15 22:00:00,29.27328600000001,summer weekend,30.93
2023-10-15 23:00:00,30.315369000000004,summer weekend,30.93
2023-10-16 00:00:00,29.491948500000003,summer weekday,30.09
2023-10-16 01:00:00,29.65938150000001,summer weekday,30.09
2023-10-16 02:00:00,29.441968500000005,summer weekday,30.09
2023-10-16 03:00:00,29.16707850000001,summer weekday,30.09
2023-10-16 04:00:00,29.646886500000004,summer weekday,30.09
2023-10-16 05:00:00,34.80607200000001,summer weekday,34.79
2023-10-16 06:00:00,37.28133150000001,summer weekday,34.79
2023-10-16 07:00:00,38.07476400000001,summer weekday,34.79
2023-10-16 08:00:00,36.6715755,summer weekday,34.79
2023-10-16 09:00:00,32.606952,summer weekday,34.79
2023-10-16 10:00:00,31.964709000000003,summer weekday,30.09
2023-10-16 11:00:00,31.586110500000007,summer weekday,30.09
2023-10-16 12:00:00,30.6439875,summer weekday,30.09
2023-10-16 13:00:00,31.048825500000007,summer weekday,30.09
2023-10-16 14:00:00,31.955962500000005,summer weekday,30.09
2023-10-16 15:00:00,34.731102,summer weekday,34.79
2023-10-16 16:00:00,38.2134585,summer weekday,34.79
2023-10-16 17:00:00,43.739997,summer weekday,34.79
2023-10-16 18:00:00,47.35604999999999,summer weekday,34.79
2023-10-16 19:00:00,37.352553,summer weekday,34.79
2023-10-16 20:00:00,35.487049500000005,summer weekday,34.79
2023-10-16 21:00:00,34.26129,summer weekday,34.79
2023-10-16 22:00:00,32.26458900000001,summer weekday,30.09
2023-10-16 23:00:00,33.309171,summer weekday,34.79
2023-10-17 00:00:00,31.617348000000007,summer weekday,30.09
2023-10-17 01:00:00,30.910131,summer weekday,30.09
2023-10-17 02:00:00,30.550275000000003,summer weekday,30.09
2023-10-17 03:00:00,31.1837715,summer weekday,30.09
2023-10-17 04:00:00,32.606952,summer weekday,34.79
2023-10-17 05:00:00,36.14178750000001,summer weekday,34.79
2023-10-17 06:00:00,37.98480000000001,summer weekday,34.79
2023-10-17 07:00:00,41.24349599999999,summer weekday,34.79
2023-10-17 08:00:00,37.28508,summer weekday,34.79
2023-10-17 09:00:00,34.23380100000001,summer weekday,34.79
2023-10-17 10:00:00,31.57111650000001,summer weekday,30.09
2023-10-17 11:00:00,30.976354500000006,summer weekday,30.09
2023-10-17 12:00:00,29.873046,summer weekday,30.09
2023-10-17 13:00:00,29.66313,summer weekday,30.09
2023-10-17 14:00:00,30.8564025,summer weekday,30.09
2023-10-17 15:00:00,33.414129,summer weekday,34.79
2023-10-17 16:00:00,36.50039400000001,summer weekday,34.79
2023-10-17 17:00:00,38.099754,summer weekday,34.79
2023-10-17 18:00:00,37.91607750000001,summer weekday,34.79
2023-10-17 19:00:00,33.6078015,summer weekday,34.79
2023-10-17 20:00:00,33.973905,summer weekday,34.79
2023-10-17 21:00:00,33.1154985,summer weekday,34.79
2023-10-17 22:00:00,30.415329000000003,summer weekday,30.09
2023-10-17 23:00:00,28.561071000000005,summer weekday,30.09
2023-10-18 00:00:00,28.496097,summer weekday,30.09
2023-10-18 01:00:00,28.408632000000004,summer weekday,30.09
2023-10-18 02:00:00,28.548576000000004,summer weekday,30.09
2023-10-18 03:00:00,28.862200500000007,summer weekday,30.09
2023-10-18 04:00:00,29.558172000000003,summer weekday,30.09
2023-10-18 05:00:00,34.11135,summer weekday,34.79
2023-10-18 06:00:00,38.2234545,summer weekday,34.79
2023-10-18 07:00:00,37.252593,summer weekday,34.79
2023-10-18 08:00:00,32.788129500000004,summer weekday,34.79
2023-10-18 09:00:00,28.616049000000004,summer weekday,30.09
2023-10-18 10:00:00,26.979204000000006,summer weekday,26.24
2023-10-18 11:00:00,26.12579550000001,summer weekday,26.24
2023-10-18 12:00:00,25.364850000000004,summer weekday,26.24
2023-10-18 13:00:00,26.313220500000003,summer weekday,26.24
2023-10-18 14:00:00,28.622296500000004,summer weekday,30.09
2023-10-18 15:00:00,31.757292000000003,summer weekday,30.09
2023-10-18 16:00:00,33.74649600000001,summer weekday,34.79
2023-10-18 17:00:00,31.18002300000001,summer weekday,30.09
2023-10-18 18:00:00,30.72520500000001,summer weekday,30.09
2023-10-18 19:00:00,29.464459500000004,summer weekday,30.09
2023-10-18 20:00:00,28.149985500000007,summer weekday,26.24
2023-10-18 21:00:00,26.892988500000005,summer weekday,26.24
2023-10-18 22:00:00,23.300676000000003,summer weekday,26.24
2023-10-18 23:00:00,20.6030055,summer weekday,26.24
2023-10-19 00:00:00,19.2985275,summer weekday,26.24
2023-10-19 01:00:00,18.630045,summer weekday,26.24
2023-10-19 02:00:00,18.3863925,summer weekday,26.24
2023-10-19 03:00:00,19.4934495,summer weekday,26.24
2023-10-19 04:00:00,22.725906,summer weekday,26.24
2023-10-19 05:00:00,28.372396500000004,summer weekday,30.09
2023-10-19 06:00:00,30.835161000000006,summer weekday,30.09
2023-10-19 07:00:00,32.875594500000005,summer weekday,34.79
2023-10-19 08:00:00,33.2367,summer weekday,34.79
2023-10-19 09:00:00,32.7056625,summer weekday,34.79
2023-10-19 10:00:00,32.941818000000005,summer weekday,34.79
2023-10-19 11:00:00,32.96805750000001,summer weekday,34.79
2023-10-19 12:00:00,32.375794500000005,summer weekday,30.09
2023-10-19 13:00:00,32.309571000000005,summer weekday,30.09
2023-10-19 14:00:00,32.814369,summer weekday,34.79
2023-10-19 15:00:00,33.991398000000004,summer weekday,34.79
2023-10-19 16:00:00,34.573665000000005,summer weekday,34.79
2023-10-19 17:00:00,34.7198565,summer weekday,34.79
2023-10-19 18:00:00,34.6198965,summer weekday,34.79
2023-10-19 19:00:00,31.96096050000001,summer weekday,30.09
2023-10-19 20:00:00,29.207062500000006,summer weekday,30.09
2023-10-19 21:00:00,29.488200000000003,summer weekday,30.09
2023-10-19 22:00:00,27.813870000000005,summer weekday,26.24
2023-10-19 23:00:00,27.062920500000008,summer weekday,26.24
2023-10-20 00:00:00,25.326115500000004,summer weekday,26.24
2023-10-20 01:00:00,23.765490000000003,summer weekday,26.24
2023-10-20 02:00:00,21.7750365,summer weekday,26.24
2023-10-20 03:00:00,20.2481475,summer weekday,26.24
2023-10-20 04:00:00,22.58471250000001,summer weekday,26.24
2023-10-20 05:00:00,26.950465500000004,summer weekday,26.24
2023-10-20 06:00:00,30.877644000000004,summer weekday,30.09
2023-10-20 07:00:00,32.292078000000004,summer weekday,30.09
2023-10-20 08:00:00,32.956812000000006,summer weekday,34.79
2023-10-20 09:00:00,31.764789000000004,summer weekday,30.09
2023-10-20 10:00:00,31.00759200000001,summer weekday,30.09
2023-10-20 11:00:00,29.9567625,summer weekday,30.09
2023-10-20 12:00:00,29.083362000000005,summer weekday,30.09
2023-10-20 13:00:00,28.964659500000003,summer weekday,30.09
2023-10-20 14:00:00,29.277034500000003,summer weekday,30.09
2023-10-20 15:00:00,29.741848500000003,summer weekday,30.09
2023-10-20 16:00:00,30.925125000000005,summer weekday,30.09
2023-10-20 17:00:00,32.05467300000001,summer weekday,30.09
2023-10-20 18:00:00,32.39828550000001,summer weekday,30.09
2023-10-20 19:00:00,30.105453000000004,summer weekday,30.09
2023-10-20 20:00:00,27.721407000000003,summer weekday,26.24
2023-10-20 21:00:00,27.177874500000005,summer weekday,26.24
2023-10-20 22:00:00,24.420228000000005,summer weekday,26.24
2023-10-20 23:00:00,24.002895,summer weekday,26.24
2023-10-21 00:00:00,22.0249365,summer weekend,18.94
2023-10-21 01:00:00,22.333563000000005,summer weekend,18.94
2023-10-21 02:00:00,21.6101025,summer weekend,18.94
2023-10-21 03:00:00,22.0099425,summer weekend,18.94
2023-10-21 04:00:00,21.758793,summer weekend,18.94
2023-10-21 05:00:00,22.828365000000005,summer weekend,26.54
2023-10-21 06:00:00,25.6984665,summer weekend,26.54
2023-10-21 07:00:00,26.733052500000007,summer weekend,26.54
2023-10-21 08:00:00,24.703864500000005,summer weekend,26.54
2023-10-21 09:00:00,22.969558500000005,summer weekend,26.54
2023-10-21 10:00:00,21.253995,summer weekend,18.94
2023-10-21 11:00:00,19.96701,summer weekend,18.94
2023-10-21 12:00:00,18.61755,summer weekend,18.94
2023-10-21 13:00:00,19.0186395,summer weekend,18.94
2023-10-21 14:00:00,20.8703985,summer weekend,18.94
2023-10-21 15:00:00,27.907582500000004,summer weekend,26.54
2023-10-21 16:00:00,31.708561500000005,summer weekend,30.93
2023-10-21 17:00:00,33.41163,summer weekend,30.93
2023-10-21 18:00:00,31.702314,summer weekend,30.93
2023-10-21 19:00:00,28.639789500000006,summer weekend,26.54
2023-10-21 20:00:00,24.03913050000001,summer weekend,26.54
2023-10-21 21:00:00,23.531833500000005,summer weekend,26.54
2023-10-21 22:00:00,22.384792500000003,summer weekend,18.94
2023-10-21 23:00:00,22.2873315,summer weekend,18.94
2023-10-22 00:00:00,21.161532,summer weekend,18.94
2023-10-22 01:00:00,19.6933695,summer weekend,18.94
2023-10-22 02:00:00,19.3210185,summer weekend,18.94
2023-10-22 03:00:00,19.6608825,summer weekend,18.94
2023-10-22 04:00:00,21.656334,summer weekend,18.94
2023-10-22 05:00:00,21.149037,summer weekend,18.94
2023-10-22 06:00:00,24.64014,summer weekend,26.54
2023-10-22 07:00:00,24.177825,summer weekend,26.54
2023-10-22 08:00:00,25.218658500000004,summer weekend,26.54
2023-10-22 09:00:00,23.812971,summer weekend,26.54
2023-10-22 10:00:00,23.43937050000001,summer weekend,26.54
2023-10-22 11:00:00,22.989550500000004,summer weekend,26.54
2023-10-22 12:00:00,21.0153405,summer weekend,18.94
2023-10-22 13:00:00,21.348957,summer weekend,18.94
2023-10-22 14:00:00,23.776735500000004,summer weekend,26.54
2023-10-22 15:00:00,27.029184,summer weekend,26.54
2023-10-22 16:00:00,33.090508500000006,summer weekend,30.93
2023-10-22 17:00:00,34.272535500000004,summer weekend,30.93
2023-10-22 18:00:00,34.73859900000001,summer weekend,30.93
2023-10-22 19:00:00,33.1179975,summer weekend,30.93
2023-10-22 20:00:00,31.421176500000005,summer weekend,30.93
2023-10-22 21:00:00,30.135441000000004,summer weekend,30.93
2023-10-22 22:00:00,29.445717000000005,summer weekend,30.93
2023-10-22 23:00:00,29.795577,summer weekend,30.93
2023-10-23 00:00:00,29.87054700000001,summer weekday,30.09
2023-10-23 01:00:00,30.022986000000007,summer weekday,30.09
2023-10-23 02:00:00,29.876794500000003,summer weekday,30.09
2023-10-23 03:00:00,29.704363500000007,summer weekday,30.09
2023-10-23 04:00:00,30.539029500000005,summer weekday,30.09
2023-10-23 05:00:00,35.22340500000001,summer weekday,34.79
2023-10-23 06:00:00,39.546675,summer weekday,34.79
2023-10-23 07:00:00,42.15688049999999,summer weekday,34.79
2023-10-23 08:00:00,36.3167175,summer weekday,34.79
2023-10-23 09:00:00,33.3703965,summer weekday,34.79
2023-10-23 10:00:00,30.991348500000008,summer weekday,30.09
2023-10-23 11:00:00,30.14543700000001,summer weekday,30.09
2023-10-23 12:00:00,30.265389000000003,summer weekday,30.09
2023-10-23 13:00:00,30.7377,summer weekday,30.09
2023-10-23 14:00:00,33.451614000000006,summer weekday,34.79
2023-10-23 15:00:00,34.6948665,summer weekday,34.79
2023-10-23 16:00:00,36.7315515,summer weekday,34.79
2023-10-23 17:00:00,38.00854050000001,summer weekday,34.79
2023-10-23 18:00:00,36.84775500000001,summer weekday,34.79
2023-10-23 19:00:00,33.2779335,summer weekday,34.79
2023-10-23 20:00:00,30.365349,summer weekday,30.09
2023-10-23 21:00:00,30.8564025,summer weekday,30.09
2023-10-23 22:00:00,28.958412000000006,summer weekday,30.09
2023-10-23 23:00:00,30.029233500000004,summer weekday,30.09
2023-10-24 00:00:00,29.514439500000005,summer weekday,30.09
2023-10-24 01:00:00,29.180823000000007,summer weekday,30.09
2023-10-24 02:00:00,28.546077000000007,summer weekday,30.09
2023-10-24 03:00:00,28.6472865,summer weekday,30.09
2023-10-24 04:00:00,29.213310000000003,summer weekday,30.09
2023-10-24 05:00:00,30.069217500000004,summer weekday,30.09
2023-10-24 06:00:00,32.377044000000005,summer weekday,30.09
2023-10-24 07:00:00,33.701514,summer weekday,34.79
2023-10-24 08:00:00,34.4049825,summer weekday,34.79
2023-10-24 09:00:00,33.4078815,summer weekday,34.79
2023-10-24 10:00:00,32.9868,summer weekday,34.79
2023-10-24 11:00:00,32.235850500000005,summer weekday,30.09
2023-10-24 12:00:00,31.42992300000001,summer weekday,30.09
2023-10-24 13:00:00,31.78728000000001,summer weekday,30.09
2023-10-24 14:00:00,33.88269150000001,summer weekday,34.79
2023-10-24 15:00:00,33.506592000000005,summer weekday,34.79
2023-10-24 16:00:00,34.861050000000006,summer weekday,34.79
2023-10-24 17:00:00,36.0943065,summer weekday,34.79
2023-10-24 18:00:00,36.619096500000005,summer weekday,34.79
2023-10-24 19:00:00,34.0426275,summer weekday,34.79
2023-10-24 20:00:00,32.27583450000001,summer weekday,30.09
2023-10-24 21:00:00,31.624845000000004,summer weekday,30.09
2023-10-24 22:00:00,30.210411000000008,summer weekday,30.09
2023-10-24 23:00:00,29.746846500000004,summer weekday,30.09
2023-10-25 00:00:00,29.183322000000004,summer weekday,30.09
2023-10-25 01:00:00,28.542328500000007,summer weekday,30.09
2023-10-25 02:00:00,28.121247000000007,summer weekday,26.24
2023-10-25 03:00:00,28.681023000000003,summer weekday,30.09
2023-10-25 04:00:00,29.48695050000001,summer weekday,30.09
2023-10-25 05:00:00,33.049275,summer weekday,34.79
2023-10-25 06:00:00,36.130542000000005,summer weekday,34.79
2023-10-25 07:00:00,36.46915650000001,summer weekday,34.79
2023-10-25 08:00:00,34.922275500000005,summer weekday,34.79
2023-10-25 09:00:00,33.61404900000001,summer weekday,34.79
2023-10-25 10:00:00,32.9855505,summer weekday,34.79
2023-10-25 11:00:00,32.034681,summer weekday,30.09
2023-10-25 12:00:00,31.814769000000005,summer weekday,30.09
2023-10-25 13:00:00,32.9205765,summer weekday,34.79
2023-10-25 14:00:00,34.627393500000004,summer weekday,34.79
2023-10-25 15:00:00,35.79942450000001,summer weekday,34.79
2023-10-25 16:00:00,36.5766135,summer weekday,34.79
2023-10-25 17:00:00,36.687819000000005,summer weekday,34.79
2023-10-25 18:00:00,37.0739145,summer weekday,34.79
2023-10-25 19:00:00,34.49619600000001,summer weekday,34.79
2023-10-25 20:00:00,32.805622500000005,summer weekday,34.79
2023-10-25 21:00:00,32.369547000000004,summer weekday,30.09
2023-10-25 22:00:00,31.46241,summer weekday,30.09
2023-10-25 23:00:00,28.548576000000004,summer weekday,30.09
2023-10-26 00:00:00,28.6023045,summer weekday,30.09
2023-10-26 01:00:00,28.299925500000004,summer weekday,30.09
2023-10-26 02:00:00,28.24369800000001,summer weekday,30.09
2023-10-26 03:00:00,28.603554000000003,summer weekday,30.09
2023-10-26 04:00:00,29.86305,summer weekday,30.09
2023-10-26 05:00:00,31.997196,summer weekday,30.09
2023-10-26 06:00:00,34.068867000000004,summer weekday,34.79
2023-10-26 07:00:00,35.342107500000004,summer weekday,34.79
2023-10-26 08:00:00,35.985600000000005,summer weekday,34.79
2023-10-26 09:00:00,35.6569815,summer weekday,34.79
2023-10-26 10:00:00,34.861050000000006,summer weekday,34.79
2023-10-26 11:00:00,33.7502445,summer weekday,34.79
2023-10-26 12:00:00,32.373295500000005,summer weekday,30.09
2023-10-26 13:00:00,32.31207,summer weekday,30.09
2023-10-26 14:00:00,32.363299500000004,summer weekday,30.09
2023-10-26 15:00:00,33.753993,summer weekday,34.79
2023-10-26 16:00:00,35.22465450000001,summer weekday,34.79
2023-10-26 17:00:00,36.2292525,summer weekday,34.79
2023-10-26 18:00:00,36.23425050000001,summer weekday,34.79
2023-10-26 19:00:00,33.701514,summer weekday,34.79
2023-10-26 20:00:00,32.244597,summer weekday,30.09
2023-10-26 21:00:00,31.994697,summer weekday,30.09
2023-10-26 22:00:00,30.4690575,summer weekday,30.09
2023-10-26 23:00:00,30.432822,summer weekday,30.09
2023-10-27 00:00:00,29.529433500000003,summer weekday,30.09
2023-10-27 01:00:00,29.252044500000004,summer weekday,30.09
2023-10-27 02:00:00,29.2383,summer weekday,30.09
2023-10-27 03:00:00,29.756842500000005,summer weekday,30.09
2023-10-27 04:00:00,30.435321000000005,summer weekday,30.09
2023-10-27 05:00:00,32.68816950000001,summer weekday,34.79
2023-10-27 06:00:00,35.270886000000004,summer weekday,34.79
2023-10-27 07:00:00,36.67907250000001,summer weekday,34.79
2023-10-27 08:00:00,36.44791500000001,summer weekday,34.79
2023-10-27 09:00:00,35.50954050000001,summer weekday,34.79
2023-10-27 10:00:00,34.6473855,summer weekday,34.79
2023-10-27 11:00:00,32.660680500000005,summer weekday,34.79
2023-10-27 12:00:00,31.087560000000007,summer weekday,30.09
2023-10-27 13:00:00,30.059221500000003,summer weekday,30.09
2023-10-27 14:00:00,30.822666000000005,summer weekday,30.09
2023-10-27 15:00:00,33.162979500000006,summer weekday,34.79
2023-10-27 16:00:00,33.406632,summer weekday,34.79
2023-10-27 17:00:00,34.838559000000004,summer weekday,34.79
2023-10-27 18:00:00,34.928523000000006,summer weekday,34.79
2023-10-27 19:00:00,32.4732555,summer weekday,34.79
2023-10-27 20:00:00,29.869297500000005,summer weekday,30.09
2023-10-27 21:00:00,29.468208000000008,summer weekday,30.09
2023-10-27 22:00:00,29.075865000000004,summer weekday,30.09
2023-10-27 23:00:00,27.938820000000003,summer weekday,26.24
2023-10-28 00:00:00,25.940869500000005,summer weekend,26.54
2023-10-28 01:00:00,25.438570500000004,summer weekend,26.54
2023-10-28 02:00:00,24.240300000000005,summer weekend,26.54
2023-10-28 03:00:00,24.928774500000003,summer weekend,26.54
2023-10-28 04:00:00,25.990849500000007,summer weekend,26.54
2023-10-28 05:00:00,25.673476500000007,summer weekend,26.54
2023-10-28 06:00:00,27.351555000000005,summer weekend,26.54
2023-10-28 07:00:00,28.6997655,summer weekend,26.54
2023-10-28 08:00:00,28.551075,summer weekend,26.54
2023-10-28 09:00:00,28.239949500000005,summer weekend,26.54
2023-10-28 10:00:00,26.0883105,summer weekend,26.54
2023-10-28 11:00:00,26.097057000000007,summer weekend,26.54
2023-10-28 12:00:00,25.852155000000007,summer weekend,26.54
2023-10-28 13:00:00,26.603104500000004,summer weekend,26.54
2023-10-28 14:00:00,28.238700000000005,summer weekend,26.54
2023-10-28 15:00:00,31.364949000000006,summer weekend,30.93
2023-10-28 16:00:00,34.83606,summer weekend,30.93
2023-10-28 17:00:00,35.980602000000005,summer weekend,30.93
2023-10-28 18:00:00,32.2158585,summer weekend,30.93
2023-10-28 19:00:00,28.6572825,summer weekend,26.54
2023-10-28 20:00:00,27.802624500000007,summer weekend,26.54
2023-10-28 21:00:00,26.79927600000001,summer weekend,26.54
2023-10-28 22:00:00,23.300676000000003,summer weekend,26.54
2023-10-28 23:00:00,19.1235975,summer weekend,18.94
2023-10-29 00:00:00,17.488001999999998,summer weekend,18.94
2023-10-29 01:00:00,17.369299499999997,summer weekend,18.94
2023-10-29 02:00:00,17.370549,summer weekend,18.94
2023-10-29 03:00:00,17.340918,summer weekend,18.94
2023-10-29 04:00:00,17.336396,summer weekend,18.94
2023-10-29 05:00:00,17.3239605,summer weekend,18.94
2023-10-29 06:00:00,17.327352,summer weekend,18.94
2023-10-29 07:00:00,17.360136499999996,summer weekend,18.94
2023-10-29 08:00:00,17.369299499999997,summer weekend,18.94
2023-10-29 09:00:00,17.368049999999997,summer weekend,18.94
2023-10-29 10:00:00,17.3443095,summer weekend,18.94
2023-10-29 11:00:00,17.359005999999997,summer weekend,18.94
2023-10-29 12:00:00,17.3646585,summer weekend,18.94
2023-10-29 13:00:00,17.4442695,summer weekend,18.94
2023-10-29 14:00:00,18.6212985,summer weekend,18.94
2023-10-29 15:00:00,22.3697985,summer weekend,18.94
2023-10-29 16:00:00,26.979204000000006,summer weekend,26.54
2023-10-29 17:00:00,27.851355000000005,summer weekend,26.54
2023-10-29 18:00:00,26.986701000000004,summer weekend,26.54
2023-10-29 19:00:00,25.7859315,summer weekend,26.54
2023-10-29 20:00:00,25.134942,summer weekend,26.54
2023-10-29 21:00:00,24.117849000000003,summer weekend,26.54
2023-10-29 22:00:00,23.857953,summer weekend,26.54
2023-10-29 23:00:00,22.167379500000003,summer weekend,18.94
2023-10-30 00:00:00,18.36765,summer weekday,26.24
2023-10-30 01:00:00,18.3888915,summer weekday,26.24
2023-10-30 02:00:00,18.412632,summer weekday,26.24
2023-10-30 03:00:00,18.620049,summer weekday,26.24
2023-10-30 04:00:00,19.214811,summer weekday,26.24
2023-10-30 05:00:00,20.511792,summer weekday,26.24
2023-10-30 06:00:00,27.400285500000003,summer weekday,26.24
2023-10-30 07:00:00,30.601504500000004,summer weekday,30.09
2023-10-30 08:00:00,31.237500000000004,summer weekday,30.09
2023-10-30 09:00:00,30.237900000000007,summer weekday,30.09
2023-10-30 10:00:00,28.613550000000004,summer weekday,30.09
2023-10-30 11:00:00,29.384491500000003,summer weekday,30.09
2023-10-30 12:00:00,30.180423000000005,summer weekday,30.09
2023-10-30 13:00:00,31.689819,summer weekday,30.09
2023-10-30 14:00:00,32.859351000000004,summer weekday,34.79
2023-10-30 15:00:00,34.7923275,summer weekday,34.79
2023-10-30 16:00:00,35.477053500000004,summer weekday,34.79
2023-10-30 17:00:00,38.089758,summer weekday,34.79
2023-10-30 18:00:00,38.7345,summer weekday,34.79
2023-10-30 19:00:00,36.247995,summer weekday,34.79
2023-10-30 20:00:00,33.489099,summer weekday,34.79
2023-10-30 21:00:00,32.020936500000005,summer weekday,30.09
2023-10-30 22:00:00,31.519887000000004,summer weekday,30.09
2023-10-30 23:00:00,29.288280000000004,summer weekday,30.09
2023-10-31 00:00:00,28.119997500000007,summer weekday,26.24
2023-10-31 01:00:00,27.264090000000003,summer weekday,26.24
2023-10-31 02:00:00,26.359452000000005,summer weekday,26.24
2023-10-31 03:00:00,25.464810000000003,summer weekday,26.24
2023-10-31 04:00:00,25.111201500000004,summer weekday,26.24
2023-10-31 05:00:00,26.085811500000005,summer weekday,26.24
2023-10-31 06:00:00,28.42362600000001,summer weekday,30.09
2023-10-31 07:00:00,30.786430500000005,summer weekday,30.09
2023-10-31 08:00:00,30.865149,summer weekday,30.09
2023-10-31 09:00:00,29.925525000000004,summer weekday,30.09
2023-10-31 10:00:00,28.9884,summer weekday,30.09
2023-10-31 11:00:00,30.106702500000008,summer weekday,30.09
2023-10-31 12:00:00,30.0492255,summer weekday,30.09
2023-10-31 13:00:00,29.5844115,summer weekday,30.09
2023-10-31 14:00:00,30.484051500000003,summer weekday,30.09
2023-10-31 15:00:00,32.05092450000001,summer weekday,30.09
2023-10-31 16:00:00,34.25004450000001,summer weekday,34.79
2023-10-31 17:00:00,37.5862095,summer weekday,34.79
2023-10-31 18:00:00,38.864448,summer weekday,34.79
2023-10-31 19:00:00,36.475404000000005,summer weekday,34.79
2023-10-31 20:00:00,33.096756000000006,summer weekday,34.79
2023-10-31 21:00:00,31.85225400000001,summer weekday,30.09
2023-10-31 22:00:00,30.47780400000001,summer weekday,30.09
2023-10-31 23:00:00,29.284531500000007,summer weekday,30.09
2023-11-01 00:00:00,25.536031500000004,winter weekend,27.88
2023-11-01 01:00:00,25.56227100000001,winter weekend,27.88
2023-11-01 02:00:00,24.963760500000003,winter weekend,27.88
2023-11-01 03:00:00,24.957513,winter weekend,27.88
2023-11-01 04:00:00,24.732603,winter weekend,27.88
2023-11-01 05:00:00,25.61974800000001,winter weekend,27.88
2023-11-01 06:00:00,27.235351500000007,winter weekend,27.88
2023-11-01 07:00:00,28.058772000000005,winter weekend,27.88
2023-11-01 08:00:00,28.334911500000004,winter weekend,27.88
2023-11-01 09:00:00,26.01833850000001,winter weekend,27.88
2023-11-01 10:00:00,24.7401,winter weekend,27.88
2023-11-01 11:00:00,23.79048000000001,winter weekend,27.88
2023-11-01 12:00:00,23.320668000000005,winter weekend,19.67
2023-11-01 13:00:00,23.864200500000003,winter weekend,27.88
2023-11-01 14:00:00,25.373596500000005,winter weekend,27.88
2023-11-01 15:00:00,27.445267500000007,winter weekend,27.88
2023-11-01 16:00:00,27.235351500000007,winter weekend,27.88
2023-11-01 17:00:00,27.982552500000008,winter weekend,27.88
2023-11-01 18:00:00,27.301575000000007,winter weekend,27.88
2023-11-01 19:00:00,25.6859715,winter weekend,27.88
2023-11-01 20:00:00,24.009142500000003,winter weekend,27.88
2023-11-01 21:00:00,22.3048245,winter weekend,19.67
2023-11-01 22:00:00,21.637591500000003,winter weekend,19.67
2023-11-01 23:00:00,19.712112,winter weekend,19.67
2023-11-02 00:00:00,20.04198,winter weekday,26.91
2023-11-02 01:00:00,19.4884515,winter weekday,26.91
2023-11-02 02:00:00,19.289781,winter weekday,26.91
2023-11-02 03:00:00,19.0436295,winter weekday,26.91
2023-11-02 04:00:00,19.1785755,winter weekday,26.91
2023-11-02 05:00:00,20.181924,winter weekday,26.91
2023-11-02 06:00:00,26.060821500000003,winter weekday,26.91
2023-11-02 07:00:00,26.740549500000004,winter weekday,26.91
2023-11-02 08:00:00,27.154134000000003,winter weekday,26.91
2023-11-02 09:00:00,26.009592,winter weekday,26.91
2023-11-02 10:00:00,24.875046000000005,winter weekday,26.91
2023-11-02 11:00:00,25.043728500000004,winter weekday,26.91
2023-11-02 12:00:00,24.915030000000005,winter weekday,26.91
2023-11-02 13:00:00,24.785082000000003,winter weekday,26.91
2023-11-02 14:00:00,26.05207500000001,winter weekday,26.91
2023-11-02 15:00:00,26.874246000000003,winter weekday,26.91
2023-11-02 16:00:00,27.2928285,winter weekday,26.91
2023-11-02 17:00:00,28.271187000000005,winter weekday,26.91
2023-11-02 18:00:00,29.606902500000004,winter weekday,32.09
2023-11-02 19:00:00,29.093358,winter weekday,26.91
2023-11-02 20:00:00,28.333662000000007,winter weekday,26.91
2023-11-02 21:00:00,26.858002500000005,winter weekday,26.91
2023-11-02 22:00:00,26.398186500000005,winter weekday,26.91
2023-11-02 23:00:00,24.495198,winter weekday,26.91
2023-11-03 00:00:00,19.2635415,winter weekday,26.91
2023-11-03 01:00:00,18.8012265,winter weekday,26.91
2023-11-03 02:00:00,18.61755,winter weekday,26.91
2023-11-03 03:00:00,18.0840135,winter weekday,26.91
2023-11-03 04:00:00,18.5838135,winter weekday,26.91
2023-11-03 05:00:00,20.31687,winter weekday,26.91
2023-11-03 06:00:00,25.062471,winter weekday,26.91
2023-11-03 07:00:00,28.588560000000005,winter weekday,26.91
2023-11-03 08:00:00,29.240799000000003,winter weekday,26.91
2023-11-03 09:00:00,28.56232050000001,winter weekday,26.91
2023-11-03 10:00:00,27.712660500000005,winter weekday,26.91
2023-11-03 11:00:00,26.284482000000004,winter weekday,26.91
2023-11-03 12:00:00,25.073716500000003,winter weekday,26.91
2023-11-03 13:00:00,24.953764500000005,winter weekday,26.91
2023-11-03 14:00:00,25.454814,winter weekday,26.91
2023-11-03 15:00:00,25.992099000000007,winter weekday,26.91
2023-11-03 16:00:00,27.60770250000001,winter weekday,26.91
2023-11-03 17:00:00,28.363650000000003,winter weekday,26.91
2023-11-03 18:00:00,28.519837500000005,winter weekday,26.91
2023-11-03 19:00:00,28.392388500000003,winter weekday,26.91
2023-11-03 20:00:00,25.9983465,winter weekday,26.91
2023-11-03 21:00:00,24.006643500000006,winter weekday,26.91
2023-11-03 22:00:00,23.057023500000003,winter weekday,26.91
2023-11-03 23:00:00,19.9457685,winter weekday,26.91
2023-11-04 00:00:00,23.08076400000001,winter weekend,19.67
2023-11-04 01:00:00,21.373947,winter weekend,19.67
2023-11-04 02:00:00,21.11655,winter weekend,19.67
2023-11-04 03:00:00,20.1181995,winter weekend,19.67
2023-11-04 04:00:00,19.7658405,winter weekend,19.67
2023-11-04 05:00:00,19.29228,winter weekend,19.67
2023-11-04 06:00:00,19.3834935,winter weekend,19.67
2023-11-04 07:00:00,20.501796,winter weekend,19.67
2023-11-04 08:00:00,20.5980075,winter weekend,19.67
2023-11-04 09:00:00,19.86705,winter weekend,19.67
2023-11-04 10:00:00,19.1111025,winter weekend,19.67
2023-11-04 11:00:00,19.26729,winter weekend,19.67
2023-11-04 12:00:00,19.86705,winter weekend,19.67
2023-11-04 13:00:00,20.009493,winter weekend,19.67
2023-11-04 14:00:00,21.2152605,winter weekend,19.67
2023-11-04 15:00:00,22.702165500000003,winter weekend,19.67
2023-11-04 16:00:00,22.366050000000005,winter weekend,19.67
2023-11-04 17:00:00,23.460612000000005,winter weekend,19.67
2023-11-04 18:00:00,22.366050000000005,winter weekend,19.67
2023-11-04 19:00:00,21.0678195,winter weekend,19.67
2023-11-04 20:00:00,18.969909,winter weekend,19.67
2023-11-04 21:00:00,18.66753,winter weekend,19.67
2023-11-04 22:00:00,18.8337135,winter weekend,19.67
2023-11-04 23:00:00,18.2489475,winter weekend,19.67
2023-11-05 00:00:00,18.4563645,winter weekend,19.67
2023-11-05 01:00:00,18.1914705,winter weekend,19.67
2023-11-05 02:00:00,18.015291,winter weekend,19.67
2023-11-05 03:00:00,17.740401000000002,winter weekend,19.67
2023-11-05 04:00:00,17.897837999999997,winter weekend,19.67
2023-11-05 05:00:00,18.3664005,winter weekend,19.67
2023-11-05 06:00:00,18.2789355,winter weekend,19.67
2023-11-05 07:00:00,18.7787355,winter weekend,19.67
2023-11-05 08:00:00,19.314771,winter weekend,19.67
2023-11-05 09:00:00,20.369349,winter weekend,19.67
2023-11-05 10:00:00,23.299426500000006,winter weekend,19.67
2023-11-05 11:00:00,23.423127,winter weekend,19.67
2023-11-05 12:00:00,22.900836,winter weekend,19.67
2023-11-05 13:00:00,21.079065,winter weekend,19.67
2023-11-05 14:00:00,22.1348925,winter weekend,19.67
2023-11-05 15:00:00,24.512691000000004,winter weekend,27.88
2023-11-05 16:00:00,25.251145500000007,winter weekend,27.88
2023-11-05 17:00:00,26.733052500000007,winter weekend,27.88
2023-11-05 18:00:00,26.448166500000006,winter weekend,27.88
2023-11-05 19:00:00,24.761341500000004,winter weekend,27.88
2023-11-05 20:00:00,23.175726000000004,winter weekend,19.67
2023-11-05 21:00:00,19.9732575,winter weekend,19.67
2023-11-05 22:00:00,19.347258,winter weekend,19.67
2023-11-05 23:00:00,18.0815145,winter weekend,19.67
2023-11-06 00:00:00,17.712911999999996,winter weekday,26.91
2023-11-06 01:00:00,17.381794499999998,winter weekday,26.91
2023-11-06 02:00:00,17.3717985,winter weekday,26.91
2023-11-06 03:00:00,17.385543,winter weekday,26.91
2023-11-06 04:00:00,17.905334999999997,winter weekday,26.91
2023-11-06 05:00:00,19.4834535,winter weekday,26.91
2023-11-06 06:00:00,26.4356715,winter weekday,26.91
2023-11-06 07:00:00,29.30827200000001,winter weekday,26.91
2023-11-06 08:00:00,29.354503500000003,winter weekday,26.91
2023-11-06 09:00:00,26.730553500000003,winter weekday,26.91
2023-11-06 10:00:00,24.882543000000005,winter weekday,26.91
2023-11-06 11:00:00,24.401485500000003,winter weekday,26.91
2023-11-06 12:00:00,24.6213975,winter weekday,26.91
2023-11-06 13:00:00,25.737201,winter weekday,26.91
2023-11-06 14:00:00,27.400285500000003,winter weekday,26.91
2023-11-06 15:00:00,29.873046,winter weekday,32.09
2023-11-06 16:00:00,31.3836915,winter weekday,32.09
2023-11-06 17:00:00,34.569916500000005,winter weekday,32.09
2023-11-06 18:00:00,36.228003,winter weekday,37.29
2023-11-06 19:00:00,34.80107400000001,winter weekday,37.29
2023-11-06 20:00:00,31.252494,winter weekday,32.09
2023-11-06 21:00:00,30.571516500000005,winter weekday,32.09
2023-11-06 22:00:00,29.748096000000004,winter weekday,32.09
2023-11-06 23:00:00,28.331163000000004,winter weekday,26.91
2023-11-07 00:00:00,27.226605000000003,winter weekday,26.91
2023-11-07 01:00:00,26.901735,winter weekday,26.91
2023-11-07 02:00:00,26.214510000000004,winter weekday,26.91
2023-11-07 03:00:00,25.865899500000005,winter weekday,26.91
2023-11-07 04:00:00,26.145787500000004,winter weekday,26.91
2023-11-07 05:00:00,27.7826325,winter weekday,26.91
2023-11-07 06:00:00,30.022986000000007,winter weekday,32.09
2023-11-07 07:00:00,33.9726555,winter weekday,32.09
2023-11-07 08:00:00,34.367497500000006,winter weekday,32.09
2023-11-07 09:00:00,31.7285535,winter weekday,32.09
2023-11-07 10:00:00,29.7943275,winter weekday,32.09
2023-11-07 11:00:00,28.49234850000001,winter weekday,26.91
2023-11-07 12:00:00,28.1399895,winter weekday,26.91
2023-11-07 13:00:00,28.46236050000001,winter weekday,26.91
2023-11-07 14:00:00,29.5494255,winter weekday,32.09
2023-11-07 15:00:00,30.8713965,winter weekday,32.09
2023-11-07 16:00:00,31.474905000000003,winter weekday,32.09
2023-11-07 17:00:00,34.466208,winter weekday,32.09
2023-11-07 18:00:00,36.033081,winter weekday,37.29
2023-11-07 19:00:00,33.913929,winter weekday,32.09
2023-11-07 20:00:00,30.452814000000004,winter weekday,32.09
2023-11-07 21:00:00,28.985901000000005,winter weekday,26.91
2023-11-07 22:00:00,28.449865500000005,winter weekday,26.91
2023-11-07 23:00:00,26.635591500000004,winter weekday,26.91
2023-11-08 00:00:00,26.189520000000005,winter weekday,26.91
2023-11-08 01:00:00,26.641839000000004,winter weekday,26.91
2023-11-08 02:00:00,25.705963500000003,winter weekday,26.91
2023-11-08 03:00:00,25.112451,winter weekday,26.91
2023-11-08 04:00:00,25.709712000000003,winter weekday,26.91
2023-11-08 05:00:00,26.740549500000004,winter weekday,26.91
2023-11-08 06:00:00,27.92632500000001,winter weekday,26.91
2023-11-08 07:00:00,30.815169,winter weekday,32.09
2023-11-08 08:00:00,31.296226500000007,winter weekday,32.09
2023-11-08 09:00:00,29.0596215,winter weekday,26.91
2023-11-08 10:00:00,27.958812000000005,winter weekday,26.91
2023-11-08 11:00:00,27.2203575,winter weekday,26.91
2023-11-08 12:00:00,26.828014500000005,winter weekday,26.91
2023-11-08 13:00:00,26.874246000000003,winter weekday,26.91
2023-11-08 14:00:00,27.757642500000006,winter weekday,26.91
2023-11-08 15:00:00,30.540279000000005,winter weekday,32.09
2023-11-08 16:00:00,31.963459500000003,winter weekday,32.09
2023-11-08 17:00:00,32.242098000000006,winter weekday,32.09
2023-11-08 18:00:00,33.2479455,winter weekday,32.09
2023-11-08 19:00:00,32.4807525,winter weekday,32.09
2023-11-08 20:00:00,31.051324500000003,winter weekday,32.09
2023-11-08 21:00:00,28.969657500000007,winter weekday,26.91
2023-11-08 22:00:00,27.737650500000008,winter weekday,26.91
2023-11-08 23:00:00,25.827165000000004,winter weekday,26.91
2023-11-09 00:00:00,26.355703500000004,winter weekday,26.91
2023-11-09 01:00:00,25.905883500000005,winter weekday,26.91
2023-11-09 02:00:00,26.119548000000005,winter weekday,26.91
2023-11-09 03:00:00,26.464410000000004,winter weekday,26.91
2023-11-09 04:00:00,26.669328000000004,winter weekday,26.91
2023-11-09 05:00:00,27.817618500000005,winter weekday,26.91
2023-11-09 06:00:00,31.063819500000005,winter weekday,32.09
2023-11-09 07:00:00,32.369547000000004,winter weekday,32.09
2023-11-09 08:00:00,32.514489000000005,winter weekday,32.09
2023-11-09 09:00:00,31.07381550000001,winter weekday,32.09
2023-11-09 10:00:00,29.873046,winter weekday,32.09
2023-11-09 11:00:00,29.2383,winter weekday,26.91
2023-11-09 12:00:00,28.63354200000001,winter weekday,26.91
2023-11-09 13:00:00,28.903434000000004,winter weekday,26.91
2023-11-09 14:00:00,29.939269500000005,winter weekday,32.09
2023-11-09 15:00:00,31.938469500000004,winter weekday,32.09
2023-11-09 16:00:00,33.237949500000006,winter weekday,32.09
2023-11-09 17:00:00,33.83646000000001,winter weekday,32.09
2023-11-09 18:00:00,33.434121000000005,winter weekday,32.09
2023-11-09 19:00:00,31.377444000000008,winter weekday,32.09
2023-11-09 20:00:00,29.364499500000008,winter weekday,26.91
2023-11-09 21:00:00,27.711411000000005,winter weekday,26.91
2023-11-09 22:00:00,27.868848000000007,winter weekday,26.91
2023-11-09 23:00:00,26.659332000000003,winter weekday,26.91
2023-11-10 00:00:00,25.377345,winter weekday,26.91
2023-11-10 01:00:00,24.831313500000004,winter weekday,26.91
2023-11-10 02:00:00,24.082863000000003,winter weekday,26.91
2023-11-10 03:00:00,23.410632000000007,winter weekday,26.91
2023-11-10 04:00:00,23.61555,winter weekday,26.91
2023-11-10 05:00:00,25.712211000000003,winter weekday,26.91
2023-11-10 06:00:00,27.886341000000005,winter weekday,26.91
2023-11-10 07:00:00,30.695217000000003,winter weekday,32.09
2023-11-10 08:00:00,31.487400000000004,winter weekday,32.09
2023-11-10 09:00:00,30.922626000000005,winter weekday,32.09
2023-11-10 10:00:00,29.551924500000005,winter weekday,32.09
2023-11-10 11:00:00,28.603554000000003,winter weekday,26.91
2023-11-10 12:00:00,27.966309000000003,winter weekday,26.91
2023-11-10 13:00:00,28.236201000000005,winter weekday,26.91
2023-11-10 14:00:00,29.357002500000004,winter weekday,26.91
2023-11-10 15:00:00,31.35995100000001,winter weekday,32.09
2023-11-10 16:00:00,32.9868,winter weekday,32.09
2023-11-10 17:00:00,34.37374500000001,winter weekday,32.09
2023-11-10 18:00:00,34.24879500000001,winter weekday,32.09
2023-11-10 19:00:00,32.809371000000006,winter weekday,32.09
2023-11-10 20:00:00,31.478653500000004,winter weekday,32.09
2023-11-10 21:00:00,30.500295000000005,winter weekday,32.09
2023-11-10 22:00:00,30.359101500000005,winter weekday,32.09
2023-11-10 23:00:00,29.013390000000005,winter weekday,26.91
2023-11-11 00:00:00,28.276185000000005,winter weekend,27.88
2023-11-11 01:00:00,28.1000055,winter weekend,27.88
2023-11-11 02:00:00,28.098756000000005,winter weekend,27.88
2023-11-11 03:00:00,27.765139500000007,winter weekend,27.88
2023-11-11 04:00:00,27.702664500000004,winter weekend,27.88
2023-11-11 05:00:00,28.043778000000007,winter weekend,27.88
2023-11-11 06:00:00,28.151235000000003,winter weekend,27.88
2023-11-11 07:00:00,28.363650000000003,winter weekend,27.88
2023-11-11 08:00:00,28.863450000000007,winter weekend,27.88
2023-11-11 09:00:00,29.224555500000005,winter weekend,27.88
2023-11-11 10:00:00,28.773486000000005,winter weekend,27.88
2023-11-11 11:00:00,28.641039000000003,winter weekend,27.88
2023-11-11 12:00:00,28.35615300000001,winter weekend,27.88
2023-11-11 13:00:00,28.338660000000004,winter weekend,27.88
2023-11-11 14:00:00,28.800975000000005,winter weekend,27.88
2023-11-11 15:00:00,30.221656500000005,winter weekend,27.88
2023-11-11 16:00:00,31.827264000000003,winter weekend,33.58
2023-11-11 17:00:00,33.359151000000004,winter weekend,33.58
2023-11-11 18:00:00,34.331262,winter weekend,33.58
2023-11-11 19:00:00,32.9205765,winter weekend,33.58
2023-11-11 20:00:00,31.551124500000004,winter weekend,33.58
2023-11-11 21:00:00,30.185421,winter weekend,27.88
2023-11-11 22:00:00,28.910931,winter weekend,27.88
2023-11-11 23:00:00,28.289929500000003,winter weekend,27.88
2023-11-12 00:00:00,28.55607300000001,winter weekend,27.88
2023-11-12 01:00:00,28.033782,winter weekend,27.88
2023-11-12 02:00:00,28.020037500000004,winter weekend,27.88
2023-11-12 03:00:00,27.7826325,winter weekend,27.88
2023-11-12 04:00:00,27.880093500000005,winter weekend,27.88
2023-11-12 05:00:00,28.223706,winter weekend,27.88
2023-11-12 06:00:00,28.143738,winter weekend,27.88
2023-11-12 07:00:00,28.189969500000004,winter weekend,27.88
2023-11-12 08:00:00,28.31616900000001,winter weekend,27.88
2023-11-12 09:00:00,28.582312500000004,winter weekend,27.88
2023-11-12 10:00:00,28.439869500000007,winter weekend,27.88
2023-11-12 11:00:00,28.197466500000004,winter weekend,27.88
2023-11-12 12:00:00,28.374895500000004,winter weekend,27.88
2023-11-12 13:00:00,28.491099,winter weekend,27.88
2023-11-12 14:00:00,29.0821125,winter weekend,27.88
2023-11-12 15:00:00,31.052574000000003,winter weekend,33.58
2023-11-12 16:00:00,32.8381095,winter weekend,33.58
2023-11-12 17:00:00,34.644886500000005,winter weekend,33.58
2023-11-12 18:00:00,33.81646800000001,winter weekend,33.58
2023-11-12 19:00:00,33.0380295,winter weekend,33.58
2023-11-12 20:00:00,31.96221000000001,winter weekend,33.58
2023-11-12 21:00:00,30.778933500000004,winter weekend,33.58
2023-11-12 22:00:00,29.880543000000003,winter weekend,27.88
2023-11-12 23:00:00,28.366149000000004,winter weekend,27.88
2023-11-13 00:00:00,28.770987000000005,winter weekday,26.91
2023-11-13 01:00:00,28.216209000000006,winter weekday,26.91
2023-11-13 02:00:00,28.238700000000005,winter weekday,26.91
2023-11-13 03:00:00,28.269937500000005,winter weekday,26.91
2023-11-13 04:00:00,28.522336500000005,winter weekday,26.91
2023-11-13 05:00:00,29.020887000000005,winter weekday,26.91
2023-11-13 06:00:00,32.924325,winter weekday,32.09
2023-11-13 07:00:00,35.122195500000004,winter weekday,37.29
2023-11-13 08:00:00,36.334210500000005,winter weekday,37.29
2023-11-13 09:00:00,33.992647500000004,winter weekday,32.09
2023-11-13 10:00:00,32.584461000000005,winter weekday,32.09
2023-11-13 11:00:00,32.738149500000006,winter weekday,32.09
2023-11-13 12:00:00,32.529483000000006,winter weekday,32.09
2023-11-13 13:00:00,31.53363150000001,winter weekday,32.09
2023-11-13 14:00:00,29.418228000000006,winter weekday,26.91
2023-11-13 15:00:00,28.277434500000005,winter weekday,26.91
2023-11-13 16:00:00,27.511491000000007,winter weekday,26.91
2023-11-13 17:00:00,27.64768650000001,winter weekday,26.91
2023-11-13 18:00:00,28.080013500000007,winter weekday,26.91
2023-11-13 19:00:00,27.5227365,winter weekday,26.91
2023-11-13 20:00:00,26.731803000000006,winter weekday,26.91
2023-11-13 21:00:00,25.034982000000003,winter weekday,26.91
2023-11-13 22:00:00,23.749246500000005,winter weekday,26.91
2023-11-13 23:00:00,18.630045,winter weekday,26.91
2023-11-14 00:00:00,18.6262965,winter weekday,26.91
2023-11-14 01:00:00,17.4992475,winter weekday,26.91
2023-11-14 02:00:00,17.366919499999998,winter weekday,26.91
2023-11-14 03:00:00,17.359005999999997,winter weekday,26.91
2023-11-14 04:00:00,17.363528,winter weekday,26.91
2023-11-14 05:00:00,17.497998,winter weekday,26.91
2023-11-14 06:00:00,23.19072,winter weekday,26.91
2023-11-14 07:00:00,26.977954500000003,winter weekday,26.91
2023-11-14 08:00:00,27.635191500000005,winter weekday,26.91
2023-11-14 09:00:00,27.096657,winter weekday,26.91
2023-11-14 10:00:00,26.44191900000001,winter weekday,26.91
2023-11-14 11:00:00,26.466909,winter weekday,26.91
2023-11-14 12:00:00,26.746797000000004,winter weekday,26.91
2023-11-14 13:00:00,26.7505455,winter weekday,26.91
2023-11-14 14:00:00,27.490249500000004,winter weekday,26.91
2023-11-14 15:00:00,28.621047000000004,winter weekday,26.91
2023-11-14 16:00:00,28.713510000000003,winter weekday,26.91
2023-11-14 17:00:00,32.0634195,winter weekday,32.09
2023-11-14 18:00:00,32.3383095,winter weekday,32.09
2023-11-14 19:00:00,31.982202000000004,winter weekday,32.09
2023-11-14 20:00:00,29.916778500000007,winter weekday,32.09
2023-11-14 21:00:00,28.581063000000004,winter weekday,26.91
2023-11-14 22:00:00,28.502344500000003,winter weekday,26.91
2023-11-14 23:00:00,28.051275000000004,winter weekday,26.91
2023-11-15 00:00:00,27.50149500000001,winter weekday,26.91
2023-11-15 01:00:00,26.916729000000007,winter weekday,26.91
2023-11-15 02:00:00,26.47690500000001,winter weekday,26.91
2023-11-15 03:00:00,26.200765500000003,winter weekday,26.91
2023-11-15 04:00:00,26.670577500000004,winter weekday,26.91
2023-11-15 05:00:00,27.648936000000003,winter weekday,26.91
2023-11-15 06:00:00,30.247896,winter weekday,32.09
2023-11-15 07:00:00,32.7606405,winter weekday,32.09
2023-11-15 08:00:00,33.435370500000005,winter weekday,32.09
2023-11-15 09:00:00,32.523235500000006,winter weekday,32.09
2023-11-15 10:00:00,31.459911000000005,winter weekday,32.09
2023-11-15 11:00:00,29.843058000000006,winter weekday,32.09
2023-11-15 12:00:00,29.533182000000004,winter weekday,32.09
2023-11-15 13:00:00,29.999245500000004,winter weekday,32.09
2023-11-15 14:00:00,30.6464865,winter weekday,32.09
2023-11-15 15:00:00,32.5132395,winter weekday,32.09
2023-11-15 16:00:00,32.731902000000005,winter weekday,32.09
2023-11-15 17:00:00,33.341658,winter weekday,32.09
2023-11-15 18:00:00,33.599055,winter weekday,32.09
2023-11-15 19:00:00,32.496996,winter weekday,32.09
2023-11-15 20:00:00,31.125045000000007,winter weekday,32.09
2023-11-15 21:00:00,29.550675000000005,winter weekday,32.09
2023-11-15 22:00:00,28.820967000000007,winter weekday,26.91
2023-11-15 23:00:00,27.8900895,winter weekday,26.91
2023-11-16 00:00:00,28.046277000000003,winter weekday,26.91
2023-11-16 01:00:00,27.770137500000004,winter weekday,26.91
2023-11-16 02:00:00,26.754294000000005,winter weekday,26.91
2023-11-16 03:00:00,26.62184700000001,winter weekday,26.91
2023-11-16 04:00:00,27.50149500000001,winter weekday,26.91
2023-11-16 05:00:00,28.242448500000005,winter weekday,26.91
2023-11-16 06:00:00,29.87054700000001,winter weekday,32.09
2023-11-16 07:00:00,33.224205000000005,winter weekday,32.09
2023-11-16 08:00:00,33.61030050000001,winter weekday,32.09
2023-11-16 09:00:00,33.435370500000005,winter weekday,32.09
2023-11-16 10:00:00,32.374545000000005,winter weekday,32.09
2023-11-16 11:00:00,31.939719000000004,winter weekday,32.09
2023-11-16 12:00:00,32.6906685,winter weekday,32.09
2023-11-16 13:00:00,33.81646800000001,winter weekday,32.09
2023-11-16 14:00:00,35.713209,winter weekday,37.29
2023-11-16 15:00:00,37.17262500000001,winter weekday,37.29
2023-11-16 16:00:00,37.140138,winter weekday,37.29
2023-11-16 17:00:00,40.1576805,winter weekday,37.29
2023-11-16 18:00:00,35.143437,winter weekday,37.29
2023-11-16 19:00:00,33.015538500000005,winter weekday,32.09
2023-11-16 20:00:00,32.509491000000004,winter weekday,32.09
2023-11-16 21:00:00,31.737300000000005,winter weekday,32.09
2023-11-16 22:00:00,31.137540000000005,winter weekday,32.09
2023-11-16 23:00:00,29.9692575,winter weekday,32.09
2023-11-17 00:00:00,30.612750000000005,winter weekday,32.09
2023-11-17 01:00:00,29.86305,winter weekday,32.09
2023-11-17 02:00:00,29.319517500000007,winter weekday,26.91
2023-11-17 03:00:00,28.958412000000006,winter weekday,26.91
2023-11-17 04:00:00,29.325765000000008,winter weekday,26.91
2023-11-17 05:00:00,30.26289,winter weekday,32.09
2023-11-17 06:00:00,32.2808325,winter weekday,32.09
2023-11-17 07:00:00,33.7402485,winter weekday,32.09
2023-11-17 08:00:00,35.100954,winter weekday,37.29
2023-11-17 09:00:00,34.205062500000004,winter weekday,32.09
2023-11-17 10:00:00,33.3504045,winter weekday,32.09
2023-11-17 11:00:00,33.009291000000005,winter weekday,32.09
2023-11-17 12:00:00,32.299575,winter weekday,32.09
2023-11-17 13:00:00,31.362450000000003,winter weekday,32.09
2023-11-17 14:00:00,32.8506045,winter weekday,32.09
2023-11-17 15:00:00,33.61030050000001,winter weekday,32.09
2023-11-17 16:00:00,34.567417500000005,winter weekday,32.09
2023-11-17 17:00:00,35.650734,winter weekday,37.29
2023-11-17 18:00:00,36.060570000000006,winter weekday,37.29
2023-11-17 19:00:00,34.986000000000004,winter weekday,37.29
2023-11-17 20:00:00,33.4128795,winter weekday,32.09
2023-11-17 21:00:00,32.4032835,winter weekday,32.09
2023-11-17 22:00:00,32.129643,winter weekday,32.09
2023-11-17 23:00:00,31.347456,winter weekday,32.09
2023-11-18 00:00:00,31.18252200000001,winter weekend,33.58
2023-11-18 01:00:00,29.535681000000004,winter weekend,27.88
2023-11-18 02:00:00,28.689769500000008,winter weekend,27.88
2023-11-18 03:00:00,28.10875200000001,winter weekend,27.88
2023-11-18 04:00:00,27.673926000000005,winter weekend,27.88
2023-11-18 05:00:00,27.673926000000005,winter weekend,27.88
2023-11-18 06:00:00,28.13749050000001,winter weekend,27.88
2023-11-18 07:00:00,28.873446000000005,winter weekend,27.88
2023-11-18 08:00:00,29.8892895,winter weekend,27.88
2023-11-18 09:00:00,29.533182000000004,winter weekend,27.88
2023-11-18 10:00:00,29.373246000000005,winter weekend,27.88
2023-11-18 11:00:00,29.263290000000005,winter weekend,27.88
2023-11-18 12:00:00,29.200815,winter weekend,27.88
2023-11-18 13:00:00,29.23580100000001,winter weekend,27.88
2023-11-18 14:00:00,29.495697000000003,winter weekend,27.88
2023-11-18 15:00:00,29.564419500000007,winter weekend,27.88
2023-11-18 16:00:00,29.360751000000004,winter weekend,27.88
2023-11-18 17:00:00,30.496546500000004,winter weekend,27.88
2023-11-18 18:00:00,30.780183000000005,winter weekend,33.58
2023-11-18 19:00:00,28.768488000000005,winter weekend,27.88
2023-11-18 20:00:00,27.751395,winter weekend,27.88
2023-11-18 21:00:00,27.111651000000005,winter weekend,27.88
2023-11-18 22:00:00,26.584362,winter weekend,27.88
2023-11-18 23:00:00,24.628894500000005,winter weekend,27.88
2023-11-19 00:00:00,19.7583435,winter weekend,19.67
2023-11-19 01:00:00,18.0765165,winter weekend,19.67
2023-11-19 02:00:00,17.880345000000002,winter weekend,19.67
2023-11-19 03:00:00,17.384293500000002,winter weekend,19.67
2023-11-19 04:00:00,17.3767965,winter weekend,19.67
2023-11-19 05:00:00,17.379295499999998,winter weekend,19.67
2023-11-19 06:00:00,17.659183499999997,winter weekend,19.67
2023-11-19 07:00:00,18.0665205,winter weekend,19.67
2023-11-19 08:00:00,19.1785755,winter weekend,19.67
2023-11-19 09:00:00,19.719609,winter weekend,19.67
2023-11-19 10:00:00,18.9411705,winter weekend,19.67
2023-11-19 11:00:00,18.949917,winter weekend,19.67
2023-11-19 12:00:00,18.8262165,winter weekend,19.67
2023-11-19 13:00:00,17.493,winter weekend,19.67
2023-11-19 14:00:00,19.3110225,winter weekend,19.67
2023-11-19 15:00:00,25.778434500000003,winter weekend,27.88
2023-11-19 16:00:00,27.486501000000008,winter weekend,27.88
2023-11-19 17:00:00,29.240799000000003,winter weekend,27.88
2023-11-19 18:00:00,30.4315725,winter weekend,27.88
2023-11-19 19:00:00,30.340359,winter weekend,27.88
2023-11-19 20:00:00,28.444867500000004,winter weekend,27.88
2023-11-19 21:00:00,27.911331000000004,winter weekend,27.88
2023-11-19 22:00:00,28.369897500000004,winter weekend,27.88
2023-11-19 23:00:00,27.370297500000003,winter weekend,27.88
2023-11-20 00:00:00,25.902135000000005,winter weekday,26.91
2023-11-20 01:00:00,25.199916000000005,winter weekday,26.91
2023-11-20 02:00:00,24.853804500000003,winter weekday,26.91
2023-11-20 03:00:00,24.868798500000004,winter weekday,26.91
2023-11-20 04:00:00,25.459812000000007,winter weekday,26.91
2023-11-20 05:00:00,27.417778500000008,winter weekday,26.91
2023-11-20 06:00:00,30.2066625,winter weekday,32.09
2023-11-20 07:00:00,33.372895500000006,winter weekday,32.09
2023-11-20 08:00:00,33.1954665,winter weekday,32.09
2023-11-20 09:00:00,32.167128,winter weekday,32.09
2023-11-20 10:00:00,31.384941,winter weekday,32.09
2023-11-20 11:00:00,30.612750000000005,winter weekday,32.09
2023-11-20 12:00:00,30.237900000000007,winter weekday,32.09
2023-11-20 13:00:00,31.60610250000001,winter weekday,32.09
2023-11-20 14:00:00,32.40578250000001,winter weekday,32.09
2023-11-20 15:00:00,33.45536250000001,winter weekday,32.09
2023-11-20 16:00:00,34.852303500000005,winter weekday,37.29
2023-11-20 17:00:00,35.7357,winter weekday,37.29
2023-11-20 18:00:00,34.858551000000006,winter weekday,37.29
2023-11-20 19:00:00,33.6202965,winter weekday,32.09
2023-11-20 20:00:00,32.36704800000001,winter weekday,32.09
2023-11-20 21:00:00,30.738949500000004,winter weekday,32.09
2023-11-20 22:00:00,30.868897500000003,winter weekday,32.09
2023-11-20 23:00:00,29.570667000000004,winter weekday,32.09
2023-11-21 00:00:00,30.2066625,winter weekday,32.09
2023-11-21 01:00:00,29.63814,winter weekday,32.09
2023-11-21 02:00:00,29.37824400000001,winter weekday,26.91
2023-11-21 03:00:00,28.759741500000004,winter weekday,26.91
2023-11-21 04:00:00,29.368248000000005,winter weekday,26.91
2023-11-21 05:00:00,30.001744500000004,winter weekday,32.09
2023-11-21 06:00:00,32.380792500000005,winter weekday,32.09
2023-11-21 07:00:00,34.371246000000006,winter weekday,32.09
2023-11-21 08:00:00,35.1846705,winter weekday,37.29
2023-11-21 09:00:00,34.5099405,winter weekday,32.09
2023-11-21 10:00:00,34.23630000000001,winter weekday,32.09
2023-11-21 11:00:00,34.223805000000006,winter weekday,32.09
2023-11-21 12:00:00,34.8348105,winter weekday,37.29
2023-11-21 13:00:00,34.833561,winter weekday,37.29
2023-11-21 14:00:00,34.65738150000001,winter weekday,32.09
2023-11-21 15:00:00,34.903533,winter weekday,37.29
2023-11-21 16:00:00,35.350854000000005,winter weekday,37.29
2023-11-21 17:00:00,35.7319515,winter weekday,37.29
2023-11-21 18:00:00,35.12094600000001,winter weekday,37.29
2023-11-21 19:00:00,33.90518250000001,winter weekday,32.09
2023-11-21 20:00:00,32.96056050000001,winter weekday,32.09
2023-11-21 21:00:00,31.177524,winter weekday,32.09
2023-11-21 22:00:00,31.226254500000003,winter weekday,32.09
2023-11-21 23:00:00,29.618148000000005,winter weekday,32.09
2023-11-22 00:00:00,29.613150000000005,winter weekday,32.09
2023-11-22 01:00:00,29.23954950000001,winter weekday,26.91
2023-11-22 02:00:00,29.23954950000001,winter weekday,26.91
2023-11-22 03:00:00,28.863450000000007,winter weekday,26.91
2023-11-22 04:00:00,28.9246755,winter weekday,26.91
2023-11-22 05:00:00,29.222056500000004,winter weekday,26.91
2023-11-22 06:00:00,32.383291500000006,winter weekday,32.09
2023-11-22 07:00:00,34.95226350000001,winter weekday,37.29
2023-11-22 08:00:00,36.315468,winter weekday,37.29
2023-11-22 09:00:00,33.777733500000004,winter weekday,32.09
2023-11-22 10:00:00,31.7410485,winter weekday,32.09
2023-11-22 11:00:00,30.316618500000004,winter weekday,32.09
2023-11-22 12:00:00,29.324515500000004,winter weekday,26.91
2023-11-22 13:00:00,30.167928,winter weekday,32.09
2023-11-22 14:00:00,31.861000500000003,winter weekday,32.09
2023-11-22 15:00:00,32.342058,winter weekday,32.09
2023-11-22 16:00:00,33.2367,winter weekday,32.09
2023-11-22 17:00:00,33.973905,winter weekday,32.09
2023-11-22 18:00:00,33.5978055,winter weekday,32.09
2023-11-22 19:00:00,32.207112,winter weekday,32.09
2023-11-22 20:00:00,30.540279000000005,winter weekday,32.09
2023-11-22 21:00:00,28.572316500000007,winter weekday,26.91
2023-11-22 22:00:00,28.639789500000006,winter weekday,26.91
2023-11-22 23:00:00,26.713060500000005,winter weekday,26.91
2023-11-23 00:00:00,25.4860515,winter weekday,26.91
2023-11-23 01:00:00,23.121997500000003,winter weekday,26.91
2023-11-23 02:00:00,22.505994000000005,winter weekday,26.91
2023-11-23 03:00:00,21.1327935,winter weekday,26.91
2023-11-23 04:00:00,19.889541,winter weekday,26.91
2023-11-23 05:00:00,21.436422,winter weekday,26.91
2023-11-23 06:00:00,27.441519000000007,winter weekday,26.91
2023-11-23 07:00:00,31.607352,winter weekday,32.09
2023-11-23 08:00:00,32.3458065,winter weekday,32.09
2023-11-23 09:00:00,28.613550000000004,winter weekday,26.91
2023-11-23 10:00:00,27.726405000000007,winter weekday,26.91
2023-11-23 11:00:00,26.590609500000003,winter weekday,26.91
2023-11-23 12:00:00,25.673476500000007,winter weekday,26.91
2023-11-23 13:00:00,26.105803500000004,winter weekday,26.91
2023-11-23 14:00:00,26.110801500000004,winter weekday,26.91
2023-11-23 15:00:00,26.554374000000003,winter weekday,26.91
2023-11-23 16:00:00,26.563120500000004,winter weekday,26.91
2023-11-23 17:00:00,27.064170000000004,winter weekday,26.91
2023-11-23 18:00:00,26.5781145,winter weekday,26.91
2023-11-23 19:00:00,26.1932685,winter weekday,26.91
2023-11-23 20:00:00,23.728005000000003,winter weekday,26.91
2023-11-23 21:00:00,20.889141,winter weekday,26.91
2023-11-23 22:00:00,19.737102,winter weekday,26.91
2023-11-23 23:00:00,18.59256,winter weekday,26.91
2023-11-24 00:00:00,17.552975999999997,winter weekday,26.91
2023-11-24 01:00:00,17.380544999999998,winter weekday,26.91
2023-11-24 02:00:00,17.383044,winter weekday,26.91
2023-11-24 03:00:00,17.410533,winter weekday,26.91
2023-11-24 04:00:00,17.561722500000002,winter weekday,26.91
2023-11-24 05:00:00,21.3177195,winter weekday,26.91
2023-11-24 06:00:00,26.180773500000004,winter weekday,26.91
2023-11-24 07:00:00,29.148336000000004,winter weekday,26.91
2023-11-24 08:00:00,31.447416000000004,winter weekday,32.09
2023-11-24 09:00:00,29.112100500000004,winter weekday,26.91
2023-11-24 10:00:00,28.232452500000004,winter weekday,26.91
2023-11-24 11:00:00,27.291579,winter weekday,26.91
2023-11-24 12:00:00,26.90548350000001,winter weekday,26.91
2023-11-24 13:00:00,26.295727500000005,winter weekday,26.91
2023-11-24 14:00:00,26.786781000000005,winter weekday,26.91
2023-11-24 15:00:00,27.03543150000001,winter weekday,26.91
2023-11-24 16:00:00,28.018788000000004,winter weekday,26.91
2023-11-24 17:00:00,28.734751500000005,winter weekday,26.91
2023-11-24 18:00:00,28.644787500000003,winter weekday,26.91
2023-11-24 19:00:00,28.14248850000001,winter weekday,26.91
2023-11-24 20:00:00,27.551475000000007,winter weekday,26.91
2023-11-24 21:00:00,26.706813000000004,winter weekday,26.91
2023-11-24 22:00:00,27.059172000000004,winter weekday,26.91
2023-11-24 23:00:00,26.469408000000005,winter weekday,26.91
2023-11-25 00:00:00,27.122896500000003,winter weekend,27.88
2023-11-25 01:00:00,26.6180985,winter weekend,27.88
2023-11-25 02:00:00,26.3731965,winter weekend,27.88
2023-11-25 03:00:00,26.3157195,winter weekend,27.88
2023-11-25 04:00:00,26.113300500000005,winter weekend,27.88
2023-11-25 05:00:00,26.638090500000004,winter weekend,27.88
2023-11-25 06:00:00,27.340309500000007,winter weekend,27.88
2023-11-25 07:00:00,28.248696,winter weekend,27.88
2023-11-25 08:00:00,29.149585500000004,winter weekend,27.88
2023-11-25 09:00:00,28.830963,winter weekend,27.88
2023-11-25 10:00:00,28.509841500000004,winter weekend,27.88
2023-11-25 11:00:00,28.246197,winter weekend,27.88
2023-11-25 12:00:00,27.966309000000003,winter weekend,27.88
2023-11-25 13:00:00,27.7476465,winter weekend,27.88
2023-11-25 14:00:00,28.624795500000005,winter weekend,27.88
2023-11-25 15:00:00,29.320767,winter weekend,27.88
2023-11-25 16:00:00,31.726054500000004,winter weekend,33.58
2023-11-25 17:00:00,32.874345000000005,winter weekend,33.58
2023-11-25 18:00:00,33.249195,winter weekend,33.58
2023-11-25 19:00:00,33.26169,winter weekend,33.58
2023-11-25 20:00:00,32.5032435,winter weekend,33.58
2023-11-25 21:00:00,31.71605850000001,winter weekend,33.58
2023-11-25 22:00:00,31.774785000000005,winter weekend,33.58
2023-11-25 23:00:00,30.237900000000007,winter weekend,27.88
2023-11-26 00:00:00,31.249995,winter weekend,33.58
2023-11-26 01:00:00,30.58401150000001,winter weekend,27.88
2023-11-26 02:00:00,30.196666500000003,winter weekend,27.88
2023-11-26 03:00:00,29.876794500000003,winter weekend,27.88
2023-11-26 04:00:00,29.513190000000005,winter weekend,27.88
2023-11-26 05:00:00,29.58816000000001,winter weekend,27.88
2023-11-26 06:00:00,29.84180850000001,winter weekend,27.88
2023-11-26 07:00:00,30.494047500000004,winter weekend,27.88
2023-11-26 08:00:00,31.448665500000004,winter weekend,33.58
2023-11-26 09:00:00,32.024685000000005,winter weekend,33.58
2023-11-26 10:00:00,31.77353550000001,winter weekend,33.58
2023-11-26 11:00:00,31.699815000000005,winter weekend,33.58
2023-11-26 12:00:00,31.53363150000001,winter weekend,33.58
2023-11-26 13:00:00,31.11504900000001,winter weekend,33.58
2023-11-26 14:00:00,31.74979500000001,winter weekend,33.58
2023-11-26 15:00:00,32.769387,winter weekend,33.58
2023-11-26 16:00:00,34.1300925,winter weekend,33.58
2023-11-26 17:00:00,35.337109500000004,winter weekend,33.58
2023-11-26 18:00:00,36.0693165,winter weekend,33.58
2023-11-26 19:00:00,35.33336100000001,winter weekend,33.58
2023-11-26 20:00:00,34.350004500000004,winter weekend,33.58
2023-11-26 21:00:00,32.663179500000005,winter weekend,33.58
2023-11-26 22:00:00,32.235850500000005,winter weekend,33.58
2023-11-26 23:00:00,30.167928,winter weekend,27.88
2023-11-27 00:00:00,29.770587000000003,winter weekday,32.09
2023-11-27 01:00:00,29.124595500000005,winter weekday,26.91
2023-11-27 02:00:00,28.60105500000001,winter weekday,26.91
2023-11-27 03:00:00,28.466109000000007,winter weekday,26.91
2023-11-27 04:00:00,28.3524045,winter weekday,26.91
2023-11-27 05:00:00,29.124595500000005,winter weekday,26.91
2023-11-27 06:00:00,32.6131995,winter weekday,32.09
2023-11-27 07:00:00,34.72610400000001,winter weekday,37.29
2023-11-27 08:00:00,35.484550500000005,winter weekday,37.29
2023-11-27 09:00:00,34.7873295,winter weekday,37.29
2023-11-27 10:00:00,34.61115,winter weekday,32.09
2023-11-27 11:00:00,34.478703,winter weekday,32.09
2023-11-27 12:00:00,34.1076015,winter weekday,32.09
2023-11-27 13:00:00,33.945166500000006,winter weekday,32.09
2023-11-27 14:00:00,33.61155,winter weekday,32.09
2023-11-27 15:00:00,32.5132395,winter weekday,32.09
2023-11-27 16:00:00,31.844757000000005,winter weekday,32.09
2023-11-27 17:00:00,32.9280735,winter weekday,32.09
2023-11-27 18:00:00,32.764389,winter weekday,32.09
2023-11-27 19:00:00,32.002194,winter weekday,32.09
2023-11-27 20:00:00,29.939269500000005,winter weekday,32.09
2023-11-27 21:00:00,29.170827000000003,winter weekday,26.91
2023-11-27 22:00:00,29.263290000000005,winter weekday,26.91
2023-11-27 23:00:00,27.996297,winter weekday,26.91
2023-11-28 00:00:00,27.081663,winter weekday,26.91
2023-11-28 01:00:00,26.175775500000004,winter weekday,26.91
2023-11-28 02:00:00,25.7984265,winter weekday,26.91
2023-11-28 03:00:00,25.427325000000003,winter weekday,26.91
2023-11-28 04:00:00,25.900885500000005,winter weekday,26.91
2023-11-28 05:00:00,27.371547000000003,winter weekday,26.91
2023-11-28 06:00:00,28.53108300000001,winter weekday,26.91
2023-11-28 07:00:00,31.914729,winter weekday,32.09
2023-11-28 08:00:00,33.24044850000001,winter weekday,32.09
2023-11-28 09:00:00,34.621146,winter weekday,32.09
2023-11-28 10:00:00,34.773585000000004,winter weekday,37.29
2023-11-28 11:00:00,34.67362500000001,winter weekday,32.09
2023-11-28 12:00:00,34.31127,winter weekday,32.09
2023-11-28 13:00:00,34.576164000000006,winter weekday,32.09
2023-11-28 14:00:00,35.36584800000001,winter weekday,37.29
2023-11-28 15:00:00,36.11055,winter weekday,37.29
2023-11-28 16:00:00,37.86109950000001,winter weekday,37.29
2023-11-28 17:00:00,41.10605099999999,winter weekday,37.29
2023-11-28 18:00:00,39.4842,winter weekday,37.29
2023-11-28 19:00:00,37.38504000000001,winter weekday,37.29
2023-11-28 20:00:00,34.75109400000001,winter weekday,37.29
2023-11-28 21:00:00,33.0430275,winter weekday,32.09
2023-11-28 22:00:00,31.967208000000007,winter weekday,32.09
2023-11-28 23:00:00,31.0388295,winter weekday,32.09
2023-11-29 00:00:00,29.666878500000003,winter weekday,32.09
2023-11-29 01:00:00,29.259541500000008,winter weekday,26.91
2023-11-29 02:00:00,28.867198500000004,winter weekday,26.91
2023-11-29 03:00:00,28.098756000000005,winter weekday,26.91
2023-11-29 04:00:00,27.977554500000004,winter weekday,26.91
2023-11-29 05:00:00,29.325765000000008,winter weekday,26.91
2023-11-29 06:00:00,30.217908000000005,winter weekday,32.09
2023-11-29 07:00:00,33.935170500000005,winter weekday,32.09
2023-11-29 08:00:00,36.0268335,winter weekday,37.29
2023-11-29 09:00:00,35.1796725,winter weekday,37.29
2023-11-29 10:00:00,34.076364000000005,winter weekday,32.09
2023-11-29 11:00:00,33.61155,winter weekday,32.09
2023-11-29 12:00:00,33.372895500000006,winter weekday,32.09
2023-11-29 13:00:00,33.883941,winter weekday,32.09
2023-11-29 14:00:00,35.65448250000001,winter weekday,37.29
2023-11-29 15:00:00,38.35965,winter weekday,37.29
2023-11-29 16:00:00,42.35804999999999,winter weekday,37.29
2023-11-29 17:00:00,48.60554999999999,winter weekday,37.29
2023-11-29 18:00:00,48.60554999999999,winter weekday,37.29
2023-11-29 19:00:00,42.35804999999999,winter weekday,37.29
2023-11-29 20:00:00,37.485,winter weekday,37.29
2023-11-29 21:00:00,34.7373495,winter weekday,37.29
2023-11-29 22:00:00,33.424125000000004,winter weekday,32.09
2023-11-29 23:00:00,31.646086500000003,winter weekday,32.09
2023-11-30 00:00:00,30.461560500000008,winter weekday,32.09
2023-11-30 01:00:00,30.427824000000005,winter weekday,32.09
2023-11-30 02:00:00,30.137940000000004,winter weekday,32.09
2023-11-30 03:00:00,29.86305,winter weekday,32.09
2023-11-30 04:00:00,30.066718500000007,winter weekday,32.09
2023-11-30 05:00:00,30.65023500000001,winter weekday,32.09
2023-11-30 06:00:00,33.53782950000001,winter weekday,32.09
2023-11-30 07:00:00,38.3708955,winter weekday,37.29
2023-11-30 08:00:00,44.76583649999999,winter weekday,37.29
2023-11-30 09:00:00,46.9974435,winter weekday,37.29
2023-11-30 10:00:00,45.16942499999999,winter weekday,37.29
2023-11-30 11:00:00,45.27438299999999,winter weekday,37.29
2023-11-30 12:00:00,41.75953949999999,winter weekday,37.29
2023-11-30 13:00:00,41.08480949999999,winter weekday,37.29
2023-11-30 14:00:00,41.73329999999999,winter weekday,37.29
2023-11-30 15:00:00,41.73329999999999,winter weekday,37.29
2023-11-30 16:00:00,45.60674999999999,winter weekday,37.29
2023-11-30 17:00:00,49.97999999999999,winter weekday,37.29
2023-11-30 18:00:00,48.52308299999999,winter weekday,37.29
2023-11-30 19:00:00,41.66957549999999,winter weekday,37.29
2023-11-30 20:00:00,36.60160350000001,winter weekday,37.29
2023-11-30 21:00:00,33.951414,winter weekday,32.09
2023-11-30 22:00:00,32.951814000000006,winter weekday,32.09
2023-11-30 23:00:00,31.586110500000007,winter weekday,32.09
2023-12-01 00:00:00,30.726454500000003,winter weekday,32.09
2023-12-01 01:00:00,30.1916685,winter weekday,32.09
2023-12-01 02:00:00,29.750595000000004,winter weekday,32.09
2023-12-01 03:00:00,29.348256,winter weekday,26.91
2023-12-01 04:00:00,29.3719965,winter weekday,26.91
2023-12-01 05:00:00,30.1516845,winter weekday,32.09
2023-12-01 06:00:00,32.365798500000004,winter weekday,32.09
2023-12-01 07:00:00,36.37419450000001,winter weekday,37.29
2023-12-01 08:00:00,42.79037699999999,winter weekday,37.29
2023-12-01 09:00:00,45.18566849999999,winter weekday,37.29
2023-12-01 10:00:00,44.27853149999999,winter weekday,37.29
2023-12-01 11:00:00,44.04737399999999,winter weekday,37.29
2023-12-01 12:00:00,41.99444549999999,winter weekday,37.29
2023-12-01 13:00:00,39.2580405,winter weekday,37.29
2023-12-01 14:00:00,39.149334,winter weekday,37.29
2023-12-01 15:00:00,40.40883,winter weekday,37.29
2023-12-01 16:00:00,42.36429749999999,winter weekday,37.29
2023-12-01 17:00:00,46.19276549999999,winter weekday,37.29
2023-12-01 18:00:00,42.25309199999999,winter weekday,37.29
2023-12-01 19:00:00,38.429622,winter weekday,37.29
2023-12-01 20:00:00,35.1571815,winter weekday,37.29
2023-12-01 21:00:00,33.003043500000004,winter weekday,32.09
2023-12-01 22:00:00,32.162130000000005,winter weekday,32.09
2023-12-01 23:00:00,30.878893500000004,winter weekday,32.09
2023-12-02 00:00:00,30.515289000000006,winter weekend,27.88
2023-12-02 01:00:00,30.199165500000007,winter weekend,27.88
2023-12-02 02:00:00,30.019237500000003,winter weekend,27.88
2023-12-02 03:00:00,29.724355500000005,winter weekend,27.88
2023-12-02 04:00:00,29.608152000000004,winter weekend,27.88
2023-12-02 05:00:00,29.59190850000001,winter weekend,27.88
2023-12-02 06:00:00,29.7293535,winter weekend,27.88
2023-12-02 07:00:00,30.472806,winter weekend,27.88
2023-12-02 08:00:00,32.40453300000001,winter weekend,33.58
2023-12-02 09:00:00,33.360400500000004,winter weekend,33.58
2023-12-02 10:00:00,33.7052625,winter weekend,33.58
2023-12-02 11:00:00,33.264189,winter weekend,33.58
2023-12-02 12:00:00,32.559471,winter weekend,33.58
2023-12-02 13:00:00,31.684821000000003,winter weekend,33.58
2023-12-02 14:00:00,32.177124000000006,winter weekend,33.58
2023-12-02 15:00:00,32.799375000000005,winter weekend,33.58
2023-12-02 16:00:00,33.585310500000006,winter weekend,33.58
2023-12-02 17:00:00,35.36584800000001,winter weekend,33.58
2023-12-02 18:00:00,35.480802000000004,winter weekend,33.58
2023-12-02 19:00:00,33.556572,winter weekend,33.58
2023-12-02 20:00:00,32.67692400000001,winter weekend,33.58
2023-12-02 21:00:00,31.71605850000001,winter weekend,33.58
2023-12-02 22:00:00,31.097556000000004,winter weekend,33.58
2023-12-02 23:00:00,30.6139995,winter weekend,27.88
2023-12-03 00:00:00,30.90013500000001,winter weekend,33.58
2023-12-03 01:00:00,30.197916000000006,winter weekend,27.88
2023-12-03 02:00:00,29.848056000000003,winter weekend,27.88
2023-12-03 03:00:00,29.690619,winter weekend,27.88
2023-12-03 04:00:00,29.190819000000005,winter weekend,27.88
2023-12-03 05:00:00,28.828464000000004,winter weekend,27.88
2023-12-03 06:00:00,28.471107000000003,winter weekend,27.88
2023-12-03 07:00:00,28.879693500000005,winter weekend,27.88
2023-12-03 08:00:00,29.490699000000003,winter weekend,27.88
2023-12-03 09:00:00,29.881792500000007,winter weekend,27.88
2023-12-03 10:00:00,30.482802000000003,winter weekend,27.88
2023-12-03 11:00:00,30.496546500000004,winter weekend,27.88
2023-12-03 12:00:00,30.22665450000001,winter weekend,27.88
2023-12-03 13:00:00,29.86305,winter weekend,27.88
2023-12-03 14:00:00,30.572766000000005,winter weekend,27.88
2023-12-03 15:00:00,31.737300000000005,winter weekend,33.58
2023-12-03 16:00:00,32.63694,winter weekend,33.58
2023-12-03 17:00:00,33.349155,winter weekend,33.58
2023-12-03 18:00:00,33.49284750000001,winter weekend,33.58
2023-12-03 19:00:00,33.1204965,winter weekend,33.58
2023-12-03 20:00:00,31.403683500000007,winter weekend,33.58
2023-12-03 21:00:00,29.86305,winter weekend,27.88
2023-12-03 22:00:00,29.749345500000008,winter weekend,27.88
2023-12-03 23:00:00,28.488600000000005,winter weekend,27.88
2023-12-04 00:00:00,29.095857,winter weekday,26.91
2023-12-04 01:00:00,28.589809500000005,winter weekday,26.91
2023-12-04 02:00:00,28.366149000000004,winter weekday,26.91
2023-12-04 03:00:00,28.036281,winter weekday,26.91
2023-12-04 04:00:00,28.092508500000005,winter weekday,26.91
2023-12-04 05:00:00,28.868448000000004,winter weekday,26.91
2023-12-04 06:00:00,30.375345000000003,winter weekday,32.09
2023-12-04 07:00:00,32.11964700000001,winter weekday,32.09
2023-12-04 08:00:00,32.75689200000001,winter weekday,32.09
2023-12-04 09:00:00,33.126744,winter weekday,32.09
2023-12-04 10:00:00,33.364149000000005,winter weekday,32.09
2023-12-04 11:00:00,33.699015,winter weekday,32.09
2023-12-04 12:00:00,33.167977500000006,winter weekday,32.09
2023-12-04 13:00:00,33.788979000000005,winter weekday,32.09
2023-12-04 14:00:00,33.232951500000006,winter weekday,32.09
2023-12-04 15:00:00,32.96680800000001,winter weekday,32.09
2023-12-04 16:00:00,32.645686500000004,winter weekday,32.09
2023-12-04 17:00:00,33.3304125,winter weekday,32.09
2023-12-04 18:00:00,32.940568500000005,winter weekday,32.09
2023-12-04 19:00:00,32.4832515,winter weekday,32.09
2023-12-04 20:00:00,31.672326000000005,winter weekday,32.09
2023-12-04 21:00:00,30.556522500000007,winter weekday,32.09
2023-12-04 22:00:00,29.86305,winter weekday,32.09
2023-12-04 23:00:00,28.833462000000004,winter weekday,26.91
2023-12-05 00:00:00,28.719757500000004,winter weekday,26.91
2023-12-05 01:00:00,28.364899500000003,winter weekday,26.91
2023-12-05 02:00:00,28.080013500000007,winter weekday,26.91
2023-12-05 03:00:00,27.816369000000005,winter weekday,26.91
2023-12-05 04:00:00,27.952564500000005,winter weekday,26.91
2023-12-05 05:00:00,28.740999,winter weekday,26.91
2023-12-05 06:00:00,30.86265000000001,winter weekday,32.09
2023-12-05 07:00:00,31.652334,winter weekday,32.09
2023-12-05 08:00:00,32.646936000000004,winter weekday,32.09
2023-12-05 09:00:00,32.721906000000004,winter weekday,32.09
2023-12-05 10:00:00,32.4307725,winter weekday,32.09
2023-12-05 11:00:00,32.520736500000005,winter weekday,32.09
2023-12-05 12:00:00,32.154633000000004,winter weekday,32.09
2023-12-05 13:00:00,32.1783735,winter weekday,32.09
2023-12-05 14:00:00,33.26918700000001,winter weekday,32.09
2023-12-05 15:00:00,32.68567050000001,winter weekday,32.09
2023-12-05 16:00:00,33.516588000000006,winter weekday,32.09
2023-12-05 17:00:00,35.598255,winter weekday,37.29
2023-12-05 18:00:00,35.79442650000001,winter weekday,37.29
2023-12-05 19:00:00,35.055972000000004,winter weekday,37.29
2023-12-05 20:00:00,33.440368500000005,winter weekday,32.09
2023-12-05 21:00:00,32.090908500000005,winter weekday,32.09
2023-12-05 22:00:00,31.3062225,winter weekday,32.09
2023-12-05 23:00:00,30.272886000000003,winter weekday,32.09
2023-12-06 00:00:00,29.23455150000001,winter weekday,26.91
2023-12-06 01:00:00,29.000895000000003,winter weekday,26.91
2023-12-06 02:00:00,28.934671500000004,winter weekday,26.91
2023-12-06 03:00:00,28.733502000000005,winter weekday,26.91
2023-12-06 04:00:00,28.687270500000007,winter weekday,26.91
2023-12-06 05:00:00,29.099605500000003,winter weekday,26.91
2023-12-06 06:00:00,30.730203000000007,winter weekday,32.09
2023-12-06 07:00:00,34.09385700000001,winter weekday,32.09
2023-12-06 08:00:00,38.2347,winter weekday,37.29
2023-12-06 09:00:00,38.177223,winter weekday,37.29
2023-12-06 10:00:00,36.11055,winter weekday,37.29
2023-12-06 11:00:00,35.6469855,winter weekday,37.29
2023-12-06 12:00:00,35.623245000000004,winter weekday,37.29
2023-12-06 13:00:00,34.989748500000005,winter weekday,37.29
2023-12-06 14:00:00,34.923525000000005,winter weekday,37.29
2023-12-06 15:00:00,35.359600500000006,winter weekday,37.29
2023-12-06 16:00:00,37.85985,winter weekday,37.29
2023-12-06 17:00:00,39.6178965,winter weekday,37.29
2023-12-06 18:00:00,38.019786,winter weekday,37.29
2023-12-06 19:00:00,36.10180350000001,winter weekday,37.29
2023-12-06 20:00:00,33.60030450000001,winter weekday,32.09
2023-12-06 21:00:00,31.82226600000001,winter weekday,32.09
2023-12-06 22:00:00,30.778933500000004,winter weekday,32.09
2023-12-06 23:00:00,29.918028000000003,winter weekday,32.09
2023-12-07 00:00:00,29.763090000000005,winter weekday,32.09
2023-12-07 01:00:00,29.594407500000003,winter weekday,32.09
2023-12-07 02:00:00,29.470707000000008,winter weekday,26.91
2023-12-07 03:00:00,28.839709500000005,winter weekday,26.91
2023-12-07 04:00:00,28.603554000000003,winter weekday,26.91
2023-12-07 05:00:00,29.179573500000004,winter weekday,26.91
2023-12-07 06:00:00,31.934721000000007,winter weekday,32.09
2023-12-07 07:00:00,33.763989,winter weekday,32.09
2023-12-07 08:00:00,36.11055,winter weekday,37.29
2023-12-07 09:00:00,34.573665000000005,winter weekday,32.09
2023-12-07 10:00:00,34.156332000000006,winter weekday,32.09
2023-12-07 11:00:00,34.632391500000004,winter weekday,32.09
2023-12-07 12:00:00,34.6099005,winter weekday,32.09
2023-12-07 13:00:00,34.6548825,winter weekday,32.09
2023-12-07 14:00:00,34.621146,winter weekday,32.09
2023-12-07 15:00:00,34.61364900000001,winter weekday,32.09
2023-12-07 16:00:00,34.09510650000001,winter weekday,32.09
2023-12-07 17:00:00,33.435370500000005,winter weekday,32.09
2023-12-07 18:00:00,32.40578250000001,winter weekday,32.09
2023-12-07 19:00:00,30.380343,winter weekday,32.09
2023-12-07 20:00:00,29.90803200000001,winter weekday,32.09
2023-12-07 21:00:00,29.488200000000003,winter weekday,26.91
2023-12-07 22:00:00,29.415729,winter weekday,26.91
2023-12-07 23:00:00,28.248696,winter weekday,26.91
2023-12-08 00:00:00,28.24994550000001,winter weekday,26.91
2023-12-08 01:00:00,27.771387,winter weekday,26.91
2023-12-08 02:00:00,27.542728500000003,winter weekday,26.91
2023-12-08 03:00:00,27.304074000000004,winter weekday,26.91
2023-12-08 04:00:00,27.36405,winter weekday,26.91
2023-12-08 05:00:00,28.24369800000001,winter weekday,26.91
2023-12-08 06:00:00,29.8243155,winter weekday,32.09
2023-12-08 07:00:00,30.773935500000004,winter weekday,32.09
2023-12-08 08:00:00,31.443667500000007,winter weekday,32.09
2023-12-08 09:00:00,32.177124000000006,winter weekday,32.09
2023-12-08 10:00:00,32.2058625,winter weekday,32.09
2023-12-08 11:00:00,32.114649,winter weekday,32.09
2023-12-08 12:00:00,31.944717000000008,winter weekday,32.09
2023-12-08 13:00:00,31.334961000000007,winter weekday,32.09
2023-12-08 14:00:00,31.5011445,winter weekday,32.09
2023-12-08 15:00:00,32.153383500000004,winter weekday,32.09
2023-12-08 16:00:00,31.734801000000008,winter weekday,32.09
2023-12-08 17:00:00,32.1109005,winter weekday,32.09
2023-12-08 18:00:00,32.18712000000001,winter weekday,32.09
2023-12-08 19:00:00,30.557772000000007,winter weekday,32.09
2023-12-08 20:00:00,30.44031900000001,winter weekday,32.09
2023-12-08 21:00:00,30.002994000000005,winter weekday,32.09
2023-12-08 22:00:00,30.07796400000001,winter weekday,32.09
2023-12-08 23:00:00,28.686021,winter weekday,26.91
2023-12-09 00:00:00,29.2383,winter weekend,27.88
2023-12-09 01:00:00,28.001295,winter weekend,27.88
2023-12-09 02:00:00,27.300325500000007,winter weekend,27.88
2023-12-09 03:00:00,26.498146500000004,winter weekend,27.88
2023-12-09 04:00:00,26.184522000000005,winter weekend,27.88
2023-12-09 05:00:00,26.490649500000004,winter weekend,27.88
2023-12-09 06:00:00,26.869248,winter weekend,27.88
2023-12-09 07:00:00,27.663930000000004,winter weekend,27.88
2023-12-09 08:00:00,27.980053500000004,winter weekend,27.88
2023-12-09 09:00:00,28.8022245,winter weekend,27.88
2023-12-09 10:00:00,28.73974950000001,winter weekend,27.88
2023-12-09 11:00:00,28.855953000000003,winter weekend,27.88
2023-12-09 12:00:00,29.138340000000003,winter weekend,27.88
2023-12-09 13:00:00,28.6972665,winter weekend,27.88
2023-12-09 14:00:00,28.0675185,winter weekend,27.88
2023-12-09 15:00:00,27.801375000000004,winter weekend,27.88
2023-12-09 16:00:00,27.374046000000003,winter weekend,27.88
2023-12-09 17:00:00,27.244098000000005,winter weekend,27.88
2023-12-09 18:00:00,27.0429285,winter weekend,27.88
2023-12-09 19:00:00,26.045827500000005,winter weekend,27.88
2023-12-09 20:00:00,25.422327000000003,winter weekend,27.88
2023-12-09 21:00:00,24.916279500000005,winter weekend,27.88
2023-12-09 22:00:00,24.470208000000007,winter weekend,27.88
2023-12-09 23:00:00,23.138241,winter weekend,19.67
2023-12-10 00:00:00,21.5776155,winter weekend,19.67
2023-12-10 01:00:00,20.0557245,winter weekend,19.67
2023-12-10 02:00:00,19.0186395,winter weekend,19.67
2023-12-10 03:00:00,18.1165005,winter weekend,19.67
2023-12-10 04:00:00,18.61755,winter weekend,19.67
2023-12-10 05:00:00,19.6283955,winter weekend,19.67
2023-12-10 06:00:00,20.3631015,winter weekend,19.67
2023-12-10 07:00:00,22.597207500000007,winter weekend,19.67
2023-12-10 08:00:00,24.972507000000007,winter weekend,27.88
2023-12-10 09:00:00,25.587261,winter weekend,27.88
2023-12-10 10:00:00,25.783432500000004,winter weekend,27.88
2023-12-10 11:00:00,26.074566000000004,winter weekend,27.88
2023-12-10 12:00:00,25.76469000000001,winter weekend,27.88
2023-12-10 13:00:00,25.752195000000004,winter weekend,27.88
2023-12-10 14:00:00,26.073316500000004,winter weekend,27.88
2023-12-10 15:00:00,26.844258000000004,winter weekend,27.88
2023-12-10 16:00:00,27.401535000000003,winter weekend,27.88
2023-12-10 17:00:00,27.401535000000003,winter weekend,27.88
2023-12-10 18:00:00,28.041279000000007,winter weekend,27.88
2023-12-10 19:00:00,27.45901200000001,winter weekend,27.88
2023-12-10 20:00:00,27.120397500000003,winter weekend,27.88
2023-12-10 21:00:00,27.00669300000001,winter weekend,27.88
2023-12-10 22:00:00,27.11664900000001,winter weekend,27.88
2023-12-10 23:00:00,26.009592,winter weekend,27.88
2023-12-11 00:00:00,21.671328000000003,winter weekday,26.91
2023-12-11 01:00:00,19.304775,winter weekday,26.91
2023-12-11 02:00:00,18.957414,winter weekday,26.91
2023-12-11 03:00:00,18.445119,winter weekday,26.91
2023-12-11 04:00:00,18.844959,winter weekday,26.91
2023-12-11 05:00:00,22.121148,winter weekday,26.91
2023-12-11 06:00:00,26.68807050000001,winter weekday,26.91
2023-12-11 07:00:00,28.783482000000006,winter weekday,26.91
2023-12-11 08:00:00,29.610651,winter weekday,32.09
2023-12-11 09:00:00,29.654383500000005,winter weekday,32.09
2023-12-11 10:00:00,29.033382000000007,winter weekday,26.91
2023-12-11 11:00:00,28.698516000000005,winter weekday,26.91
2023-12-11 12:00:00,28.52733450000001,winter weekday,26.91
2023-12-11 13:00:00,28.367398500000007,winter weekday,26.91
2023-12-11 14:00:00,28.927174500000007,winter weekday,26.91
2023-12-11 15:00:00,29.353254000000007,winter weekday,26.91
2023-12-11 16:00:00,30.551524500000003,winter weekday,32.09
2023-12-11 17:00:00,32.1109005,winter weekday,32.09
2023-12-11 18:00:00,32.691918,winter weekday,32.09
2023-12-11 19:00:00,32.530732500000006,winter weekday,32.09
2023-12-11 20:00:00,31.616098500000007,winter weekday,32.09
2023-12-11 21:00:00,29.768088,winter weekday,32.09
2023-12-11 22:00:00,29.423226000000003,winter weekday,26.91
2023-12-11 23:00:00,28.216209000000006,winter weekday,26.91
2023-12-12 00:00:00,28.369897500000004,winter weekday,26.91
2023-12-12 01:00:00,28.246197,winter weekday,26.91
2023-12-12 02:00:00,28.06626900000001,winter weekday,26.91
2023-12-12 03:00:00,27.916329,winter weekday,26.91
2023-12-12 04:00:00,28.239949500000005,winter weekday,26.91
2023-12-12 05:00:00,28.49234850000001,winter weekday,26.91
2023-12-12 06:00:00,30.7889295,winter weekday,32.09
2023-12-12 07:00:00,32.4982455,winter weekday,32.09
2023-12-12 08:00:00,35.65198350000001,winter weekday,37.29
2023-12-12 09:00:00,33.853953000000004,winter weekday,32.09
2023-12-12 10:00:00,33.592807500000006,winter weekday,32.09
2023-12-12 11:00:00,32.72440500000001,winter weekday,32.09
2023-12-12 12:00:00,32.933071500000004,winter weekday,32.09
2023-12-12 13:00:00,33.25919100000001,winter weekday,32.09
2023-12-12 14:00:00,32.824365,winter weekday,32.09
2023-12-12 15:00:00,32.379543,winter weekday,32.09
2023-12-12 16:00:00,32.103403500000006,winter weekday,32.09
2023-12-12 17:00:00,31.222506000000003,winter weekday,32.09
2023-12-12 18:00:00,30.487800000000004,winter weekday,32.09
2023-12-12 19:00:00,29.140839000000007,winter weekday,26.91
2023-12-12 20:00:00,28.8821925,winter weekday,26.91
2023-12-12 21:00:00,28.381143,winter weekday,26.91
2023-12-12 22:00:00,27.7851315,winter weekday,26.91
2023-12-12 23:00:00,27.051675000000007,winter weekday,26.91
2023-12-13 00:00:00,26.784282,winter weekday,26.91
2023-12-13 01:00:00,26.484402000000003,winter weekday,26.91
2023-12-13 02:00:00,26.576865000000005,winter weekday,26.91
2023-12-13 03:00:00,26.29322850000001,winter weekday,26.91
2023-12-13 04:00:00,26.491899000000004,winter weekday,26.91
2023-12-13 05:00:00,26.7955275,winter weekday,26.91
2023-12-13 06:00:00,27.751395,winter weekday,26.91
2023-12-13 07:00:00,30.164179500000003,winter weekday,32.09
2023-12-13 08:00:00,29.7168585,winter weekday,32.09
2023-12-13 09:00:00,30.32911350000001,winter weekday,32.09
2023-12-13 10:00:00,29.900535,winter weekday,32.09
2023-12-13 11:00:00,29.86305,winter weekday,32.09
2023-12-13 12:00:00,29.570667000000004,winter weekday,32.09
2023-12-13 13:00:00,30.200415000000007,winter weekday,32.09
2023-12-13 14:00:00,30.409081500000006,winter weekday,32.09
2023-12-13 15:00:00,31.03758,winter weekday,32.09
2023-12-13 16:00:00,30.61899750000001,winter weekday,32.09
2023-12-13 17:00:00,31.131292500000004,winter weekday,32.09
2023-12-13 18:00:00,30.599005500000004,winter weekday,32.09
2023-12-13 19:00:00,30.164179500000003,winter weekday,32.09
2023-12-13 20:00:00,29.435721000000004,winter weekday,26.91
2023-12-13 21:00:00,28.723506000000004,winter weekday,26.91
2023-12-13 22:00:00,28.907182500000005,winter weekday,26.91
2023-12-13 23:00:00,27.89508750000001,winter weekday,26.91
2023-12-14 00:00:00,27.031683000000005,winter weekday,26.91
2023-12-14 01:00:00,26.901735,winter weekday,26.91
2023-12-14 02:00:00,27.00794250000001,winter weekday,26.91
2023-12-14 03:00:00,27.012940500000003,winter weekday,26.91
2023-12-14 04:00:00,27.256593,winter weekday,26.91
2023-12-14 05:00:00,27.685171500000006,winter weekday,26.91
2023-12-14 06:00:00,29.673126000000003,winter weekday,32.09
2023-12-14 07:00:00,32.32081650000001,winter weekday,32.09
2023-12-14 08:00:00,33.69276750000001,winter weekday,32.09
2023-12-14 09:00:00,32.981802,winter weekday,32.09
2023-12-14 10:00:00,33.1304925,winter weekday,32.09
2023-12-14 11:00:00,33.2629395,winter weekday,32.09
2023-12-14 12:00:00,32.307072000000005,winter weekday,32.09
2023-12-14 13:00:00,32.8306125,winter weekday,32.09
2023-12-14 14:00:00,32.878093500000006,winter weekday,32.09
2023-12-14 15:00:00,33.70401300000001,winter weekday,32.09
2023-12-14 16:00:00,33.434121000000005,winter weekday,32.09
2023-12-14 17:00:00,33.352903500000004,winter weekday,32.09
2023-12-14 18:00:00,33.131742,winter weekday,32.09
2023-12-14 19:00:00,31.646086500000003,winter weekday,32.09
2023-12-14 20:00:00,30.214159500000004,winter weekday,32.09
2023-12-14 21:00:00,29.388240000000003,winter weekday,26.91
2023-12-14 22:00:00,29.170827000000003,winter weekday,26.91
2023-12-14 23:00:00,28.060021500000005,winter weekday,26.91
2023-12-15 00:00:00,28.1299935,winter weekday,26.91
2023-12-15 01:00:00,27.730153500000004,winter weekday,26.91
2023-12-15 02:00:00,27.376545000000004,winter weekday,26.91
2023-12-15 03:00:00,26.932972500000005,winter weekday,26.91
2023-12-15 04:00:00,26.75929200000001,winter weekday,26.91
2023-12-15 05:00:00,27.415279500000004,winter weekday,26.91
2023-12-15 06:00:00,29.3595015,winter weekday,26.91
2023-12-15 07:00:00,30.731452500000003,winter weekday,32.09
2023-12-15 08:00:00,32.549475,winter weekday,32.09
2023-12-15 09:00:00,32.04217800000001,winter weekday,32.09
2023-12-15 10:00:00,31.10880150000001,winter weekday,32.09
2023-12-15 11:00:00,30.2066625,winter weekday,32.09
2023-12-15 12:00:00,29.12959350000001,winter weekday,26.91
2023-12-15 13:00:00,28.401135000000007,winter weekday,26.91
2023-12-15 14:00:00,28.226205000000007,winter weekday,26.91
2023-12-15 15:00:00,28.59605700000001,winter weekday,26.91
2023-12-15 16:00:00,29.629393500000003,winter weekday,32.09
2023-12-15 17:00:00,30.4040835,winter weekday,32.09
2023-12-15 18:00:00,30.08296200000001,winter weekday,32.09
2023-12-15 19:00:00,29.010891000000004,winter weekday,26.91
2023-12-15 20:00:00,29.033382000000007,winter weekday,26.91
2023-12-15 21:00:00,28.408632000000004,winter weekday,26.91
2023-12-15 22:00:00,28.2099615,winter weekday,26.91
2023-12-15 23:00:00,26.9529645,winter weekday,26.91
2023-12-16 00:00:00,25.76469000000001,winter weekend,27.88
2023-12-16 01:00:00,25.266139500000005,winter weekend,27.88
2023-12-16 02:00:00,24.9112815,winter weekend,27.88
2023-12-16 03:00:00,24.61515,winter weekend,27.88
2023-12-16 04:00:00,24.127845000000004,winter weekend,27.88
2023-12-16 05:00:00,24.320268,winter weekend,27.88
2023-12-16 06:00:00,24.78258300000001,winter weekend,27.88
2023-12-16 07:00:00,25.502295000000007,winter weekend,27.88
2023-12-16 08:00:00,27.350305500000005,winter weekend,27.88
2023-12-16 09:00:00,27.821367,winter weekend,27.88
2023-12-16 10:00:00,27.568968000000005,winter weekend,27.88
2023-12-16 11:00:00,26.840509500000003,winter weekend,27.88
2023-12-16 12:00:00,26.289480000000005,winter weekend,27.88
2023-12-16 13:00:00,26.18827050000001,winter weekend,27.88
2023-12-16 14:00:00,26.770537500000007,winter weekend,27.88
2023-12-16 15:00:00,27.407782500000007,winter weekend,27.88
2023-12-16 16:00:00,27.8276145,winter weekend,27.88
2023-12-16 17:00:00,28.311171000000005,winter weekend,27.88
2023-12-16 18:00:00,28.378644,winter weekend,27.88
2023-12-16 19:00:00,27.606453000000005,winter weekend,27.88
2023-12-16 20:00:00,26.72805450000001,winter weekend,27.88
2023-12-16 21:00:00,25.282383000000003,winter weekend,27.88
2023-12-16 22:00:00,25.166179500000005,winter weekend,27.88
2023-12-16 23:00:00,24.005394000000003,winter weekend,27.88
2023-12-17 00:00:00,23.033283000000004,winter weekend,19.67
2023-12-17 01:00:00,22.71591,winter weekend,19.67
2023-12-17 02:00:00,22.735902000000006,winter weekend,19.67
2023-12-17 03:00:00,20.9528655,winter weekend,19.67
2023-12-17 04:00:00,20.6629815,winter weekend,19.67
2023-12-17 05:00:00,21.1003065,winter weekend,19.67
2023-12-17 06:00:00,22.2448485,winter weekend,19.67
2023-12-17 07:00:00,23.029534500000004,winter weekend,19.67
2023-12-17 08:00:00,24.573916500000003,winter weekend,27.88
2023-12-17 09:00:00,24.761341500000004,winter weekend,27.88
2023-12-17 10:00:00,24.169078500000005,winter weekend,27.88
2023-12-17 11:00:00,23.490600000000004,winter weekend,19.67
2023-12-17 12:00:00,22.829614500000005,winter weekend,19.67
2023-12-17 13:00:00,22.371048,winter weekend,19.67
2023-12-17 14:00:00,23.097007500000004,winter weekend,19.67
2023-12-17 15:00:00,24.457713000000005,winter weekend,27.88
2023-12-17 16:00:00,25.23865050000001,winter weekend,27.88
2023-12-17 17:00:00,26.940469500000003,winter weekend,27.88
2023-12-17 18:00:00,26.574366000000005,winter weekend,27.88
2023-12-17 19:00:00,26.19826650000001,winter weekend,27.88
2023-12-17 20:00:00,24.8388105,winter weekend,27.88
2023-12-17 21:00:00,24.733852500000005,winter weekend,27.88
2023-12-17 22:00:00,24.831313500000004,winter weekend,27.88
2023-12-17 23:00:00,23.341909500000003,winter weekend,19.67
2023-12-18 00:00:00,23.977905000000003,winter weekday,26.91
2023-12-18 01:00:00,23.760492000000003,winter weekday,26.91
2023-12-18 02:00:00,23.591809500000004,winter weekday,26.91
2023-12-18 03:00:00,23.494348500000005,winter weekday,26.91
2023-12-18 04:00:00,23.924176500000005,winter weekday,26.91
2023-12-18 05:00:00,25.13244300000001,winter weekday,26.91
2023-12-18 06:00:00,27.840109500000004,winter weekday,26.91
2023-12-18 07:00:00,30.285381,winter weekday,32.09
2023-12-18 08:00:00,31.017588000000003,winter weekday,32.09
2023-12-18 09:00:00,30.045477,winter weekday,32.09
2023-12-18 10:00:00,28.49234850000001,winter weekday,26.91
2023-12-18 11:00:00,27.510241500000006,winter weekday,26.91
2023-12-18 12:00:00,26.7255555,winter weekday,26.91
2023-12-18 13:00:00,26.72680500000001,winter weekday,26.91
2023-12-18 14:00:00,27.50149500000001,winter weekday,26.91
2023-12-18 15:00:00,28.502344500000003,winter weekday,26.91
2023-12-18 16:00:00,29.263290000000005,winter weekday,26.91
2023-12-18 17:00:00,30.390339000000004,winter weekday,32.09
2023-12-18 18:00:00,30.239149500000007,winter weekday,32.09
2023-12-18 19:00:00,29.385741000000003,winter weekday,26.91
2023-12-18 20:00:00,27.111651000000005,winter weekday,26.91
2023-12-18 21:00:00,26.250745500000004,winter weekday,26.91
2023-12-18 22:00:00,25.23740100000001,winter weekday,26.91
2023-12-18 23:00:00,24.255294000000003,winter weekday,26.91
2023-12-19 00:00:00,23.276935500000004,winter weekday,26.91
2023-12-19 01:00:00,23.176975500000005,winter weekday,26.91
2023-12-19 02:00:00,22.998297000000004,winter weekday,26.91
2023-12-19 03:00:00,24.330264000000003,winter weekday,26.91
2023-12-19 04:00:00,24.733852500000005,winter weekday,26.91
2023-12-19 05:00:00,25.491049500000003,winter weekday,26.91
2023-12-19 06:00:00,27.3253155,winter weekday,26.91
2023-12-19 07:00:00,29.072116500000007,winter weekday,26.91
2023-12-19 08:00:00,29.875545,winter weekday,32.09
2023-12-19 09:00:00,29.148336000000004,winter weekday,26.91
2023-12-19 10:00:00,28.126245000000004,winter weekday,26.91
2023-12-19 11:00:00,27.32781450000001,winter weekday,26.91
2023-12-19 12:00:00,26.926725000000005,winter weekday,26.91
2023-12-19 13:00:00,26.705563500000007,winter weekday,26.91
2023-12-19 14:00:00,27.446517000000004,winter weekday,26.91
2023-12-19 15:00:00,27.916329,winter weekday,26.91
2023-12-19 16:00:00,28.3898895,winter weekday,26.91
2023-12-19 17:00:00,28.839709500000005,winter weekday,26.91
2023-12-19 18:00:00,28.830963,winter weekday,26.91
2023-12-19 19:00:00,28.713510000000003,winter weekday,26.91
2023-12-19 20:00:00,27.991299000000005,winter weekday,26.91
2023-12-19 21:00:00,27.299076000000007,winter weekday,26.91
2023-12-19 22:00:00,26.824266000000005,winter weekday,26.91
2023-12-19 23:00:00,24.843808500000005,winter weekday,26.91
2023-12-20 00:00:00,24.596407500000005,winter weekday,26.91
2023-12-20 01:00:00,23.675526000000005,winter weekday,26.91
2023-12-20 02:00:00,23.36565000000001,winter weekday,26.91
2023-12-20 03:00:00,22.363551,winter weekday,26.91
2023-12-20 04:00:00,21.3052245,winter weekday,26.91
2023-12-20 05:00:00,22.368549000000005,winter weekday,26.91
2023-12-20 06:00:00,23.205714,winter weekday,26.91
2023-12-20 07:00:00,25.859652000000004,winter weekday,26.91
2023-12-20 08:00:00,26.48065350000001,winter weekday,26.91
2023-12-20 09:00:00,26.182023,winter weekday,26.91
2023-12-20 10:00:00,25.855903500000007,winter weekday,26.91
2023-12-20 11:00:00,25.159932000000005,winter weekday,26.91
2023-12-20 12:00:00,25.114950000000004,winter weekday,26.91
2023-12-20 13:00:00,24.9387705,winter weekday,26.91
2023-12-20 14:00:00,25.714710000000004,winter weekday,26.91
2023-12-20 15:00:00,26.112051000000005,winter weekday,26.91
2023-12-20 16:00:00,26.5506255,winter weekday,26.91
2023-12-20 17:00:00,27.394038000000005,winter weekday,26.91
2023-12-20 18:00:00,27.592708500000008,winter weekday,26.91
2023-12-20 19:00:00,27.593958000000004,winter weekday,26.91
2023-12-20 20:00:00,27.11290050000001,winter weekday,26.91
2023-12-20 21:00:00,25.712211000000003,winter weekday,26.91
2023-12-20 22:00:00,25.042479000000004,winter weekday,26.91
2023-12-20 23:00:00,23.475606000000003,winter weekday,26.91
2023-12-21 00:00:00,21.136542,winter weekday,26.91
2023-12-21 01:00:00,20.501796,winter weekday,26.91
2023-12-21 02:00:00,19.979505,winter weekday,26.91
2023-12-21 03:00:00,17.802875999999998,winter weekday,26.91
2023-12-21 04:00:00,17.3767965,winter weekday,26.91
2023-12-21 05:00:00,17.409283499999997,winter weekday,26.91
2023-12-21 06:00:00,20.3481075,winter weekday,26.91
2023-12-21 07:00:00,23.005794,winter weekday,26.91
2023-12-21 08:00:00,23.485602000000004,winter weekday,26.91
2023-12-21 09:00:00,22.021188,winter weekday,26.91
2023-12-21 10:00:00,21.6525855,winter weekday,26.91
2023-12-21 11:00:00,20.6229975,winter weekday,26.91
2023-12-21 12:00:00,20.3056245,winter weekday,26.91
2023-12-21 13:00:00,18.812472,winter weekday,26.91
2023-12-21 14:00:00,18.6837735,winter weekday,26.91
2023-12-21 15:00:00,19.46721,winter weekday,26.91
2023-12-21 16:00:00,19.4859525,winter weekday,26.91
2023-12-21 17:00:00,21.751296,winter weekday,26.91
2023-12-21 18:00:00,22.283583,winter weekday,26.91
2023-12-21 19:00:00,23.426875500000005,winter weekday,26.91
2023-12-21 20:00:00,22.487251500000003,winter weekday,26.91
2023-12-21 21:00:00,21.5101425,winter weekday,26.91
2023-12-21 22:00:00,20.962861499999995,winter weekday,26.91
2023-12-21 23:00:00,18.1239975,winter weekday,26.91
2023-12-22 00:00:00,17.369299499999997,winter weekday,26.91
2023-12-22 01:00:00,17.356745,winter weekday,26.91
2023-12-22 02:00:00,17.360136499999996,winter weekday,26.91
2023-12-22 03:00:00,17.347700999999997,winter weekday,26.91
2023-12-22 04:00:00,17.3397875,winter weekday,26.91
2023-12-22 05:00:00,17.359005999999997,winter weekday,26.91
2023-12-22 06:00:00,17.4692595,winter weekday,26.91
2023-12-22 07:00:00,21.326466,winter weekday,26.91
2023-12-22 08:00:00,22.3323135,winter weekday,26.91
2023-12-22 09:00:00,21.821268,winter weekday,26.91
2023-12-22 10:00:00,20.6729775,winter weekday,26.91
2023-12-22 11:00:00,20.645488500000003,winter weekday,26.91
2023-12-22 12:00:00,20.7079635,winter weekday,26.91
2023-12-22 13:00:00,20.529285,winter weekday,26.91
2023-12-22 14:00:00,20.974107,winter weekday,26.91
2023-12-22 15:00:00,21.637591500000003,winter weekday,26.91
2023-12-22 16:00:00,22.667179500000003,winter weekday,26.91
2023-12-22 17:00:00,22.734652500000003,winter weekday,26.91
2023-12-22 18:00:00,23.660532000000003,winter weekday,26.91
2023-12-22 19:00:00,22.427275500000004,winter weekday,26.91
2023-12-22 20:00:00,20.449317,winter weekday,26.91
2023-12-22 21:00:00,20.5580235,winter weekday,26.91
2023-12-22 22:00:00,21.1677795,winter weekday,26.91
2023-12-22 23:00:00,18.86745,winter weekday,26.91
2023-12-23 00:00:00,17.373047999999997,winter weekend,19.67
2023-12-23 01:00:00,17.366919499999998,winter weekend,19.67
2023-12-23 02:00:00,17.366919499999998,winter weekend,19.67
2023-12-23 03:00:00,17.365789,winter weekend,19.67
2023-12-23 04:00:00,17.366919499999998,winter weekend,19.67
2023-12-23 05:00:00,17.368049999999997,winter weekend,19.67
2023-12-23 06:00:00,17.380544999999998,winter weekend,19.67
2023-12-23 07:00:00,18.2964285,winter weekend,19.67
2023-12-23 08:00:00,19.86705,winter weekend,19.67
2023-12-23 09:00:00,22.625946000000003,winter weekend,19.67
2023-12-23 10:00:00,22.570968000000004,winter weekend,19.67
2023-12-23 11:00:00,23.103255000000004,winter weekend,19.67
2023-12-23 12:00:00,23.285682000000005,winter weekend,19.67
2023-12-23 13:00:00,23.591809500000004,winter weekend,19.67
2023-12-23 14:00:00,23.902935000000003,winter weekend,27.88
2023-12-23 15:00:00,24.086611500000004,winter weekend,27.88
2023-12-23 16:00:00,24.6213975,winter weekend,27.88
2023-12-23 17:00:00,25.87964400000001,winter weekend,27.88
2023-12-23 18:00:00,25.670977500000003,winter weekend,27.88
2023-12-23 19:00:00,25.0587225,winter weekend,27.88
2023-12-23 20:00:00,24.077865000000003,winter weekend,27.88
2023-12-23 21:00:00,22.560972000000003,winter weekend,19.67
2023-12-23 22:00:00,19.9032855,winter weekend,19.67
2023-12-23 23:00:00,18.335163,winter weekend,19.67
2023-12-24 00:00:00,17.368049999999997,winter weekend,19.67
2023-12-24 01:00:00,17.3646585,winter weekend,19.67
2023-12-24 02:00:00,17.335265500000002,winter weekend,19.67
2023-12-24 03:00:00,17.2583915,winter weekend,19.67
2023-12-24 04:00:00,16.945242999999998,winter weekend,19.67
2023-12-24 05:00:00,16.8061915,winter weekend,19.67
2023-12-24 06:00:00,16.890978999999998,winter weekend,19.67
2023-12-24 07:00:00,17.039074499999998,winter weekend,19.67
2023-12-24 08:00:00,17.036813499999997,winter weekend,19.67
2023-12-24 09:00:00,17.0142035,winter weekend,19.67
2023-12-24 10:00:00,16.7858425,winter weekend,19.67
2023-12-24 11:00:00,16.9644615,winter weekend,19.67
2023-12-24 12:00:00,17.0345525,winter weekend,19.67
2023-12-24 13:00:00,16.9418515,winter weekend,19.67
2023-12-24 14:00:00,17.120470499999996,winter weekend,19.67
2023-12-24 15:00:00,17.112557,winter weekend,19.67
2023-12-24 16:00:00,17.136297499999998,winter weekend,19.67
2023-12-24 17:00:00,17.101252,winter weekend,19.67
2023-12-24 18:00:00,16.737231,winter weekend,19.67
2023-12-24 19:00:00,16.342686500000003,winter weekend,19.67
2023-12-24 20:00:00,16.634355499999998,winter weekend,19.67
2023-12-24 21:00:00,17.008550999999997,winter weekend,19.67
2023-12-24 22:00:00,17.028899999999997,winter weekend,19.67
2023-12-24 23:00:00,16.6795755,winter weekend,19.67
2023-12-25 00:00:00,16.918111,winter weekend,19.67
2023-12-25 01:00:00,16.223984,winter weekend,19.67
2023-12-25 02:00:00,16.1459795,winter weekend,19.67
2023-12-25 03:00:00,15.956055499999998,winter weekend,19.67
2023-12-25 04:00:00,15.8565715,winter weekend,19.67
2023-12-25 05:00:00,16.221722999999997,winter weekend,19.67
2023-12-25 06:00:00,16.50887,winter weekend,19.67
2023-12-25 07:00:00,16.748536,winter weekend,19.67
2023-12-25 08:00:00,17.355614499999998,winter weekend,19.67
2023-12-25 09:00:00,17.2583915,winter weekend,19.67
2023-12-25 10:00:00,17.2583915,winter weekend,19.67
2023-12-25 11:00:00,17.359005999999997,winter weekend,19.67
2023-12-25 12:00:00,17.365789,winter weekend,19.67
2023-12-25 13:00:00,17.368049999999997,winter weekend,19.67
2023-12-25 14:00:00,17.369299499999997,winter weekend,19.67
2023-12-25 15:00:00,17.677926,winter weekend,19.67
2023-12-25 16:00:00,18.854955,winter weekend,19.67
2023-12-25 17:00:00,19.869549,winter weekend,19.67
2023-12-25 18:00:00,19.702116,winter weekend,19.67
2023-12-25 19:00:00,19.1560845,winter weekend,19.67
2023-12-25 20:00:00,18.607554,winter weekend,19.67
2023-12-25 21:00:00,17.8066245,winter weekend,19.67
2023-12-25 22:00:00,17.9928,winter weekend,19.67
2023-12-25 23:00:00,17.378046,winter weekend,19.67
2023-12-26 00:00:00,17.368049999999997,winter weekend,19.67
2023-12-26 01:00:00,17.365789,winter weekend,19.67
2023-12-26 02:00:00,17.355614499999998,winter weekend,19.67
2023-12-26 03:00:00,17.066206499999996,winter weekend,19.67
2023-12-26 04:00:00,16.9508955,winter weekend,19.67
2023-12-26 05:00:00,17.158907499999998,winter weekend,19.67
2023-12-26 06:00:00,17.216563,winter weekend,19.67
2023-12-26 07:00:00,17.264044,winter weekend,19.67
2023-12-26 08:00:00,17.2493475,winter weekend,19.67
2023-12-26 09:00:00,17.359005999999997,winter weekend,19.67
2023-12-26 10:00:00,17.361267,winter weekend,19.67
2023-12-26 11:00:00,17.3623975,winter weekend,19.67
2023-12-26 12:00:00,17.363528,winter weekend,19.67
2023-12-26 13:00:00,17.368049999999997,winter weekend,19.67
2023-12-26 14:00:00,17.438022,winter weekend,19.67
2023-12-26 15:00:00,18.6212985,winter weekend,19.67
2023-12-26 16:00:00,23.283183,winter weekend,19.67
2023-12-26 17:00:00,23.989150500000004,winter weekend,27.88
2023-12-26 18:00:00,24.072867,winter weekend,27.88
2023-12-26 19:00:00,23.996647500000005,winter weekend,27.88
2023-12-26 20:00:00,23.530584000000005,winter weekend,19.67
2023-12-26 21:00:00,22.8596025,winter weekend,19.67
2023-12-26 22:00:00,23.194468500000003,winter weekend,19.67
2023-12-26 23:00:00,24.025386,winter weekend,27.88
2023-12-27 00:00:00,22.534732500000004,winter weekend,19.67
2023-12-27 01:00:00,23.8741965,winter weekend,27.88
2023-12-27 02:00:00,24.5689185,winter weekend,27.88
2023-12-27 03:00:00,23.821717500000005,winter weekend,27.88
2023-12-27 04:00:00,23.586811500000003,winter weekend,19.67
2023-12-27 05:00:00,24.362751000000003,winter weekend,27.88
2023-12-27 06:00:00,25.497297000000003,winter weekend,27.88
2023-12-27 07:00:00,27.044178,winter weekend,27.88
2023-12-27 08:00:00,27.7051635,winter weekend,27.88
2023-12-27 09:00:00,27.43402200000001,winter weekend,27.88
2023-12-27 10:00:00,26.7630405,winter weekend,27.88
2023-12-27 11:00:00,26.703064500000004,winter weekend,27.88
2023-12-27 12:00:00,26.58811050000001,winter weekend,27.88
2023-12-27 13:00:00,26.349456000000007,winter weekend,27.88
2023-12-27 14:00:00,26.569368000000004,winter weekend,27.88
2023-12-27 15:00:00,27.357802500000005,winter weekend,27.88
2023-12-27 16:00:00,27.335311500000003,winter weekend,27.88
2023-12-27 17:00:00,27.404034000000003,winter weekend,27.88
2023-12-27 18:00:00,26.658082500000003,winter weekend,27.88
2023-12-27 19:00:00,25.471057500000004,winter weekend,27.88
2023-12-27 20:00:00,24.206563500000005,winter weekend,27.88
2023-12-27 21:00:00,20.459313,winter weekend,19.67
2023-12-27 22:00:00,19.4909505,winter weekend,19.67
2023-12-27 23:00:00,17.369299499999997,winter weekend,19.67
2023-12-28 00:00:00,17.365789,winter weekend,19.67
2023-12-28 01:00:00,17.279871,winter weekend,19.67
2023-12-28 02:00:00,17.2063885,winter weekend,19.67
2023-12-28 03:00:00,17.210910499999997,winter weekend,19.67
2023-12-28 04:00:00,17.207519,winter weekend,19.67
2023-12-28 05:00:00,17.3375265,winter weekend,19.67
2023-12-28 06:00:00,17.370549,winter weekend,19.67
2023-12-28 07:00:00,19.374747,winter weekend,19.67
2023-12-28 08:00:00,22.14114,winter weekend,19.67
2023-12-28 09:00:00,22.2098625,winter weekend,19.67
2023-12-28 10:00:00,21.0253365,winter weekend,19.67
2023-12-28 11:00:00,19.1111025,winter weekend,19.67
2023-12-28 12:00:00,18.5263365,winter weekend,19.67
2023-12-28 13:00:00,18.087762,winter weekend,19.67
2023-12-28 14:00:00,19.164831,winter weekend,19.67
2023-12-28 15:00:00,19.324767,winter weekend,19.67
2023-12-28 16:00:00,22.408533,winter weekend,19.67
2023-12-28 17:00:00,23.219458500000005,winter weekend,19.67
2023-12-28 18:00:00,23.103255000000004,winter weekend,19.67
2023-12-28 19:00:00,22.1848725,winter weekend,19.67
2023-12-28 20:00:00,19.864551,winter weekend,19.67
2023-12-28 21:00:00,19.0861125,winter weekend,19.67
2023-12-28 22:00:00,19.582164,winter weekend,19.67
2023-12-28 23:00:00,17.493,winter weekend,19.67
2023-12-29 00:00:00,17.368049999999997,winter weekend,19.67
2023-12-29 01:00:00,17.359005999999997,winter weekend,19.67
2023-12-29 02:00:00,17.336396,winter weekend,19.67
2023-12-29 03:00:00,17.2629135,winter weekend,19.67
2023-12-29 04:00:00,17.260652500000003,winter weekend,19.67
2023-12-29 05:00:00,17.338656999999998,winter weekend,19.67
2023-12-29 06:00:00,17.360136499999996,winter weekend,19.67
2023-12-29 07:00:00,17.366919499999998,winter weekend,19.67
2023-12-29 08:00:00,17.922828,winter weekend,19.67
2023-12-29 09:00:00,17.5042455,winter weekend,19.67
2023-12-29 10:00:00,17.374297499999997,winter weekend,19.67
2023-12-29 11:00:00,17.366919499999998,winter weekend,19.67
2023-12-29 12:00:00,17.44302,winter weekend,19.67
2023-12-29 13:00:00,17.4917505,winter weekend,19.67
2023-12-29 14:00:00,17.646688499999996,winter weekend,19.67
2023-12-29 15:00:00,18.6163005,winter weekend,19.67
2023-12-29 16:00:00,18.620049,winter weekend,19.67
2023-12-29 17:00:00,20.506794,winter weekend,19.67
2023-12-29 18:00:00,20.6904705,winter weekend,19.67
2023-12-29 19:00:00,19.513441499999995,winter weekend,19.67
2023-12-29 20:00:00,18.630045,winter weekend,19.67
2023-12-29 21:00:00,17.997797999999996,winter weekend,19.67
2023-12-29 22:00:00,20.229405,winter weekend,19.67
2023-12-29 23:00:00,19.7283555,winter weekend,19.67
2023-12-30 00:00:00,18.1040055,winter weekend,19.67
2023-12-30 01:00:00,17.7141615,winter weekend,19.67
2023-12-30 02:00:00,18.477606,winter weekend,19.67
2023-12-30 03:00:00,18.06777,winter weekend,19.67
2023-12-30 04:00:00,18.085263,winter weekend,19.67
2023-12-30 05:00:00,18.3064245,winter weekend,19.67
2023-12-30 06:00:00,18.0890115,winter weekend,19.67
2023-12-30 07:00:00,19.974507,winter weekend,19.67
2023-12-30 08:00:00,20.8079235,winter weekend,19.67
2023-12-30 09:00:00,20.856654,winter weekend,19.67
2023-12-30 10:00:00,20.3556045,winter weekend,19.67
2023-12-30 11:00:00,19.8533055,winter weekend,19.67
2023-12-30 12:00:00,19.869549,winter weekend,19.67
2023-12-30 13:00:00,20.346858,winter weekend,19.67
2023-12-30 14:00:00,22.620948,winter weekend,19.67
2023-12-30 15:00:00,24.396487500000003,winter weekend,27.88
2023-12-30 16:00:00,26.113300500000005,winter weekend,27.88
2023-12-30 17:00:00,27.381543000000004,winter weekend,27.88
2023-12-30 18:00:00,27.3628005,winter weekend,27.88
2023-12-30 19:00:00,26.250745500000004,winter weekend,27.88
2023-12-30 20:00:00,25.116199500000004,winter weekend,27.88
2023-12-30 21:00:00,24.410232000000004,winter weekend,27.88
2023-12-30 22:00:00,23.628045000000004,winter weekend,19.67
2023-12-30 23:00:00,22.769638500000003,winter weekend,19.67
2023-12-31 00:00:00,21.933723,winter weekend,19.67
2023-12-31 01:00:00,19.0261365,winter weekend,19.67
2023-12-31 02:00:00,17.86785,winter weekend,19.67
2023-12-31 03:00:00,17.406784499999997,winter weekend,19.67
2023-12-31 04:00:00,17.440520999999997,winter weekend,19.67
2023-12-31 05:00:00,17.527986,winter weekend,19.67
2023-12-31 06:00:00,17.413031999999998,winter weekend,19.67
2023-12-31 07:00:00,17.3646585,winter weekend,19.67
2023-12-31 08:00:00,17.740401000000002,winter weekend,19.67
2023-12-31 09:00:00,18.505095,winter weekend,19.67
2023-12-31 10:00:00,19.11735,winter weekend,19.67
2023-12-31 11:00:00,18.6812745,winter weekend,19.67
2023-12-31 12:00:00,18.7087635,winter weekend,19.67
2023-12-31 13:00:00,18.0865125,winter weekend,19.67
2023-12-31 14:00:00,18.490101,winter weekend,19.67
2023-12-31 15:00:00,18.9861525,winter weekend,19.67
2023-12-31 16:00:00,19.979505,winter weekend,19.67
2023-12-31 17:00:00,20.61675,winter weekend,19.67
2023-12-31 18:00:00,20.2906305,winter weekend,19.67
2023-12-31 19:00:00,18.4926,winter weekend,19.67
2023-12-31 20:00:00,18.3614025,winter weekend,19.67
2023-12-31 21:00:00,18.11775,winter weekend,19.67
2023-12-31 22:00:00,18.702516,winter weekend,19.67
2023-12-31 23:00:00,17.672928,winter weekend,19.67
