Time,Wholesale price corrected,group,tariff
2023-01-01 00:00:00.000,16.7835815,winter weekend,19.94
2023-01-01 01:00:00.000,17.247086499999998,winter weekend,19.94
2023-01-01 02:00:00.000,17.201866499999998,winter weekend,19.94
2023-01-01 03:00:00.000,16.793756000000002,winter weekend,19.94
2023-01-01 04:00:00.000,16.8604555,winter weekend,19.94
2023-01-01 05:00:00.000,16.75758,winter weekend,19.94
2023-01-01 06:00:00.000,16.800538999999997,winter weekend,19.94
2023-01-01 07:00:00.000,17.221085,winter weekend,19.94
2023-01-01 08:00:00.000,17.205258,winter weekend,19.94
2023-01-01 09:00:00.000,17.2448255,winter weekend,19.94
2023-01-01 10:00:00.000,17.247086499999998,winter weekend,19.94
2023-01-01 11:00:00.000,17.247086499999998,winter weekend,19.94
2023-01-01 12:00:00.000,17.2787405,winter weekend,19.94
2023-01-01 13:00:00.000,17.3375265,winter weekend,19.94
2023-01-01 14:00:00.000,17.474257499999997,winter weekend,19.94
2023-01-01 15:00:00.000,20.3081235,winter weekend,19.94
2023-01-01 16:00:00.000,21.933723,winter weekend,19.94
2023-01-01 17:00:00.000,23.1194985,winter weekend,19.94
2023-01-01 18:00:00.000,24.311521500000005,winter weekend,27.53
2023-01-01 19:00:00.000,24.234052500000004,winter weekend,27.53
2023-01-01 20:00:00.000,23.519338500000003,winter weekend,19.94
2023-01-01 21:00:00.000,22.989550500000004,winter weekend,19.94
2023-01-01 22:00:00.000,23.110752,winter weekend,19.94
2023-01-01 23:00:00.000,21.7413,winter weekend,19.94
2023-01-02 00:00:00.000,24.60390450000001,winter weekend,27.53
2023-01-02 01:00:00.000,23.8242165,winter weekend,27.53
2023-01-02 02:00:00.000,23.981653500000004,winter weekend,27.53
2023-01-02 03:00:00.000,22.877095500000003,winter weekend,19.94
2023-01-02 04:00:00.000,23.625546000000003,winter weekend,19.94
2023-01-02 05:00:00.000,26.079564000000005,winter weekend,27.53
2023-01-02 06:00:00.000,30.497796,winter weekend,32.84
2023-01-02 07:00:00.000,34.94101800000001,winter weekend,32.84
2023-01-02 08:00:00.000,35.608251,winter weekend,32.84
2023-01-02 09:00:00.000,35.74194750000001,winter weekend,32.84
2023-01-02 10:00:00.000,35.562019500000005,winter weekend,32.84
2023-01-02 11:00:00.000,35.279632500000005,winter weekend,32.84
2023-01-02 12:00:00.000,35.408331000000004,winter weekend,32.84
2023-01-02 13:00:00.000,35.330862,winter weekend,32.84
2023-01-02 14:00:00.000,35.88564,winter weekend,32.84
2023-01-02 15:00:00.000,36.77778300000001,winter weekend,32.84
2023-01-02 16:00:00.000,37.7211555,winter weekend,32.84
2023-01-02 17:00:00.000,38.60955,winter weekend,32.84
2023-01-02 18:00:00.000,39.201813,winter weekend,32.84
2023-01-02 19:00:00.000,37.91732700000001,winter weekend,32.84
2023-01-02 20:00:00.000,36.485400000000006,winter weekend,32.84
2023-01-02 21:00:00.000,35.069716500000006,winter weekend,32.84
2023-01-02 22:00:00.000,34.225054500000006,winter weekend,32.84
2023-01-02 23:00:00.000,32.88933900000001,winter weekend,32.84
2023-01-03 00:00:00.000,33.6127995,winter weekend,32.84
2023-01-03 01:00:00.000,32.36205,winter weekend,32.84
2023-01-03 02:00:00.000,32.207112,winter weekend,32.84
2023-01-03 03:00:00.000,31.737300000000005,winter weekend,32.84
2023-01-03 04:00:00.000,31.566118500000005,winter weekend,32.84
2023-01-03 05:00:00.000,31.895986500000006,winter weekend,32.84
2023-01-03 06:00:00.000,34.72610400000001,winter weekend,32.84
2023-01-03 07:00:00.000,37.35005400000001,winter weekend,32.84
2023-01-03 08:00:00.000,38.5058415,winter weekend,32.84
2023-01-03 09:00:00.000,38.756991000000006,winter weekend,32.84
2023-01-03 10:00:00.000,38.4308715,winter weekend,32.84
2023-01-03 11:00:00.000,38.54582550000001,winter weekend,32.84
2023-01-03 12:00:00.000,37.922325,winter weekend,32.84
2023-01-03 13:00:00.000,37.47375450000001,winter weekend,32.84
2023-01-03 14:00:00.000,37.742397,winter weekend,32.84
2023-01-03 15:00:00.000,38.325913500000006,winter weekend,32.84
2023-01-03 16:00:00.000,38.1859695,winter weekend,32.84
2023-01-03 17:00:00.000,38.699514,winter weekend,32.84
2023-01-03 18:00:00.000,38.4758535,winter weekend,32.84
2023-01-03 19:00:00.000,37.483750500000006,winter weekend,32.84
2023-01-03 20:00:00.000,36.063069000000006,winter weekend,32.84
2023-01-03 21:00:00.000,33.73525050000001,winter weekend,32.84
2023-01-03 22:00:00.000,31.646086500000003,winter weekend,32.84
2023-01-03 23:00:00.000,29.070867000000003,winter weekend,27.53
2023-01-04 00:00:00.000,27.475255500000006,winter weekend,27.53
2023-01-04 01:00:00.000,26.19826650000001,winter weekend,27.53
2023-01-04 02:00:00.000,22.366050000000005,winter weekend,19.94
2023-01-04 03:00:00.000,18.452616,winter weekend,19.94
2023-01-04 04:00:00.000,17.474257499999997,winter weekend,19.94
2023-01-04 05:00:00.000,18.744999,winter weekend,19.94
2023-01-04 06:00:00.000,24.99249900000001,winter weekend,27.53
2023-01-04 07:00:00.000,27.264090000000003,winter weekend,27.53
2023-01-04 08:00:00.000,27.88884,winter weekend,27.53
2023-01-04 09:00:00.000,27.778884000000005,winter weekend,27.53
2023-01-04 10:00:00.000,26.12329650000001,winter weekend,27.53
2023-01-04 11:00:00.000,27.331563000000003,winter weekend,27.53
2023-01-04 12:00:00.000,27.475255500000006,winter weekend,27.53
2023-01-04 13:00:00.000,27.32906400000001,winter weekend,27.53
2023-01-04 14:00:00.000,27.391539000000005,winter weekend,27.53
2023-01-04 15:00:00.000,27.331563000000003,winter weekend,27.53
2023-01-04 16:00:00.000,27.466509,winter weekend,27.53
2023-01-04 17:00:00.000,28.133742,winter weekend,27.53
2023-01-04 18:00:00.000,26.399436,winter weekend,27.53
2023-01-04 19:00:00.000,25.690969500000005,winter weekend,27.53
2023-01-04 20:00:00.000,22.76589,winter weekend,19.94
2023-01-04 21:00:00.000,21.2727375,winter weekend,19.94
2023-01-04 22:00:00.000,21.736302,winter weekend,19.94
2023-01-04 23:00:00.000,18.5038455,winter weekend,19.94
2023-01-05 00:00:00.000,17.374297499999997,winter weekend,19.94
2023-01-05 01:00:00.000,17.3767965,winter weekend,19.94
2023-01-05 02:00:00.000,17.3767965,winter weekend,19.94
2023-01-05 03:00:00.000,17.383044,winter weekend,19.94
2023-01-05 04:00:00.000,17.646688499999996,winter weekend,19.94
2023-01-05 05:00:00.000,18.6262965,winter weekend,19.94
2023-01-05 06:00:00.000,24.994998,winter weekend,27.53
2023-01-05 07:00:00.000,28.2624405,winter weekend,27.53
2023-01-05 08:00:00.000,29.343258,winter weekend,27.53
2023-01-05 09:00:00.000,33.0555225,winter weekend,32.84
2023-01-05 10:00:00.000,33.851454000000004,winter weekend,32.84
2023-01-05 11:00:00.000,35.2446465,winter weekend,32.84
2023-01-05 12:00:00.000,34.9747545,winter weekend,32.84
2023-01-05 13:00:00.000,35.183421,winter weekend,32.84
2023-01-05 14:00:00.000,36.2392485,winter weekend,32.84
2023-01-05 15:00:00.000,37.29507600000001,winter weekend,32.84
2023-01-05 16:00:00.000,38.9506635,winter weekend,32.84
2023-01-05 17:00:00.000,41.69581499999999,winter weekend,32.84
2023-01-05 18:00:00.000,41.69206649999999,winter weekend,32.84
2023-01-05 19:00:00.000,39.60665099999999,winter weekend,32.84
2023-01-05 20:00:00.000,37.85860050000001,winter weekend,32.84
2023-01-05 21:00:00.000,36.36045,winter weekend,32.84
2023-01-05 22:00:00.000,35.440818,winter weekend,32.84
2023-01-05 23:00:00.000,33.2367,winter weekend,32.84
2023-01-06 00:00:00.000,30.763939500000006,winter weekend,32.84
2023-01-06 01:00:00.000,30.000495,winter weekend,27.53
2023-01-06 02:00:00.000,29.454463500000006,winter weekend,27.53
2023-01-06 03:00:00.000,27.656433000000003,winter weekend,27.53
2023-01-06 04:00:00.000,27.605203500000005,winter weekend,27.53
2023-01-06 05:00:00.000,27.867598500000003,winter weekend,27.53
2023-01-06 06:00:00.000,29.5194375,winter weekend,27.53
2023-01-06 07:00:00.000,30.676474500000005,winter weekend,32.84
2023-01-06 08:00:00.000,32.449515000000005,winter weekend,32.84
2023-01-06 09:00:00.000,31.969707000000003,winter weekend,32.84
2023-01-06 10:00:00.000,31.46865750000001,winter weekend,32.84
2023-01-06 11:00:00.000,31.53363150000001,winter weekend,32.84
2023-01-06 12:00:00.000,31.737300000000005,winter weekend,32.84
2023-01-06 13:00:00.000,31.085061000000003,winter weekend,32.84
2023-01-06 14:00:00.000,32.32581450000001,winter weekend,32.84
2023-01-06 15:00:00.000,33.090508500000006,winter weekend,32.84
2023-01-06 16:00:00.000,34.80732150000001,winter weekend,32.84
2023-01-06 17:00:00.000,36.8515035,winter weekend,32.84
2023-01-06 18:00:00.000,37.797375,winter weekend,32.84
2023-01-06 19:00:00.000,35.703213000000005,winter weekend,32.84
2023-01-06 20:00:00.000,34.783581000000005,winter weekend,32.84
2023-01-06 21:00:00.000,33.83646000000001,winter weekend,32.84
2023-01-06 22:00:00.000,33.60405300000001,winter weekend,32.84
2023-01-06 23:00:00.000,32.524485,winter weekend,32.84
2023-01-07 00:00:00.000,29.506942500000005,winter weekend,27.53
2023-01-07 01:00:00.000,29.666878500000003,winter weekend,27.53
2023-01-07 02:00:00.000,29.369497500000005,winter weekend,27.53
2023-01-07 03:00:00.000,28.359901500000007,winter weekend,27.53
2023-01-07 04:00:00.000,27.737650500000008,winter weekend,27.53
2023-01-07 05:00:00.000,27.812620500000005,winter weekend,27.53
2023-01-07 06:00:00.000,28.708512,winter weekend,27.53
2023-01-07 07:00:00.000,30.2641395,winter weekend,32.84
2023-01-07 08:00:00.000,31.344957,winter weekend,32.84
2023-01-07 09:00:00.000,31.362450000000003,winter weekend,32.84
2023-01-07 10:00:00.000,29.86305,winter weekend,27.53
2023-01-07 11:00:00.000,28.403634000000004,winter weekend,27.53
2023-01-07 12:00:00.000,28.351155,winter weekend,27.53
2023-01-07 13:00:00.000,29.119597500000005,winter weekend,27.53
2023-01-07 14:00:00.000,28.486101,winter weekend,27.53
2023-01-07 15:00:00.000,28.058772000000005,winter weekend,27.53
2023-01-07 16:00:00.000,29.12584500000001,winter weekend,27.53
2023-01-07 17:00:00.000,29.464459500000004,winter weekend,27.53
2023-01-07 18:00:00.000,29.80307400000001,winter weekend,27.53
2023-01-07 19:00:00.000,29.185821000000004,winter weekend,27.53
2023-01-07 20:00:00.000,28.346157000000005,winter weekend,27.53
2023-01-07 21:00:00.000,25.048726500000004,winter weekend,27.53
2023-01-07 22:00:00.000,23.61555,winter weekend,19.94
2023-01-07 23:00:00.000,22.1473875,winter weekend,19.94
2023-01-08 00:00:00.000,18.7337535,winter weekend,19.94
2023-01-08 01:00:00.000,18.5013465,winter weekend,19.94
2023-01-08 02:00:00.000,18.505095,winter weekend,19.94
2023-01-08 03:00:00.000,17.887842,winter weekend,19.94
2023-01-08 04:00:00.000,18.065271,winter weekend,19.94
2023-01-08 05:00:00.000,18.607554,winter weekend,19.94
2023-01-08 06:00:00.000,18.495099,winter weekend,19.94
2023-01-08 07:00:00.000,19.4259765,winter weekend,19.94
2023-01-08 08:00:00.000,23.54307900000001,winter weekend,19.94
2023-01-08 09:00:00.000,27.71391000000001,winter weekend,27.53
2023-01-08 10:00:00.000,29.075865000000004,winter weekend,27.53
2023-01-08 11:00:00.000,30.346606500000007,winter weekend,32.84
2023-01-08 12:00:00.000,30.0742155,winter weekend,27.53
2023-01-08 13:00:00.000,29.738100000000006,winter weekend,27.53
2023-01-08 14:00:00.000,30.399085500000005,winter weekend,32.84
2023-01-08 15:00:00.000,30.317868000000008,winter weekend,32.84
2023-01-08 16:00:00.000,31.0013445,winter weekend,32.84
2023-01-08 17:00:00.000,32.11714800000001,winter weekend,32.84
2023-01-08 18:00:00.000,32.68816950000001,winter weekend,32.84
2023-01-08 19:00:00.000,31.0013445,winter weekend,32.84
2023-01-08 20:00:00.000,30.354103500000004,winter weekend,32.84
2023-01-08 21:00:00.000,29.666878500000003,winter weekend,27.53
2023-01-08 22:00:00.000,29.784331500000004,winter weekend,27.53
2023-01-08 23:00:00.000,27.531483,winter weekend,27.53
2023-01-09 00:00:00.000,26.755543500000005,winter weekday,26.43
2023-01-09 01:00:00.000,25.412331000000005,winter weekday,26.43
2023-01-09 02:00:00.000,24.900036000000007,winter weekday,26.43
2023-01-09 03:00:00.000,22.2923295,winter weekday,26.43
2023-01-09 04:00:00.000,23.2719375,winter weekday,26.43
2023-01-09 05:00:00.000,25.9983465,winter weekday,26.43
2023-01-09 06:00:00.000,30.7539435,winter weekday,30.5
2023-01-09 07:00:00.000,37.36005000000001,winter weekday,35.79
2023-01-09 08:00:00.000,39.85905,winter weekday,35.79
2023-01-09 09:00:00.000,39.501693,winter weekday,35.79
2023-01-09 10:00:00.000,37.2438465,winter weekday,35.79
2023-01-09 11:00:00.000,37.4312715,winter weekday,35.79
2023-01-09 12:00:00.000,34.931022000000006,winter weekday,35.79
2023-01-09 13:00:00.000,34.569916500000005,winter weekday,35.79
2023-01-09 14:00:00.000,35.3071215,winter weekday,35.79
2023-01-09 15:00:00.000,36.237999,winter weekday,35.79
2023-01-09 16:00:00.000,37.604952,winter weekday,35.79
2023-01-09 17:00:00.000,39.3679965,winter weekday,35.79
2023-01-09 18:00:00.000,40.131441,winter weekday,35.79
2023-01-09 19:00:00.000,38.7082605,winter weekday,35.79
2023-01-09 20:00:00.000,37.4237745,winter weekday,35.79
2023-01-09 21:00:00.000,34.72735350000001,winter weekday,35.79
2023-01-09 22:00:00.000,33.86145,winter weekday,35.79
2023-01-09 23:00:00.000,30.90138450000001,winter weekday,30.5
2023-01-10 00:00:00.000,30.615249,winter weekday,30.5
2023-01-10 01:00:00.000,29.451964500000003,winter weekday,30.5
2023-01-10 02:00:00.000,29.255793,winter weekday,30.5
2023-01-10 03:00:00.000,28.658532,winter weekday,30.5
2023-01-10 04:00:00.000,29.314519500000007,winter weekday,30.5
2023-01-10 05:00:00.000,30.937620000000003,winter weekday,30.5
2023-01-10 06:00:00.000,34.627393500000004,winter weekday,35.79
2023-01-10 07:00:00.000,36.701563500000006,winter weekday,35.79
2023-01-10 08:00:00.000,38.0260335,winter weekday,35.79
2023-01-10 09:00:00.000,37.412529,winter weekday,35.79
2023-01-10 10:00:00.000,36.701563500000006,winter weekday,35.79
2023-01-10 11:00:00.000,35.66697750000001,winter weekday,35.79
2023-01-10 12:00:00.000,35.01348900000001,winter weekday,35.79
2023-01-10 13:00:00.000,35.070966000000006,winter weekday,35.79
2023-01-10 14:00:00.000,35.5370295,winter weekday,35.79
2023-01-10 15:00:00.000,35.60075400000001,winter weekday,35.79
2023-01-10 16:00:00.000,34.923525000000005,winter weekday,35.79
2023-01-10 17:00:00.000,35.65323300000001,winter weekday,35.79
2023-01-10 18:00:00.000,34.917277500000004,winter weekday,35.79
2023-01-10 19:00:00.000,32.916828,winter weekday,30.5
2023-01-10 20:00:00.000,30.631492500000004,winter weekday,30.5
2023-01-10 21:00:00.000,28.179973500000003,winter weekday,26.43
2023-01-10 22:00:00.000,27.526485000000005,winter weekday,26.43
2023-01-10 23:00:00.000,22.735902000000006,winter weekday,26.43
2023-01-11 00:00:00.000,17.9928,winter weekday,26.43
2023-01-11 01:00:00.000,17.388042,winter weekday,26.43
2023-01-11 02:00:00.000,17.378046,winter weekday,26.43
2023-01-11 03:00:00.000,17.369299499999997,winter weekday,26.43
2023-01-11 04:00:00.000,17.373047999999997,winter weekday,26.43
2023-01-11 05:00:00.000,17.7116625,winter weekday,26.43
2023-01-11 06:00:00.000,24.600156,winter weekday,26.43
2023-01-11 07:00:00.000,28.752244500000007,winter weekday,30.5
2023-01-11 08:00:00.000,33.291678000000005,winter weekday,35.79
2023-01-11 09:00:00.000,33.579063000000005,winter weekday,35.79
2023-01-11 10:00:00.000,33.82521450000001,winter weekday,35.79
2023-01-11 11:00:00.000,33.61404900000001,winter weekday,35.79
2023-01-11 12:00:00.000,32.0459265,winter weekday,30.5
2023-01-11 13:00:00.000,31.18002300000001,winter weekday,30.5
2023-01-11 14:00:00.000,31.829763000000003,winter weekday,30.5
2023-01-11 15:00:00.000,32.074665,winter weekday,30.5
2023-01-11 16:00:00.000,32.26209,winter weekday,30.5
2023-01-11 17:00:00.000,33.9101805,winter weekday,35.79
2023-01-11 18:00:00.000,33.97140600000001,winter weekday,35.79
2023-01-11 19:00:00.000,33.33666000000001,winter weekday,35.79
2023-01-11 20:00:00.000,31.682322000000006,winter weekday,30.5
2023-01-11 21:00:00.000,29.047126500000005,winter weekday,30.5
2023-01-11 22:00:00.000,28.827214500000004,winter weekday,30.5
2023-01-11 23:00:00.000,25.932123000000004,winter weekday,26.43
2023-01-12 00:00:00.000,19.852056,winter weekday,26.43
2023-01-12 01:00:00.000,18.0615225,winter weekday,26.43
2023-01-12 02:00:00.000,17.9540655,winter weekday,26.43
2023-01-12 03:00:00.000,17.380544999999998,winter weekday,26.43
2023-01-12 04:00:00.000,17.6216985,winter weekday,26.43
2023-01-12 05:00:00.000,20.484303,winter weekday,26.43
2023-01-12 06:00:00.000,28.078764000000003,winter weekday,26.43
2023-01-12 07:00:00.000,31.3062225,winter weekday,30.5
2023-01-12 08:00:00.000,30.716458500000005,winter weekday,30.5
2023-01-12 09:00:00.000,29.59190850000001,winter weekday,30.5
2023-01-12 10:00:00.000,27.956313,winter weekday,26.43
2023-01-12 11:00:00.000,28.286181000000003,winter weekday,26.43
2023-01-12 12:00:00.000,26.849256000000004,winter weekday,26.43
2023-01-12 13:00:00.000,27.593958000000004,winter weekday,26.43
2023-01-12 14:00:00.000,28.38864000000001,winter weekday,26.43
2023-01-12 15:00:00.000,29.260791000000005,winter weekday,30.5
2023-01-12 16:00:00.000,29.748096000000004,winter weekday,30.5
2023-01-12 17:00:00.000,31.363699500000006,winter weekday,30.5
2023-01-12 18:00:00.000,32.298325500000004,winter weekday,30.5
2023-01-12 19:00:00.000,29.961760500000008,winter weekday,30.5
2023-01-12 20:00:00.000,29.781832500000004,winter weekday,30.5
2023-01-12 21:00:00.000,27.960061500000005,winter weekday,26.43
2023-01-12 22:00:00.000,26.168278500000003,winter weekday,26.43
2023-01-12 23:00:00.000,22.312321500000003,winter weekday,26.43
2023-01-13 00:00:00.000,21.446418,winter weekday,26.43
2023-01-13 01:00:00.000,19.4909505,winter weekday,26.43
2023-01-13 02:00:00.000,18.4926,winter weekday,26.43
2023-01-13 03:00:00.000,17.620448999999997,winter weekday,26.43
2023-01-13 04:00:00.000,17.6941695,winter weekday,26.43
2023-01-13 05:00:00.000,20.524287,winter weekday,26.43
2023-01-13 06:00:00.000,24.207813000000005,winter weekday,26.43
2023-01-13 07:00:00.000,28.348656000000005,winter weekday,26.43
2023-01-13 08:00:00.000,30.606502500000005,winter weekday,30.5
2023-01-13 09:00:00.000,29.943018,winter weekday,30.5
2023-01-13 10:00:00.000,29.219557500000004,winter weekday,30.5
2023-01-13 11:00:00.000,27.980053500000004,winter weekday,26.43
2023-01-13 12:00:00.000,26.930473500000005,winter weekday,26.43
2023-01-13 13:00:00.000,26.144538,winter weekday,26.43
2023-01-13 14:00:00.000,26.558122500000003,winter weekday,26.43
2023-01-13 15:00:00.000,27.345307500000004,winter weekday,26.43
2023-01-13 16:00:00.000,28.02753450000001,winter weekday,26.43
2023-01-13 17:00:00.000,29.475705000000005,winter weekday,30.5
2023-01-13 18:00:00.000,29.4844515,winter weekday,30.5
2023-01-13 19:00:00.000,29.352004500000003,winter weekday,30.5
2023-01-13 20:00:00.000,27.981303000000004,winter weekday,26.43
2023-01-13 21:00:00.000,26.9754555,winter weekday,26.43
2023-01-13 22:00:00.000,26.92797450000001,winter weekday,26.43
2023-01-13 23:00:00.000,25.902135000000005,winter weekday,26.43
2023-01-14 00:00:00.000,20.576766,winter weekend,19.94
2023-01-14 01:00:00.000,21.693819,winter weekend,19.94
2023-01-14 02:00:00.000,22.953315000000007,winter weekend,19.94
2023-01-14 03:00:00.000,22.519738500000003,winter weekend,19.94
2023-01-14 04:00:00.000,22.453515000000003,winter weekend,19.94
2023-01-14 05:00:00.000,22.451016000000003,winter weekend,19.94
2023-01-14 06:00:00.000,23.003295000000005,winter weekend,19.94
2023-01-14 07:00:00.000,24.007893000000006,winter weekend,27.53
2023-01-14 08:00:00.000,23.907933000000007,winter weekend,27.53
2023-01-14 09:00:00.000,24.135342000000005,winter weekend,27.53
2023-01-14 10:00:00.000,23.6742765,winter weekend,19.94
2023-01-14 11:00:00.000,24.241549500000005,winter weekend,27.53
2023-01-14 12:00:00.000,23.479354500000003,winter weekend,19.94
2023-01-14 13:00:00.000,20.5230375,winter weekend,19.94
2023-01-14 14:00:00.000,19.044879,winter weekend,19.94
2023-01-14 15:00:00.000,18.4988475,winter weekend,19.94
2023-01-14 16:00:00.000,18.497598,winter weekend,19.94
2023-01-14 17:00:00.000,18.747498,winter weekend,19.94
2023-01-14 18:00:00.000,19.0786155,winter weekend,19.94
2023-01-14 19:00:00.000,18.222708,winter weekend,19.94
2023-01-14 20:00:00.000,18.4963485,winter weekend,19.94
2023-01-14 21:00:00.000,18.5013465,winter weekend,19.94
2023-01-14 22:00:00.000,18.105255,winter weekend,19.94
2023-01-14 23:00:00.000,18.0165405,winter weekend,19.94
2023-01-15 00:00:00.000,17.860353,winter weekend,19.94
2023-01-15 01:00:00.000,17.5817145,winter weekend,19.94
2023-01-15 02:00:00.000,17.880345000000002,winter weekend,19.94
2023-01-15 03:00:00.000,17.699167499999998,winter weekend,19.94
2023-01-15 04:00:00.000,17.726656499999997,winter weekend,19.94
2023-01-15 05:00:00.000,17.8690995,winter weekend,19.94
2023-01-15 06:00:00.000,17.565471,winter weekend,19.94
2023-01-15 07:00:00.000,17.585462999999997,winter weekend,19.94
2023-01-15 08:00:00.000,18.502596,winter weekend,19.94
2023-01-15 09:00:00.000,18.6562845,winter weekend,19.94
2023-01-15 10:00:00.000,18.4938495,winter weekend,19.94
2023-01-15 11:00:00.000,18.3713985,winter weekend,19.94
2023-01-15 12:00:00.000,18.212712,winter weekend,19.94
2023-01-15 13:00:00.000,17.420529,winter weekend,19.94
2023-01-15 14:00:00.000,17.4042855,winter weekend,19.94
2023-01-15 15:00:00.000,17.408033999999997,winter weekend,19.94
2023-01-15 16:00:00.000,17.425527,winter weekend,19.94
2023-01-15 17:00:00.000,17.524237499999998,winter weekend,19.94
2023-01-15 18:00:00.000,20.7354525,winter weekend,19.94
2023-01-15 19:00:00.000,20.5255365,winter weekend,19.94
2023-01-15 20:00:00.000,18.8886915,winter weekend,19.94
2023-01-15 21:00:00.000,19.8283155,winter weekend,19.94
2023-01-15 22:00:00.000,21.383943,winter weekend,19.94
2023-01-15 23:00:00.000,22.0499265,winter weekend,19.94
2023-01-16 00:00:00.000,24.8662995,winter weekday,26.43
2023-01-16 01:00:00.000,24.8662995,winter weekday,26.43
2023-01-16 02:00:00.000,25.20491400000001,winter weekday,26.43
2023-01-16 03:00:00.000,24.377745000000004,winter weekday,26.43
2023-01-16 04:00:00.000,25.27738500000001,winter weekday,26.43
2023-01-16 05:00:00.000,28.238700000000005,winter weekday,26.43
2023-01-16 06:00:00.000,36.689068500000005,winter weekday,35.79
2023-01-16 07:00:00.000,39.248044500000006,winter weekday,35.79
2023-01-16 08:00:00.000,40.6075005,winter weekday,35.79
2023-01-16 09:00:00.000,38.60955,winter weekday,35.79
2023-01-16 10:00:00.000,36.13554,winter weekday,35.79
2023-01-16 11:00:00.000,36.2217555,winter weekday,35.79
2023-01-16 12:00:00.000,35.740698,winter weekday,35.79
2023-01-16 13:00:00.000,34.9697565,winter weekday,35.79
2023-01-16 14:00:00.000,35.01598800000001,winter weekday,35.79
2023-01-16 15:00:00.000,35.572015500000006,winter weekday,35.79
2023-01-16 16:00:00.000,36.21175950000001,winter weekday,35.79
2023-01-16 17:00:00.000,38.2084605,winter weekday,35.79
2023-01-16 18:00:00.000,39.074364,winter weekday,35.79
2023-01-16 19:00:00.000,36.173025,winter weekday,35.79
2023-01-16 20:00:00.000,34.4824515,winter weekday,35.79
2023-01-16 21:00:00.000,33.329163,winter weekday,35.79
2023-01-16 22:00:00.000,32.76688800000001,winter weekday,30.5
2023-01-16 23:00:00.000,31.03758,winter weekday,30.5
2023-01-17 00:00:00.000,29.643138000000008,winter weekday,30.5
2023-01-17 01:00:00.000,29.189569500000005,winter weekday,30.5
2023-01-17 02:00:00.000,28.852204500000006,winter weekday,30.5
2023-01-17 03:00:00.000,28.5523245,winter weekday,30.5
2023-01-17 04:00:00.000,28.834711500000004,winter weekday,30.5
2023-01-17 05:00:00.000,29.86305,winter weekday,30.5
2023-01-17 06:00:00.000,31.982202000000004,winter weekday,30.5
2023-01-17 07:00:00.000,34.96101000000001,winter weekday,35.79
2023-01-17 08:00:00.000,36.35545200000001,winter weekday,35.79
2023-01-17 09:00:00.000,34.37374500000001,winter weekday,35.79
2023-01-17 10:00:00.000,33.1329915,winter weekday,30.5
2023-01-17 11:00:00.000,32.7056625,winter weekday,30.5
2023-01-17 12:00:00.000,31.870996500000004,winter weekday,30.5
2023-01-17 13:00:00.000,33.556572,winter weekday,35.79
2023-01-17 14:00:00.000,35.616997500000004,winter weekday,35.79
2023-01-17 15:00:00.000,37.84110750000001,winter weekday,35.79
2023-01-17 16:00:00.000,39.8652975,winter weekday,35.79
2023-01-17 17:00:00.000,40.96235849999999,winter weekday,35.79
2023-01-17 18:00:00.000,39.471705,winter weekday,35.79
2023-01-17 19:00:00.000,39.304272000000005,winter weekday,35.79
2023-01-17 20:00:00.000,36.612849,winter weekday,35.79
2023-01-17 21:00:00.000,35.643237000000006,winter weekday,35.79
2023-01-17 22:00:00.000,34.853553,winter weekday,35.79
2023-01-17 23:00:00.000,33.3279135,winter weekday,35.79
2023-01-18 00:00:00.000,32.718157500000004,winter weekday,30.5
2023-01-18 01:00:00.000,32.946816,winter weekday,30.5
2023-01-18 02:00:00.000,32.941818000000005,winter weekday,30.5
2023-01-18 03:00:00.000,32.720656500000004,winter weekday,30.5
2023-01-18 04:00:00.000,32.3508045,winter weekday,30.5
2023-01-18 05:00:00.000,33.18672000000001,winter weekday,35.79
2023-01-18 06:00:00.000,36.450414,winter weekday,35.79
2023-01-18 07:00:00.000,38.8207155,winter weekday,35.79
2023-01-18 08:00:00.000,40.94236649999999,winter weekday,35.79
2023-01-18 09:00:00.000,40.2476445,winter weekday,35.79
2023-01-18 10:00:00.000,37.51623750000001,winter weekday,35.79
2023-01-18 11:00:00.000,36.4166775,winter weekday,35.79
2023-01-18 12:00:00.000,34.9697565,winter weekday,35.79
2023-01-18 13:00:00.000,35.01598800000001,winter weekday,35.79
2023-01-18 14:00:00.000,35.15218350000001,winter weekday,35.79
2023-01-18 15:00:00.000,36.44666550000001,winter weekday,35.79
2023-01-18 16:00:00.000,36.5866095,winter weekday,35.79
2023-01-18 17:00:00.000,37.939818,winter weekday,35.79
2023-01-18 18:00:00.000,37.230102,winter weekday,35.79
2023-01-18 19:00:00.000,34.0551225,winter weekday,35.79
2023-01-18 20:00:00.000,34.546176,winter weekday,35.79
2023-01-18 21:00:00.000,33.795226500000005,winter weekday,35.79
2023-01-18 22:00:00.000,33.4853505,winter weekday,35.79
2023-01-18 23:00:00.000,31.447416000000004,winter weekday,30.5
2023-01-19 00:00:00.000,31.303723500000004,winter weekday,30.5
2023-01-19 01:00:00.000,30.735201000000004,winter weekday,30.5
2023-01-19 02:00:00.000,30.484051500000003,winter weekday,30.5
2023-01-19 03:00:00.000,30.07796400000001,winter weekday,30.5
2023-01-19 04:00:00.000,29.755593,winter weekday,30.5
2023-01-19 05:00:00.000,31.231252500000007,winter weekday,30.5
2023-01-19 06:00:00.000,32.139639,winter weekday,30.5
2023-01-19 07:00:00.000,36.063069000000006,winter weekday,35.79
2023-01-19 08:00:00.000,37.3513035,winter weekday,35.79
2023-01-19 09:00:00.000,36.845256000000006,winter weekday,35.79
2023-01-19 10:00:00.000,36.71155950000001,winter weekday,35.79
2023-01-19 11:00:00.000,34.6898685,winter weekday,35.79
2023-01-19 12:00:00.000,36.1192965,winter weekday,35.79
2023-01-19 13:00:00.000,36.7190565,winter weekday,35.79
2023-01-19 14:00:00.000,37.4212755,winter weekday,35.79
2023-01-19 15:00:00.000,39.746595,winter weekday,35.79
2023-01-19 16:00:00.000,40.6449855,winter weekday,35.79
2023-01-19 17:00:00.000,42.19936349999999,winter weekday,35.79
2023-01-19 18:00:00.000,42.05442149999999,winter weekday,35.79
2023-01-19 19:00:00.000,40.6449855,winter weekday,35.79
2023-01-19 20:00:00.000,38.600803500000005,winter weekday,35.79
2023-01-19 21:00:00.000,37.331311500000005,winter weekday,35.79
2023-01-19 22:00:00.000,37.62744300000001,winter weekday,35.79
2023-01-19 23:00:00.000,34.798575,winter weekday,35.79
2023-01-20 00:00:00.000,35.72195550000001,winter weekday,35.79
2023-01-20 01:00:00.000,35.423325,winter weekday,35.79
2023-01-20 02:00:00.000,35.165928,winter weekday,35.79
2023-01-20 03:00:00.000,35.210910000000005,winter weekday,35.79
2023-01-20 04:00:00.000,35.483301000000004,winter weekday,35.79
2023-01-20 05:00:00.000,36.173025,winter weekday,35.79
2023-01-20 06:00:00.000,39.3604995,winter weekday,35.79
2023-01-20 07:00:00.000,43.36639649999999,winter weekday,35.79
2023-01-20 08:00:00.000,46.73879699999999,winter weekday,35.79
2023-01-20 09:00:00.000,45.06946499999999,winter weekday,35.79
2023-01-20 10:00:00.000,43.57881149999999,winter weekday,35.79
2023-01-20 11:00:00.000,42.547974,winter weekday,35.79
2023-01-20 12:00:00.000,41.01608699999999,winter weekday,35.79
2023-01-20 13:00:00.000,40.0627185,winter weekday,35.79
2023-01-20 14:00:00.000,40.153932000000005,winter weekday,35.79
2023-01-20 15:00:00.000,41.35844999999999,winter weekday,35.79
2023-01-20 16:00:00.000,42.35804999999999,winter weekday,35.79
2023-01-20 17:00:00.000,43.38513899999999,winter weekday,35.79
2023-01-20 18:00:00.000,43.40763,winter weekday,35.79
2023-01-20 19:00:00.000,41.98319999999999,winter weekday,35.79
2023-01-20 20:00:00.000,39.321765,winter weekday,35.79
2023-01-20 21:00:00.000,38.1559815,winter weekday,35.79
2023-01-20 22:00:00.000,37.747395,winter weekday,35.79
2023-01-20 23:00:00.000,35.8044225,winter weekday,35.79
2023-01-21 00:00:00.000,35.37709350000001,winter weekend,32.84
2023-01-21 01:00:00.000,34.86854700000001,winter weekend,32.84
2023-01-21 02:00:00.000,34.88479050000001,winter weekend,32.84
2023-01-21 03:00:00.000,34.078863000000005,winter weekend,32.84
2023-01-21 04:00:00.000,33.766488,winter weekend,32.84
2023-01-21 05:00:00.000,33.868947000000006,winter weekend,32.84
2023-01-21 06:00:00.000,33.67027650000001,winter weekend,32.84
2023-01-21 07:00:00.000,34.8922875,winter weekend,32.84
2023-01-21 08:00:00.000,36.420426000000006,winter weekend,32.84
2023-01-21 09:00:00.000,38.816967,winter weekend,32.84
2023-01-21 10:00:00.000,38.6107995,winter weekend,32.84
2023-01-21 11:00:00.000,36.977703000000005,winter weekend,32.84
2023-01-21 12:00:00.000,35.849404500000006,winter weekend,32.84
2023-01-21 13:00:00.000,34.488699000000004,winter weekend,32.84
2023-01-21 14:00:00.000,34.433721000000006,winter weekend,32.84
2023-01-21 15:00:00.000,34.348755000000004,winter weekend,32.84
2023-01-21 16:00:00.000,35.38833900000001,winter weekend,32.84
2023-01-21 17:00:00.000,39.099354,winter weekend,32.84
2023-01-21 18:00:00.000,39.7203555,winter weekend,32.84
2023-01-21 19:00:00.000,35.300874,winter weekend,32.84
2023-01-21 20:00:00.000,34.6773735,winter weekend,32.84
2023-01-21 21:00:00.000,34.366248000000006,winter weekend,32.84
2023-01-21 22:00:00.000,33.846456,winter weekend,32.84
2023-01-21 23:00:00.000,32.082162000000004,winter weekend,32.84
2023-01-22 00:00:00.000,33.31167000000001,winter weekend,32.84
2023-01-22 01:00:00.000,32.238349500000005,winter weekend,32.84
2023-01-22 02:00:00.000,31.9584615,winter weekend,32.84
2023-01-22 03:00:00.000,32.155882500000004,winter weekend,32.84
2023-01-22 04:00:00.000,32.626944,winter weekend,32.84
2023-01-22 05:00:00.000,32.085910500000004,winter weekend,32.84
2023-01-22 06:00:00.000,33.31167000000001,winter weekend,32.84
2023-01-22 07:00:00.000,33.31167000000001,winter weekend,32.84
2023-01-22 08:00:00.000,34.5499245,winter weekend,32.84
2023-01-22 09:00:00.000,35.58825900000001,winter weekend,32.84
2023-01-22 10:00:00.000,36.270486000000005,winter weekend,32.84
2023-01-22 11:00:00.000,37.5787125,winter weekend,32.84
2023-01-22 12:00:00.000,37.553722500000006,winter weekend,32.84
2023-01-22 13:00:00.000,36.11055,winter weekend,32.84
2023-01-22 14:00:00.000,36.72280500000001,winter weekend,32.84
2023-01-22 15:00:00.000,37.046425500000005,winter weekend,32.84
2023-01-22 16:00:00.000,38.7382485,winter weekend,32.84
2023-01-22 17:00:00.000,41.35720049999999,winter weekend,32.84
2023-01-22 18:00:00.000,42.61669649999999,winter weekend,32.84
2023-01-22 19:00:00.000,42.2568405,winter weekend,32.84
2023-01-22 20:00:00.000,39.7353495,winter weekend,32.84
2023-01-22 21:00:00.000,38.7057615,winter weekend,32.84
2023-01-22 22:00:00.000,37.71740700000001,winter weekend,32.84
2023-01-22 23:00:00.000,36.555372000000006,winter weekend,32.84
2023-01-23 00:00:00.000,35.980602000000005,winter weekday,35.79
2023-01-23 01:00:00.000,35.985600000000005,winter weekday,35.79
2023-01-23 02:00:00.000,35.910630000000005,winter weekday,35.79
2023-01-23 03:00:00.000,35.80942050000001,winter weekday,35.79
2023-01-23 04:00:00.000,36.095556,winter weekday,35.79
2023-01-23 05:00:00.000,36.150534,winter weekday,35.79
2023-01-23 06:00:00.000,41.10355199999999,winter weekday,35.79
2023-01-23 07:00:00.000,45.67422299999999,winter weekday,35.79
2023-01-23 08:00:00.000,49.59515399999999,winter weekday,35.79
2023-01-23 09:00:00.000,51.132039,winter weekday,35.79
2023-01-23 10:00:00.000,48.59805299999999,winter weekday,35.79
2023-01-23 11:00:00.000,46.1352885,winter weekday,35.79
2023-01-23 12:00:00.000,44.97575249999999,winter weekday,35.79
2023-01-23 13:00:00.000,44.75459099999999,winter weekday,35.79
2023-01-23 14:00:00.000,44.81831549999999,winter weekday,35.79
2023-01-23 15:00:00.000,44.7308505,winter weekday,35.79
2023-01-23 16:00:00.000,45.429321,winter weekday,35.79
2023-01-23 17:00:00.000,48.468105,winter weekday,35.79
2023-01-23 18:00:00.000,48.36439649999999,winter weekday,35.79
2023-01-23 19:00:00.000,45.25564049999999,winter weekday,35.79
2023-01-23 20:00:00.000,42.79912349999999,winter weekday,35.79
2023-01-23 21:00:00.000,40.3600995,winter weekday,35.79
2023-01-23 22:00:00.000,38.8706955,winter weekday,35.79
2023-01-23 23:00:00.000,37.794876,winter weekday,35.79
2023-01-24 00:00:00.000,37.9660575,winter weekday,35.79
2023-01-24 01:00:00.000,37.3687965,winter weekday,35.79
2023-01-24 02:00:00.000,36.7090605,winter weekday,35.79
2023-01-24 03:00:00.000,35.991847500000006,winter weekday,35.79
2023-01-24 04:00:00.000,36.56661750000001,winter weekday,35.79
2023-01-24 05:00:00.000,37.777383,winter weekday,35.79
2023-01-24 06:00:00.000,40.310119500000006,winter weekday,35.79
2023-01-24 07:00:00.000,43.617546,winter weekday,35.79
2023-01-24 08:00:00.000,48.74299499999999,winter weekday,35.79
2023-01-24 09:00:00.000,49.40897849999999,winter weekday,35.79
2023-01-24 10:00:00.000,47.18861699999999,winter weekday,35.79
2023-01-24 11:00:00.000,46.10405099999999,winter weekday,35.79
2023-01-24 12:00:00.000,44.59715399999999,winter weekday,35.79
2023-01-24 13:00:00.000,43.1139975,winter weekday,35.79
2023-01-24 14:00:00.000,44.267285999999984,winter weekday,35.79
2023-01-24 15:00:00.000,44.60465099999999,winter weekday,35.79
2023-01-24 16:00:00.000,45.429321,winter weekday,35.79
2023-01-24 17:00:00.000,48.60554999999999,winter weekday,35.79
2023-01-24 18:00:00.000,48.60554999999999,winter weekday,35.79
2023-01-24 19:00:00.000,46.2502425,winter weekday,35.79
2023-01-24 20:00:00.000,44.109849,winter weekday,35.79
2023-01-24 21:00:00.000,40.7799315,winter weekday,35.79
2023-01-24 22:00:00.000,38.9131785,winter weekday,35.79
2023-01-24 23:00:00.000,37.63993800000001,winter weekday,35.79
2023-01-25 00:00:00.000,36.0068415,winter weekday,35.79
2023-01-25 01:00:00.000,36.21425850000001,winter weekday,35.79
2023-01-25 02:00:00.000,36.199264500000005,winter weekday,35.79
2023-01-25 03:00:00.000,35.8069215,winter weekday,35.79
2023-01-25 04:00:00.000,35.698215000000005,winter weekday,35.79
2023-01-25 05:00:00.000,36.2167575,winter weekday,35.79
2023-01-25 06:00:00.000,38.68452,winter weekday,35.79
2023-01-25 07:00:00.000,42.36929549999999,winter weekday,35.79
2023-01-25 08:00:00.000,45.48679799999999,winter weekday,35.79
2023-01-25 09:00:00.000,45.48179999999999,winter weekday,35.79
2023-01-25 10:00:00.000,43.909928999999984,winter weekday,35.79
2023-01-25 11:00:00.000,42.48050099999999,winter weekday,35.79
2023-01-25 12:00:00.000,41.50838999999999,winter weekday,35.79
2023-01-25 13:00:00.000,40.508790000000005,winter weekday,35.79
2023-01-25 14:00:00.000,41.320965,winter weekday,35.79
2023-01-25 15:00:00.000,42.02068499999999,winter weekday,35.79
2023-01-25 16:00:00.000,42.2568405,winter weekday,35.79
2023-01-25 17:00:00.000,43.15148249999999,winter weekday,35.79
2023-01-25 18:00:00.000,43.43511899999999,winter weekday,35.79
2023-01-25 19:00:00.000,41.50963949999999,winter weekday,35.79
2023-01-25 20:00:00.000,39.1455855,winter weekday,35.79
2023-01-25 21:00:00.000,38.1035025,winter weekday,35.79
2023-01-25 22:00:00.000,37.8111195,winter weekday,35.79
2023-01-25 23:00:00.000,36.51413850000001,winter weekday,35.79
2023-01-26 00:00:00.000,36.11055,winter weekday,35.79
2023-01-26 01:00:00.000,34.9022835,winter weekday,35.79
2023-01-26 02:00:00.000,34.502443500000005,winter weekday,35.79
2023-01-26 03:00:00.000,34.1900685,winter weekday,35.79
2023-01-26 04:00:00.000,34.3624995,winter weekday,35.79
2023-01-26 05:00:00.000,35.342107500000004,winter weekday,35.79
2023-01-26 06:00:00.000,38.06976600000001,winter weekday,35.79
2023-01-26 07:00:00.000,40.731201000000006,winter weekday,35.79
2023-01-26 08:00:00.000,42.22685249999999,winter weekday,35.79
2023-01-26 09:00:00.000,42.72165449999999,winter weekday,35.79
2023-01-26 10:00:00.000,41.99694449999999,winter weekday,35.79
2023-01-26 11:00:00.000,41.63708849999999,winter weekday,35.79
2023-01-26 12:00:00.000,40.7574405,winter weekday,35.79
2023-01-26 13:00:00.000,40.448814,winter weekday,35.79
2023-01-26 14:00:00.000,40.018986000000005,winter weekday,35.79
2023-01-26 15:00:00.000,39.311769,winter weekday,35.79
2023-01-26 16:00:00.000,38.467107000000006,winter weekday,35.79
2023-01-26 17:00:00.000,40.63374,winter weekday,35.79
2023-01-26 18:00:00.000,39.950263500000005,winter weekday,35.79
2023-01-26 19:00:00.000,38.6782725,winter weekday,35.79
2023-01-26 20:00:00.000,37.2338505,winter weekday,35.79
2023-01-26 21:00:00.000,36.665328,winter weekday,35.79
2023-01-26 22:00:00.000,36.07931250000001,winter weekday,35.79
2023-01-26 23:00:00.000,34.5999045,winter weekday,35.79
2023-01-27 00:00:00.000,34.23630000000001,winter weekday,35.79
2023-01-27 01:00:00.000,33.8901885,winter weekday,35.79
2023-01-27 02:00:00.000,33.651534000000005,winter weekday,35.79
2023-01-27 03:00:00.000,33.000544500000004,winter weekday,30.5
2023-01-27 04:00:00.000,33.4003845,winter weekday,35.79
2023-01-27 05:00:00.000,34.126344,winter weekday,35.79
2023-01-27 06:00:00.000,36.2367495,winter weekday,35.79
2023-01-27 07:00:00.000,39.371745,winter weekday,35.79
2023-01-27 08:00:00.000,41.73329999999999,winter weekday,35.79
2023-01-27 09:00:00.000,42.2568405,winter weekday,35.79
2023-01-27 10:00:00.000,41.73329999999999,winter weekday,35.79
2023-01-27 11:00:00.000,41.10855,winter weekday,35.79
2023-01-27 12:00:00.000,40.241397000000006,winter weekday,35.79
2023-01-27 13:00:00.000,39.85905,winter weekday,35.79
2023-01-27 14:00:00.000,40.046475,winter weekday,35.79
2023-01-27 15:00:00.000,40.4838,winter weekday,35.79
2023-01-27 16:00:00.000,40.85864999999999,winter weekday,35.79
2023-01-27 17:00:00.000,42.11439749999999,winter weekday,35.79
2023-01-27 18:00:00.000,42.44551499999999,winter weekday,35.79
2023-01-27 19:00:00.000,41.57086499999999,winter weekday,35.79
2023-01-27 20:00:00.000,40.046475,winter weekday,35.79
2023-01-27 21:00:00.000,38.1409875,winter weekday,35.79
2023-01-27 22:00:00.000,36.750294,winter weekday,35.79
2023-01-27 23:00:00.000,35.61075,winter weekday,35.79
2023-01-28 00:00:00.000,34.848555000000005,winter weekend,32.84
2023-01-28 01:00:00.000,34.243797,winter weekend,32.84
2023-01-28 02:00:00.000,34.033881,winter weekend,32.84
2023-01-28 03:00:00.000,33.5603205,winter weekend,32.84
2023-01-28 04:00:00.000,33.021786000000006,winter weekend,32.84
2023-01-28 05:00:00.000,32.7156585,winter weekend,32.84
2023-01-28 06:00:00.000,33.46785750000001,winter weekend,32.84
2023-01-28 07:00:00.000,34.401234,winter weekend,32.84
2023-01-28 08:00:00.000,35.5395285,winter weekend,32.84
2023-01-28 09:00:00.000,37.380042,winter weekend,32.84
2023-01-28 10:00:00.000,37.55622150000001,winter weekend,32.84
2023-01-28 11:00:00.000,37.022685,winter weekend,32.84
2023-01-28 12:00:00.000,35.055972000000004,winter weekend,32.84
2023-01-28 13:00:00.000,34.276284000000004,winter weekend,32.84
2023-01-28 14:00:00.000,34.631142000000004,winter weekend,32.84
2023-01-28 15:00:00.000,35.753193,winter weekend,32.84
2023-01-28 16:00:00.000,36.64408650000001,winter weekend,32.84
2023-01-28 17:00:00.000,37.97605350000001,winter weekend,32.84
2023-01-28 18:00:00.000,39.11684699999999,winter weekend,32.84
2023-01-28 19:00:00.000,37.80487200000001,winter weekend,32.84
2023-01-28 20:00:00.000,36.105552,winter weekend,32.84
2023-01-28 21:00:00.000,35.626993500000005,winter weekend,32.84
2023-01-28 22:00:00.000,35.139688500000005,winter weekend,32.84
2023-01-28 23:00:00.000,34.833561,winter weekend,32.84
2023-01-29 00:00:00.000,36.7165575,winter weekend,32.84
2023-01-29 01:00:00.000,33.569067000000004,winter weekend,32.84
2023-01-29 02:00:00.000,33.140488500000004,winter weekend,32.84
2023-01-29 03:00:00.000,32.8156185,winter weekend,32.84
2023-01-29 04:00:00.000,32.84560650000001,winter weekend,32.84
2023-01-29 05:00:00.000,32.7531435,winter weekend,32.84
2023-01-29 06:00:00.000,33.329163,winter weekend,32.84
2023-01-29 07:00:00.000,34.018887,winter weekend,32.84
2023-01-29 08:00:00.000,35.8693965,winter weekend,32.84
2023-01-29 09:00:00.000,36.831511500000005,winter weekend,32.84
2023-01-29 10:00:00.000,32.956812000000006,winter weekend,32.84
2023-01-29 11:00:00.000,32.494497,winter weekend,32.84
2023-01-29 12:00:00.000,31.776034500000005,winter weekend,32.84
2023-01-29 13:00:00.000,31.733551500000004,winter weekend,32.84
2023-01-29 14:00:00.000,32.4907485,winter weekend,32.84
2023-01-29 15:00:00.000,33.049275,winter weekend,32.84
2023-01-29 16:00:00.000,33.6227955,winter weekend,32.84
2023-01-29 17:00:00.000,36.877743,winter weekend,32.84
2023-01-29 18:00:00.000,36.530382,winter weekend,32.84
2023-01-29 19:00:00.000,33.442867500000006,winter weekend,32.84
2023-01-29 20:00:00.000,29.843058000000006,winter weekend,27.53
2023-01-29 21:00:00.000,27.98880000000001,winter weekend,27.53
2023-01-29 22:00:00.000,27.342808500000004,winter weekend,27.53
2023-01-29 23:00:00.000,25.409832000000005,winter weekend,27.53
2023-01-30 00:00:00.000,22.990800000000004,winter weekday,26.43
2023-01-30 01:00:00.000,18.105255,winter weekday,26.43
2023-01-30 02:00:00.000,18.0015465,winter weekday,26.43
2023-01-30 03:00:00.000,17.6216985,winter weekday,26.43
2023-01-30 04:00:00.000,18.4963485,winter weekday,26.43
2023-01-30 05:00:00.000,22.0499265,winter weekday,26.43
2023-01-30 06:00:00.000,28.376145000000005,winter weekday,26.43
2023-01-30 07:00:00.000,30.135441000000004,winter weekday,30.5
2023-01-30 08:00:00.000,31.799775000000007,winter weekday,30.5
2023-01-30 09:00:00.000,29.963010000000004,winter weekday,30.5
2023-01-30 10:00:00.000,29.464459500000004,winter weekday,30.5
2023-01-30 11:00:00.000,28.392388500000003,winter weekday,26.43
2023-01-30 12:00:00.000,28.126245000000004,winter weekday,26.43
2023-01-30 13:00:00.000,27.786381,winter weekday,26.43
2023-01-30 14:00:00.000,28.408632000000004,winter weekday,26.43
2023-01-30 15:00:00.000,28.128744,winter weekday,26.43
2023-01-30 16:00:00.000,28.574815500000003,winter weekday,30.5
2023-01-30 17:00:00.000,29.690619,winter weekday,30.5
2023-01-30 18:00:00.000,29.399485500000004,winter weekday,30.5
2023-01-30 19:00:00.000,29.950515000000006,winter weekday,30.5
2023-01-30 20:00:00.000,28.607302500000003,winter weekday,30.5
2023-01-30 21:00:00.000,28.219957500000003,winter weekday,26.43
2023-01-30 22:00:00.000,28.38239250000001,winter weekday,26.43
2023-01-30 23:00:00.000,28.713510000000003,winter weekday,30.5
2023-01-31 00:00:00.000,29.114599500000008,winter weekday,30.5
2023-01-31 01:00:00.000,29.631892500000006,winter weekday,30.5
2023-01-31 02:00:00.000,29.631892500000006,winter weekday,30.5
2023-01-31 03:00:00.000,29.97675450000001,winter weekday,30.5
2023-01-31 04:00:00.000,30.524035500000004,winter weekday,30.5
2023-01-31 05:00:00.000,31.0538235,winter weekday,30.5
2023-01-31 06:00:00.000,35.403333,winter weekday,35.79
2023-01-31 07:00:00.000,38.78448,winter weekday,35.79
2023-01-31 08:00:00.000,40.23140099999999,winter weekday,35.79
2023-01-31 09:00:00.000,38.602053000000005,winter weekday,35.79
2023-01-31 10:00:00.000,38.2484445,winter weekday,35.79
2023-01-31 11:00:00.000,35.65198350000001,winter weekday,35.79
2023-01-31 12:00:00.000,34.639888500000005,winter weekday,35.79
2023-01-31 13:00:00.000,32.8256145,winter weekday,30.5
2023-01-31 14:00:00.000,30.69021900000001,winter weekday,30.5
2023-01-31 15:00:00.000,30.875145000000003,winter weekday,30.5
2023-01-31 16:00:00.000,30.07921350000001,winter weekday,30.5
2023-01-31 17:00:00.000,30.26039100000001,winter weekday,30.5
2023-01-31 18:00:00.000,30.982602000000004,winter weekday,30.5
2023-01-31 19:00:00.000,29.898036000000005,winter weekday,30.5
2023-01-31 20:00:00.000,29.228304000000005,winter weekday,30.5
2023-01-31 21:00:00.000,28.13749050000001,winter weekday,26.43
2023-01-31 22:00:00.000,28.126245000000004,winter weekday,26.43
2023-01-31 23:00:00.000,26.059572000000006,winter weekday,26.43
2023-02-01 00:00:00.000,27.356553000000005,winter weekday,26.43
2023-02-01 01:00:00.000,25.80842250000001,winter weekday,26.43
2023-02-01 02:00:00.000,25.576015500000004,winter weekday,26.43
2023-02-01 03:00:00.000,25.717209000000004,winter weekday,26.43
2023-02-01 04:00:00.000,24.563920500000005,winter weekday,26.43
2023-02-01 05:00:00.000,26.734302000000003,winter weekday,26.43
2023-02-01 06:00:00.000,29.360751000000004,winter weekday,30.5
2023-02-01 07:00:00.000,31.45616250000001,winter weekday,30.5
2023-02-01 08:00:00.000,32.454513000000006,winter weekday,30.5
2023-02-01 09:00:00.000,31.273735500000004,winter weekday,30.5
2023-02-01 10:00:00.000,30.491548500000007,winter weekday,30.5
2023-02-01 11:00:00.000,30.044227500000005,winter weekday,30.5
2023-02-01 12:00:00.000,29.780583000000004,winter weekday,30.5
2023-02-01 13:00:00.000,29.679373500000004,winter weekday,30.5
2023-02-01 14:00:00.000,29.3595015,winter weekday,30.5
2023-02-01 15:00:00.000,29.683122000000008,winter weekday,30.5
2023-02-01 16:00:00.000,30.199165500000007,winter weekday,30.5
2023-02-01 17:00:00.000,31.00259400000001,winter weekday,30.5
2023-02-01 18:00:00.000,31.309971000000004,winter weekday,30.5
2023-02-01 19:00:00.000,29.973006,winter weekday,30.5
2023-02-01 20:00:00.000,29.569417500000004,winter weekday,30.5
2023-02-01 21:00:00.000,29.207062500000006,winter weekday,30.5
2023-02-01 22:00:00.000,28.166229000000005,winter weekday,26.43
2023-02-01 23:00:00.000,27.1878705,winter weekday,26.43
2023-02-02 00:00:00.000,26.651835,winter weekday,26.43
2023-02-02 01:00:00.000,25.835911500000005,winter weekday,26.43
2023-02-02 02:00:00.000,26.283232500000004,winter weekday,26.43
2023-02-02 03:00:00.000,26.957962500000004,winter weekday,26.43
2023-02-02 04:00:00.000,28.432372500000003,winter weekday,26.43
2023-02-02 05:00:00.000,29.002144500000004,winter weekday,30.5
2023-02-02 06:00:00.000,31.8884895,winter weekday,30.5
2023-02-02 07:00:00.000,34.76358900000001,winter weekday,35.79
2023-02-02 08:00:00.000,38.5933065,winter weekday,35.79
2023-02-02 09:00:00.000,39.63414,winter weekday,35.79
2023-02-02 10:00:00.000,38.6207955,winter weekday,35.79
2023-02-02 11:00:00.000,38.2609395,winter weekday,35.79
2023-02-02 12:00:00.000,36.967707,winter weekday,35.79
2023-02-02 13:00:00.000,36.452913,winter weekday,35.79
2023-02-02 14:00:00.000,37.539978,winter weekday,35.79
2023-02-02 15:00:00.000,37.78363050000001,winter weekday,35.79
2023-02-02 16:00:00.000,38.26968600000001,winter weekday,35.79
2023-02-02 17:00:00.000,39.6303915,winter weekday,35.79
2023-02-02 18:00:00.000,40.248894,winter weekday,35.79
2023-02-02 19:00:00.000,38.881941000000005,winter weekday,35.79
2023-02-02 20:00:00.000,35.122195500000004,winter weekday,35.79
2023-02-02 21:00:00.000,35.303373,winter weekday,35.79
2023-02-02 22:00:00.000,33.6302925,winter weekday,35.79
2023-02-02 23:00:00.000,30.354103500000004,winter weekday,30.5
2023-02-03 00:00:00.000,30.90013500000001,winter weekday,30.5
2023-02-03 01:00:00.000,29.896786500000005,winter weekday,30.5
2023-02-03 02:00:00.000,29.090859000000005,winter weekday,30.5
2023-02-03 03:00:00.000,28.3424085,winter weekday,26.43
2023-02-03 04:00:00.000,27.867598500000003,winter weekday,26.43
2023-02-03 05:00:00.000,28.491099,winter weekday,30.5
2023-02-03 06:00:00.000,29.896786500000005,winter weekday,30.5
2023-02-03 07:00:00.000,30.8289135,winter weekday,30.5
2023-02-03 08:00:00.000,31.1612805,winter weekday,30.5
2023-02-03 09:00:00.000,31.11379950000001,winter weekday,30.5
2023-02-03 10:00:00.000,29.579413500000005,winter weekday,30.5
2023-02-03 11:00:00.000,30.214159500000004,winter weekday,30.5
2023-02-03 12:00:00.000,30.11295,winter weekday,30.5
2023-02-03 13:00:00.000,29.761840500000005,winter weekday,30.5
2023-02-03 14:00:00.000,29.601904500000007,winter weekday,30.5
2023-02-03 15:00:00.000,30.11295,winter weekday,30.5
2023-02-03 16:00:00.000,30.827664,winter weekday,30.5
2023-02-03 17:00:00.000,31.412430000000004,winter weekday,30.5
2023-02-03 18:00:00.000,31.552374000000004,winter weekday,30.5
2023-02-03 19:00:00.000,30.8713965,winter weekday,30.5
2023-02-03 20:00:00.000,30.325365000000005,winter weekday,30.5
2023-02-03 21:00:00.000,30.231652500000003,winter weekday,30.5
2023-02-03 22:00:00.000,31.511140500000007,winter weekday,30.5
2023-02-03 23:00:00.000,30.837660000000003,winter weekday,30.5
2023-02-04 00:00:00.000,29.783082,winter weekend,27.53
2023-02-04 01:00:00.000,30.6439875,winter weekend,32.84
2023-02-04 02:00:00.000,31.50614250000001,winter weekend,32.84
2023-02-04 03:00:00.000,32.583211500000004,winter weekend,32.84
2023-02-04 04:00:00.000,33.03428100000001,winter weekend,32.84
2023-02-04 05:00:00.000,33.291678000000005,winter weekend,32.84
2023-02-04 06:00:00.000,34.52868300000001,winter weekend,32.84
2023-02-04 07:00:00.000,36.898984500000005,winter weekend,32.84
2023-02-04 08:00:00.000,37.8835905,winter weekend,32.84
2023-02-04 09:00:00.000,38.5883085,winter weekend,32.84
2023-02-04 10:00:00.000,37.87359450000001,winter weekend,32.84
2023-02-04 11:00:00.000,36.908980500000006,winter weekend,32.84
2023-02-04 12:00:00.000,35.965608,winter weekend,32.84
2023-02-04 13:00:00.000,34.0326315,winter weekend,32.84
2023-02-04 14:00:00.000,34.1225955,winter weekend,32.84
2023-02-04 15:00:00.000,35.062219500000005,winter weekend,32.84
2023-02-04 16:00:00.000,36.78028200000001,winter weekend,32.84
2023-02-04 17:00:00.000,38.6457855,winter weekend,32.84
2023-02-04 18:00:00.000,40.378842,winter weekend,32.84
2023-02-04 19:00:00.000,39.85405200000001,winter weekend,32.84
2023-02-04 20:00:00.000,38.3459055,winter weekend,32.84
2023-02-04 21:00:00.000,37.126393500000006,winter weekend,32.84
2023-02-04 22:00:00.000,36.407931000000005,winter weekend,32.84
2023-02-04 23:00:00.000,34.4449665,winter weekend,32.84
2023-02-05 00:00:00.000,34.3000245,winter weekend,32.84
2023-02-05 01:00:00.000,34.4824515,winter weekend,32.84
2023-02-05 02:00:00.000,33.4903485,winter weekend,32.84
2023-02-05 03:00:00.000,33.696516,winter weekend,32.84
2023-02-05 04:00:00.000,31.88724000000001,winter weekend,32.84
2023-02-05 05:00:00.000,31.521136500000004,winter weekend,32.84
2023-02-05 06:00:00.000,31.6385895,winter weekend,32.84
2023-02-05 07:00:00.000,31.812270000000005,winter weekend,32.84
2023-02-05 08:00:00.000,32.42202600000001,winter weekend,32.84
2023-02-05 09:00:00.000,32.072166,winter weekend,32.84
2023-02-05 10:00:00.000,32.024685000000005,winter weekend,32.84
2023-02-05 11:00:00.000,32.62319550000001,winter weekend,32.84
2023-02-05 12:00:00.000,31.8734955,winter weekend,32.84
2023-02-05 13:00:00.000,30.738949500000004,winter weekend,32.84
2023-02-05 14:00:00.000,31.081312500000003,winter weekend,32.84
2023-02-05 15:00:00.000,31.902234,winter weekend,32.84
2023-02-05 16:00:00.000,33.006792000000004,winter weekend,32.84
2023-02-05 17:00:00.000,35.8069215,winter weekend,32.84
2023-02-05 18:00:00.000,38.789478,winter weekend,32.84
2023-02-05 19:00:00.000,38.724504,winter weekend,32.84
2023-02-05 20:00:00.000,38.097255,winter weekend,32.84
2023-02-05 21:00:00.000,36.56911650000001,winter weekend,32.84
2023-02-05 22:00:00.000,36.831511500000005,winter weekend,32.84
2023-02-05 23:00:00.000,35.383341,winter weekend,32.84
2023-02-06 00:00:00.000,35.485800000000005,winter weekday,35.79
2023-02-06 01:00:00.000,35.3271135,winter weekday,35.79
2023-02-06 02:00:00.000,35.5370295,winter weekday,35.79
2023-02-06 03:00:00.000,35.122195500000004,winter weekday,35.79
2023-02-06 04:00:00.000,34.87354500000001,winter weekday,35.79
2023-02-06 05:00:00.000,35.976853500000004,winter weekday,35.79
2023-02-06 06:00:00.000,39.318016500000006,winter weekday,35.79
2023-02-06 07:00:00.000,42.43926749999999,winter weekday,35.79
2023-02-06 08:00:00.000,44.0311305,winter weekday,35.79
2023-02-06 09:00:00.000,42.43926749999999,winter weekday,35.79
2023-02-06 10:00:00.000,40.493796,winter weekday,35.79
2023-02-06 11:00:00.000,39.839058,winter weekday,35.79
2023-02-06 12:00:00.000,38.449614,winter weekday,35.79
2023-02-06 13:00:00.000,37.50499200000001,winter weekday,35.79
2023-02-06 14:00:00.000,37.84735500000001,winter weekday,35.79
2023-02-06 15:00:00.000,38.69326650000001,winter weekday,35.79
2023-02-06 16:00:00.000,40.083960000000005,winter weekday,35.79
2023-02-06 17:00:00.000,42.22560299999999,winter weekday,35.79
2023-02-06 18:00:00.000,44.04487499999999,winter weekday,35.79
2023-02-06 19:00:00.000,43.03028099999999,winter weekday,35.79
2023-02-06 20:00:00.000,40.63498950000001,winter weekday,35.79
2023-02-06 21:00:00.000,38.169726,winter weekday,35.79
2023-02-06 22:00:00.000,37.337559000000006,winter weekday,35.79
2023-02-06 23:00:00.000,36.61035,winter weekday,35.79
2023-02-07 00:00:00.000,35.58326100000001,winter weekday,35.79
2023-02-07 01:00:00.000,35.137189500000005,winter weekday,35.79
2023-02-07 02:00:00.000,34.913529000000004,winter weekday,35.79
2023-02-07 03:00:00.000,34.791078000000006,winter weekday,35.79
2023-02-07 04:00:00.000,35.060970000000005,winter weekday,35.79
2023-02-07 05:00:00.000,35.5945065,winter weekday,35.79
2023-02-07 06:00:00.000,38.677023,winter weekday,35.79
2023-02-07 07:00:00.000,42.113148,winter weekday,35.79
2023-02-07 08:00:00.000,44.12734199999999,winter weekday,35.79
2023-02-07 09:00:00.000,41.33970749999999,winter weekday,35.79
2023-02-07 10:00:00.000,38.924424,winter weekday,35.79
2023-02-07 11:00:00.000,35.08970850000001,winter weekday,35.79
2023-02-07 12:00:00.000,34.9022835,winter weekday,35.79
2023-02-07 13:00:00.000,34.218807000000005,winter weekday,35.79
2023-02-07 14:00:00.000,35.903133000000004,winter weekday,35.79
2023-02-07 15:00:00.000,38.841957,winter weekday,35.79
2023-02-07 16:00:00.000,41.10605099999999,winter weekday,35.79
2023-02-07 17:00:00.000,45.13943699999999,winter weekday,35.79
2023-02-07 18:00:00.000,48.05577,winter weekday,35.79
2023-02-07 19:00:00.000,45.98159999999999,winter weekday,35.79
2023-02-07 20:00:00.000,42.23684849999999,winter weekday,35.79
2023-02-07 21:00:00.000,40.88114099999999,winter weekday,35.79
2023-02-07 22:00:00.000,39.029382,winter weekday,35.79
2023-02-07 23:00:00.000,37.744896,winter weekday,35.79
2023-02-08 00:00:00.000,37.36629750000001,winter weekday,35.79
2023-02-08 01:00:00.000,36.755292,winter weekday,35.79
2023-02-08 02:00:00.000,36.11055,winter weekday,35.79
2023-02-08 03:00:00.000,35.8569015,winter weekday,35.79
2023-02-08 04:00:00.000,35.6070015,winter weekday,35.79
2023-02-08 05:00:00.000,36.00809100000001,winter weekday,35.79
2023-02-08 06:00:00.000,39.3205155,winter weekday,35.79
2023-02-08 07:00:00.000,41.93821799999999,winter weekday,35.79
2023-02-08 08:00:00.000,44.38099049999999,winter weekday,35.79
2023-02-08 09:00:00.000,39.5779125,winter weekday,35.79
2023-02-08 10:00:00.000,33.361650000000004,winter weekday,35.79
2023-02-08 11:00:00.000,33.152983500000005,winter weekday,35.79
2023-02-08 12:00:00.000,32.98055250000001,winter weekday,30.5
2023-02-08 13:00:00.000,32.981802,winter weekday,30.5
2023-02-08 14:00:00.000,32.98055250000001,winter weekday,30.5
2023-02-08 15:00:00.000,34.17257550000001,winter weekday,35.79
2023-02-08 16:00:00.000,36.967707,winter weekday,35.79
2023-02-08 17:00:00.000,40.3576005,winter weekday,35.79
2023-02-08 18:00:00.000,41.41467749999999,winter weekday,35.79
2023-02-08 19:00:00.000,36.485400000000006,winter weekday,35.79
2023-02-08 20:00:00.000,35.5420275,winter weekday,35.79
2023-02-08 21:00:00.000,34.087609500000006,winter weekday,35.79
2023-02-08 22:00:00.000,33.3279135,winter weekday,35.79
2023-02-08 23:00:00.000,32.229603000000004,winter weekday,30.5
2023-02-09 00:00:00.000,31.057572000000004,winter weekday,30.5
2023-02-09 01:00:00.000,32.157132000000004,winter weekday,30.5
2023-02-09 02:00:00.000,31.752294000000003,winter weekday,30.5
2023-02-09 03:00:00.000,31.794777000000003,winter weekday,30.5
2023-02-09 04:00:00.000,32.42077650000001,winter weekday,30.5
2023-02-09 05:00:00.000,33.932671500000005,winter weekday,35.79
2023-02-09 06:00:00.000,36.765288000000005,winter weekday,35.79
2023-02-09 07:00:00.000,39.166827,winter weekday,35.79
2023-02-09 08:00:00.000,38.986899,winter weekday,35.79
2023-02-09 09:00:00.000,31.282482000000005,winter weekday,30.5
2023-02-09 10:00:00.000,31.613599500000003,winter weekday,30.5
2023-02-09 11:00:00.000,31.3337115,winter weekday,30.5
2023-02-09 12:00:00.000,31.259991000000007,winter weekday,30.5
2023-02-09 13:00:00.000,31.136290500000005,winter weekday,30.5
2023-02-09 14:00:00.000,32.54447700000001,winter weekday,30.5
2023-02-09 15:00:00.000,37.0989045,winter weekday,35.79
2023-02-09 16:00:00.000,37.989798,winter weekday,35.79
2023-02-09 17:00:00.000,39.0156375,winter weekday,35.79
2023-02-09 18:00:00.000,38.1509835,winter weekday,35.79
2023-02-09 19:00:00.000,34.222555500000006,winter weekday,35.79
2023-02-09 20:00:00.000,31.833511500000004,winter weekday,30.5
2023-02-09 21:00:00.000,34.3325115,winter weekday,35.79
2023-02-09 22:00:00.000,32.3533035,winter weekday,30.5
2023-02-09 23:00:00.000,32.105902500000006,winter weekday,30.5
2023-02-10 00:00:00.000,32.6981655,winter weekday,30.5
2023-02-10 01:00:00.000,32.74814550000001,winter weekday,30.5
2023-02-10 02:00:00.000,31.902234,winter weekday,30.5
2023-02-10 03:00:00.000,31.949715000000005,winter weekday,30.5
2023-02-10 04:00:00.000,32.175874500000006,winter weekday,30.5
2023-02-10 05:00:00.000,33.04552650000001,winter weekday,30.5
2023-02-10 06:00:00.000,36.6091005,winter weekday,35.79
2023-02-10 07:00:00.000,40.59750450000001,winter weekday,35.79
2023-02-10 08:00:00.000,41.88698849999999,winter weekday,35.79
2023-02-10 09:00:00.000,37.200114000000006,winter weekday,35.79
2023-02-10 10:00:00.000,34.9047825,winter weekday,35.79
2023-02-10 11:00:00.000,33.82146600000001,winter weekday,35.79
2023-02-10 12:00:00.000,32.217108,winter weekday,30.5
2023-02-10 13:00:00.000,32.104653000000006,winter weekday,30.5
2023-02-10 14:00:00.000,31.127544000000004,winter weekday,30.5
2023-02-10 15:00:00.000,33.355402500000004,winter weekday,35.79
2023-02-10 16:00:00.000,32.83186200000001,winter weekday,30.5
2023-02-10 17:00:00.000,37.22635350000001,winter weekday,35.79
2023-02-10 18:00:00.000,33.5553225,winter weekday,35.79
2023-02-10 19:00:00.000,30.89888550000001,winter weekday,30.5
2023-02-10 20:00:00.000,30.895137,winter weekday,30.5
2023-02-10 21:00:00.000,29.195817000000005,winter weekday,30.5
2023-02-10 22:00:00.000,28.5123405,winter weekday,30.5
2023-02-10 23:00:00.000,22.990800000000004,winter weekday,26.43
2023-02-11 00:00:00.000,28.59980550000001,winter weekend,27.53
2023-02-11 01:00:00.000,28.036281,winter weekend,27.53
2023-02-11 02:00:00.000,27.992548500000005,winter weekend,27.53
2023-02-11 03:00:00.000,27.597706500000005,winter weekend,27.53
2023-02-11 04:00:00.000,27.652684500000003,winter weekend,27.53
2023-02-11 05:00:00.000,27.474006000000006,winter weekend,27.53
2023-02-11 06:00:00.000,27.7326525,winter weekend,27.53
2023-02-11 07:00:00.000,28.187470500000007,winter weekend,27.53
2023-02-11 08:00:00.000,29.0046435,winter weekend,27.53
2023-02-11 09:00:00.000,29.107102500000003,winter weekend,27.53
2023-02-11 10:00:00.000,28.9896495,winter weekend,27.53
2023-02-11 11:00:00.000,28.604803500000003,winter weekend,27.53
2023-02-11 12:00:00.000,29.017138500000005,winter weekend,27.53
2023-02-11 13:00:00.000,28.728504000000008,winter weekend,27.53
2023-02-11 14:00:00.000,29.099605500000003,winter weekend,27.53
2023-02-11 15:00:00.000,30.004243500000005,winter weekend,27.53
2023-02-11 16:00:00.000,32.157132000000004,winter weekend,32.84
2023-02-11 17:00:00.000,36.60285300000001,winter weekend,32.84
2023-02-11 18:00:00.000,36.45916050000001,winter weekend,32.84
2023-02-11 19:00:00.000,34.95226350000001,winter weekend,32.84
2023-02-11 20:00:00.000,34.913529000000004,winter weekend,32.84
2023-02-11 21:00:00.000,34.646136000000006,winter weekend,32.84
2023-02-11 22:00:00.000,35.330862,winter weekend,32.84
2023-02-11 23:00:00.000,34.61864700000001,winter weekend,32.84
2023-02-12 00:00:00.000,33.576564000000005,winter weekend,32.84
2023-02-12 01:00:00.000,33.0480255,winter weekend,32.84
2023-02-12 02:00:00.000,33.8352105,winter weekend,32.84
2023-02-12 03:00:00.000,33.307921500000006,winter weekend,32.84
2023-02-12 04:00:00.000,32.169627000000006,winter weekend,32.84
2023-02-12 05:00:00.000,32.223355500000004,winter weekend,32.84
2023-02-12 06:00:00.000,30.865149,winter weekend,32.84
2023-02-12 07:00:00.000,31.883491500000005,winter weekend,32.84
2023-02-12 08:00:00.000,36.03558000000001,winter weekend,32.84
2023-02-12 09:00:00.000,35.39458650000001,winter weekend,32.84
2023-02-12 10:00:00.000,35.555772000000005,winter weekend,32.84
2023-02-12 11:00:00.000,34.86979650000001,winter weekend,32.84
2023-02-12 12:00:00.000,33.5978055,winter weekend,32.84
2023-02-12 13:00:00.000,32.36205,winter weekend,32.84
2023-02-12 14:00:00.000,32.36205,winter weekend,32.84
2023-02-12 15:00:00.000,32.940568500000005,winter weekend,32.84
2023-02-12 16:00:00.000,34.256292,winter weekend,32.84
2023-02-12 17:00:00.000,37.177623,winter weekend,32.84
2023-02-12 18:00:00.000,38.2984245,winter weekend,32.84
2023-02-12 19:00:00.000,38.54582550000001,winter weekend,32.84
2023-02-12 20:00:00.000,37.36005000000001,winter weekend,32.84
2023-02-12 21:00:00.000,34.9722555,winter weekend,32.84
2023-02-12 22:00:00.000,36.3492045,winter weekend,32.84
2023-02-12 23:00:00.000,34.608651,winter weekend,32.84
2023-02-13 00:00:00.000,34.548675,winter weekday,35.79
2023-02-13 01:00:00.000,33.946416000000006,winter weekday,35.79
2023-02-13 02:00:00.000,33.941418,winter weekday,35.79
2023-02-13 03:00:00.000,33.491598,winter weekday,35.79
2023-02-13 04:00:00.000,33.716508000000005,winter weekday,35.79
2023-02-13 05:00:00.000,34.531182,winter weekday,35.79
2023-02-13 06:00:00.000,37.758640500000006,winter weekday,35.79
2023-02-13 07:00:00.000,41.86824599999999,winter weekday,35.79
2023-02-13 08:00:00.000,44.34100649999999,winter weekday,35.79
2023-02-13 09:00:00.000,41.88323999999999,winter weekday,35.79
2023-02-13 10:00:00.000,39.028132500000005,winter weekday,35.79
2023-02-13 11:00:00.000,36.662829,winter weekday,35.79
2023-02-13 12:00:00.000,34.861050000000006,winter weekday,35.79
2023-02-13 13:00:00.000,34.4699565,winter weekday,35.79
2023-02-13 14:00:00.000,34.861050000000006,winter weekday,35.79
2023-02-13 15:00:00.000,37.041427500000005,winter weekday,35.79
2023-02-13 16:00:00.000,38.117247,winter weekday,35.79
2023-02-13 17:00:00.000,40.86614699999999,winter weekday,35.79
2023-02-13 18:00:00.000,45.08195999999999,winter weekday,35.79
2023-02-13 19:00:00.000,43.18272,winter weekday,35.79
2023-02-13 20:00:00.000,40.841157,winter weekday,35.79
2023-02-13 21:00:00.000,38.4783525,winter weekday,35.79
2023-02-13 22:00:00.000,37.481251500000006,winter weekday,35.79
2023-02-13 23:00:00.000,36.125544000000005,winter weekday,35.79
2023-02-14 00:00:00.000,34.31376900000001,winter weekday,35.79
2023-02-14 01:00:00.000,33.901434,winter weekday,35.79
2023-02-14 02:00:00.000,33.88144200000001,winter weekday,35.79
2023-02-14 03:00:00.000,33.876444000000006,winter weekday,35.79
2023-02-14 04:00:00.000,33.901434,winter weekday,35.79
2023-02-14 05:00:00.000,35.1022035,winter weekday,35.79
2023-02-14 06:00:00.000,38.137239,winter weekday,35.79
2023-02-14 07:00:00.000,42.3568005,winter weekday,35.79
2023-02-14 08:00:00.000,43.23020099999999,winter weekday,35.79
2023-02-14 09:00:00.000,39.93402,winter weekday,35.79
2023-02-14 10:00:00.000,34.643637,winter weekday,35.79
2023-02-14 11:00:00.000,34.756092,winter weekday,35.79
2023-02-14 12:00:00.000,33.656532000000006,winter weekday,35.79
2023-02-14 13:00:00.000,33.0380295,winter weekday,30.5
2023-02-14 14:00:00.000,33.227953500000005,winter weekday,35.79
2023-02-14 15:00:00.000,33.901434,winter weekday,35.79
2023-02-14 16:00:00.000,36.44791500000001,winter weekday,35.79
2023-02-14 17:00:00.000,39.9602595,winter weekday,35.79
2023-02-14 18:00:00.000,42.3568005,winter weekday,35.79
2023-02-14 19:00:00.000,41.47965149999999,winter weekday,35.79
2023-02-14 20:00:00.000,39.3355095,winter weekday,35.79
2023-02-14 21:00:00.000,37.37129550000001,winter weekday,35.79
2023-02-14 22:00:00.000,36.2392485,winter weekday,35.79
2023-02-14 23:00:00.000,35.0772135,winter weekday,35.79
2023-02-15 00:00:00.000,34.212559500000005,winter weekday,35.79
2023-02-15 01:00:00.000,33.7302525,winter weekday,35.79
2023-02-15 02:00:00.000,33.61155,winter weekday,35.79
2023-02-15 03:00:00.000,33.6127995,winter weekday,35.79
2023-02-15 04:00:00.000,33.194217,winter weekday,35.79
2023-02-15 05:00:00.000,34.427473500000005,winter weekday,35.79
2023-02-15 06:00:00.000,37.50999,winter weekday,35.79
2023-02-15 07:00:00.000,40.4838,winter weekday,35.79
2023-02-15 08:00:00.000,40.95361199999999,winter weekday,35.79
2023-02-15 09:00:00.000,38.761989,winter weekday,35.79
2023-02-15 10:00:00.000,36.425424,winter weekday,35.79
2023-02-15 11:00:00.000,33.88144200000001,winter weekday,35.79
2023-02-15 12:00:00.000,32.460760500000006,winter weekday,30.5
2023-02-15 13:00:00.000,32.54322750000001,winter weekday,30.5
2023-02-15 14:00:00.000,32.534481,winter weekday,30.5
2023-02-15 15:00:00.000,33.450364500000006,winter weekday,35.79
2023-02-15 16:00:00.000,35.484550500000005,winter weekday,35.79
2023-02-15 17:00:00.000,37.21011000000001,winter weekday,35.79
2023-02-15 18:00:00.000,39.04937399999999,winter weekday,35.79
2023-02-15 19:00:00.000,38.0160375,winter weekday,35.79
2023-02-15 20:00:00.000,35.30962050000001,winter weekday,35.79
2023-02-15 21:00:00.000,34.1076015,winter weekday,35.79
2023-02-15 22:00:00.000,34.003893000000005,winter weekday,35.79
2023-02-15 23:00:00.000,32.24959500000001,winter weekday,30.5
2023-02-16 00:00:00.000,31.469907000000006,winter weekday,30.5
2023-02-16 01:00:00.000,32.04717600000001,winter weekday,30.5
2023-02-16 02:00:00.000,31.67732400000001,winter weekday,30.5
2023-02-16 03:00:00.000,31.5311325,winter weekday,30.5
2023-02-16 04:00:00.000,31.737300000000005,winter weekday,30.5
2023-02-16 05:00:00.000,32.357052,winter weekday,30.5
2023-02-16 06:00:00.000,35.560770000000005,winter weekday,35.79
2023-02-16 07:00:00.000,38.172225,winter weekday,35.79
2023-02-16 08:00:00.000,39.276783,winter weekday,35.79
2023-02-16 09:00:00.000,38.164728,winter weekday,35.79
2023-02-16 10:00:00.000,36.14553600000001,winter weekday,35.79
2023-02-16 11:00:00.000,33.978903,winter weekday,35.79
2023-02-16 12:00:00.000,32.134641,winter weekday,30.5
2023-02-16 13:00:00.000,32.1908685,winter weekday,30.5
2023-02-16 14:00:00.000,33.352903500000004,winter weekday,35.79
2023-02-16 15:00:00.000,34.2300525,winter weekday,35.79
2023-02-16 16:00:00.000,34.981002000000004,winter weekday,35.79
2023-02-16 17:00:00.000,38.109750000000005,winter weekday,35.79
2023-02-16 18:00:00.000,38.224704,winter weekday,35.79
2023-02-16 19:00:00.000,37.4337705,winter weekday,35.79
2023-02-16 20:00:00.000,35.3071215,winter weekday,35.79
2023-02-16 21:00:00.000,34.60615200000001,winter weekday,35.79
2023-02-16 22:00:00.000,33.301674000000006,winter weekday,35.79
2023-02-16 23:00:00.000,30.8713965,winter weekday,30.5
2023-02-17 00:00:00.000,30.61899750000001,winter weekday,30.5
2023-02-17 01:00:00.000,29.6893695,winter weekday,30.5
2023-02-17 02:00:00.000,28.9521645,winter weekday,30.5
2023-02-17 03:00:00.000,28.128744,winter weekday,26.43
2023-02-17 04:00:00.000,27.4427685,winter weekday,26.43
2023-02-17 05:00:00.000,28.726005000000004,winter weekday,30.5
2023-02-17 06:00:00.000,30.50279400000001,winter weekday,30.5
2023-02-17 07:00:00.000,32.6931675,winter weekday,30.5
2023-02-17 08:00:00.000,33.599055,winter weekday,35.79
2023-02-17 09:00:00.000,31.67732400000001,winter weekday,30.5
2023-02-17 10:00:00.000,30.057972000000003,winter weekday,30.5
2023-02-17 11:00:00.000,28.858452,winter weekday,30.5
2023-02-17 12:00:00.000,28.713510000000003,winter weekday,30.5
2023-02-17 13:00:00.000,25.818418500000007,winter weekday,26.43
2023-02-17 14:00:00.000,21.951216,winter weekday,26.43
2023-02-17 15:00:00.000,21.5801145,winter weekday,26.43
2023-02-17 16:00:00.000,26.068318500000004,winter weekday,26.43
2023-02-17 17:00:00.000,27.354054000000005,winter weekday,26.43
2023-02-17 18:00:00.000,28.679773500000007,winter weekday,30.5
2023-02-17 19:00:00.000,27.9950475,winter weekday,26.43
2023-02-17 20:00:00.000,24.860052000000007,winter weekday,26.43
2023-02-17 21:00:00.000,23.228205000000003,winter weekday,26.43
2023-02-17 22:00:00.000,22.843359000000003,winter weekday,26.43
2023-02-17 23:00:00.000,20.144439,winter weekday,26.43
2023-02-18 00:00:00.000,20.884143,winter weekend,19.94
2023-02-18 01:00:00.000,21.921228,winter weekend,19.94
2023-02-18 02:00:00.000,21.843759,winter weekend,19.94
2023-02-18 03:00:00.000,22.917079500000003,winter weekend,19.94
2023-02-18 04:00:00.000,25.23740100000001,winter weekend,27.53
2023-02-18 05:00:00.000,26.127045000000003,winter weekend,27.53
2023-02-18 06:00:00.000,27.64643700000001,winter weekend,27.53
2023-02-18 07:00:00.000,29.034631500000007,winter weekend,27.53
2023-02-18 08:00:00.000,31.106302500000005,winter weekend,32.84
2023-02-18 09:00:00.000,31.727304000000004,winter weekend,32.84
2023-02-18 10:00:00.000,30.817668,winter weekend,32.84
2023-02-18 11:00:00.000,30.212910000000008,winter weekend,32.84
2023-02-18 12:00:00.000,29.172076500000003,winter weekend,27.53
2023-02-18 13:00:00.000,27.775135500000008,winter weekend,27.53
2023-02-18 14:00:00.000,28.159981500000008,winter weekend,27.53
2023-02-18 15:00:00.000,29.43822,winter weekend,27.53
2023-02-18 16:00:00.000,31.11005100000001,winter weekend,32.84
2023-02-18 17:00:00.000,33.46161,winter weekend,32.84
2023-02-18 18:00:00.000,35.74569600000001,winter weekend,32.84
2023-02-18 19:00:00.000,36.1043025,winter weekend,32.84
2023-02-18 20:00:00.000,34.297525500000006,winter weekend,32.84
2023-02-18 21:00:00.000,32.442018000000004,winter weekend,32.84
2023-02-18 22:00:00.000,31.98595050000001,winter weekend,32.84
2023-02-18 23:00:00.000,31.569867,winter weekend,32.84
2023-02-19 00:00:00.000,30.992598000000008,winter weekend,32.84
2023-02-19 01:00:00.000,30.377844000000003,winter weekend,32.84
2023-02-19 02:00:00.000,29.80432350000001,winter weekend,27.53
2023-02-19 03:00:00.000,28.9884,winter weekend,27.53
2023-02-19 04:00:00.000,28.932172500000004,winter weekend,27.53
2023-02-19 05:00:00.000,29.585661000000005,winter weekend,27.53
2023-02-19 06:00:00.000,29.675625000000004,winter weekend,27.53
2023-02-19 07:00:00.000,30.833911500000003,winter weekend,32.84
2023-02-19 08:00:00.000,31.594857,winter weekend,32.84
2023-02-19 09:00:00.000,32.152134000000004,winter weekend,32.84
2023-02-19 10:00:00.000,31.883491500000005,winter weekend,32.84
2023-02-19 11:00:00.000,31.5961065,winter weekend,32.84
2023-02-19 12:00:00.000,30.927624000000005,winter weekend,32.84
2023-02-19 13:00:00.000,30.010491000000005,winter weekend,27.53
2023-02-19 14:00:00.000,29.680623000000008,winter weekend,27.53
2023-02-19 15:00:00.000,30.825165000000005,winter weekend,32.84
2023-02-19 16:00:00.000,32.452014000000005,winter weekend,32.84
2023-02-19 17:00:00.000,34.999744500000006,winter weekend,32.84
2023-02-19 18:00:00.000,37.197615,winter weekend,32.84
2023-02-19 19:00:00.000,37.157631,winter weekend,32.84
2023-02-19 20:00:00.000,34.649884500000006,winter weekend,32.84
2023-02-19 21:00:00.000,33.249195,winter weekend,32.84
2023-02-19 22:00:00.000,32.072166,winter weekend,32.84
2023-02-19 23:00:00.000,29.219557500000004,winter weekend,27.53
2023-02-20 00:00:00.000,27.22285650000001,winter weekday,26.43
2023-02-20 01:00:00.000,23.747997,winter weekday,26.43
2023-02-20 02:00:00.000,23.473107,winter weekday,26.43
2023-02-20 03:00:00.000,21.61635,winter weekday,26.43
2023-02-20 04:00:00.000,21.0078435,winter weekday,26.43
2023-02-20 05:00:00.000,22.146138,winter weekday,26.43
2023-02-20 06:00:00.000,26.401935000000005,winter weekday,26.43
2023-02-20 07:00:00.000,27.136641000000004,winter weekday,26.43
2023-02-20 08:00:00.000,26.83301250000001,winter weekday,26.43
2023-02-20 09:00:00.000,23.605554000000005,winter weekday,26.43
2023-02-20 10:00:00.000,22.610952000000005,winter weekday,26.43
2023-02-20 11:00:00.000,20.3581035,winter weekday,26.43
2023-02-20 12:00:00.000,20.3431095,winter weekday,26.43
2023-02-20 13:00:00.000,20.1181995,winter weekday,26.43
2023-02-20 14:00:00.000,22.555974000000003,winter weekday,26.43
2023-02-20 15:00:00.000,23.907933000000007,winter weekday,26.43
2023-02-20 16:00:00.000,24.508942500000003,winter weekday,26.43
2023-02-20 17:00:00.000,29.23705050000001,winter weekday,30.5
2023-02-20 18:00:00.000,31.42992300000001,winter weekday,30.5
2023-02-20 19:00:00.000,30.992598000000008,winter weekday,30.5
2023-02-20 20:00:00.000,28.934671500000004,winter weekday,30.5
2023-02-20 21:00:00.000,28.329913500000004,winter weekday,26.43
2023-02-20 22:00:00.000,28.547326500000004,winter weekday,30.5
2023-02-20 23:00:00.000,25.944618,winter weekday,26.43
2023-02-21 00:00:00.000,23.678025000000005,winter weekday,26.43
2023-02-21 01:00:00.000,23.1169995,winter weekday,26.43
2023-02-21 02:00:00.000,23.335662000000003,winter weekday,26.43
2023-02-21 03:00:00.000,24.025386,winter weekday,26.43
2023-02-21 04:00:00.000,26.008342500000005,winter weekday,26.43
2023-02-21 05:00:00.000,29.222056500000004,winter weekday,30.5
2023-02-21 06:00:00.000,33.32041650000001,winter weekday,35.79
2023-02-21 07:00:00.000,35.9693565,winter weekday,35.79
2023-02-21 08:00:00.000,36.605352,winter weekday,35.79
2023-02-21 09:00:00.000,33.699015,winter weekday,35.79
2023-02-21 10:00:00.000,33.516588000000006,winter weekday,35.79
2023-02-21 11:00:00.000,31.9259745,winter weekday,30.5
2023-02-21 12:00:00.000,31.4286735,winter weekday,30.5
2023-02-21 13:00:00.000,31.629843000000005,winter weekday,30.5
2023-02-21 14:00:00.000,32.274585,winter weekday,30.5
2023-02-21 15:00:00.000,33.68152200000001,winter weekday,35.79
2023-02-21 16:00:00.000,35.984350500000005,winter weekday,35.79
2023-02-21 17:00:00.000,37.9660575,winter weekday,35.79
2023-02-21 18:00:00.000,39.6253935,winter weekday,35.79
2023-02-21 19:00:00.000,39.496695,winter weekday,35.79
2023-02-21 20:00:00.000,38.60955,winter weekday,35.79
2023-02-21 21:00:00.000,37.21011000000001,winter weekday,35.79
2023-02-21 22:00:00.000,36.51039,winter weekday,35.79
2023-02-21 23:00:00.000,35.183421,winter weekday,35.79
2023-02-22 00:00:00.000,34.848555000000005,winter weekday,35.79
2023-02-22 01:00:00.000,33.427873500000004,winter weekday,35.79
2023-02-22 02:00:00.000,33.024285000000006,winter weekday,30.5
2023-02-22 03:00:00.000,33.427873500000004,winter weekday,35.79
2023-02-22 04:00:00.000,33.5528235,winter weekday,35.79
2023-02-22 05:00:00.000,34.7598405,winter weekday,35.79
2023-02-22 06:00:00.000,37.046425500000005,winter weekday,35.79
2023-02-22 07:00:00.000,39.0006435,winter weekday,35.79
2023-02-22 08:00:00.000,39.401733,winter weekday,35.79
2023-02-22 09:00:00.000,37.92857250000001,winter weekday,35.79
2023-02-22 10:00:00.000,36.4266735,winter weekday,35.79
2023-02-22 11:00:00.000,34.48495050000001,winter weekday,35.79
2023-02-22 12:00:00.000,33.556572,winter weekday,35.79
2023-02-22 13:00:00.000,33.509091000000005,winter weekday,35.79
2023-02-22 14:00:00.000,34.366248000000006,winter weekday,35.79
2023-02-22 15:00:00.000,36.22425450000001,winter weekday,35.79
2023-02-22 16:00:00.000,36.980202000000006,winter weekday,35.79
2023-02-22 17:00:00.000,37.98604950000001,winter weekday,35.79
2023-02-22 18:00:00.000,39.2343,winter weekday,35.79
2023-02-22 19:00:00.000,38.9506635,winter weekday,35.79
2023-02-22 20:00:00.000,37.617447000000006,winter weekday,35.79
2023-02-22 21:00:00.000,36.612849,winter weekday,35.79
2023-02-22 22:00:00.000,36.060570000000006,winter weekday,35.79
2023-02-22 23:00:00.000,34.1700765,winter weekday,35.79
2023-02-23 00:00:00.000,34.196316,winter weekday,35.79
2023-02-23 01:00:00.000,33.786480000000005,winter weekday,35.79
2023-02-23 02:00:00.000,33.4866,winter weekday,35.79
2023-02-23 03:00:00.000,32.959311,winter weekday,30.5
2023-02-23 04:00:00.000,33.008041500000004,winter weekday,30.5
2023-02-23 05:00:00.000,33.60280350000001,winter weekday,35.79
2023-02-23 06:00:00.000,36.607851,winter weekday,35.79
2023-02-23 07:00:00.000,38.60955,winter weekday,35.79
2023-02-23 08:00:00.000,39.61914599999999,winter weekday,35.79
2023-02-23 09:00:00.000,38.55957000000001,winter weekday,35.79
2023-02-23 10:00:00.000,36.6840705,winter weekday,35.79
2023-02-23 11:00:00.000,36.08930850000001,winter weekday,35.79
2023-02-23 12:00:00.000,35.138439000000005,winter weekday,35.79
2023-02-23 13:00:00.000,34.448715,winter weekday,35.79
2023-02-23 14:00:00.000,34.27378500000001,winter weekday,35.79
2023-02-23 15:00:00.000,34.2850305,winter weekday,35.79
2023-02-23 16:00:00.000,34.803573,winter weekday,35.79
2023-02-23 17:00:00.000,36.405432000000005,winter weekday,35.79
2023-02-23 18:00:00.000,38.012289,winter weekday,35.79
2023-02-23 19:00:00.000,37.98480000000001,winter weekday,35.79
2023-02-23 20:00:00.000,36.8490045,winter weekday,35.79
2023-02-23 21:00:00.000,36.252993,winter weekday,35.79
2023-02-23 22:00:00.000,35.562019500000005,winter weekday,35.79
2023-02-23 23:00:00.000,33.793977000000005,winter weekday,35.79
2023-02-24 00:00:00.000,34.071366000000005,winter weekday,35.79
2023-02-24 01:00:00.000,32.134641,winter weekday,30.5
2023-02-24 02:00:00.000,32.0559225,winter weekday,30.5
2023-02-24 03:00:00.000,31.70731200000001,winter weekday,30.5
2023-02-24 04:00:00.000,32.0559225,winter weekday,30.5
2023-02-24 05:00:00.000,32.015938500000004,winter weekday,30.5
2023-02-24 06:00:00.000,34.501194000000005,winter weekday,35.79
2023-02-24 07:00:00.000,36.7415475,winter weekday,35.79
2023-02-24 08:00:00.000,36.73530000000001,winter weekday,35.79
2023-02-24 09:00:00.000,36.14303700000001,winter weekday,35.79
2023-02-24 10:00:00.000,33.790228500000005,winter weekday,35.79
2023-02-24 11:00:00.000,30.990099,winter weekday,30.5
2023-02-24 12:00:00.000,31.457412000000005,winter weekday,30.5
2023-02-24 13:00:00.000,30.847656000000008,winter weekday,30.5
2023-02-24 14:00:00.000,30.0492255,winter weekday,30.5
2023-02-24 15:00:00.000,30.997596000000005,winter weekday,30.5
2023-02-24 16:00:00.000,31.1737755,winter weekday,30.5
2023-02-24 17:00:00.000,32.3233155,winter weekday,30.5
2023-02-24 18:00:00.000,34.4124795,winter weekday,35.79
2023-02-24 19:00:00.000,31.982202000000004,winter weekday,30.5
2023-02-24 20:00:00.000,28.782232500000003,winter weekday,30.5
2023-02-24 21:00:00.000,30.43906950000001,winter weekday,30.5
2023-02-24 22:00:00.000,29.0046435,winter weekday,30.5
2023-02-24 23:00:00.000,27.186621,winter weekday,26.43
2023-02-25 00:00:00.000,28.682272500000003,winter weekend,27.53
2023-02-25 01:00:00.000,27.756393000000003,winter weekend,27.53
2023-02-25 02:00:00.000,27.230353500000007,winter weekend,27.53
2023-02-25 03:00:00.000,26.768038500000003,winter weekend,27.53
2023-02-25 04:00:00.000,27.617698500000003,winter weekend,27.53
2023-02-25 05:00:00.000,27.1104015,winter weekend,27.53
2023-02-25 06:00:00.000,26.960461500000005,winter weekend,27.53
2023-02-25 07:00:00.000,27.9225765,winter weekend,27.53
2023-02-25 08:00:00.000,28.59980550000001,winter weekend,27.53
2023-02-25 09:00:00.000,28.241199000000005,winter weekend,27.53
2023-02-25 10:00:00.000,26.664330000000007,winter weekend,27.53
2023-02-25 11:00:00.000,25.511041500000005,winter weekend,27.53
2023-02-25 12:00:00.000,24.7938285,winter weekend,27.53
2023-02-25 13:00:00.000,22.978305,winter weekend,19.94
2023-02-25 14:00:00.000,25.199916000000005,winter weekend,27.53
2023-02-25 15:00:00.000,27.595207500000004,winter weekend,27.53
2023-02-25 16:00:00.000,29.430723000000008,winter weekend,27.53
2023-02-25 17:00:00.000,32.786880000000004,winter weekend,32.84
2023-02-25 18:00:00.000,34.421226000000004,winter weekend,32.84
2023-02-25 19:00:00.000,33.717757500000005,winter weekend,32.84
2023-02-25 20:00:00.000,31.942218,winter weekend,32.84
2023-02-25 21:00:00.000,30.146686500000005,winter weekend,27.53
2023-02-25 22:00:00.000,31.7285535,winter weekend,32.84
2023-02-25 23:00:00.000,30.79142850000001,winter weekend,32.84
2023-02-26 00:00:00.000,30.661480500000003,winter weekend,32.84
2023-02-26 01:00:00.000,30.230403000000003,winter weekend,32.84
2023-02-26 02:00:00.000,30.2091615,winter weekend,32.84
2023-02-26 03:00:00.000,30.645237000000005,winter weekend,32.84
2023-02-26 04:00:00.000,30.375345000000003,winter weekend,32.84
2023-02-26 05:00:00.000,30.555273000000007,winter weekend,32.84
2023-02-26 06:00:00.000,30.742698000000008,winter weekend,32.84
2023-02-26 07:00:00.000,31.056322500000004,winter weekend,32.84
2023-02-26 08:00:00.000,30.990099,winter weekend,32.84
2023-02-26 09:00:00.000,30.555273000000007,winter weekend,32.84
2023-02-26 10:00:00.000,29.530683000000003,winter weekend,27.53
2023-02-26 11:00:00.000,28.98090300000001,winter weekend,27.53
2023-02-26 12:00:00.000,27.98880000000001,winter weekend,27.53
2023-02-26 13:00:00.000,24.240300000000005,winter weekend,27.53
2023-02-26 14:00:00.000,24.275286000000005,winter weekend,27.53
2023-02-26 15:00:00.000,27.993798,winter weekend,27.53
2023-02-26 16:00:00.000,29.728104,winter weekend,27.53
2023-02-26 17:00:00.000,33.599055,winter weekend,32.84
2023-02-26 18:00:00.000,36.572865,winter weekend,32.84
2023-02-26 19:00:00.000,36.9739545,winter weekend,32.84
2023-02-26 20:00:00.000,36.56536800000001,winter weekend,32.84
2023-02-26 21:00:00.000,35.065968,winter weekend,32.84
2023-02-26 22:00:00.000,34.6473855,winter weekend,32.84
2023-02-26 23:00:00.000,33.983901,winter weekend,32.84
2023-02-27 00:00:00.000,32.7156585,winter weekday,30.5
2023-02-27 01:00:00.000,33.9751545,winter weekday,35.79
2023-02-27 02:00:00.000,33.973905,winter weekday,35.79
2023-02-27 03:00:00.000,32.99054850000001,winter weekday,30.5
2023-02-27 04:00:00.000,32.370796500000004,winter weekday,30.5
2023-02-27 05:00:00.000,34.839808500000004,winter weekday,35.79
2023-02-27 06:00:00.000,37.8885885,winter weekday,35.79
2023-02-27 07:00:00.000,40.691217,winter weekday,35.79
2023-02-27 08:00:00.000,40.7274525,winter weekday,35.79
2023-02-27 09:00:00.000,38.1809715,winter weekday,35.79
2023-02-27 10:00:00.000,36.4741545,winter weekday,35.79
2023-02-27 11:00:00.000,34.345006500000004,winter weekday,35.79
2023-02-27 12:00:00.000,34.6848705,winter weekday,35.79
2023-02-27 13:00:00.000,34.30127400000001,winter weekday,35.79
2023-02-27 14:00:00.000,33.800224500000006,winter weekday,35.79
2023-02-27 15:00:00.000,33.88644,winter weekday,35.79
2023-02-27 16:00:00.000,36.5416275,winter weekday,35.79
2023-02-27 17:00:00.000,38.6957655,winter weekday,35.79
2023-02-27 18:00:00.000,41.1097995,winter weekday,35.79
2023-02-27 19:00:00.000,42.12689249999999,winter weekday,35.79
2023-02-27 20:00:00.000,39.170575500000005,winter weekday,35.79
2023-02-27 21:00:00.000,37.397535000000005,winter weekday,35.79
2023-02-27 22:00:00.000,36.542877,winter weekday,35.79
2023-02-27 23:00:00.000,36.043077,winter weekday,35.79
2023-02-28 00:00:00.000,34.11135,winter weekday,35.79
2023-02-28 01:00:00.000,32.964309,winter weekday,30.5
2023-02-28 02:00:00.000,32.8406085,winter weekday,30.5
2023-02-28 03:00:00.000,32.935570500000004,winter weekday,30.5
2023-02-28 04:00:00.000,33.142987500000004,winter weekday,30.5
2023-02-28 05:00:00.000,35.0372295,winter weekday,35.79
2023-02-28 06:00:00.000,37.6686765,winter weekday,35.79
2023-02-28 07:00:00.000,39.60790050000001,winter weekday,35.79
2023-02-28 08:00:00.000,40.613748,winter weekday,35.79
2023-02-28 09:00:00.000,37.398784500000005,winter weekday,35.79
2023-02-28 10:00:00.000,33.659031000000006,winter weekday,35.79
2023-02-28 11:00:00.000,32.88684000000001,winter weekday,30.5
2023-02-28 12:00:00.000,31.950964500000005,winter weekday,30.5
2023-02-28 13:00:00.000,32.26084050000001,winter weekday,30.5
2023-02-28 14:00:00.000,32.788129500000004,winter weekday,30.5
2023-02-28 15:00:00.000,34.01139,winter weekday,35.79
2023-02-28 16:00:00.000,36.662829,winter weekday,35.79
2023-02-28 17:00:00.000,39.0006435,winter weekday,35.79
2023-02-28 18:00:00.000,41.59210649999999,winter weekday,35.79
2023-02-28 19:00:00.000,41.58086099999999,winter weekday,35.79
2023-02-28 20:00:00.000,39.2205555,winter weekday,35.79
2023-02-28 21:00:00.000,37.14388650000001,winter weekday,35.79
2023-02-28 22:00:00.000,36.582861,winter weekday,35.79
2023-02-28 23:00:00.000,35.128443000000004,winter weekday,35.79
2023-03-01 00:00:00.000,33.996396000000004,winter weekday,35.79
2023-03-01 01:00:00.000,33.044277,winter weekday,30.5
2023-03-01 02:00:00.000,32.981802,winter weekday,30.5
2023-03-01 03:00:00.000,33.31916700000001,winter weekday,35.79
2023-03-01 04:00:00.000,33.684021,winter weekday,35.79
2023-03-01 05:00:00.000,35.02973250000001,winter weekday,35.79
2023-03-01 06:00:00.000,37.7911275,winter weekday,35.79
2023-03-01 07:00:00.000,40.6124985,winter weekday,35.79
2023-03-01 08:00:00.000,40.6124985,winter weekday,35.79
2023-03-01 09:00:00.000,36.472905,winter weekday,35.79
2023-03-01 10:00:00.000,33.1979655,winter weekday,35.79
2023-03-01 11:00:00.000,32.202114,winter weekday,30.5
2023-03-01 12:00:00.000,31.836010500000004,winter weekday,30.5
2023-03-01 13:00:00.000,31.627344000000008,winter weekday,30.5
2023-03-01 14:00:00.000,31.8734955,winter weekday,30.5
2023-03-01 15:00:00.000,32.71315950000001,winter weekday,30.5
2023-03-01 16:00:00.000,34.293777000000006,winter weekday,35.79
2023-03-01 17:00:00.000,37.70241300000001,winter weekday,35.79
2023-03-01 18:00:00.000,40.3201155,winter weekday,35.79
2023-03-01 19:00:00.000,40.168926,winter weekday,35.79
2023-03-01 20:00:00.000,37.70241300000001,winter weekday,35.79
2023-03-01 21:00:00.000,35.46705750000001,winter weekday,35.79
2023-03-01 22:00:00.000,35.1171975,winter weekday,35.79
2023-03-01 23:00:00.000,33.800224500000006,winter weekday,35.79
2023-03-02 00:00:00.000,33.089259000000006,winter weekday,30.5
2023-03-02 01:00:00.000,33.432871500000005,winter weekday,35.79
2023-03-02 02:00:00.000,33.61529850000001,winter weekday,35.79
2023-03-02 03:00:00.000,33.795226500000005,winter weekday,35.79
2023-03-02 04:00:00.000,33.6127995,winter weekday,35.79
2023-03-02 05:00:00.000,34.30877100000001,winter weekday,35.79
2023-03-02 06:00:00.000,37.98355050000001,winter weekday,35.79
2023-03-02 07:00:00.000,39.9977445,winter weekday,35.79
2023-03-02 08:00:00.000,39.561669,winter weekday,35.79
2023-03-02 09:00:00.000,35.040978,winter weekday,35.79
2023-03-02 10:00:00.000,32.906832,winter weekday,30.5
2023-03-02 11:00:00.000,31.96096050000001,winter weekday,30.5
2023-03-02 12:00:00.000,31.786030500000003,winter weekday,30.5
2023-03-02 13:00:00.000,31.567368,winter weekday,30.5
2023-03-02 14:00:00.000,32.0734155,winter weekday,30.5
2023-03-02 15:00:00.000,33.439119000000005,winter weekday,35.79
2023-03-02 16:00:00.000,36.440418,winter weekday,35.79
2023-03-02 17:00:00.000,38.157231,winter weekday,35.79
2023-03-02 18:00:00.000,40.4725545,winter weekday,35.79
2023-03-02 19:00:00.000,40.375093500000006,winter weekday,35.79
2023-03-02 20:00:00.000,37.7886285,winter weekday,35.79
2023-03-02 21:00:00.000,37.2738345,winter weekday,35.79
2023-03-02 22:00:00.000,36.051823500000005,winter weekday,35.79
2023-03-02 23:00:00.000,34.848555000000005,winter weekday,35.79
2023-03-03 00:00:00.000,34.89853500000001,winter weekday,35.79
2023-03-03 01:00:00.000,33.634041,winter weekday,35.79
2023-03-03 02:00:00.000,33.6852705,winter weekday,35.79
2023-03-03 03:00:00.000,33.41537850000001,winter weekday,35.79
2023-03-03 04:00:00.000,33.33416100000001,winter weekday,35.79
2023-03-03 05:00:00.000,34.23630000000001,winter weekday,35.79
2023-03-03 06:00:00.000,37.63369050000001,winter weekday,35.79
2023-03-03 07:00:00.000,40.7374485,winter weekday,35.79
2023-03-03 08:00:00.000,41.78203049999999,winter weekday,35.79
2023-03-03 09:00:00.000,38.169726,winter weekday,35.79
2023-03-03 10:00:00.000,33.751494,winter weekday,35.79
2023-03-03 11:00:00.000,32.738149500000006,winter weekday,30.5
2023-03-03 12:00:00.000,31.698565500000004,winter weekday,30.5
2023-03-03 13:00:00.000,31.374945000000004,winter weekday,30.5
2023-03-03 14:00:00.000,31.223755500000003,winter weekday,30.5
2023-03-03 15:00:00.000,31.698565500000004,winter weekday,30.5
2023-03-03 16:00:00.000,33.52533450000001,winter weekday,35.79
2023-03-03 17:00:00.000,36.85775100000001,winter weekday,35.79
2023-03-03 18:00:00.000,37.98480000000001,winter weekday,35.79
2023-03-03 19:00:00.000,36.477903000000005,winter weekday,35.79
2023-03-03 20:00:00.000,34.02513450000001,winter weekday,35.79
2023-03-03 21:00:00.000,32.63694,winter weekday,30.5
2023-03-03 22:00:00.000,31.373695500000004,winter weekday,30.5
2023-03-03 23:00:00.000,30.066718500000007,winter weekday,30.5
2023-03-04 00:00:00.000,30.89638650000001,winter weekend,32.84
2023-03-04 01:00:00.000,29.345757000000003,winter weekend,27.53
2023-03-04 02:00:00.000,28.885941000000003,winter weekend,27.53
2023-03-04 03:00:00.000,29.608152000000004,winter weekend,27.53
2023-03-04 04:00:00.000,29.574415500000004,winter weekend,27.53
2023-03-04 05:00:00.000,29.48570100000001,winter weekend,27.53
2023-03-04 06:00:00.000,29.12584500000001,winter weekend,27.53
2023-03-04 07:00:00.000,29.715609000000004,winter weekend,27.53
2023-03-04 08:00:00.000,29.949265500000006,winter weekend,27.53
2023-03-04 09:00:00.000,29.474455500000005,winter weekend,27.53
2023-03-04 10:00:00.000,29.493198000000007,winter weekend,27.53
2023-03-04 11:00:00.000,29.20206450000001,winter weekend,27.53
2023-03-04 12:00:00.000,28.534831500000003,winter weekend,27.53
2023-03-04 13:00:00.000,28.770987000000005,winter weekend,27.53
2023-03-04 14:00:00.000,29.282032500000003,winter weekend,27.53
2023-03-04 15:00:00.000,30.08421150000001,winter weekend,27.53
2023-03-04 16:00:00.000,30.72520500000001,winter weekend,32.84
2023-03-04 17:00:00.000,34.861050000000006,winter weekend,32.84
2023-03-04 18:00:00.000,36.317967,winter weekend,32.84
2023-03-04 19:00:00.000,35.485800000000005,winter weekend,32.84
2023-03-04 20:00:00.000,34.696116,winter weekend,32.84
2023-03-04 21:00:00.000,32.0759145,winter weekend,32.84
2023-03-04 22:00:00.000,32.48949900000001,winter weekend,32.84
2023-03-04 23:00:00.000,31.0388295,winter weekend,32.84
2023-03-05 00:00:00.000,30.803923500000003,winter weekend,32.84
2023-03-05 01:00:00.000,30.6439875,winter weekend,32.84
2023-03-05 02:00:00.000,30.556522500000007,winter weekend,32.84
2023-03-05 03:00:00.000,30.717708000000005,winter weekend,32.84
2023-03-05 04:00:00.000,30.4865505,winter weekend,32.84
2023-03-05 05:00:00.000,30.589009500000003,winter weekend,32.84
2023-03-05 06:00:00.000,30.605253,winter weekend,32.84
2023-03-05 07:00:00.000,30.911380500000003,winter weekend,32.84
2023-03-05 08:00:00.000,30.827664,winter weekend,32.84
2023-03-05 09:00:00.000,30.8289135,winter weekend,32.84
2023-03-05 10:00:00.000,30.510291,winter weekend,32.84
2023-03-05 11:00:00.000,30.806422500000004,winter weekend,32.84
2023-03-05 12:00:00.000,31.1437875,winter weekend,32.84
2023-03-05 13:00:00.000,30.8289135,winter weekend,32.84
2023-03-05 14:00:00.000,31.140039000000005,winter weekend,32.84
2023-03-05 15:00:00.000,31.754793000000003,winter weekend,32.84
2023-03-05 16:00:00.000,33.53283150000001,winter weekend,32.84
2023-03-05 17:00:00.000,35.503293,winter weekend,32.84
2023-03-05 18:00:00.000,38.19346649999999,winter weekend,32.84
2023-03-05 19:00:00.000,38.90568150000001,winter weekend,32.84
2023-03-05 20:00:00.000,37.3887885,winter weekend,32.84
2023-03-05 21:00:00.000,36.421675500000006,winter weekend,32.84
2023-03-05 22:00:00.000,35.318367,winter weekend,32.84
2023-03-05 23:00:00.000,33.6277935,winter weekend,32.84
2023-03-06 00:00:00.000,34.37374500000001,winter weekday,35.79
2023-03-06 01:00:00.000,32.9980455,winter weekday,30.5
2023-03-06 02:00:00.000,32.7756345,winter weekday,30.5
2023-03-06 03:00:00.000,32.75189400000001,winter weekday,30.5
2023-03-06 04:00:00.000,32.8306125,winter weekday,30.5
2023-03-06 05:00:00.000,34.54117800000001,winter weekday,35.79
2023-03-06 06:00:00.000,37.335060000000006,winter weekday,35.79
2023-03-06 07:00:00.000,40.4838,winter weekday,35.79
2023-03-06 08:00:00.000,44.49344549999999,winter weekday,35.79
2023-03-06 09:00:00.000,40.9023825,winter weekday,35.79
2023-03-06 10:00:00.000,38.642037,winter weekday,35.79
2023-03-06 11:00:00.000,37.465008000000005,winter weekday,35.79
2023-03-06 12:00:00.000,36.100554,winter weekday,35.79
2023-03-06 13:00:00.000,35.479552500000004,winter weekday,35.79
2023-03-06 14:00:00.000,35.39833500000001,winter weekday,35.79
2023-03-06 15:00:00.000,35.58326100000001,winter weekday,35.79
2023-03-06 16:00:00.000,36.36045,winter weekday,35.79
2023-03-06 17:00:00.000,37.611199500000005,winter weekday,35.79
2023-03-06 18:00:00.000,40.46630700000001,winter weekday,35.79
2023-03-06 19:00:00.000,39.1855695,winter weekday,35.79
2023-03-06 20:00:00.000,35.854402500000006,winter weekday,35.79
2023-03-06 21:00:00.000,33.6602805,winter weekday,35.79
2023-03-06 22:00:00.000,32.443267500000005,winter weekday,30.5
2023-03-06 23:00:00.000,30.93512100000001,winter weekday,30.5
2023-03-07 00:00:00.000,29.620647000000005,winter weekday,30.5
2023-03-07 01:00:00.000,29.145837000000004,winter weekday,30.5
2023-03-07 02:00:00.000,27.98880000000001,winter weekday,26.43
2023-03-07 03:00:00.000,27.234102000000004,winter weekday,26.43
2023-03-07 04:00:00.000,27.179124000000005,winter weekday,26.43
2023-03-07 05:00:00.000,28.060021500000005,winter weekday,26.43
2023-03-07 06:00:00.000,29.701864500000003,winter weekday,30.5
2023-03-07 07:00:00.000,29.809321500000003,winter weekday,30.5
2023-03-07 08:00:00.000,30.561520500000004,winter weekday,30.5
2023-03-07 09:00:00.000,28.853454000000003,winter weekday,30.5
2023-03-07 10:00:00.000,29.095857,winter weekday,30.5
2023-03-07 11:00:00.000,29.145837000000004,winter weekday,30.5
2023-03-07 12:00:00.000,28.309921500000005,winter weekday,26.43
2023-03-07 13:00:00.000,29.095857,winter weekday,30.5
2023-03-07 14:00:00.000,29.247046500000007,winter weekday,30.5
2023-03-07 15:00:00.000,29.563170000000003,winter weekday,30.5
2023-03-07 16:00:00.000,31.015089000000007,winter weekday,30.5
2023-03-07 17:00:00.000,35.23215150000001,winter weekday,35.79
2023-03-07 18:00:00.000,37.869846,winter weekday,35.79
2023-03-07 19:00:00.000,35.349604500000005,winter weekday,35.79
2023-03-07 20:00:00.000,36.377943,winter weekday,35.79
2023-03-07 21:00:00.000,34.414978500000004,winter weekday,35.79
2023-03-07 22:00:00.000,32.6381895,winter weekday,30.5
2023-03-07 23:00:00.000,31.798525500000004,winter weekday,30.5
2023-03-08 00:00:00.000,31.649835000000003,winter weekday,30.5
2023-03-08 01:00:00.000,31.374945000000004,winter weekday,30.5
2023-03-08 02:00:00.000,31.364949000000006,winter weekday,30.5
2023-03-08 03:00:00.000,31.237500000000004,winter weekday,30.5
2023-03-08 04:00:00.000,31.237500000000004,winter weekday,30.5
2023-03-08 05:00:00.000,32.1408885,winter weekday,30.5
2023-03-08 06:00:00.000,34.94601600000001,winter weekday,35.79
2023-03-08 07:00:00.000,37.1763735,winter weekday,35.79
2023-03-08 08:00:00.000,38.996895,winter weekday,35.79
2023-03-08 09:00:00.000,37.7349,winter weekday,35.79
2023-03-08 10:00:00.000,36.484150500000005,winter weekday,35.79
2023-03-08 11:00:00.000,35.3820915,winter weekday,35.79
2023-03-08 12:00:00.000,34.5074415,winter weekday,35.79
2023-03-08 13:00:00.000,34.352503500000005,winter weekday,35.79
2023-03-08 14:00:00.000,34.54117800000001,winter weekday,35.79
2023-03-08 15:00:00.000,34.997245500000005,winter weekday,35.79
2023-03-08 16:00:00.000,35.419576500000005,winter weekday,35.79
2023-03-08 17:00:00.000,36.486649500000006,winter weekday,35.79
2023-03-08 18:00:00.000,38.2209555,winter weekday,35.79
2023-03-08 19:00:00.000,38.612049000000006,winter weekday,35.79
2023-03-08 20:00:00.000,36.58161150000001,winter weekday,35.79
2023-03-08 21:00:00.000,34.191318,winter weekday,35.79
2023-03-08 22:00:00.000,33.464109,winter weekday,35.79
2023-03-08 23:00:00.000,32.237100000000005,winter weekday,30.5
2023-03-09 00:00:00.000,31.569867,winter weekday,30.5
2023-03-09 01:00:00.000,31.28623050000001,winter weekday,30.5
2023-03-09 02:00:00.000,31.239999000000005,winter weekday,30.5
2023-03-09 03:00:00.000,31.035081000000005,winter weekday,30.5
2023-03-09 04:00:00.000,31.264989000000003,winter weekday,30.5
2023-03-09 05:00:00.000,31.489899,winter weekday,30.5
2023-03-09 06:00:00.000,34.5349305,winter weekday,35.79
2023-03-09 07:00:00.000,36.11055,winter weekday,35.79
2023-03-09 08:00:00.000,37.242597,winter weekday,35.79
2023-03-09 09:00:00.000,36.2267535,winter weekday,35.79
2023-03-09 10:00:00.000,35.155932,winter weekday,35.79
2023-03-09 11:00:00.000,33.83770950000001,winter weekday,35.79
2023-03-09 12:00:00.000,32.61195000000001,winter weekday,30.5
2023-03-09 13:00:00.000,31.9184775,winter weekday,30.5
2023-03-09 14:00:00.000,31.8859905,winter weekday,30.5
2023-03-09 15:00:00.000,31.952214,winter weekday,30.5
2023-03-09 16:00:00.000,32.157132000000004,winter weekday,30.5
2023-03-09 17:00:00.000,34.3425075,winter weekday,35.79
2023-03-09 18:00:00.000,35.763189000000004,winter weekday,35.79
2023-03-09 19:00:00.000,35.490798000000005,winter weekday,35.79
2023-03-09 20:00:00.000,34.24879500000001,winter weekday,35.79
2023-03-09 21:00:00.000,32.9980455,winter weekday,30.5
2023-03-09 22:00:00.000,32.839359,winter weekday,30.5
2023-03-09 23:00:00.000,31.07506500000001,winter weekday,30.5
2023-03-10 00:00:00.000,30.2241555,winter weekday,30.5
2023-03-10 01:00:00.000,29.94801600000001,winter weekday,30.5
2023-03-10 02:00:00.000,29.745597000000004,winter weekday,30.5
2023-03-10 03:00:00.000,29.718108000000004,winter weekday,30.5
2023-03-10 04:00:00.000,29.749345500000008,winter weekday,30.5
2023-03-10 05:00:00.000,30.487800000000004,winter weekday,30.5
2023-03-10 06:00:00.000,32.3383095,winter weekday,30.5
2023-03-10 07:00:00.000,34.4749545,winter weekday,35.79
2023-03-10 08:00:00.000,34.9747545,winter weekday,35.79
2023-03-10 09:00:00.000,34.437469500000006,winter weekday,35.79
2023-03-10 10:00:00.000,33.847705500000004,winter weekday,35.79
2023-03-10 11:00:00.000,32.999295000000004,winter weekday,30.5
2023-03-10 12:00:00.000,31.914729,winter weekday,30.5
2023-03-10 13:00:00.000,31.46740800000001,winter weekday,30.5
2023-03-10 14:00:00.000,31.726054500000004,winter weekday,30.5
2023-03-10 15:00:00.000,31.439919000000003,winter weekday,30.5
2023-03-10 16:00:00.000,31.125045000000007,winter weekday,30.5
2023-03-10 17:00:00.000,33.52908300000001,winter weekday,35.79
2023-03-10 18:00:00.000,34.296276,winter weekday,35.79
2023-03-10 19:00:00.000,34.101354,winter weekday,35.79
2023-03-10 20:00:00.000,31.788529500000006,winter weekday,30.5
2023-03-10 21:00:00.000,30.982602000000004,winter weekday,30.5
2023-03-10 22:00:00.000,29.90678250000001,winter weekday,30.5
2023-03-10 23:00:00.000,28.3124205,winter weekday,26.43
2023-03-11 00:00:00.000,26.142039000000004,winter weekend,27.53
2023-03-11 01:00:00.000,26.253244500000005,winter weekend,27.53
2023-03-11 02:00:00.000,26.499396000000004,winter weekend,27.53
2023-03-11 03:00:00.000,27.666429000000004,winter weekend,27.53
2023-03-11 04:00:00.000,28.347406500000005,winter weekend,27.53
2023-03-11 05:00:00.000,29.385741000000003,winter weekend,27.53
2023-03-11 06:00:00.000,30.392838,winter weekend,32.84
2023-03-11 07:00:00.000,31.123795500000003,winter weekend,32.84
2023-03-11 08:00:00.000,31.613599500000003,winter weekend,32.84
2023-03-11 09:00:00.000,30.658981500000003,winter weekend,32.84
2023-03-11 10:00:00.000,29.089609500000005,winter weekend,27.53
2023-03-11 11:00:00.000,27.60770250000001,winter weekend,27.53
2023-03-11 12:00:00.000,27.196617000000007,winter weekend,27.53
2023-03-11 13:00:00.000,24.865050000000004,winter weekend,27.53
2023-03-11 14:00:00.000,24.912531000000005,winter weekend,27.53
2023-03-11 15:00:00.000,27.6926685,winter weekend,27.53
2023-03-11 16:00:00.000,30.017988000000003,winter weekend,27.53
2023-03-11 17:00:00.000,33.61404900000001,winter weekend,32.84
2023-03-11 18:00:00.000,35.485800000000005,winter weekend,32.84
2023-03-11 19:00:00.000,34.439968500000006,winter weekend,32.84
2023-03-11 20:00:00.000,33.80897100000001,winter weekend,32.84
2023-03-11 21:00:00.000,32.357052,winter weekend,32.84
2023-03-11 22:00:00.000,32.432022,winter weekend,32.84
2023-03-11 23:00:00.000,30.92637450000001,winter weekend,32.84
2023-03-12 00:00:00.000,32.48824950000001,winter weekend,32.84
2023-03-12 01:00:00.000,30.010491000000005,winter weekend,27.53
2023-03-12 02:00:00.000,30.010491000000005,winter weekend,27.53
2023-03-12 03:00:00.000,28.667278500000005,winter weekend,27.53
2023-03-12 04:00:00.000,28.839709500000005,winter weekend,27.53
2023-03-12 05:00:00.000,28.873446000000005,winter weekend,27.53
2023-03-12 06:00:00.000,28.714759500000003,winter weekend,27.53
2023-03-12 07:00:00.000,28.49484750000001,winter weekend,27.53
2023-03-12 08:00:00.000,28.6472865,winter weekend,27.53
2023-03-12 09:00:00.000,29.110851000000004,winter weekend,27.53
2023-03-12 10:00:00.000,28.863450000000007,winter weekend,27.53
2023-03-12 11:00:00.000,28.337410500000004,winter weekend,27.53
2023-03-12 12:00:00.000,27.414030000000007,winter weekend,27.53
2023-03-12 13:00:00.000,25.984602,winter weekend,27.53
2023-03-12 14:00:00.000,26.114550000000005,winter weekend,27.53
2023-03-12 15:00:00.000,26.72680500000001,winter weekend,27.53
2023-03-12 16:00:00.000,27.9950475,winter weekend,27.53
2023-03-12 17:00:00.000,29.97675450000001,winter weekend,27.53
2023-03-12 18:00:00.000,32.3433075,winter weekend,32.84
2023-03-12 19:00:00.000,34.990998000000005,winter weekend,32.84
2023-03-12 20:00:00.000,33.6078015,winter weekend,32.84
2023-03-12 21:00:00.000,30.449065500000003,winter weekend,32.84
2023-03-12 22:00:00.000,29.222056500000004,winter weekend,27.53
2023-03-12 23:00:00.000,27.43277250000001,winter weekend,27.53
2023-03-13 00:00:00.000,23.114500500000005,winter weekday,26.43
2023-03-13 01:00:00.000,22.0024455,winter weekday,26.43
2023-03-13 02:00:00.000,21.536382,winter weekday,26.43
2023-03-13 03:00:00.000,19.4784555,winter weekday,26.43
2023-03-13 04:00:00.000,18.3064245,winter weekday,26.43
2023-03-13 05:00:00.000,19.4784555,winter weekday,26.43
2023-03-13 06:00:00.000,22.1773755,winter weekday,26.43
2023-03-13 07:00:00.000,27.07791450000001,winter weekday,26.43
2023-03-13 08:00:00.000,27.340309500000007,winter weekday,26.43
2023-03-13 09:00:00.000,22.673427000000004,winter weekday,26.43
2023-03-13 10:00:00.000,21.1802745,winter weekday,26.43
2023-03-13 11:00:00.000,20.156934,winter weekday,26.43
2023-03-13 12:00:00.000,17.626696499999998,winter weekday,26.43
2023-03-13 13:00:00.000,17.365789,winter weekday,26.43
2023-03-13 14:00:00.000,17.3646585,winter weekday,26.43
2023-03-13 15:00:00.000,17.400537,winter weekday,26.43
2023-03-13 16:00:00.000,18.4963485,winter weekday,26.43
2023-03-13 17:00:00.000,24.0366315,winter weekday,26.43
2023-03-13 18:00:00.000,28.437370500000004,winter weekday,26.43
2023-03-13 19:00:00.000,29.2383,winter weekday,30.5
2023-03-13 20:00:00.000,27.655183500000003,winter weekday,26.43
2023-03-13 21:00:00.000,23.982903000000004,winter weekday,26.43
2023-03-13 22:00:00.000,21.7975275,winter weekday,26.43
2023-03-13 23:00:00.000,20.281884,winter weekday,26.43
2023-03-14 00:00:00.000,18.5638215,winter weekday,26.43
2023-03-14 01:00:00.000,17.925326999999996,winter weekday,26.43
2023-03-14 02:00:00.000,17.86785,winter weekday,26.43
2023-03-14 03:00:00.000,17.597958,winter weekday,26.43
2023-03-14 04:00:00.000,17.805374999999998,winter weekday,26.43
2023-03-14 05:00:00.000,18.4963485,winter weekday,26.43
2023-03-14 06:00:00.000,22.69092000000001,winter weekday,26.43
2023-03-14 07:00:00.000,28.666029000000005,winter weekday,30.5
2023-03-14 08:00:00.000,29.218308000000004,winter weekday,30.5
2023-03-14 09:00:00.000,27.7851315,winter weekday,26.43
2023-03-14 10:00:00.000,26.58686100000001,winter weekday,26.43
2023-03-14 11:00:00.000,24.982503000000005,winter weekday,26.43
2023-03-14 12:00:00.000,24.022887000000004,winter weekday,26.43
2023-03-14 13:00:00.000,24.998746500000006,winter weekday,26.43
2023-03-14 14:00:00.000,25.546027500000005,winter weekday,26.43
2023-03-14 15:00:00.000,24.842559000000005,winter weekday,26.43
2023-03-14 16:00:00.000,27.21785850000001,winter weekday,26.43
2023-03-14 17:00:00.000,32.718157500000004,winter weekday,30.5
2023-03-14 18:00:00.000,35.468307,winter weekday,35.79
2023-03-14 19:00:00.000,36.3866895,winter weekday,35.79
2023-03-14 20:00:00.000,34.9772535,winter weekday,35.79
2023-03-14 21:00:00.000,33.576564000000005,winter weekday,35.79
2023-03-14 22:00:00.000,32.716908000000004,winter weekday,30.5
2023-03-14 23:00:00.000,30.527784000000004,winter weekday,30.5
2023-03-15 00:00:00.000,30.567768000000004,winter weekday,30.5
2023-03-15 01:00:00.000,30.587760000000003,winter weekday,30.5
2023-03-15 02:00:00.000,30.359101500000005,winter weekday,30.5
2023-03-15 03:00:00.000,30.516538500000006,winter weekday,30.5
2023-03-15 04:00:00.000,30.571516500000005,winter weekday,30.5
2023-03-15 05:00:00.000,32.54072850000001,winter weekday,30.5
2023-03-15 06:00:00.000,35.29462650000001,winter weekday,35.79
2023-03-15 07:00:00.000,37.36005000000001,winter weekday,35.79
2023-03-15 08:00:00.000,37.307571,winter weekday,35.79
2023-03-15 09:00:00.000,33.61030050000001,winter weekday,35.79
2023-03-15 10:00:00.000,31.631092500000005,winter weekday,30.5
2023-03-15 11:00:00.000,29.488200000000003,winter weekday,30.5
2023-03-15 12:00:00.000,28.719757500000004,winter weekday,30.5
2023-03-15 13:00:00.000,28.718508000000007,winter weekday,30.5
2023-03-15 14:00:00.000,29.394487500000004,winter weekday,30.5
2023-03-15 15:00:00.000,30.216658500000005,winter weekday,30.5
2023-03-15 16:00:00.000,31.98595050000001,winter weekday,30.5
2023-03-15 17:00:00.000,36.210510000000006,winter weekday,35.79
2023-03-15 18:00:00.000,40.146435,winter weekday,35.79
2023-03-15 19:00:00.000,42.268086,winter weekday,35.79
2023-03-15 20:00:00.000,38.48210099999999,winter weekday,35.79
2023-03-15 21:00:00.000,35.780682000000006,winter weekday,35.79
2023-03-15 22:00:00.000,34.779832500000005,winter weekday,35.79
2023-03-15 23:00:00.000,33.3154185,winter weekday,35.79
2023-03-16 00:00:00.000,32.035930500000006,winter weekday,30.5
2023-03-16 01:00:00.000,30.813919500000004,winter weekday,30.5
2023-03-16 02:00:00.000,30.337860000000003,winter weekday,30.5
2023-03-16 03:00:00.000,29.86305,winter weekday,30.5
2023-03-16 04:00:00.000,29.6218965,winter weekday,30.5
2023-03-16 05:00:00.000,30.345357000000007,winter weekday,30.5
2023-03-16 06:00:00.000,33.651534000000005,winter weekday,35.79
2023-03-16 07:00:00.000,35.1546825,winter weekday,35.79
2023-03-16 08:00:00.000,34.6148985,winter weekday,35.79
2023-03-16 09:00:00.000,32.002194,winter weekday,30.5
2023-03-16 10:00:00.000,30.26289,winter weekday,30.5
2023-03-16 11:00:00.000,28.8022245,winter weekday,30.5
2023-03-16 12:00:00.000,28.038780000000003,winter weekday,26.43
2023-03-16 13:00:00.000,27.1753755,winter weekday,26.43
2023-03-16 14:00:00.000,27.424026000000005,winter weekday,26.43
2023-03-16 15:00:00.000,27.975055500000007,winter weekday,26.43
2023-03-16 16:00:00.000,29.310771000000003,winter weekday,30.5
2023-03-16 17:00:00.000,32.26458900000001,winter weekday,30.5
2023-03-16 18:00:00.000,33.8427075,winter weekday,35.79
2023-03-16 19:00:00.000,33.6078015,winter weekday,35.79
2023-03-16 20:00:00.000,31.11255000000001,winter weekday,30.5
2023-03-16 21:00:00.000,29.630643000000006,winter weekday,30.5
2023-03-16 22:00:00.000,28.122496500000008,winter weekday,26.43
2023-03-16 23:00:00.000,27.419028000000008,winter weekday,26.43
2023-03-17 00:00:00.000,23.421877500000004,winter weekday,26.43
2023-03-17 01:00:00.000,23.61180150000001,winter weekday,26.43
2023-03-17 02:00:00.000,23.623047000000007,winter weekday,26.43
2023-03-17 03:00:00.000,24.856303500000003,winter weekday,26.43
2023-03-17 04:00:00.000,25.213660500000003,winter weekday,26.43
2023-03-17 05:00:00.000,27.562720500000005,winter weekday,26.43
2023-03-17 06:00:00.000,30.496546500000004,winter weekday,30.5
2023-03-17 07:00:00.000,31.3836915,winter weekday,30.5
2023-03-17 08:00:00.000,30.432822,winter weekday,30.5
2023-03-17 09:00:00.000,28.649785500000007,winter weekday,30.5
2023-03-17 10:00:00.000,27.868848000000007,winter weekday,26.43
2023-03-17 11:00:00.000,27.357802500000005,winter weekday,26.43
2023-03-17 12:00:00.000,26.83426200000001,winter weekday,26.43
2023-03-17 13:00:00.000,26.6205975,winter weekday,26.43
2023-03-17 14:00:00.000,28.369897500000004,winter weekday,26.43
2023-03-17 15:00:00.000,29.741848500000003,winter weekday,30.5
2023-03-17 16:00:00.000,31.055073000000004,winter weekday,30.5
2023-03-17 17:00:00.000,33.2104605,winter weekday,35.79
2023-03-17 18:00:00.000,34.156332000000006,winter weekday,35.79
2023-03-17 19:00:00.000,34.1400885,winter weekday,35.79
2023-03-17 20:00:00.000,33.155482500000005,winter weekday,35.79
2023-03-17 21:00:00.000,31.10880150000001,winter weekday,30.5
2023-03-17 22:00:00.000,30.7489455,winter weekday,30.5
2023-03-17 23:00:00.000,30.144187500000005,winter weekday,30.5
2023-03-18 00:00:00.000,30.656482500000003,winter weekend,32.84
2023-03-18 01:00:00.000,29.644387500000008,winter weekend,27.53
2023-03-18 02:00:00.000,29.468208000000008,winter weekend,27.53
2023-03-18 03:00:00.000,29.2383,winter weekend,27.53
2023-03-18 04:00:00.000,29.385741000000003,winter weekend,27.53
2023-03-18 05:00:00.000,29.83806000000001,winter weekend,27.53
2023-03-18 06:00:00.000,30.300375000000003,winter weekend,32.84
2023-03-18 07:00:00.000,30.54152850000001,winter weekend,32.84
2023-03-18 08:00:00.000,29.955513000000003,winter weekend,27.53
2023-03-18 09:00:00.000,30.19416750000001,winter weekend,32.84
2023-03-18 10:00:00.000,29.488200000000003,winter weekend,27.53
2023-03-18 11:00:00.000,28.755993000000007,winter weekend,27.53
2023-03-18 12:00:00.000,27.871347000000007,winter weekend,27.53
2023-03-18 13:00:00.000,27.416529000000004,winter weekend,27.53
2023-03-18 14:00:00.000,28.303674,winter weekend,27.53
2023-03-18 15:00:00.000,28.873446000000005,winter weekend,27.53
2023-03-18 16:00:00.000,30.416578500000004,winter weekend,32.84
2023-03-18 17:00:00.000,33.70401300000001,winter weekend,32.84
2023-03-18 18:00:00.000,36.978952500000005,winter weekend,32.84
2023-03-18 19:00:00.000,38.552073,winter weekend,32.84
2023-03-18 20:00:00.000,35.3795925,winter weekend,32.84
2023-03-18 21:00:00.000,33.976404,winter weekend,32.84
2023-03-18 22:00:00.000,33.6053025,winter weekend,32.84
2023-03-18 23:00:00.000,32.169627000000006,winter weekend,32.84
2023-03-19 00:00:00.000,31.116298500000003,winter weekend,32.84
2023-03-19 01:00:00.000,30.612750000000005,winter weekend,32.84
2023-03-19 02:00:00.000,29.813070000000003,winter weekend,27.53
2023-03-19 03:00:00.000,29.76059100000001,winter weekend,27.53
2023-03-19 04:00:00.000,29.705613,winter weekend,27.53
2023-03-19 05:00:00.000,30.282882000000004,winter weekend,32.84
2023-03-19 06:00:00.000,29.86305,winter weekend,27.53
2023-03-19 07:00:00.000,30.169177500000004,winter weekend,27.53
2023-03-19 08:00:00.000,30.042978000000005,winter weekend,27.53
2023-03-19 09:00:00.000,30.14543700000001,winter weekend,27.53
2023-03-19 10:00:00.000,29.914279500000003,winter weekend,27.53
2023-03-19 11:00:00.000,29.76059100000001,winter weekend,27.53
2023-03-19 12:00:00.000,29.536930500000008,winter weekend,27.53
2023-03-19 13:00:00.000,29.118348000000005,winter weekend,27.53
2023-03-19 14:00:00.000,29.23954950000001,winter weekend,27.53
2023-03-19 15:00:00.000,29.69686650000001,winter weekend,27.53
2023-03-19 16:00:00.000,30.623995500000007,winter weekend,32.84
2023-03-19 17:00:00.000,34.0076415,winter weekend,32.84
2023-03-19 18:00:00.000,35.485800000000005,winter weekend,32.84
2023-03-19 19:00:00.000,36.4741545,winter weekend,32.84
2023-03-19 20:00:00.000,35.44956450000001,winter weekend,32.84
2023-03-19 21:00:00.000,34.2700365,winter weekend,32.84
2023-03-19 22:00:00.000,33.973905,winter weekend,32.84
2023-03-19 23:00:00.000,33.61155,winter weekend,32.84
2023-03-20 00:00:00.000,32.861850000000004,winter weekday,30.5
2023-03-20 01:00:00.000,31.729803,winter weekday,30.5
2023-03-20 02:00:00.000,31.49489700000001,winter weekday,30.5
2023-03-20 03:00:00.000,31.135041000000005,winter weekday,30.5
2023-03-20 04:00:00.000,31.1437875,winter weekday,30.5
2023-03-20 05:00:00.000,31.912230000000005,winter weekday,30.5
2023-03-20 06:00:00.000,34.3325115,winter weekday,35.79
2023-03-20 07:00:00.000,35.914378500000005,winter weekday,35.79
2023-03-20 08:00:00.000,35.9243745,winter weekday,35.79
2023-03-20 09:00:00.000,34.556172000000004,winter weekday,35.79
2023-03-20 10:00:00.000,32.7056625,winter weekday,30.5
2023-03-20 11:00:00.000,31.836010500000004,winter weekday,30.5
2023-03-20 12:00:00.000,30.4365705,winter weekday,30.5
2023-03-20 13:00:00.000,29.858052000000004,winter weekday,30.5
2023-03-20 14:00:00.000,30.07921350000001,winter weekday,30.5
2023-03-20 15:00:00.000,30.455313000000004,winter weekday,30.5
2023-03-20 16:00:00.000,31.591108500000004,winter weekday,30.5
2023-03-20 17:00:00.000,33.96640800000001,winter weekday,35.79
2023-03-20 18:00:00.000,36.23050200000001,winter weekday,35.79
2023-03-20 19:00:00.000,38.0435265,winter weekday,35.79
2023-03-20 20:00:00.000,36.405432000000005,winter weekday,35.79
2023-03-20 21:00:00.000,34.297525500000006,winter weekday,35.79
2023-03-20 22:00:00.000,33.299175000000005,winter weekday,35.79
2023-03-20 23:00:00.000,31.992198,winter weekday,30.5
2023-03-21 00:00:00.000,32.460760500000006,winter weekday,30.5
2023-03-21 01:00:00.000,31.397436000000003,winter weekday,30.5
2023-03-21 02:00:00.000,31.307472000000004,winter weekday,30.5
2023-03-21 03:00:00.000,30.943867500000003,winter weekday,30.5
2023-03-21 04:00:00.000,31.11255000000001,winter weekday,30.5
2023-03-21 05:00:00.000,32.1383895,winter weekday,30.5
2023-03-21 06:00:00.000,33.587809500000006,winter weekday,35.79
2023-03-21 07:00:00.000,35.547025500000004,winter weekday,35.79
2023-03-21 08:00:00.000,35.2921275,winter weekday,35.79
2023-03-21 09:00:00.000,33.427873500000004,winter weekday,35.79
2023-03-21 10:00:00.000,31.738549500000005,winter weekday,30.5
2023-03-21 11:00:00.000,30.702714000000007,winter weekday,30.5
2023-03-21 12:00:00.000,30.110451000000005,winter weekday,30.5
2023-03-21 13:00:00.000,29.808072000000003,winter weekday,30.5
2023-03-21 14:00:00.000,29.69686650000001,winter weekday,30.5
2023-03-21 15:00:00.000,29.653134,winter weekday,30.5
2023-03-21 16:00:00.000,30.0142395,winter weekday,30.5
2023-03-21 17:00:00.000,31.486150500000004,winter weekday,30.5
2023-03-21 18:00:00.000,33.871446000000006,winter weekday,35.79
2023-03-21 19:00:00.000,35.272135500000005,winter weekday,35.79
2023-03-21 20:00:00.000,33.018037500000005,winter weekday,30.5
2023-03-21 21:00:00.000,30.504043500000005,winter weekday,30.5
2023-03-21 22:00:00.000,29.8243155,winter weekday,30.5
2023-03-21 23:00:00.000,28.937170500000004,winter weekday,30.5
2023-03-22 00:00:00.000,26.996697000000005,winter weekday,26.43
2023-03-22 01:00:00.000,26.5131405,winter weekday,26.43
2023-03-22 02:00:00.000,26.551875000000003,winter weekday,26.43
2023-03-22 03:00:00.000,25.995847500000004,winter weekday,26.43
2023-03-22 04:00:00.000,25.6984665,winter weekday,26.43
2023-03-22 05:00:00.000,26.6180985,winter weekday,26.43
2023-03-22 06:00:00.000,28.867198500000004,winter weekday,30.5
2023-03-22 07:00:00.000,30.9888495,winter weekday,30.5
2023-03-22 08:00:00.000,31.1387895,winter weekday,30.5
2023-03-22 09:00:00.000,27.660181500000004,winter weekday,26.43
2023-03-22 10:00:00.000,24.658882500000004,winter weekday,26.43
2023-03-22 11:00:00.000,21.5276355,winter weekday,26.43
2023-03-22 12:00:00.000,20.2331535,winter weekday,26.43
2023-03-22 13:00:00.000,19.4909505,winter weekday,26.43
2023-03-22 14:00:00.000,22.294828500000005,winter weekday,26.43
2023-03-22 15:00:00.000,25.915879500000003,winter weekday,26.43
2023-03-22 16:00:00.000,27.503994,winter weekday,26.43
2023-03-22 17:00:00.000,29.940519,winter weekday,30.5
2023-03-22 18:00:00.000,32.2683375,winter weekday,30.5
2023-03-22 19:00:00.000,34.842307500000004,winter weekday,35.79
2023-03-22 20:00:00.000,33.0255345,winter weekday,30.5
2023-03-22 21:00:00.000,30.913879500000004,winter weekday,30.5
2023-03-22 22:00:00.000,29.850555000000007,winter weekday,30.5
2023-03-22 23:00:00.000,27.775135500000008,winter weekday,26.43
2023-03-23 00:00:00.000,25.8708975,winter weekday,26.43
2023-03-23 01:00:00.000,25.601005500000007,winter weekday,26.43
2023-03-23 02:00:00.000,24.2765355,winter weekday,26.43
2023-03-23 03:00:00.000,23.108253000000005,winter weekday,26.43
2023-03-23 04:00:00.000,21.5126415,winter weekday,26.43
2023-03-23 05:00:00.000,24.337761000000004,winter weekday,26.43
2023-03-23 06:00:00.000,27.444018000000003,winter weekday,26.43
2023-03-23 07:00:00.000,28.890939000000007,winter weekday,30.5
2023-03-23 08:00:00.000,29.2383,winter weekday,30.5
2023-03-23 09:00:00.000,26.464410000000004,winter weekday,26.43
2023-03-23 10:00:00.000,22.458513000000007,winter weekday,26.43
2023-03-23 11:00:00.000,21.826266,winter weekday,26.43
2023-03-23 12:00:00.000,21.931224,winter weekday,26.43
2023-03-23 13:00:00.000,22.0149405,winter weekday,26.43
2023-03-23 14:00:00.000,23.775486000000004,winter weekday,26.43
2023-03-23 15:00:00.000,24.275286000000005,winter weekday,26.43
2023-03-23 16:00:00.000,28.60105500000001,winter weekday,30.5
2023-03-23 17:00:00.000,32.293327500000004,winter weekday,30.5
2023-03-23 18:00:00.000,34.46870700000001,winter weekday,35.79
2023-03-23 19:00:00.000,35.408331000000004,winter weekday,35.79
2023-03-23 20:00:00.000,32.626944,winter weekday,30.5
2023-03-23 21:00:00.000,28.944667500000005,winter weekday,30.5
2023-03-23 22:00:00.000,28.469857500000003,winter weekday,30.5
2023-03-23 23:00:00.000,27.032932500000005,winter weekday,26.43
2023-03-24 00:00:00.000,24.255294000000003,winter weekday,26.43
2023-03-24 01:00:00.000,22.840860000000003,winter weekday,26.43
2023-03-24 02:00:00.000,22.449766500000003,winter weekday,26.43
2023-03-24 03:00:00.000,22.388541000000004,winter weekday,26.43
2023-03-24 04:00:00.000,21.7500465,winter weekday,26.43
2023-03-24 05:00:00.000,22.389790500000004,winter weekday,26.43
2023-03-24 06:00:00.000,25.169928,winter weekday,26.43
2023-03-24 07:00:00.000,27.517738500000004,winter weekday,26.43
2023-03-24 08:00:00.000,27.517738500000004,winter weekday,26.43
2023-03-24 09:00:00.000,25.159932000000005,winter weekday,26.43
2023-03-24 10:00:00.000,21.9849525,winter weekday,26.43
2023-03-24 11:00:00.000,20.526786,winter weekday,26.43
2023-03-24 12:00:00.000,18.8012265,winter weekday,26.43
2023-03-24 13:00:00.000,17.8666005,winter weekday,26.43
2023-03-24 14:00:00.000,17.626696499999998,winter weekday,26.43
2023-03-24 15:00:00.000,18.097758,winter weekday,26.43
2023-03-24 16:00:00.000,21.0653205,winter weekday,26.43
2023-03-24 17:00:00.000,27.305323500000004,winter weekday,26.43
2023-03-24 18:00:00.000,29.990499000000003,winter weekday,30.5
2023-03-24 19:00:00.000,31.89098850000001,winter weekday,30.5
2023-03-24 20:00:00.000,29.478204,winter weekday,30.5
2023-03-24 21:00:00.000,27.676425,winter weekday,26.43
2023-03-24 22:00:00.000,26.889240000000008,winter weekday,26.43
2023-03-24 23:00:00.000,25.477305000000005,winter weekday,26.43
2023-03-25 00:00:00.000,19.279785,winter weekend,19.94
2023-03-25 01:00:00.000,17.4892515,winter weekend,19.94
2023-03-25 02:00:00.000,17.381794499999998,winter weekend,19.94
2023-03-25 03:00:00.000,17.378046,winter weekend,19.94
2023-03-25 04:00:00.000,17.4042855,winter weekend,19.94
2023-03-25 05:00:00.000,17.380544999999998,winter weekend,19.94
2023-03-25 06:00:00.000,17.8091235,winter weekend,19.94
2023-03-25 07:00:00.000,18.332664,winter weekend,19.94
2023-03-25 08:00:00.000,18.1090035,winter weekend,19.94
2023-03-25 09:00:00.000,17.375546999999997,winter weekend,19.94
2023-03-25 10:00:00.000,17.361267,winter weekend,19.94
2023-03-25 11:00:00.000,17.234651,winter weekend,19.94
2023-03-25 12:00:00.000,16.958809,winter weekend,19.94
2023-03-25 13:00:00.000,16.687489,winter weekend,19.94
2023-03-25 14:00:00.000,16.759840999999998,winter weekend,19.94
2023-03-25 15:00:00.000,17.269696500000002,winter weekend,19.94
2023-03-25 16:00:00.000,17.365789,winter weekend,19.94
2023-03-25 17:00:00.000,20.354355,winter weekend,19.94
2023-03-25 18:00:00.000,24.865050000000004,winter weekend,27.53
2023-03-25 19:00:00.000,26.994198000000008,winter weekend,27.53
2023-03-25 20:00:00.000,24.865050000000004,winter weekend,27.53
2023-03-25 21:00:00.000,22.595958000000003,winter weekend,19.94
2023-03-25 22:00:00.000,22.2298545,winter weekend,19.94
2023-03-25 23:00:00.000,21.536382,winter weekend,19.94
2023-03-26 00:00:00.000,22.323567000000004,winter weekend,19.94
2023-03-26 01:00:00.000,22.2698385,winter weekend,19.94
2023-03-26 02:00:00.000,22.381044000000003,winter weekend,19.94
2023-03-26 03:00:00.000,22.476006,winter weekend,19.94
2023-03-26 04:00:00.000,22.543479000000005,winter weekend,19.94
2023-03-26 05:00:00.000,25.301125500000005,winter weekend,27.53
2023-03-26 06:00:00.000,26.5006455,winter weekend,27.53
2023-03-26 07:00:00.000,27.019188,winter weekend,27.53
2023-03-26 08:00:00.000,27.31407,winter weekend,27.53
2023-03-26 09:00:00.000,27.186621,winter weekend,27.53
2023-03-26 10:00:00.000,26.86425,winter weekend,27.53
2023-03-26 11:00:00.000,25.101205500000003,winter weekend,27.53
2023-03-26 12:00:00.000,24.295278000000003,winter weekend,27.53
2023-03-26 13:00:00.000,23.673027000000005,winter weekend,19.94
2023-03-26 14:00:00.000,23.118249,winter weekend,19.94
2023-03-26 15:00:00.000,23.409382500000003,winter weekend,19.94
2023-03-26 16:00:00.000,27.000445500000005,winter weekend,27.53
2023-03-26 17:00:00.000,30.693967500000003,winter weekend,32.84
2023-03-26 18:00:00.000,32.094657000000005,winter weekend,32.84
2023-03-26 19:00:00.000,31.436170500000003,winter weekend,32.84
2023-03-26 20:00:00.000,30.4415685,winter weekend,32.84
2023-03-26 21:00:00.000,29.790579000000005,winter weekend,27.53
2023-03-26 22:00:00.000,29.193318000000005,winter weekend,27.53
2023-03-26 23:00:00.000,29.363250000000004,winter weekend,27.53
2023-03-27 00:00:00.000,29.007142500000008,winter weekday,30.5
2023-03-27 01:00:00.000,28.298676000000004,winter weekday,26.43
2023-03-27 02:00:00.000,27.862600500000003,winter weekday,26.43
2023-03-27 03:00:00.000,27.976305000000007,winter weekday,26.43
2023-03-27 04:00:00.000,28.969657500000007,winter weekday,30.5
2023-03-27 05:00:00.000,31.737300000000005,winter weekday,30.5
2023-03-27 06:00:00.000,35.2346505,winter weekday,35.79
2023-03-27 07:00:00.000,36.274234500000006,winter weekday,35.79
2023-03-27 08:00:00.000,32.207112,winter weekday,30.5
2023-03-27 09:00:00.000,29.219557500000004,winter weekday,30.5
2023-03-27 10:00:00.000,27.480253500000003,winter weekday,26.43
2023-03-27 11:00:00.000,25.897137000000008,winter weekday,26.43
2023-03-27 12:00:00.000,24.229054500000004,winter weekday,26.43
2023-03-27 13:00:00.000,22.708413000000004,winter weekday,26.43
2023-03-27 14:00:00.000,23.135742000000004,winter weekday,26.43
2023-03-27 15:00:00.000,23.568069,winter weekday,26.43
2023-03-27 16:00:00.000,26.660581500000006,winter weekday,26.43
2023-03-27 17:00:00.000,29.357002500000004,winter weekday,30.5
2023-03-27 18:00:00.000,32.909331,winter weekday,30.5
2023-03-27 19:00:00.000,31.870996500000004,winter weekday,30.5
2023-03-27 20:00:00.000,30.611500500000005,winter weekday,30.5
2023-03-27 21:00:00.000,30.302874000000003,winter weekday,30.5
2023-03-27 22:00:00.000,28.795977000000004,winter weekday,30.5
2023-03-27 23:00:00.000,27.199116000000004,winter weekday,26.43
2023-03-28 00:00:00.000,27.651435000000003,winter weekday,26.43
2023-03-28 01:00:00.000,27.947566500000008,winter weekday,26.43
2023-03-28 02:00:00.000,28.967158500000004,winter weekday,30.5
2023-03-28 03:00:00.000,28.925925000000003,winter weekday,30.5
2023-03-28 04:00:00.000,29.793078000000005,winter weekday,30.5
2023-03-28 05:00:00.000,33.6177975,winter weekday,35.79
2023-03-28 06:00:00.000,37.35005400000001,winter weekday,35.79
2023-03-28 07:00:00.000,37.35005400000001,winter weekday,35.79
2023-03-28 08:00:00.000,33.254193,winter weekday,35.79
2023-03-28 09:00:00.000,30.397836000000005,winter weekday,30.5
2023-03-28 10:00:00.000,29.224555500000005,winter weekday,30.5
2023-03-28 11:00:00.000,29.218308000000004,winter weekday,30.5
2023-03-28 12:00:00.000,28.9871505,winter weekday,30.5
2023-03-28 13:00:00.000,28.833462000000004,winter weekday,30.5
2023-03-28 14:00:00.000,29.197066500000005,winter weekday,30.5
2023-03-28 15:00:00.000,29.390739000000004,winter weekday,30.5
2023-03-28 16:00:00.000,30.93637050000001,winter weekday,30.5
2023-03-28 17:00:00.000,34.4699565,winter weekday,35.79
2023-03-28 18:00:00.000,37.482501000000006,winter weekday,35.79
2023-03-28 19:00:00.000,37.485,winter weekday,35.79
2023-03-28 20:00:00.000,33.988899,winter weekday,35.79
2023-03-28 21:00:00.000,33.2479455,winter weekday,35.79
2023-03-28 22:00:00.000,31.235001000000004,winter weekday,30.5
2023-03-28 23:00:00.000,29.55442350000001,winter weekday,30.5
2023-03-29 00:00:00.000,29.250795000000004,winter weekday,30.5
2023-03-29 01:00:00.000,29.5044435,winter weekday,30.5
2023-03-29 02:00:00.000,29.710611000000007,winter weekday,30.5
2023-03-29 03:00:00.000,29.635641000000003,winter weekday,30.5
2023-03-29 04:00:00.000,29.763090000000005,winter weekday,30.5
2023-03-29 05:00:00.000,31.992198,winter weekday,30.5
2023-03-29 06:00:00.000,35.37709350000001,winter weekday,35.79
2023-03-29 07:00:00.000,36.36045,winter weekday,35.79
2023-03-29 08:00:00.000,35.3820915,winter weekday,35.79
2023-03-29 09:00:00.000,33.61529850000001,winter weekday,35.79
2023-03-29 10:00:00.000,32.243347500000006,winter weekday,30.5
2023-03-29 11:00:00.000,31.235001000000004,winter weekday,30.5
2023-03-29 12:00:00.000,30.562770000000004,winter weekday,30.5
2023-03-29 13:00:00.000,30.056722500000003,winter weekday,30.5
2023-03-29 14:00:00.000,30.480303000000006,winter weekday,30.5
2023-03-29 15:00:00.000,30.637740000000004,winter weekday,30.5
2023-03-29 16:00:00.000,33.380392500000006,winter weekday,35.79
2023-03-29 17:00:00.000,35.5370295,winter weekday,35.79
2023-03-29 18:00:00.000,36.0943065,winter weekday,35.79
2023-03-29 19:00:00.000,33.896436,winter weekday,35.79
2023-03-29 20:00:00.000,31.727304000000004,winter weekday,30.5
2023-03-29 21:00:00.000,31.100055000000005,winter weekday,30.5
2023-03-29 22:00:00.000,29.213310000000003,winter weekday,30.5
2023-03-29 23:00:00.000,28.577314500000004,winter weekday,30.5
2023-03-30 00:00:00.000,27.64518750000001,winter weekday,26.43
2023-03-30 01:00:00.000,27.457762500000005,winter weekday,26.43
2023-03-30 02:00:00.000,27.210361500000005,winter weekday,26.43
2023-03-30 03:00:00.000,27.102904500000005,winter weekday,26.43
2023-03-30 04:00:00.000,26.96421,winter weekday,26.43
2023-03-30 05:00:00.000,28.584811500000008,winter weekday,30.5
2023-03-30 06:00:00.000,32.2833315,winter weekday,30.5
2023-03-30 07:00:00.000,33.52408500000001,winter weekday,35.79
2023-03-30 08:00:00.000,31.11255000000001,winter weekday,30.5
2023-03-30 09:00:00.000,28.696017000000005,winter weekday,30.5
2023-03-30 10:00:00.000,27.36405,winter weekday,26.43
2023-03-30 11:00:00.000,25.4685585,winter weekday,26.43
2023-03-30 12:00:00.000,20.5655205,winter weekday,26.43
2023-03-30 13:00:00.000,18.0865125,winter weekday,26.43
2023-03-30 14:00:00.000,18.6237975,winter weekday,26.43
2023-03-30 15:00:00.000,22.318569,winter weekday,26.43
2023-03-30 16:00:00.000,26.419428000000003,winter weekday,26.43
2023-03-30 17:00:00.000,29.5569225,winter weekday,30.5
2023-03-30 18:00:00.000,32.36205,winter weekday,30.5
2023-03-30 19:00:00.000,32.2833315,winter weekday,30.5
2023-03-30 20:00:00.000,30.272886000000003,winter weekday,30.5
2023-03-30 21:00:00.000,29.869297500000005,winter weekday,30.5
2023-03-30 22:00:00.000,28.708512,winter weekday,30.5
2023-03-30 23:00:00.000,25.506043500000004,winter weekday,26.43
2023-03-31 00:00:00.000,25.477305000000005,winter weekday,26.43
2023-03-31 01:00:00.000,24.502695000000003,winter weekday,26.43
2023-03-31 02:00:00.000,23.443119000000003,winter weekday,26.43
2023-03-31 03:00:00.000,25.969608000000004,winter weekday,26.43
2023-03-31 04:00:00.000,27.3603015,winter weekday,26.43
2023-03-31 05:00:00.000,31.32746400000001,winter weekday,30.5
2023-03-31 06:00:00.000,33.876444000000006,winter weekday,35.79
2023-03-31 07:00:00.000,34.566168000000005,winter weekday,35.79
2023-03-31 08:00:00.000,33.8851905,winter weekday,35.79
2023-03-31 09:00:00.000,32.88684000000001,winter weekday,30.5
2023-03-31 10:00:00.000,32.32081650000001,winter weekday,30.5
2023-03-31 11:00:00.000,30.33411150000001,winter weekday,30.5
2023-03-31 12:00:00.000,29.505693,winter weekday,30.5
2023-03-31 13:00:00.000,28.994647500000006,winter weekday,30.5
2023-03-31 14:00:00.000,29.20331400000001,winter weekday,30.5
2023-03-31 15:00:00.000,30.099205500000004,winter weekday,30.5
2023-03-31 16:00:00.000,30.30162450000001,winter weekday,30.5
2023-03-31 17:00:00.000,31.733551500000004,winter weekday,30.5
2023-03-31 18:00:00.000,31.807272,winter weekday,30.5
2023-03-31 19:00:00.000,31.11005100000001,winter weekday,30.5
2023-03-31 20:00:00.000,29.7168585,winter weekday,30.5
2023-03-31 21:00:00.000,28.204963500000005,winter weekday,26.43
2023-03-31 22:00:00.000,27.36405,winter weekday,26.43
2023-03-31 23:00:00.000,27.6376905,winter weekday,26.43
2023-04-01 00:00:00.000,25.352355000000003,summer weekend,27.0
2023-04-01 01:00:00.000,24.095358000000004,summer weekend,27.0
2023-04-01 02:00:00.000,22.2198585,summer weekend,19.7
2023-04-01 03:00:00.000,21.8724975,summer weekend,19.7
2023-04-01 04:00:00.000,21.7825335,summer weekend,19.7
2023-04-01 05:00:00.000,21.661332,summer weekend,19.7
2023-04-01 06:00:00.000,23.82921450000001,summer weekend,27.0
2023-04-01 07:00:00.000,25.009992000000004,summer weekend,27.0
2023-04-01 08:00:00.000,24.916279500000005,summer weekend,27.0
2023-04-01 09:00:00.000,23.5618215,summer weekend,27.0
2023-04-01 10:00:00.000,23.126995500000007,summer weekend,19.7
2023-04-01 11:00:00.000,22.486002000000006,summer weekend,19.7
2023-04-01 12:00:00.000,22.193619,summer weekend,19.7
2023-04-01 13:00:00.000,21.553875,summer weekend,19.7
2023-04-01 14:00:00.000,21.9124815,summer weekend,19.7
2023-04-01 15:00:00.000,22.437271500000005,summer weekend,19.7
2023-04-01 16:00:00.000,23.872947000000003,summer weekend,27.0
2023-04-01 17:00:00.000,27.975055500000007,summer weekend,27.0
2023-04-01 18:00:00.000,28.7247555,summer weekend,27.0
2023-04-01 19:00:00.000,27.975055500000007,summer weekend,27.0
2023-04-01 20:00:00.000,26.814270000000004,summer weekend,27.0
2023-04-01 21:00:00.000,27.357802500000005,summer weekend,27.0
2023-04-01 22:00:00.000,25.694718000000005,summer weekend,27.0
2023-04-01 23:00:00.000,26.063320500000003,summer weekend,27.0
2023-04-02 00:00:00.000,24.922527,summer weekend,27.0
2023-04-02 01:00:00.000,24.678874500000003,summer weekend,27.0
2023-04-02 02:00:00.000,24.922527,summer weekend,27.0
2023-04-02 03:00:00.000,24.678874500000003,summer weekend,27.0
2023-04-02 04:00:00.000,24.922527,summer weekend,27.0
2023-04-02 05:00:00.000,24.705114,summer weekend,27.0
2023-04-02 06:00:00.000,26.12454600000001,summer weekend,27.0
2023-04-02 07:00:00.000,26.808022500000003,summer weekend,27.0
2023-04-02 08:00:00.000,25.6259955,summer weekend,27.0
2023-04-02 09:00:00.000,23.82296700000001,summer weekend,27.0
2023-04-02 10:00:00.000,23.645538000000005,summer weekend,27.0
2023-04-02 11:00:00.000,22.69591800000001,summer weekend,19.7
2023-04-02 12:00:00.000,20.6254965,summer weekend,19.7
2023-04-02 13:00:00.000,19.1435895,summer weekend,19.7
2023-04-02 14:00:00.000,19.2160605,summer weekend,19.7
2023-04-02 15:00:00.000,21.3477075,summer weekend,19.7
2023-04-02 16:00:00.000,22.583463000000005,summer weekend,19.7
2023-04-02 17:00:00.000,29.914279500000003,summer weekend,31.66
2023-04-02 18:00:00.000,33.61155,summer weekend,31.66
2023-04-02 19:00:00.000,33.798975000000006,summer weekend,31.66
2023-04-02 20:00:00.000,32.437020000000004,summer weekend,31.66
2023-04-02 21:00:00.000,31.447416000000004,summer weekend,31.66
2023-04-02 22:00:00.000,31.00259400000001,summer weekend,31.66
2023-04-02 23:00:00.000,30.928873500000005,summer weekend,31.66
2023-04-03 00:00:00.000,30.822666000000005,summer weekday,30.1
2023-04-03 01:00:00.000,30.867648000000003,summer weekday,30.1
2023-04-03 02:00:00.000,30.350355000000004,summer weekday,30.1
2023-04-03 03:00:00.000,29.916778500000007,summer weekday,30.1
2023-04-03 04:00:00.000,31.1212965,summer weekday,30.1
2023-04-03 05:00:00.000,34.76358900000001,summer weekday,34.9
2023-04-03 06:00:00.000,38.302173,summer weekday,34.9
2023-04-03 07:00:00.000,37.8336105,summer weekday,34.9
2023-04-03 08:00:00.000,33.409131,summer weekday,34.9
2023-04-03 09:00:00.000,30.337860000000003,summer weekday,30.1
2023-04-03 10:00:00.000,28.45861200000001,summer weekday,30.1
2023-04-03 11:00:00.000,27.486501000000008,summer weekday,25.44
2023-04-03 12:00:00.000,26.72680500000001,summer weekday,25.44
2023-04-03 13:00:00.000,26.321967000000008,summer weekday,25.44
2023-04-03 14:00:00.000,27.227854500000003,summer weekday,25.44
2023-04-03 15:00:00.000,27.613950000000003,summer weekday,25.44
2023-04-03 16:00:00.000,29.90678250000001,summer weekday,30.1
2023-04-03 17:00:00.000,34.082611500000006,summer weekday,34.9
2023-04-03 18:00:00.000,37.123894500000006,summer weekday,34.9
2023-04-03 19:00:00.000,36.8914875,summer weekday,34.9
2023-04-03 20:00:00.000,35.22840300000001,summer weekday,34.9
2023-04-03 21:00:00.000,33.863949000000005,summer weekday,34.9
2023-04-03 22:00:00.000,31.502394,summer weekday,30.1
2023-04-03 23:00:00.000,31.2187575,summer weekday,30.1
2023-04-04 00:00:00.000,31.11255000000001,summer weekday,30.1
2023-04-04 01:00:00.000,31.57236600000001,summer weekday,30.1
2023-04-04 02:00:00.000,31.789779000000006,summer weekday,30.1
2023-04-04 03:00:00.000,31.942218,summer weekday,30.1
2023-04-04 04:00:00.000,32.600704500000006,summer weekday,34.9
2023-04-04 05:00:00.000,35.5295325,summer weekday,34.9
2023-04-04 06:00:00.000,39.906531,summer weekday,34.9
2023-04-04 07:00:00.000,39.6753735,summer weekday,34.9
2023-04-04 08:00:00.000,35.8144185,summer weekday,34.9
2023-04-04 09:00:00.000,32.165878500000005,summer weekday,30.1
2023-04-04 10:00:00.000,31.364949000000006,summer weekday,30.1
2023-04-04 11:00:00.000,30.97010700000001,summer weekday,30.1
2023-04-04 12:00:00.000,30.877644000000004,summer weekday,30.1
2023-04-04 13:00:00.000,30.7764345,summer weekday,30.1
2023-04-04 14:00:00.000,30.9513645,summer weekday,30.1
2023-04-04 15:00:00.000,31.453663500000005,summer weekday,30.1
2023-04-04 16:00:00.000,32.61195000000001,summer weekday,34.9
2023-04-04 17:00:00.000,35.748195,summer weekday,34.9
2023-04-04 18:00:00.000,39.85905,summer weekday,34.9
2023-04-04 19:00:00.000,39.524184,summer weekday,34.9
2023-04-04 20:00:00.000,36.805272,summer weekday,34.9
2023-04-04 21:00:00.000,35.0097405,summer weekday,34.9
2023-04-04 22:00:00.000,33.60280350000001,summer weekday,34.9
2023-04-04 23:00:00.000,33.300424500000005,summer weekday,34.9
2023-04-05 00:00:00.000,32.14463700000001,summer weekday,30.1
2023-04-05 01:00:00.000,32.313319500000006,summer weekday,30.1
2023-04-05 02:00:00.000,32.1433875,summer weekday,30.1
2023-04-05 03:00:00.000,32.9855505,summer weekday,34.9
2023-04-05 04:00:00.000,34.16882700000001,summer weekday,34.9
2023-04-05 05:00:00.000,38.087259,summer weekday,34.9
2023-04-05 06:00:00.000,43.34765399999999,summer weekday,34.9
2023-04-05 07:00:00.000,39.826563,summer weekday,34.9
2023-04-05 08:00:00.000,35.130942000000005,summer weekday,34.9
2023-04-05 09:00:00.000,32.31207,summer weekday,30.1
2023-04-05 10:00:00.000,31.737300000000005,summer weekday,30.1
2023-04-05 11:00:00.000,31.561120500000005,summer weekday,30.1
2023-04-05 12:00:00.000,31.592358000000004,summer weekday,30.1
2023-04-05 13:00:00.000,31.588609500000008,summer weekday,30.1
2023-04-05 14:00:00.000,31.561120500000005,summer weekday,30.1
2023-04-05 15:00:00.000,31.899735000000003,summer weekday,30.1
2023-04-05 16:00:00.000,34.31251950000001,summer weekday,34.9
2023-04-05 17:00:00.000,36.92522400000001,summer weekday,34.9
2023-04-05 18:00:00.000,42.30307199999999,summer weekday,34.9
2023-04-05 19:00:00.000,41.318466,summer weekday,34.9
2023-04-05 20:00:00.000,37.982301,summer weekday,34.9
2023-04-05 21:00:00.000,36.2842305,summer weekday,34.9
2023-04-05 22:00:00.000,34.75234350000001,summer weekday,34.9
2023-04-05 23:00:00.000,34.303773,summer weekday,34.9
2023-04-06 00:00:00.000,32.876844000000006,summer weekday,34.9
2023-04-06 01:00:00.000,32.36205,summer weekday,30.1
2023-04-06 02:00:00.000,31.778533500000005,summer weekday,30.1
2023-04-06 03:00:00.000,31.718557500000003,summer weekday,30.1
2023-04-06 04:00:00.000,32.9755545,summer weekday,34.9
2023-04-06 05:00:00.000,35.1746745,summer weekday,34.9
2023-04-06 06:00:00.000,37.5637185,summer weekday,34.9
2023-04-06 07:00:00.000,36.85525200000001,summer weekday,34.9
2023-04-06 08:00:00.000,33.5428275,summer weekday,34.9
2023-04-06 09:00:00.000,31.6910685,summer weekday,30.1
2023-04-06 10:00:00.000,30.500295000000005,summer weekday,30.1
2023-04-06 11:00:00.000,30.365349,summer weekday,30.1
2023-04-06 12:00:00.000,30.250395000000005,summer weekday,30.1
2023-04-06 13:00:00.000,30.6139995,summer weekday,30.1
2023-04-06 14:00:00.000,30.878893500000004,summer weekday,30.1
2023-04-06 15:00:00.000,31.096306500000004,summer weekday,30.1
2023-04-06 16:00:00.000,32.506992000000004,summer weekday,34.9
2023-04-06 17:00:00.000,34.861050000000006,summer weekday,34.9
2023-04-06 18:00:00.000,36.11055,summer weekday,34.9
2023-04-06 19:00:00.000,35.37084600000001,summer weekday,34.9
2023-04-06 20:00:00.000,33.5403285,summer weekday,34.9
2023-04-06 21:00:00.000,31.784781,summer weekday,30.1
2023-04-06 22:00:00.000,30.815169,summer weekday,30.1
2023-04-06 23:00:00.000,29.9017845,summer weekday,30.1
2023-04-07 00:00:00.000,29.704363500000007,summer weekend,31.66
2023-04-07 01:00:00.000,29.87179650000001,summer weekend,31.66
2023-04-07 02:00:00.000,30.0867105,summer weekend,31.66
2023-04-07 03:00:00.000,30.256642500000005,summer weekend,31.66
2023-04-07 04:00:00.000,30.731452500000003,summer weekend,31.66
2023-04-07 05:00:00.000,30.230403000000003,summer weekend,31.66
2023-04-07 06:00:00.000,30.695217000000003,summer weekend,31.66
2023-04-07 07:00:00.000,31.205013000000008,summer weekend,31.66
2023-04-07 08:00:00.000,30.356602500000005,summer weekend,31.66
2023-04-07 09:00:00.000,30.08296200000001,summer weekend,31.66
2023-04-07 10:00:00.000,29.975505000000005,summer weekend,31.66
2023-04-07 11:00:00.000,28.858452,summer weekend,27.0
2023-04-07 12:00:00.000,28.2099615,summer weekend,27.0
2023-04-07 13:00:00.000,27.98880000000001,summer weekend,27.0
2023-04-07 14:00:00.000,28.878444000000005,summer weekend,27.0
2023-04-07 15:00:00.000,29.964259500000004,summer weekend,31.66
2023-04-07 16:00:00.000,30.830163,summer weekend,31.66
2023-04-07 17:00:00.000,33.33416100000001,summer weekend,31.66
2023-04-07 18:00:00.000,34.6798725,summer weekend,31.66
2023-04-07 19:00:00.000,34.2450465,summer weekend,31.66
2023-04-07 20:00:00.000,34.23630000000001,summer weekend,31.66
2023-04-07 21:00:00.000,34.436220000000006,summer weekend,31.66
2023-04-07 22:00:00.000,33.833961,summer weekend,31.66
2023-04-07 23:00:00.000,32.8431075,summer weekend,31.66
2023-04-08 00:00:00.000,31.579863000000003,summer weekend,31.66
2023-04-08 01:00:00.000,31.64483700000001,summer weekend,31.66
2023-04-08 02:00:00.000,31.206262500000005,summer weekend,31.66
2023-04-08 03:00:00.000,31.210011000000005,summer weekend,31.66
2023-04-08 04:00:00.000,31.382442000000005,summer weekend,31.66
2023-04-08 05:00:00.000,31.704813000000005,summer weekend,31.66
2023-04-08 06:00:00.000,33.5303325,summer weekend,31.66
2023-04-08 07:00:00.000,34.01139,summer weekend,31.66
2023-04-08 08:00:00.000,33.5303325,summer weekend,31.66
2023-04-08 09:00:00.000,31.704813000000005,summer weekend,31.66
2023-04-08 10:00:00.000,30.731452500000003,summer weekend,31.66
2023-04-08 11:00:00.000,30.092958000000007,summer weekend,31.66
2023-04-08 12:00:00.000,29.738100000000006,summer weekend,31.66
2023-04-08 13:00:00.000,29.283282000000003,summer weekend,27.0
2023-04-08 14:00:00.000,29.16333000000001,summer weekend,27.0
2023-04-08 15:00:00.000,29.62814400000001,summer weekend,31.66
2023-04-08 16:00:00.000,30.7377,summer weekend,31.66
2023-04-08 17:00:00.000,32.599455000000006,summer weekend,31.66
2023-04-08 18:00:00.000,34.23754950000001,summer weekend,31.66
2023-04-08 19:00:00.000,34.8323115,summer weekend,31.66
2023-04-08 20:00:00.000,34.5249345,summer weekend,31.66
2023-04-08 21:00:00.000,34.223805000000006,summer weekend,31.66
2023-04-08 22:00:00.000,33.234201000000006,summer weekend,31.66
2023-04-08 23:00:00.000,33.360400500000004,summer weekend,31.66
2023-04-09 00:00:00.000,32.094657000000005,summer weekend,31.66
2023-04-09 01:00:00.000,32.3408085,summer weekend,31.66
2023-04-09 02:00:00.000,32.1109005,summer weekend,31.66
2023-04-09 03:00:00.000,32.142138,summer weekend,31.66
2023-04-09 04:00:00.000,32.094657000000005,summer weekend,31.66
2023-04-09 05:00:00.000,32.36205,summer weekend,31.66
2023-04-09 06:00:00.000,32.224605000000004,summer weekend,31.66
2023-04-09 07:00:00.000,32.734401000000005,summer weekend,31.66
2023-04-09 08:00:00.000,31.388689500000005,summer weekend,31.66
2023-04-09 09:00:00.000,29.86305,summer weekend,31.66
2023-04-09 10:00:00.000,28.238700000000005,summer weekend,27.0
2023-04-09 11:00:00.000,27.60895200000001,summer weekend,27.0
2023-04-09 12:00:00.000,24.8662995,summer weekend,27.0
2023-04-09 13:00:00.000,24.240300000000005,summer weekend,27.0
2023-04-09 14:00:00.000,24.365250000000003,summer weekend,27.0
2023-04-09 15:00:00.000,26.614350000000005,summer weekend,27.0
2023-04-09 16:00:00.000,28.157482500000004,summer weekend,27.0
2023-04-09 17:00:00.000,31.762290000000007,summer weekend,31.66
2023-04-09 18:00:00.000,33.6078015,summer weekend,31.66
2023-04-09 19:00:00.000,34.043877,summer weekend,31.66
2023-04-09 20:00:00.000,33.1604805,summer weekend,31.66
2023-04-09 21:00:00.000,31.737300000000005,summer weekend,31.66
2023-04-09 22:00:00.000,30.730203000000007,summer weekend,31.66
2023-04-09 23:00:00.000,29.6393895,summer weekend,31.66
2023-04-10 00:00:00.000,27.595207500000004,summer weekend,27.0
2023-04-10 01:00:00.000,27.131643000000004,summer weekend,27.0
2023-04-10 02:00:00.000,26.351955000000004,summer weekend,27.0
2023-04-10 03:00:00.000,26.114550000000005,summer weekend,27.0
2023-04-10 04:00:00.000,26.484402000000003,summer weekend,27.0
2023-04-10 05:00:00.000,27.36405,summer weekend,27.0
2023-04-10 06:00:00.000,27.065419500000004,summer weekend,27.0
2023-04-10 07:00:00.000,26.04332850000001,summer weekend,27.0
2023-04-10 08:00:00.000,24.225306000000007,summer weekend,27.0
2023-04-10 09:00:00.000,20.1256965,summer weekend,19.7
2023-04-10 10:00:00.000,17.39304,summer weekend,19.7
2023-04-10 11:00:00.000,17.2538695,summer weekend,19.7
2023-04-10 12:00:00.000,16.370949,summer weekend,19.7
2023-04-10 13:00:00.000,16.4896515,summer weekend,19.7
2023-04-10 14:00:00.000,16.907936499999998,summer weekend,19.7
2023-04-10 15:00:00.000,17.360136499999996,summer weekend,19.7
2023-04-10 16:00:00.000,19.8033255,summer weekend,19.7
2023-04-10 17:00:00.000,22.938321,summer weekend,19.7
2023-04-10 18:00:00.000,25.55727300000001,summer weekend,27.0
2023-04-10 19:00:00.000,22.471008000000005,summer weekend,19.7
2023-04-10 20:00:00.000,20.0932095,summer weekend,19.7
2023-04-10 21:00:00.000,18.807474,summer weekend,19.7
2023-04-10 22:00:00.000,17.380544999999998,summer weekend,19.7
2023-04-10 23:00:00.000,17.5492275,summer weekend,19.7
2023-04-11 00:00:00.000,17.4917505,summer weekday,25.44
2023-04-11 01:00:00.000,17.458014,summer weekday,25.44
2023-04-11 02:00:00.000,17.5042455,summer weekday,25.44
2023-04-11 03:00:00.000,18.130245,summer weekday,25.44
2023-04-11 04:00:00.000,21.618849,summer weekday,25.44
2023-04-11 05:00:00.000,29.088360000000005,summer weekday,30.1
2023-04-11 06:00:00.000,30.5665185,summer weekday,30.1
2023-04-11 07:00:00.000,30.895137,summer weekday,30.1
2023-04-11 08:00:00.000,29.088360000000005,summer weekday,30.1
2023-04-11 09:00:00.000,24.14658750000001,summer weekday,25.44
2023-04-11 10:00:00.000,18.4963485,summer weekday,25.44
2023-04-11 11:00:00.000,17.3767965,summer weekday,25.44
2023-04-11 12:00:00.000,17.356745,summer weekday,25.44
2023-04-11 13:00:00.000,17.3578755,summer weekday,25.44
2023-04-11 14:00:00.000,17.366919499999998,summer weekday,25.44
2023-04-11 15:00:00.000,18.1939695,summer weekday,25.44
2023-04-11 16:00:00.000,27.63894,summer weekday,25.44
2023-04-11 17:00:00.000,33.711510000000004,summer weekday,34.9
2023-04-11 18:00:00.000,37.667427,summer weekday,34.9
2023-04-11 19:00:00.000,38.032281000000005,summer weekday,34.9
2023-04-11 20:00:00.000,35.0347305,summer weekday,34.9
2023-04-11 21:00:00.000,33.711510000000004,summer weekday,34.9
2023-04-11 22:00:00.000,31.237500000000004,summer weekday,30.1
2023-04-11 23:00:00.000,29.563170000000003,summer weekday,30.1
2023-04-12 00:00:00.000,28.14248850000001,summer weekday,30.1
2023-04-12 01:00:00.000,27.4427685,summer weekday,25.44
2023-04-12 02:00:00.000,27.2028645,summer weekday,25.44
2023-04-12 03:00:00.000,27.38904,summer weekday,25.44
2023-04-12 04:00:00.000,28.08876,summer weekday,30.1
2023-04-12 05:00:00.000,30.890139000000005,summer weekday,30.1
2023-04-12 06:00:00.000,32.9705565,summer weekday,34.9
2023-04-12 07:00:00.000,34.4124795,summer weekday,34.9
2023-04-12 08:00:00.000,33.860200500000005,summer weekday,34.9
2023-04-12 09:00:00.000,32.36205,summer weekday,30.1
2023-04-12 10:00:00.000,31.307472000000004,summer weekday,30.1
2023-04-12 11:00:00.000,29.953014000000003,summer weekday,30.1
2023-04-12 12:00:00.000,29.533182000000004,summer weekday,30.1
2023-04-12 13:00:00.000,29.565669000000007,summer weekday,30.1
2023-04-12 14:00:00.000,29.496946500000004,summer weekday,30.1
2023-04-12 15:00:00.000,29.90553300000001,summer weekday,30.1
2023-04-12 16:00:00.000,31.102554000000005,summer weekday,30.1
2023-04-12 17:00:00.000,34.193817,summer weekday,34.9
2023-04-12 18:00:00.000,35.485800000000005,summer weekday,34.9
2023-04-12 19:00:00.000,33.574065000000004,summer weekday,34.9
2023-04-12 20:00:00.000,32.706912,summer weekday,34.9
2023-04-12 21:00:00.000,31.025085000000004,summer weekday,30.1
2023-04-12 22:00:00.000,29.606902500000004,summer weekday,30.1
2023-04-12 23:00:00.000,29.5169385,summer weekday,30.1
2023-04-13 00:00:00.000,28.0000455,summer weekday,30.1
2023-04-13 01:00:00.000,27.2803335,summer weekday,25.44
2023-04-13 02:00:00.000,26.471907,summer weekday,25.44
2023-04-13 03:00:00.000,26.273236500000003,summer weekday,25.44
2023-04-13 04:00:00.000,27.676425,summer weekday,25.44
2023-04-13 05:00:00.000,30.12044700000001,summer weekday,30.1
2023-04-13 06:00:00.000,31.742298000000005,summer weekday,30.1
2023-04-13 07:00:00.000,32.232102000000005,summer weekday,30.1
2023-04-13 08:00:00.000,30.214159500000004,summer weekday,30.1
2023-04-13 09:00:00.000,28.111251000000003,summer weekday,30.1
2023-04-13 10:00:00.000,28.516089000000008,summer weekday,30.1
2023-04-13 11:00:00.000,28.628544000000005,summer weekday,30.1
2023-04-13 12:00:00.000,29.0846115,summer weekday,30.1
2023-04-13 13:00:00.000,28.923426000000006,summer weekday,30.1
2023-04-13 14:00:00.000,30.490299000000004,summer weekday,30.1
2023-04-13 15:00:00.000,29.017138500000005,summer weekday,30.1
2023-04-13 16:00:00.000,31.130043000000004,summer weekday,30.1
2023-04-13 17:00:00.000,33.594057,summer weekday,34.9
2023-04-13 18:00:00.000,38.789478,summer weekday,34.9
2023-04-13 19:00:00.000,39.9752535,summer weekday,34.9
2023-04-13 20:00:00.000,37.4337705,summer weekday,34.9
2023-04-13 21:00:00.000,34.771086000000004,summer weekday,34.9
2023-04-13 22:00:00.000,33.951414,summer weekday,34.9
2023-04-13 23:00:00.000,32.1233955,summer weekday,30.1
2023-04-14 00:00:00.000,31.46241,summer weekday,30.1
2023-04-14 01:00:00.000,31.929723000000003,summer weekday,30.1
2023-04-14 02:00:00.000,31.46241,summer weekday,30.1
2023-04-14 03:00:00.000,31.504893000000003,summer weekday,30.1
2023-04-14 04:00:00.000,33.286680000000004,summer weekday,34.9
2023-04-14 05:00:00.000,35.45331300000001,summer weekday,34.9
2023-04-14 06:00:00.000,38.829462,summer weekday,34.9
2023-04-14 07:00:00.000,39.3729945,summer weekday,34.9
2023-04-14 08:00:00.000,36.220506,summer weekday,34.9
2023-04-14 09:00:00.000,33.594057,summer weekday,34.9
2023-04-14 10:00:00.000,32.194617,summer weekday,30.1
2023-04-14 11:00:00.000,30.805173000000007,summer weekday,30.1
2023-04-14 12:00:00.000,30.587760000000003,summer weekday,30.1
2023-04-14 13:00:00.000,30.640239000000005,summer weekday,30.1
2023-04-14 14:00:00.000,31.025085000000004,summer weekday,30.1
2023-04-14 15:00:00.000,30.517788000000007,summer weekday,30.1
2023-04-14 16:00:00.000,31.929723000000003,summer weekday,30.1
2023-04-14 17:00:00.000,34.631142000000004,summer weekday,34.9
2023-04-14 18:00:00.000,36.3217155,summer weekday,34.9
2023-04-14 19:00:00.000,36.3866895,summer weekday,34.9
2023-04-14 20:00:00.000,36.23550000000001,summer weekday,34.9
2023-04-14 21:00:00.000,34.152583500000006,summer weekday,34.9
2023-04-14 22:00:00.000,32.39828550000001,summer weekday,30.1
2023-04-14 23:00:00.000,32.849355,summer weekday,34.9
2023-04-15 00:00:00.000,31.362450000000003,summer weekend,31.66
2023-04-15 01:00:00.000,31.659831000000004,summer weekend,31.66
2023-04-15 02:00:00.000,30.86265000000001,summer weekend,31.66
2023-04-15 03:00:00.000,30.505293000000005,summer weekend,31.66
2023-04-15 04:00:00.000,30.306622500000007,summer weekend,31.66
2023-04-15 05:00:00.000,30.557772000000007,summer weekend,31.66
2023-04-15 06:00:00.000,30.4690575,summer weekend,31.66
2023-04-15 07:00:00.000,30.638989500000005,summer weekend,31.66
2023-04-15 08:00:00.000,30.091708500000003,summer weekend,31.66
2023-04-15 09:00:00.000,29.608152000000004,summer weekend,31.66
2023-04-15 10:00:00.000,29.107102500000003,summer weekend,27.0
2023-04-15 11:00:00.000,28.432372500000003,summer weekend,27.0
2023-04-15 12:00:00.000,27.817618500000005,summer weekend,27.0
2023-04-15 13:00:00.000,27.635191500000005,summer weekend,27.0
2023-04-15 14:00:00.000,27.976305000000007,summer weekend,27.0
2023-04-15 15:00:00.000,28.984651500000005,summer weekend,27.0
2023-04-15 16:00:00.000,29.714359500000004,summer weekend,31.66
2023-04-15 17:00:00.000,31.444917000000007,summer weekend,31.66
2023-04-15 18:00:00.000,33.96016050000001,summer weekend,31.66
2023-04-15 19:00:00.000,34.1750745,summer weekend,31.66
2023-04-15 20:00:00.000,33.33666000000001,summer weekend,31.66
2023-04-15 21:00:00.000,33.32541450000001,summer weekend,31.66
2023-04-15 22:00:00.000,32.274585,summer weekend,31.66
2023-04-15 23:00:00.000,31.3062225,summer weekend,31.66
2023-04-16 00:00:00.000,30.2991255,summer weekend,31.66
2023-04-16 01:00:00.000,30.197916000000006,summer weekend,31.66
2023-04-16 02:00:00.000,29.999245500000004,summer weekend,31.66
2023-04-16 03:00:00.000,30.1916685,summer weekend,31.66
2023-04-16 04:00:00.000,30.300375000000003,summer weekend,31.66
2023-04-16 05:00:00.000,30.300375000000003,summer weekend,31.66
2023-04-16 06:00:00.000,30.284131500000004,summer weekend,31.66
2023-04-16 07:00:00.000,31.166278500000008,summer weekend,31.66
2023-04-16 08:00:00.000,31.697316000000004,summer weekend,31.66
2023-04-16 09:00:00.000,31.24249800000001,summer weekend,31.66
2023-04-16 10:00:00.000,30.841408500000004,summer weekend,31.66
2023-04-16 11:00:00.000,30.3690975,summer weekend,31.66
2023-04-16 12:00:00.000,29.633142000000003,summer weekend,31.66
2023-04-16 13:00:00.000,29.20206450000001,summer weekend,27.0
2023-04-16 14:00:00.000,29.145837000000004,summer weekend,27.0
2023-04-16 15:00:00.000,29.368248000000005,summer weekend,31.66
2023-04-16 16:00:00.000,29.984251500000003,summer weekend,31.66
2023-04-16 17:00:00.000,31.763539500000004,summer weekend,31.66
2023-04-16 18:00:00.000,33.97140600000001,summer weekend,31.66
2023-04-16 19:00:00.000,34.861050000000006,summer weekend,31.66
2023-04-16 20:00:00.000,34.23630000000001,summer weekend,31.66
2023-04-16 21:00:00.000,33.6078015,summer weekend,31.66
2023-04-16 22:00:00.000,33.03053250000001,summer weekend,31.66
2023-04-16 23:00:00.000,31.706062500000005,summer weekend,31.66
2023-04-17 00:00:00.000,31.25499300000001,summer weekday,30.1
2023-04-17 01:00:00.000,30.982602000000004,summer weekday,30.1
2023-04-17 02:00:00.000,31.167528000000004,summer weekday,30.1
2023-04-17 03:00:00.000,31.11255000000001,summer weekday,30.1
2023-04-17 04:00:00.000,31.7410485,summer weekday,30.1
2023-04-17 05:00:00.000,34.963509,summer weekday,34.9
2023-04-17 06:00:00.000,39.694116,summer weekday,34.9
2023-04-17 07:00:00.000,42.42177449999999,summer weekday,34.9
2023-04-17 08:00:00.000,37.752393,summer weekday,34.9
2023-04-17 09:00:00.000,34.31251950000001,summer weekday,34.9
2023-04-17 10:00:00.000,32.134641,summer weekday,30.1
2023-04-17 11:00:00.000,30.531532500000004,summer weekday,30.1
2023-04-17 12:00:00.000,30.144187500000005,summer weekday,30.1
2023-04-17 13:00:00.000,29.508192000000005,summer weekday,30.1
2023-04-17 14:00:00.000,29.480703,summer weekday,30.1
2023-04-17 15:00:00.000,29.458212000000007,summer weekday,30.1
2023-04-17 16:00:00.000,29.986750500000007,summer weekday,30.1
2023-04-17 17:00:00.000,32.653183500000004,summer weekday,34.9
2023-04-17 18:00:00.000,35.3121195,summer weekday,34.9
2023-04-17 19:00:00.000,35.208411000000005,summer weekday,34.9
2023-04-17 20:00:00.000,34.142587500000005,summer weekday,34.9
2023-04-17 21:00:00.000,32.714409,summer weekday,34.9
2023-04-17 22:00:00.000,31.00759200000001,summer weekday,30.1
2023-04-17 23:00:00.000,30.526534500000004,summer weekday,30.1
2023-04-18 00:00:00.000,30.12169650000001,summer weekday,30.1
2023-04-18 01:00:00.000,30.000495,summer weekday,30.1
2023-04-18 02:00:00.000,30.024235500000007,summer weekday,30.1
2023-04-18 03:00:00.000,29.931772500000005,summer weekday,30.1
2023-04-18 04:00:00.000,30.021736500000003,summer weekday,30.1
2023-04-18 05:00:00.000,33.2367,summer weekday,34.9
2023-04-18 06:00:00.000,34.89478650000001,summer weekday,34.9
2023-04-18 07:00:00.000,36.720306,summer weekday,34.9
2023-04-18 08:00:00.000,34.1101005,summer weekday,34.9
2023-04-18 09:00:00.000,30.638989500000005,summer weekday,30.1
2023-04-18 10:00:00.000,30.310371000000004,summer weekday,30.1
2023-04-18 11:00:00.000,29.230803000000005,summer weekday,30.1
2023-04-18 12:00:00.000,27.983802,summer weekday,30.1
2023-04-18 13:00:00.000,27.951315000000005,summer weekday,30.1
2023-04-18 14:00:00.000,27.067918500000005,summer weekday,25.44
2023-04-18 15:00:00.000,27.287830500000005,summer weekday,25.44
2023-04-18 16:00:00.000,29.1620805,summer weekday,30.1
2023-04-18 17:00:00.000,30.888889500000005,summer weekday,30.1
2023-04-18 18:00:00.000,33.66902700000001,summer weekday,34.9
2023-04-18 19:00:00.000,34.23754950000001,summer weekday,34.9
2023-04-18 20:00:00.000,32.546976,summer weekday,34.9
2023-04-18 21:00:00.000,30.957612000000005,summer weekday,30.1
2023-04-18 22:00:00.000,29.858052000000004,summer weekday,30.1
2023-04-18 23:00:00.000,30.150435000000005,summer weekday,30.1
2023-04-19 00:00:00.000,29.555673,summer weekday,30.1
2023-04-19 01:00:00.000,29.853054000000007,summer weekday,30.1
2023-04-19 02:00:00.000,29.7318525,summer weekday,30.1
2023-04-19 03:00:00.000,30.029233500000004,summer weekday,30.1
2023-04-19 04:00:00.000,30.596506500000007,summer weekday,30.1
2023-04-19 05:00:00.000,33.61155,summer weekday,34.9
2023-04-19 06:00:00.000,34.731102,summer weekday,34.9
2023-04-19 07:00:00.000,34.771086000000004,summer weekday,34.9
2023-04-19 08:00:00.000,32.2158585,summer weekday,30.1
2023-04-19 09:00:00.000,28.662280500000005,summer weekday,30.1
2023-04-19 10:00:00.000,25.44981600000001,summer weekday,25.44
2023-04-19 11:00:00.000,21.06657,summer weekday,25.44
2023-04-19 12:00:00.000,18.0290355,summer weekday,25.44
2023-04-19 13:00:00.000,17.379295499999998,summer weekday,25.44
2023-04-19 14:00:00.000,17.7066645,summer weekday,25.44
2023-04-19 15:00:00.000,20.209413,summer weekday,25.44
2023-04-19 16:00:00.000,26.403184500000005,summer weekday,25.44
2023-04-19 17:00:00.000,29.212060500000003,summer weekday,30.1
2023-04-19 18:00:00.000,32.3233155,summer weekday,30.1
2023-04-19 19:00:00.000,33.7027635,summer weekday,34.9
2023-04-19 20:00:00.000,32.714409,summer weekday,34.9
2023-04-19 21:00:00.000,31.100055000000005,summer weekday,30.1
2023-04-19 22:00:00.000,30.070467000000004,summer weekday,30.1
2023-04-19 23:00:00.000,29.886790500000004,summer weekday,30.1
2023-04-20 00:00:00.000,29.157082500000005,summer weekday,30.1
2023-04-20 01:00:00.000,29.458212000000007,summer weekday,30.1
2023-04-20 02:00:00.000,29.23580100000001,summer weekday,30.1
2023-04-20 03:00:00.000,29.51069100000001,summer weekday,30.1
2023-04-20 04:00:00.000,30.210411000000008,summer weekday,30.1
2023-04-20 05:00:00.000,33.357901500000004,summer weekday,34.9
2023-04-20 06:00:00.000,35.420826000000005,summer weekday,34.9
2023-04-20 07:00:00.000,35.448315,summer weekday,34.9
2023-04-20 08:00:00.000,33.6202965,summer weekday,34.9
2023-04-20 09:00:00.000,30.85890150000001,summer weekday,30.1
2023-04-20 10:00:00.000,29.480703,summer weekday,30.1
2023-04-20 11:00:00.000,29.142088500000007,summer weekday,30.1
2023-04-20 12:00:00.000,28.5648195,summer weekday,30.1
2023-04-20 13:00:00.000,28.4523645,summer weekday,30.1
2023-04-20 14:00:00.000,28.198716000000008,summer weekday,30.1
2023-04-20 15:00:00.000,28.8746955,summer weekday,30.1
2023-04-20 16:00:00.000,30.33286200000001,summer weekday,30.1
2023-04-20 17:00:00.000,33.4853505,summer weekday,34.9
2023-04-20 18:00:00.000,35.123445000000004,summer weekday,34.9
2023-04-20 19:00:00.000,35.66697750000001,summer weekday,34.9
2023-04-20 20:00:00.000,34.1825715,summer weekday,34.9
2023-04-20 21:00:00.000,33.509091000000005,summer weekday,34.9
2023-04-20 22:00:00.000,30.638989500000005,summer weekday,30.1
2023-04-20 23:00:00.000,29.665629000000006,summer weekday,30.1
2023-04-21 00:00:00.000,28.848456,summer weekday,30.1
2023-04-21 01:00:00.000,28.73974950000001,summer weekday,30.1
2023-04-21 02:00:00.000,28.985901000000005,summer weekday,30.1
2023-04-21 03:00:00.000,28.938420000000004,summer weekday,30.1
2023-04-21 04:00:00.000,29.2670385,summer weekday,30.1
2023-04-21 05:00:00.000,32.47700400000001,summer weekday,30.1
2023-04-21 06:00:00.000,34.23630000000001,summer weekday,34.9
2023-04-21 07:00:00.000,34.173825,summer weekday,34.9
2023-04-21 08:00:00.000,30.6439875,summer weekday,30.1
2023-04-21 09:00:00.000,28.613550000000004,summer weekday,30.1
2023-04-21 10:00:00.000,27.0429285,summer weekday,25.44
2023-04-21 11:00:00.000,20.9103825,summer weekday,25.44
2023-04-21 12:00:00.000,17.379295499999998,summer weekday,25.44
2023-04-21 13:00:00.000,17.374297499999997,summer weekday,25.44
2023-04-21 14:00:00.000,18.0290355,summer weekday,25.44
2023-04-21 15:00:00.000,24.686371500000003,summer weekday,25.44
2023-04-21 16:00:00.000,28.622296500000004,summer weekday,30.1
2023-04-21 17:00:00.000,32.736900000000006,summer weekday,34.9
2023-04-21 18:00:00.000,34.9322715,summer weekday,34.9
2023-04-21 19:00:00.000,35.345856000000005,summer weekday,34.9
2023-04-21 20:00:00.000,33.139239,summer weekday,34.9
2023-04-21 21:00:00.000,30.6164985,summer weekday,30.1
2023-04-21 22:00:00.000,29.745597000000004,summer weekday,30.1
2023-04-21 23:00:00.000,29.743098000000003,summer weekday,30.1
2023-04-22 00:00:00.000,29.262040500000005,summer weekend,27.0
2023-04-22 01:00:00.000,28.875945,summer weekend,27.0
2023-04-22 02:00:00.000,28.982152500000005,summer weekend,27.0
2023-04-22 03:00:00.000,28.7747355,summer weekend,27.0
2023-04-22 04:00:00.000,29.362000500000004,summer weekend,31.66
2023-04-22 05:00:00.000,29.840559,summer weekend,31.66
2023-04-22 06:00:00.000,30.185421,summer weekend,31.66
2023-04-22 07:00:00.000,29.750595000000004,summer weekend,31.66
2023-04-22 08:00:00.000,28.113750000000003,summer weekend,27.0
2023-04-22 09:00:00.000,26.915479500000004,summer weekend,27.0
2023-04-22 10:00:00.000,22.998297000000004,summer weekend,19.7
2023-04-22 11:00:00.000,20.64174,summer weekend,19.7
2023-04-22 12:00:00.000,18.620049,summer weekend,19.7
2023-04-22 13:00:00.000,18.070269,summer weekend,19.7
2023-04-22 14:00:00.000,21.1103025,summer weekend,19.7
2023-04-22 15:00:00.000,26.949216000000003,summer weekend,27.0
2023-04-22 16:00:00.000,29.2383,summer weekend,27.0
2023-04-22 17:00:00.000,31.483651500000008,summer weekend,31.66
2023-04-22 18:00:00.000,33.841458,summer weekend,31.66
2023-04-22 19:00:00.000,33.63903900000001,summer weekend,31.66
2023-04-22 20:00:00.000,33.2367,summer weekend,31.66
2023-04-22 21:00:00.000,30.487800000000004,summer weekend,31.66
2023-04-22 22:00:00.000,30.010491000000005,summer weekend,31.66
2023-04-22 23:00:00.000,30.500295000000005,summer weekend,31.66
2023-04-23 00:00:00.000,29.526934500000007,summer weekend,31.66
2023-04-23 01:00:00.000,29.23455150000001,summer weekend,27.0
2023-04-23 02:00:00.000,28.537330500000003,summer weekend,27.0
2023-04-23 03:00:00.000,28.192468500000004,summer weekend,27.0
2023-04-23 04:00:00.000,28.45611300000001,summer weekend,27.0
2023-04-23 05:00:00.000,28.59855600000001,summer weekend,27.0
2023-04-23 06:00:00.000,29.085861000000005,summer weekend,27.0
2023-04-23 07:00:00.000,29.0421285,summer weekend,27.0
2023-04-23 08:00:00.000,28.664779500000005,summer weekend,27.0
2023-04-23 09:00:00.000,27.2803335,summer weekend,27.0
2023-04-23 10:00:00.000,23.385642000000004,summer weekend,27.0
2023-04-23 11:00:00.000,21.803775,summer weekend,19.7
2023-04-23 12:00:00.000,18.620049,summer weekend,19.7
2023-04-23 13:00:00.000,17.977805999999998,summer weekend,19.7
2023-04-23 14:00:00.000,21.7050645,summer weekend,19.7
2023-04-23 15:00:00.000,25.38359250000001,summer weekend,27.0
2023-04-23 16:00:00.000,29.894287500000008,summer weekend,31.66
2023-04-23 17:00:00.000,33.079263000000005,summer weekend,31.66
2023-04-23 18:00:00.000,34.628643000000004,summer weekend,31.66
2023-04-23 19:00:00.000,34.502443500000005,summer weekend,31.66
2023-04-23 20:00:00.000,32.989299,summer weekend,31.66
2023-04-23 21:00:00.000,31.9809525,summer weekend,31.66
2023-04-23 22:00:00.000,31.062570000000004,summer weekend,31.66
2023-04-23 23:00:00.000,28.326165000000003,summer weekend,27.0
2023-04-24 00:00:00.000,27.811371000000005,summer weekday,30.1
2023-04-24 01:00:00.000,27.625195500000004,summer weekday,25.44
2023-04-24 02:00:00.000,26.914230000000003,summer weekday,25.44
2023-04-24 03:00:00.000,26.749296000000005,summer weekday,25.44
2023-04-24 04:00:00.000,28.182472500000003,summer weekday,30.1
2023-04-24 05:00:00.000,31.687320000000003,summer weekday,30.1
2023-04-24 06:00:00.000,34.086360000000006,summer weekday,34.9
2023-04-24 07:00:00.000,34.23630000000001,summer weekday,34.9
2023-04-24 08:00:00.000,33.226704000000005,summer weekday,34.9
2023-04-24 09:00:00.000,31.2137595,summer weekday,30.1
2023-04-24 10:00:00.000,30.86389950000001,summer weekday,30.1
2023-04-24 11:00:00.000,29.6218965,summer weekday,30.1
2023-04-24 12:00:00.000,29.225805,summer weekday,30.1
2023-04-24 13:00:00.000,28.238700000000005,summer weekday,30.1
2023-04-24 14:00:00.000,27.977554500000004,summer weekday,30.1
2023-04-24 15:00:00.000,28.1000055,summer weekday,30.1
2023-04-24 16:00:00.000,29.564419500000007,summer weekday,30.1
2023-04-24 17:00:00.000,32.0384295,summer weekday,30.1
2023-04-24 18:00:00.000,34.1825715,summer weekday,34.9
2023-04-24 19:00:00.000,34.357501500000005,summer weekday,34.9
2023-04-24 20:00:00.000,33.8776935,summer weekday,34.9
2023-04-24 21:00:00.000,32.3907885,summer weekday,30.1
2023-04-24 22:00:00.000,30.019237500000003,summer weekday,30.1
2023-04-24 23:00:00.000,29.41447950000001,summer weekday,30.1
2023-04-25 00:00:00.000,29.2720365,summer weekday,30.1
2023-04-25 01:00:00.000,29.067118500000003,summer weekday,30.1
2023-04-25 02:00:00.000,28.865949000000004,summer weekday,30.1
2023-04-25 03:00:00.000,28.840959000000005,summer weekday,30.1
2023-04-25 04:00:00.000,29.539429500000004,summer weekday,30.1
2023-04-25 05:00:00.000,32.56197,summer weekday,34.9
2023-04-25 06:00:00.000,34.123845,summer weekday,34.9
2023-04-25 07:00:00.000,34.227553500000006,summer weekday,34.9
2023-04-25 08:00:00.000,31.082562000000003,summer weekday,30.1
2023-04-25 09:00:00.000,29.393238000000007,summer weekday,30.1
2023-04-25 10:00:00.000,27.9975465,summer weekday,30.1
2023-04-25 11:00:00.000,27.18412200000001,summer weekday,25.44
2023-04-25 12:00:00.000,26.503144500000005,summer weekday,25.44
2023-04-25 13:00:00.000,25.424826000000003,summer weekday,25.44
2023-04-25 14:00:00.000,25.45106550000001,summer weekday,25.44
2023-04-25 15:00:00.000,26.636841000000008,summer weekday,25.44
2023-04-25 16:00:00.000,27.830113500000007,summer weekday,30.1
2023-04-25 17:00:00.000,30.01673850000001,summer weekday,30.1
2023-04-25 18:00:00.000,33.876444000000006,summer weekday,34.9
2023-04-25 19:00:00.000,35.380842,summer weekday,34.9
2023-04-25 20:00:00.000,34.0526235,summer weekday,34.9
2023-04-25 21:00:00.000,32.936820000000004,summer weekday,34.9
2023-04-25 22:00:00.000,30.020487000000006,summer weekday,30.1
2023-04-25 23:00:00.000,29.29827600000001,summer weekday,30.1
2023-04-26 00:00:00.000,29.0196375,summer weekday,30.1
2023-04-26 01:00:00.000,29.138340000000003,summer weekday,30.1
2023-04-26 02:00:00.000,28.900935000000008,summer weekday,30.1
2023-04-26 03:00:00.000,29.029633500000003,summer weekday,30.1
2023-04-26 04:00:00.000,29.936770500000005,summer weekday,30.1
2023-04-26 05:00:00.000,33.006792000000004,summer weekday,34.9
2023-04-26 06:00:00.000,34.849804500000005,summer weekday,34.9
2023-04-26 07:00:00.000,33.6078015,summer weekday,34.9
2023-04-26 08:00:00.000,29.264539500000005,summer weekday,30.1
2023-04-26 09:00:00.000,28.392388500000003,summer weekday,30.1
2023-04-26 10:00:00.000,29.288280000000004,summer weekday,30.1
2023-04-26 11:00:00.000,29.147086500000004,summer weekday,30.1
2023-04-26 12:00:00.000,29.180823000000007,summer weekday,30.1
2023-04-26 13:00:00.000,29.1595815,summer weekday,30.1
2023-04-26 14:00:00.000,28.969657500000007,summer weekday,30.1
2023-04-26 15:00:00.000,29.63814,summer weekday,30.1
2023-04-26 16:00:00.000,31.3861905,summer weekday,30.1
2023-04-26 17:00:00.000,33.346656,summer weekday,34.9
2023-04-26 18:00:00.000,35.87439450000001,summer weekday,34.9
2023-04-26 19:00:00.000,36.7315515,summer weekday,34.9
2023-04-26 20:00:00.000,35.625744000000005,summer weekday,34.9
2023-04-26 21:00:00.000,33.61155,summer weekday,34.9
2023-04-26 22:00:00.000,32.458261500000006,summer weekday,30.1
2023-04-26 23:00:00.000,30.752694000000005,summer weekday,30.1
2023-04-27 00:00:00.000,29.935521000000005,summer weekday,30.1
2023-04-27 01:00:00.000,29.613150000000005,summer weekday,30.1
2023-04-27 02:00:00.000,29.420727000000007,summer weekday,30.1
2023-04-27 03:00:00.000,29.540679000000004,summer weekday,30.1
2023-04-27 04:00:00.000,30.761440500000003,summer weekday,30.1
2023-04-27 05:00:00.000,33.12424500000001,summer weekday,34.9
2023-04-27 06:00:00.000,35.209660500000005,summer weekday,34.9
2023-04-27 07:00:00.000,34.31251950000001,summer weekday,34.9
2023-04-27 08:00:00.000,30.928873500000005,summer weekday,30.1
2023-04-27 09:00:00.000,29.193318000000005,summer weekday,30.1
2023-04-27 10:00:00.000,29.137090500000003,summer weekday,30.1
2023-04-27 11:00:00.000,28.960911000000003,summer weekday,30.1
2023-04-27 12:00:00.000,28.734751500000005,summer weekday,30.1
2023-04-27 13:00:00.000,28.932172500000004,summer weekday,30.1
2023-04-27 14:00:00.000,29.193318000000005,summer weekday,30.1
2023-04-27 15:00:00.000,29.398236000000004,summer weekday,30.1
2023-04-27 16:00:00.000,30.15668250000001,summer weekday,30.1
2023-04-27 17:00:00.000,33.10925100000001,summer weekday,34.9
2023-04-27 18:00:00.000,36.59160750000001,summer weekday,34.9
2023-04-27 19:00:00.000,37.8061215,summer weekday,34.9
2023-04-27 20:00:00.000,35.048475,summer weekday,34.9
2023-04-27 21:00:00.000,33.039279,summer weekday,34.9
2023-04-27 22:00:00.000,30.055473000000006,summer weekday,30.1
2023-04-27 23:00:00.000,30.116698500000005,summer weekday,30.1
2023-04-28 00:00:00.000,28.984651500000005,summer weekday,30.1
2023-04-28 01:00:00.000,28.6572825,summer weekday,30.1
2023-04-28 02:00:00.000,28.948416,summer weekday,30.1
2023-04-28 03:00:00.000,28.977154500000005,summer weekday,30.1
2023-04-28 04:00:00.000,29.3445075,summer weekday,30.1
2023-04-28 05:00:00.000,31.5836115,summer weekday,30.1
2023-04-28 06:00:00.000,32.839359,summer weekday,34.9
2023-04-28 07:00:00.000,33.212959500000004,summer weekday,34.9
2023-04-28 08:00:00.000,32.448265500000005,summer weekday,30.1
2023-04-28 09:00:00.000,31.509891000000007,summer weekday,30.1
2023-04-28 10:00:00.000,30.633991500000008,summer weekday,30.1
2023-04-28 11:00:00.000,30.11919750000001,summer weekday,30.1
2023-04-28 12:00:00.000,28.999645500000003,summer weekday,30.1
2023-04-28 13:00:00.000,28.63729050000001,summer weekday,30.1
2023-04-28 14:00:00.000,28.488600000000005,summer weekday,30.1
2023-04-28 15:00:00.000,28.689769500000008,summer weekday,30.1
2023-04-28 16:00:00.000,29.893038000000004,summer weekday,30.1
2023-04-28 17:00:00.000,31.824765000000003,summer weekday,30.1
2023-04-28 18:00:00.000,32.36704800000001,summer weekday,30.1
2023-04-28 19:00:00.000,33.03678,summer weekday,34.9
2023-04-28 20:00:00.000,32.904333,summer weekday,34.9
2023-04-28 21:00:00.000,31.950964500000005,summer weekday,30.1
2023-04-28 22:00:00.000,30.547776,summer weekday,30.1
2023-04-28 23:00:00.000,31.81102050000001,summer weekday,30.1
2023-04-29 00:00:00.000,30.932622,summer weekend,31.66
2023-04-29 01:00:00.000,30.625245000000007,summer weekend,31.66
2023-04-29 02:00:00.000,30.487800000000004,summer weekend,31.66
2023-04-29 03:00:00.000,30.017988000000003,summer weekend,31.66
2023-04-29 04:00:00.000,30.2066625,summer weekend,31.66
2023-04-29 05:00:00.000,30.267888000000006,summer weekend,31.66
2023-04-29 06:00:00.000,31.03758,summer weekend,31.66
2023-04-29 07:00:00.000,31.81726800000001,summer weekend,31.66
2023-04-29 08:00:00.000,30.68896950000001,summer weekend,31.66
2023-04-29 09:00:00.000,30.311620500000004,summer weekend,31.66
2023-04-29 10:00:00.000,28.972156500000004,summer weekend,27.0
2023-04-29 11:00:00.000,27.64268850000001,summer weekend,27.0
2023-04-29 12:00:00.000,27.234102000000004,summer weekend,27.0
2023-04-29 13:00:00.000,25.639740000000003,summer weekend,27.0
2023-04-29 14:00:00.000,25.995847500000004,summer weekend,27.0
2023-04-29 15:00:00.000,27.36405,summer weekend,27.0
2023-04-29 16:00:00.000,27.98880000000001,summer weekend,27.0
2023-04-29 17:00:00.000,29.875545,summer weekend,31.66
2023-04-29 18:00:00.000,32.157132000000004,summer weekend,31.66
2023-04-29 19:00:00.000,32.293327500000004,summer weekend,31.66
2023-04-29 20:00:00.000,32.36205,summer weekend,31.66
2023-04-29 21:00:00.000,31.8085215,summer weekend,31.66
2023-04-29 22:00:00.000,31.11255000000001,summer weekend,31.66
2023-04-29 23:00:00.000,29.77308600000001,summer weekend,31.66
2023-04-30 00:00:00.000,28.749745500000003,summer weekend,27.0
2023-04-30 01:00:00.000,28.411131000000005,summer weekend,27.0
2023-04-30 02:00:00.000,28.065019500000005,summer weekend,27.0
2023-04-30 03:00:00.000,28.053774000000004,summer weekend,27.0
2023-04-30 04:00:00.000,28.397386500000003,summer weekend,27.0
2023-04-30 05:00:00.000,28.093758000000005,summer weekend,27.0
2023-04-30 06:00:00.000,27.613950000000003,summer weekend,27.0
2023-04-30 07:00:00.000,26.7393,summer weekend,27.0
2023-04-30 08:00:00.000,23.61555,summer weekend,27.0
2023-04-30 09:00:00.000,20.829165,summer weekend,19.7
2023-04-30 10:00:00.000,18.072768,summer weekend,19.7
2023-04-30 11:00:00.000,17.0797725,summer weekend,19.7
2023-04-30 12:00:00.000,16.7654935,summer weekend,19.7
2023-04-30 13:00:00.000,17.019855999999997,summer weekend,19.7
2023-04-30 14:00:00.000,17.5167405,summer weekend,19.7
2023-04-30 15:00:00.000,19.11735,summer weekend,19.7
2023-04-30 16:00:00.000,26.185771500000005,summer weekend,27.0
2023-04-30 17:00:00.000,30.732702000000003,summer weekend,31.66
2023-04-30 18:00:00.000,32.506992000000004,summer weekend,31.66
2023-04-30 19:00:00.000,32.811870000000006,summer weekend,31.66
2023-04-30 20:00:00.000,32.63694,summer weekend,31.66
2023-04-30 21:00:00.000,32.002194,summer weekend,31.66
2023-04-30 22:00:00.000,30.9513645,summer weekend,31.66
2023-04-30 23:00:00.000,31.100055000000005,summer weekend,31.66
2023-05-01 00:00:00.000,29.850555000000007,summer weekend,31.66
2023-05-01 01:00:00.000,29.299525500000005,summer weekend,27.0
2023-05-01 02:00:00.000,28.611051000000007,summer weekend,27.0
2023-05-01 03:00:00.000,28.274935500000005,summer weekend,27.0
2023-05-01 04:00:00.000,28.363650000000003,summer weekend,27.0
2023-05-01 05:00:00.000,28.258692000000003,summer weekend,27.0
2023-05-01 06:00:00.000,27.88884,summer weekend,27.0
2023-05-01 07:00:00.000,27.756393000000003,summer weekend,27.0
2023-05-01 08:00:00.000,27.868848000000007,summer weekend,27.0
2023-05-01 09:00:00.000,26.6505855,summer weekend,27.0
2023-05-01 10:00:00.000,25.863400500000004,summer weekend,27.0
2023-05-01 11:00:00.000,24.194068500000004,summer weekend,27.0
2023-05-01 12:00:00.000,21.7025655,summer weekend,19.7
2023-05-01 13:00:00.000,21.1153005,summer weekend,19.7
2023-05-01 14:00:00.000,22.5147405,summer weekend,19.7
2023-05-01 15:00:00.000,26.895487500000005,summer weekend,27.0
2023-05-01 16:00:00.000,29.310771000000003,summer weekend,27.0
2023-05-01 17:00:00.000,31.908481500000004,summer weekend,31.66
2023-05-01 18:00:00.000,32.941818000000005,summer weekend,31.66
2023-05-01 19:00:00.000,33.086760000000005,summer weekend,31.66
2023-05-01 20:00:00.000,32.576964000000004,summer weekend,31.66
2023-05-01 21:00:00.000,32.099655000000006,summer weekend,31.66
2023-05-01 22:00:00.000,31.24249800000001,summer weekend,31.66
2023-05-01 23:00:00.000,29.673126000000003,summer weekend,31.66
2023-05-02 00:00:00.000,28.06377,summer weekday,30.1
2023-05-02 01:00:00.000,27.77638500000001,summer weekday,30.1
2023-05-02 02:00:00.000,27.476505000000003,summer weekday,25.44
2023-05-02 03:00:00.000,27.516489000000004,summer weekday,25.44
2023-05-02 04:00:00.000,28.662280500000005,summer weekday,30.1
2023-05-02 05:00:00.000,31.244997000000005,summer weekday,30.1
2023-05-02 06:00:00.000,33.292927500000005,summer weekday,34.9
2023-05-02 07:00:00.000,34.2575415,summer weekday,34.9
2023-05-02 08:00:00.000,32.7356505,summer weekday,34.9
2023-05-02 09:00:00.000,31.8235155,summer weekday,30.1
2023-05-02 10:00:00.000,30.982602000000004,summer weekday,30.1
2023-05-02 11:00:00.000,29.670627000000007,summer weekday,30.1
2023-05-02 12:00:00.000,28.958412000000006,summer weekday,30.1
2023-05-02 13:00:00.000,28.153734000000004,summer weekday,30.1
2023-05-02 14:00:00.000,27.6102015,summer weekday,25.44
2023-05-02 15:00:00.000,28.263690000000004,summer weekday,30.1
2023-05-02 16:00:00.000,29.16707850000001,summer weekday,30.1
2023-05-02 17:00:00.000,32.034681,summer weekday,30.1
2023-05-02 18:00:00.000,33.61155,summer weekday,34.9
2023-05-02 19:00:00.000,35.218407000000006,summer weekday,34.9
2023-05-02 20:00:00.000,34.0726155,summer weekday,34.9
2023-05-02 21:00:00.000,32.864349000000004,summer weekday,34.9
2023-05-02 22:00:00.000,31.878493500000005,summer weekday,30.1
2023-05-02 23:00:00.000,30.818917500000005,summer weekday,30.1
2023-05-03 00:00:00.000,30.1916685,summer weekday,30.1
2023-05-03 01:00:00.000,29.984251500000003,summer weekday,30.1
2023-05-03 02:00:00.000,29.58816000000001,summer weekday,30.1
2023-05-03 03:00:00.000,30.519037500000007,summer weekday,30.1
2023-05-03 04:00:00.000,31.352454000000005,summer weekday,30.1
2023-05-03 05:00:00.000,33.051774,summer weekday,34.9
2023-05-03 06:00:00.000,34.02388500000001,summer weekday,34.9
2023-05-03 07:00:00.000,32.999295000000004,summer weekday,34.9
2023-05-03 08:00:00.000,31.125045000000007,summer weekday,30.1
2023-05-03 09:00:00.000,28.758492000000004,summer weekday,30.1
2023-05-03 10:00:00.000,27.883842000000005,summer weekday,30.1
2023-05-03 11:00:00.000,27.092908500000004,summer weekday,25.44
2023-05-03 12:00:00.000,27.366549000000003,summer weekday,25.44
2023-05-03 13:00:00.000,26.755543500000005,summer weekday,25.44
2023-05-03 14:00:00.000,26.551875000000003,summer weekday,25.44
2023-05-03 15:00:00.000,27.846357000000005,summer weekday,30.1
2023-05-03 16:00:00.000,29.561920500000003,summer weekday,30.1
2023-05-03 17:00:00.000,32.873095500000005,summer weekday,34.9
2023-05-03 18:00:00.000,34.87104600000001,summer weekday,34.9
2023-05-03 19:00:00.000,38.806971,summer weekday,34.9
2023-05-03 20:00:00.000,33.89268750000001,summer weekday,34.9
2023-05-03 21:00:00.000,32.4807525,summer weekday,30.1
2023-05-03 22:00:00.000,31.703563500000005,summer weekday,30.1
2023-05-03 23:00:00.000,29.879293500000003,summer weekday,30.1
2023-05-04 00:00:00.000,29.268288,summer weekday,30.1
2023-05-04 01:00:00.000,29.133342000000003,summer weekday,30.1
2023-05-04 02:00:00.000,29.270787,summer weekday,30.1
2023-05-04 03:00:00.000,29.352004500000003,summer weekday,30.1
2023-05-04 04:00:00.000,30.730203000000007,summer weekday,30.1
2023-05-04 05:00:00.000,32.9868,summer weekday,34.9
2023-05-04 06:00:00.000,33.61155,summer weekday,34.9
2023-05-04 07:00:00.000,32.349555,summer weekday,30.1
2023-05-04 08:00:00.000,30.415329000000003,summer weekday,30.1
2023-05-04 09:00:00.000,28.613550000000004,summer weekday,30.1
2023-05-04 10:00:00.000,27.31407,summer weekday,25.44
2023-05-04 11:00:00.000,26.12204700000001,summer weekday,25.44
2023-05-04 12:00:00.000,24.891289500000003,summer weekday,25.44
2023-05-04 13:00:00.000,24.451465500000005,summer weekday,25.44
2023-05-04 14:00:00.000,25.524786,summer weekday,25.44
2023-05-04 15:00:00.000,27.22410600000001,summer weekday,25.44
2023-05-04 16:00:00.000,29.813070000000003,summer weekday,30.1
2023-05-04 17:00:00.000,31.8085215,summer weekday,30.1
2023-05-04 18:00:00.000,32.6131995,summer weekday,34.9
2023-05-04 19:00:00.000,32.454513000000006,summer weekday,30.1
2023-05-04 20:00:00.000,31.708561500000005,summer weekday,30.1
2023-05-04 21:00:00.000,30.550275000000003,summer weekday,30.1
2023-05-04 22:00:00.000,29.12834400000001,summer weekday,30.1
2023-05-04 23:00:00.000,28.800975000000005,summer weekday,30.1
2023-05-05 00:00:00.000,27.588960000000004,summer weekday,25.44
2023-05-05 01:00:00.000,27.1753755,summer weekday,25.44
2023-05-05 02:00:00.000,27.302824500000007,summer weekday,25.44
2023-05-05 03:00:00.000,27.1753755,summer weekday,25.44
2023-05-05 04:00:00.000,28.303674,summer weekday,30.1
2023-05-05 05:00:00.000,30.01548900000001,summer weekday,30.1
2023-05-05 06:00:00.000,31.581112500000003,summer weekday,30.1
2023-05-05 07:00:00.000,31.200015,summer weekday,30.1
2023-05-05 08:00:00.000,29.523186000000003,summer weekday,30.1
2023-05-05 09:00:00.000,28.628544000000005,summer weekday,30.1
2023-05-05 10:00:00.000,27.481503,summer weekday,25.44
2023-05-05 11:00:00.000,27.169128000000008,summer weekday,25.44
2023-05-05 12:00:00.000,26.9904495,summer weekday,25.44
2023-05-05 13:00:00.000,27.226605000000003,summer weekday,25.44
2023-05-05 14:00:00.000,27.498996000000005,summer weekday,25.44
2023-05-05 15:00:00.000,28.758492000000004,summer weekday,30.1
2023-05-05 16:00:00.000,29.884291500000003,summer weekday,30.1
2023-05-05 17:00:00.000,31.46241,summer weekday,30.1
2023-05-05 18:00:00.000,32.429523,summer weekday,30.1
2023-05-05 19:00:00.000,33.432871500000005,summer weekday,34.9
2023-05-05 20:00:00.000,33.150484500000005,summer weekday,34.9
2023-05-05 21:00:00.000,31.807272,summer weekday,30.1
2023-05-05 22:00:00.000,30.280383000000004,summer weekday,30.1
2023-05-05 23:00:00.000,30.701464500000004,summer weekday,30.1
2023-05-06 00:00:00.000,29.815569000000007,summer weekend,31.66
2023-05-06 01:00:00.000,29.327014500000004,summer weekend,27.0
2023-05-06 02:00:00.000,28.825965000000004,summer weekend,27.0
2023-05-06 03:00:00.000,28.604803500000003,summer weekend,27.0
2023-05-06 04:00:00.000,28.825965000000004,summer weekend,27.0
2023-05-06 05:00:00.000,29.513190000000005,summer weekend,31.66
2023-05-06 06:00:00.000,29.740599000000003,summer weekend,31.66
2023-05-06 07:00:00.000,29.2545435,summer weekend,27.0
2023-05-06 08:00:00.000,29.02338600000001,summer weekend,27.0
2023-05-06 09:00:00.000,27.68017350000001,summer weekend,27.0
2023-05-06 10:00:00.000,26.666829000000007,summer weekend,27.0
2023-05-06 11:00:00.000,26.241999000000003,summer weekend,27.0
2023-05-06 12:00:00.000,24.334012500000004,summer weekend,27.0
2023-05-06 13:00:00.000,23.61555,summer weekend,27.0
2023-05-06 14:00:00.000,25.259892000000004,summer weekend,27.0
2023-05-06 15:00:00.000,26.69431800000001,summer weekend,27.0
2023-05-06 16:00:00.000,28.651035000000007,summer weekend,27.0
2023-05-06 17:00:00.000,30.200415000000007,summer weekend,31.66
2023-05-06 18:00:00.000,30.868897500000003,summer weekend,31.66
2023-05-06 19:00:00.000,31.338709500000007,summer weekend,31.66
2023-05-06 20:00:00.000,30.9513645,summer weekend,31.66
2023-05-06 21:00:00.000,30.252894000000005,summer weekend,31.66
2023-05-06 22:00:00.000,28.910931,summer weekend,27.0
2023-05-06 23:00:00.000,28.944667500000005,summer weekend,27.0
2023-05-07 00:00:00.000,28.134991500000005,summer weekend,27.0
2023-05-07 01:00:00.000,27.696417000000004,summer weekend,27.0
2023-05-07 02:00:00.000,27.802624500000007,summer weekend,27.0
2023-05-07 03:00:00.000,27.731403000000004,summer weekend,27.0
2023-05-07 04:00:00.000,27.872596500000004,summer weekend,27.0
2023-05-07 05:00:00.000,27.756393000000003,summer weekend,27.0
2023-05-07 06:00:00.000,27.597706500000005,summer weekend,27.0
2023-05-07 07:00:00.000,26.848006500000004,summer weekend,27.0
2023-05-07 08:00:00.000,25.814670000000003,summer weekend,27.0
2023-05-07 09:00:00.000,21.603855,summer weekend,19.7
2023-05-07 10:00:00.000,18.004045499999997,summer weekend,19.7
2023-05-07 11:00:00.000,17.363528,summer weekend,19.7
2023-05-07 12:00:00.000,17.256130499999998,summer weekend,19.7
2023-05-07 13:00:00.000,17.3646585,summer weekend,19.7
2023-05-07 14:00:00.000,19.297278,summer weekend,19.7
2023-05-07 15:00:00.000,24.442719,summer weekend,27.0
2023-05-07 16:00:00.000,26.860501500000005,summer weekend,27.0
2023-05-07 17:00:00.000,29.230803000000005,summer weekend,27.0
2023-05-07 18:00:00.000,29.783082,summer weekend,31.66
2023-05-07 19:00:00.000,30.668977500000004,summer weekend,31.66
2023-05-07 20:00:00.000,30.490299000000004,summer weekend,31.66
2023-05-07 21:00:00.000,29.775585000000007,summer weekend,31.66
2023-05-07 22:00:00.000,29.3719965,summer weekend,31.66
2023-05-07 23:00:00.000,28.10375400000001,summer weekend,27.0
2023-05-08 00:00:00.000,27.85510350000001,summer weekday,30.1
2023-05-08 01:00:00.000,27.836361000000004,summer weekday,30.1
2023-05-08 02:00:00.000,27.755143500000003,summer weekday,25.44
2023-05-08 03:00:00.000,27.875095500000004,summer weekday,30.1
2023-05-08 04:00:00.000,28.727254500000004,summer weekday,30.1
2023-05-08 05:00:00.000,30.377844000000003,summer weekday,30.1
2023-05-08 06:00:00.000,32.293327500000004,summer weekday,30.1
2023-05-08 07:00:00.000,31.233751500000004,summer weekday,30.1
2023-05-08 08:00:00.000,29.864299500000005,summer weekday,30.1
2023-05-08 09:00:00.000,28.8422085,summer weekday,30.1
2023-05-08 10:00:00.000,27.568968000000005,summer weekday,25.44
2023-05-08 11:00:00.000,27.415279500000004,summer weekday,25.44
2023-05-08 12:00:00.000,26.65433400000001,summer weekday,25.44
2023-05-08 13:00:00.000,26.625595500000006,summer weekday,25.44
2023-05-08 14:00:00.000,27.11415,summer weekday,25.44
2023-05-08 15:00:00.000,27.8650995,summer weekday,30.1
2023-05-08 16:00:00.000,29.494447500000003,summer weekday,30.1
2023-05-08 17:00:00.000,31.117548000000003,summer weekday,30.1
2023-05-08 18:00:00.000,33.973905,summer weekday,34.9
2023-05-08 19:00:00.000,33.4128795,summer weekday,34.9
2023-05-08 20:00:00.000,32.61070050000001,summer weekday,34.9
2023-05-08 21:00:00.000,31.43242200000001,summer weekday,30.1
2023-05-08 22:00:00.000,29.785581,summer weekday,30.1
2023-05-08 23:00:00.000,29.358252000000004,summer weekday,30.1
2023-05-09 00:00:00.000,28.303674,summer weekday,30.1
2023-05-09 01:00:00.000,27.938820000000003,summer weekday,30.1
2023-05-09 02:00:00.000,27.885091500000005,summer weekday,30.1
2023-05-09 03:00:00.000,28.020037500000004,summer weekday,30.1
2023-05-09 04:00:00.000,28.9196775,summer weekday,30.1
2023-05-09 05:00:00.000,31.309971000000004,summer weekday,30.1
2023-05-09 06:00:00.000,32.487,summer weekday,30.1
2023-05-09 07:00:00.000,32.097156000000005,summer weekday,30.1
2023-05-09 08:00:00.000,30.482802000000003,summer weekday,30.1
2023-05-09 09:00:00.000,28.468608000000003,summer weekday,30.1
2023-05-09 10:00:00.000,26.233252500000003,summer weekday,25.44
2023-05-09 11:00:00.000,25.584762000000005,summer weekday,25.44
2023-05-09 12:00:00.000,25.103704500000003,summer weekday,25.44
2023-05-09 13:00:00.000,25.900885500000005,summer weekday,25.44
2023-05-09 14:00:00.000,27.464010000000005,summer weekday,25.44
2023-05-09 15:00:00.000,27.918828,summer weekday,30.1
2023-05-09 16:00:00.000,29.87054700000001,summer weekday,30.1
2023-05-09 17:00:00.000,31.904733000000004,summer weekday,30.1
2023-05-09 18:00:00.000,32.603203500000006,summer weekday,34.9
2023-05-09 19:00:00.000,32.4932475,summer weekday,30.1
2023-05-09 20:00:00.000,31.233751500000004,summer weekday,30.1
2023-05-09 21:00:00.000,30.446566500000007,summer weekday,30.1
2023-05-09 22:00:00.000,28.604803500000003,summer weekday,30.1
2023-05-09 23:00:00.000,29.212060500000003,summer weekday,30.1
2023-05-10 00:00:00.000,28.6197975,summer weekday,30.1
2023-05-10 01:00:00.000,28.411131000000005,summer weekday,30.1
2023-05-10 02:00:00.000,28.13749050000001,summer weekday,30.1
2023-05-10 03:00:00.000,28.41238050000001,summer weekday,30.1
2023-05-10 04:00:00.000,28.63604100000001,summer weekday,30.1
2023-05-10 05:00:00.000,30.808921500000007,summer weekday,30.1
2023-05-10 06:00:00.000,32.437020000000004,summer weekday,30.1
2023-05-10 07:00:00.000,33.9864,summer weekday,34.9
2023-05-10 08:00:00.000,31.140039000000005,summer weekday,30.1
2023-05-10 09:00:00.000,30.599005500000004,summer weekday,30.1
2023-05-10 10:00:00.000,29.980503,summer weekday,30.1
2023-05-10 11:00:00.000,29.4669585,summer weekday,30.1
2023-05-10 12:00:00.000,28.977154500000005,summer weekday,30.1
2023-05-10 13:00:00.000,28.828464000000004,summer weekday,30.1
2023-05-10 14:00:00.000,29.400735,summer weekday,30.1
2023-05-10 15:00:00.000,30.852654000000005,summer weekday,30.1
2023-05-10 16:00:00.000,32.04717600000001,summer weekday,30.1
2023-05-10 17:00:00.000,32.41078050000001,summer weekday,30.1
2023-05-10 18:00:00.000,34.908531,summer weekday,34.9
2023-05-10 19:00:00.000,35.79692550000001,summer weekday,34.9
2023-05-10 20:00:00.000,34.16133000000001,summer weekday,34.9
2023-05-10 21:00:00.000,32.0609205,summer weekday,30.1
2023-05-10 22:00:00.000,31.092558000000004,summer weekday,30.1
2023-05-10 23:00:00.000,29.86305,summer weekday,30.1
2023-05-11 00:00:00.000,29.480703,summer weekday,30.1
2023-05-11 01:00:00.000,29.363250000000004,summer weekday,30.1
2023-05-11 02:00:00.000,29.523186000000003,summer weekday,30.1
2023-05-11 03:00:00.000,29.600655000000003,summer weekday,30.1
2023-05-11 04:00:00.000,30.3915885,summer weekday,30.1
2023-05-11 05:00:00.000,32.50074450000001,summer weekday,34.9
2023-05-11 06:00:00.000,35.90188350000001,summer weekday,34.9
2023-05-11 07:00:00.000,38.332161,summer weekday,34.9
2023-05-11 08:00:00.000,34.295026500000006,summer weekday,34.9
2023-05-11 09:00:00.000,33.2004645,summer weekday,34.9
2023-05-11 10:00:00.000,31.836010500000004,summer weekday,30.1
2023-05-11 11:00:00.000,30.429073500000005,summer weekday,30.1
2023-05-11 12:00:00.000,29.864299500000005,summer weekday,30.1
2023-05-11 13:00:00.000,29.784331500000004,summer weekday,30.1
2023-05-11 14:00:00.000,31.051324500000003,summer weekday,30.1
2023-05-11 15:00:00.000,31.554873000000004,summer weekday,30.1
2023-05-11 16:00:00.000,31.7710365,summer weekday,30.1
2023-05-11 17:00:00.000,32.8156185,summer weekday,34.9
2023-05-11 18:00:00.000,35.7357,summer weekday,34.9
2023-05-11 19:00:00.000,33.96141000000001,summer weekday,34.9
2023-05-11 20:00:00.000,32.162130000000005,summer weekday,30.1
2023-05-11 21:00:00.000,31.6111005,summer weekday,30.1
2023-05-11 22:00:00.000,30.070467000000004,summer weekday,30.1
2023-05-11 23:00:00.000,29.679373500000004,summer weekday,30.1
2023-05-12 00:00:00.000,28.682272500000003,summer weekday,30.1
2023-05-12 01:00:00.000,28.593558000000005,summer weekday,30.1
2023-05-12 02:00:00.000,28.613550000000004,summer weekday,30.1
2023-05-12 03:00:00.000,28.718508000000007,summer weekday,30.1
2023-05-12 04:00:00.000,29.736850500000006,summer weekday,30.1
2023-05-12 05:00:00.000,31.98595050000001,summer weekday,30.1
2023-05-12 06:00:00.000,33.61155,summer weekday,34.9
2023-05-12 07:00:00.000,34.608651,summer weekday,34.9
2023-05-12 08:00:00.000,31.524885000000005,summer weekday,30.1
2023-05-12 09:00:00.000,30.062970000000004,summer weekday,30.1
2023-05-12 10:00:00.000,29.54817600000001,summer weekday,30.1
2023-05-12 11:00:00.000,27.791379000000006,summer weekday,30.1
2023-05-12 12:00:00.000,26.947966500000003,summer weekday,25.44
2023-05-12 13:00:00.000,26.483152500000006,summer weekday,25.44
2023-05-12 14:00:00.000,26.850505500000008,summer weekday,25.44
2023-05-12 15:00:00.000,27.481503,summer weekday,25.44
2023-05-12 16:00:00.000,29.114599500000008,summer weekday,30.1
2023-05-12 17:00:00.000,30.860151000000005,summer weekday,30.1
2023-05-12 18:00:00.000,32.639439,summer weekday,34.9
2023-05-12 19:00:00.000,32.984301,summer weekday,34.9
2023-05-12 20:00:00.000,32.1109005,summer weekday,30.1
2023-05-12 21:00:00.000,30.010491000000005,summer weekday,30.1
2023-05-12 22:00:00.000,29.59065900000001,summer weekday,30.1
2023-05-12 23:00:00.000,30.4765545,summer weekday,30.1
2023-05-13 00:00:00.000,29.860551000000005,summer weekend,31.66
2023-05-13 01:00:00.000,29.3445075,summer weekend,31.66
2023-05-13 02:00:00.000,29.681872500000008,summer weekend,31.66
2023-05-13 03:00:00.000,29.799325500000005,summer weekend,31.66
2023-05-13 04:00:00.000,29.885541000000003,summer weekend,31.66
2023-05-13 05:00:00.000,29.483202,summer weekend,31.66
2023-05-13 06:00:00.000,29.20331400000001,summer weekend,27.0
2023-05-13 07:00:00.000,29.172076500000003,summer weekend,27.0
2023-05-13 08:00:00.000,28.498596000000003,summer weekend,27.0
2023-05-13 09:00:00.000,26.501895,summer weekend,27.0
2023-05-13 10:00:00.000,21.131544,summer weekend,19.7
2023-05-13 11:00:00.000,19.3085235,summer weekend,19.7
2023-05-13 12:00:00.000,18.0615225,summer weekend,19.7
2023-05-13 13:00:00.000,18.000297,summer weekend,19.7
2023-05-13 14:00:00.000,18.1389915,summer weekend,19.7
2023-05-13 15:00:00.000,20.831664,summer weekend,19.7
2023-05-13 16:00:00.000,27.021687000000007,summer weekend,27.0
2023-05-13 17:00:00.000,30.610251000000005,summer weekend,31.66
2023-05-13 18:00:00.000,31.252494,summer weekend,31.66
2023-05-13 19:00:00.000,32.277084,summer weekend,31.66
2023-05-13 20:00:00.000,31.66607850000001,summer weekend,31.66
2023-05-13 21:00:00.000,31.107552,summer weekend,31.66
2023-05-13 22:00:00.000,30.484051500000003,summer weekend,31.66
2023-05-13 23:00:00.000,30.15918150000001,summer weekend,31.66
2023-05-14 00:00:00.000,29.635641000000003,summer weekend,31.66
2023-05-14 01:00:00.000,29.150835000000004,summer weekend,27.0
2023-05-14 02:00:00.000,28.10750250000001,summer weekend,27.0
2023-05-14 03:00:00.000,28.274935500000005,summer weekend,27.0
2023-05-14 04:00:00.000,29.248296000000007,summer weekend,27.0
2023-05-14 05:00:00.000,27.530233500000005,summer weekend,27.0
2023-05-14 06:00:00.000,26.598106500000007,summer weekend,27.0
2023-05-14 07:00:00.000,26.825515500000005,summer weekend,27.0
2023-05-14 08:00:00.000,24.227805000000004,summer weekend,27.0
2023-05-14 09:00:00.000,20.5030455,summer weekend,19.7
2023-05-14 10:00:00.000,19.1036055,summer weekend,19.7
2023-05-14 11:00:00.000,18.5838135,summer weekend,19.7
2023-05-14 12:00:00.000,17.5992075,summer weekend,19.7
2023-05-14 13:00:00.000,17.388042,summer weekend,19.7
2023-05-14 14:00:00.000,17.590461,summer weekend,19.7
2023-05-14 15:00:00.000,21.4026855,summer weekend,19.7
2023-05-14 16:00:00.000,28.676025000000006,summer weekend,27.0
2023-05-14 17:00:00.000,30.5665185,summer weekend,31.66
2023-05-14 18:00:00.000,31.86225,summer weekend,31.66
2023-05-14 19:00:00.000,33.2529435,summer weekend,31.66
2023-05-14 20:00:00.000,33.360400500000004,summer weekend,31.66
2023-05-14 21:00:00.000,32.25459300000001,summer weekend,31.66
2023-05-14 22:00:00.000,30.852654000000005,summer weekend,31.66
2023-05-14 23:00:00.000,32.242098000000006,summer weekend,31.66
2023-05-15 00:00:00.000,30.813919500000004,summer weekday,30.1
2023-05-15 01:00:00.000,30.305373000000007,summer weekday,30.1
2023-05-15 02:00:00.000,30.9713565,summer weekday,30.1
2023-05-15 03:00:00.000,30.866398500000003,summer weekday,30.1
2023-05-15 04:00:00.000,33.1304925,summer weekday,34.9
2023-05-15 05:00:00.000,36.2392485,summer weekday,34.9
2023-05-15 06:00:00.000,38.45836049999999,summer weekday,34.9
2023-05-15 07:00:00.000,36.00059400000001,summer weekday,34.9
2023-05-15 08:00:00.000,32.96305950000001,summer weekday,34.9
2023-05-15 09:00:00.000,30.560271000000004,summer weekday,30.1
2023-05-15 10:00:00.000,29.815569000000007,summer weekday,30.1
2023-05-15 11:00:00.000,29.207062500000006,summer weekday,30.1
2023-05-15 12:00:00.000,28.709761500000003,summer weekday,30.1
2023-05-15 13:00:00.000,28.541079000000003,summer weekday,30.1
2023-05-15 14:00:00.000,28.681023000000003,summer weekday,30.1
2023-05-15 15:00:00.000,28.787230500000003,summer weekday,30.1
2023-05-15 16:00:00.000,29.869297500000005,summer weekday,30.1
2023-05-15 17:00:00.000,32.092158000000005,summer weekday,30.1
2023-05-15 18:00:00.000,32.984301,summer weekday,34.9
2023-05-15 19:00:00.000,33.8352105,summer weekday,34.9
2023-05-15 20:00:00.000,32.870596500000005,summer weekday,34.9
2023-05-15 21:00:00.000,31.18627050000001,summer weekday,30.1
2023-05-15 22:00:00.000,29.08711050000001,summer weekday,30.1
2023-05-15 23:00:00.000,27.234102000000004,summer weekday,25.44
2023-05-16 00:00:00.000,26.501895,summer weekday,25.44
2023-05-16 01:00:00.000,26.1157995,summer weekday,25.44
2023-05-16 02:00:00.000,25.309872,summer weekday,25.44
2023-05-16 03:00:00.000,25.602255000000007,summer weekday,25.44
2023-05-16 04:00:00.000,26.663080500000003,summer weekday,25.44
2023-05-16 05:00:00.000,29.8343115,summer weekday,30.1
2023-05-16 06:00:00.000,31.736050500000005,summer weekday,30.1
2023-05-16 07:00:00.000,32.304573000000005,summer weekday,30.1
2023-05-16 08:00:00.000,30.216658500000005,summer weekday,30.1
2023-05-16 09:00:00.000,27.7101615,summer weekday,25.44
2023-05-16 10:00:00.000,26.86425,summer weekday,25.44
2023-05-16 11:00:00.000,25.719708,summer weekday,25.44
2023-05-16 12:00:00.000,23.876695500000004,summer weekday,25.44
2023-05-16 13:00:00.000,20.0232375,summer weekday,25.44
2023-05-16 14:00:00.000,18.9411705,summer weekday,25.44
2023-05-16 15:00:00.000,22.769638500000003,summer weekday,25.44
2023-05-16 16:00:00.000,26.614350000000005,summer weekday,25.44
2023-05-16 17:00:00.000,28.293678000000007,summer weekday,30.1
2023-05-16 18:00:00.000,30.487800000000004,summer weekday,30.1
2023-05-16 19:00:00.000,31.123795500000003,summer weekday,30.1
2023-05-16 20:00:00.000,30.677724000000005,summer weekday,30.1
2023-05-16 21:00:00.000,30.4865505,summer weekday,30.1
2023-05-16 22:00:00.000,29.5169385,summer weekday,30.1
2023-05-16 23:00:00.000,27.070417500000005,summer weekday,25.44
2023-05-17 00:00:00.000,26.16328050000001,summer weekday,25.44
2023-05-17 01:00:00.000,26.1957675,summer weekday,25.44
2023-05-17 02:00:00.000,26.114550000000005,summer weekday,25.44
2023-05-17 03:00:00.000,26.429424000000004,summer weekday,25.44
2023-05-17 04:00:00.000,27.342808500000004,summer weekday,25.44
2023-05-17 05:00:00.000,30.50779200000001,summer weekday,30.1
2023-05-17 06:00:00.000,31.509891000000007,summer weekday,30.1
2023-05-17 07:00:00.000,31.1113005,summer weekday,30.1
2023-05-17 08:00:00.000,29.200815,summer weekday,30.1
2023-05-17 09:00:00.000,26.874246000000003,summer weekday,25.44
2023-05-17 10:00:00.000,24.6663795,summer weekday,25.44
2023-05-17 11:00:00.000,20.8129215,summer weekday,25.44
2023-05-17 12:00:00.000,19.319769,summer weekday,25.44
2023-05-17 13:00:00.000,18.4388715,summer weekday,25.44
2023-05-17 14:00:00.000,18.6262965,summer weekday,25.44
2023-05-17 15:00:00.000,23.264440500000003,summer weekday,25.44
2023-05-17 16:00:00.000,27.250345500000005,summer weekday,25.44
2023-05-17 17:00:00.000,30.131692500000003,summer weekday,30.1
2023-05-17 18:00:00.000,32.310820500000005,summer weekday,30.1
2023-05-17 19:00:00.000,34.048875,summer weekday,34.9
2023-05-17 20:00:00.000,33.631542,summer weekday,34.9
2023-05-17 21:00:00.000,31.237500000000004,summer weekday,30.1
2023-05-17 22:00:00.000,30.230403000000003,summer weekday,30.1
2023-05-17 23:00:00.000,29.936770500000005,summer weekday,30.1
2023-05-18 00:00:00.000,29.406982500000005,summer weekend,31.66
2023-05-18 01:00:00.000,28.518588000000005,summer weekend,27.0
2023-05-18 02:00:00.000,28.614799500000004,summer weekend,27.0
2023-05-18 03:00:00.000,29.479453500000005,summer weekend,31.66
2023-05-18 04:00:00.000,29.921776500000007,summer weekend,31.66
2023-05-18 05:00:00.000,29.915529000000003,summer weekend,31.66
2023-05-18 06:00:00.000,29.217058500000004,summer weekend,27.0
2023-05-18 07:00:00.000,28.649785500000007,summer weekend,27.0
2023-05-18 08:00:00.000,27.406533000000007,summer weekend,27.0
2023-05-18 09:00:00.000,26.371947,summer weekend,27.0
2023-05-18 10:00:00.000,25.493548500000003,summer weekend,27.0
2023-05-18 11:00:00.000,25.2236565,summer weekend,27.0
2023-05-18 12:00:00.000,22.805874000000003,summer weekend,19.7
2023-05-18 13:00:00.000,21.0428295,summer weekend,19.7
2023-05-18 14:00:00.000,22.750896000000004,summer weekend,19.7
2023-05-18 15:00:00.000,26.309472000000007,summer weekend,27.0
2023-05-18 16:00:00.000,27.937570500000007,summer weekend,27.0
2023-05-18 17:00:00.000,30.247896,summer weekend,31.66
2023-05-18 18:00:00.000,31.803523500000004,summer weekend,31.66
2023-05-18 19:00:00.000,33.095506500000006,summer weekend,31.66
2023-05-18 20:00:00.000,32.009691000000004,summer weekend,31.66
2023-05-18 21:00:00.000,31.063819500000005,summer weekend,31.66
2023-05-18 22:00:00.000,29.708112000000007,summer weekend,31.66
2023-05-18 23:00:00.000,28.990899,summer weekend,27.0
2023-05-19 00:00:00.000,27.763890000000007,summer weekend,27.0
2023-05-19 01:00:00.000,27.392788500000005,summer weekend,27.0
2023-05-19 02:00:00.000,26.992948500000004,summer weekend,27.0
2023-05-19 03:00:00.000,27.883842000000005,summer weekend,27.0
2023-05-19 04:00:00.000,29.779333500000003,summer weekend,31.66
2023-05-19 05:00:00.000,31.237500000000004,summer weekend,31.66
2023-05-19 06:00:00.000,31.10880150000001,summer weekend,31.66
2023-05-19 07:00:00.000,30.612750000000005,summer weekend,31.66
2023-05-19 08:00:00.000,29.099605500000003,summer weekend,27.0
2023-05-19 09:00:00.000,26.16078150000001,summer weekend,27.0
2023-05-19 10:00:00.000,24.935022000000004,summer weekend,27.0
2023-05-19 11:00:00.000,24.9787545,summer weekend,27.0
2023-05-19 12:00:00.000,24.5889105,summer weekend,27.0
2023-05-19 13:00:00.000,24.606403500000003,summer weekend,27.0
2023-05-19 14:00:00.000,25.317369000000006,summer weekend,27.0
2023-05-19 15:00:00.000,26.383192500000003,summer weekend,27.0
2023-05-19 16:00:00.000,28.2624405,summer weekend,27.0
2023-05-19 17:00:00.000,30.321616500000005,summer weekend,31.66
2023-05-19 18:00:00.000,31.898485500000003,summer weekend,31.66
2023-05-19 19:00:00.000,31.85350350000001,summer weekend,31.66
2023-05-19 20:00:00.000,30.490299000000004,summer weekend,31.66
2023-05-19 21:00:00.000,29.83681050000001,summer weekend,31.66
2023-05-19 22:00:00.000,28.086261000000004,summer weekend,27.0
2023-05-19 23:00:00.000,27.206613000000004,summer weekend,27.0
2023-05-20 00:00:00.000,26.614350000000005,summer weekend,27.0
2023-05-20 01:00:00.000,25.87464600000001,summer weekend,27.0
2023-05-20 02:00:00.000,25.59350850000001,summer weekend,27.0
2023-05-20 03:00:00.000,25.496047500000007,summer weekend,27.0
2023-05-20 04:00:00.000,25.577265000000004,summer weekend,27.0
2023-05-20 05:00:00.000,25.124946000000005,summer weekend,27.0
2023-05-20 06:00:00.000,25.17242700000001,summer weekend,27.0
2023-05-20 07:00:00.000,24.835062000000004,summer weekend,27.0
2023-05-20 08:00:00.000,22.371048,summer weekend,19.7
2023-05-20 09:00:00.000,17.922828,summer weekend,19.7
2023-05-20 10:00:00.000,17.403036,summer weekend,19.7
2023-05-20 11:00:00.000,17.2063885,summer weekend,19.7
2023-05-20 12:00:00.000,17.2244765,summer weekend,19.7
2023-05-20 13:00:00.000,17.3578755,summer weekend,19.7
2023-05-20 14:00:00.000,17.368049999999997,summer weekend,19.7
2023-05-20 15:00:00.000,17.532984,summer weekend,19.7
2023-05-20 16:00:00.000,20.609253,summer weekend,19.7
2023-05-20 17:00:00.000,24.075366,summer weekend,27.0
2023-05-20 18:00:00.000,27.169128000000008,summer weekend,27.0
2023-05-20 19:00:00.000,28.324915500000003,summer weekend,27.0
2023-05-20 20:00:00.000,27.496497000000005,summer weekend,27.0
2023-05-20 21:00:00.000,27.189120000000003,summer weekend,27.0
2023-05-20 22:00:00.000,26.491899000000004,summer weekend,27.0
2023-05-20 23:00:00.000,23.890440000000005,summer weekend,27.0
2023-05-21 00:00:00.000,22.371048,summer weekend,19.7
2023-05-21 01:00:00.000,21.601356,summer weekend,19.7
2023-05-21 02:00:00.000,20.961612,summer weekend,19.7
2023-05-21 03:00:00.000,21.1103025,summer weekend,19.7
2023-05-21 04:00:00.000,20.899137,summer weekend,19.7
2023-05-21 05:00:00.000,21.2152605,summer weekend,19.7
2023-05-21 06:00:00.000,20.8104225,summer weekend,19.7
2023-05-21 07:00:00.000,19.86705,summer weekend,19.7
2023-05-21 08:00:00.000,17.635443,summer weekend,19.7
2023-05-21 09:00:00.000,17.368049999999997,summer weekend,19.7
2023-05-21 10:00:00.000,17.313785999999997,summer weekend,19.7
2023-05-21 11:00:00.000,16.472694,summer weekend,19.7
2023-05-21 12:00:00.000,14.5384085,summer weekend,19.7
2023-05-21 13:00:00.000,12.6911715,summer weekend,19.7
2023-05-21 14:00:00.000,15.154531,summer weekend,19.7
2023-05-21 15:00:00.000,17.321699499999998,summer weekend,19.7
2023-05-21 16:00:00.000,17.645439,summer weekend,19.7
2023-05-21 17:00:00.000,22.533483000000004,summer weekend,19.7
2023-05-21 18:00:00.000,28.0500255,summer weekend,27.0
2023-05-21 19:00:00.000,28.722256500000004,summer weekend,27.0
2023-05-21 20:00:00.000,28.7385,summer weekend,27.0
2023-05-21 21:00:00.000,28.606053000000003,summer weekend,27.0
2023-05-21 22:00:00.000,27.801375000000004,summer weekend,27.0
2023-05-21 23:00:00.000,28.399885500000007,summer weekend,27.0
2023-05-22 00:00:00.000,27.371547000000003,summer weekday,25.44
2023-05-22 01:00:00.000,27.152884500000003,summer weekday,25.44
2023-05-22 02:00:00.000,27.089160000000007,summer weekday,25.44
2023-05-22 03:00:00.000,27.489000000000004,summer weekday,25.44
2023-05-22 04:00:00.000,29.741848500000003,summer weekday,30.1
2023-05-22 05:00:00.000,31.834761,summer weekday,30.1
2023-05-22 06:00:00.000,32.36205,summer weekday,30.1
2023-05-22 07:00:00.000,31.539879000000003,summer weekday,30.1
2023-05-22 08:00:00.000,30.40158450000001,summer weekday,30.1
2023-05-22 09:00:00.000,28.609801500000003,summer weekday,30.1
2023-05-22 10:00:00.000,27.1628805,summer weekday,25.44
2023-05-22 11:00:00.000,25.912131,summer weekday,25.44
2023-05-22 12:00:00.000,25.497297000000003,summer weekday,25.44
2023-05-22 13:00:00.000,25.865899500000005,summer weekday,25.44
2023-05-22 14:00:00.000,26.390689500000004,summer weekday,25.44
2023-05-22 15:00:00.000,27.89633700000001,summer weekday,30.1
2023-05-22 16:00:00.000,30.0467265,summer weekday,30.1
2023-05-22 17:00:00.000,31.18127250000001,summer weekday,30.1
2023-05-22 18:00:00.000,35.393337,summer weekday,34.9
2023-05-22 19:00:00.000,37.1813715,summer weekday,34.9
2023-05-22 20:00:00.000,32.99179800000001,summer weekday,34.9
2023-05-22 21:00:00.000,31.153783500000007,summer weekday,30.1
2023-05-22 22:00:00.000,30.044227500000005,summer weekday,30.1
2023-05-22 23:00:00.000,28.787230500000003,summer weekday,30.1
2023-05-23 00:00:00.000,27.190369500000003,summer weekday,25.44
2023-05-23 01:00:00.000,27.000445500000005,summer weekday,25.44
2023-05-23 02:00:00.000,26.062071000000003,summer weekday,25.44
2023-05-23 03:00:00.000,26.114550000000005,summer weekday,25.44
2023-05-23 04:00:00.000,27.194118000000007,summer weekday,25.44
2023-05-23 05:00:00.000,29.999245500000004,summer weekday,30.1
2023-05-23 06:00:00.000,30.5365305,summer weekday,30.1
2023-05-23 07:00:00.000,29.988000000000007,summer weekday,30.1
2023-05-23 08:00:00.000,28.84720650000001,summer weekday,30.1
2023-05-23 09:00:00.000,27.938820000000003,summer weekday,30.1
2023-05-23 10:00:00.000,26.680573500000005,summer weekday,25.44
2023-05-23 11:00:00.000,22.850856000000004,summer weekday,25.44
2023-05-23 12:00:00.000,20.371848,summer weekday,25.44
2023-05-23 13:00:00.000,18.0615225,summer weekday,25.44
2023-05-23 14:00:00.000,17.810373,summer weekday,25.44
2023-05-23 15:00:00.000,18.9686595,summer weekday,25.44
2023-05-23 16:00:00.000,25.079964000000004,summer weekday,25.44
2023-05-23 17:00:00.000,27.125395500000003,summer weekday,25.44
2023-05-23 18:00:00.000,29.2720365,summer weekday,30.1
2023-05-23 19:00:00.000,29.98175250000001,summer weekday,30.1
2023-05-23 20:00:00.000,30.280383000000004,summer weekday,30.1
2023-05-23 21:00:00.000,29.8742955,summer weekday,30.1
2023-05-23 22:00:00.000,29.085861000000005,summer weekday,30.1
2023-05-23 23:00:00.000,27.738900000000005,summer weekday,25.44
2023-05-24 00:00:00.000,26.875495500000003,summer weekday,25.44
2023-05-24 01:00:00.000,26.755543500000005,summer weekday,25.44
2023-05-24 02:00:00.000,26.90298450000001,summer weekday,25.44
2023-05-24 03:00:00.000,26.936721,summer weekday,25.44
2023-05-24 04:00:00.000,28.163730000000005,summer weekday,30.1
2023-05-24 05:00:00.000,30.918877500000004,summer weekday,30.1
2023-05-24 06:00:00.000,32.880592500000006,summer weekday,34.9
2023-05-24 07:00:00.000,31.070067000000005,summer weekday,30.1
2023-05-24 08:00:00.000,29.739349500000003,summer weekday,30.1
2023-05-24 09:00:00.000,28.10375400000001,summer weekday,30.1
2023-05-24 10:00:00.000,27.489000000000004,summer weekday,25.44
2023-05-24 11:00:00.000,27.43652100000001,summer weekday,25.44
2023-05-24 12:00:00.000,27.738900000000005,summer weekday,25.44
2023-05-24 13:00:00.000,26.765539500000003,summer weekday,25.44
2023-05-24 14:00:00.000,28.371147000000008,summer weekday,30.1
2023-05-24 15:00:00.000,29.313270000000003,summer weekday,30.1
2023-05-24 16:00:00.000,30.835161000000006,summer weekday,30.1
2023-05-24 17:00:00.000,31.892238000000003,summer weekday,30.1
2023-05-24 18:00:00.000,38.679522000000006,summer weekday,34.9
2023-05-24 19:00:00.000,40.193916,summer weekday,34.9
2023-05-24 20:00:00.000,36.5491245,summer weekday,34.9
2023-05-24 21:00:00.000,31.892238000000003,summer weekday,30.1
2023-05-24 22:00:00.000,30.287880000000005,summer weekday,30.1
2023-05-24 23:00:00.000,30.140439,summer weekday,30.1
2023-05-25 00:00:00.000,29.093358,summer weekday,30.1
2023-05-25 01:00:00.000,28.732252500000005,summer weekday,30.1
2023-05-25 02:00:00.000,28.473606,summer weekday,30.1
2023-05-25 03:00:00.000,28.7022645,summer weekday,30.1
2023-05-25 04:00:00.000,29.818068000000004,summer weekday,30.1
2023-05-25 05:00:00.000,32.684421,summer weekday,34.9
2023-05-25 06:00:00.000,32.921826,summer weekday,34.9
2023-05-25 07:00:00.000,30.362850000000005,summer weekday,30.1
2023-05-25 08:00:00.000,27.7826325,summer weekday,30.1
2023-05-25 09:00:00.000,26.220757500000005,summer weekday,25.44
2023-05-25 10:00:00.000,24.310272,summer weekday,25.44
2023-05-25 11:00:00.000,22.525986000000003,summer weekday,25.44
2023-05-25 12:00:00.000,19.454715,summer weekday,25.44
2023-05-25 13:00:00.000,19.899537,summer weekday,25.44
2023-05-25 14:00:00.000,18.6512865,summer weekday,25.44
2023-05-25 15:00:00.000,22.489750500000003,summer weekday,25.44
2023-05-25 16:00:00.000,26.530633500000004,summer weekday,25.44
2023-05-25 17:00:00.000,29.133342000000003,summer weekday,30.1
2023-05-25 18:00:00.000,31.192518000000007,summer weekday,30.1
2023-05-25 19:00:00.000,32.96181000000001,summer weekday,34.9
2023-05-25 20:00:00.000,30.9488655,summer weekday,30.1
2023-05-25 21:00:00.000,29.923026000000007,summer weekday,30.1
2023-05-25 22:00:00.000,28.731003000000005,summer weekday,30.1
2023-05-25 23:00:00.000,28.377394500000005,summer weekday,30.1
2023-05-26 00:00:00.000,26.914230000000003,summer weekday,25.44
2023-05-26 01:00:00.000,26.6855715,summer weekday,25.44
2023-05-26 02:00:00.000,26.693068500000003,summer weekday,25.44
2023-05-26 03:00:00.000,27.237850500000004,summer weekday,25.44
2023-05-26 04:00:00.000,28.56232050000001,summer weekday,30.1
2023-05-26 05:00:00.000,30.480303000000006,summer weekday,30.1
2023-05-26 06:00:00.000,30.562770000000004,summer weekday,30.1
2023-05-26 07:00:00.000,29.94426750000001,summer weekday,30.1
2023-05-26 08:00:00.000,27.543978000000003,summer weekday,25.44
2023-05-26 09:00:00.000,24.396487500000003,summer weekday,25.44
2023-05-26 10:00:00.000,21.511392,summer weekday,25.44
2023-05-26 11:00:00.000,19.994499,summer weekday,25.44
2023-05-26 12:00:00.000,17.4892515,summer weekday,25.44
2023-05-26 13:00:00.000,17.368049999999997,summer weekday,25.44
2023-05-26 14:00:00.000,17.3767965,summer weekday,25.44
2023-05-26 15:00:00.000,20.231904,summer weekday,25.44
2023-05-26 16:00:00.000,24.0641205,summer weekday,25.44
2023-05-26 17:00:00.000,28.398636000000003,summer weekday,30.1
2023-05-26 18:00:00.000,31.215009,summer weekday,30.1
2023-05-26 19:00:00.000,31.814769000000005,summer weekday,30.1
2023-05-26 20:00:00.000,31.11255000000001,summer weekday,30.1
2023-05-26 21:00:00.000,29.800575,summer weekday,30.1
2023-05-26 22:00:00.000,28.925925000000003,summer weekday,30.1
2023-05-26 23:00:00.000,28.574815500000003,summer weekday,30.1
2023-05-27 00:00:00.000,27.805123500000004,summer weekend,27.0
2023-05-27 01:00:00.000,27.9550635,summer weekend,27.0
2023-05-27 02:00:00.000,28.154983500000004,summer weekend,27.0
2023-05-27 03:00:00.000,28.769737500000005,summer weekend,27.0
2023-05-27 04:00:00.000,28.613550000000004,summer weekend,27.0
2023-05-27 05:00:00.000,27.701415000000004,summer weekend,27.0
2023-05-27 06:00:00.000,27.737650500000008,summer weekend,27.0
2023-05-27 07:00:00.000,26.44066950000001,summer weekend,27.0
2023-05-27 08:00:00.000,24.247797,summer weekend,27.0
2023-05-27 09:00:00.000,19.4134815,summer weekend,19.7
2023-05-27 10:00:00.000,17.5492275,summer weekend,19.7
2023-05-27 11:00:00.000,17.368049999999997,summer weekend,19.7
2023-05-27 12:00:00.000,16.6863585,summer weekend,19.7
2023-05-27 13:00:00.000,17.0978605,summer weekend,19.7
2023-05-27 14:00:00.000,17.4317745,summer weekend,19.7
2023-05-27 15:00:00.000,17.650437,summer weekend,19.7
2023-05-27 16:00:00.000,24.250296,summer weekend,27.0
2023-05-27 17:00:00.000,27.970057500000003,summer weekend,27.0
2023-05-27 18:00:00.000,29.91053100000001,summer weekend,31.66
2023-05-27 19:00:00.000,32.97805350000001,summer weekend,31.66
2023-05-27 20:00:00.000,31.49739600000001,summer weekend,31.66
2023-05-27 21:00:00.000,29.866798500000005,summer weekend,31.66
2023-05-27 22:00:00.000,29.20206450000001,summer weekend,27.0
2023-05-27 23:00:00.000,28.24994550000001,summer weekend,27.0
2023-05-28 00:00:00.000,27.863850000000003,summer weekend,27.0
2023-05-28 01:00:00.000,27.60395400000001,summer weekend,27.0
2023-05-28 02:00:00.000,27.097906500000004,summer weekend,27.0
2023-05-28 03:00:00.000,27.096657,summer weekend,27.0
2023-05-28 04:00:00.000,26.922976500000004,summer weekend,27.0
2023-05-28 05:00:00.000,26.366949,summer weekend,27.0
2023-05-28 06:00:00.000,25.469808000000004,summer weekend,27.0
2023-05-28 07:00:00.000,22.078665,summer weekend,19.7
2023-05-28 08:00:00.000,17.368049999999997,summer weekend,19.7
2023-05-28 09:00:00.000,17.019855999999997,summer weekend,19.7
2023-05-28 10:00:00.000,15.3274975,summer weekend,19.7
2023-05-28 11:00:00.000,11.860254,summer weekend,19.7
2023-05-28 12:00:00.000,2.6817245000000023,summer weekend,19.7
2023-05-28 13:00:00.000,2.6760720000000005,summer weekend,19.7
2023-05-28 14:00:00.000,6.280106000000002,summer weekend,19.7
2023-05-28 15:00:00.000,15.256275999999998,summer weekend,19.7
2023-05-28 16:00:00.000,17.361267,summer weekend,19.7
2023-05-28 17:00:00.000,23.61555,summer weekend,27.0
2023-05-28 18:00:00.000,26.47690500000001,summer weekend,27.0
2023-05-28 19:00:00.000,27.36529950000001,summer weekend,27.0
2023-05-28 20:00:00.000,27.094158000000004,summer weekend,27.0
2023-05-28 21:00:00.000,26.589360000000003,summer weekend,27.0
2023-05-28 22:00:00.000,26.05207500000001,summer weekend,27.0
2023-05-28 23:00:00.000,24.768838500000005,summer weekend,27.0
2023-05-29 00:00:00.000,24.102855,summer weekend,27.0
2023-05-29 01:00:00.000,23.842959000000004,summer weekend,27.0
2023-05-29 02:00:00.000,23.4293745,summer weekend,27.0
2023-05-29 03:00:00.000,24.18032400000001,summer weekend,27.0
2023-05-29 04:00:00.000,25.284882000000007,summer weekend,27.0
2023-05-29 05:00:00.000,25.820917500000004,summer weekend,27.0
2023-05-29 06:00:00.000,24.703864500000005,summer weekend,27.0
2023-05-29 07:00:00.000,21.106554,summer weekend,19.7
2023-05-29 08:00:00.000,17.368049999999997,summer weekend,19.7
2023-05-29 09:00:00.000,17.1295145,summer weekend,19.7
2023-05-29 10:00:00.000,14.984956,summer weekend,19.7
2023-05-29 11:00:00.000,11.148039,summer weekend,19.7
2023-05-29 12:00:00.000,6.615864500000002,summer weekend,19.7
2023-05-29 13:00:00.000,4.994727500000001,summer weekend,19.7
2023-05-29 14:00:00.000,8.246045500000001,summer weekend,19.7
2023-05-29 15:00:00.000,15.1104415,summer weekend,19.7
2023-05-29 16:00:00.000,16.805061,summer weekend,19.7
2023-05-29 17:00:00.000,19.76709,summer weekend,19.7
2023-05-29 18:00:00.000,26.37444600000001,summer weekend,27.0
2023-05-29 19:00:00.000,27.832612500000003,summer weekend,27.0
2023-05-29 20:00:00.000,28.098756000000005,summer weekend,27.0
2023-05-29 21:00:00.000,27.424026000000005,summer weekend,27.0
2023-05-29 22:00:00.000,26.646837000000005,summer weekend,27.0
2023-05-29 23:00:00.000,26.741799000000004,summer weekend,27.0
2023-05-30 00:00:00.000,26.245747500000004,summer weekday,25.44
2023-05-30 01:00:00.000,25.977105000000005,summer weekday,25.44
2023-05-30 02:00:00.000,26.118298500000005,summer weekday,25.44
2023-05-30 03:00:00.000,26.949216000000003,summer weekday,25.44
2023-05-30 04:00:00.000,27.9975465,summer weekday,30.1
2023-05-30 05:00:00.000,29.601904500000007,summer weekday,30.1
2023-05-30 06:00:00.000,32.107152000000006,summer weekday,30.1
2023-05-30 07:00:00.000,30.942618000000007,summer weekday,30.1
2023-05-30 08:00:00.000,28.621047000000004,summer weekday,30.1
2023-05-30 09:00:00.000,27.660181500000004,summer weekday,25.44
2023-05-30 10:00:00.000,26.148286500000005,summer weekday,25.44
2023-05-30 11:00:00.000,25.426075500000003,summer weekday,25.44
2023-05-30 12:00:00.000,24.535182,summer weekday,25.44
2023-05-30 13:00:00.000,24.42522600000001,summer weekday,25.44
2023-05-30 14:00:00.000,25.197417,summer weekday,25.44
2023-05-30 15:00:00.000,26.3731965,summer weekday,25.44
2023-05-30 16:00:00.000,28.432372500000003,summer weekday,30.1
2023-05-30 17:00:00.000,29.609401500000004,summer weekday,30.1
2023-05-30 18:00:00.000,32.97430500000001,summer weekday,34.9
2023-05-30 19:00:00.000,36.680322,summer weekday,34.9
2023-05-30 20:00:00.000,33.083011500000005,summer weekday,34.9
2023-05-30 21:00:00.000,29.526934500000007,summer weekday,30.1
2023-05-30 22:00:00.000,28.569817500000003,summer weekday,30.1
2023-05-30 23:00:00.000,28.10375400000001,summer weekday,30.1
2023-05-31 00:00:00.000,27.635191500000005,summer weekday,25.44
2023-05-31 01:00:00.000,26.639340000000008,summer weekday,25.44
2023-05-31 02:00:00.000,27.366549000000003,summer weekday,25.44
2023-05-31 03:00:00.000,28.021287000000004,summer weekday,30.1
2023-05-31 04:00:00.000,28.860951000000007,summer weekday,30.1
2023-05-31 05:00:00.000,32.238349500000005,summer weekday,30.1
2023-05-31 06:00:00.000,32.164629000000005,summer weekday,30.1
2023-05-31 07:00:00.000,30.591508500000007,summer weekday,30.1
2023-05-31 08:00:00.000,28.164979500000005,summer weekday,30.1
2023-05-31 09:00:00.000,25.729704000000005,summer weekday,25.44
2023-05-31 10:00:00.000,23.168229000000004,summer weekday,25.44
2023-05-31 11:00:00.000,18.500097,summer weekday,25.44
2023-05-31 12:00:00.000,17.365789,summer weekday,25.44
2023-05-31 13:00:00.000,17.276479499999997,summer weekday,25.44
2023-05-31 14:00:00.000,17.3488315,summer weekday,25.44
2023-05-31 15:00:00.000,19.887042,summer weekday,25.44
2023-05-31 16:00:00.000,26.045827500000005,summer weekday,25.44
2023-05-31 17:00:00.000,28.1674785,summer weekday,30.1
2023-05-31 18:00:00.000,30.895137,summer weekday,30.1
2023-05-31 19:00:00.000,32.31207,summer weekday,30.1
2023-05-31 20:00:00.000,30.3241155,summer weekday,30.1
2023-05-31 21:00:00.000,29.148336000000004,summer weekday,30.1
2023-05-31 22:00:00.000,27.755143500000003,summer weekday,25.44
2023-05-31 23:00:00.000,27.88259250000001,summer weekday,30.1
2023-06-01 00:00:00.000,26.651835,summer weekday,25.44
2023-06-01 01:00:00.000,26.127045000000003,summer weekday,25.44
2023-06-01 02:00:00.000,25.704714000000003,summer weekday,25.44
2023-06-01 03:00:00.000,25.827165000000004,summer weekday,25.44
2023-06-01 04:00:00.000,27.420277500000008,summer weekday,25.44
2023-06-01 05:00:00.000,29.493198000000007,summer weekday,30.1
2023-06-01 06:00:00.000,30.891388500000005,summer weekday,30.1
2023-06-01 07:00:00.000,29.746846500000004,summer weekday,30.1
2023-06-01 08:00:00.000,28.276185000000005,summer weekday,30.1
2023-06-01 09:00:00.000,25.888390500000003,summer weekday,25.44
2023-06-01 10:00:00.000,24.85505400000001,summer weekday,25.44
2023-06-01 11:00:00.000,22.223607,summer weekday,25.44
2023-06-01 12:00:00.000,18.5363325,summer weekday,25.44
2023-06-01 13:00:00.000,17.7441495,summer weekday,25.44
2023-06-01 14:00:00.000,19.0361325,summer weekday,25.44
2023-06-01 15:00:00.000,24.382743,summer weekday,25.44
2023-06-01 16:00:00.000,26.364450000000005,summer weekday,25.44
2023-06-01 17:00:00.000,28.346157000000005,summer weekday,30.1
2023-06-01 18:00:00.000,29.920527000000003,summer weekday,30.1
2023-06-01 19:00:00.000,32.36704800000001,summer weekday,30.1
2023-06-01 20:00:00.000,30.291628500000005,summer weekday,30.1
2023-06-01 21:00:00.000,29.289529500000004,summer weekday,30.1
2023-06-01 22:00:00.000,28.179973500000003,summer weekday,30.1
2023-06-01 23:00:00.000,27.812620500000005,summer weekday,30.1
2023-06-02 00:00:00.000,27.28908000000001,summer weekday,25.44
2023-06-02 01:00:00.000,27.345307500000004,summer weekday,25.44
2023-06-02 02:00:00.000,27.041679,summer weekday,25.44
2023-06-02 03:00:00.000,27.503994,summer weekday,25.44
2023-06-02 04:00:00.000,28.723506000000004,summer weekday,30.1
2023-06-02 05:00:00.000,32.233351500000005,summer weekday,30.1
2023-06-02 06:00:00.000,33.059271,summer weekday,34.9
2023-06-02 07:00:00.000,29.3869905,summer weekday,30.1
2023-06-02 08:00:00.000,27.910081500000008,summer weekday,30.1
2023-06-02 09:00:00.000,26.37569550000001,summer weekday,25.44
2023-06-02 10:00:00.000,25.258642500000004,summer weekday,25.44
2023-06-02 11:00:00.000,24.372747000000004,summer weekday,25.44
2023-06-02 12:00:00.000,22.69216950000001,summer weekday,25.44
2023-06-02 13:00:00.000,21.968709,summer weekday,25.44
2023-06-02 14:00:00.000,22.978305,summer weekday,25.44
2023-06-02 15:00:00.000,24.648886500000007,summer weekday,25.44
2023-06-02 16:00:00.000,26.94171900000001,summer weekday,25.44
2023-06-02 17:00:00.000,28.10875200000001,summer weekday,30.1
2023-06-02 18:00:00.000,30.002994000000005,summer weekday,30.1
2023-06-02 19:00:00.000,31.175025000000005,summer weekday,30.1
2023-06-02 20:00:00.000,30.026734500000007,summer weekday,30.1
2023-06-02 21:00:00.000,28.933422000000004,summer weekday,30.1
2023-06-02 22:00:00.000,27.996297,summer weekday,30.1
2023-06-02 23:00:00.000,27.982552500000008,summer weekday,30.1
2023-06-03 00:00:00.000,27.401535000000003,summer weekend,27.0
2023-06-03 01:00:00.000,27.087910500000007,summer weekend,27.0
2023-06-03 02:00:00.000,26.764290000000003,summer weekend,27.0
2023-06-03 03:00:00.000,27.452764500000004,summer weekend,27.0
2023-06-03 04:00:00.000,27.194118000000007,summer weekend,27.0
2023-06-03 05:00:00.000,27.084162000000006,summer weekend,27.0
2023-06-03 06:00:00.000,26.5681185,summer weekend,27.0
2023-06-03 07:00:00.000,26.114550000000005,summer weekend,27.0
2023-06-03 08:00:00.000,24.861301500000003,summer weekend,27.0
2023-06-03 09:00:00.000,20.786682,summer weekend,19.7
2023-06-03 10:00:00.000,17.9928,summer weekend,19.7
2023-06-03 11:00:00.000,17.366919499999998,summer weekend,19.7
2023-06-03 12:00:00.000,16.8129745,summer weekend,19.7
2023-06-03 13:00:00.000,16.9848105,summer weekend,19.7
2023-06-03 14:00:00.000,17.3623975,summer weekend,19.7
2023-06-03 15:00:00.000,18.040281,summer weekend,19.7
2023-06-03 16:00:00.000,23.073267,summer weekend,19.7
2023-06-03 17:00:00.000,26.7393,summer weekend,27.0
2023-06-03 18:00:00.000,27.983802,summer weekend,27.0
2023-06-03 19:00:00.000,29.225805,summer weekend,27.0
2023-06-03 20:00:00.000,29.225805,summer weekend,27.0
2023-06-03 21:00:00.000,28.34990550000001,summer weekend,27.0
2023-06-03 22:00:00.000,27.510241500000006,summer weekend,27.0
2023-06-03 23:00:00.000,27.503994,summer weekend,27.0
2023-06-04 00:00:00.000,26.72680500000001,summer weekend,27.0
2023-06-04 01:00:00.000,26.428174500000004,summer weekend,27.0
2023-06-04 02:00:00.000,26.320717500000008,summer weekend,27.0
2023-06-04 03:00:00.000,26.506893000000005,summer weekend,27.0
2023-06-04 04:00:00.000,26.393188500000004,summer weekend,27.0
2023-06-04 05:00:00.000,25.9983465,summer weekend,27.0
2023-06-04 06:00:00.000,25.461061500000003,summer weekend,27.0
2023-06-04 07:00:00.000,23.71675950000001,summer weekend,27.0
2023-06-04 08:00:00.000,20.1082035,summer weekend,19.7
2023-06-04 09:00:00.000,18.0065445,summer weekend,19.7
2023-06-04 10:00:00.000,17.368049999999997,summer weekend,19.7
2023-06-04 11:00:00.000,16.805061,summer weekend,19.7
2023-06-04 12:00:00.000,14.0387275,summer weekend,19.7
2023-06-04 13:00:00.000,13.2586825,summer weekend,19.7
2023-06-04 14:00:00.000,16.8785435,summer weekend,19.7
2023-06-04 15:00:00.000,17.368049999999997,summer weekend,19.7
2023-06-04 16:00:00.000,21.678825,summer weekend,19.7
2023-06-04 17:00:00.000,27.140389500000005,summer weekend,27.0
2023-06-04 18:00:00.000,29.730603,summer weekend,31.66
2023-06-04 19:00:00.000,31.086310500000007,summer weekend,31.66
2023-06-04 20:00:00.000,30.187920000000005,summer weekend,31.66
2023-06-04 21:00:00.000,29.738100000000006,summer weekend,31.66
2023-06-04 22:00:00.000,28.236201000000005,summer weekend,27.0
2023-06-04 23:00:00.000,27.2028645,summer weekend,27.0
2023-06-05 00:00:00.000,26.251995000000004,summer weekday,25.44
2023-06-05 01:00:00.000,26.12329650000001,summer weekday,25.44
2023-06-05 02:00:00.000,26.256993000000005,summer weekday,25.44
2023-06-05 03:00:00.000,26.646837000000005,summer weekday,25.44
2023-06-05 04:00:00.000,28.408632000000004,summer weekday,30.1
2023-06-05 05:00:00.000,32.62319550000001,summer weekday,34.9
2023-06-05 06:00:00.000,31.586110500000007,summer weekday,30.1
2023-06-05 07:00:00.000,29.856802500000004,summer weekday,30.1
2023-06-05 08:00:00.000,28.164979500000005,summer weekday,30.1
2023-06-05 09:00:00.000,26.7393,summer weekday,25.44
2023-06-05 10:00:00.000,26.12454600000001,summer weekday,25.44
2023-06-05 11:00:00.000,26.035831500000004,summer weekday,25.44
2023-06-05 12:00:00.000,26.030833500000007,summer weekday,25.44
2023-06-05 13:00:00.000,25.873396500000005,summer weekday,25.44
2023-06-05 14:00:00.000,26.095807500000003,summer weekday,25.44
2023-06-05 15:00:00.000,27.225355500000003,summer weekday,25.44
2023-06-05 16:00:00.000,28.588560000000005,summer weekday,30.1
2023-06-05 17:00:00.000,29.958012000000004,summer weekday,30.1
2023-06-05 18:00:00.000,34.280032500000004,summer weekday,34.9
2023-06-05 19:00:00.000,37.0314315,summer weekday,34.9
2023-06-05 20:00:00.000,33.41163,summer weekday,34.9
2023-06-05 21:00:00.000,29.992998000000004,summer weekday,30.1
2023-06-05 22:00:00.000,28.486101,summer weekday,30.1
2023-06-05 23:00:00.000,27.392788500000005,summer weekday,25.44
2023-06-06 00:00:00.000,27.285331500000005,summer weekday,25.44
2023-06-06 01:00:00.000,27.272836500000004,summer weekday,25.44
2023-06-06 02:00:00.000,27.64268850000001,summer weekday,25.44
2023-06-06 03:00:00.000,28.13874000000001,summer weekday,30.1
2023-06-06 04:00:00.000,28.682272500000003,summer weekday,30.1
2023-06-06 05:00:00.000,35.66073000000001,summer weekday,34.9
2023-06-06 06:00:00.000,36.520386,summer weekday,34.9
2023-06-06 07:00:00.000,32.679423,summer weekday,34.9
2023-06-06 08:00:00.000,29.225805,summer weekday,30.1
2023-06-06 09:00:00.000,28.204963500000005,summer weekday,30.1
2023-06-06 10:00:00.000,27.621447000000003,summer weekday,25.44
2023-06-06 11:00:00.000,27.075415500000005,summer weekday,25.44
2023-06-06 12:00:00.000,26.68807050000001,summer weekday,25.44
2023-06-06 13:00:00.000,26.190769500000005,summer weekday,25.44
2023-06-06 14:00:00.000,26.819268000000005,summer weekday,25.44
2023-06-06 15:00:00.000,27.510241500000006,summer weekday,25.44
2023-06-06 16:00:00.000,28.3524045,summer weekday,30.1
2023-06-06 17:00:00.000,29.718108000000004,summer weekday,30.1
2023-06-06 18:00:00.000,34.132591500000004,summer weekday,34.9
2023-06-06 19:00:00.000,36.410430000000005,summer weekday,34.9
2023-06-06 20:00:00.000,33.17797350000001,summer weekday,34.9
2023-06-06 21:00:00.000,30.11794800000001,summer weekday,30.1
2023-06-06 22:00:00.000,28.612300500000007,summer weekday,30.1
2023-06-06 23:00:00.000,29.05837200000001,summer weekday,30.1
2023-06-07 00:00:00.000,28.592308500000005,summer weekday,30.1
2023-06-07 01:00:00.000,28.646037,summer weekday,30.1
2023-06-07 02:00:00.000,28.63854000000001,summer weekday,30.1
2023-06-07 03:00:00.000,28.698516000000005,summer weekday,30.1
2023-06-07 04:00:00.000,29.600655000000003,summer weekday,30.1
2023-06-07 05:00:00.000,33.31916700000001,summer weekday,34.9
2023-06-07 06:00:00.000,35.6719755,summer weekday,34.9
2023-06-07 07:00:00.000,31.694817000000004,summer weekday,30.1
2023-06-07 08:00:00.000,29.679373500000004,summer weekday,30.1
2023-06-07 09:00:00.000,29.0046435,summer weekday,30.1
2023-06-07 10:00:00.000,28.188720000000007,summer weekday,30.1
2023-06-07 11:00:00.000,27.357802500000005,summer weekday,25.44
2023-06-07 12:00:00.000,27.101655000000008,summer weekday,25.44
2023-06-07 13:00:00.000,26.920477500000004,summer weekday,25.44
2023-06-07 14:00:00.000,27.245347500000005,summer weekday,25.44
2023-06-07 15:00:00.000,27.32781450000001,summer weekday,25.44
2023-06-07 16:00:00.000,29.140839000000007,summer weekday,30.1
2023-06-07 17:00:00.000,29.9967465,summer weekday,30.1
2023-06-07 18:00:00.000,34.676124,summer weekday,34.9
2023-06-07 19:00:00.000,35.823165,summer weekday,34.9
2023-06-07 20:00:00.000,33.3054225,summer weekday,34.9
2023-06-07 21:00:00.000,30.590259000000003,summer weekday,30.1
2023-06-07 22:00:00.000,29.225805,summer weekday,30.1
2023-06-07 23:00:00.000,29.104603500000003,summer weekday,30.1
2023-06-08 00:00:00.000,28.521087000000005,summer weekend,27.0
2023-06-08 01:00:00.000,27.743898,summer weekend,27.0
2023-06-08 02:00:00.000,27.351555000000005,summer weekend,27.0
2023-06-08 03:00:00.000,27.618948000000007,summer weekend,27.0
2023-06-08 04:00:00.000,28.418628,summer weekend,27.0
2023-06-08 05:00:00.000,29.114599500000008,summer weekend,27.0
2023-06-08 06:00:00.000,29.020887000000005,summer weekend,27.0
2023-06-08 07:00:00.000,28.788480000000003,summer weekend,27.0
2023-06-08 08:00:00.000,27.836361000000004,summer weekend,27.0
2023-06-08 09:00:00.000,26.69431800000001,summer weekend,27.0
2023-06-08 10:00:00.000,25.927125000000004,summer weekend,27.0
2023-06-08 11:00:00.000,25.392339000000003,summer weekend,27.0
2023-06-08 12:00:00.000,25.34485800000001,summer weekend,27.0
2023-06-08 13:00:00.000,25.372347000000005,summer weekend,27.0
2023-06-08 14:00:00.000,25.855903500000007,summer weekend,27.0
2023-06-08 15:00:00.000,26.2607415,summer weekend,27.0
2023-06-08 16:00:00.000,26.876745000000003,summer weekend,27.0
2023-06-08 17:00:00.000,28.671027,summer weekend,27.0
2023-06-08 18:00:00.000,30.116698500000005,summer weekend,31.66
2023-06-08 19:00:00.000,31.592358000000004,summer weekend,31.66
2023-06-08 20:00:00.000,30.487800000000004,summer weekend,31.66
2023-06-08 21:00:00.000,29.435721000000004,summer weekend,31.66
2023-06-08 22:00:00.000,28.7385,summer weekend,27.0
2023-06-08 23:00:00.000,29.2383,summer weekend,27.0
2023-06-09 00:00:00.000,28.576065000000003,summer weekend,27.0
2023-06-09 01:00:00.000,27.33031350000001,summer weekend,27.0
2023-06-09 02:00:00.000,26.86425,summer weekend,27.0
2023-06-09 03:00:00.000,26.8979865,summer weekend,27.0
2023-06-09 04:00:00.000,28.496097,summer weekend,27.0
2023-06-09 05:00:00.000,30.330363,summer weekend,31.66
2023-06-09 06:00:00.000,30.359101500000005,summer weekend,31.66
2023-06-09 07:00:00.000,30.355353000000004,summer weekend,31.66
2023-06-09 08:00:00.000,28.787230500000003,summer weekend,27.0
2023-06-09 09:00:00.000,27.64643700000001,summer weekend,27.0
2023-06-09 10:00:00.000,26.793028500000005,summer weekend,27.0
2023-06-09 11:00:00.000,26.118298500000005,summer weekend,27.0
2023-06-09 12:00:00.000,25.48980000000001,summer weekend,27.0
2023-06-09 13:00:00.000,25.372347000000005,summer weekend,27.0
2023-06-09 14:00:00.000,25.91338050000001,summer weekend,27.0
2023-06-09 15:00:00.000,26.444418,summer weekend,27.0
2023-06-09 16:00:00.000,27.4427685,summer weekend,27.0
2023-06-09 17:00:00.000,29.2383,summer weekend,27.0
2023-06-09 18:00:00.000,30.377844000000003,summer weekend,31.66
2023-06-09 19:00:00.000,30.668977500000004,summer weekend,31.66
2023-06-09 20:00:00.000,30.377844000000003,summer weekend,31.66
2023-06-09 21:00:00.000,29.54817600000001,summer weekend,31.66
2023-06-09 22:00:00.000,28.113750000000003,summer weekend,27.0
2023-06-09 23:00:00.000,28.49234850000001,summer weekend,27.0
2023-06-10 00:00:00.000,27.876345000000004,summer weekend,27.0
2023-06-10 01:00:00.000,27.880093500000005,summer weekend,27.0
2023-06-10 02:00:00.000,27.404034000000003,summer weekend,27.0
2023-06-10 03:00:00.000,27.044178,summer weekend,27.0
2023-06-10 04:00:00.000,27.3478065,summer weekend,27.0
2023-06-10 05:00:00.000,27.2928285,summer weekend,27.0
2023-06-10 06:00:00.000,27.98880000000001,summer weekend,27.0
2023-06-10 07:00:00.000,27.588960000000004,summer weekend,27.0
2023-06-10 08:00:00.000,25.363600500000004,summer weekend,27.0
2023-06-10 09:00:00.000,20.7304545,summer weekend,19.7
2023-06-10 10:00:00.000,18.9311745,summer weekend,19.7
2023-06-10 11:00:00.000,17.378046,summer weekend,19.7
2023-06-10 12:00:00.000,15.111571999999995,summer weekend,19.7
2023-06-10 13:00:00.000,15.1036585,summer weekend,19.7
2023-06-10 14:00:00.000,16.8061915,summer weekend,19.7
2023-06-10 15:00:00.000,17.685422999999997,summer weekend,19.7
2023-06-10 16:00:00.000,22.928325000000005,summer weekend,19.7
2023-06-10 17:00:00.000,26.735551500000003,summer weekend,27.0
2023-06-10 18:00:00.000,28.133742,summer weekend,27.0
2023-06-10 19:00:00.000,28.122496500000008,summer weekend,27.0
2023-06-10 20:00:00.000,27.192868500000003,summer weekend,27.0
2023-06-10 21:00:00.000,27.487750500000004,summer weekend,27.0
2023-06-10 22:00:00.000,26.058322500000006,summer weekend,27.0
2023-06-10 23:00:00.000,25.461061500000003,summer weekend,27.0
2023-06-11 00:00:00.000,24.623896500000004,summer weekend,27.0
2023-06-11 01:00:00.000,23.975406000000003,summer weekend,27.0
2023-06-11 02:00:00.000,23.6068035,summer weekend,27.0
2023-06-11 03:00:00.000,23.855454000000005,summer weekend,27.0
2023-06-11 04:00:00.000,23.5068435,summer weekend,27.0
2023-06-11 05:00:00.000,23.61180150000001,summer weekend,27.0
2023-06-11 06:00:00.000,23.205714,summer weekend,19.7
2023-06-11 07:00:00.000,20.921628,summer weekend,19.7
2023-06-11 08:00:00.000,19.354755,summer weekend,19.7
2023-06-11 09:00:00.000,17.369299499999997,summer weekend,19.7
2023-06-11 10:00:00.000,17.178126000000002,summer weekend,19.7
2023-06-11 11:00:00.000,15.150009,summer weekend,19.7
2023-06-11 12:00:00.000,13.4124305,summer weekend,19.7
2023-06-11 13:00:00.000,13.4169525,summer weekend,19.7
2023-06-11 14:00:00.000,16.132413500000002,summer weekend,19.7
2023-06-11 15:00:00.000,17.3578755,summer weekend,19.7
2023-06-11 16:00:00.000,20.856654,summer weekend,19.7
2023-06-11 17:00:00.000,27.841359000000004,summer weekend,27.0
2023-06-11 18:00:00.000,29.851804500000004,summer weekend,31.66
2023-06-11 19:00:00.000,30.731452500000003,summer weekend,31.66
2023-06-11 20:00:00.000,30.68772000000001,summer weekend,31.66
2023-06-11 21:00:00.000,29.6568825,summer weekend,31.66
2023-06-11 22:00:00.000,28.4748555,summer weekend,27.0
2023-06-11 23:00:00.000,29.154583500000005,summer weekend,27.0
2023-06-12 00:00:00.000,27.998796,summer weekday,30.1
2023-06-12 01:00:00.000,27.991299000000005,summer weekday,30.1
2023-06-12 02:00:00.000,27.567718500000005,summer weekday,25.44
2023-06-12 03:00:00.000,27.85760250000001,summer weekday,30.1
2023-06-12 04:00:00.000,29.248296000000007,summer weekday,30.1
2023-06-12 05:00:00.000,30.79142850000001,summer weekday,30.1
2023-06-12 06:00:00.000,33.216708000000004,summer weekday,34.9
2023-06-12 07:00:00.000,32.9105805,summer weekday,34.9
2023-06-12 08:00:00.000,30.6139995,summer weekday,30.1
2023-06-12 09:00:00.000,28.609801500000003,summer weekday,30.1
2023-06-12 10:00:00.000,26.859252,summer weekday,25.44
2023-06-12 11:00:00.000,25.6934685,summer weekday,25.44
2023-06-12 12:00:00.000,24.9912495,summer weekday,25.44
2023-06-12 13:00:00.000,25.392339000000003,summer weekday,25.44
2023-06-12 14:00:00.000,26.859252,summer weekday,25.44
2023-06-12 15:00:00.000,27.966309000000003,summer weekday,30.1
2023-06-12 16:00:00.000,29.563170000000003,summer weekday,30.1
2023-06-12 17:00:00.000,31.072566000000005,summer weekday,30.1
2023-06-12 18:00:00.000,33.991398000000004,summer weekday,34.9
2023-06-12 19:00:00.000,35.2221555,summer weekday,34.9
2023-06-12 20:00:00.000,31.978453500000004,summer weekday,30.1
2023-06-12 21:00:00.000,30.7377,summer weekday,30.1
2023-06-12 22:00:00.000,29.625645,summer weekday,30.1
2023-06-12 23:00:00.000,28.502344500000003,summer weekday,30.1
2023-06-13 00:00:00.000,27.711411000000005,summer weekday,25.44
2023-06-13 01:00:00.000,27.775135500000008,summer weekday,30.1
2023-06-13 02:00:00.000,27.707662500000005,summer weekday,25.44
2023-06-13 03:00:00.000,27.960061500000005,summer weekday,30.1
2023-06-13 04:00:00.000,28.618548000000008,summer weekday,30.1
2023-06-13 05:00:00.000,31.754793000000003,summer weekday,30.1
2023-06-13 06:00:00.000,32.303323500000005,summer weekday,30.1
2023-06-13 07:00:00.000,32.36704800000001,summer weekday,30.1
2023-06-13 08:00:00.000,30.252894000000005,summer weekday,30.1
2023-06-13 09:00:00.000,27.998796,summer weekday,30.1
2023-06-13 10:00:00.000,27.022936500000007,summer weekday,25.44
2023-06-13 11:00:00.000,24.380244000000005,summer weekday,25.44
2023-06-13 12:00:00.000,23.64054,summer weekday,25.44
2023-06-13 13:00:00.000,23.428125,summer weekday,25.44
2023-06-13 14:00:00.000,25.248646500000003,summer weekday,25.44
2023-06-13 15:00:00.000,26.536881000000005,summer weekday,25.44
2023-06-13 16:00:00.000,27.942568500000004,summer weekday,30.1
2023-06-13 17:00:00.000,30.035481,summer weekday,30.1
2023-06-13 18:00:00.000,31.3612005,summer weekday,30.1
2023-06-13 19:00:00.000,32.372046000000005,summer weekday,30.1
2023-06-13 20:00:00.000,31.737300000000005,summer weekday,30.1
2023-06-13 21:00:00.000,30.487800000000004,summer weekday,30.1
2023-06-13 22:00:00.000,29.66063100000001,summer weekday,30.1
2023-06-13 23:00:00.000,29.398236000000004,summer weekday,30.1
2023-06-14 00:00:00.000,28.448616000000005,summer weekday,30.1
2023-06-14 01:00:00.000,28.236201000000005,summer weekday,30.1
2023-06-14 02:00:00.000,28.144987500000003,summer weekday,30.1
2023-06-14 03:00:00.000,28.397386500000003,summer weekday,30.1
2023-06-14 04:00:00.000,29.630643000000006,summer weekday,30.1
2023-06-14 05:00:00.000,33.227953500000005,summer weekday,34.9
2023-06-14 06:00:00.000,34.3874895,summer weekday,34.9
2023-06-14 07:00:00.000,33.361650000000004,summer weekday,34.9
2023-06-14 08:00:00.000,30.277884000000004,summer weekday,30.1
2023-06-14 09:00:00.000,28.32116700000001,summer weekday,30.1
2023-06-14 10:00:00.000,27.165379500000004,summer weekday,25.44
2023-06-14 11:00:00.000,26.630593500000003,summer weekday,25.44
2023-06-14 12:00:00.000,26.770537500000007,summer weekday,25.44
2023-06-14 13:00:00.000,27.105403500000005,summer weekday,25.44
2023-06-14 14:00:00.000,27.171627000000004,summer weekday,25.44
2023-06-14 15:00:00.000,27.803874000000008,summer weekday,30.1
2023-06-14 16:00:00.000,29.683122000000008,summer weekday,30.1
2023-06-14 17:00:00.000,31.708561500000005,summer weekday,30.1
2023-06-14 18:00:00.000,35.1196965,summer weekday,34.9
2023-06-14 19:00:00.000,36.382941,summer weekday,34.9
2023-06-14 20:00:00.000,34.849804500000005,summer weekday,34.9
2023-06-14 21:00:00.000,32.33331150000001,summer weekday,30.1
2023-06-14 22:00:00.000,30.9713565,summer weekday,30.1
2023-06-14 23:00:00.000,30.752694000000005,summer weekday,30.1
2023-06-15 00:00:00.000,30.2091615,summer weekday,30.1
2023-06-15 01:00:00.000,29.940519,summer weekday,30.1
2023-06-15 02:00:00.000,29.91053100000001,summer weekday,30.1
2023-06-15 03:00:00.000,29.90928150000001,summer weekday,30.1
2023-06-15 04:00:00.000,31.607352,summer weekday,30.1
2023-06-15 05:00:00.000,37.84985400000001,summer weekday,34.9
2023-06-15 06:00:00.000,38.122245,summer weekday,34.9
2023-06-15 07:00:00.000,34.86979650000001,summer weekday,34.9
2023-06-15 08:00:00.000,31.86225,summer weekday,30.1
2023-06-15 09:00:00.000,30.320367000000005,summer weekday,30.1
2023-06-15 10:00:00.000,29.615649000000005,summer weekday,30.1
2023-06-15 11:00:00.000,28.893438000000003,summer weekday,30.1
2023-06-15 12:00:00.000,28.613550000000004,summer weekday,30.1
2023-06-15 13:00:00.000,28.613550000000004,summer weekday,30.1
2023-06-15 14:00:00.000,28.864699500000004,summer weekday,30.1
2023-06-15 15:00:00.000,29.456962500000007,summer weekday,30.1
2023-06-15 16:00:00.000,30.475305,summer weekday,30.1
2023-06-15 17:00:00.000,33.03553050000001,summer weekday,34.9
2023-06-15 18:00:00.000,36.900234000000005,summer weekday,34.9
2023-06-15 19:00:00.000,39.769086,summer weekday,34.9
2023-06-15 20:00:00.000,38.926923,summer weekday,34.9
2023-06-15 21:00:00.000,36.105552,summer weekday,34.9
2023-06-15 22:00:00.000,32.989299,summer weekday,34.9
2023-06-15 23:00:00.000,33.131742,summer weekday,34.9
2023-06-16 00:00:00.000,32.564469,summer weekday,34.9
2023-06-16 01:00:00.000,31.81102050000001,summer weekday,30.1
2023-06-16 02:00:00.000,31.449915,summer weekday,30.1
2023-06-16 03:00:00.000,31.49739600000001,summer weekday,30.1
2023-06-16 04:00:00.000,32.083411500000004,summer weekday,30.1
2023-06-16 05:00:00.000,35.22340500000001,summer weekday,34.9
2023-06-16 06:00:00.000,36.57786300000001,summer weekday,34.9
2023-06-16 07:00:00.000,35.559520500000005,summer weekday,34.9
2023-06-16 08:00:00.000,32.881842000000006,summer weekday,34.9
2023-06-16 09:00:00.000,31.387440000000005,summer weekday,30.1
2023-06-16 10:00:00.000,30.986350500000004,summer weekday,30.1
2023-06-16 11:00:00.000,30.7814325,summer weekday,30.1
2023-06-16 12:00:00.000,30.037980000000005,summer weekday,30.1
2023-06-16 13:00:00.000,29.776834500000007,summer weekday,30.1
2023-06-16 14:00:00.000,30.069217500000004,summer weekday,30.1
2023-06-16 15:00:00.000,30.9213765,summer weekday,30.1
2023-06-16 16:00:00.000,31.742298000000005,summer weekday,30.1
2023-06-16 17:00:00.000,34.280032500000004,summer weekday,34.9
2023-06-16 18:00:00.000,37.5087405,summer weekday,34.9
2023-06-16 19:00:00.000,39.246795,summer weekday,34.9
2023-06-16 20:00:00.000,38.6582805,summer weekday,34.9
2023-06-16 21:00:00.000,36.365448,summer weekday,34.9
2023-06-16 22:00:00.000,34.697365500000004,summer weekday,34.9
2023-06-16 23:00:00.000,33.712759500000004,summer weekday,34.9
2023-06-17 00:00:00.000,32.71191,summer weekend,31.66
2023-06-17 01:00:00.000,32.363299500000004,summer weekend,31.66
2023-06-17 02:00:00.000,31.9184775,summer weekend,31.66
2023-06-17 03:00:00.000,31.246246500000005,summer weekend,31.66
2023-06-17 04:00:00.000,31.11255000000001,summer weekend,31.66
2023-06-17 05:00:00.000,31.151284500000006,summer weekend,31.66
2023-06-17 06:00:00.000,30.868897500000003,summer weekend,31.66
2023-06-17 07:00:00.000,29.988000000000007,summer weekend,31.66
2023-06-17 08:00:00.000,29.313270000000003,summer weekend,27.0
2023-06-17 09:00:00.000,27.98880000000001,summer weekend,27.0
2023-06-17 10:00:00.000,26.113300500000005,summer weekend,27.0
2023-06-17 11:00:00.000,24.785082000000003,summer weekend,27.0
2023-06-17 12:00:00.000,23.415630000000004,summer weekend,27.0
2023-06-17 13:00:00.000,22.288581,summer weekend,19.7
2023-06-17 14:00:00.000,24.375246000000004,summer weekend,27.0
2023-06-17 15:00:00.000,27.98880000000001,summer weekend,27.0
2023-06-17 16:00:00.000,30.052974000000003,summer weekend,31.66
2023-06-17 17:00:00.000,31.776034500000005,summer weekend,31.66
2023-06-17 18:00:00.000,34.58491050000001,summer weekend,31.66
2023-06-17 19:00:00.000,35.7319515,summer weekend,31.66
2023-06-17 20:00:00.000,36.73530000000001,summer weekend,31.66
2023-06-17 21:00:00.000,35.6569815,summer weekend,31.66
2023-06-17 22:00:00.000,34.44246750000001,summer weekend,31.66
2023-06-17 23:00:00.000,33.436620000000005,summer weekend,31.66
2023-06-18 00:00:00.000,32.160880500000005,summer weekend,31.66
2023-06-18 01:00:00.000,31.238749500000008,summer weekend,31.66
2023-06-18 02:00:00.000,30.97010700000001,summer weekend,31.66
2023-06-18 03:00:00.000,30.362850000000005,summer weekend,31.66
2023-06-18 04:00:00.000,30.186670500000005,summer weekend,31.66
2023-06-18 05:00:00.000,29.616898500000005,summer weekend,31.66
2023-06-18 06:00:00.000,28.870947,summer weekend,27.0
2023-06-18 07:00:00.000,27.98880000000001,summer weekend,27.0
2023-06-18 08:00:00.000,27.130393500000004,summer weekend,27.0
2023-06-18 09:00:00.000,25.284882000000007,summer weekend,27.0
2023-06-18 10:00:00.000,24.0716175,summer weekend,27.0
2023-06-18 11:00:00.000,23.089510500000003,summer weekend,19.7
2023-06-18 12:00:00.000,21.039081,summer weekend,19.7
2023-06-18 13:00:00.000,20.4905505,summer weekend,19.7
2023-06-18 14:00:00.000,23.488101000000004,summer weekend,27.0
2023-06-18 15:00:00.000,26.7393,summer weekend,27.0
2023-06-18 16:00:00.000,29.067118500000003,summer weekend,27.0
2023-06-18 17:00:00.000,30.766438500000007,summer weekend,31.66
2023-06-18 18:00:00.000,33.74899500000001,summer weekend,31.66
2023-06-18 19:00:00.000,34.8922875,summer weekend,31.66
2023-06-18 20:00:00.000,34.5449265,summer weekend,31.66
2023-06-18 21:00:00.000,34.5449265,summer weekend,31.66
2023-06-18 22:00:00.000,32.06466900000001,summer weekend,31.66
2023-06-18 23:00:00.000,29.865549,summer weekend,31.66
2023-06-19 00:00:00.000,29.078364000000004,summer weekday,30.1
2023-06-19 01:00:00.000,28.442368500000004,summer weekday,30.1
2023-06-19 02:00:00.000,28.578564000000004,summer weekday,30.1
2023-06-19 03:00:00.000,29.144587500000004,summer weekday,30.1
2023-06-19 04:00:00.000,29.357002500000004,summer weekday,30.1
2023-06-19 05:00:00.000,32.10840150000001,summer weekday,30.1
2023-06-19 06:00:00.000,34.1275935,summer weekday,34.9
2023-06-19 07:00:00.000,33.9401685,summer weekday,34.9
2023-06-19 08:00:00.000,31.8185175,summer weekday,30.1
2023-06-19 09:00:00.000,30.377844000000003,summer weekday,30.1
2023-06-19 10:00:00.000,29.5219365,summer weekday,30.1
2023-06-19 11:00:00.000,29.028384000000003,summer weekday,30.1
2023-06-19 12:00:00.000,28.621047000000004,summer weekday,30.1
2023-06-19 13:00:00.000,28.417378500000005,summer weekday,30.1
2023-06-19 14:00:00.000,29.142088500000007,summer weekday,30.1
2023-06-19 15:00:00.000,29.634391500000003,summer weekday,30.1
2023-06-19 16:00:00.000,31.122546,summer weekday,30.1
2023-06-19 17:00:00.000,34.486200000000004,summer weekday,34.9
2023-06-19 18:00:00.000,38.6482845,summer weekday,34.9
2023-06-19 19:00:00.000,42.07941149999999,summer weekday,34.9
2023-06-19 20:00:00.000,39.669126,summer weekday,34.9
2023-06-19 21:00:00.000,36.1492845,summer weekday,34.9
2023-06-19 22:00:00.000,34.2525435,summer weekday,34.9
2023-06-19 23:00:00.000,32.510740500000004,summer weekday,34.9
2023-06-20 00:00:00.000,31.202514000000004,summer weekday,30.1
2023-06-20 01:00:00.000,30.386590500000004,summer weekday,30.1
2023-06-20 02:00:00.000,30.0342315,summer weekday,30.1
2023-06-20 03:00:00.000,30.000495,summer weekday,30.1
2023-06-20 04:00:00.000,30.698965500000003,summer weekday,30.1
2023-06-20 05:00:00.000,33.6053025,summer weekday,34.9
2023-06-20 06:00:00.000,35.53328100000001,summer weekday,34.9
2023-06-20 07:00:00.000,35.709460500000006,summer weekday,34.9
2023-06-20 08:00:00.000,33.729003,summer weekday,34.9
2023-06-20 09:00:00.000,31.623595500000004,summer weekday,30.1
2023-06-20 10:00:00.000,30.5640195,summer weekday,30.1
2023-06-20 11:00:00.000,29.878044000000006,summer weekday,30.1
2023-06-20 12:00:00.000,29.319517500000007,summer weekday,30.1
2023-06-20 13:00:00.000,29.190819000000005,summer weekday,30.1
2023-06-20 14:00:00.000,30.010491000000005,summer weekday,30.1
2023-06-20 15:00:00.000,30.534031500000005,summer weekday,30.1
2023-06-20 16:00:00.000,32.19211800000001,summer weekday,30.1
2023-06-20 17:00:00.000,34.861050000000006,summer weekday,34.9
2023-06-20 18:00:00.000,37.4337705,summer weekday,34.9
2023-06-20 19:00:00.000,37.99479600000001,summer weekday,34.9
2023-06-20 20:00:00.000,36.11055,summer weekday,34.9
2023-06-20 21:00:00.000,34.61115,summer weekday,34.9
2023-06-20 22:00:00.000,32.3957865,summer weekday,30.1
2023-06-20 23:00:00.000,32.32456500000001,summer weekday,30.1
2023-06-21 00:00:00.000,31.2112605,summer weekday,30.1
2023-06-21 01:00:00.000,30.467808000000005,summer weekday,30.1
2023-06-21 02:00:00.000,30.354103500000004,summer weekday,30.1
2023-06-21 03:00:00.000,30.33411150000001,summer weekday,30.1
2023-06-21 04:00:00.000,30.741448500000004,summer weekday,30.1
2023-06-21 05:00:00.000,33.25794150000001,summer weekday,34.9
2023-06-21 06:00:00.000,34.569916500000005,summer weekday,34.9
2023-06-21 07:00:00.000,35.432071500000006,summer weekday,34.9
2023-06-21 08:00:00.000,33.13674000000001,summer weekday,34.9
2023-06-21 09:00:00.000,31.105053,summer weekday,30.1
2023-06-21 10:00:00.000,30.239149500000007,summer weekday,30.1
2023-06-21 11:00:00.000,29.6393895,summer weekday,30.1
2023-06-21 12:00:00.000,29.212060500000003,summer weekday,30.1
2023-06-21 13:00:00.000,28.908432,summer weekday,30.1
2023-06-21 14:00:00.000,29.598156000000003,summer weekday,30.1
2023-06-21 15:00:00.000,29.8892895,summer weekday,30.1
2023-06-21 16:00:00.000,31.569867,summer weekday,30.1
2023-06-21 17:00:00.000,34.637389500000005,summer weekday,34.9
2023-06-21 18:00:00.000,38.2984245,summer weekday,34.9
2023-06-21 19:00:00.000,41.1972645,summer weekday,34.9
2023-06-21 20:00:00.000,40.011489,summer weekday,34.9
2023-06-21 21:00:00.000,36.73530000000001,summer weekday,34.9
2023-06-21 22:00:00.000,34.221306000000006,summer weekday,34.9
2023-06-21 23:00:00.000,33.9801525,summer weekday,34.9
2023-06-22 00:00:00.000,32.801874000000005,summer weekday,34.9
2023-06-22 01:00:00.000,31.798525500000004,summer weekday,30.1
2023-06-22 02:00:00.000,31.279983000000005,summer weekday,30.1
2023-06-22 03:00:00.000,30.740199000000004,summer weekday,30.1
2023-06-22 04:00:00.000,31.831012500000003,summer weekday,30.1
2023-06-22 05:00:00.000,34.563669000000004,summer weekday,34.9
2023-06-22 06:00:00.000,36.450414,summer weekday,34.9
2023-06-22 07:00:00.000,36.60285300000001,summer weekday,34.9
2023-06-22 08:00:00.000,33.62654400000001,summer weekday,34.9
2023-06-22 09:00:00.000,31.86225,summer weekday,30.1
2023-06-22 10:00:00.000,30.830163,summer weekday,30.1
2023-06-22 11:00:00.000,30.702714000000007,summer weekday,30.1
2023-06-22 12:00:00.000,30.711460500000005,summer weekday,30.1
2023-06-22 13:00:00.000,30.670227,summer weekday,30.1
2023-06-22 14:00:00.000,30.71395950000001,summer weekday,30.1
2023-06-22 15:00:00.000,30.886390500000005,summer weekday,30.1
2023-06-22 16:00:00.000,33.083011500000005,summer weekday,34.9
2023-06-22 17:00:00.000,34.52368500000001,summer weekday,34.9
2023-06-22 18:00:00.000,37.03892850000001,summer weekday,34.9
2023-06-22 19:00:00.000,36.73530000000001,summer weekday,34.9
2023-06-22 20:00:00.000,35.758191000000004,summer weekday,34.9
2023-06-22 21:00:00.000,34.153833000000006,summer weekday,34.9
2023-06-22 22:00:00.000,32.4707565,summer weekday,30.1
2023-06-22 23:00:00.000,30.337860000000003,summer weekday,30.1
2023-06-23 00:00:00.000,29.263290000000005,summer weekday,30.1
2023-06-23 01:00:00.000,28.837210500000005,summer weekday,30.1
2023-06-23 02:00:00.000,28.773486000000005,summer weekday,30.1
2023-06-23 03:00:00.000,28.731003000000005,summer weekday,30.1
2023-06-23 04:00:00.000,29.183322000000004,summer weekday,30.1
2023-06-23 05:00:00.000,31.74854550000001,summer weekday,30.1
2023-06-23 06:00:00.000,33.479103,summer weekday,34.9
2023-06-23 07:00:00.000,33.720256500000005,summer weekday,34.9
2023-06-23 08:00:00.000,32.56821750000001,summer weekday,34.9
2023-06-23 09:00:00.000,30.6464865,summer weekday,30.1
2023-06-23 10:00:00.000,29.625645,summer weekday,30.1
2023-06-23 11:00:00.000,28.9884,summer weekday,30.1
2023-06-23 12:00:00.000,28.222456500000007,summer weekday,30.1
2023-06-23 13:00:00.000,27.361551,summer weekday,25.44
2023-06-23 14:00:00.000,27.276585000000004,summer weekday,25.44
2023-06-23 15:00:00.000,28.222456500000007,summer weekday,30.1
2023-06-23 16:00:00.000,29.488200000000003,summer weekday,30.1
2023-06-23 17:00:00.000,30.798925500000003,summer weekday,30.1
2023-06-23 18:00:00.000,33.569067000000004,summer weekday,34.9
2023-06-23 19:00:00.000,34.498695000000005,summer weekday,34.9
2023-06-23 20:00:00.000,34.23505050000001,summer weekday,34.9
2023-06-23 21:00:00.000,33.696516,summer weekday,34.9
2023-06-23 22:00:00.000,32.651934000000004,summer weekday,34.9
2023-06-23 23:00:00.000,32.029683000000006,summer weekday,30.1
2023-06-24 00:00:00.000,31.077564,summer weekend,31.66
2023-06-24 01:00:00.000,30.222906000000005,summer weekend,31.66
2023-06-24 02:00:00.000,29.9017845,summer weekend,31.66
2023-06-24 03:00:00.000,29.154583500000005,summer weekend,27.0
2023-06-24 04:00:00.000,28.927174500000007,summer weekend,27.0
2023-06-24 05:00:00.000,28.899685500000007,summer weekend,27.0
2023-06-24 06:00:00.000,28.900935000000008,summer weekend,27.0
2023-06-24 07:00:00.000,28.6847715,summer weekend,27.0
2023-06-24 08:00:00.000,27.57521550000001,summer weekend,27.0
2023-06-24 09:00:00.000,24.57016800000001,summer weekend,27.0
2023-06-24 10:00:00.000,20.4918,summer weekend,19.7
2023-06-24 11:00:00.000,19.2410505,summer weekend,19.7
2023-06-24 12:00:00.000,17.605455,summer weekend,19.7
2023-06-24 13:00:00.000,17.406784499999997,summer weekend,19.7
2023-06-24 14:00:00.000,18.61755,summer weekend,19.7
2023-06-24 15:00:00.000,20.89164,summer weekend,19.7
2023-06-24 16:00:00.000,27.486501000000008,summer weekend,27.0
2023-06-24 17:00:00.000,29.8343115,summer weekend,31.66
2023-06-24 18:00:00.000,33.6053025,summer weekend,31.66
2023-06-24 19:00:00.000,35.040978,summer weekend,31.66
2023-06-24 20:00:00.000,36.200514000000005,summer weekend,31.66
2023-06-24 21:00:00.000,33.66902700000001,summer weekend,31.66
2023-06-24 22:00:00.000,32.150884500000004,summer weekend,31.66
2023-06-24 23:00:00.000,32.494497,summer weekend,31.66
2023-06-25 00:00:00.000,31.487400000000004,summer weekend,31.66
2023-06-25 01:00:00.000,30.8564025,summer weekend,31.66
2023-06-25 02:00:00.000,30.673975500000005,summer weekend,31.66
2023-06-25 03:00:00.000,30.099205500000004,summer weekend,31.66
2023-06-25 04:00:00.000,30.104203500000008,summer weekend,31.66
2023-06-25 05:00:00.000,28.446117,summer weekend,27.0
2023-06-25 06:00:00.000,27.285331500000005,summer weekend,27.0
2023-06-25 07:00:00.000,24.115350000000003,summer weekend,27.0
2023-06-25 08:00:00.000,21.4351725,summer weekend,19.7
2023-06-25 09:00:00.000,18.5788155,summer weekend,19.7
2023-06-25 10:00:00.000,17.380544999999998,summer weekend,19.7
2023-06-25 11:00:00.000,17.368049999999997,summer weekend,19.7
2023-06-25 12:00:00.000,17.356745,summer weekend,19.7
2023-06-25 13:00:00.000,17.356745,summer weekend,19.7
2023-06-25 14:00:00.000,17.366919499999998,summer weekend,19.7
2023-06-25 15:00:00.000,18.5788155,summer weekend,19.7
2023-06-25 16:00:00.000,26.26948800000001,summer weekend,27.0
2023-06-25 17:00:00.000,30.680223000000005,summer weekend,31.66
2023-06-25 18:00:00.000,33.1229955,summer weekend,31.66
2023-06-25 19:00:00.000,36.5866095,summer weekend,31.66
2023-06-25 20:00:00.000,37.789878,summer weekend,31.66
2023-06-25 21:00:00.000,35.523285,summer weekend,31.66
2023-06-25 22:00:00.000,32.238349500000005,summer weekend,31.66
2023-06-25 23:00:00.000,32.248345500000006,summer weekend,31.66
2023-06-26 00:00:00.000,30.941368500000006,summer weekday,30.1
2023-06-26 01:00:00.000,29.313270000000003,summer weekday,30.1
2023-06-26 02:00:00.000,28.548576000000004,summer weekday,30.1
2023-06-26 03:00:00.000,28.3174185,summer weekday,30.1
2023-06-26 04:00:00.000,30.109201500000005,summer weekday,30.1
2023-06-26 05:00:00.000,33.361650000000004,summer weekday,34.9
2023-06-26 06:00:00.000,33.867697500000006,summer weekday,34.9
2023-06-26 07:00:00.000,32.434521000000004,summer weekday,30.1
2023-06-26 08:00:00.000,30.052974000000003,summer weekday,30.1
2023-06-26 09:00:00.000,28.351155,summer weekday,30.1
2023-06-26 10:00:00.000,27.71890800000001,summer weekday,25.44
2023-06-26 11:00:00.000,26.729304000000003,summer weekday,25.44
2023-06-26 12:00:00.000,24.71011200000001,summer weekday,25.44
2023-06-26 13:00:00.000,23.731753500000003,summer weekday,25.44
2023-06-26 14:00:00.000,24.119098500000007,summer weekday,25.44
2023-06-26 15:00:00.000,25.404834000000005,summer weekday,25.44
2023-06-26 16:00:00.000,27.798876000000007,summer weekday,30.1
2023-06-26 17:00:00.000,29.488200000000003,summer weekday,30.1
2023-06-26 18:00:00.000,31.04132850000001,summer weekday,30.1
2023-06-26 19:00:00.000,32.11215,summer weekday,30.1
2023-06-26 20:00:00.000,33.131742,summer weekday,34.9
2023-06-26 21:00:00.000,33.53283150000001,summer weekday,34.9
2023-06-26 22:00:00.000,32.11964700000001,summer weekday,30.1
2023-06-26 23:00:00.000,31.64108850000001,summer weekday,30.1
2023-06-27 00:00:00.000,29.960511000000004,summer weekday,30.1
2023-06-27 01:00:00.000,29.015889,summer weekday,30.1
2023-06-27 02:00:00.000,29.12834400000001,summer weekday,30.1
2023-06-27 03:00:00.000,28.522336500000005,summer weekday,30.1
2023-06-27 04:00:00.000,28.88469150000001,summer weekday,30.1
2023-06-27 05:00:00.000,31.77353550000001,summer weekday,30.1
2023-06-27 06:00:00.000,33.61155,summer weekday,34.9
2023-06-27 07:00:00.000,33.24294750000001,summer weekday,34.9
2023-06-27 08:00:00.000,30.142938000000004,summer weekday,30.1
2023-06-27 09:00:00.000,28.613550000000004,summer weekday,30.1
2023-06-27 10:00:00.000,27.3977865,summer weekday,25.44
2023-06-27 11:00:00.000,26.398186500000005,summer weekday,25.44
2023-06-27 12:00:00.000,25.297377000000004,summer weekday,25.44
2023-06-27 13:00:00.000,25.87964400000001,summer weekday,25.44
2023-06-27 14:00:00.000,27.1079025,summer weekday,25.44
2023-06-27 15:00:00.000,28.49484750000001,summer weekday,30.1
2023-06-27 16:00:00.000,29.41323000000001,summer weekday,30.1
2023-06-27 17:00:00.000,31.5586215,summer weekday,30.1
2023-06-27 18:00:00.000,33.662779500000006,summer weekday,34.9
2023-06-27 19:00:00.000,34.210060500000004,summer weekday,34.9
2023-06-27 20:00:00.000,33.71525850000001,summer weekday,34.9
2023-06-27 21:00:00.000,32.994297,summer weekday,34.9
2023-06-27 22:00:00.000,31.882242000000005,summer weekday,30.1
2023-06-27 23:00:00.000,29.623146,summer weekday,30.1
2023-06-28 00:00:00.000,28.687270500000007,summer weekday,30.1
2023-06-28 01:00:00.000,28.24994550000001,summer weekday,30.1
2023-06-28 02:00:00.000,28.149985500000007,summer weekday,30.1
2023-06-28 03:00:00.000,28.268688000000004,summer weekday,30.1
2023-06-28 04:00:00.000,29.1620805,summer weekday,30.1
2023-06-28 05:00:00.000,31.865998500000003,summer weekday,30.1
2023-06-28 06:00:00.000,33.798975000000006,summer weekday,34.9
2023-06-28 07:00:00.000,33.380392500000006,summer weekday,34.9
2023-06-28 08:00:00.000,31.5686175,summer weekday,30.1
2023-06-28 09:00:00.000,30.099205500000004,summer weekday,30.1
2023-06-28 10:00:00.000,29.775585000000007,summer weekday,30.1
2023-06-28 11:00:00.000,30.010491000000005,summer weekday,30.1
2023-06-28 12:00:00.000,29.540679000000004,summer weekday,30.1
2023-06-28 13:00:00.000,29.312020500000006,summer weekday,30.1
2023-06-28 14:00:00.000,29.287030500000007,summer weekday,30.1
2023-06-28 15:00:00.000,29.563170000000003,summer weekday,30.1
2023-06-28 16:00:00.000,30.747696,summer weekday,30.1
2023-06-28 17:00:00.000,33.476604,summer weekday,34.9
2023-06-28 18:00:00.000,36.757791000000005,summer weekday,34.9
2023-06-28 19:00:00.000,38.312169,summer weekday,34.9
2023-06-28 20:00:00.000,37.247595,summer weekday,34.9
2023-06-28 21:00:00.000,34.861050000000006,summer weekday,34.9
2023-06-28 22:00:00.000,32.499495,summer weekday,30.1
2023-06-28 23:00:00.000,32.294577000000004,summer weekday,30.1
2023-06-29 00:00:00.000,31.120047000000003,summer weekday,30.1
2023-06-29 01:00:00.000,30.07796400000001,summer weekday,30.1
2023-06-29 02:00:00.000,29.623146,summer weekday,30.1
2023-06-29 03:00:00.000,29.853054000000007,summer weekday,30.1
2023-06-29 04:00:00.000,30.427824000000005,summer weekday,30.1
2023-06-29 05:00:00.000,32.588209500000005,summer weekday,34.9
2023-06-29 06:00:00.000,33.68027250000001,summer weekday,34.9
2023-06-29 07:00:00.000,33.650284500000005,summer weekday,34.9
2023-06-29 08:00:00.000,31.910980500000004,summer weekday,30.1
2023-06-29 09:00:00.000,30.606502500000005,summer weekday,30.1
2023-06-29 10:00:00.000,29.688120000000005,summer weekday,30.1
2023-06-29 11:00:00.000,29.843058000000006,summer weekday,30.1
2023-06-29 12:00:00.000,29.643138000000008,summer weekday,30.1
2023-06-29 13:00:00.000,29.688120000000005,summer weekday,30.1
2023-06-29 14:00:00.000,29.86305,summer weekday,30.1
2023-06-29 15:00:00.000,30.002994000000005,summer weekday,30.1
2023-06-29 16:00:00.000,31.366198500000007,summer weekday,30.1
2023-06-29 17:00:00.000,33.768987,summer weekday,34.9
2023-06-29 18:00:00.000,38.1409875,summer weekday,34.9
2023-06-29 19:00:00.000,38.806971,summer weekday,34.9
2023-06-29 20:00:00.000,36.701563500000006,summer weekday,34.9
2023-06-29 21:00:00.000,35.08720950000001,summer weekday,34.9
2023-06-29 22:00:00.000,32.50074450000001,summer weekday,34.9
2023-06-29 23:00:00.000,31.812270000000005,summer weekday,30.1
2023-06-30 00:00:00.000,30.287880000000005,summer weekday,30.1
2023-06-30 01:00:00.000,29.433222000000004,summer weekday,30.1
2023-06-30 02:00:00.000,29.568168000000004,summer weekday,30.1
2023-06-30 03:00:00.000,29.37699450000001,summer weekday,30.1
2023-06-30 04:00:00.000,30.823915500000005,summer weekday,30.1
2023-06-30 05:00:00.000,33.2054625,summer weekday,34.9
2023-06-30 06:00:00.000,34.7323515,summer weekday,34.9
2023-06-30 07:00:00.000,34.0376295,summer weekday,34.9
2023-06-30 08:00:00.000,33.150484500000005,summer weekday,34.9
2023-06-30 09:00:00.000,31.095057000000004,summer weekday,30.1
2023-06-30 10:00:00.000,30.267888000000006,summer weekday,30.1
2023-06-30 11:00:00.000,29.970507000000005,summer weekday,30.1
2023-06-30 12:00:00.000,28.824715500000007,summer weekday,30.1
2023-06-30 13:00:00.000,28.42112700000001,summer weekday,30.1
2023-06-30 14:00:00.000,28.613550000000004,summer weekday,30.1
2023-06-30 15:00:00.000,28.864699500000004,summer weekday,30.1
2023-06-30 16:00:00.000,29.658132000000005,summer weekday,30.1
2023-06-30 17:00:00.000,31.078813500000003,summer weekday,30.1
2023-06-30 18:00:00.000,32.107152000000006,summer weekday,30.1
2023-06-30 19:00:00.000,34.0401285,summer weekday,34.9
2023-06-30 20:00:00.000,33.70401300000001,summer weekday,34.9
2023-06-30 21:00:00.000,32.660680500000005,summer weekday,34.9
2023-06-30 22:00:00.000,31.046326500000003,summer weekday,30.1
2023-06-30 23:00:00.000,31.080063000000003,summer weekday,30.1
2023-07-01 00:00:00.000,30.976354500000006,summer weekend,31.66
2023-07-01 01:00:00.000,30.40158450000001,summer weekend,31.66
2023-07-01 02:00:00.000,29.755593,summer weekend,31.66
2023-07-01 03:00:00.000,29.62689450000001,summer weekend,31.66
2023-07-01 04:00:00.000,27.8775945,summer weekend,27.0
2023-07-01 05:00:00.000,27.192868500000003,summer weekend,27.0
2023-07-01 06:00:00.000,28.082512500000007,summer weekend,27.0
2023-07-01 07:00:00.000,27.11789850000001,summer weekend,27.0
2023-07-01 08:00:00.000,25.477305000000005,summer weekend,27.0
2023-07-01 09:00:00.000,22.839610500000003,summer weekend,19.7
2023-07-01 10:00:00.000,20.4430695,summer weekend,19.7
2023-07-01 11:00:00.000,19.4709585,summer weekend,19.7
2023-07-01 12:00:00.000,17.9215785,summer weekend,19.7
2023-07-01 13:00:00.000,17.3767965,summer weekend,19.7
2023-07-01 14:00:00.000,17.4892515,summer weekend,19.7
2023-07-01 15:00:00.000,18.9061845,summer weekend,19.7
2023-07-01 16:00:00.000,24.189070500000003,summer weekend,27.0
2023-07-01 17:00:00.000,27.00669300000001,summer weekend,27.0
2023-07-01 18:00:00.000,27.658932000000007,summer weekend,27.0
2023-07-01 19:00:00.000,28.56357,summer weekend,27.0
2023-07-01 20:00:00.000,28.962160500000003,summer weekend,27.0
2023-07-01 21:00:00.000,28.984651500000005,summer weekend,27.0
2023-07-01 22:00:00.000,28.59605700000001,summer weekend,27.0
2023-07-01 23:00:00.000,19.4234775,summer weekend,19.7
2023-07-02 00:00:00.000,17.764141499999997,summer weekend,19.7
2023-07-02 01:00:00.000,17.369299499999997,summer weekend,19.7
2023-07-02 02:00:00.000,17.368049999999997,summer weekend,19.7
2023-07-02 03:00:00.000,17.3646585,summer weekend,19.7
2023-07-02 04:00:00.000,17.3623975,summer weekend,19.7
2023-07-02 05:00:00.000,17.3623975,summer weekend,19.7
2023-07-02 06:00:00.000,17.311525,summer weekend,19.7
2023-07-02 07:00:00.000,17.0345525,summer weekend,19.7
2023-07-02 08:00:00.000,15.6643865,summer weekend,19.7
2023-07-02 09:00:00.000,13.1852,summer weekend,19.7
2023-07-02 10:00:00.000,6.2767145000000015,summer weekend,19.7
2023-07-02 11:00:00.000,-1.619827999999998,summer weekend,19.7
2023-07-02 12:00:00.000,-12.807256,summer weekend,19.7
2023-07-02 13:00:00.000,-39.15695000000001,summer weekend,19.7
2023-07-02 14:00:00.000,-27.73889999999999,summer weekend,19.7
2023-07-02 15:00:00.000,3.326109500000001,summer weekend,19.7
2023-07-02 16:00:00.000,13.390951,summer weekend,19.7
2023-07-02 17:00:00.000,16.688619499999998,summer weekend,19.7
2023-07-02 18:00:00.000,17.971558499999997,summer weekend,19.7
2023-07-02 19:00:00.000,26.000845500000004,summer weekend,27.0
2023-07-02 20:00:00.000,28.065019500000005,summer weekend,27.0
2023-07-02 21:00:00.000,29.225805,summer weekend,27.0
2023-07-02 22:00:00.000,28.123746000000004,summer weekend,27.0
2023-07-02 23:00:00.000,25.61475,summer weekend,27.0
2023-07-03 00:00:00.000,22.80337500000001,summer weekday,25.44
2023-07-03 01:00:00.000,20.3780955,summer weekday,25.44
2023-07-03 02:00:00.000,18.650037,summer weekday,25.44
2023-07-03 03:00:00.000,19.34226,summer weekday,25.44
2023-07-03 04:00:00.000,24.115350000000003,summer weekday,25.44
2023-07-03 05:00:00.000,28.113750000000003,summer weekday,30.1
2023-07-03 06:00:00.000,31.223755500000003,summer weekday,30.1
2023-07-03 07:00:00.000,30.4765545,summer weekday,30.1
2023-07-03 08:00:00.000,25.078714500000007,summer weekday,25.44
2023-07-03 09:00:00.000,17.493,summer weekday,25.44
2023-07-03 10:00:00.000,17.361267,summer weekday,25.44
2023-07-03 11:00:00.000,17.040205,summer weekday,25.44
2023-07-03 12:00:00.000,16.725925999999998,summer weekday,25.44
2023-07-03 13:00:00.000,16.8039305,summer weekday,25.44
2023-07-03 14:00:00.000,17.057162499999997,summer weekday,25.44
2023-07-03 15:00:00.000,17.360136499999996,summer weekday,25.44
2023-07-03 16:00:00.000,20.179425,summer weekday,25.44
2023-07-03 17:00:00.000,28.4073825,summer weekday,30.1
2023-07-03 18:00:00.000,31.909731000000004,summer weekday,30.1
2023-07-03 19:00:00.000,32.929323000000004,summer weekday,34.9
2023-07-03 20:00:00.000,33.372895500000006,summer weekday,34.9
2023-07-03 21:00:00.000,32.515738500000005,summer weekday,34.9
2023-07-03 22:00:00.000,31.674825,summer weekday,30.1
2023-07-03 23:00:00.000,29.421976500000003,summer weekday,30.1
2023-07-04 00:00:00.000,27.464010000000005,summer weekday,25.44
2023-07-04 01:00:00.000,26.239500000000003,summer weekday,25.44
2023-07-04 02:00:00.000,25.412331000000005,summer weekday,25.44
2023-07-04 03:00:00.000,26.30322450000001,summer weekday,25.44
2023-07-04 04:00:00.000,28.0000455,summer weekday,30.1
2023-07-04 05:00:00.000,31.578613500000003,summer weekday,30.1
2023-07-04 06:00:00.000,32.3583015,summer weekday,30.1
2023-07-04 07:00:00.000,31.523635500000005,summer weekday,30.1
2023-07-04 08:00:00.000,26.874246000000003,summer weekday,25.44
2023-07-04 09:00:00.000,21.571368,summer weekday,25.44
2023-07-04 10:00:00.000,18.627546,summer weekday,25.44
2023-07-04 11:00:00.000,17.3767965,summer weekday,25.44
2023-07-04 12:00:00.000,17.375546999999997,summer weekday,25.44
2023-07-04 13:00:00.000,18.6063045,summer weekday,25.44
2023-07-04 14:00:00.000,22.268589,summer weekday,25.44
2023-07-04 15:00:00.000,27.843858000000008,summer weekday,30.1
2023-07-04 16:00:00.000,29.073366000000007,summer weekday,30.1
2023-07-04 17:00:00.000,31.974705000000004,summer weekday,30.1
2023-07-04 18:00:00.000,35.88564,summer weekday,34.9
2023-07-04 19:00:00.000,39.1081005,summer weekday,34.9
2023-07-04 20:00:00.000,38.85070350000001,summer weekday,34.9
2023-07-04 21:00:00.000,35.489548500000005,summer weekday,34.9
2023-07-04 22:00:00.000,32.873095500000005,summer weekday,34.9
2023-07-04 23:00:00.000,32.90183400000001,summer weekday,34.9
2023-07-05 00:00:00.000,31.163779500000008,summer weekday,30.1
2023-07-05 01:00:00.000,29.208312000000006,summer weekday,30.1
2023-07-05 02:00:00.000,28.21495950000001,summer weekday,30.1
2023-07-05 03:00:00.000,25.777185000000003,summer weekday,25.44
2023-07-05 04:00:00.000,25.848406500000003,summer weekday,25.44
2023-07-05 05:00:00.000,26.944218000000006,summer weekday,25.44
2023-07-05 06:00:00.000,28.937170500000004,summer weekday,30.1
2023-07-05 07:00:00.000,29.6568825,summer weekday,30.1
2023-07-05 08:00:00.000,27.663930000000004,summer weekday,25.44
2023-07-05 09:00:00.000,26.544378000000005,summer weekday,25.44
2023-07-05 10:00:00.000,22.14114,summer weekday,25.44
2023-07-05 11:00:00.000,17.374297499999997,summer weekday,25.44
2023-07-05 12:00:00.000,17.0187255,summer weekday,25.44
2023-07-05 13:00:00.000,16.2454635,summer weekday,25.44
2023-07-05 14:00:00.000,16.248855,summer weekday,25.44
2023-07-05 15:00:00.000,16.970114,summer weekday,25.44
2023-07-05 16:00:00.000,20.2831335,summer weekday,25.44
2023-07-05 17:00:00.000,27.763890000000007,summer weekday,25.44
2023-07-05 18:00:00.000,30.43906950000001,summer weekday,30.1
2023-07-05 19:00:00.000,32.167128,summer weekday,30.1
2023-07-05 20:00:00.000,32.7056625,summer weekday,34.9
2023-07-05 21:00:00.000,32.529483000000006,summer weekday,34.9
2023-07-05 22:00:00.000,31.7135595,summer weekday,30.1
2023-07-05 23:00:00.000,28.815969000000003,summer weekday,30.1
2023-07-06 00:00:00.000,27.863850000000003,summer weekday,30.1
2023-07-06 01:00:00.000,27.663930000000004,summer weekday,25.44
2023-07-06 02:00:00.000,27.7451475,summer weekday,25.44
2023-07-06 03:00:00.000,27.990049500000005,summer weekday,30.1
2023-07-06 04:00:00.000,29.1595815,summer weekday,30.1
2023-07-06 05:00:00.000,31.581112500000003,summer weekday,30.1
2023-07-06 06:00:00.000,33.14798550000001,summer weekday,34.9
2023-07-06 07:00:00.000,32.96805750000001,summer weekday,34.9
2023-07-06 08:00:00.000,31.233751500000004,summer weekday,30.1
2023-07-06 09:00:00.000,29.242048500000006,summer weekday,30.1
2023-07-06 10:00:00.000,28.149985500000007,summer weekday,30.1
2023-07-06 11:00:00.000,27.1353915,summer weekday,25.44
2023-07-06 12:00:00.000,26.916729000000007,summer weekday,25.44
2023-07-06 13:00:00.000,27.132892500000004,summer weekday,25.44
2023-07-06 14:00:00.000,27.870097500000007,summer weekday,30.1
2023-07-06 15:00:00.000,28.376145000000005,summer weekday,30.1
2023-07-06 16:00:00.000,29.7168585,summer weekday,30.1
2023-07-06 17:00:00.000,31.914729,summer weekday,30.1
2023-07-06 18:00:00.000,36.18552,summer weekday,34.9
2023-07-06 19:00:00.000,40.375093500000006,summer weekday,34.9
2023-07-06 20:00:00.000,40.341357,summer weekday,34.9
2023-07-06 21:00:00.000,34.557421500000004,summer weekday,34.9
2023-07-06 22:00:00.000,32.234601000000005,summer weekday,30.1
2023-07-06 23:00:00.000,31.612350000000003,summer weekday,30.1
2023-07-07 00:00:00.000,30.347856000000004,summer weekday,30.1
2023-07-07 01:00:00.000,29.563170000000003,summer weekday,30.1
2023-07-07 02:00:00.000,29.354503500000003,summer weekday,30.1
2023-07-07 03:00:00.000,29.614399500000005,summer weekday,30.1
2023-07-07 04:00:00.000,30.105453000000004,summer weekday,30.1
2023-07-07 05:00:00.000,34.295026500000006,summer weekday,34.9
2023-07-07 06:00:00.000,32.574465000000004,summer weekday,34.9
2023-07-07 07:00:00.000,30.9663585,summer weekday,30.1
2023-07-07 08:00:00.000,28.837210500000005,summer weekday,30.1
2023-07-07 09:00:00.000,27.863850000000003,summer weekday,30.1
2023-07-07 10:00:00.000,27.254094,summer weekday,25.44
2023-07-07 11:00:00.000,26.72680500000001,summer weekday,25.44
2023-07-07 12:00:00.000,25.6859715,summer weekday,25.44
2023-07-07 13:00:00.000,25.48730100000001,summer weekday,25.44
2023-07-07 14:00:00.000,25.637241000000003,summer weekday,25.44
2023-07-07 15:00:00.000,27.400285500000003,summer weekday,25.44
2023-07-07 16:00:00.000,28.613550000000004,summer weekday,30.1
2023-07-07 17:00:00.000,32.0684175,summer weekday,30.1
2023-07-07 18:00:00.000,35.708211000000006,summer weekday,34.9
2023-07-07 19:00:00.000,39.014388,summer weekday,34.9
2023-07-07 20:00:00.000,34.803573,summer weekday,34.9
2023-07-07 21:00:00.000,32.020936500000005,summer weekday,30.1
2023-07-07 22:00:00.000,30.057972000000003,summer weekday,30.1
2023-07-07 23:00:00.000,29.896786500000005,summer weekday,30.1
2023-07-08 00:00:00.000,28.880943,summer weekend,27.0
2023-07-08 01:00:00.000,28.609801500000003,summer weekend,27.0
2023-07-08 02:00:00.000,28.246197,summer weekend,27.0
2023-07-08 03:00:00.000,28.468608000000003,summer weekend,27.0
2023-07-08 04:00:00.000,28.4348715,summer weekend,27.0
2023-07-08 05:00:00.000,27.981303000000004,summer weekend,27.0
2023-07-08 06:00:00.000,28.021287000000004,summer weekend,27.0
2023-07-08 07:00:00.000,27.835111500000004,summer weekend,27.0
2023-07-08 08:00:00.000,26.869248,summer weekend,27.0
2023-07-08 09:00:00.000,24.977505000000004,summer weekend,27.0
2023-07-08 10:00:00.000,23.155734,summer weekend,19.7
2023-07-08 11:00:00.000,21.768789,summer weekend,19.7
2023-07-08 12:00:00.000,19.4559645,summer weekend,19.7
2023-07-08 13:00:00.000,19.4584635,summer weekend,19.7
2023-07-08 14:00:00.000,22.366050000000005,summer weekend,19.7
2023-07-08 15:00:00.000,24.977505000000004,summer weekend,27.0
2023-07-08 16:00:00.000,27.78888,summer weekend,27.0
2023-07-08 17:00:00.000,30.775185000000004,summer weekend,31.66
2023-07-08 18:00:00.000,32.487,summer weekend,31.66
2023-07-08 19:00:00.000,33.45661200000001,summer weekend,31.66
2023-07-08 20:00:00.000,33.96890700000001,summer weekend,31.66
2023-07-08 21:00:00.000,33.576564000000005,summer weekend,31.66
2023-07-08 22:00:00.000,31.85225400000001,summer weekend,31.66
2023-07-08 23:00:00.000,31.042578,summer weekend,31.66
2023-07-09 00:00:00.000,30.080463000000005,summer weekend,31.66
2023-07-09 01:00:00.000,30.090459,summer weekend,31.66
2023-07-09 02:00:00.000,29.293278,summer weekend,27.0
2023-07-09 03:00:00.000,29.33701050000001,summer weekend,31.66
2023-07-09 04:00:00.000,29.478204,summer weekend,31.66
2023-07-09 05:00:00.000,29.198316,summer weekend,27.0
2023-07-09 06:00:00.000,28.763490000000008,summer weekend,27.0
2023-07-09 07:00:00.000,28.143738,summer weekend,27.0
2023-07-09 08:00:00.000,27.0029445,summer weekend,27.0
2023-07-09 09:00:00.000,24.8837925,summer weekend,27.0
2023-07-09 10:00:00.000,23.630544000000004,summer weekend,27.0
2023-07-09 11:00:00.000,23.0770155,summer weekend,19.7
2023-07-09 12:00:00.000,21.9899505,summer weekend,19.7
2023-07-09 13:00:00.000,22.9720575,summer weekend,19.7
2023-07-09 14:00:00.000,24.259042500000007,summer weekend,27.0
2023-07-09 15:00:00.000,26.4881505,summer weekend,27.0
2023-07-09 16:00:00.000,27.663930000000004,summer weekend,27.0
2023-07-09 17:00:00.000,30.500295000000005,summer weekend,31.66
2023-07-09 18:00:00.000,32.6381895,summer weekend,31.66
2023-07-09 19:00:00.000,33.876444000000006,summer weekend,31.66
2023-07-09 20:00:00.000,34.123845,summer weekend,31.66
2023-07-09 21:00:00.000,33.876444000000006,summer weekend,31.66
2023-07-09 22:00:00.000,32.31207,summer weekend,31.66
2023-07-09 23:00:00.000,31.4236755,summer weekend,31.66
2023-07-10 00:00:00.000,30.11295,summer weekday,30.1
2023-07-10 01:00:00.000,29.150835000000004,summer weekday,30.1
2023-07-10 02:00:00.000,28.855953000000003,summer weekday,30.1
2023-07-10 03:00:00.000,29.027134500000003,summer weekday,30.1
2023-07-10 04:00:00.000,30.505293000000005,summer weekday,30.1
2023-07-10 05:00:00.000,32.5707165,summer weekday,34.9
2023-07-10 06:00:00.000,33.95891100000001,summer weekday,34.9
2023-07-10 07:00:00.000,34.145086500000005,summer weekday,34.9
2023-07-10 08:00:00.000,32.105902500000006,summer weekday,30.1
2023-07-10 09:00:00.000,30.522786000000004,summer weekday,30.1
2023-07-10 10:00:00.000,29.23705050000001,summer weekday,30.1
2023-07-10 11:00:00.000,28.517338500000008,summer weekday,30.1
2023-07-10 12:00:00.000,27.384042000000004,summer weekday,25.44
2023-07-10 13:00:00.000,26.674326000000004,summer weekday,25.44
2023-07-10 14:00:00.000,26.391939000000004,summer weekday,25.44
2023-07-10 15:00:00.000,27.546477000000003,summer weekday,25.44
2023-07-10 16:00:00.000,28.755993000000007,summer weekday,30.1
2023-07-10 17:00:00.000,32.6956665,summer weekday,34.9
2023-07-10 18:00:00.000,38.046025500000006,summer weekday,34.9
2023-07-10 19:00:00.000,39.3604995,summer weekday,34.9
2023-07-10 20:00:00.000,39.8677965,summer weekday,34.9
2023-07-10 21:00:00.000,37.724904,summer weekday,34.9
2023-07-10 22:00:00.000,34.073865,summer weekday,34.9
2023-07-10 23:00:00.000,32.9130795,summer weekday,34.9
2023-07-11 00:00:00.000,31.829763000000003,summer weekday,30.1
2023-07-11 01:00:00.000,30.524035500000004,summer weekday,30.1
2023-07-11 02:00:00.000,29.94801600000001,summer weekday,30.1
2023-07-11 03:00:00.000,29.825565000000005,summer weekday,30.1
2023-07-11 04:00:00.000,31.454913000000005,summer weekday,30.1
2023-07-11 05:00:00.000,32.805622500000005,summer weekday,34.9
2023-07-11 06:00:00.000,33.03553050000001,summer weekday,34.9
2023-07-11 07:00:00.000,32.4807525,summer weekday,30.1
2023-07-11 08:00:00.000,30.500295000000005,summer weekday,30.1
2023-07-11 09:00:00.000,29.090859000000005,summer weekday,30.1
2023-07-11 10:00:00.000,27.500245500000005,summer weekday,25.44
2023-07-11 11:00:00.000,24.585162000000004,summer weekday,25.44
2023-07-11 12:00:00.000,23.164480500000003,summer weekday,25.44
2023-07-11 13:00:00.000,23.2894305,summer weekday,25.44
2023-07-11 14:00:00.000,25.695967500000005,summer weekday,25.44
2023-07-11 15:00:00.000,28.391139000000003,summer weekday,30.1
2023-07-11 16:00:00.000,29.289529500000004,summer weekday,30.1
2023-07-11 17:00:00.000,32.559471,summer weekday,34.9
2023-07-11 18:00:00.000,38.8606995,summer weekday,34.9
2023-07-11 19:00:00.000,39.9827505,summer weekday,34.9
2023-07-11 20:00:00.000,34.23630000000001,summer weekday,34.9
2023-07-11 21:00:00.000,32.35580250000001,summer weekday,30.1
2023-07-11 22:00:00.000,30.26039100000001,summer weekday,30.1
2023-07-11 23:00:00.000,29.671876500000007,summer weekday,30.1
2023-07-12 00:00:00.000,28.7385,summer weekday,30.1
2023-07-12 01:00:00.000,28.613550000000004,summer weekday,30.1
2023-07-12 02:00:00.000,27.625195500000004,summer weekday,25.44
2023-07-12 03:00:00.000,27.811371000000005,summer weekday,30.1
2023-07-12 04:00:00.000,28.005043500000006,summer weekday,30.1
2023-07-12 05:00:00.000,30.11919750000001,summer weekday,30.1
2023-07-12 06:00:00.000,32.11714800000001,summer weekday,30.1
2023-07-12 07:00:00.000,32.36205,summer weekday,30.1
2023-07-12 08:00:00.000,30.467808000000005,summer weekday,30.1
2023-07-12 09:00:00.000,28.158732000000004,summer weekday,30.1
2023-07-12 10:00:00.000,26.085811500000005,summer weekday,25.44
2023-07-12 11:00:00.000,19.3510065,summer weekday,25.44
2023-07-12 12:00:00.000,18.982404,summer weekday,25.44
2023-07-12 13:00:00.000,19.7833335,summer weekday,25.44
2023-07-12 14:00:00.000,20.7454485,summer weekday,25.44
2023-07-12 15:00:00.000,24.111601500000003,summer weekday,25.44
2023-07-12 16:00:00.000,27.678924,summer weekday,25.44
2023-07-12 17:00:00.000,29.783082,summer weekday,30.1
2023-07-12 18:00:00.000,32.284581,summer weekday,30.1
2023-07-12 19:00:00.000,35.643237000000006,summer weekday,34.9
2023-07-12 20:00:00.000,36.346705500000006,summer weekday,34.9
2023-07-12 21:00:00.000,33.162979500000006,summer weekday,34.9
2023-07-12 22:00:00.000,31.60110450000001,summer weekday,30.1
2023-07-12 23:00:00.000,30.499045500000005,summer weekday,30.1
2023-07-13 00:00:00.000,29.491948500000003,summer weekday,30.1
2023-07-13 01:00:00.000,29.24329800000001,summer weekday,30.1
2023-07-13 02:00:00.000,28.894687500000003,summer weekday,30.1
2023-07-13 03:00:00.000,28.875945,summer weekday,30.1
2023-07-13 04:00:00.000,29.067118500000003,summer weekday,30.1
2023-07-13 05:00:00.000,30.786430500000005,summer weekday,30.1
2023-07-13 06:00:00.000,32.648185500000004,summer weekday,34.9
2023-07-13 07:00:00.000,32.24959500000001,summer weekday,30.1
2023-07-13 08:00:00.000,30.426574500000005,summer weekday,30.1
2023-07-13 09:00:00.000,28.759741500000004,summer weekday,30.1
2023-07-13 10:00:00.000,27.881343000000005,summer weekday,30.1
2023-07-13 11:00:00.000,27.026685000000004,summer weekday,25.44
2023-07-13 12:00:00.000,24.962511000000003,summer weekday,25.44
2023-07-13 13:00:00.000,23.618049000000003,summer weekday,25.44
2023-07-13 14:00:00.000,25.1311935,summer weekday,25.44
2023-07-13 15:00:00.000,26.901735,summer weekday,25.44
2023-07-13 16:00:00.000,28.309921500000005,summer weekday,30.1
2023-07-13 17:00:00.000,29.075865000000004,summer weekday,30.1
2023-07-13 18:00:00.000,32.032182000000006,summer weekday,30.1
2023-07-13 19:00:00.000,33.719007000000005,summer weekday,34.9
2023-07-13 20:00:00.000,34.5974055,summer weekday,34.9
2023-07-13 21:00:00.000,33.570316500000004,summer weekday,34.9
2023-07-13 22:00:00.000,32.07716400000001,summer weekday,30.1
2023-07-13 23:00:00.000,29.988000000000007,summer weekday,30.1
2023-07-14 00:00:00.000,29.408232000000005,summer weekday,30.1
2023-07-14 01:00:00.000,28.977154500000005,summer weekday,30.1
2023-07-14 02:00:00.000,29.114599500000008,summer weekday,30.1
2023-07-14 03:00:00.000,29.032132500000003,summer weekday,30.1
2023-07-14 04:00:00.000,29.781832500000004,summer weekday,30.1
2023-07-14 05:00:00.000,31.612350000000003,summer weekday,30.1
2023-07-14 06:00:00.000,31.612350000000003,summer weekday,30.1
2023-07-14 07:00:00.000,30.33286200000001,summer weekday,30.1
2023-07-14 08:00:00.000,27.9975465,summer weekday,30.1
2023-07-14 09:00:00.000,27.32781450000001,summer weekday,25.44
2023-07-14 10:00:00.000,26.931723000000005,summer weekday,25.44
2023-07-14 11:00:00.000,26.608102500000005,summer weekday,25.44
2023-07-14 12:00:00.000,26.113300500000005,summer weekday,25.44
2023-07-14 13:00:00.000,26.755543500000005,summer weekday,25.44
2023-07-14 14:00:00.000,27.370297500000003,summer weekday,25.44
2023-07-14 15:00:00.000,28.001295,summer weekday,30.1
2023-07-14 16:00:00.000,29.545677,summer weekday,30.1
2023-07-14 17:00:00.000,31.7685375,summer weekday,30.1
2023-07-14 18:00:00.000,34.88479050000001,summer weekday,34.9
2023-07-14 19:00:00.000,34.851054000000005,summer weekday,34.9
2023-07-14 20:00:00.000,32.851854,summer weekday,34.9
2023-07-14 21:00:00.000,29.26953750000001,summer weekday,30.1
2023-07-14 22:00:00.000,27.481503,summer weekday,25.44
2023-07-14 23:00:00.000,26.399436,summer weekday,25.44
2023-07-15 00:00:00.000,24.047877000000003,summer weekend,27.0
2023-07-15 01:00:00.000,21.0103425,summer weekend,19.7
2023-07-15 02:00:00.000,19.8608025,summer weekend,19.7
2023-07-15 03:00:00.000,19.489701,summer weekend,19.7
2023-07-15 04:00:00.000,19.0786155,summer weekend,19.7
2023-07-15 05:00:00.000,19.854555,summer weekend,19.7
2023-07-15 06:00:00.000,20.19192,summer weekend,19.7
2023-07-15 07:00:00.000,21.1103025,summer weekend,19.7
2023-07-15 08:00:00.000,19.5434295,summer weekend,19.7
2023-07-15 09:00:00.000,17.942819999999998,summer weekend,19.7
2023-07-15 10:00:00.000,17.368049999999997,summer weekend,19.7
2023-07-15 11:00:00.000,17.365789,summer weekend,19.7
2023-07-15 12:00:00.000,17.3533535,summer weekend,19.7
2023-07-15 13:00:00.000,17.2516085,summer weekend,19.7
2023-07-15 14:00:00.000,17.356745,summer weekend,19.7
2023-07-15 15:00:00.000,17.370549,summer weekend,19.7
2023-07-15 16:00:00.000,19.309773,summer weekend,19.7
2023-07-15 17:00:00.000,26.678074500000008,summer weekend,27.0
2023-07-15 18:00:00.000,27.886341000000005,summer weekend,27.0
2023-07-15 19:00:00.000,28.408632000000004,summer weekend,27.0
2023-07-15 20:00:00.000,27.817618500000005,summer weekend,27.0
2023-07-15 21:00:00.000,27.741399000000005,summer weekend,27.0
2023-07-15 22:00:00.000,26.341959000000003,summer weekend,27.0
2023-07-15 23:00:00.000,24.482703,summer weekend,27.0
2023-07-16 00:00:00.000,19.829565,summer weekend,19.7
2023-07-16 01:00:00.000,17.702916,summer weekend,19.7
2023-07-16 02:00:00.000,17.3767965,summer weekend,19.7
2023-07-16 03:00:00.000,17.368049999999997,summer weekend,19.7
2023-07-16 04:00:00.000,17.320569,summer weekend,19.7
2023-07-16 05:00:00.000,17.1340365,summer weekend,19.7
2023-07-16 06:00:00.000,17.243695,summer weekend,19.7
2023-07-16 07:00:00.000,17.1317755,summer weekend,19.7
2023-07-16 08:00:00.000,16.246593999999998,summer weekend,19.7
2023-07-16 09:00:00.000,15.181663,summer weekend,19.7
2023-07-16 10:00:00.000,14.56441,summer weekend,19.7
2023-07-16 11:00:00.000,13.0280605,summer weekend,19.7
2023-07-16 12:00:00.000,11.7053755,summer weekend,19.7
2023-07-16 13:00:00.000,10.580528,summer weekend,19.7
2023-07-16 14:00:00.000,11.9066045,summer weekend,19.7
2023-07-16 15:00:00.000,14.3643115,summer weekend,19.7
2023-07-16 16:00:00.000,16.801669500000003,summer weekend,19.7
2023-07-16 17:00:00.000,21.1927695,summer weekend,19.7
2023-07-16 18:00:00.000,28.927174500000007,summer weekend,27.0
2023-07-16 19:00:00.000,29.958012000000004,summer weekend,31.66
2023-07-16 20:00:00.000,31.013839500000003,summer weekend,31.66
2023-07-16 21:00:00.000,31.659831000000004,summer weekend,31.66
2023-07-16 22:00:00.000,31.11255000000001,summer weekend,31.66
2023-07-16 23:00:00.000,31.020087000000007,summer weekend,31.66
2023-07-17 00:00:00.000,30.134191500000007,summer weekday,30.1
2023-07-17 01:00:00.000,29.262040500000005,summer weekday,30.1
2023-07-17 02:00:00.000,28.376145000000005,summer weekday,30.1
2023-07-17 03:00:00.000,28.687270500000007,summer weekday,30.1
2023-07-17 04:00:00.000,29.5169385,summer weekday,30.1
2023-07-17 05:00:00.000,32.364549000000004,summer weekday,30.1
2023-07-17 06:00:00.000,33.569067000000004,summer weekday,34.9
2023-07-17 07:00:00.000,31.421176500000005,summer weekday,30.1
2023-07-17 08:00:00.000,29.13084300000001,summer weekday,30.1
2023-07-17 09:00:00.000,27.101655000000008,summer weekday,25.44
2023-07-17 10:00:00.000,22.9995465,summer weekday,25.44
2023-07-17 11:00:00.000,17.478006,summer weekday,25.44
2023-07-17 12:00:00.000,17.446768499999997,summer weekday,25.44
2023-07-17 13:00:00.000,17.368049999999997,summer weekday,25.44
2023-07-17 14:00:00.000,18.265191,summer weekday,25.44
2023-07-17 15:00:00.000,23.455614000000004,summer weekday,25.44
2023-07-17 16:00:00.000,26.803024500000003,summer weekday,25.44
2023-07-17 17:00:00.000,28.023786000000005,summer weekday,30.1
2023-07-17 18:00:00.000,30.677724000000005,summer weekday,30.1
2023-07-17 19:00:00.000,32.334561,summer weekday,30.1
2023-07-17 20:00:00.000,32.90058450000001,summer weekday,34.9
2023-07-17 21:00:00.000,32.9868,summer weekday,34.9
2023-07-17 22:00:00.000,31.167528000000004,summer weekday,30.1
2023-07-17 23:00:00.000,29.869297500000005,summer weekday,30.1
2023-07-18 00:00:00.000,29.400735,summer weekday,30.1
2023-07-18 01:00:00.000,28.337410500000004,summer weekday,30.1
2023-07-18 02:00:00.000,28.228704000000004,summer weekday,30.1
2023-07-18 03:00:00.000,28.368648000000004,summer weekday,30.1
2023-07-18 04:00:00.000,29.406982500000005,summer weekday,30.1
2023-07-18 05:00:00.000,30.286630500000005,summer weekday,30.1
2023-07-18 06:00:00.000,31.64358750000001,summer weekday,30.1
2023-07-18 07:00:00.000,31.11255000000001,summer weekday,30.1
2023-07-18 08:00:00.000,29.015889,summer weekday,30.1
2023-07-18 09:00:00.000,27.706413,summer weekday,25.44
2023-07-18 10:00:00.000,27.2153595,summer weekday,25.44
2023-07-18 11:00:00.000,27.259092000000003,summer weekday,25.44
2023-07-18 12:00:00.000,27.511491000000007,summer weekday,25.44
2023-07-18 13:00:00.000,28.617298500000004,summer weekday,30.1
2023-07-18 14:00:00.000,28.606053000000003,summer weekday,30.1
2023-07-18 15:00:00.000,28.301175,summer weekday,30.1
2023-07-18 16:00:00.000,29.460711000000003,summer weekday,30.1
2023-07-18 17:00:00.000,32.564469,summer weekday,34.9
2023-07-18 18:00:00.000,38.392137000000005,summer weekday,34.9
2023-07-18 19:00:00.000,40.85864999999999,summer weekday,34.9
2023-07-18 20:00:00.000,37.834860000000006,summer weekday,34.9
2023-07-18 21:00:00.000,34.768587000000004,summer weekday,34.9
2023-07-18 22:00:00.000,31.332462,summer weekday,30.1
2023-07-18 23:00:00.000,30.876394500000004,summer weekday,30.1
2023-07-19 00:00:00.000,29.988000000000007,summer weekday,30.1
2023-07-19 01:00:00.000,29.5194375,summer weekday,30.1
2023-07-19 02:00:00.000,29.469457500000004,summer weekday,30.1
2023-07-19 03:00:00.000,29.623146,summer weekday,30.1
2023-07-19 04:00:00.000,30.416578500000004,summer weekday,30.1
2023-07-19 05:00:00.000,33.166728000000006,summer weekday,34.9
2023-07-19 06:00:00.000,32.9855505,summer weekday,34.9
2023-07-19 07:00:00.000,32.088409500000004,summer weekday,30.1
2023-07-19 08:00:00.000,29.850555000000007,summer weekday,30.1
2023-07-19 09:00:00.000,28.42362600000001,summer weekday,30.1
2023-07-19 10:00:00.000,27.456513000000005,summer weekday,25.44
2023-07-19 11:00:00.000,26.967958500000005,summer weekday,25.44
2023-07-19 12:00:00.000,25.94711700000001,summer weekday,25.44
2023-07-19 13:00:00.000,25.173676500000003,summer weekday,25.44
2023-07-19 14:00:00.000,25.144938000000007,summer weekday,25.44
2023-07-19 15:00:00.000,26.308222500000003,summer weekday,25.44
2023-07-19 16:00:00.000,26.841759000000003,summer weekday,25.44
2023-07-19 17:00:00.000,29.153334,summer weekday,30.1
2023-07-19 18:00:00.000,31.4636595,summer weekday,30.1
2023-07-19 19:00:00.000,33.434121000000005,summer weekday,34.9
2023-07-19 20:00:00.000,32.84560650000001,summer weekday,34.9
2023-07-19 21:00:00.000,31.586110500000007,summer weekday,30.1
2023-07-19 22:00:00.000,29.936770500000005,summer weekday,30.1
2023-07-19 23:00:00.000,29.629393500000003,summer weekday,30.1
2023-07-20 00:00:00.000,29.157082500000005,summer weekday,30.1
2023-07-20 01:00:00.000,27.775135500000008,summer weekday,30.1
2023-07-20 02:00:00.000,27.721407000000003,summer weekday,25.44
2023-07-20 03:00:00.000,28.124995500000004,summer weekday,30.1
2023-07-20 04:00:00.000,28.158732000000004,summer weekday,30.1
2023-07-20 05:00:00.000,29.80182450000001,summer weekday,30.1
2023-07-20 06:00:00.000,31.60610250000001,summer weekday,30.1
2023-07-20 07:00:00.000,31.2937275,summer weekday,30.1
2023-07-20 08:00:00.000,29.72185650000001,summer weekday,30.1
2023-07-20 09:00:00.000,28.203714000000005,summer weekday,30.1
2023-07-20 10:00:00.000,27.259092000000003,summer weekday,25.44
2023-07-20 11:00:00.000,27.066669000000005,summer weekday,25.44
2023-07-20 12:00:00.000,26.040829500000005,summer weekday,25.44
2023-07-20 13:00:00.000,26.110801500000004,summer weekday,25.44
2023-07-20 14:00:00.000,26.628094500000007,summer weekday,25.44
2023-07-20 15:00:00.000,26.92797450000001,summer weekday,25.44
2023-07-20 16:00:00.000,28.045027500000003,summer weekday,30.1
2023-07-20 17:00:00.000,30.180423000000005,summer weekday,30.1
2023-07-20 18:00:00.000,33.1304925,summer weekday,34.9
2023-07-20 19:00:00.000,35.30462250000001,summer weekday,34.9
2023-07-20 20:00:00.000,34.773585000000004,summer weekday,34.9
2023-07-20 21:00:00.000,32.54447700000001,summer weekday,34.9
2023-07-20 22:00:00.000,31.03758,summer weekday,30.1
2023-07-20 23:00:00.000,30.12169650000001,summer weekday,30.1
2023-07-21 00:00:00.000,29.821816500000004,summer weekday,30.1
2023-07-21 01:00:00.000,29.401984500000005,summer weekday,30.1
2023-07-21 02:00:00.000,29.170827000000003,summer weekday,30.1
2023-07-21 03:00:00.000,29.458212000000007,summer weekday,30.1
2023-07-21 04:00:00.000,29.94676650000001,summer weekday,30.1
2023-07-21 05:00:00.000,32.6281935,summer weekday,34.9
2023-07-21 06:00:00.000,36.58161150000001,summer weekday,34.9
2023-07-21 07:00:00.000,32.769387,summer weekday,34.9
2023-07-21 08:00:00.000,30.249145500000008,summer weekday,30.1
2023-07-21 09:00:00.000,29.600655000000003,summer weekday,30.1
2023-07-21 10:00:00.000,28.97965350000001,summer weekday,30.1
2023-07-21 11:00:00.000,28.91592900000001,summer weekday,30.1
2023-07-21 12:00:00.000,27.925075500000005,summer weekday,30.1
2023-07-21 13:00:00.000,27.85760250000001,summer weekday,30.1
2023-07-21 14:00:00.000,27.853854000000005,summer weekday,30.1
2023-07-21 15:00:00.000,28.522336500000005,summer weekday,30.1
2023-07-21 16:00:00.000,29.420727000000007,summer weekday,30.1
2023-07-21 17:00:00.000,30.245397000000004,summer weekday,30.1
2023-07-21 18:00:00.000,32.97430500000001,summer weekday,34.9
2023-07-21 19:00:00.000,33.908931,summer weekday,34.9
2023-07-21 20:00:00.000,32.9855505,summer weekday,34.9
2023-07-21 21:00:00.000,31.10880150000001,summer weekday,30.1
2023-07-21 22:00:00.000,29.459461500000007,summer weekday,30.1
2023-07-21 23:00:00.000,29.5219365,summer weekday,30.1
2023-07-22 00:00:00.000,29.665629000000006,summer weekend,31.66
2023-07-22 01:00:00.000,28.9884,summer weekend,27.0
2023-07-22 02:00:00.000,29.158332000000005,summer weekend,27.0
2023-07-22 03:00:00.000,28.604803500000003,summer weekend,27.0
2023-07-22 04:00:00.000,28.363650000000003,summer weekend,27.0
2023-07-22 05:00:00.000,28.463610000000003,summer weekend,27.0
2023-07-22 06:00:00.000,28.136241000000005,summer weekend,27.0
2023-07-22 07:00:00.000,27.730153500000004,summer weekend,27.0
2023-07-22 08:00:00.000,26.365699500000005,summer weekend,27.0
2023-07-22 09:00:00.000,24.750096000000003,summer weekend,27.0
2023-07-22 10:00:00.000,23.185722000000005,summer weekend,19.7
2023-07-22 11:00:00.000,22.384792500000003,summer weekend,19.7
2023-07-22 12:00:00.000,20.159433,summer weekend,19.7
2023-07-22 13:00:00.000,19.807074,summer weekend,19.7
2023-07-22 14:00:00.000,20.9978475,summer weekend,19.7
2023-07-22 15:00:00.000,23.230704000000003,summer weekend,19.7
2023-07-22 16:00:00.000,26.19826650000001,summer weekend,27.0
2023-07-22 17:00:00.000,28.114999500000003,summer weekend,27.0
2023-07-22 18:00:00.000,29.853054000000007,summer weekend,31.66
2023-07-22 19:00:00.000,30.716458500000005,summer weekend,31.66
2023-07-22 20:00:00.000,32.2058625,summer weekend,31.66
2023-07-22 21:00:00.000,30.666478500000004,summer weekend,31.66
2023-07-22 22:00:00.000,29.674375500000004,summer weekend,31.66
2023-07-22 23:00:00.000,28.276185000000005,summer weekend,27.0
2023-07-23 00:00:00.000,27.272836500000004,summer weekend,27.0
2023-07-23 01:00:00.000,25.850905500000003,summer weekend,27.0
2023-07-23 02:00:00.000,21.518889,summer weekend,19.7
2023-07-23 03:00:00.000,19.339761,summer weekend,19.7
2023-07-23 04:00:00.000,18.7537455,summer weekend,19.7
2023-07-23 05:00:00.000,18.002795999999996,summer weekend,19.7
2023-07-23 06:00:00.000,17.727906,summer weekend,19.7
2023-07-23 07:00:00.000,17.795379,summer weekend,19.7
2023-07-23 08:00:00.000,17.379295499999998,summer weekend,19.7
2023-07-23 09:00:00.000,17.368049999999997,summer weekend,19.7
2023-07-23 10:00:00.000,17.3646585,summer weekend,19.7
2023-07-23 11:00:00.000,17.3623975,summer weekend,19.7
2023-07-23 12:00:00.000,16.488521,summer weekend,19.7
2023-07-23 13:00:00.000,15.992231499999995,summer weekend,19.7
2023-07-23 14:00:00.000,16.5733085,summer weekend,19.7
2023-07-23 15:00:00.000,16.937329499999997,summer weekend,19.7
2023-07-23 16:00:00.000,17.368049999999997,summer weekend,19.7
2023-07-23 17:00:00.000,20.9828535,summer weekend,19.7
2023-07-23 18:00:00.000,25.712211000000003,summer weekend,27.0
2023-07-23 19:00:00.000,28.268688000000004,summer weekend,27.0
2023-07-23 20:00:00.000,28.833462000000004,summer weekend,27.0
2023-07-23 21:00:00.000,29.820567000000004,summer weekend,31.66
2023-07-23 22:00:00.000,28.943418000000005,summer weekend,27.0
2023-07-23 23:00:00.000,27.00669300000001,summer weekend,27.0
2023-07-24 00:00:00.000,26.117049,summer weekday,25.44
2023-07-24 01:00:00.000,25.988350500000003,summer weekday,25.44
2023-07-24 02:00:00.000,26.365699500000005,summer weekday,25.44
2023-07-24 03:00:00.000,26.37569550000001,summer weekday,25.44
2023-07-24 04:00:00.000,28.252444500000006,summer weekday,30.1
2023-07-24 05:00:00.000,30.186670500000005,summer weekday,30.1
2023-07-24 06:00:00.000,31.6086015,summer weekday,30.1
2023-07-24 07:00:00.000,31.747296,summer weekday,30.1
2023-07-24 08:00:00.000,30.487800000000004,summer weekday,30.1
2023-07-24 09:00:00.000,29.855553000000008,summer weekday,30.1
2023-07-24 10:00:00.000,29.190819000000005,summer weekday,30.1
2023-07-24 11:00:00.000,28.294927500000007,summer weekday,30.1
2023-07-24 12:00:00.000,27.562720500000005,summer weekday,25.44
2023-07-24 13:00:00.000,26.735551500000003,summer weekday,25.44
2023-07-24 14:00:00.000,25.773436500000003,summer weekday,25.44
2023-07-24 15:00:00.000,25.3311135,summer weekday,25.44
2023-07-24 16:00:00.000,26.996697000000005,summer weekday,25.44
2023-07-24 17:00:00.000,29.573166000000004,summer weekday,30.1
2023-07-24 18:00:00.000,30.732702000000003,summer weekday,30.1
2023-07-24 19:00:00.000,32.169627000000006,summer weekday,30.1
2023-07-24 20:00:00.000,31.6111005,summer weekday,30.1
2023-07-24 21:00:00.000,30.234151500000007,summer weekday,30.1
2023-07-24 22:00:00.000,30.116698500000005,summer weekday,30.1
2023-07-24 23:00:00.000,29.363250000000004,summer weekday,30.1
2023-07-25 00:00:00.000,28.182472500000003,summer weekday,30.1
2023-07-25 01:00:00.000,27.982552500000008,summer weekday,30.1
2023-07-25 02:00:00.000,28.217458500000003,summer weekday,30.1
2023-07-25 03:00:00.000,28.372396500000004,summer weekday,30.1
2023-07-25 04:00:00.000,29.5494255,summer weekday,30.1
2023-07-25 05:00:00.000,31.618597500000003,summer weekday,30.1
2023-07-25 06:00:00.000,36.1667775,summer weekday,34.9
2023-07-25 07:00:00.000,36.347955000000006,summer weekday,34.9
2023-07-25 08:00:00.000,31.579863000000003,summer weekday,30.1
2023-07-25 09:00:00.000,30.19416750000001,summer weekday,30.1
2023-07-25 10:00:00.000,29.97800400000001,summer weekday,30.1
2023-07-25 11:00:00.000,29.646886500000004,summer weekday,30.1
2023-07-25 12:00:00.000,28.628544000000005,summer weekday,30.1
2023-07-25 13:00:00.000,28.311171000000005,summer weekday,30.1
2023-07-25 14:00:00.000,28.473606,summer weekday,30.1
2023-07-25 15:00:00.000,28.628544000000005,summer weekday,30.1
2023-07-25 16:00:00.000,28.9521645,summer weekday,30.1
2023-07-25 17:00:00.000,31.363699500000006,summer weekday,30.1
2023-07-25 18:00:00.000,32.734401000000005,summer weekday,34.9
2023-07-25 19:00:00.000,32.242098000000006,summer weekday,30.1
2023-07-25 20:00:00.000,31.930972500000003,summer weekday,30.1
2023-07-25 21:00:00.000,31.031332500000005,summer weekday,30.1
2023-07-25 22:00:00.000,29.675625000000004,summer weekday,30.1
2023-07-25 23:00:00.000,29.608152000000004,summer weekday,30.1
2023-07-26 00:00:00.000,28.52733450000001,summer weekday,30.1
2023-07-26 01:00:00.000,28.146237000000006,summer weekday,30.1
2023-07-26 02:00:00.000,27.3203175,summer weekday,25.44
2023-07-26 03:00:00.000,27.319068000000005,summer weekday,25.44
2023-07-26 04:00:00.000,28.217458500000003,summer weekday,30.1
2023-07-26 05:00:00.000,30.08421150000001,summer weekday,30.1
2023-07-26 06:00:00.000,31.724805000000003,summer weekday,30.1
2023-07-26 07:00:00.000,32.455762500000006,summer weekday,30.1
2023-07-26 08:00:00.000,30.344107500000007,summer weekday,30.1
2023-07-26 09:00:00.000,29.323266000000007,summer weekday,30.1
2023-07-26 10:00:00.000,28.553574,summer weekday,30.1
2023-07-26 11:00:00.000,28.118748000000007,summer weekday,30.1
2023-07-26 12:00:00.000,27.192868500000003,summer weekday,25.44
2023-07-26 13:00:00.000,26.698066500000003,summer weekday,25.44
2023-07-26 14:00:00.000,26.04332850000001,summer weekday,25.44
2023-07-26 15:00:00.000,27.466509,summer weekday,25.44
2023-07-26 16:00:00.000,28.4848515,summer weekday,30.1
2023-07-26 17:00:00.000,29.87054700000001,summer weekday,30.1
2023-07-26 18:00:00.000,31.764789000000004,summer weekday,30.1
2023-07-26 19:00:00.000,32.434521000000004,summer weekday,30.1
2023-07-26 20:00:00.000,32.11714800000001,summer weekday,30.1
2023-07-26 21:00:00.000,31.141288500000005,summer weekday,30.1
2023-07-26 22:00:00.000,29.495697000000003,summer weekday,30.1
2023-07-26 23:00:00.000,29.658132000000005,summer weekday,30.1
2023-07-27 00:00:00.000,27.700165500000004,summer weekday,25.44
2023-07-27 01:00:00.000,26.86425,summer weekday,25.44
2023-07-27 02:00:00.000,26.246997000000004,summer weekday,25.44
2023-07-27 03:00:00.000,26.364450000000005,summer weekday,25.44
2023-07-27 04:00:00.000,27.424026000000005,summer weekday,25.44
2023-07-27 05:00:00.000,29.475705000000005,summer weekday,30.1
2023-07-27 06:00:00.000,30.310371000000004,summer weekday,30.1
2023-07-27 07:00:00.000,30.400335000000005,summer weekday,30.1
2023-07-27 08:00:00.000,29.753094000000004,summer weekday,30.1
2023-07-27 09:00:00.000,29.463210000000004,summer weekday,30.1
2023-07-27 10:00:00.000,28.726005000000004,summer weekday,30.1
2023-07-27 11:00:00.000,28.1699775,summer weekday,30.1
2023-07-27 12:00:00.000,27.36529950000001,summer weekday,25.44
2023-07-27 13:00:00.000,27.155383500000006,summer weekday,25.44
2023-07-27 14:00:00.000,27.5327325,summer weekday,25.44
2023-07-27 15:00:00.000,29.099605500000003,summer weekday,30.1
2023-07-27 16:00:00.000,30.770187000000007,summer weekday,30.1
2023-07-27 17:00:00.000,31.726054500000004,summer weekday,30.1
2023-07-27 18:00:00.000,31.9809525,summer weekday,30.1
2023-07-27 19:00:00.000,31.10880150000001,summer weekday,30.1
2023-07-27 20:00:00.000,30.877644000000004,summer weekday,30.1
2023-07-27 21:00:00.000,30.557772000000007,summer weekday,30.1
2023-07-27 22:00:00.000,29.723106000000005,summer weekday,30.1
2023-07-27 23:00:00.000,28.442368500000004,summer weekday,30.1
2023-07-28 00:00:00.000,27.312820500000008,summer weekday,25.44
2023-07-28 01:00:00.000,27.130393500000004,summer weekday,25.44
2023-07-28 02:00:00.000,27.264090000000003,summer weekday,25.44
2023-07-28 03:00:00.000,27.366549000000003,summer weekday,25.44
2023-07-28 04:00:00.000,28.554823500000005,summer weekday,30.1
2023-07-28 05:00:00.000,29.8742955,summer weekday,30.1
2023-07-28 06:00:00.000,31.252494,summer weekday,30.1
2023-07-28 07:00:00.000,31.486150500000004,summer weekday,30.1
2023-07-28 08:00:00.000,30.846406500000008,summer weekday,30.1
2023-07-28 09:00:00.000,29.80557300000001,summer weekday,30.1
2023-07-28 10:00:00.000,28.9884,summer weekday,30.1
2023-07-28 11:00:00.000,28.101255,summer weekday,30.1
2023-07-28 12:00:00.000,27.36405,summer weekday,25.44
2023-07-28 13:00:00.000,26.820517500000005,summer weekday,25.44
2023-07-28 14:00:00.000,26.876745000000003,summer weekday,25.44
2023-07-28 15:00:00.000,27.36405,summer weekday,25.44
2023-07-28 16:00:00.000,29.147086500000004,summer weekday,30.1
2023-07-28 17:00:00.000,30.311620500000004,summer weekday,30.1
2023-07-28 18:00:00.000,32.666928000000006,summer weekday,34.9
2023-07-28 19:00:00.000,33.61155,summer weekday,34.9
2023-07-28 20:00:00.000,32.584461000000005,summer weekday,34.9
2023-07-28 21:00:00.000,31.248745500000005,summer weekday,30.1
2023-07-28 22:00:00.000,30.05422350000001,summer weekday,30.1
2023-07-28 23:00:00.000,30.249145500000008,summer weekday,30.1
2023-07-29 00:00:00.000,29.173326000000003,summer weekend,27.0
2023-07-29 01:00:00.000,28.759741500000004,summer weekend,27.0
2023-07-29 02:00:00.000,28.07126700000001,summer weekend,27.0
2023-07-29 03:00:00.000,28.4848515,summer weekend,27.0
2023-07-29 04:00:00.000,28.242448500000005,summer weekend,27.0
2023-07-29 05:00:00.000,28.076265000000003,summer weekend,27.0
2023-07-29 06:00:00.000,28.3524045,summer weekend,27.0
2023-07-29 07:00:00.000,28.087510500000004,summer weekend,27.0
2023-07-29 08:00:00.000,27.577714500000003,summer weekend,27.0
2023-07-29 09:00:00.000,26.801775000000003,summer weekend,27.0
2023-07-29 10:00:00.000,25.333612500000005,summer weekend,27.0
2023-07-29 11:00:00.000,24.697617000000005,summer weekend,27.0
2023-07-29 12:00:00.000,22.426026000000004,summer weekend,19.7
2023-07-29 13:00:00.000,19.64214,summer weekend,19.7
2023-07-29 14:00:00.000,19.8258165,summer weekend,19.7
2023-07-29 15:00:00.000,23.513091000000003,summer weekend,27.0
2023-07-29 16:00:00.000,24.697617000000005,summer weekend,27.0
2023-07-29 17:00:00.000,27.306573000000004,summer weekend,27.0
2023-07-29 18:00:00.000,28.898436000000004,summer weekend,27.0
2023-07-29 19:00:00.000,29.854303500000007,summer weekend,31.66
2023-07-29 20:00:00.000,29.955513000000003,summer weekend,31.66
2023-07-29 21:00:00.000,29.854303500000007,summer weekend,31.66
2023-07-29 22:00:00.000,28.885941000000003,summer weekend,27.0
2023-07-29 23:00:00.000,27.92632500000001,summer weekend,27.0
2023-07-30 00:00:00.000,26.72680500000001,summer weekend,27.0
2023-07-30 01:00:00.000,25.84090950000001,summer weekend,27.0
2023-07-30 02:00:00.000,24.5889105,summer weekend,27.0
2023-07-30 03:00:00.000,23.815470000000005,summer weekend,27.0
2023-07-30 04:00:00.000,23.82796500000001,summer weekend,27.0
2023-07-30 05:00:00.000,23.283183,summer weekend,19.7
2023-07-30 06:00:00.000,21.9912,summer weekend,19.7
2023-07-30 07:00:00.000,21.094059,summer weekend,19.7
2023-07-30 08:00:00.000,18.427626,summer weekend,19.7
2023-07-30 09:00:00.000,17.366919499999998,summer weekend,19.7
2023-07-30 10:00:00.000,17.338656999999998,summer weekend,19.7
2023-07-30 11:00:00.000,15.4812455,summer weekend,19.7
2023-07-30 12:00:00.000,12.2887135,summer weekend,19.7
2023-07-30 13:00:00.000,12.0987895,summer weekend,19.7
2023-07-30 14:00:00.000,12.843789,summer weekend,19.7
2023-07-30 15:00:00.000,15.113832999999998,summer weekend,19.7
2023-07-30 16:00:00.000,17.255,summer weekend,19.7
2023-07-30 17:00:00.000,19.394739,summer weekend,19.7
2023-07-30 18:00:00.000,26.660581500000006,summer weekend,27.0
2023-07-30 19:00:00.000,27.9225765,summer weekend,27.0
2023-07-30 20:00:00.000,28.42112700000001,summer weekend,27.0
2023-07-30 21:00:00.000,28.246197,summer weekend,27.0
2023-07-30 22:00:00.000,26.1207975,summer weekend,27.0
2023-07-30 23:00:00.000,24.99374850000001,summer weekend,27.0
2023-07-31 00:00:00.000,23.6792745,summer weekday,25.44
2023-07-31 01:00:00.000,22.877095500000003,summer weekday,25.44
2023-07-31 02:00:00.000,21.154035,summer weekday,25.44
2023-07-31 03:00:00.000,20.9803545,summer weekday,25.44
2023-07-31 04:00:00.000,23.654284500000003,summer weekday,25.44
2023-07-31 05:00:00.000,27.136641000000004,summer weekday,25.44
2023-07-31 06:00:00.000,28.186221000000003,summer weekday,30.1
2023-07-31 07:00:00.000,28.383642000000005,summer weekday,30.1
2023-07-31 08:00:00.000,28.113750000000003,summer weekday,30.1
2023-07-31 09:00:00.000,26.634342,summer weekday,25.44
2023-07-31 10:00:00.000,25.800925500000005,summer weekday,25.44
2023-07-31 11:00:00.000,25.51229100000001,summer weekday,25.44
2023-07-31 12:00:00.000,24.821317500000006,summer weekday,25.44
2023-07-31 13:00:00.000,24.757593000000004,summer weekday,25.44
2023-07-31 14:00:00.000,24.857553000000003,summer weekday,25.44
2023-07-31 15:00:00.000,25.822167000000004,summer weekday,25.44
2023-07-31 16:00:00.000,26.860501500000005,summer weekday,25.44
2023-07-31 17:00:00.000,28.573566000000007,summer weekday,30.1
2023-07-31 18:00:00.000,29.6393895,summer weekday,30.1
2023-07-31 19:00:00.000,29.859301500000004,summer weekday,30.1
2023-07-31 20:00:00.000,29.7693375,summer weekday,30.1
2023-07-31 21:00:00.000,29.270787,summer weekday,30.1
2023-07-31 22:00:00.000,28.3174185,summer weekday,30.1
2023-07-31 23:00:00.000,25.865899500000005,summer weekday,25.44
2023-08-01 00:00:00.000,24.722607000000004,summer weekday,25.44
2023-08-01 01:00:00.000,24.597657000000005,summer weekday,25.44
2023-08-01 02:00:00.000,24.482703,summer weekday,25.44
2023-08-01 03:00:00.000,24.60265500000001,summer weekday,25.44
2023-08-01 04:00:00.000,25.28988,summer weekday,25.44
2023-08-01 05:00:00.000,28.838460000000005,summer weekday,30.1
2023-08-01 06:00:00.000,29.16832800000001,summer weekday,30.1
2023-08-01 07:00:00.000,29.738100000000006,summer weekday,30.1
2023-08-01 08:00:00.000,28.887190500000003,summer weekday,30.1
2023-08-01 09:00:00.000,28.953414,summer weekday,30.1
2023-08-01 10:00:00.000,28.2724365,summer weekday,30.1
2023-08-01 11:00:00.000,27.266589000000003,summer weekday,25.44
2023-08-01 12:00:00.000,26.104554000000004,summer weekday,25.44
2023-08-01 13:00:00.000,24.880044,summer weekday,25.44
2023-08-01 14:00:00.000,24.523936500000005,summer weekday,25.44
2023-08-01 15:00:00.000,24.485202000000005,summer weekday,25.44
2023-08-01 16:00:00.000,25.927125000000004,summer weekday,25.44
2023-08-01 17:00:00.000,27.581463000000007,summer weekday,25.44
2023-08-01 18:00:00.000,29.369497500000005,summer weekday,30.1
2023-08-01 19:00:00.000,30.9663585,summer weekday,30.1
2023-08-01 20:00:00.000,31.354953000000005,summer weekday,30.1
2023-08-01 21:00:00.000,30.1816725,summer weekday,30.1
2023-08-01 22:00:00.000,28.960911000000003,summer weekday,30.1
2023-08-01 23:00:00.000,28.536081000000003,summer weekday,30.1
2023-08-02 00:00:00.000,27.056673000000004,summer weekday,25.44
2023-08-02 01:00:00.000,26.067069000000004,summer weekday,25.44
2023-08-02 02:00:00.000,25.7484465,summer weekday,25.44
2023-08-02 03:00:00.000,26.143288500000008,summer weekday,25.44
2023-08-02 04:00:00.000,28.258692000000003,summer weekday,30.1
2023-08-02 05:00:00.000,30.314119500000004,summer weekday,30.1
2023-08-02 06:00:00.000,31.357452,summer weekday,30.1
2023-08-02 07:00:00.000,29.65938150000001,summer weekday,30.1
2023-08-02 08:00:00.000,28.536081000000003,summer weekday,30.1
2023-08-02 09:00:00.000,27.2478465,summer weekday,25.44
2023-08-02 10:00:00.000,25.427325000000003,summer weekday,25.44
2023-08-02 11:00:00.000,23.867949000000007,summer weekday,25.44
2023-08-02 12:00:00.000,21.501396,summer weekday,25.44
2023-08-02 13:00:00.000,20.476806,summer weekday,25.44
2023-08-02 14:00:00.000,20.021988,summer weekday,25.44
2023-08-02 15:00:00.000,21.0103425,summer weekday,25.44
2023-08-02 16:00:00.000,23.93542200000001,summer weekday,25.44
2023-08-02 17:00:00.000,26.022087000000003,summer weekday,25.44
2023-08-02 18:00:00.000,27.853854000000005,summer weekday,30.1
2023-08-02 19:00:00.000,27.597706500000005,summer weekday,25.44
2023-08-02 20:00:00.000,27.210361500000005,summer weekday,25.44
2023-08-02 21:00:00.000,25.577265000000004,summer weekday,25.44
2023-08-02 22:00:00.000,22.1873715,summer weekday,25.44
2023-08-02 23:00:00.000,19.8633015,summer weekday,25.44
2023-08-03 00:00:00.000,18.5563245,summer weekday,25.44
2023-08-03 01:00:00.000,17.797877999999997,summer weekday,25.44
2023-08-03 02:00:00.000,18.0690195,summer weekday,25.44
2023-08-03 03:00:00.000,18.26769,summer weekday,25.44
2023-08-03 04:00:00.000,20.46681,summer weekday,25.44
2023-08-03 05:00:00.000,23.288181000000005,summer weekday,25.44
2023-08-03 06:00:00.000,25.23990000000001,summer weekday,25.44
2023-08-03 07:00:00.000,26.114550000000005,summer weekday,25.44
2023-08-03 08:00:00.000,24.727605,summer weekday,25.44
2023-08-03 09:00:00.000,23.04702750000001,summer weekday,25.44
2023-08-03 10:00:00.000,21.681324,summer weekday,25.44
2023-08-03 11:00:00.000,20.7429495,summer weekday,25.44
2023-08-03 12:00:00.000,20.0232375,summer weekday,25.44
2023-08-03 13:00:00.000,19.5459285,summer weekday,25.44
2023-08-03 14:00:00.000,19.579665,summer weekday,25.44
2023-08-03 15:00:00.000,20.109453,summer weekday,25.44
2023-08-03 16:00:00.000,22.992049500000004,summer weekday,25.44
2023-08-03 17:00:00.000,27.336561000000003,summer weekday,25.44
2023-08-03 18:00:00.000,29.270787,summer weekday,30.1
2023-08-03 19:00:00.000,29.43822,summer weekday,30.1
2023-08-03 20:00:00.000,29.464459500000004,summer weekday,30.1
2023-08-03 21:00:00.000,29.160831,summer weekday,30.1
2023-08-03 22:00:00.000,28.238700000000005,summer weekday,30.1
2023-08-03 23:00:00.000,28.631043,summer weekday,30.1
2023-08-04 00:00:00.000,27.845107500000005,summer weekday,30.1
2023-08-04 01:00:00.000,27.479004000000003,summer weekday,25.44
2023-08-04 02:00:00.000,27.270337500000004,summer weekday,25.44
2023-08-04 03:00:00.000,27.7101615,summer weekday,25.44
2023-08-04 04:00:00.000,28.38614100000001,summer weekday,30.1
2023-08-04 05:00:00.000,30.947616000000004,summer weekday,30.1
2023-08-04 06:00:00.000,32.83186200000001,summer weekday,34.9
2023-08-04 07:00:00.000,32.445766500000005,summer weekday,30.1
2023-08-04 08:00:00.000,30.496546500000004,summer weekday,30.1
2023-08-04 09:00:00.000,29.258292000000004,summer weekday,30.1
2023-08-04 10:00:00.000,28.698516000000005,summer weekday,30.1
2023-08-04 11:00:00.000,28.228704000000004,summer weekday,30.1
2023-08-04 12:00:00.000,27.4652595,summer weekday,25.44
2023-08-04 13:00:00.000,27.094158000000004,summer weekday,25.44
2023-08-04 14:00:00.000,26.999196000000005,summer weekday,25.44
2023-08-04 15:00:00.000,27.725155500000007,summer weekday,25.44
2023-08-04 16:00:00.000,29.24329800000001,summer weekday,30.1
2023-08-04 17:00:00.000,30.29537700000001,summer weekday,30.1
2023-08-04 18:00:00.000,34.218807000000005,summer weekday,34.9
2023-08-04 19:00:00.000,34.83606,summer weekday,34.9
2023-08-04 20:00:00.000,33.4803525,summer weekday,34.9
2023-08-04 21:00:00.000,31.237500000000004,summer weekday,30.1
2023-08-04 22:00:00.000,29.674375500000004,summer weekday,30.1
2023-08-04 23:00:00.000,30.056722500000003,summer weekday,30.1
2023-08-05 00:00:00.000,29.225805,summer weekend,27.0
2023-08-05 01:00:00.000,28.935921,summer weekend,27.0
2023-08-05 02:00:00.000,28.651035000000007,summer weekend,27.0
2023-08-05 03:00:00.000,28.643538000000003,summer weekend,27.0
2023-08-05 04:00:00.000,28.681023000000003,summer weekend,27.0
2023-08-05 05:00:00.000,29.200815,summer weekend,27.0
2023-08-05 06:00:00.000,28.99214850000001,summer weekend,27.0
2023-08-05 07:00:00.000,29.012140500000005,summer weekend,27.0
2023-08-05 08:00:00.000,28.488600000000005,summer weekend,27.0
2023-08-05 09:00:00.000,27.376545000000004,summer weekend,27.0
2023-08-05 10:00:00.000,26.76179100000001,summer weekend,27.0
2023-08-05 11:00:00.000,25.491049500000003,summer weekend,27.0
2023-08-05 12:00:00.000,24.728854500000004,summer weekend,27.0
2023-08-05 13:00:00.000,24.620148000000004,summer weekend,27.0
2023-08-05 14:00:00.000,25.59600750000001,summer weekend,27.0
2023-08-05 15:00:00.000,27.33031350000001,summer weekend,27.0
2023-08-05 16:00:00.000,29.758092000000005,summer weekend,31.66
2023-08-05 17:00:00.000,30.815169,summer weekend,31.66
2023-08-05 18:00:00.000,32.749395,summer weekend,31.66
2023-08-05 19:00:00.000,33.4853505,summer weekend,31.66
2023-08-05 20:00:00.000,31.016338500000003,summer weekend,31.66
2023-08-05 21:00:00.000,29.748096000000004,summer weekend,31.66
2023-08-05 22:00:00.000,28.28118300000001,summer weekend,27.0
2023-08-05 23:00:00.000,28.501095000000007,summer weekend,27.0
2023-08-06 00:00:00.000,28.374895500000004,summer weekend,27.0
2023-08-06 01:00:00.000,27.2478465,summer weekend,27.0
2023-08-06 02:00:00.000,27.249096000000005,summer weekend,27.0
2023-08-06 03:00:00.000,26.746797000000004,summer weekend,27.0
2023-08-06 04:00:00.000,27.863850000000003,summer weekend,27.0
2023-08-06 05:00:00.000,26.751795,summer weekend,27.0
2023-08-06 06:00:00.000,25.940869500000005,summer weekend,27.0
2023-08-06 07:00:00.000,25.797177000000005,summer weekend,27.0
2023-08-06 08:00:00.000,25.003744500000003,summer weekend,27.0
2023-08-06 09:00:00.000,23.5018455,summer weekend,27.0
2023-08-06 10:00:00.000,22.847107500000003,summer weekend,19.7
2023-08-06 11:00:00.000,21.606354,summer weekend,19.7
2023-08-06 12:00:00.000,18.8761965,summer weekend,19.7
2023-08-06 13:00:00.000,18.862452,summer weekend,19.7
2023-08-06 14:00:00.000,18.5038455,summer weekend,19.7
2023-08-06 15:00:00.000,18.879945,summer weekend,19.7
2023-08-06 16:00:00.000,21.7625415,summer weekend,19.7
2023-08-06 17:00:00.000,25.118698500000004,summer weekend,27.0
2023-08-06 18:00:00.000,26.44066950000001,summer weekend,27.0
2023-08-06 19:00:00.000,26.97045750000001,summer weekend,27.0
2023-08-06 20:00:00.000,27.00794250000001,summer weekend,27.0
2023-08-06 21:00:00.000,26.346957000000003,summer weekend,27.0
2023-08-06 22:00:00.000,24.290280000000003,summer weekend,27.0
2023-08-06 23:00:00.000,24.16533,summer weekend,27.0
2023-08-07 00:00:00.000,23.3119215,summer weekday,25.44
2023-08-07 01:00:00.000,21.2202585,summer weekday,25.44
2023-08-07 02:00:00.000,18.2439495,summer weekday,25.44
2023-08-07 03:00:00.000,17.8116225,summer weekday,25.44
2023-08-07 04:00:00.000,17.3717985,summer weekday,25.44
2023-08-07 05:00:00.000,25.654734,summer weekday,25.44
2023-08-07 06:00:00.000,26.536881000000005,summer weekday,25.44
2023-08-07 07:00:00.000,25.507293,summer weekday,25.44
2023-08-07 08:00:00.000,22.983303000000003,summer weekday,25.44
2023-08-07 09:00:00.000,17.914081499999998,summer weekday,25.44
2023-08-07 10:00:00.000,17.493,summer weekday,25.44
2023-08-07 11:00:00.000,17.366919499999998,summer weekday,25.44
2023-08-07 12:00:00.000,17.276479499999997,summer weekday,25.44
2023-08-07 13:00:00.000,16.8808045,summer weekday,25.44
2023-08-07 14:00:00.000,16.238680499999997,summer weekday,25.44
2023-08-07 15:00:00.000,16.879673999999998,summer weekday,25.44
2023-08-07 16:00:00.000,17.363528,summer weekday,25.44
2023-08-07 17:00:00.000,17.388042,summer weekday,25.44
2023-08-07 18:00:00.000,19.0786155,summer weekday,25.44
2023-08-07 19:00:00.000,21.2052645,summer weekday,25.44
2023-08-07 20:00:00.000,22.594708500000003,summer weekday,25.44
2023-08-07 21:00:00.000,17.501746499999996,summer weekday,25.44
2023-08-07 22:00:00.000,17.360136499999996,summer weekday,25.44
2023-08-07 23:00:00.000,16.884196,summer weekday,25.44
2023-08-08 00:00:00.000,16.6863585,summer weekday,25.44
2023-08-08 01:00:00.000,16.66714,summer weekday,25.44
2023-08-08 02:00:00.000,16.698793999999996,summer weekday,25.44
2023-08-08 03:00:00.000,16.945242999999998,summer weekday,25.44
2023-08-08 04:00:00.000,17.1317755,summer weekday,25.44
2023-08-08 05:00:00.000,17.379295499999998,summer weekday,25.44
2023-08-08 06:00:00.000,19.157334,summer weekday,25.44
2023-08-08 07:00:00.000,17.3578755,summer weekday,25.44
2023-08-08 08:00:00.000,17.062815,summer weekday,25.44
2023-08-08 09:00:00.000,16.6027015,summer weekday,25.44
2023-08-08 10:00:00.000,15.878051,summer weekday,25.44
2023-08-08 11:00:00.000,15.5897735,summer weekday,25.44
2023-08-08 12:00:00.000,15.0968755,summer weekday,25.44
2023-08-08 13:00:00.000,14.906951499999998,summer weekday,25.44
2023-08-08 14:00:00.000,15.547945,summer weekday,25.44
2023-08-08 15:00:00.000,16.361905,summer weekday,25.44
2023-08-08 16:00:00.000,17.275349,summer weekday,25.44
2023-08-08 17:00:00.000,17.501746499999996,summer weekday,25.44
2023-08-08 18:00:00.000,28.3124205,summer weekday,30.1
2023-08-08 19:00:00.000,27.85885200000001,summer weekday,30.1
2023-08-08 20:00:00.000,28.511091000000004,summer weekday,30.1
2023-08-08 21:00:00.000,28.3124205,summer weekday,30.1
2023-08-08 22:00:00.000,24.862551000000003,summer weekday,25.44
2023-08-08 23:00:00.000,27.351555000000005,summer weekday,25.44
2023-08-09 00:00:00.000,26.384442000000004,summer weekday,25.44
2023-08-09 01:00:00.000,26.118298500000005,summer weekday,25.44
2023-08-09 02:00:00.000,25.84090950000001,summer weekday,25.44
2023-08-09 03:00:00.000,26.629344000000003,summer weekday,25.44
2023-08-09 04:00:00.000,27.85760250000001,summer weekday,30.1
2023-08-09 05:00:00.000,29.633142000000003,summer weekday,30.1
2023-08-09 06:00:00.000,30.575265,summer weekday,30.1
2023-08-09 07:00:00.000,30.667728000000004,summer weekday,30.1
2023-08-09 08:00:00.000,29.819317500000004,summer weekday,30.1
2023-08-09 09:00:00.000,28.4848515,summer weekday,30.1
2023-08-09 10:00:00.000,27.5702175,summer weekday,25.44
2023-08-09 11:00:00.000,25.192419000000005,summer weekday,25.44
2023-08-09 12:00:00.000,25.053724500000005,summer weekday,25.44
2023-08-09 13:00:00.000,22.618449000000005,summer weekday,25.44
2023-08-09 14:00:00.000,24.551425500000004,summer weekday,25.44
2023-08-09 15:00:00.000,25.827165000000004,summer weekday,25.44
2023-08-09 16:00:00.000,28.363650000000003,summer weekday,30.1
2023-08-09 17:00:00.000,29.7943275,summer weekday,30.1
2023-08-09 18:00:00.000,32.225854500000004,summer weekday,30.1
2023-08-09 19:00:00.000,34.74609600000001,summer weekday,34.9
2023-08-09 20:00:00.000,33.81396900000001,summer weekday,34.9
2023-08-09 21:00:00.000,32.670676500000006,summer weekday,34.9
2023-08-09 22:00:00.000,29.98300200000001,summer weekday,30.1
2023-08-09 23:00:00.000,29.396986500000004,summer weekday,30.1
2023-08-10 00:00:00.000,28.862200500000007,summer weekday,30.1
2023-08-10 01:00:00.000,28.507342500000004,summer weekday,30.1
2023-08-10 02:00:00.000,27.361551,summer weekday,25.44
2023-08-10 03:00:00.000,28.466109000000007,summer weekday,30.1
2023-08-10 04:00:00.000,28.9884,summer weekday,30.1
2023-08-10 05:00:00.000,34.145086500000005,summer weekday,34.9
2023-08-10 06:00:00.000,41.4346695,summer weekday,34.9
2023-08-10 07:00:00.000,31.1387895,summer weekday,30.1
2023-08-10 08:00:00.000,29.475705000000005,summer weekday,30.1
2023-08-10 09:00:00.000,27.6376905,summer weekday,25.44
2023-08-10 10:00:00.000,25.744698000000003,summer weekday,25.44
2023-08-10 11:00:00.000,25.745947500000003,summer weekday,25.44
2023-08-10 12:00:00.000,22.2498465,summer weekday,25.44
2023-08-10 13:00:00.000,22.980804000000006,summer weekday,25.44
2023-08-10 14:00:00.000,25.561021500000003,summer weekday,25.44
2023-08-10 15:00:00.000,27.36529950000001,summer weekday,25.44
2023-08-10 16:00:00.000,29.035881000000007,summer weekday,30.1
2023-08-10 17:00:00.000,30.222906000000005,summer weekday,30.1
2023-08-10 18:00:00.000,38.829462,summer weekday,34.9
2023-08-10 19:00:00.000,42.83286,summer weekday,34.9
2023-08-10 20:00:00.000,35.422075500000005,summer weekday,34.9
2023-08-10 21:00:00.000,31.798525500000004,summer weekday,30.1
2023-08-10 22:00:00.000,30.024235500000007,summer weekday,30.1
2023-08-10 23:00:00.000,31.276234500000005,summer weekday,30.1
2023-08-11 00:00:00.000,30.661480500000003,summer weekday,30.1
2023-08-11 01:00:00.000,30.459061500000004,summer weekday,30.1
2023-08-11 02:00:00.000,29.831812500000005,summer weekday,30.1
2023-08-11 03:00:00.000,30.149185500000005,summer weekday,30.1
2023-08-11 04:00:00.000,30.712710000000005,summer weekday,30.1
2023-08-11 05:00:00.000,35.272135500000005,summer weekday,34.9
2023-08-11 06:00:00.000,35.272135500000005,summer weekday,34.9
2023-08-11 07:00:00.000,31.7460465,summer weekday,30.1
2023-08-11 08:00:00.000,29.888040000000004,summer weekday,30.1
2023-08-11 09:00:00.000,27.9275745,summer weekday,30.1
2023-08-11 10:00:00.000,26.575615500000005,summer weekday,25.44
2023-08-11 11:00:00.000,22.543479000000005,summer weekday,25.44
2023-08-11 12:00:00.000,21.1402905,summer weekday,25.44
2023-08-11 13:00:00.000,21.392689500000003,summer weekday,25.44
2023-08-11 14:00:00.000,24.616399500000004,summer weekday,25.44
2023-08-11 15:00:00.000,27.936321000000007,summer weekday,30.1
2023-08-11 16:00:00.000,29.610651,summer weekday,30.1
2023-08-11 17:00:00.000,31.459911000000005,summer weekday,30.1
2023-08-11 18:00:00.000,34.9622595,summer weekday,34.9
2023-08-11 19:00:00.000,38.19221700000001,summer weekday,34.9
2023-08-11 20:00:00.000,33.9864,summer weekday,34.9
2023-08-11 21:00:00.000,32.097156000000005,summer weekday,30.1
2023-08-11 22:00:00.000,30.335361,summer weekday,30.1
2023-08-11 23:00:00.000,30.305373000000007,summer weekday,30.1
2023-08-12 00:00:00.000,29.63814,summer weekend,31.66
2023-08-12 01:00:00.000,29.575665000000004,summer weekend,31.66
2023-08-12 02:00:00.000,29.353254000000007,summer weekend,31.66
2023-08-12 03:00:00.000,29.102104500000006,summer weekend,27.0
2023-08-12 04:00:00.000,29.728104,summer weekend,31.66
2023-08-12 05:00:00.000,29.299525500000005,summer weekend,27.0
2023-08-12 06:00:00.000,29.86305,summer weekend,31.66
2023-08-12 07:00:00.000,29.80557300000001,summer weekend,31.66
2023-08-12 08:00:00.000,28.301175,summer weekend,27.0
2023-08-12 09:00:00.000,26.895487500000005,summer weekend,27.0
2023-08-12 10:00:00.000,25.747197000000007,summer weekend,27.0
2023-08-12 11:00:00.000,23.820468,summer weekend,27.0
2023-08-12 12:00:00.000,20.4305745,summer weekend,19.7
2023-08-12 13:00:00.000,18.11775,summer weekend,19.7
2023-08-12 14:00:00.000,18.232704,summer weekend,19.7
2023-08-12 15:00:00.000,19.91703,summer weekend,19.7
2023-08-12 16:00:00.000,25.812171000000003,summer weekend,27.0
2023-08-12 17:00:00.000,28.930923000000003,summer weekend,27.0
2023-08-12 18:00:00.000,30.671476500000004,summer weekend,31.66
2023-08-12 19:00:00.000,31.257492000000003,summer weekend,31.66
2023-08-12 20:00:00.000,31.397436000000003,summer weekend,31.66
2023-08-12 21:00:00.000,30.868897500000003,summer weekend,31.66
2023-08-12 22:00:00.000,30.070467000000004,summer weekend,31.66
2023-08-12 23:00:00.000,28.626045000000005,summer weekend,27.0
2023-08-13 00:00:00.000,27.938820000000003,summer weekend,27.0
2023-08-13 01:00:00.000,27.21411,summer weekend,27.0
2023-08-13 02:00:00.000,26.072067000000004,summer weekend,27.0
2023-08-13 03:00:00.000,25.989600000000006,summer weekend,27.0
2023-08-13 04:00:00.000,26.366949,summer weekend,27.0
2023-08-13 05:00:00.000,27.075415500000005,summer weekend,27.0
2023-08-13 06:00:00.000,26.956713000000008,summer weekend,27.0
2023-08-13 07:00:00.000,26.215759500000008,summer weekend,27.0
2023-08-13 08:00:00.000,23.664280500000004,summer weekend,27.0
2023-08-13 09:00:00.000,20.8928895,summer weekend,19.7
2023-08-13 10:00:00.000,19.1335935,summer weekend,19.7
2023-08-13 11:00:00.000,18.1015065,summer weekend,19.7
2023-08-13 12:00:00.000,17.500497,summer weekend,19.7
2023-08-13 13:00:00.000,17.550477,summer weekend,19.7
2023-08-13 14:00:00.000,18.212712,summer weekend,19.7
2023-08-13 15:00:00.000,19.5484275,summer weekend,19.7
2023-08-13 16:00:00.000,26.446917000000003,summer weekend,27.0
2023-08-13 17:00:00.000,29.759341500000005,summer weekend,31.66
2023-08-13 18:00:00.000,30.883891500000004,summer weekend,31.66
2023-08-13 19:00:00.000,31.864749000000003,summer weekend,31.66
2023-08-13 20:00:00.000,32.36205,summer weekend,31.66
2023-08-13 21:00:00.000,32.380792500000005,summer weekend,31.66
2023-08-13 22:00:00.000,31.623595500000004,summer weekend,31.66
2023-08-13 23:00:00.000,29.614399500000005,summer weekend,31.66
2023-08-14 00:00:00.000,28.5673185,summer weekday,30.1
2023-08-14 01:00:00.000,27.92632500000001,summer weekday,30.1
2023-08-14 02:00:00.000,28.409881500000004,summer weekday,30.1
2023-08-14 03:00:00.000,29.189569500000005,summer weekday,30.1
2023-08-14 04:00:00.000,31.160031,summer weekday,30.1
2023-08-14 05:00:00.000,33.73525050000001,summer weekday,34.9
2023-08-14 06:00:00.000,35.219656500000006,summer weekday,34.9
2023-08-14 07:00:00.000,31.969707000000003,summer weekday,30.1
2023-08-14 08:00:00.000,29.746846500000004,summer weekday,30.1
2023-08-14 09:00:00.000,27.8226165,summer weekday,30.1
2023-08-14 10:00:00.000,27.027934500000004,summer weekday,25.44
2023-08-14 11:00:00.000,26.105803500000004,summer weekday,25.44
2023-08-14 12:00:00.000,25.324866000000004,summer weekday,25.44
2023-08-14 13:00:00.000,25.753444500000004,summer weekday,25.44
2023-08-14 14:00:00.000,26.626845000000007,summer weekday,25.44
2023-08-14 15:00:00.000,27.676425,summer weekday,25.44
2023-08-14 16:00:00.000,30.0742155,summer weekday,30.1
2023-08-14 17:00:00.000,32.84560650000001,summer weekday,34.9
2023-08-14 18:00:00.000,39.5829105,summer weekday,34.9
2023-08-14 19:00:00.000,37.49374650000001,summer weekday,34.9
2023-08-14 20:00:00.000,33.719007000000005,summer weekday,34.9
2023-08-14 21:00:00.000,31.236250500000004,summer weekday,30.1
2023-08-14 22:00:00.000,29.995497,summer weekday,30.1
2023-08-14 23:00:00.000,29.813070000000003,summer weekday,30.1
2023-08-15 00:00:00.000,28.944667500000005,summer weekday,30.1
2023-08-15 01:00:00.000,28.883442,summer weekday,30.1
2023-08-15 02:00:00.000,28.608552,summer weekday,30.1
2023-08-15 03:00:00.000,28.322416500000006,summer weekday,30.1
2023-08-15 04:00:00.000,28.9521645,summer weekday,30.1
2023-08-15 05:00:00.000,31.57236600000001,summer weekday,30.1
2023-08-15 06:00:00.000,34.23630000000001,summer weekday,34.9
2023-08-15 07:00:00.000,32.434521000000004,summer weekday,30.1
2023-08-15 08:00:00.000,29.200815,summer weekday,30.1
2023-08-15 09:00:00.000,27.3603015,summer weekday,25.44
2023-08-15 10:00:00.000,26.61185100000001,summer weekday,25.44
2023-08-15 11:00:00.000,25.157433,summer weekday,25.44
2023-08-15 12:00:00.000,21.239001,summer weekday,25.44
2023-08-15 13:00:00.000,20.309373,summer weekday,25.44
2023-08-15 14:00:00.000,23.097007500000004,summer weekday,25.44
2023-08-15 15:00:00.000,26.147037000000005,summer weekday,25.44
2023-08-15 16:00:00.000,29.365749000000008,summer weekday,30.1
2023-08-15 17:00:00.000,30.946366500000003,summer weekday,30.1
2023-08-15 18:00:00.000,33.119247,summer weekday,34.9
2023-08-15 19:00:00.000,35.18716950000001,summer weekday,34.9
2023-08-15 20:00:00.000,33.991398000000004,summer weekday,34.9
2023-08-15 21:00:00.000,33.04177800000001,summer weekday,34.9
2023-08-15 22:00:00.000,30.848905500000004,summer weekday,30.1
2023-08-15 23:00:00.000,30.712710000000005,summer weekday,30.1
2023-08-16 00:00:00.000,29.544427500000005,summer weekday,30.1
2023-08-16 01:00:00.000,29.035881000000007,summer weekday,30.1
2023-08-16 02:00:00.000,29.172076500000003,summer weekday,30.1
2023-08-16 03:00:00.000,29.488200000000003,summer weekday,30.1
2023-08-16 04:00:00.000,29.800575,summer weekday,30.1
2023-08-16 05:00:00.000,32.248345500000006,summer weekday,30.1
2023-08-16 06:00:00.000,35.6119995,summer weekday,34.9
2023-08-16 07:00:00.000,33.55907100000001,summer weekday,34.9
2023-08-16 08:00:00.000,31.051324500000003,summer weekday,30.1
2023-08-16 09:00:00.000,29.776834500000007,summer weekday,30.1
2023-08-16 10:00:00.000,29.16832800000001,summer weekday,30.1
2023-08-16 11:00:00.000,28.818468,summer weekday,30.1
2023-08-16 12:00:00.000,28.227454500000004,summer weekday,30.1
2023-08-16 13:00:00.000,28.592308500000005,summer weekday,30.1
2023-08-16 14:00:00.000,29.002144500000004,summer weekday,30.1
2023-08-16 15:00:00.000,29.514439500000005,summer weekday,30.1
2023-08-16 16:00:00.000,31.2112605,summer weekday,30.1
2023-08-16 17:00:00.000,33.763989,summer weekday,34.9
2023-08-16 18:00:00.000,36.872745,summer weekday,34.9
2023-08-16 19:00:00.000,37.3637985,summer weekday,34.9
2023-08-16 20:00:00.000,34.37374500000001,summer weekday,34.9
2023-08-16 21:00:00.000,32.349555,summer weekday,30.1
2023-08-16 22:00:00.000,29.8618005,summer weekday,30.1
2023-08-16 23:00:00.000,30.472806,summer weekday,30.1
2023-08-17 00:00:00.000,29.66063100000001,summer weekday,30.1
2023-08-17 01:00:00.000,29.606902500000004,summer weekday,30.1
2023-08-17 02:00:00.000,29.255793,summer weekday,30.1
2023-08-17 03:00:00.000,29.255793,summer weekday,30.1
2023-08-17 04:00:00.000,30.162930000000003,summer weekday,30.1
2023-08-17 05:00:00.000,34.201314,summer weekday,34.9
2023-08-17 06:00:00.000,34.41123,summer weekday,34.9
2023-08-17 07:00:00.000,34.1250945,summer weekday,34.9
2023-08-17 08:00:00.000,31.762290000000007,summer weekday,30.1
2023-08-17 09:00:00.000,30.2466465,summer weekday,30.1
2023-08-17 10:00:00.000,29.264539500000005,summer weekday,30.1
2023-08-17 11:00:00.000,28.815969000000003,summer weekday,30.1
2023-08-17 12:00:00.000,28.611051000000007,summer weekday,30.1
2023-08-17 13:00:00.000,28.611051000000007,summer weekday,30.1
2023-08-17 14:00:00.000,29.124595500000005,summer weekday,30.1
2023-08-17 15:00:00.000,29.86305,summer weekday,30.1
2023-08-17 16:00:00.000,31.543627500000007,summer weekday,30.1
2023-08-17 17:00:00.000,33.851454000000004,summer weekday,34.9
2023-08-17 18:00:00.000,36.1892685,summer weekday,34.9
2023-08-17 19:00:00.000,35.563269000000005,summer weekday,34.9
2023-08-17 20:00:00.000,33.471606,summer weekday,34.9
2023-08-17 21:00:00.000,31.9409685,summer weekday,30.1
2023-08-17 22:00:00.000,30.775185000000004,summer weekday,30.1
2023-08-17 23:00:00.000,30.499045500000005,summer weekday,30.1
2023-08-18 00:00:00.000,30.08296200000001,summer weekday,30.1
2023-08-18 01:00:00.000,29.991748500000003,summer weekday,30.1
2023-08-18 02:00:00.000,30.2591415,summer weekday,30.1
2023-08-18 03:00:00.000,30.111700500000005,summer weekday,30.1
2023-08-18 04:00:00.000,30.414079500000003,summer weekday,30.1
2023-08-18 05:00:00.000,32.46201000000001,summer weekday,30.1
2023-08-18 06:00:00.000,34.93976850000001,summer weekday,34.9
2023-08-18 07:00:00.000,32.668177500000006,summer weekday,34.9
2023-08-18 08:00:00.000,30.718957500000005,summer weekday,30.1
2023-08-18 09:00:00.000,29.3445075,summer weekday,30.1
2023-08-18 10:00:00.000,28.49484750000001,summer weekday,30.1
2023-08-18 11:00:00.000,28.148736000000007,summer weekday,30.1
2023-08-18 12:00:00.000,27.72015750000001,summer weekday,25.44
2023-08-18 13:00:00.000,27.883842000000005,summer weekday,30.1
2023-08-18 14:00:00.000,28.509841500000004,summer weekday,30.1
2023-08-18 15:00:00.000,29.282032500000003,summer weekday,30.1
2023-08-18 16:00:00.000,30.895137,summer weekday,30.1
2023-08-18 17:00:00.000,33.361650000000004,summer weekday,34.9
2023-08-18 18:00:00.000,37.532481,summer weekday,34.9
2023-08-18 19:00:00.000,36.14053800000001,summer weekday,34.9
2023-08-18 20:00:00.000,33.295426500000005,summer weekday,34.9
2023-08-18 21:00:00.000,31.023835500000004,summer weekday,30.1
2023-08-18 22:00:00.000,29.891788500000004,summer weekday,30.1
2023-08-18 23:00:00.000,29.763090000000005,summer weekday,30.1
2023-08-19 00:00:00.000,29.348256,summer weekend,31.66
2023-08-19 01:00:00.000,29.16333000000001,summer weekend,27.0
2023-08-19 02:00:00.000,29.068368000000007,summer weekend,27.0
2023-08-19 03:00:00.000,29.350755000000003,summer weekend,31.66
2023-08-19 04:00:00.000,29.350755000000003,summer weekend,31.66
2023-08-19 05:00:00.000,29.850555000000007,summer weekend,31.66
2023-08-19 06:00:00.000,28.639789500000006,summer weekend,27.0
2023-08-19 07:00:00.000,27.741399000000005,summer weekend,27.0
2023-08-19 08:00:00.000,27.285331500000005,summer weekend,27.0
2023-08-19 09:00:00.000,26.039580000000004,summer weekend,27.0
2023-08-19 10:00:00.000,22.594708500000003,summer weekend,19.7
2023-08-19 11:00:00.000,20.5480275,summer weekend,19.7
2023-08-19 12:00:00.000,19.224807,summer weekend,19.7
2023-08-19 13:00:00.000,18.9411705,summer weekend,19.7
2023-08-19 14:00:00.000,20.4930495,summer weekend,19.7
2023-08-19 15:00:00.000,26.666829000000007,summer weekend,27.0
2023-08-19 16:00:00.000,29.919277500000003,summer weekend,31.66
2023-08-19 17:00:00.000,31.794777000000003,summer weekend,31.66
2023-08-19 18:00:00.000,33.6302925,summer weekend,31.66
2023-08-19 19:00:00.000,33.510340500000005,summer weekend,31.66
2023-08-19 20:00:00.000,33.927673500000004,summer weekend,31.66
2023-08-19 21:00:00.000,32.8256145,summer weekend,31.66
2023-08-19 22:00:00.000,31.42992300000001,summer weekend,31.66
2023-08-19 23:00:00.000,31.6111005,summer weekend,31.66
2023-08-20 00:00:00.000,31.18627050000001,summer weekend,31.66
2023-08-20 01:00:00.000,30.5090415,summer weekend,31.66
2023-08-20 02:00:00.000,30.490299000000004,summer weekend,31.66
2023-08-20 03:00:00.000,30.239149500000007,summer weekend,31.66
2023-08-20 04:00:00.000,30.43906950000001,summer weekend,31.66
2023-08-20 05:00:00.000,30.452814000000004,summer weekend,31.66
2023-08-20 06:00:00.000,29.8243155,summer weekend,31.66
2023-08-20 07:00:00.000,29.736850500000006,summer weekend,31.66
2023-08-20 08:00:00.000,28.191219000000004,summer weekend,27.0
2023-08-20 09:00:00.000,26.528134500000007,summer weekend,27.0
2023-08-20 10:00:00.000,22.86585,summer weekend,19.7
2023-08-20 11:00:00.000,19.7708385,summer weekend,19.7
2023-08-20 12:00:00.000,19.0236375,summer weekend,19.7
2023-08-20 13:00:00.000,19.097358,summer weekend,19.7
2023-08-20 14:00:00.000,21.5926095,summer weekend,19.7
2023-08-20 15:00:00.000,27.236601000000004,summer weekend,27.0
2023-08-20 16:00:00.000,29.250795000000004,summer weekend,27.0
2023-08-20 17:00:00.000,31.362450000000003,summer weekend,31.66
2023-08-20 18:00:00.000,33.46161,summer weekend,31.66
2023-08-20 19:00:00.000,34.861050000000006,summer weekend,31.66
2023-08-20 20:00:00.000,34.803573,summer weekend,31.66
2023-08-20 21:00:00.000,33.2004645,summer weekend,31.66
2023-08-20 22:00:00.000,31.3562025,summer weekend,31.66
2023-08-20 23:00:00.000,31.3562025,summer weekend,31.66
2023-08-21 00:00:00.000,30.071716500000004,summer weekday,30.1
2023-08-21 01:00:00.000,29.701864500000003,summer weekday,30.1
2023-08-21 02:00:00.000,29.247046500000007,summer weekday,30.1
2023-08-21 03:00:00.000,29.5769145,summer weekday,30.1
2023-08-21 04:00:00.000,30.640239000000005,summer weekday,30.1
2023-08-21 05:00:00.000,34.716108000000006,summer weekday,34.9
2023-08-21 06:00:00.000,37.476253500000006,summer weekday,34.9
2023-08-21 07:00:00.000,34.5199365,summer weekday,34.9
2023-08-21 08:00:00.000,31.753543500000003,summer weekday,30.1
2023-08-21 09:00:00.000,30.36784800000001,summer weekday,30.1
2023-08-21 10:00:00.000,29.459461500000007,summer weekday,30.1
2023-08-21 11:00:00.000,28.943418000000005,summer weekday,30.1
2023-08-21 12:00:00.000,28.608552,summer weekday,30.1
2023-08-21 13:00:00.000,29.250795000000004,summer weekday,30.1
2023-08-21 14:00:00.000,29.3095215,summer weekday,30.1
2023-08-21 15:00:00.000,29.86305,summer weekday,30.1
2023-08-21 16:00:00.000,32.19586650000001,summer weekday,30.1
2023-08-21 17:00:00.000,35.208411000000005,summer weekday,34.9
2023-08-21 18:00:00.000,40.6999635,summer weekday,34.9
2023-08-21 19:00:00.000,42.78912749999999,summer weekday,34.9
2023-08-21 20:00:00.000,38.1534825,summer weekday,34.9
2023-08-21 21:00:00.000,34.3624995,summer weekday,34.9
2023-08-21 22:00:00.000,31.737300000000005,summer weekday,30.1
2023-08-21 23:00:00.000,31.5736155,summer weekday,30.1
2023-08-22 00:00:00.000,30.480303000000006,summer weekday,30.1
2023-08-22 01:00:00.000,30.2966265,summer weekday,30.1
2023-08-22 02:00:00.000,30.314119500000004,summer weekday,30.1
2023-08-22 03:00:00.000,30.64898550000001,summer weekday,30.1
2023-08-22 04:00:00.000,31.426174500000005,summer weekday,30.1
2023-08-22 05:00:00.000,34.424974500000005,summer weekday,34.9
2023-08-22 06:00:00.000,36.2192565,summer weekday,34.9
2023-08-22 07:00:00.000,34.4799525,summer weekday,34.9
2023-08-22 08:00:00.000,31.851004500000005,summer weekday,30.1
2023-08-22 09:00:00.000,30.162930000000003,summer weekday,30.1
2023-08-22 10:00:00.000,29.821816500000004,summer weekday,30.1
2023-08-22 11:00:00.000,29.0596215,summer weekday,30.1
2023-08-22 12:00:00.000,28.935921,summer weekday,30.1
2023-08-22 13:00:00.000,28.91842800000001,summer weekday,30.1
2023-08-22 14:00:00.000,29.508192000000005,summer weekday,30.1
2023-08-22 15:00:00.000,29.856802500000004,summer weekday,30.1
2023-08-22 16:00:00.000,30.980103000000007,summer weekday,30.1
2023-08-22 17:00:00.000,35.50829100000001,summer weekday,34.9
2023-08-22 18:00:00.000,41.4621585,summer weekday,34.9
2023-08-22 19:00:00.000,43.167726,summer weekday,34.9
2023-08-22 20:00:00.000,38.14723500000001,summer weekday,34.9
2023-08-22 21:00:00.000,35.58576000000001,summer weekday,34.9
2023-08-22 22:00:00.000,33.31167000000001,summer weekday,34.9
2023-08-22 23:00:00.000,32.8481055,summer weekday,34.9
2023-08-23 00:00:00.000,31.446166500000004,summer weekday,30.1
2023-08-23 01:00:00.000,31.100055000000005,summer weekday,30.1
2023-08-23 02:00:00.000,30.660231000000003,summer weekday,30.1
2023-08-23 03:00:00.000,31.137540000000005,summer weekday,30.1
2023-08-23 04:00:00.000,31.75104450000001,summer weekday,30.1
2023-08-23 05:00:00.000,34.999744500000006,summer weekday,34.9
2023-08-23 06:00:00.000,37.609950000000005,summer weekday,34.9
2023-08-23 07:00:00.000,37.0364295,summer weekday,34.9
2023-08-23 08:00:00.000,34.423725000000005,summer weekday,34.9
2023-08-23 09:00:00.000,32.3433075,summer weekday,30.1
2023-08-23 10:00:00.000,31.331212500000003,summer weekday,30.1
2023-08-23 11:00:00.000,30.15543300000001,summer weekday,30.1
2023-08-23 12:00:00.000,29.720607000000005,summer weekday,30.1
2023-08-23 13:00:00.000,29.5569225,summer weekday,30.1
2023-08-23 14:00:00.000,30.4415685,summer weekday,30.1
2023-08-23 15:00:00.000,31.997196,summer weekday,30.1
2023-08-23 16:00:00.000,35.38584,summer weekday,34.9
2023-08-23 17:00:00.000,45.54427499999999,summer weekday,34.9
2023-08-23 18:00:00.000,51.869244,summer weekday,34.9
2023-08-23 19:00:00.000,53.84470349999999,summer weekday,34.9
2023-08-23 20:00:00.000,47.4547605,summer weekday,34.9
2023-08-23 21:00:00.000,38.961909,summer weekday,34.9
2023-08-23 22:00:00.000,34.6948665,summer weekday,34.9
2023-08-23 23:00:00.000,34.08885900000001,summer weekday,34.9
2023-08-24 00:00:00.000,32.98055250000001,summer weekday,34.9
2023-08-24 01:00:00.000,32.11839750000001,summer weekday,30.1
2023-08-24 02:00:00.000,31.684821000000003,summer weekday,30.1
2023-08-24 03:00:00.000,32.578213500000004,summer weekday,34.9
2023-08-24 04:00:00.000,34.39623600000001,summer weekday,34.9
2023-08-24 05:00:00.000,37.972305000000006,summer weekday,34.9
2023-08-24 06:00:00.000,38.06226900000001,summer weekday,34.9
2023-08-24 07:00:00.000,37.8136185,summer weekday,34.9
2023-08-24 08:00:00.000,33.857701500000005,summer weekday,34.9
2023-08-24 09:00:00.000,31.551124500000004,summer weekday,30.1
2023-08-24 10:00:00.000,30.980103000000007,summer weekday,30.1
2023-08-24 11:00:00.000,30.986350500000004,summer weekday,30.1
2023-08-24 12:00:00.000,30.797676000000006,summer weekday,30.1
2023-08-24 13:00:00.000,31.28623050000001,summer weekday,30.1
2023-08-24 14:00:00.000,31.865998500000003,summer weekday,30.1
2023-08-24 15:00:00.000,32.721906000000004,summer weekday,34.9
2023-08-24 16:00:00.000,37.2313515,summer weekday,34.9
2023-08-24 17:00:00.000,43.829961,summer weekday,34.9
2023-08-24 18:00:00.000,50.4685545,summer weekday,34.9
2023-08-24 19:00:00.000,48.51683549999999,summer weekday,34.9
2023-08-24 20:00:00.000,40.813668,summer weekday,34.9
2023-08-24 21:00:00.000,37.268836500000006,summer weekday,34.9
2023-08-24 22:00:00.000,33.6227955,summer weekday,34.9
2023-08-24 23:00:00.000,30.517788000000007,summer weekday,30.1
2023-08-25 00:00:00.000,29.405733000000005,summer weekday,30.1
2023-08-25 01:00:00.000,29.327014500000004,summer weekday,30.1
2023-08-25 02:00:00.000,29.350755000000003,summer weekday,30.1
2023-08-25 03:00:00.000,29.458212000000007,summer weekday,30.1
2023-08-25 04:00:00.000,30.237900000000007,summer weekday,30.1
2023-08-25 05:00:00.000,32.88933900000001,summer weekday,34.9
2023-08-25 06:00:00.000,34.25129400000001,summer weekday,34.9
2023-08-25 07:00:00.000,34.788579,summer weekday,34.9
2023-08-25 08:00:00.000,33.4903485,summer weekday,34.9
2023-08-25 09:00:00.000,31.945966500000008,summer weekday,30.1
2023-08-25 10:00:00.000,31.188769500000003,summer weekday,30.1
2023-08-25 11:00:00.000,30.106702500000008,summer weekday,30.1
2023-08-25 12:00:00.000,29.86305,summer weekday,30.1
2023-08-25 13:00:00.000,29.310771000000003,summer weekday,30.1
2023-08-25 14:00:00.000,29.02213650000001,summer weekday,30.1
2023-08-25 15:00:00.000,29.965509000000004,summer weekday,30.1
2023-08-25 16:00:00.000,32.614449,summer weekday,34.9
2023-08-25 17:00:00.000,35.11095,summer weekday,34.9
2023-08-25 18:00:00.000,37.517487,summer weekday,34.9
2023-08-25 19:00:00.000,36.28922850000001,summer weekday,34.9
2023-08-25 20:00:00.000,34.627393500000004,summer weekday,34.9
2023-08-25 21:00:00.000,33.3479055,summer weekday,34.9
2023-08-25 22:00:00.000,30.848905500000004,summer weekday,30.1
2023-08-25 23:00:00.000,31.100055000000005,summer weekday,30.1
2023-08-26 00:00:00.000,30.375345000000003,summer weekend,31.66
2023-08-26 01:00:00.000,30.1017045,summer weekend,31.66
2023-08-26 02:00:00.000,29.80307400000001,summer weekend,31.66
2023-08-26 03:00:00.000,29.37824400000001,summer weekend,31.66
2023-08-26 04:00:00.000,29.067118500000003,summer weekend,27.0
2023-08-26 05:00:00.000,29.29827600000001,summer weekend,27.0
2023-08-26 06:00:00.000,29.350755000000003,summer weekend,31.66
2023-08-26 07:00:00.000,29.650635,summer weekend,31.66
2023-08-26 08:00:00.000,28.943418000000005,summer weekend,27.0
2023-08-26 09:00:00.000,28.00254450000001,summer weekend,27.0
2023-08-26 10:00:00.000,27.411531000000004,summer weekend,27.0
2023-08-26 11:00:00.000,26.103304500000004,summer weekend,27.0
2023-08-26 12:00:00.000,23.1494865,summer weekend,19.7
2023-08-26 13:00:00.000,24.412731000000004,summer weekend,27.0
2023-08-26 14:00:00.000,27.43027350000001,summer weekend,27.0
2023-08-26 15:00:00.000,28.222456500000007,summer weekend,27.0
2023-08-26 16:00:00.000,29.2383,summer weekend,27.0
2023-08-26 17:00:00.000,30.33286200000001,summer weekend,31.66
2023-08-26 18:00:00.000,32.839359,summer weekend,31.66
2023-08-26 19:00:00.000,33.88768950000001,summer weekend,31.66
2023-08-26 20:00:00.000,34.23879900000001,summer weekend,31.66
2023-08-26 21:00:00.000,32.734401000000005,summer weekend,31.66
2023-08-26 22:00:00.000,31.191268500000003,summer weekend,31.66
2023-08-26 23:00:00.000,30.161680500000006,summer weekend,31.66
2023-08-27 00:00:00.000,29.6518845,summer weekend,31.66
2023-08-27 01:00:00.000,29.4769545,summer weekend,31.66
2023-08-27 02:00:00.000,29.363250000000004,summer weekend,31.66
2023-08-27 03:00:00.000,29.758092000000005,summer weekend,31.66
2023-08-27 04:00:00.000,29.6218965,summer weekend,31.66
2023-08-27 05:00:00.000,29.758092000000005,summer weekend,31.66
2023-08-27 06:00:00.000,29.403234000000005,summer weekend,31.66
2023-08-27 07:00:00.000,29.12584500000001,summer weekend,27.0
2023-08-27 08:00:00.000,29.228304000000005,summer weekend,27.0
2023-08-27 09:00:00.000,29.018388000000005,summer weekend,27.0
2023-08-27 10:00:00.000,29.110851000000004,summer weekend,27.0
2023-08-27 11:00:00.000,29.020887000000005,summer weekend,27.0
2023-08-27 12:00:00.000,28.31367,summer weekend,27.0
2023-08-27 13:00:00.000,28.347406500000005,summer weekend,27.0
2023-08-27 14:00:00.000,28.496097,summer weekend,27.0
2023-08-27 15:00:00.000,29.4044835,summer weekend,31.66
2023-08-27 16:00:00.000,30.565269000000004,summer weekend,31.66
2023-08-27 17:00:00.000,32.354553,summer weekend,31.66
2023-08-27 18:00:00.000,33.502843500000004,summer weekend,31.66
2023-08-27 19:00:00.000,32.996796,summer weekend,31.66
2023-08-27 20:00:00.000,33.254193,summer weekend,31.66
2023-08-27 21:00:00.000,32.237100000000005,summer weekend,31.66
2023-08-27 22:00:00.000,30.236650500000003,summer weekend,31.66
2023-08-27 23:00:00.000,29.027134500000003,summer weekend,27.0
2023-08-28 00:00:00.000,28.428624000000006,summer weekday,30.1
2023-08-28 01:00:00.000,27.98880000000001,summer weekday,30.1
2023-08-28 02:00:00.000,27.446517000000004,summer weekday,25.44
2023-08-28 03:00:00.000,28.018788000000004,summer weekday,30.1
2023-08-28 04:00:00.000,29.032132500000003,summer weekday,30.1
2023-08-28 05:00:00.000,31.259991000000007,summer weekday,30.1
2023-08-28 06:00:00.000,34.924774500000005,summer weekday,34.9
2023-08-28 07:00:00.000,35.568267,summer weekday,34.9
2023-08-28 08:00:00.000,32.930572500000004,summer weekday,34.9
2023-08-28 09:00:00.000,31.934721000000007,summer weekday,30.1
2023-08-28 10:00:00.000,31.719807000000007,summer weekday,30.1
2023-08-28 11:00:00.000,30.496546500000004,summer weekday,30.1
2023-08-28 12:00:00.000,29.894287500000008,summer weekday,30.1
2023-08-28 13:00:00.000,29.936770500000005,summer weekday,30.1
2023-08-28 14:00:00.000,32.059671,summer weekday,30.1
2023-08-28 15:00:00.000,31.920976500000005,summer weekday,30.1
2023-08-28 16:00:00.000,36.129292500000005,summer weekday,34.9
2023-08-28 17:00:00.000,37.71615750000001,summer weekday,34.9
2023-08-28 18:00:00.000,39.229302,summer weekday,34.9
2023-08-28 19:00:00.000,38.2009635,summer weekday,34.9
2023-08-28 20:00:00.000,35.16093000000001,summer weekday,34.9
2023-08-28 21:00:00.000,32.826864,summer weekday,34.9
2023-08-28 22:00:00.000,30.855153,summer weekday,30.1
2023-08-28 23:00:00.000,30.249145500000008,summer weekday,30.1
2023-08-29 00:00:00.000,29.4844515,summer weekday,30.1
2023-08-29 01:00:00.000,29.24329800000001,summer weekday,30.1
2023-08-29 02:00:00.000,29.24329800000001,summer weekday,30.1
2023-08-29 03:00:00.000,29.244547500000003,summer weekday,30.1
2023-08-29 04:00:00.000,29.714359500000004,summer weekday,30.1
2023-08-29 05:00:00.000,32.596956000000006,summer weekday,34.9
2023-08-29 06:00:00.000,35.755692,summer weekday,34.9
2023-08-29 07:00:00.000,38.457111000000005,summer weekday,34.9
2023-08-29 08:00:00.000,36.215508,summer weekday,34.9
2023-08-29 09:00:00.000,33.83271150000001,summer weekday,34.9
2023-08-29 10:00:00.000,31.98470100000001,summer weekday,30.1
2023-08-29 11:00:00.000,31.261240500000003,summer weekday,30.1
2023-08-29 12:00:00.000,30.2191575,summer weekday,30.1
2023-08-29 13:00:00.000,29.881792500000007,summer weekday,30.1
2023-08-29 14:00:00.000,30.817668,summer weekday,30.1
2023-08-29 15:00:00.000,31.623595500000004,summer weekday,30.1
2023-08-29 16:00:00.000,34.93976850000001,summer weekday,34.9
2023-08-29 17:00:00.000,36.8415075,summer weekday,34.9
2023-08-29 18:00:00.000,38.8357095,summer weekday,34.9
2023-08-29 19:00:00.000,37.672425,summer weekday,34.9
2023-08-29 20:00:00.000,34.44621600000001,summer weekday,34.9
2023-08-29 21:00:00.000,32.62194600000001,summer weekday,34.9
2023-08-29 22:00:00.000,30.214159500000004,summer weekday,30.1
2023-08-29 23:00:00.000,29.878044000000006,summer weekday,30.1
2023-08-30 00:00:00.000,29.688120000000005,summer weekday,30.1
2023-08-30 01:00:00.000,29.408232000000005,summer weekday,30.1
2023-08-30 02:00:00.000,29.184571500000004,summer weekday,30.1
2023-08-30 03:00:00.000,29.464459500000004,summer weekday,30.1
2023-08-30 04:00:00.000,29.573166000000004,summer weekday,30.1
2023-08-30 05:00:00.000,33.380392500000006,summer weekday,34.9
2023-08-30 06:00:00.000,35.37709350000001,summer weekday,34.9
2023-08-30 07:00:00.000,34.849804500000005,summer weekday,34.9
2023-08-30 08:00:00.000,32.949315000000006,summer weekday,34.9
2023-08-30 09:00:00.000,31.14878550000001,summer weekday,30.1
2023-08-30 10:00:00.000,29.775585000000007,summer weekday,30.1
2023-08-30 11:00:00.000,29.580663000000005,summer weekday,30.1
2023-08-30 12:00:00.000,29.310771000000003,summer weekday,30.1
2023-08-30 13:00:00.000,29.12584500000001,summer weekday,30.1
2023-08-30 14:00:00.000,29.444467500000005,summer weekday,30.1
2023-08-30 15:00:00.000,29.330763000000005,summer weekday,30.1
2023-08-30 16:00:00.000,31.778533500000005,summer weekday,30.1
2023-08-30 17:00:00.000,34.851054000000005,summer weekday,34.9
2023-08-30 18:00:00.000,38.4858495,summer weekday,34.9
2023-08-30 19:00:00.000,38.3708955,summer weekday,34.9
2023-08-30 20:00:00.000,34.16133000000001,summer weekday,34.9
2023-08-30 21:00:00.000,32.298325500000004,summer weekday,30.1
2023-08-30 22:00:00.000,30.061720500000007,summer weekday,30.1
2023-08-30 23:00:00.000,29.401984500000005,summer weekday,30.1
2023-08-31 00:00:00.000,28.833462000000004,summer weekday,30.1
2023-08-31 01:00:00.000,28.792228500000004,summer weekday,30.1
2023-08-31 02:00:00.000,28.714759500000003,summer weekday,30.1
2023-08-31 03:00:00.000,28.42237650000001,summer weekday,30.1
2023-08-31 04:00:00.000,28.792228500000004,summer weekday,30.1
2023-08-31 05:00:00.000,30.539029500000005,summer weekday,30.1
2023-08-31 06:00:00.000,35.0497245,summer weekday,34.9
2023-08-31 07:00:00.000,33.326664,summer weekday,34.9
2023-08-31 08:00:00.000,31.628593500000008,summer weekday,30.1
2023-08-31 09:00:00.000,29.471956500000005,summer weekday,30.1
2023-08-31 10:00:00.000,28.863450000000007,summer weekday,30.1
2023-08-31 11:00:00.000,28.621047000000004,summer weekday,30.1
2023-08-31 12:00:00.000,28.368648000000004,summer weekday,30.1
2023-08-31 13:00:00.000,28.146237000000006,summer weekday,30.1
2023-08-31 14:00:00.000,28.239949500000005,summer weekday,30.1
2023-08-31 15:00:00.000,28.489849500000005,summer weekday,30.1
2023-08-31 16:00:00.000,29.828064,summer weekday,30.1
2023-08-31 17:00:00.000,32.243347500000006,summer weekday,30.1
2023-08-31 18:00:00.000,35.92937250000001,summer weekday,34.9
2023-08-31 19:00:00.000,34.7548425,summer weekday,34.9
2023-08-31 20:00:00.000,33.049275,summer weekday,34.9
2023-08-31 21:00:00.000,30.6164985,summer weekday,30.1
2023-08-31 22:00:00.000,29.474455500000005,summer weekday,30.1
2023-08-31 23:00:00.000,29.725605000000005,summer weekday,30.1
2023-09-01 00:00:00.000,29.3595015,summer weekday,30.1
2023-09-01 01:00:00.000,29.02463550000001,summer weekday,30.1
2023-09-01 02:00:00.000,28.997146500000007,summer weekday,30.1
2023-09-01 03:00:00.000,29.123346,summer weekday,30.1
2023-09-01 04:00:00.000,29.513190000000005,summer weekday,30.1
2023-09-01 05:00:00.000,31.367448000000003,summer weekday,30.1
2023-09-01 06:00:00.000,33.41537850000001,summer weekday,34.9
2023-09-01 07:00:00.000,33.5403285,summer weekday,34.9
2023-09-01 08:00:00.000,31.274985000000004,summer weekday,30.1
2023-09-01 09:00:00.000,30.140439,summer weekday,30.1
2023-09-01 10:00:00.000,29.428224,summer weekday,30.1
2023-09-01 11:00:00.000,28.865949000000004,summer weekday,30.1
2023-09-01 12:00:00.000,28.476105000000004,summer weekday,30.1
2023-09-01 13:00:00.000,28.517338500000008,summer weekday,30.1
2023-09-01 14:00:00.000,28.865949000000004,summer weekday,30.1
2023-09-01 15:00:00.000,29.434471500000004,summer weekday,30.1
2023-09-01 16:00:00.000,30.813919500000004,summer weekday,30.1
2023-09-01 17:00:00.000,33.2554425,summer weekday,34.9
2023-09-01 18:00:00.000,36.30047400000001,summer weekday,34.9
2023-09-01 19:00:00.000,35.778183000000006,summer weekday,34.9
2023-09-01 20:00:00.000,33.32416500000001,summer weekday,34.9
2023-09-01 21:00:00.000,32.18212200000001,summer weekday,30.1
2023-09-01 22:00:00.000,31.693567500000004,summer weekday,30.1
2023-09-01 23:00:00.000,30.795177,summer weekday,30.1
2023-09-02 00:00:00.000,30.200415000000007,summer weekend,31.66
2023-09-02 01:00:00.000,29.86305,summer weekend,31.66
2023-09-02 02:00:00.000,29.350755000000003,summer weekend,31.66
2023-09-02 03:00:00.000,29.41323000000001,summer weekend,31.66
2023-09-02 04:00:00.000,29.888040000000004,summer weekend,31.66
2023-09-02 05:00:00.000,29.990499000000003,summer weekend,31.66
2023-09-02 06:00:00.000,29.999245500000004,summer weekend,31.66
2023-09-02 07:00:00.000,29.890539000000004,summer weekend,31.66
2023-09-02 08:00:00.000,29.185821000000004,summer weekend,27.0
2023-09-02 09:00:00.000,28.584811500000008,summer weekend,27.0
2023-09-02 10:00:00.000,27.351555000000005,summer weekend,27.0
2023-09-02 11:00:00.000,26.86425,summer weekend,27.0
2023-09-02 12:00:00.000,25.23865050000001,summer weekend,27.0
2023-09-02 13:00:00.000,24.2840325,summer weekend,27.0
2023-09-02 14:00:00.000,26.039580000000004,summer weekend,27.0
2023-09-02 15:00:00.000,27.36529950000001,summer weekend,27.0
2023-09-02 16:00:00.000,29.044627500000004,summer weekend,27.0
2023-09-02 17:00:00.000,31.11255000000001,summer weekend,31.66
2023-09-02 18:00:00.000,32.585710500000005,summer weekend,31.66
2023-09-02 19:00:00.000,33.211710000000004,summer weekend,31.66
2023-09-02 20:00:00.000,31.761040500000007,summer weekend,31.66
2023-09-02 21:00:00.000,30.567768000000004,summer weekend,31.66
2023-09-02 22:00:00.000,29.530683000000003,summer weekend,31.66
2023-09-02 23:00:00.000,30.522786000000004,summer weekend,31.66
2023-09-03 00:00:00.000,29.991748500000003,summer weekend,31.66
2023-09-03 01:00:00.000,30.105453000000004,summer weekend,31.66
2023-09-03 02:00:00.000,30.067968000000008,summer weekend,31.66
2023-09-03 03:00:00.000,29.90928150000001,summer weekend,31.66
2023-09-03 04:00:00.000,29.741848500000003,summer weekend,31.66
2023-09-03 05:00:00.000,29.635641000000003,summer weekend,31.66
2023-09-03 06:00:00.000,29.16707850000001,summer weekend,27.0
2023-09-03 07:00:00.000,28.55607300000001,summer weekend,27.0
2023-09-03 08:00:00.000,27.71391000000001,summer weekend,27.0
2023-09-03 09:00:00.000,24.902535000000004,summer weekend,27.0
2023-09-03 10:00:00.000,22.7946285,summer weekend,19.7
2023-09-03 11:00:00.000,20.0382315,summer weekend,19.7
2023-09-03 12:00:00.000,18.7837335,summer weekend,19.7
2023-09-03 13:00:00.000,17.985303000000002,summer weekend,19.7
2023-09-03 14:00:00.000,19.3310145,summer weekend,19.7
2023-09-03 15:00:00.000,24.072867,summer weekend,27.0
2023-09-03 16:00:00.000,29.16707850000001,summer weekend,27.0
2023-09-03 17:00:00.000,31.116298500000003,summer weekend,31.66
2023-09-03 18:00:00.000,33.010540500000005,summer weekend,31.66
2023-09-03 19:00:00.000,34.6848705,summer weekend,31.66
2023-09-03 20:00:00.000,32.277084,summer weekend,31.66
2023-09-03 21:00:00.000,31.091308500000004,summer weekend,31.66
2023-09-03 22:00:00.000,30.009241500000005,summer weekend,31.66
2023-09-03 23:00:00.000,29.9692575,summer weekend,31.66
2023-09-04 00:00:00.000,29.174575500000003,summer weekday,30.1
2023-09-04 01:00:00.000,29.005893000000004,summer weekday,30.1
2023-09-04 02:00:00.000,29.06212050000001,summer weekday,30.1
2023-09-04 03:00:00.000,29.012140500000005,summer weekday,30.1
2023-09-04 04:00:00.000,30.285381,summer weekday,30.1
2023-09-04 05:00:00.000,33.2779335,summer weekday,34.9
2023-09-04 06:00:00.000,35.4020835,summer weekday,34.9
2023-09-04 07:00:00.000,33.60155400000001,summer weekday,34.9
2023-09-04 08:00:00.000,31.03258200000001,summer weekday,30.1
2023-09-04 09:00:00.000,28.973406000000004,summer weekday,30.1
2023-09-04 10:00:00.000,27.622696500000004,summer weekday,25.44
2023-09-04 11:00:00.000,27.070417500000005,summer weekday,25.44
2023-09-04 12:00:00.000,26.428174500000004,summer weekday,25.44
2023-09-04 13:00:00.000,26.36944800000001,summer weekday,25.44
2023-09-04 14:00:00.000,27.414030000000007,summer weekday,25.44
2023-09-04 15:00:00.000,28.734751500000005,summer weekday,30.1
2023-09-04 16:00:00.000,31.060071000000008,summer weekday,30.1
2023-09-04 17:00:00.000,34.666128,summer weekday,34.9
2023-09-04 18:00:00.000,42.14313599999999,summer weekday,34.9
2023-09-04 19:00:00.000,38.9556615,summer weekday,34.9
2023-09-04 20:00:00.000,32.98055250000001,summer weekday,34.9
2023-09-04 21:00:00.000,30.489049500000007,summer weekday,30.1
2023-09-04 22:00:00.000,29.30827200000001,summer weekday,30.1
2023-09-04 23:00:00.000,29.173326000000003,summer weekday,30.1
2023-09-05 00:00:00.000,28.879693500000005,summer weekday,30.1
2023-09-05 01:00:00.000,28.780983000000003,summer weekday,30.1
2023-09-05 02:00:00.000,28.748496000000003,summer weekday,30.1
2023-09-05 03:00:00.000,28.819717500000003,summer weekday,30.1
2023-09-05 04:00:00.000,29.313270000000003,summer weekday,30.1
2023-09-05 05:00:00.000,32.36205,summer weekday,30.1
2023-09-05 06:00:00.000,33.11175000000001,summer weekday,34.9
2023-09-05 07:00:00.000,32.132142,summer weekday,30.1
2023-09-05 08:00:00.000,29.585661000000005,summer weekday,30.1
2023-09-05 09:00:00.000,28.363650000000003,summer weekday,30.1
2023-09-05 10:00:00.000,27.595207500000004,summer weekday,25.44
2023-09-05 11:00:00.000,26.851755000000004,summer weekday,25.44
2023-09-05 12:00:00.000,26.745547500000008,summer weekday,25.44
2023-09-05 13:00:00.000,27.0054435,summer weekday,25.44
2023-09-05 14:00:00.000,27.738900000000005,summer weekday,25.44
2023-09-05 15:00:00.000,28.42737450000001,summer weekday,30.1
2023-09-05 16:00:00.000,30.270387000000003,summer weekday,30.1
2023-09-05 17:00:00.000,33.499095000000004,summer weekday,34.9
2023-09-05 18:00:00.000,40.4675565,summer weekday,34.9
2023-09-05 19:00:00.000,36.6765735,summer weekday,34.9
2023-09-05 20:00:00.000,32.60570250000001,summer weekday,34.9
2023-09-05 21:00:00.000,30.813919500000004,summer weekday,30.1
2023-09-05 22:00:00.000,29.366998500000005,summer weekday,30.1
2023-09-05 23:00:00.000,28.4748555,summer weekday,30.1
2023-09-06 00:00:00.000,28.053774000000004,summer weekday,30.1
2023-09-06 01:00:00.000,28.679773500000007,summer weekday,30.1
2023-09-06 02:00:00.000,28.878444000000005,summer weekday,30.1
2023-09-06 03:00:00.000,28.923426000000006,summer weekday,30.1
2023-09-06 04:00:00.000,30.235401000000003,summer weekday,30.1
2023-09-06 05:00:00.000,32.7006645,summer weekday,34.9
2023-09-06 06:00:00.000,35.10970050000001,summer weekday,34.9
2023-09-06 07:00:00.000,32.26084050000001,summer weekday,30.1
2023-09-06 08:00:00.000,29.579413500000005,summer weekday,30.1
2023-09-06 09:00:00.000,28.444867500000004,summer weekday,30.1
2023-09-06 10:00:00.000,27.626445,summer weekday,25.44
2023-09-06 11:00:00.000,26.76054150000001,summer weekday,25.44
2023-09-06 12:00:00.000,26.543128500000005,summer weekday,25.44
2023-09-06 13:00:00.000,26.79927600000001,summer weekday,25.44
2023-09-06 14:00:00.000,27.676425,summer weekday,25.44
2023-09-06 15:00:00.000,28.793478000000004,summer weekday,30.1
2023-09-06 16:00:00.000,30.596506500000007,summer weekday,30.1
2023-09-06 17:00:00.000,35.5895085,summer weekday,34.9
2023-09-06 18:00:00.000,41.08730849999999,summer weekday,34.9
2023-09-06 19:00:00.000,38.114748,summer weekday,34.9
2023-09-06 20:00:00.000,32.7531435,summer weekday,34.9
2023-09-06 21:00:00.000,30.550275000000003,summer weekday,30.1
2023-09-06 22:00:00.000,29.328264000000004,summer weekday,30.1
2023-09-06 23:00:00.000,29.290779000000004,summer weekday,30.1
2023-09-07 00:00:00.000,28.784731500000007,summer weekday,30.1
2023-09-07 01:00:00.000,28.498596000000003,summer weekday,30.1
2023-09-07 02:00:00.000,27.8650995,summer weekday,30.1
2023-09-07 03:00:00.000,28.343658000000005,summer weekday,30.1
2023-09-07 04:00:00.000,28.8746955,summer weekday,30.1
2023-09-07 05:00:00.000,31.864749000000003,summer weekday,30.1
2023-09-07 06:00:00.000,33.61155,summer weekday,34.9
2023-09-07 07:00:00.000,33.11175000000001,summer weekday,34.9
2023-09-07 08:00:00.000,30.197916000000006,summer weekday,30.1
2023-09-07 09:00:00.000,28.391139000000003,summer weekday,30.1
2023-09-07 10:00:00.000,27.701415000000004,summer weekday,25.44
2023-09-07 11:00:00.000,26.555623500000006,summer weekday,25.44
2023-09-07 12:00:00.000,25.514790000000005,summer weekday,25.44
2023-09-07 13:00:00.000,26.137041000000007,summer weekday,25.44
2023-09-07 14:00:00.000,27.613950000000003,summer weekday,25.44
2023-09-07 15:00:00.000,28.401135000000007,summer weekday,30.1
2023-09-07 16:00:00.000,30.255393000000005,summer weekday,30.1
2023-09-07 17:00:00.000,34.0526235,summer weekday,34.9
2023-09-07 18:00:00.000,38.2684365,summer weekday,34.9
2023-09-07 19:00:00.000,35.7019635,summer weekday,34.9
2023-09-07 20:00:00.000,32.11215,summer weekday,30.1
2023-09-07 21:00:00.000,30.037980000000005,summer weekday,30.1
2023-09-07 22:00:00.000,28.482352500000005,summer weekday,30.1
2023-09-07 23:00:00.000,27.941319000000004,summer weekday,30.1
2023-09-08 00:00:00.000,27.553974000000004,summer weekday,25.44
2023-09-08 01:00:00.000,27.621447000000003,summer weekday,25.44
2023-09-08 02:00:00.000,27.626445,summer weekday,25.44
2023-09-08 03:00:00.000,28.291179000000007,summer weekday,30.1
2023-09-08 04:00:00.000,29.05712250000001,summer weekday,30.1
2023-09-08 05:00:00.000,31.473655500000003,summer weekday,30.1
2023-09-08 06:00:00.000,34.081362000000006,summer weekday,34.9
2023-09-08 07:00:00.000,32.67692400000001,summer weekday,34.9
2023-09-08 08:00:00.000,29.885541000000003,summer weekday,30.1
2023-09-08 09:00:00.000,28.59730650000001,summer weekday,30.1
2023-09-08 10:00:00.000,27.673926000000005,summer weekday,25.44
2023-09-08 11:00:00.000,26.751795,summer weekday,25.44
2023-09-08 12:00:00.000,26.2282545,summer weekday,25.44
2023-09-08 13:00:00.000,26.4356715,summer weekday,25.44
2023-09-08 14:00:00.000,27.392788500000005,summer weekday,25.44
2023-09-08 15:00:00.000,28.414879500000005,summer weekday,30.1
2023-09-08 16:00:00.000,30.850155000000004,summer weekday,30.1
2023-09-08 17:00:00.000,38.836959,summer weekday,34.9
2023-09-08 18:00:00.000,46.10654999999999,summer weekday,34.9
2023-09-08 19:00:00.000,41.80202249999999,summer weekday,34.9
2023-09-08 20:00:00.000,33.871446000000006,summer weekday,34.9
2023-09-08 21:00:00.000,31.60360350000001,summer weekday,30.1
2023-09-08 22:00:00.000,30.610251000000005,summer weekday,30.1
2023-09-08 23:00:00.000,30.512790000000003,summer weekday,30.1
2023-09-09 00:00:00.000,30.171676500000004,summer weekend,31.66
2023-09-09 01:00:00.000,29.864299500000005,summer weekend,31.66
2023-09-09 02:00:00.000,29.86305,summer weekend,31.66
2023-09-09 03:00:00.000,29.9692575,summer weekend,31.66
2023-09-09 04:00:00.000,30.029233500000004,summer weekend,31.66
2023-09-09 05:00:00.000,30.3416085,summer weekend,31.66
2023-09-09 06:00:00.000,30.36784800000001,summer weekend,31.66
2023-09-09 07:00:00.000,29.374495500000005,summer weekend,31.66
2023-09-09 08:00:00.000,28.584811500000008,summer weekend,27.0
2023-09-09 09:00:00.000,27.212860500000005,summer weekend,27.0
2023-09-09 10:00:00.000,25.55602350000001,summer weekend,27.0
2023-09-09 11:00:00.000,19.932024,summer weekend,19.7
2023-09-09 12:00:00.000,18.0165405,summer weekend,19.7
2023-09-09 13:00:00.000,18.666280500000003,summer weekend,19.7
2023-09-09 14:00:00.000,24.6014055,summer weekend,27.0
2023-09-09 15:00:00.000,27.21411,summer weekend,27.0
2023-09-09 16:00:00.000,29.581912500000005,summer weekend,31.66
2023-09-09 17:00:00.000,32.524485,summer weekend,31.66
2023-09-09 18:00:00.000,36.63658950000001,summer weekend,31.66
2023-09-09 19:00:00.000,36.92397450000001,summer weekend,31.66
2023-09-09 20:00:00.000,33.833961,summer weekend,31.66
2023-09-09 21:00:00.000,31.225005000000003,summer weekend,31.66
2023-09-09 22:00:00.000,30.257892,summer weekend,31.66
2023-09-09 23:00:00.000,30.594007500000004,summer weekend,31.66
2023-09-10 00:00:00.000,30.4040835,summer weekend,31.66
2023-09-10 01:00:00.000,30.316618500000004,summer weekend,31.66
2023-09-10 02:00:00.000,29.961760500000008,summer weekend,31.66
2023-09-10 03:00:00.000,29.464459500000004,summer weekend,31.66
2023-09-10 04:00:00.000,29.703114000000003,summer weekend,31.66
2023-09-10 05:00:00.000,29.781832500000004,summer weekend,31.66
2023-09-10 06:00:00.000,29.5194375,summer weekend,31.66
2023-09-10 07:00:00.000,29.032132500000003,summer weekend,27.0
2023-09-10 08:00:00.000,28.496097,summer weekend,27.0
2023-09-10 09:00:00.000,24.375246000000004,summer weekend,27.0
2023-09-10 10:00:00.000,19.61715,summer weekend,19.7
2023-09-10 11:00:00.000,18.402636,summer weekend,19.7
2023-09-10 12:00:00.000,17.3717985,summer weekend,19.7
2023-09-10 13:00:00.000,17.368049999999997,summer weekend,19.7
2023-09-10 14:00:00.000,20.6579835,summer weekend,19.7
2023-09-10 15:00:00.000,27.239100000000004,summer weekend,27.0
2023-09-10 16:00:00.000,29.893038000000004,summer weekend,31.66
2023-09-10 17:00:00.000,32.510740500000004,summer weekend,31.66
2023-09-10 18:00:00.000,36.18552,summer weekend,31.66
2023-09-10 19:00:00.000,36.347955000000006,summer weekend,31.66
2023-09-10 20:00:00.000,33.8077215,summer weekend,31.66
2023-09-10 21:00:00.000,31.60360350000001,summer weekend,31.66
2023-09-10 22:00:00.000,29.970507000000005,summer weekend,31.66
2023-09-10 23:00:00.000,30.487800000000004,summer weekend,31.66
2023-09-11 00:00:00.000,29.535681000000004,summer weekday,30.1
2023-09-11 01:00:00.000,29.366998500000005,summer weekday,30.1
2023-09-11 02:00:00.000,28.994647500000006,summer weekday,30.1
2023-09-11 03:00:00.000,29.207062500000006,summer weekday,30.1
2023-09-11 04:00:00.000,30.389089500000004,summer weekday,30.1
2023-09-11 05:00:00.000,35.686969500000004,summer weekday,34.9
2023-09-11 06:00:00.000,39.7603395,summer weekday,34.9
2023-09-11 07:00:00.000,34.416228000000004,summer weekday,34.9
2023-09-11 08:00:00.000,31.487400000000004,summer weekday,30.1
2023-09-11 09:00:00.000,29.258292000000004,summer weekday,30.1
2023-09-11 10:00:00.000,28.509841500000004,summer weekday,30.1
2023-09-11 11:00:00.000,28.322416500000006,summer weekday,30.1
2023-09-11 12:00:00.000,28.1699775,summer weekday,30.1
2023-09-11 13:00:00.000,28.488600000000005,summer weekday,30.1
2023-09-11 14:00:00.000,28.929673500000007,summer weekday,30.1
2023-09-11 15:00:00.000,29.885541000000003,summer weekday,30.1
2023-09-11 16:00:00.000,33.9776535,summer weekday,34.9
2023-09-11 17:00:00.000,50.69346449999999,summer weekday,34.9
2023-09-11 18:00:00.000,82.87558649999998,summer weekday,34.9
2023-09-11 19:00:00.000,73.3618935,summer weekday,34.9
2023-09-11 20:00:00.000,45.2456445,summer weekday,34.9
2023-09-11 21:00:00.000,35.839408500000005,summer weekday,34.9
2023-09-11 22:00:00.000,32.354553,summer weekday,30.1
2023-09-11 23:00:00.000,30.657732000000003,summer weekday,30.1
2023-09-12 00:00:00.000,30.505293000000005,summer weekday,30.1
2023-09-12 01:00:00.000,30.596506500000007,summer weekday,30.1
2023-09-12 02:00:00.000,30.5665185,summer weekday,30.1
2023-09-12 03:00:00.000,30.657732000000003,summer weekday,30.1
2023-09-12 04:00:00.000,31.87974300000001,summer weekday,30.1
2023-09-12 05:00:00.000,36.556621500000006,summer weekday,34.9
2023-09-12 06:00:00.000,45.98035049999999,summer weekday,34.9
2023-09-12 07:00:00.000,35.73320100000001,summer weekday,34.9
2023-09-12 08:00:00.000,32.764389,summer weekday,34.9
2023-09-12 09:00:00.000,31.403683500000007,summer weekday,30.1
2023-09-12 10:00:00.000,30.061720500000007,summer weekday,30.1
2023-09-12 11:00:00.000,29.420727000000007,summer weekday,30.1
2023-09-12 12:00:00.000,29.06212050000001,summer weekday,30.1
2023-09-12 13:00:00.000,29.498196000000007,summer weekday,30.1
2023-09-12 14:00:00.000,29.850555000000007,summer weekday,30.1
2023-09-12 15:00:00.000,31.00884150000001,summer weekday,30.1
2023-09-12 16:00:00.000,34.912279500000004,summer weekday,34.9
2023-09-12 17:00:00.000,41.17477349999999,summer weekday,34.9
2023-09-12 18:00:00.000,52.85634899999999,summer weekday,34.9
2023-09-12 19:00:00.000,40.561269,summer weekday,34.9
2023-09-12 20:00:00.000,34.438719000000006,summer weekday,34.9
2023-09-12 21:00:00.000,31.806022500000005,summer weekday,30.1
2023-09-12 22:00:00.000,29.0846115,summer weekday,30.1
2023-09-12 23:00:00.000,30.668977500000004,summer weekday,30.1
2023-09-13 00:00:00.000,29.850555000000007,summer weekday,30.1
2023-09-13 01:00:00.000,29.595657000000003,summer weekday,30.1
2023-09-13 02:00:00.000,29.083362000000005,summer weekday,30.1
2023-09-13 03:00:00.000,29.049625500000005,summer weekday,30.1
2023-09-13 04:00:00.000,29.603154000000007,summer weekday,30.1
2023-09-13 05:00:00.000,32.954313000000006,summer weekday,34.9
2023-09-13 06:00:00.000,34.8248145,summer weekday,34.9
2023-09-13 07:00:00.000,34.576164000000006,summer weekday,34.9
2023-09-13 08:00:00.000,32.9755545,summer weekday,34.9
2023-09-13 09:00:00.000,30.2641395,summer weekday,30.1
2023-09-13 10:00:00.000,29.470707000000008,summer weekday,30.1
2023-09-13 11:00:00.000,29.109601500000004,summer weekday,30.1
2023-09-13 12:00:00.000,28.967158500000004,summer weekday,30.1
2023-09-13 13:00:00.000,28.865949000000004,summer weekday,30.1
2023-09-13 14:00:00.000,29.27578500000001,summer weekday,30.1
2023-09-13 15:00:00.000,29.365749000000008,summer weekday,30.1
2023-09-13 16:00:00.000,30.411580500000007,summer weekday,30.1
2023-09-13 17:00:00.000,32.984301,summer weekday,34.9
2023-09-13 18:00:00.000,36.547875,summer weekday,34.9
2023-09-13 19:00:00.000,35.069716500000006,summer weekday,34.9
2023-09-13 20:00:00.000,32.7106605,summer weekday,34.9
2023-09-13 21:00:00.000,30.663979500000007,summer weekday,30.1
2023-09-13 22:00:00.000,29.6218965,summer weekday,30.1
2023-09-13 23:00:00.000,29.400735,summer weekday,30.1
2023-09-14 00:00:00.000,29.223306000000004,summer weekday,30.1
2023-09-14 01:00:00.000,29.705613,summer weekday,30.1
2023-09-14 02:00:00.000,29.925525000000004,summer weekday,30.1
2023-09-14 03:00:00.000,29.774335500000007,summer weekday,30.1
2023-09-14 04:00:00.000,30.455313000000004,summer weekday,30.1
2023-09-14 05:00:00.000,35.129692500000004,summer weekday,34.9
2023-09-14 06:00:00.000,40.011489,summer weekday,34.9
2023-09-14 07:00:00.000,36.831511500000005,summer weekday,34.9
2023-09-14 08:00:00.000,32.114649,summer weekday,30.1
2023-09-14 09:00:00.000,29.465709,summer weekday,30.1
2023-09-14 10:00:00.000,28.81222050000001,summer weekday,30.1
2023-09-14 11:00:00.000,28.769737500000005,summer weekday,30.1
2023-09-14 12:00:00.000,28.571067000000003,summer weekday,30.1
2023-09-14 13:00:00.000,28.381143,summer weekday,30.1
2023-09-14 14:00:00.000,28.576065000000003,summer weekday,30.1
2023-09-14 15:00:00.000,29.133342000000003,summer weekday,30.1
2023-09-14 16:00:00.000,31.967208000000007,summer weekday,30.1
2023-09-14 17:00:00.000,38.9856495,summer weekday,34.9
2023-09-14 18:00:00.000,46.82376299999999,summer weekday,34.9
2023-09-14 19:00:00.000,40.583760000000005,summer weekday,34.9
2023-09-14 20:00:00.000,34.028883,summer weekday,34.9
2023-09-14 21:00:00.000,31.629843000000005,summer weekday,30.1
2023-09-14 22:00:00.000,29.784331500000004,summer weekday,30.1
2023-09-14 23:00:00.000,29.974255500000005,summer weekday,30.1
2023-09-15 00:00:00.000,29.489449500000003,summer weekday,30.1
2023-09-15 01:00:00.000,29.41323000000001,summer weekday,30.1
2023-09-15 02:00:00.000,29.568168000000004,summer weekday,30.1
2023-09-15 03:00:00.000,29.763090000000005,summer weekday,30.1
2023-09-15 04:00:00.000,29.791828500000005,summer weekday,30.1
2023-09-15 05:00:00.000,34.691118,summer weekday,34.9
2023-09-15 06:00:00.000,36.2192565,summer weekday,34.9
2023-09-15 07:00:00.000,32.9955465,summer weekday,34.9
2023-09-15 08:00:00.000,30.410331000000003,summer weekday,30.1
2023-09-15 09:00:00.000,29.06087100000001,summer weekday,30.1
2023-09-15 10:00:00.000,28.546077000000007,summer weekday,30.1
2023-09-15 11:00:00.000,27.18537150000001,summer weekday,25.44
2023-09-15 12:00:00.000,25.226155500000004,summer weekday,25.44
2023-09-15 13:00:00.000,26.2632405,summer weekday,25.44
2023-09-15 14:00:00.000,27.973806000000003,summer weekday,30.1
2023-09-15 15:00:00.000,29.038380000000004,summer weekday,30.1
2023-09-15 16:00:00.000,31.696066500000004,summer weekday,30.1
2023-09-15 17:00:00.000,36.761539500000005,summer weekday,34.9
2023-09-15 18:00:00.000,41.09230649999999,summer weekday,34.9
2023-09-15 19:00:00.000,35.204662500000005,summer weekday,34.9
2023-09-15 20:00:00.000,31.443667500000007,summer weekday,30.1
2023-09-15 21:00:00.000,30.11794800000001,summer weekday,30.1
2023-09-15 22:00:00.000,29.3345115,summer weekday,30.1
2023-09-15 23:00:00.000,29.393238000000007,summer weekday,30.1
2023-09-16 00:00:00.000,29.115849000000004,summer weekend,27.0
2023-09-16 01:00:00.000,28.928424000000003,summer weekend,27.0
2023-09-16 02:00:00.000,28.80847200000001,summer weekend,27.0
2023-09-16 03:00:00.000,29.20331400000001,summer weekend,27.0
2023-09-16 04:00:00.000,28.95716250000001,summer weekend,27.0
2023-09-16 05:00:00.000,30.2966265,summer weekend,31.66
2023-09-16 06:00:00.000,31.222506000000003,summer weekend,31.66
2023-09-16 07:00:00.000,30.071716500000004,summer weekend,31.66
2023-09-16 08:00:00.000,28.712260500000006,summer weekend,27.0
2023-09-16 09:00:00.000,27.239100000000004,summer weekend,27.0
2023-09-16 10:00:00.000,25.4860515,summer weekend,27.0
2023-09-16 11:00:00.000,24.175326,summer weekend,27.0
2023-09-16 12:00:00.000,21.421428,summer weekend,19.7
2023-09-16 13:00:00.000,21.66633,summer weekend,19.7
2023-09-16 14:00:00.000,26.671827000000004,summer weekend,27.0
2023-09-16 15:00:00.000,28.293678000000007,summer weekend,27.0
2023-09-16 16:00:00.000,30.882642,summer weekend,31.66
2023-09-16 17:00:00.000,34.056372,summer weekend,31.66
2023-09-16 18:00:00.000,40.013988000000005,summer weekend,31.66
2023-09-16 19:00:00.000,35.313369,summer weekend,31.66
2023-09-16 20:00:00.000,32.0484255,summer weekend,31.66
2023-09-16 21:00:00.000,30.491548500000007,summer weekend,31.66
2023-09-16 22:00:00.000,29.850555000000007,summer weekend,31.66
2023-09-16 23:00:00.000,30.986350500000004,summer weekend,31.66
2023-09-17 00:00:00.000,30.531532500000004,summer weekend,31.66
2023-09-17 01:00:00.000,30.446566500000007,summer weekend,31.66
2023-09-17 02:00:00.000,29.935521000000005,summer weekend,31.66
2023-09-17 03:00:00.000,30.075465,summer weekend,31.66
2023-09-17 04:00:00.000,29.758092000000005,summer weekend,31.66
2023-09-17 05:00:00.000,29.7343515,summer weekend,31.66
2023-09-17 06:00:00.000,30.279133500000007,summer weekend,31.66
2023-09-17 07:00:00.000,29.090859000000005,summer weekend,27.0
2023-09-17 08:00:00.000,27.758892000000003,summer weekend,27.0
2023-09-17 09:00:00.000,26.213260500000004,summer weekend,27.0
2023-09-17 10:00:00.000,22.3423095,summer weekend,19.7
2023-09-17 11:00:00.000,20.0182395,summer weekend,19.7
2023-09-17 12:00:00.000,17.877845999999998,summer weekend,19.7
2023-09-17 13:00:00.000,17.905334999999997,summer weekend,19.7
2023-09-17 14:00:00.000,22.203615,summer weekend,19.7
2023-09-17 15:00:00.000,27.156633000000006,summer weekend,27.0
2023-09-17 16:00:00.000,30.957612000000005,summer weekend,31.66
2023-09-17 17:00:00.000,33.86145,summer weekend,31.66
2023-09-17 18:00:00.000,36.347955000000006,summer weekend,31.66
2023-09-17 19:00:00.000,33.212959500000004,summer weekend,31.66
2023-09-17 20:00:00.000,32.1433875,summer weekend,31.66
2023-09-17 21:00:00.000,30.976354500000006,summer weekend,31.66
2023-09-17 22:00:00.000,29.76059100000001,summer weekend,31.66
2023-09-17 23:00:00.000,29.109601500000004,summer weekend,27.0
2023-09-18 00:00:00.000,28.42237650000001,summer weekday,30.1
2023-09-18 01:00:00.000,27.580213500000006,summer weekday,25.44
2023-09-18 02:00:00.000,27.991299000000005,summer weekday,30.1
2023-09-18 03:00:00.000,28.341159,summer weekday,30.1
2023-09-18 04:00:00.000,29.072116500000007,summer weekday,30.1
2023-09-18 05:00:00.000,32.013439500000004,summer weekday,30.1
2023-09-18 06:00:00.000,34.0476255,summer weekday,34.9
2023-09-18 07:00:00.000,33.4628595,summer weekday,34.9
2023-09-18 08:00:00.000,30.594007500000004,summer weekday,30.1
2023-09-18 09:00:00.000,28.694767500000005,summer weekday,30.1
2023-09-18 10:00:00.000,26.651835,summer weekday,25.44
2023-09-18 11:00:00.000,24.39024000000001,summer weekday,25.44
2023-09-18 12:00:00.000,21.171528,summer weekday,25.44
2023-09-18 13:00:00.000,22.173627,summer weekday,25.44
2023-09-18 14:00:00.000,26.599356000000007,summer weekday,25.44
2023-09-18 15:00:00.000,28.6972665,summer weekday,30.1
2023-09-18 16:00:00.000,31.863499500000003,summer weekday,30.1
2023-09-18 17:00:00.000,34.789828500000006,summer weekday,34.9
2023-09-18 18:00:00.000,37.58246100000001,summer weekday,34.9
2023-09-18 19:00:00.000,33.0655185,summer weekday,34.9
2023-09-18 20:00:00.000,30.6839715,summer weekday,30.1
2023-09-18 21:00:00.000,29.037130500000004,summer weekday,30.1
2023-09-18 22:00:00.000,26.590609500000003,summer weekday,25.44
2023-09-18 23:00:00.000,17.4942495,summer weekday,25.44
2023-09-19 00:00:00.000,17.366919499999998,summer weekday,25.44
2023-09-19 01:00:00.000,17.363528,summer weekday,25.44
2023-09-19 02:00:00.000,17.3623975,summer weekday,25.44
2023-09-19 03:00:00.000,17.365789,summer weekday,25.44
2023-09-19 04:00:00.000,17.4717585,summer weekday,25.44
2023-09-19 05:00:00.000,26.148286500000005,summer weekday,25.44
2023-09-19 06:00:00.000,30.3965865,summer weekday,30.1
2023-09-19 07:00:00.000,31.052574000000003,summer weekday,30.1
2023-09-19 08:00:00.000,28.1000055,summer weekday,30.1
2023-09-19 09:00:00.000,18.430125,summer weekday,25.44
2023-09-19 10:00:00.000,17.359005999999997,summer weekday,25.44
2023-09-19 11:00:00.000,16.973505499999998,summer weekday,25.44
2023-09-19 12:00:00.000,16.764362999999996,summer weekday,25.44
2023-09-19 13:00:00.000,16.719143000000003,summer weekday,25.44
2023-09-19 14:00:00.000,17.0345525,summer weekday,25.44
2023-09-19 15:00:00.000,17.359005999999997,summer weekday,25.44
2023-09-19 16:00:00.000,23.22570600000001,summer weekday,25.44
2023-09-19 17:00:00.000,29.508192000000005,summer weekday,30.1
2023-09-19 18:00:00.000,31.664829000000005,summer weekday,30.1
2023-09-19 19:00:00.000,31.067568000000005,summer weekday,30.1
2023-09-19 20:00:00.000,28.21246050000001,summer weekday,30.1
2023-09-19 21:00:00.000,25.715959500000004,summer weekday,25.44
2023-09-19 22:00:00.000,19.4109825,summer weekday,25.44
2023-09-19 23:00:00.000,17.366919499999998,summer weekday,25.44
2023-09-20 00:00:00.000,17.356745,summer weekday,25.44
2023-09-20 01:00:00.000,17.356745,summer weekday,25.44
2023-09-20 02:00:00.000,17.3717985,summer weekday,25.44
2023-09-20 03:00:00.000,17.4942495,summer weekday,25.44
2023-09-20 04:00:00.000,18.61755,summer weekday,25.44
2023-09-20 05:00:00.000,28.399885500000007,summer weekday,30.1
2023-09-20 06:00:00.000,30.12044700000001,summer weekday,30.1
2023-09-20 07:00:00.000,30.567768000000004,summer weekday,30.1
2023-09-20 08:00:00.000,27.50774250000001,summer weekday,25.44
2023-09-20 09:00:00.000,18.3189195,summer weekday,25.44
2023-09-20 10:00:00.000,17.3623975,summer weekday,25.44
2023-09-20 11:00:00.000,16.991593499999997,summer weekday,25.44
2023-09-20 12:00:00.000,16.764362999999996,summer weekday,25.44
2023-09-20 13:00:00.000,16.832193,summer weekday,25.44
2023-09-20 14:00:00.000,17.1385585,summer weekday,25.44
2023-09-20 15:00:00.000,17.859103499999996,summer weekday,25.44
2023-09-20 16:00:00.000,28.416129000000005,summer weekday,30.1
2023-09-20 17:00:00.000,34.6923675,summer weekday,34.9
2023-09-20 18:00:00.000,41.840757,summer weekday,34.9
2023-09-20 19:00:00.000,32.661930000000005,summer weekday,34.9
2023-09-20 20:00:00.000,29.27578500000001,summer weekday,30.1
2023-09-20 21:00:00.000,28.133742,summer weekday,30.1
2023-09-20 22:00:00.000,26.886741000000004,summer weekday,25.44
2023-09-20 23:00:00.000,26.880493500000004,summer weekday,25.44
2023-09-21 00:00:00.000,26.4731565,summer weekday,25.44
2023-09-21 01:00:00.000,24.468958500000003,summer weekday,25.44
2023-09-21 02:00:00.000,22.294828500000005,summer weekday,25.44
2023-09-21 03:00:00.000,24.468958500000003,summer weekday,25.44
2023-09-21 04:00:00.000,26.564370000000004,summer weekday,25.44
2023-09-21 05:00:00.000,29.809321500000003,summer weekday,30.1
2023-09-21 06:00:00.000,32.072166,summer weekday,30.1
2023-09-21 07:00:00.000,31.839759000000004,summer weekday,30.1
2023-09-21 08:00:00.000,30.22540500000001,summer weekday,30.1
2023-09-21 09:00:00.000,28.870947,summer weekday,30.1
2023-09-21 10:00:00.000,26.989200000000004,summer weekday,25.44
2023-09-21 11:00:00.000,26.526885000000004,summer weekday,25.44
2023-09-21 12:00:00.000,26.86674900000001,summer weekday,25.44
2023-09-21 13:00:00.000,27.978804000000004,summer weekday,30.1
2023-09-21 14:00:00.000,29.088360000000005,summer weekday,30.1
2023-09-21 15:00:00.000,30.590259000000003,summer weekday,30.1
2023-09-21 16:00:00.000,32.866848000000005,summer weekday,34.9
2023-09-21 17:00:00.000,41.84450549999999,summer weekday,34.9
2023-09-21 18:00:00.000,51.656829,summer weekday,34.9
2023-09-21 19:00:00.000,36.71031000000001,summer weekday,34.9
2023-09-21 20:00:00.000,31.71231,summer weekday,30.1
2023-09-21 21:00:00.000,29.875545,summer weekday,30.1
2023-09-21 22:00:00.000,29.207062500000006,summer weekday,30.1
2023-09-21 23:00:00.000,28.402384500000004,summer weekday,30.1
2023-09-22 00:00:00.000,28.258692000000003,summer weekday,30.1
2023-09-22 01:00:00.000,28.369897500000004,summer weekday,30.1
2023-09-22 02:00:00.000,28.45861200000001,summer weekday,30.1
2023-09-22 03:00:00.000,28.7372505,summer weekday,30.1
2023-09-22 04:00:00.000,28.820967000000007,summer weekday,30.1
2023-09-22 05:00:00.000,31.439919000000003,summer weekday,30.1
2023-09-22 06:00:00.000,34.6148985,summer weekday,34.9
2023-09-22 07:00:00.000,34.331262,summer weekday,34.9
2023-09-22 08:00:00.000,32.150884500000004,summer weekday,30.1
2023-09-22 09:00:00.000,29.818068000000004,summer weekday,30.1
2023-09-22 10:00:00.000,28.729753500000008,summer weekday,30.1
2023-09-22 11:00:00.000,28.07001750000001,summer weekday,30.1
2023-09-22 12:00:00.000,27.086661000000003,summer weekday,25.44
2023-09-22 13:00:00.000,26.639340000000008,summer weekday,25.44
2023-09-22 14:00:00.000,27.240349500000004,summer weekday,25.44
2023-09-22 15:00:00.000,28.393638000000003,summer weekday,30.1
2023-09-22 16:00:00.000,30.7377,summer weekday,30.1
2023-09-22 17:00:00.000,34.417477500000004,summer weekday,34.9
2023-09-22 18:00:00.000,37.34755500000001,summer weekday,34.9
2023-09-22 19:00:00.000,34.0426275,summer weekday,34.9
2023-09-22 20:00:00.000,31.686070500000003,summer weekday,30.1
2023-09-22 21:00:00.000,30.6040035,summer weekday,30.1
2023-09-22 22:00:00.000,30.245397000000004,summer weekday,30.1
2023-09-22 23:00:00.000,30.992598000000008,summer weekday,30.1
2023-09-23 00:00:00.000,30.041728500000005,summer weekend,31.66
2023-09-23 01:00:00.000,29.494447500000003,summer weekend,31.66
2023-09-23 02:00:00.000,28.828464000000004,summer weekend,27.0
2023-09-23 03:00:00.000,28.542328500000007,summer weekend,27.0
2023-09-23 04:00:00.000,28.835961000000008,summer weekend,27.0
2023-09-23 05:00:00.000,29.723106000000005,summer weekend,31.66
2023-09-23 06:00:00.000,30.762690000000006,summer weekend,31.66
2023-09-23 07:00:00.000,31.1113005,summer weekend,31.66
2023-09-23 08:00:00.000,30.447816000000003,summer weekend,31.66
2023-09-23 09:00:00.000,28.70726250000001,summer weekend,27.0
2023-09-23 10:00:00.000,27.976305000000007,summer weekend,27.0
2023-09-23 11:00:00.000,27.350305500000005,summer weekend,27.0
2023-09-23 12:00:00.000,26.1832725,summer weekend,27.0
2023-09-23 13:00:00.000,24.00164550000001,summer weekend,27.0
2023-09-23 14:00:00.000,26.239500000000003,summer weekend,27.0
2023-09-23 15:00:00.000,27.236601000000004,summer weekend,27.0
2023-09-23 16:00:00.000,30.115449000000005,summer weekend,31.66
2023-09-23 17:00:00.000,33.570316500000004,summer weekend,31.66
2023-09-23 18:00:00.000,36.8839905,summer weekend,31.66
2023-09-23 19:00:00.000,35.485800000000005,summer weekend,31.66
2023-09-23 20:00:00.000,32.100904500000006,summer weekend,31.66
2023-09-23 21:00:00.000,30.727704000000006,summer weekend,31.66
2023-09-23 22:00:00.000,29.913030000000003,summer weekend,31.66
2023-09-23 23:00:00.000,29.701864500000003,summer weekend,31.66
2023-09-24 00:00:00.000,28.268688000000004,summer weekend,27.0
2023-09-24 01:00:00.000,27.0804135,summer weekend,27.0
2023-09-24 02:00:00.000,27.097906500000004,summer weekend,27.0
2023-09-24 03:00:00.000,27.727654500000003,summer weekend,27.0
2023-09-24 04:00:00.000,28.70476350000001,summer weekend,27.0
2023-09-24 05:00:00.000,29.189569500000005,summer weekend,27.0
2023-09-24 06:00:00.000,29.120847,summer weekend,27.0
2023-09-24 07:00:00.000,28.765989000000005,summer weekend,27.0
2023-09-24 08:00:00.000,24.785082000000003,summer weekend,27.0
2023-09-24 09:00:00.000,17.500497,summer weekend,19.7
2023-09-24 10:00:00.000,17.474257499999997,summer weekend,19.7
2023-09-24 11:00:00.000,17.3646585,summer weekend,19.7
2023-09-24 12:00:00.000,17.071859,summer weekend,19.7
2023-09-24 13:00:00.000,17.067337,summer weekend,19.7
2023-09-24 14:00:00.000,17.359005999999997,summer weekend,19.7
2023-09-24 15:00:00.000,18.020289,summer weekend,19.7
2023-09-24 16:00:00.000,29.616898500000005,summer weekend,31.66
2023-09-24 17:00:00.000,34.09885500000001,summer weekend,31.66
2023-09-24 18:00:00.000,36.9964455,summer weekend,31.66
2023-09-24 19:00:00.000,34.23380100000001,summer weekend,31.66
2023-09-24 20:00:00.000,30.487800000000004,summer weekend,31.66
2023-09-24 21:00:00.000,29.0546235,summer weekend,27.0
2023-09-24 22:00:00.000,26.470657500000005,summer weekend,27.0
2023-09-24 23:00:00.000,21.6950685,summer weekend,19.7
2023-09-25 00:00:00.000,18.61755,summer weekday,25.44
2023-09-25 01:00:00.000,17.5042455,summer weekday,25.44
2023-09-25 02:00:00.000,17.378046,summer weekday,25.44
2023-09-25 03:00:00.000,17.429275500000003,summer weekday,25.44
2023-09-25 04:00:00.000,23.6342925,summer weekday,25.44
2023-09-25 05:00:00.000,31.03258200000001,summer weekday,30.1
2023-09-25 06:00:00.000,34.7548425,summer weekday,34.9
2023-09-25 07:00:00.000,35.2359,summer weekday,34.9
2023-09-25 08:00:00.000,32.152134000000004,summer weekday,30.1
2023-09-25 09:00:00.000,29.089609500000005,summer weekday,30.1
2023-09-25 10:00:00.000,28.489849500000005,summer weekday,30.1
2023-09-25 11:00:00.000,26.8729965,summer weekday,25.44
2023-09-25 12:00:00.000,26.877994500000007,summer weekday,25.44
2023-09-25 13:00:00.000,27.875095500000004,summer weekday,30.1
2023-09-25 14:00:00.000,28.870947,summer weekday,30.1
2023-09-25 15:00:00.000,29.545677,summer weekday,30.1
2023-09-25 16:00:00.000,33.10175400000001,summer weekday,34.9
2023-09-25 17:00:00.000,42.36929549999999,summer weekday,34.9
2023-09-25 18:00:00.000,64.79782049999999,summer weekday,34.9
2023-09-25 19:00:00.000,48.52933049999999,summer weekday,34.9
2023-09-25 20:00:00.000,34.403733,summer weekday,34.9
2023-09-25 21:00:00.000,32.725654500000005,summer weekday,34.9
2023-09-25 22:00:00.000,31.1337915,summer weekday,30.1
2023-09-25 23:00:00.000,31.632342000000005,summer weekday,30.1
2023-09-26 00:00:00.000,30.86140050000001,summer weekday,30.1
2023-09-26 01:00:00.000,30.479053500000006,summer weekday,30.1
2023-09-26 02:00:00.000,30.435321000000005,summer weekday,30.1
2023-09-26 03:00:00.000,30.4340715,summer weekday,30.1
2023-09-26 04:00:00.000,30.86140050000001,summer weekday,30.1
2023-09-26 05:00:00.000,36.392937,summer weekday,34.9
2023-09-26 06:00:00.000,53.42237249999999,summer weekday,34.9
2023-09-26 07:00:00.000,38.232201,summer weekday,34.9
2023-09-26 08:00:00.000,32.080912500000004,summer weekday,30.1
2023-09-26 09:00:00.000,29.914279500000003,summer weekday,30.1
2023-09-26 10:00:00.000,29.2720365,summer weekday,30.1
2023-09-26 11:00:00.000,28.748496000000003,summer weekday,30.1
2023-09-26 12:00:00.000,27.7326525,summer weekday,25.44
2023-09-26 13:00:00.000,28.59730650000001,summer weekday,30.1
2023-09-26 14:00:00.000,29.615649000000005,summer weekday,30.1
2023-09-26 15:00:00.000,30.426574500000005,summer weekday,30.1
2023-09-26 16:00:00.000,34.296276,summer weekday,34.9
2023-09-26 17:00:00.000,39.889038,summer weekday,34.9
2023-09-26 18:00:00.000,48.20820899999999,summer weekday,34.9
2023-09-26 19:00:00.000,37.402533000000005,summer weekday,34.9
2023-09-26 20:00:00.000,33.145486500000004,summer weekday,34.9
2023-09-26 21:00:00.000,30.870147000000006,summer weekday,30.1
2023-09-26 22:00:00.000,30.022986000000007,summer weekday,30.1
2023-09-26 23:00:00.000,30.551524500000003,summer weekday,30.1
2023-09-27 00:00:00.000,30.11295,summer weekday,30.1
2023-09-27 01:00:00.000,30.1816725,summer weekday,30.1
2023-09-27 02:00:00.000,30.11919750000001,summer weekday,30.1
2023-09-27 03:00:00.000,29.919277500000003,summer weekday,30.1
2023-09-27 04:00:00.000,30.940119000000006,summer weekday,30.1
2023-09-27 05:00:00.000,35.080962,summer weekday,34.9
2023-09-27 06:00:00.000,49.82631149999999,summer weekday,34.9
2023-09-27 07:00:00.000,39.296775,summer weekday,34.9
2023-09-27 08:00:00.000,33.4603605,summer weekday,34.9
2023-09-27 09:00:00.000,30.15418350000001,summer weekday,30.1
2023-09-27 10:00:00.000,29.020887000000005,summer weekday,30.1
2023-09-27 11:00:00.000,28.63854000000001,summer weekday,30.1
2023-09-27 12:00:00.000,28.28118300000001,summer weekday,30.1
2023-09-27 13:00:00.000,28.516089000000008,summer weekday,30.1
2023-09-27 14:00:00.000,29.118348000000005,summer weekday,30.1
2023-09-27 15:00:00.000,31.018837500000007,summer weekday,30.1
2023-09-27 16:00:00.000,36.0993045,summer weekday,34.9
2023-09-27 17:00:00.000,41.7245535,summer weekday,34.9
2023-09-27 18:00:00.000,44.19481499999999,summer weekday,34.9
2023-09-27 19:00:00.000,35.12094600000001,summer weekday,34.9
2023-09-27 20:00:00.000,30.840159000000003,summer weekday,30.1
2023-09-27 21:00:00.000,29.410731,summer weekday,30.1
2023-09-27 22:00:00.000,28.499845500000006,summer weekday,30.1
2023-09-27 23:00:00.000,28.408632000000004,summer weekday,30.1
2023-09-28 00:00:00.000,27.870097500000007,summer weekday,30.1
2023-09-28 01:00:00.000,26.483152500000006,summer weekday,25.44
2023-09-28 02:00:00.000,26.719308000000005,summer weekday,25.44
2023-09-28 03:00:00.000,27.472756500000006,summer weekday,25.44
2023-09-28 04:00:00.000,28.973406000000004,summer weekday,30.1
2023-09-28 05:00:00.000,31.7810325,summer weekday,30.1
2023-09-28 06:00:00.000,33.142987500000004,summer weekday,34.9
2023-09-28 07:00:00.000,33.556572,summer weekday,34.9
2023-09-28 08:00:00.000,31.2187575,summer weekday,30.1
2023-09-28 09:00:00.000,29.033382000000007,summer weekday,30.1
2023-09-28 10:00:00.000,28.433622000000003,summer weekday,30.1
2023-09-28 11:00:00.000,27.798876000000007,summer weekday,30.1
2023-09-28 12:00:00.000,27.613950000000003,summer weekday,25.44
2023-09-28 13:00:00.000,28.326165000000003,summer weekday,30.1
2023-09-28 14:00:00.000,28.865949000000004,summer weekday,30.1
2023-09-28 15:00:00.000,29.849305500000007,summer weekday,30.1
2023-09-28 16:00:00.000,33.9401685,summer weekday,34.9
2023-09-28 17:00:00.000,40.4650575,summer weekday,34.9
2023-09-28 18:00:00.000,50.57975999999999,summer weekday,34.9
2023-09-28 19:00:00.000,36.92397450000001,summer weekday,34.9
2023-09-28 20:00:00.000,33.394137,summer weekday,34.9
2023-09-28 21:00:00.000,32.164629000000005,summer weekday,30.1
2023-09-28 22:00:00.000,31.241248500000005,summer weekday,30.1
2023-09-28 23:00:00.000,30.925125000000005,summer weekday,30.1
2023-09-29 00:00:00.000,29.604403500000007,summer weekday,30.1
2023-09-29 01:00:00.000,29.3070225,summer weekday,30.1
2023-09-29 02:00:00.000,28.863450000000007,summer weekday,30.1
2023-09-29 03:00:00.000,29.117098500000004,summer weekday,30.1
2023-09-29 04:00:00.000,29.94801600000001,summer weekday,30.1
2023-09-29 05:00:00.000,33.4178775,summer weekday,34.9
2023-09-29 06:00:00.000,34.601154,summer weekday,34.9
2023-09-29 07:00:00.000,33.6177975,summer weekday,34.9
2023-09-29 08:00:00.000,30.715209,summer weekday,30.1
2023-09-29 09:00:00.000,28.8721965,summer weekday,30.1
2023-09-29 10:00:00.000,28.284931500000003,summer weekday,30.1
2023-09-29 11:00:00.000,27.620197500000007,summer weekday,25.44
2023-09-29 12:00:00.000,26.419428000000003,summer weekday,25.44
2023-09-29 13:00:00.000,26.994198000000008,summer weekday,25.44
2023-09-29 14:00:00.000,28.701015000000005,summer weekday,30.1
2023-09-29 15:00:00.000,29.421976500000003,summer weekday,30.1
2023-09-29 16:00:00.000,31.363699500000006,summer weekday,30.1
2023-09-29 17:00:00.000,33.6177975,summer weekday,34.9
2023-09-29 18:00:00.000,34.919776500000005,summer weekday,34.9
2023-09-29 19:00:00.000,33.978903,summer weekday,34.9
2023-09-29 20:00:00.000,31.53738000000001,summer weekday,30.1
2023-09-29 21:00:00.000,30.6839715,summer weekday,30.1
2023-09-29 22:00:00.000,29.9967465,summer weekday,30.1
2023-09-29 23:00:00.000,28.732252500000005,summer weekday,30.1
2023-09-30 00:00:00.000,28.4748555,summer weekend,27.0
2023-09-30 01:00:00.000,28.46111100000001,summer weekend,27.0
2023-09-30 02:00:00.000,28.453614000000005,summer weekend,27.0
2023-09-30 03:00:00.000,28.398636000000003,summer weekend,27.0
2023-09-30 04:00:00.000,28.875945,summer weekend,27.0
2023-09-30 05:00:00.000,30.525285,summer weekend,31.66
2023-09-30 06:00:00.000,31.045077000000003,summer weekend,31.66
2023-09-30 07:00:00.000,31.118797500000003,summer weekend,31.66
2023-09-30 08:00:00.000,30.484051500000003,summer weekend,31.66
2023-09-30 09:00:00.000,28.303674,summer weekend,27.0
2023-09-30 10:00:00.000,26.180773500000004,summer weekend,27.0
2023-09-30 11:00:00.000,22.710912000000004,summer weekend,19.7
2023-09-30 12:00:00.000,18.462612,summer weekend,19.7
2023-09-30 13:00:00.000,19.247298,summer weekend,19.7
2023-09-30 14:00:00.000,24.365250000000003,summer weekend,27.0
2023-09-30 15:00:00.000,27.990049500000005,summer weekend,27.0
2023-09-30 16:00:00.000,30.825165000000005,summer weekend,31.66
2023-09-30 17:00:00.000,34.4124795,summer weekend,31.66
2023-09-30 18:00:00.000,37.84735500000001,summer weekend,31.66
2023-09-30 19:00:00.000,34.123845,summer weekend,31.66
2023-09-30 20:00:00.000,31.412430000000004,summer weekend,31.66
2023-09-30 21:00:00.000,30.78768,summer weekend,31.66
2023-09-30 22:00:00.000,29.992998000000004,summer weekend,31.66
2023-09-30 23:00:00.000,30.204163500000003,summer weekend,31.66
2023-10-01 00:00:00.000,29.13084300000001,summer weekend,27.0
2023-10-01 01:00:00.000,28.438620000000004,summer weekend,27.0
2023-10-01 02:00:00.000,28.534831500000003,summer weekend,27.0
2023-10-01 03:00:00.000,28.224955500000004,summer weekend,27.0
2023-10-01 04:00:00.000,28.045027500000003,summer weekend,27.0
2023-10-01 05:00:00.000,27.9975465,summer weekend,27.0
2023-10-01 06:00:00.000,28.373646000000004,summer weekend,27.0
2023-10-01 07:00:00.000,27.626445,summer weekend,27.0
2023-10-01 08:00:00.000,25.20616350000001,summer weekend,27.0
2023-10-01 09:00:00.000,22.366050000000005,summer weekend,19.7
2023-10-01 10:00:00.000,18.4913505,summer weekend,19.7
2023-10-01 11:00:00.000,17.366919499999998,summer weekend,19.7
2023-10-01 12:00:00.000,17.1498635,summer weekend,19.7
2023-10-01 13:00:00.000,17.285523499999996,summer weekend,19.7
2023-10-01 14:00:00.000,17.559223499999998,summer weekend,19.7
2023-10-01 15:00:00.000,25.20616350000001,summer weekend,27.0
2023-10-01 16:00:00.000,29.80182450000001,summer weekend,31.66
2023-10-01 17:00:00.000,32.369547000000004,summer weekend,31.66
2023-10-01 18:00:00.000,33.61155,summer weekend,31.66
2023-10-01 19:00:00.000,33.61155,summer weekend,31.66
2023-10-01 20:00:00.000,31.757292000000003,summer weekend,31.66
2023-10-01 21:00:00.000,30.69021900000001,summer weekend,31.66
2023-10-01 22:00:00.000,29.859301500000004,summer weekend,31.66
2023-10-01 23:00:00.000,29.225805,summer weekend,27.0
2023-10-02 00:00:00.000,29.009641500000004,summer weekend,27.0
2023-10-02 01:00:00.000,29.038380000000004,summer weekend,27.0
2023-10-02 02:00:00.000,28.865949000000004,summer weekend,27.0
2023-10-02 03:00:00.000,29.323266000000007,summer weekend,27.0
2023-10-02 04:00:00.000,29.779333500000003,summer weekend,31.66
2023-10-02 05:00:00.000,32.9855505,summer weekend,31.66
2023-10-02 06:00:00.000,35.29712550000001,summer weekend,31.66
2023-10-02 07:00:00.000,35.423325,summer weekend,31.66
2023-10-02 08:00:00.000,33.361650000000004,summer weekend,31.66
2023-10-02 09:00:00.000,30.527784000000004,summer weekend,31.66
2023-10-02 10:00:00.000,28.923426000000006,summer weekend,27.0
2023-10-02 11:00:00.000,28.648536000000004,summer weekend,27.0
2023-10-02 12:00:00.000,28.353654,summer weekend,27.0
2023-10-02 13:00:00.000,28.38489150000001,summer weekend,27.0
2023-10-02 14:00:00.000,28.676025000000006,summer weekend,27.0
2023-10-02 15:00:00.000,30.6164985,summer weekend,31.66
2023-10-02 16:00:00.000,34.02013650000001,summer weekend,31.66
2023-10-02 17:00:00.000,42.35929949999999,summer weekend,31.66
2023-10-02 18:00:00.000,47.9870475,summer weekend,31.66
2023-10-02 19:00:00.000,37.3687965,summer weekend,31.66
2023-10-02 20:00:00.000,32.36205,summer weekend,31.66
2023-10-02 21:00:00.000,30.741448500000004,summer weekend,31.66
2023-10-02 22:00:00.000,29.86305,summer weekend,31.66
2023-10-02 23:00:00.000,29.560671,summer weekend,31.66
2023-10-03 00:00:00.000,29.189569500000005,summer weekend,27.0
2023-10-03 01:00:00.000,26.356953000000004,summer weekend,27.0
2023-10-03 02:00:00.000,21.196518,summer weekend,19.7
2023-10-03 03:00:00.000,18.8062245,summer weekend,19.7
2023-10-03 04:00:00.000,17.995299,summer weekend,19.7
2023-10-03 05:00:00.000,18.1564845,summer weekend,19.7
2023-10-03 06:00:00.000,21.828765,summer weekend,19.7
2023-10-03 07:00:00.000,18.929925,summer weekend,19.7
2023-10-03 08:00:00.000,17.780385000000003,summer weekend,19.7
2023-10-03 09:00:00.000,17.359005999999997,summer weekend,19.7
2023-10-03 10:00:00.000,17.261783,summer weekend,19.7
2023-10-03 11:00:00.000,16.429734999999997,summer weekend,19.7
2023-10-03 12:00:00.000,16.1165865,summer weekend,19.7
2023-10-03 13:00:00.000,16.239810999999996,summer weekend,19.7
2023-10-03 14:00:00.000,16.8129745,summer weekend,19.7
2023-10-03 15:00:00.000,17.3623975,summer weekend,19.7
2023-10-03 16:00:00.000,17.9928,summer weekend,19.7
2023-10-03 17:00:00.000,21.831264,summer weekend,19.7
2023-10-03 18:00:00.000,24.865050000000004,summer weekend,27.0
2023-10-03 19:00:00.000,23.304424500000003,summer weekend,19.7
2023-10-03 20:00:00.000,19.0861125,summer weekend,19.7
2023-10-03 21:00:00.000,23.003295000000005,summer weekend,19.7
2023-10-03 22:00:00.000,18.625047,summer weekend,19.7
2023-10-03 23:00:00.000,20.1431895,summer weekend,19.7
2023-10-04 00:00:00.000,18.630045,summer weekday,25.44
2023-10-04 01:00:00.000,18.5588235,summer weekday,25.44
2023-10-04 02:00:00.000,18.3389115,summer weekday,25.44
2023-10-04 03:00:00.000,19.179825,summer weekday,25.44
2023-10-04 04:00:00.000,23.355654,summer weekday,25.44
2023-10-04 05:00:00.000,29.686870500000005,summer weekday,30.1
2023-10-04 06:00:00.000,31.989699000000005,summer weekday,30.1
2023-10-04 07:00:00.000,32.525734500000006,summer weekday,34.9
2023-10-04 08:00:00.000,30.600255000000004,summer weekday,30.1
2023-10-04 09:00:00.000,27.071667000000005,summer weekday,25.44
2023-10-04 10:00:00.000,25.767189000000005,summer weekday,25.44
2023-10-04 11:00:00.000,22.0599225,summer weekday,25.44
2023-10-04 12:00:00.000,22.708413000000004,summer weekday,25.44
2023-10-04 13:00:00.000,22.334812500000005,summer weekday,25.44
2023-10-04 14:00:00.000,25.057473,summer weekday,25.44
2023-10-04 15:00:00.000,27.3528045,summer weekday,25.44
2023-10-04 16:00:00.000,29.3095215,summer weekday,30.1
2023-10-04 17:00:00.000,31.874745,summer weekday,30.1
2023-10-04 18:00:00.000,33.28168200000001,summer weekday,34.9
2023-10-04 19:00:00.000,31.874745,summer weekday,30.1
2023-10-04 20:00:00.000,28.366149000000004,summer weekday,30.1
2023-10-04 21:00:00.000,28.062520500000005,summer weekday,30.1
2023-10-04 22:00:00.000,27.095407500000004,summer weekday,25.44
2023-10-04 23:00:00.000,27.697666500000008,summer weekday,25.44
2023-10-05 00:00:00.000,26.965459500000005,summer weekday,25.44
2023-10-05 01:00:00.000,26.148286500000005,summer weekday,25.44
2023-10-05 02:00:00.000,25.039980000000003,summer weekday,25.44
2023-10-05 03:00:00.000,25.978354500000005,summer weekday,25.44
2023-10-05 04:00:00.000,27.171627000000004,summer weekday,25.44
2023-10-05 05:00:00.000,28.6847715,summer weekday,30.1
2023-10-05 06:00:00.000,30.795177,summer weekday,30.1
2023-10-05 07:00:00.000,32.593207500000005,summer weekday,34.9
2023-10-05 08:00:00.000,30.751444500000005,summer weekday,30.1
2023-10-05 09:00:00.000,28.27993350000001,summer weekday,30.1
2023-10-05 10:00:00.000,27.476505000000003,summer weekday,25.44
2023-10-05 11:00:00.000,27.239100000000004,summer weekday,25.44
2023-10-05 12:00:00.000,26.93797050000001,summer weekday,25.44
2023-10-05 13:00:00.000,27.367798500000006,summer weekday,25.44
2023-10-05 14:00:00.000,27.806373000000004,summer weekday,30.1
2023-10-05 15:00:00.000,29.464459500000004,summer weekday,30.1
2023-10-05 16:00:00.000,31.999695000000003,summer weekday,30.1
2023-10-05 17:00:00.000,39.439218,summer weekday,34.9
2023-10-05 18:00:00.000,48.64053599999999,summer weekday,34.9
2023-10-05 19:00:00.000,34.786080000000005,summer weekday,34.9
2023-10-05 20:00:00.000,31.103803500000005,summer weekday,30.1
2023-10-05 21:00:00.000,29.985501000000006,summer weekday,30.1
2023-10-05 22:00:00.000,29.185821000000004,summer weekday,30.1
2023-10-05 23:00:00.000,28.287430500000006,summer weekday,30.1
2023-10-06 00:00:00.000,27.971307000000007,summer weekday,30.1
2023-10-06 01:00:00.000,27.369048000000006,summer weekday,25.44
2023-10-06 02:00:00.000,26.746797000000004,summer weekday,25.44
2023-10-06 03:00:00.000,26.237001000000006,summer weekday,25.44
2023-10-06 04:00:00.000,26.848006500000004,summer weekday,25.44
2023-10-06 05:00:00.000,29.544427500000005,summer weekday,30.1
2023-10-06 06:00:00.000,32.0459265,summer weekday,30.1
2023-10-06 07:00:00.000,32.448265500000005,summer weekday,30.1
2023-10-06 08:00:00.000,30.411580500000007,summer weekday,30.1
2023-10-06 09:00:00.000,27.89633700000001,summer weekday,30.1
2023-10-06 10:00:00.000,25.216159500000003,summer weekday,25.44
2023-10-06 11:00:00.000,18.6237975,summer weekday,25.44
2023-10-06 12:00:00.000,17.502996,summer weekday,25.44
2023-10-06 13:00:00.000,17.551726499999997,summer weekday,25.44
2023-10-06 14:00:00.000,22.58971050000001,summer weekday,25.44
2023-10-06 15:00:00.000,25.162431,summer weekday,25.44
2023-10-06 16:00:00.000,28.182472500000003,summer weekday,30.1
2023-10-06 17:00:00.000,30.400335000000005,summer weekday,30.1
2023-10-06 18:00:00.000,31.258741500000006,summer weekday,30.1
2023-10-06 19:00:00.000,29.988000000000007,summer weekday,30.1
2023-10-06 20:00:00.000,27.372796500000003,summer weekday,25.44
2023-10-06 21:00:00.000,24.462711,summer weekday,25.44
2023-10-06 22:00:00.000,17.433024,summer weekday,25.44
2023-10-06 23:00:00.000,17.374297499999997,summer weekday,25.44
2023-10-07 00:00:00.000,17.373047999999997,summer weekend,19.7
2023-10-07 01:00:00.000,17.380544999999998,summer weekend,19.7
2023-10-07 02:00:00.000,17.451766499999998,summer weekend,19.7
2023-10-07 03:00:00.000,18.1264965,summer weekend,19.7
2023-10-07 04:00:00.000,20.039481,summer weekend,19.7
2023-10-07 05:00:00.000,23.920428,summer weekend,27.0
2023-10-07 06:00:00.000,25.760941500000005,summer weekend,27.0
2023-10-07 07:00:00.000,26.217009,summer weekend,27.0
2023-10-07 08:00:00.000,25.953364500000006,summer weekend,27.0
2023-10-07 09:00:00.000,23.218209000000005,summer weekend,19.7
2023-10-07 10:00:00.000,19.819569,summer weekend,19.7
2023-10-07 11:00:00.000,18.665031,summer weekend,19.7
2023-10-07 12:00:00.000,17.395538999999996,summer weekend,19.7
2023-10-07 13:00:00.000,17.493,summer weekend,19.7
2023-10-07 14:00:00.000,20.1181995,summer weekend,19.7
2023-10-07 15:00:00.000,25.0637205,summer weekend,27.0
2023-10-07 16:00:00.000,28.168728,summer weekend,27.0
2023-10-07 17:00:00.000,30.147936000000005,summer weekend,31.66
2023-10-07 18:00:00.000,30.976354500000006,summer weekend,31.66
2023-10-07 19:00:00.000,29.86305,summer weekend,31.66
2023-10-07 20:00:00.000,27.862600500000003,summer weekend,27.0
2023-10-07 21:00:00.000,26.887990500000004,summer weekend,27.0
2023-10-07 22:00:00.000,26.364450000000005,summer weekend,27.0
2023-10-07 23:00:00.000,26.202015000000006,summer weekend,27.0
2023-10-08 00:00:00.000,26.194518,summer weekend,27.0
2023-10-08 01:00:00.000,26.192019000000005,summer weekend,27.0
2023-10-08 02:00:00.000,26.190769500000005,summer weekend,27.0
2023-10-08 03:00:00.000,26.340709500000003,summer weekend,27.0
2023-10-08 04:00:00.000,27.000445500000005,summer weekend,27.0
2023-10-08 05:00:00.000,27.802624500000007,summer weekend,27.0
2023-10-08 06:00:00.000,29.86305,summer weekend,31.66
2023-10-08 07:00:00.000,30.127944000000003,summer weekend,31.66
2023-10-08 08:00:00.000,29.970507000000005,summer weekend,31.66
2023-10-08 09:00:00.000,28.231203000000004,summer weekend,27.0
2023-10-08 10:00:00.000,26.92797450000001,summer weekend,27.0
2023-10-08 11:00:00.000,26.185771500000005,summer weekend,27.0
2023-10-08 12:00:00.000,24.259042500000007,summer weekend,27.0
2023-10-08 13:00:00.000,24.190320000000003,summer weekend,27.0
2023-10-08 14:00:00.000,26.214510000000004,summer weekend,27.0
2023-10-08 15:00:00.000,28.437370500000004,summer weekend,27.0
2023-10-08 16:00:00.000,31.517388,summer weekend,31.66
2023-10-08 17:00:00.000,34.3200165,summer weekend,31.66
2023-10-08 18:00:00.000,37.68242100000001,summer weekend,31.66
2023-10-08 19:00:00.000,33.8427075,summer weekend,31.66
2023-10-08 20:00:00.000,31.137540000000005,summer weekend,31.66
2023-10-08 21:00:00.000,30.415329000000003,summer weekend,31.66
2023-10-08 22:00:00.000,29.405733000000005,summer weekend,31.66
2023-10-08 23:00:00.000,28.752244500000007,summer weekend,27.0
2023-10-09 00:00:00.000,28.294927500000007,summer weekday,30.1
2023-10-09 01:00:00.000,27.668928000000005,summer weekday,25.44
2023-10-09 02:00:00.000,27.039180000000005,summer weekday,25.44
2023-10-09 03:00:00.000,26.7393,summer weekday,25.44
2023-10-09 04:00:00.000,27.245347500000005,summer weekday,25.44
2023-10-09 05:00:00.000,29.450715,summer weekday,30.1
2023-10-09 06:00:00.000,31.337460000000007,summer weekday,30.1
2023-10-09 07:00:00.000,33.20171400000001,summer weekday,34.9
2023-10-09 08:00:00.000,32.54072850000001,summer weekday,34.9
2023-10-09 09:00:00.000,31.311220500000008,summer weekday,30.1
2023-10-09 10:00:00.000,30.532782000000005,summer weekday,30.1
2023-10-09 11:00:00.000,29.736850500000006,summer weekday,30.1
2023-10-09 12:00:00.000,29.938020000000005,summer weekday,30.1
2023-10-09 13:00:00.000,30.550275000000003,summer weekday,30.1
2023-10-09 14:00:00.000,31.101304500000005,summer weekday,30.1
2023-10-09 15:00:00.000,31.489899,summer weekday,30.1
2023-10-09 16:00:00.000,33.526584,summer weekday,34.9
2023-10-09 17:00:00.000,41.011089,summer weekday,34.9
2023-10-09 18:00:00.000,45.06946499999999,summer weekday,34.9
2023-10-09 19:00:00.000,40.421325,summer weekday,34.9
2023-10-09 20:00:00.000,33.95516250000001,summer weekday,34.9
2023-10-09 21:00:00.000,32.36205,summer weekday,30.1
2023-10-09 22:00:00.000,31.449915,summer weekday,30.1
2023-10-09 23:00:00.000,30.362850000000005,summer weekday,30.1
2023-10-10 00:00:00.000,29.938020000000005,summer weekday,30.1
2023-10-10 01:00:00.000,29.850555000000007,summer weekday,30.1
2023-10-10 02:00:00.000,29.80307400000001,summer weekday,30.1
2023-10-10 03:00:00.000,29.536930500000008,summer weekday,30.1
2023-10-10 04:00:00.000,31.201264500000004,summer weekday,30.1
2023-10-10 05:00:00.000,33.61155,summer weekday,34.9
2023-10-10 06:00:00.000,42.597954,summer weekday,34.9
2023-10-10 07:00:00.000,42.18686849999999,summer weekday,34.9
2023-10-10 08:00:00.000,33.873945,summer weekday,34.9
2023-10-10 09:00:00.000,31.88724000000001,summer weekday,30.1
2023-10-10 10:00:00.000,30.485301000000007,summer weekday,30.1
2023-10-10 11:00:00.000,29.444467500000005,summer weekday,30.1
2023-10-10 12:00:00.000,28.5248355,summer weekday,30.1
2023-10-10 13:00:00.000,28.790979,summer weekday,30.1
2023-10-10 14:00:00.000,28.815969000000003,summer weekday,30.1
2023-10-10 15:00:00.000,29.763090000000005,summer weekday,30.1
2023-10-10 16:00:00.000,32.032182000000006,summer weekday,30.1
2023-10-10 17:00:00.000,33.289179000000004,summer weekday,34.9
2023-10-10 18:00:00.000,34.769836500000004,summer weekday,34.9
2023-10-10 19:00:00.000,30.460311000000004,summer weekday,30.1
2023-10-10 20:00:00.000,28.206213,summer weekday,30.1
2023-10-10 21:00:00.000,28.444867500000004,summer weekday,30.1
2023-10-10 22:00:00.000,25.977105000000005,summer weekday,25.44
2023-10-10 23:00:00.000,25.271137500000005,summer weekday,25.44
2023-10-11 00:00:00.000,20.624247,summer weekday,25.44
2023-10-11 01:00:00.000,18.3489075,summer weekday,25.44
2023-10-11 02:00:00.000,17.6566845,summer weekday,25.44
2023-10-11 03:00:00.000,17.775387,summer weekday,25.44
2023-10-11 04:00:00.000,18.61755,summer weekday,25.44
2023-10-11 05:00:00.000,27.380293500000008,summer weekday,25.44
2023-10-11 06:00:00.000,33.256692,summer weekday,34.9
2023-10-11 07:00:00.000,33.346656,summer weekday,34.9
2023-10-11 08:00:00.000,30.230403000000003,summer weekday,30.1
2023-10-11 09:00:00.000,23.616799500000003,summer weekday,25.44
2023-10-11 10:00:00.000,17.4992475,summer weekday,25.44
2023-10-11 11:00:00.000,17.368049999999997,summer weekday,25.44
2023-10-11 12:00:00.000,17.361267,summer weekday,25.44
2023-10-11 13:00:00.000,17.363528,summer weekday,25.44
2023-10-11 14:00:00.000,17.375546999999997,summer weekday,25.44
2023-10-11 15:00:00.000,24.587661,summer weekday,25.44
2023-10-11 16:00:00.000,30.141688500000004,summer weekday,30.1
2023-10-11 17:00:00.000,33.33541050000001,summer weekday,34.9
2023-10-11 18:00:00.000,33.878943,summer weekday,34.9
2023-10-11 19:00:00.000,32.6806725,summer weekday,34.9
2023-10-11 20:00:00.000,30.106702500000008,summer weekday,30.1
2023-10-11 21:00:00.000,29.720607000000005,summer weekday,30.1
2023-10-11 22:00:00.000,28.603554000000003,summer weekday,30.1
2023-10-11 23:00:00.000,27.152884500000003,summer weekday,25.44
2023-10-12 00:00:00.000,27.7326525,summer weekday,25.44
2023-10-12 01:00:00.000,27.830113500000007,summer weekday,30.1
2023-10-12 02:00:00.000,28.341159,summer weekday,30.1
2023-10-12 03:00:00.000,28.49359800000001,summer weekday,30.1
2023-10-12 04:00:00.000,30.187920000000005,summer weekday,30.1
2023-10-12 05:00:00.000,33.17422500000001,summer weekday,34.9
2023-10-12 06:00:00.000,33.96640800000001,summer weekday,34.9
2023-10-12 07:00:00.000,35.909380500000005,summer weekday,34.9
2023-10-12 08:00:00.000,34.571166000000005,summer weekday,34.9
2023-10-12 09:00:00.000,33.724005000000005,summer weekday,34.9
2023-10-12 10:00:00.000,32.97930300000001,summer weekday,34.9
2023-10-12 11:00:00.000,31.247496000000005,summer weekday,30.1
2023-10-12 12:00:00.000,30.399085500000005,summer weekday,30.1
2023-10-12 13:00:00.000,30.910131,summer weekday,30.1
2023-10-12 14:00:00.000,32.36205,summer weekday,30.1
2023-10-12 15:00:00.000,33.075514500000004,summer weekday,34.9
2023-10-12 16:00:00.000,35.485800000000005,summer weekday,34.9
2023-10-12 17:00:00.000,38.597055000000005,summer weekday,34.9
2023-10-12 18:00:00.000,44.98075049999999,summer weekday,34.9
2023-10-12 19:00:00.000,36.269236500000005,summer weekday,34.9
2023-10-12 20:00:00.000,33.53158200000001,summer weekday,34.9
2023-10-12 21:00:00.000,32.799375000000005,summer weekday,34.9
2023-10-12 22:00:00.000,31.092558000000004,summer weekday,30.1
2023-10-12 23:00:00.000,32.860600500000004,summer weekday,34.9
2023-10-13 00:00:00.000,31.737300000000005,summer weekday,30.1
2023-10-13 01:00:00.000,30.75519300000001,summer weekday,30.1
2023-10-13 02:00:00.000,30.037980000000005,summer weekday,30.1
2023-10-13 03:00:00.000,29.873046,summer weekday,30.1
2023-10-13 04:00:00.000,29.26953750000001,summer weekday,30.1
2023-10-13 05:00:00.000,33.5403285,summer weekday,34.9
2023-10-13 06:00:00.000,35.2921275,summer weekday,34.9
2023-10-13 07:00:00.000,35.5170375,summer weekday,34.9
2023-10-13 08:00:00.000,33.867697500000006,summer weekday,34.9
2023-10-13 09:00:00.000,29.738100000000006,summer weekday,30.1
2023-10-13 10:00:00.000,26.366949,summer weekday,25.44
2023-10-13 11:00:00.000,21.6725775,summer weekday,25.44
2023-10-13 12:00:00.000,18.280185,summer weekday,25.44
2023-10-13 13:00:00.000,17.9065845,summer weekday,25.44
2023-10-13 14:00:00.000,17.897837999999997,summer weekday,25.44
2023-10-13 15:00:00.000,18.61755,summer weekday,25.44
2023-10-13 16:00:00.000,23.175726000000004,summer weekday,25.44
2023-10-13 17:00:00.000,26.643088500000005,summer weekday,25.44
2023-10-13 18:00:00.000,26.901735,summer weekday,25.44
2023-10-13 19:00:00.000,19.359753,summer weekday,25.44
2023-10-13 20:00:00.000,17.9990475,summer weekday,25.44
2023-10-13 21:00:00.000,17.39304,summer weekday,25.44
2023-10-13 22:00:00.000,17.276479499999997,summer weekday,25.44
2023-10-13 23:00:00.000,17.3578755,summer weekday,25.44
2023-10-14 00:00:00.000,17.156646499999997,summer weekend,19.7
2023-10-14 01:00:00.000,17.1996055,summer weekend,19.7
2023-10-14 02:00:00.000,17.173603999999997,summer weekend,19.7
2023-10-14 03:00:00.000,17.1182095,summer weekend,19.7
2023-10-14 04:00:00.000,17.132906000000002,summer weekend,19.7
2023-10-14 05:00:00.000,17.259521999999997,summer weekend,19.7
2023-10-14 06:00:00.000,17.365789,summer weekend,19.7
2023-10-14 07:00:00.000,18.5038455,summer weekend,19.7
2023-10-14 08:00:00.000,19.94202,summer weekend,19.7
2023-10-14 09:00:00.000,17.502996,summer weekend,19.7
2023-10-14 10:00:00.000,17.3623975,summer weekend,19.7
2023-10-14 11:00:00.000,17.261783,summer weekend,19.7
2023-10-14 12:00:00.000,17.2448255,summer weekend,19.7
2023-10-14 13:00:00.000,17.210910499999997,summer weekend,19.7
2023-10-14 14:00:00.000,17.359005999999997,summer weekend,19.7
2023-10-14 15:00:00.000,17.44302,summer weekend,19.7
2023-10-14 16:00:00.000,25.763440500000005,summer weekend,27.0
2023-10-14 17:00:00.000,32.099655000000006,summer weekend,31.66
2023-10-14 18:00:00.000,33.6078015,summer weekend,31.66
2023-10-14 19:00:00.000,29.4769545,summer weekend,31.66
2023-10-14 20:00:00.000,28.073766000000003,summer weekend,27.0
2023-10-14 21:00:00.000,26.68807050000001,summer weekend,27.0
2023-10-14 22:00:00.000,23.248197000000005,summer weekend,19.7
2023-10-14 23:00:00.000,19.2010665,summer weekend,19.7
2023-10-15 00:00:00.000,18.237702,summer weekend,19.7
2023-10-15 01:00:00.000,18.0915105,summer weekend,19.7
2023-10-15 02:00:00.000,18.500097,summer weekend,19.7
2023-10-15 03:00:00.000,18.082764,summer weekend,19.7
2023-10-15 04:00:00.000,18.3214185,summer weekend,19.7
2023-10-15 05:00:00.000,18.102756,summer weekend,19.7
2023-10-15 06:00:00.000,20.034483,summer weekend,19.7
2023-10-15 07:00:00.000,20.439321,summer weekend,19.7
2023-10-15 08:00:00.000,21.229005,summer weekend,19.7
2023-10-15 09:00:00.000,18.0015465,summer weekend,19.7
2023-10-15 10:00:00.000,17.373047999999997,summer weekend,19.7
2023-10-15 11:00:00.000,17.3578755,summer weekend,19.7
2023-10-15 12:00:00.000,17.255,summer weekend,19.7
2023-10-15 13:00:00.000,17.169082,summer weekend,19.7
2023-10-15 14:00:00.000,17.342048499999997,summer weekend,19.7
2023-10-15 15:00:00.000,17.497998,summer weekend,19.7
2023-10-15 16:00:00.000,27.464010000000005,summer weekend,27.0
2023-10-15 17:00:00.000,34.848555000000005,summer weekend,31.66
2023-10-15 18:00:00.000,34.23380100000001,summer weekend,31.66
2023-10-15 19:00:00.000,33.89393700000001,summer weekend,31.66
2023-10-15 20:00:00.000,31.7410485,summer weekend,31.66
2023-10-15 21:00:00.000,31.982202000000004,summer weekend,31.66
2023-10-15 22:00:00.000,29.27328600000001,summer weekend,27.0
2023-10-15 23:00:00.000,30.315369000000004,summer weekend,31.66
2023-10-16 00:00:00.000,29.491948500000003,summer weekday,30.1
2023-10-16 01:00:00.000,29.65938150000001,summer weekday,30.1
2023-10-16 02:00:00.000,29.441968500000005,summer weekday,30.1
2023-10-16 03:00:00.000,29.16707850000001,summer weekday,30.1
2023-10-16 04:00:00.000,29.646886500000004,summer weekday,30.1
2023-10-16 05:00:00.000,34.80607200000001,summer weekday,34.9
2023-10-16 06:00:00.000,37.28133150000001,summer weekday,34.9
2023-10-16 07:00:00.000,38.07476400000001,summer weekday,34.9
2023-10-16 08:00:00.000,36.6715755,summer weekday,34.9
2023-10-16 09:00:00.000,32.606952,summer weekday,34.9
2023-10-16 10:00:00.000,31.964709000000003,summer weekday,30.1
2023-10-16 11:00:00.000,31.586110500000007,summer weekday,30.1
2023-10-16 12:00:00.000,30.6439875,summer weekday,30.1
2023-10-16 13:00:00.000,31.048825500000007,summer weekday,30.1
2023-10-16 14:00:00.000,31.955962500000005,summer weekday,30.1
2023-10-16 15:00:00.000,34.731102,summer weekday,34.9
2023-10-16 16:00:00.000,38.2134585,summer weekday,34.9
2023-10-16 17:00:00.000,43.739997,summer weekday,34.9
2023-10-16 18:00:00.000,47.35604999999999,summer weekday,34.9
2023-10-16 19:00:00.000,37.352553,summer weekday,34.9
2023-10-16 20:00:00.000,35.487049500000005,summer weekday,34.9
2023-10-16 21:00:00.000,34.26129,summer weekday,34.9
2023-10-16 22:00:00.000,32.26458900000001,summer weekday,30.1
2023-10-16 23:00:00.000,33.309171,summer weekday,34.9
2023-10-17 00:00:00.000,31.617348000000007,summer weekday,30.1
2023-10-17 01:00:00.000,30.910131,summer weekday,30.1
2023-10-17 02:00:00.000,30.550275000000003,summer weekday,30.1
2023-10-17 03:00:00.000,31.1837715,summer weekday,30.1
2023-10-17 04:00:00.000,32.606952,summer weekday,34.9
2023-10-17 05:00:00.000,36.14178750000001,summer weekday,34.9
2023-10-17 06:00:00.000,37.98480000000001,summer weekday,34.9
2023-10-17 07:00:00.000,41.24349599999999,summer weekday,34.9
2023-10-17 08:00:00.000,37.28508,summer weekday,34.9
2023-10-17 09:00:00.000,34.23380100000001,summer weekday,34.9
2023-10-17 10:00:00.000,31.57111650000001,summer weekday,30.1
2023-10-17 11:00:00.000,30.976354500000006,summer weekday,30.1
2023-10-17 12:00:00.000,29.873046,summer weekday,30.1
2023-10-17 13:00:00.000,29.66313,summer weekday,30.1
2023-10-17 14:00:00.000,30.8564025,summer weekday,30.1
2023-10-17 15:00:00.000,33.414129,summer weekday,34.9
2023-10-17 16:00:00.000,36.50039400000001,summer weekday,34.9
2023-10-17 17:00:00.000,38.099754,summer weekday,34.9
2023-10-17 18:00:00.000,37.91607750000001,summer weekday,34.9
2023-10-17 19:00:00.000,33.6078015,summer weekday,34.9
2023-10-17 20:00:00.000,33.973905,summer weekday,34.9
2023-10-17 21:00:00.000,33.1154985,summer weekday,34.9
2023-10-17 22:00:00.000,30.415329000000003,summer weekday,30.1
2023-10-17 23:00:00.000,28.561071000000005,summer weekday,30.1
2023-10-18 00:00:00.000,28.496097,summer weekday,30.1
2023-10-18 01:00:00.000,28.408632000000004,summer weekday,30.1
2023-10-18 02:00:00.000,28.548576000000004,summer weekday,30.1
2023-10-18 03:00:00.000,28.862200500000007,summer weekday,30.1
2023-10-18 04:00:00.000,29.558172000000003,summer weekday,30.1
2023-10-18 05:00:00.000,34.11135,summer weekday,34.9
2023-10-18 06:00:00.000,38.2234545,summer weekday,34.9
2023-10-18 07:00:00.000,37.252593,summer weekday,34.9
2023-10-18 08:00:00.000,32.788129500000004,summer weekday,34.9
2023-10-18 09:00:00.000,28.616049000000004,summer weekday,30.1
2023-10-18 10:00:00.000,26.979204000000006,summer weekday,25.44
2023-10-18 11:00:00.000,26.12579550000001,summer weekday,25.44
2023-10-18 12:00:00.000,25.364850000000004,summer weekday,25.44
2023-10-18 13:00:00.000,26.313220500000003,summer weekday,25.44
2023-10-18 14:00:00.000,28.622296500000004,summer weekday,30.1
2023-10-18 15:00:00.000,31.757292000000003,summer weekday,30.1
2023-10-18 16:00:00.000,33.74649600000001,summer weekday,34.9
2023-10-18 17:00:00.000,31.18002300000001,summer weekday,30.1
2023-10-18 18:00:00.000,30.72520500000001,summer weekday,30.1
2023-10-18 19:00:00.000,29.464459500000004,summer weekday,30.1
2023-10-18 20:00:00.000,28.149985500000007,summer weekday,30.1
2023-10-18 21:00:00.000,26.892988500000005,summer weekday,25.44
2023-10-18 22:00:00.000,23.300676000000003,summer weekday,25.44
2023-10-18 23:00:00.000,20.6030055,summer weekday,25.44
2023-10-19 00:00:00.000,19.2985275,summer weekday,25.44
2023-10-19 01:00:00.000,18.630045,summer weekday,25.44
2023-10-19 02:00:00.000,18.3863925,summer weekday,25.44
2023-10-19 03:00:00.000,19.4934495,summer weekday,25.44
2023-10-19 04:00:00.000,22.725906,summer weekday,25.44
2023-10-19 05:00:00.000,28.372396500000004,summer weekday,30.1
2023-10-19 06:00:00.000,30.835161000000006,summer weekday,30.1
2023-10-19 07:00:00.000,32.875594500000005,summer weekday,34.9
2023-10-19 08:00:00.000,33.2367,summer weekday,34.9
2023-10-19 09:00:00.000,32.7056625,summer weekday,34.9
2023-10-19 10:00:00.000,32.941818000000005,summer weekday,34.9
2023-10-19 11:00:00.000,32.96805750000001,summer weekday,34.9
2023-10-19 12:00:00.000,32.375794500000005,summer weekday,30.1
2023-10-19 13:00:00.000,32.309571000000005,summer weekday,30.1
2023-10-19 14:00:00.000,32.814369,summer weekday,34.9
2023-10-19 15:00:00.000,33.991398000000004,summer weekday,34.9
2023-10-19 16:00:00.000,34.573665000000005,summer weekday,34.9
2023-10-19 17:00:00.000,34.7198565,summer weekday,34.9
2023-10-19 18:00:00.000,34.6198965,summer weekday,34.9
2023-10-19 19:00:00.000,31.96096050000001,summer weekday,30.1
2023-10-19 20:00:00.000,29.207062500000006,summer weekday,30.1
2023-10-19 21:00:00.000,29.488200000000003,summer weekday,30.1
2023-10-19 22:00:00.000,27.813870000000005,summer weekday,30.1
2023-10-19 23:00:00.000,27.062920500000008,summer weekday,25.44
2023-10-20 00:00:00.000,25.326115500000004,summer weekday,25.44
2023-10-20 01:00:00.000,23.765490000000003,summer weekday,25.44
2023-10-20 02:00:00.000,21.7750365,summer weekday,25.44
2023-10-20 03:00:00.000,20.2481475,summer weekday,25.44
2023-10-20 04:00:00.000,22.58471250000001,summer weekday,25.44
2023-10-20 05:00:00.000,26.950465500000004,summer weekday,25.44
2023-10-20 06:00:00.000,30.877644000000004,summer weekday,30.1
2023-10-20 07:00:00.000,32.292078000000004,summer weekday,30.1
2023-10-20 08:00:00.000,32.956812000000006,summer weekday,34.9
2023-10-20 09:00:00.000,31.764789000000004,summer weekday,30.1
2023-10-20 10:00:00.000,31.00759200000001,summer weekday,30.1
2023-10-20 11:00:00.000,29.9567625,summer weekday,30.1
2023-10-20 12:00:00.000,29.083362000000005,summer weekday,30.1
2023-10-20 13:00:00.000,28.964659500000003,summer weekday,30.1
2023-10-20 14:00:00.000,29.277034500000003,summer weekday,30.1
2023-10-20 15:00:00.000,29.741848500000003,summer weekday,30.1
2023-10-20 16:00:00.000,30.925125000000005,summer weekday,30.1
2023-10-20 17:00:00.000,32.05467300000001,summer weekday,30.1
2023-10-20 18:00:00.000,32.39828550000001,summer weekday,30.1
2023-10-20 19:00:00.000,30.105453000000004,summer weekday,30.1
2023-10-20 20:00:00.000,27.721407000000003,summer weekday,25.44
2023-10-20 21:00:00.000,27.177874500000005,summer weekday,25.44
2023-10-20 22:00:00.000,24.420228000000005,summer weekday,25.44
2023-10-20 23:00:00.000,24.002895,summer weekday,25.44
2023-10-21 00:00:00.000,22.0249365,summer weekend,19.7
2023-10-21 01:00:00.000,22.333563000000005,summer weekend,19.7
2023-10-21 02:00:00.000,21.6101025,summer weekend,19.7
2023-10-21 03:00:00.000,22.0099425,summer weekend,19.7
2023-10-21 04:00:00.000,21.758793,summer weekend,19.7
2023-10-21 05:00:00.000,22.828365000000005,summer weekend,19.7
2023-10-21 06:00:00.000,25.6984665,summer weekend,27.0
2023-10-21 07:00:00.000,26.733052500000007,summer weekend,27.0
2023-10-21 08:00:00.000,24.703864500000005,summer weekend,27.0
2023-10-21 09:00:00.000,22.969558500000005,summer weekend,19.7
2023-10-21 10:00:00.000,21.253995,summer weekend,19.7
2023-10-21 11:00:00.000,19.96701,summer weekend,19.7
2023-10-21 12:00:00.000,18.61755,summer weekend,19.7
2023-10-21 13:00:00.000,19.0186395,summer weekend,19.7
2023-10-21 14:00:00.000,20.8703985,summer weekend,19.7
2023-10-21 15:00:00.000,27.907582500000004,summer weekend,27.0
2023-10-21 16:00:00.000,31.708561500000005,summer weekend,31.66
2023-10-21 17:00:00.000,33.41163,summer weekend,31.66
2023-10-21 18:00:00.000,31.702314,summer weekend,31.66
2023-10-21 19:00:00.000,28.639789500000006,summer weekend,27.0
2023-10-21 20:00:00.000,24.03913050000001,summer weekend,27.0
2023-10-21 21:00:00.000,23.531833500000005,summer weekend,27.0
2023-10-21 22:00:00.000,22.384792500000003,summer weekend,19.7
2023-10-21 23:00:00.000,22.2873315,summer weekend,19.7
2023-10-22 00:00:00.000,21.161532,summer weekend,19.7
2023-10-22 01:00:00.000,19.6933695,summer weekend,19.7
2023-10-22 02:00:00.000,19.3210185,summer weekend,19.7
2023-10-22 03:00:00.000,19.6608825,summer weekend,19.7
2023-10-22 04:00:00.000,21.656334,summer weekend,19.7
2023-10-22 05:00:00.000,21.149037,summer weekend,19.7
2023-10-22 06:00:00.000,24.64014,summer weekend,27.0
2023-10-22 07:00:00.000,24.177825,summer weekend,27.0
2023-10-22 08:00:00.000,25.218658500000004,summer weekend,27.0
2023-10-22 09:00:00.000,23.812971,summer weekend,27.0
2023-10-22 10:00:00.000,23.43937050000001,summer weekend,27.0
2023-10-22 11:00:00.000,22.989550500000004,summer weekend,19.7
2023-10-22 12:00:00.000,21.0153405,summer weekend,19.7
2023-10-22 13:00:00.000,21.348957,summer weekend,19.7
2023-10-22 14:00:00.000,23.776735500000004,summer weekend,27.0
2023-10-22 15:00:00.000,27.029184,summer weekend,27.0
2023-10-22 16:00:00.000,33.090508500000006,summer weekend,31.66
2023-10-22 17:00:00.000,34.272535500000004,summer weekend,31.66
2023-10-22 18:00:00.000,34.73859900000001,summer weekend,31.66
2023-10-22 19:00:00.000,33.1179975,summer weekend,31.66
2023-10-22 20:00:00.000,31.421176500000005,summer weekend,31.66
2023-10-22 21:00:00.000,30.135441000000004,summer weekend,31.66
2023-10-22 22:00:00.000,29.445717000000005,summer weekend,31.66
2023-10-22 23:00:00.000,29.795577,summer weekend,31.66
2023-10-23 00:00:00.000,29.87054700000001,summer weekday,30.1
2023-10-23 01:00:00.000,30.022986000000007,summer weekday,30.1
2023-10-23 02:00:00.000,29.876794500000003,summer weekday,30.1
2023-10-23 03:00:00.000,29.704363500000007,summer weekday,30.1
2023-10-23 04:00:00.000,30.539029500000005,summer weekday,30.1
2023-10-23 05:00:00.000,35.22340500000001,summer weekday,34.9
2023-10-23 06:00:00.000,39.546675,summer weekday,34.9
2023-10-23 07:00:00.000,42.15688049999999,summer weekday,34.9
2023-10-23 08:00:00.000,36.3167175,summer weekday,34.9
2023-10-23 09:00:00.000,33.3703965,summer weekday,34.9
2023-10-23 10:00:00.000,30.991348500000008,summer weekday,30.1
2023-10-23 11:00:00.000,30.14543700000001,summer weekday,30.1
2023-10-23 12:00:00.000,30.265389000000003,summer weekday,30.1
2023-10-23 13:00:00.000,30.7377,summer weekday,30.1
2023-10-23 14:00:00.000,33.451614000000006,summer weekday,34.9
2023-10-23 15:00:00.000,34.6948665,summer weekday,34.9
2023-10-23 16:00:00.000,36.7315515,summer weekday,34.9
2023-10-23 17:00:00.000,38.00854050000001,summer weekday,34.9
2023-10-23 18:00:00.000,36.84775500000001,summer weekday,34.9
2023-10-23 19:00:00.000,33.2779335,summer weekday,34.9
2023-10-23 20:00:00.000,30.365349,summer weekday,30.1
2023-10-23 21:00:00.000,30.8564025,summer weekday,30.1
2023-10-23 22:00:00.000,28.958412000000006,summer weekday,30.1
2023-10-23 23:00:00.000,30.029233500000004,summer weekday,30.1
2023-10-24 00:00:00.000,29.514439500000005,summer weekday,30.1
2023-10-24 01:00:00.000,29.180823000000007,summer weekday,30.1
2023-10-24 02:00:00.000,28.546077000000007,summer weekday,30.1
2023-10-24 03:00:00.000,28.6472865,summer weekday,30.1
2023-10-24 04:00:00.000,29.213310000000003,summer weekday,30.1
2023-10-24 05:00:00.000,30.069217500000004,summer weekday,30.1
2023-10-24 06:00:00.000,32.377044000000005,summer weekday,30.1
2023-10-24 07:00:00.000,33.701514,summer weekday,34.9
2023-10-24 08:00:00.000,34.4049825,summer weekday,34.9
2023-10-24 09:00:00.000,33.4078815,summer weekday,34.9
2023-10-24 10:00:00.000,32.9868,summer weekday,34.9
2023-10-24 11:00:00.000,32.235850500000005,summer weekday,30.1
2023-10-24 12:00:00.000,31.42992300000001,summer weekday,30.1
2023-10-24 13:00:00.000,31.78728000000001,summer weekday,30.1
2023-10-24 14:00:00.000,33.88269150000001,summer weekday,34.9
2023-10-24 15:00:00.000,33.506592000000005,summer weekday,34.9
2023-10-24 16:00:00.000,34.861050000000006,summer weekday,34.9
2023-10-24 17:00:00.000,36.0943065,summer weekday,34.9
2023-10-24 18:00:00.000,36.619096500000005,summer weekday,34.9
2023-10-24 19:00:00.000,34.0426275,summer weekday,34.9
2023-10-24 20:00:00.000,32.27583450000001,summer weekday,30.1
2023-10-24 21:00:00.000,31.624845000000004,summer weekday,30.1
2023-10-24 22:00:00.000,30.210411000000008,summer weekday,30.1
2023-10-24 23:00:00.000,29.746846500000004,summer weekday,30.1
2023-10-25 00:00:00.000,29.183322000000004,summer weekday,30.1
2023-10-25 01:00:00.000,28.542328500000007,summer weekday,30.1
2023-10-25 02:00:00.000,28.121247000000007,summer weekday,30.1
2023-10-25 03:00:00.000,28.681023000000003,summer weekday,30.1
2023-10-25 04:00:00.000,29.48695050000001,summer weekday,30.1
2023-10-25 05:00:00.000,33.049275,summer weekday,34.9
2023-10-25 06:00:00.000,36.130542000000005,summer weekday,34.9
2023-10-25 07:00:00.000,36.46915650000001,summer weekday,34.9
2023-10-25 08:00:00.000,34.922275500000005,summer weekday,34.9
2023-10-25 09:00:00.000,33.61404900000001,summer weekday,34.9
2023-10-25 10:00:00.000,32.9855505,summer weekday,34.9
2023-10-25 11:00:00.000,32.034681,summer weekday,30.1
2023-10-25 12:00:00.000,31.814769000000005,summer weekday,30.1
2023-10-25 13:00:00.000,32.9205765,summer weekday,34.9
2023-10-25 14:00:00.000,34.627393500000004,summer weekday,34.9
2023-10-25 15:00:00.000,35.79942450000001,summer weekday,34.9
2023-10-25 16:00:00.000,36.5766135,summer weekday,34.9
2023-10-25 17:00:00.000,36.687819000000005,summer weekday,34.9
2023-10-25 18:00:00.000,37.0739145,summer weekday,34.9
2023-10-25 19:00:00.000,34.49619600000001,summer weekday,34.9
2023-10-25 20:00:00.000,32.805622500000005,summer weekday,34.9
2023-10-25 21:00:00.000,32.369547000000004,summer weekday,30.1
2023-10-25 22:00:00.000,31.46241,summer weekday,30.1
2023-10-25 23:00:00.000,28.548576000000004,summer weekday,30.1
2023-10-26 00:00:00.000,28.6023045,summer weekday,30.1
2023-10-26 01:00:00.000,28.299925500000004,summer weekday,30.1
2023-10-26 02:00:00.000,28.24369800000001,summer weekday,30.1
2023-10-26 03:00:00.000,28.603554000000003,summer weekday,30.1
2023-10-26 04:00:00.000,29.86305,summer weekday,30.1
2023-10-26 05:00:00.000,31.997196,summer weekday,30.1
2023-10-26 06:00:00.000,34.068867000000004,summer weekday,34.9
2023-10-26 07:00:00.000,35.342107500000004,summer weekday,34.9
2023-10-26 08:00:00.000,35.985600000000005,summer weekday,34.9
2023-10-26 09:00:00.000,35.6569815,summer weekday,34.9
2023-10-26 10:00:00.000,34.861050000000006,summer weekday,34.9
2023-10-26 11:00:00.000,33.7502445,summer weekday,34.9
2023-10-26 12:00:00.000,32.373295500000005,summer weekday,30.1
2023-10-26 13:00:00.000,32.31207,summer weekday,30.1
2023-10-26 14:00:00.000,32.363299500000004,summer weekday,30.1
2023-10-26 15:00:00.000,33.753993,summer weekday,34.9
2023-10-26 16:00:00.000,35.22465450000001,summer weekday,34.9
2023-10-26 17:00:00.000,36.2292525,summer weekday,34.9
2023-10-26 18:00:00.000,36.23425050000001,summer weekday,34.9
2023-10-26 19:00:00.000,33.701514,summer weekday,34.9
2023-10-26 20:00:00.000,32.244597,summer weekday,30.1
2023-10-26 21:00:00.000,31.994697,summer weekday,30.1
2023-10-26 22:00:00.000,30.4690575,summer weekday,30.1
2023-10-26 23:00:00.000,30.432822,summer weekday,30.1
2023-10-27 00:00:00.000,29.529433500000003,summer weekday,30.1
2023-10-27 01:00:00.000,29.252044500000004,summer weekday,30.1
2023-10-27 02:00:00.000,29.2383,summer weekday,30.1
2023-10-27 03:00:00.000,29.756842500000005,summer weekday,30.1
2023-10-27 04:00:00.000,30.435321000000005,summer weekday,30.1
2023-10-27 05:00:00.000,32.68816950000001,summer weekday,34.9
2023-10-27 06:00:00.000,35.270886000000004,summer weekday,34.9
2023-10-27 07:00:00.000,36.67907250000001,summer weekday,34.9
2023-10-27 08:00:00.000,36.44791500000001,summer weekday,34.9
2023-10-27 09:00:00.000,35.50954050000001,summer weekday,34.9
2023-10-27 10:00:00.000,34.6473855,summer weekday,34.9
2023-10-27 11:00:00.000,32.660680500000005,summer weekday,34.9
2023-10-27 12:00:00.000,31.087560000000007,summer weekday,30.1
2023-10-27 13:00:00.000,30.059221500000003,summer weekday,30.1
2023-10-27 14:00:00.000,30.822666000000005,summer weekday,30.1
2023-10-27 15:00:00.000,33.162979500000006,summer weekday,34.9
2023-10-27 16:00:00.000,33.406632,summer weekday,34.9
2023-10-27 17:00:00.000,34.838559000000004,summer weekday,34.9
2023-10-27 18:00:00.000,34.928523000000006,summer weekday,34.9
2023-10-27 19:00:00.000,32.4732555,summer weekday,30.1
2023-10-27 20:00:00.000,29.869297500000005,summer weekday,30.1
2023-10-27 21:00:00.000,29.468208000000008,summer weekday,30.1
2023-10-27 22:00:00.000,29.075865000000004,summer weekday,30.1
2023-10-27 23:00:00.000,27.938820000000003,summer weekday,30.1
2023-10-28 00:00:00.000,25.940869500000005,summer weekend,27.0
2023-10-28 01:00:00.000,25.438570500000004,summer weekend,27.0
2023-10-28 02:00:00.000,24.240300000000005,summer weekend,27.0
2023-10-28 03:00:00.000,24.928774500000003,summer weekend,27.0
2023-10-28 04:00:00.000,25.990849500000007,summer weekend,27.0
2023-10-28 05:00:00.000,25.673476500000007,summer weekend,27.0
2023-10-28 06:00:00.000,27.351555000000005,summer weekend,27.0
2023-10-28 07:00:00.000,28.6997655,summer weekend,27.0
2023-10-28 08:00:00.000,28.551075,summer weekend,27.0
2023-10-28 09:00:00.000,28.239949500000005,summer weekend,27.0
2023-10-28 10:00:00.000,26.0883105,summer weekend,27.0
2023-10-28 11:00:00.000,26.097057000000007,summer weekend,27.0
2023-10-28 12:00:00.000,25.852155000000007,summer weekend,27.0
2023-10-28 13:00:00.000,26.603104500000004,summer weekend,27.0
2023-10-28 14:00:00.000,28.238700000000005,summer weekend,27.0
2023-10-28 15:00:00.000,31.364949000000006,summer weekend,31.66
2023-10-28 16:00:00.000,34.83606,summer weekend,31.66
2023-10-28 17:00:00.000,35.980602000000005,summer weekend,31.66
2023-10-28 18:00:00.000,32.2158585,summer weekend,31.66
2023-10-28 19:00:00.000,28.6572825,summer weekend,27.0
2023-10-28 20:00:00.000,27.802624500000007,summer weekend,27.0
2023-10-28 21:00:00.000,26.79927600000001,summer weekend,27.0
2023-10-28 22:00:00.000,23.300676000000003,summer weekend,19.7
2023-10-28 23:00:00.000,19.1235975,summer weekend,19.7
2023-10-29 00:00:00.000,17.488001999999998,summer weekend,19.7
2023-10-29 01:00:00.000,17.369299499999997,summer weekend,19.7
2023-10-29 02:00:00.000,17.370549,summer weekend,19.7
2023-10-29 03:00:00.000,17.340918,summer weekend,19.7
2023-10-29 04:00:00.000,17.336396,summer weekend,19.7
2023-10-29 05:00:00.000,17.3239605,summer weekend,19.7
2023-10-29 06:00:00.000,17.327352,summer weekend,19.7
2023-10-29 07:00:00.000,17.360136499999996,summer weekend,19.7
2023-10-29 08:00:00.000,17.369299499999997,summer weekend,19.7
2023-10-29 09:00:00.000,17.368049999999997,summer weekend,19.7
2023-10-29 10:00:00.000,17.3443095,summer weekend,19.7
2023-10-29 11:00:00.000,17.359005999999997,summer weekend,19.7
2023-10-29 12:00:00.000,17.3646585,summer weekend,19.7
2023-10-29 13:00:00.000,17.4442695,summer weekend,19.7
2023-10-29 14:00:00.000,18.6212985,summer weekend,19.7
2023-10-29 15:00:00.000,22.3697985,summer weekend,19.7
2023-10-29 16:00:00.000,26.979204000000006,summer weekend,27.0
2023-10-29 17:00:00.000,27.851355000000005,summer weekend,27.0
2023-10-29 18:00:00.000,26.986701000000004,summer weekend,27.0
2023-10-29 19:00:00.000,25.7859315,summer weekend,27.0
2023-10-29 20:00:00.000,25.134942,summer weekend,27.0
2023-10-29 21:00:00.000,24.117849000000003,summer weekend,27.0
2023-10-29 22:00:00.000,23.857953,summer weekend,27.0
2023-10-29 23:00:00.000,22.167379500000003,summer weekend,19.7
2023-10-30 00:00:00.000,18.36765,summer weekday,25.44
2023-10-30 01:00:00.000,18.3888915,summer weekday,25.44
2023-10-30 02:00:00.000,18.412632,summer weekday,25.44
2023-10-30 03:00:00.000,18.620049,summer weekday,25.44
2023-10-30 04:00:00.000,19.214811,summer weekday,25.44
2023-10-30 05:00:00.000,20.511792,summer weekday,25.44
2023-10-30 06:00:00.000,27.400285500000003,summer weekday,25.44
2023-10-30 07:00:00.000,30.601504500000004,summer weekday,30.1
2023-10-30 08:00:00.000,31.237500000000004,summer weekday,30.1
2023-10-30 09:00:00.000,30.237900000000007,summer weekday,30.1
2023-10-30 10:00:00.000,28.613550000000004,summer weekday,30.1
2023-10-30 11:00:00.000,29.384491500000003,summer weekday,30.1
2023-10-30 12:00:00.000,30.180423000000005,summer weekday,30.1
2023-10-30 13:00:00.000,31.689819,summer weekday,30.1
2023-10-30 14:00:00.000,32.859351000000004,summer weekday,34.9
2023-10-30 15:00:00.000,34.7923275,summer weekday,34.9
2023-10-30 16:00:00.000,35.477053500000004,summer weekday,34.9
2023-10-30 17:00:00.000,38.089758,summer weekday,34.9
2023-10-30 18:00:00.000,38.7345,summer weekday,34.9
2023-10-30 19:00:00.000,36.247995,summer weekday,34.9
2023-10-30 20:00:00.000,33.489099,summer weekday,34.9
2023-10-30 21:00:00.000,32.020936500000005,summer weekday,30.1
2023-10-30 22:00:00.000,31.519887000000004,summer weekday,30.1
2023-10-30 23:00:00.000,29.288280000000004,summer weekday,30.1
2023-10-31 00:00:00.000,28.119997500000007,summer weekday,30.1
2023-10-31 01:00:00.000,27.264090000000003,summer weekday,25.44
2023-10-31 02:00:00.000,26.359452000000005,summer weekday,25.44
2023-10-31 03:00:00.000,25.464810000000003,summer weekday,25.44
2023-10-31 04:00:00.000,25.111201500000004,summer weekday,25.44
2023-10-31 05:00:00.000,26.085811500000005,summer weekday,25.44
2023-10-31 06:00:00.000,28.42362600000001,summer weekday,30.1
2023-10-31 07:00:00.000,30.786430500000005,summer weekday,30.1
2023-10-31 08:00:00.000,30.865149,summer weekday,30.1
2023-10-31 09:00:00.000,29.925525000000004,summer weekday,30.1
2023-10-31 10:00:00.000,28.9884,summer weekday,30.1
2023-10-31 11:00:00.000,30.106702500000008,summer weekday,30.1
2023-10-31 12:00:00.000,30.0492255,summer weekday,30.1
2023-10-31 13:00:00.000,29.5844115,summer weekday,30.1
2023-10-31 14:00:00.000,30.484051500000003,summer weekday,30.1
2023-10-31 15:00:00.000,32.05092450000001,summer weekday,30.1
2023-10-31 16:00:00.000,34.25004450000001,summer weekday,34.9
2023-10-31 17:00:00.000,37.5862095,summer weekday,34.9
2023-10-31 18:00:00.000,38.864448,summer weekday,34.9
2023-10-31 19:00:00.000,36.475404000000005,summer weekday,34.9
2023-10-31 20:00:00.000,33.096756000000006,summer weekday,34.9
2023-10-31 21:00:00.000,31.85225400000001,summer weekday,30.1
2023-10-31 22:00:00.000,30.47780400000001,summer weekday,30.1
2023-10-31 23:00:00.000,29.284531500000007,summer weekday,30.1
2023-11-01 00:00:00.000,25.536031500000004,winter weekend,27.53
2023-11-01 01:00:00.000,25.56227100000001,winter weekend,27.53
2023-11-01 02:00:00.000,24.963760500000003,winter weekend,27.53
2023-11-01 03:00:00.000,24.957513,winter weekend,27.53
2023-11-01 04:00:00.000,24.732603,winter weekend,27.53
2023-11-01 05:00:00.000,25.61974800000001,winter weekend,27.53
2023-11-01 06:00:00.000,27.235351500000007,winter weekend,27.53
2023-11-01 07:00:00.000,28.058772000000005,winter weekend,27.53
2023-11-01 08:00:00.000,28.334911500000004,winter weekend,27.53
2023-11-01 09:00:00.000,26.01833850000001,winter weekend,27.53
2023-11-01 10:00:00.000,24.7401,winter weekend,27.53
2023-11-01 11:00:00.000,23.79048000000001,winter weekend,27.53
2023-11-01 12:00:00.000,23.320668000000005,winter weekend,19.94
2023-11-01 13:00:00.000,23.864200500000003,winter weekend,27.53
2023-11-01 14:00:00.000,25.373596500000005,winter weekend,27.53
2023-11-01 15:00:00.000,27.445267500000007,winter weekend,27.53
2023-11-01 16:00:00.000,27.235351500000007,winter weekend,27.53
2023-11-01 17:00:00.000,27.982552500000008,winter weekend,27.53
2023-11-01 18:00:00.000,27.301575000000007,winter weekend,27.53
2023-11-01 19:00:00.000,25.6859715,winter weekend,27.53
2023-11-01 20:00:00.000,24.009142500000003,winter weekend,27.53
2023-11-01 21:00:00.000,22.3048245,winter weekend,19.94
2023-11-01 22:00:00.000,21.637591500000003,winter weekend,19.94
2023-11-01 23:00:00.000,19.712112,winter weekend,19.94
2023-11-02 00:00:00.000,20.04198,winter weekday,26.43
2023-11-02 01:00:00.000,19.4884515,winter weekday,26.43
2023-11-02 02:00:00.000,19.289781,winter weekday,26.43
2023-11-02 03:00:00.000,19.0436295,winter weekday,26.43
2023-11-02 04:00:00.000,19.1785755,winter weekday,26.43
2023-11-02 05:00:00.000,20.181924,winter weekday,26.43
2023-11-02 06:00:00.000,26.060821500000003,winter weekday,26.43
2023-11-02 07:00:00.000,26.740549500000004,winter weekday,26.43
2023-11-02 08:00:00.000,27.154134000000003,winter weekday,26.43
2023-11-02 09:00:00.000,26.009592,winter weekday,26.43
2023-11-02 10:00:00.000,24.875046000000005,winter weekday,26.43
2023-11-02 11:00:00.000,25.043728500000004,winter weekday,26.43
2023-11-02 12:00:00.000,24.915030000000005,winter weekday,26.43
2023-11-02 13:00:00.000,24.785082000000003,winter weekday,26.43
2023-11-02 14:00:00.000,26.05207500000001,winter weekday,26.43
2023-11-02 15:00:00.000,26.874246000000003,winter weekday,26.43
2023-11-02 16:00:00.000,27.2928285,winter weekday,26.43
2023-11-02 17:00:00.000,28.271187000000005,winter weekday,26.43
2023-11-02 18:00:00.000,29.606902500000004,winter weekday,30.5
2023-11-02 19:00:00.000,29.093358,winter weekday,30.5
2023-11-02 20:00:00.000,28.333662000000007,winter weekday,26.43
2023-11-02 21:00:00.000,26.858002500000005,winter weekday,26.43
2023-11-02 22:00:00.000,26.398186500000005,winter weekday,26.43
2023-11-02 23:00:00.000,24.495198,winter weekday,26.43
2023-11-03 00:00:00.000,19.2635415,winter weekday,26.43
2023-11-03 01:00:00.000,18.8012265,winter weekday,26.43
2023-11-03 02:00:00.000,18.61755,winter weekday,26.43
2023-11-03 03:00:00.000,18.0840135,winter weekday,26.43
2023-11-03 04:00:00.000,18.5838135,winter weekday,26.43
2023-11-03 05:00:00.000,20.31687,winter weekday,26.43
2023-11-03 06:00:00.000,25.062471,winter weekday,26.43
2023-11-03 07:00:00.000,28.588560000000005,winter weekday,30.5
2023-11-03 08:00:00.000,29.240799000000003,winter weekday,30.5
2023-11-03 09:00:00.000,28.56232050000001,winter weekday,30.5
2023-11-03 10:00:00.000,27.712660500000005,winter weekday,26.43
2023-11-03 11:00:00.000,26.284482000000004,winter weekday,26.43
2023-11-03 12:00:00.000,25.073716500000003,winter weekday,26.43
2023-11-03 13:00:00.000,24.953764500000005,winter weekday,26.43
2023-11-03 14:00:00.000,25.454814,winter weekday,26.43
2023-11-03 15:00:00.000,25.992099000000007,winter weekday,26.43
2023-11-03 16:00:00.000,27.60770250000001,winter weekday,26.43
2023-11-03 17:00:00.000,28.363650000000003,winter weekday,26.43
2023-11-03 18:00:00.000,28.519837500000005,winter weekday,30.5
2023-11-03 19:00:00.000,28.392388500000003,winter weekday,26.43
2023-11-03 20:00:00.000,25.9983465,winter weekday,26.43
2023-11-03 21:00:00.000,24.006643500000006,winter weekday,26.43
2023-11-03 22:00:00.000,23.057023500000003,winter weekday,26.43
2023-11-03 23:00:00.000,19.9457685,winter weekday,26.43
2023-11-04 00:00:00.000,23.08076400000001,winter weekend,19.94
2023-11-04 01:00:00.000,21.373947,winter weekend,19.94
2023-11-04 02:00:00.000,21.11655,winter weekend,19.94
2023-11-04 03:00:00.000,20.1181995,winter weekend,19.94
2023-11-04 04:00:00.000,19.7658405,winter weekend,19.94
2023-11-04 05:00:00.000,19.29228,winter weekend,19.94
2023-11-04 06:00:00.000,19.3834935,winter weekend,19.94
2023-11-04 07:00:00.000,20.501796,winter weekend,19.94
2023-11-04 08:00:00.000,20.5980075,winter weekend,19.94
2023-11-04 09:00:00.000,19.86705,winter weekend,19.94
2023-11-04 10:00:00.000,19.1111025,winter weekend,19.94
2023-11-04 11:00:00.000,19.26729,winter weekend,19.94
2023-11-04 12:00:00.000,19.86705,winter weekend,19.94
2023-11-04 13:00:00.000,20.009493,winter weekend,19.94
2023-11-04 14:00:00.000,21.2152605,winter weekend,19.94
2023-11-04 15:00:00.000,22.702165500000003,winter weekend,19.94
2023-11-04 16:00:00.000,22.366050000000005,winter weekend,19.94
2023-11-04 17:00:00.000,23.460612000000005,winter weekend,19.94
2023-11-04 18:00:00.000,22.366050000000005,winter weekend,19.94
2023-11-04 19:00:00.000,21.0678195,winter weekend,19.94
2023-11-04 20:00:00.000,18.969909,winter weekend,19.94
2023-11-04 21:00:00.000,18.66753,winter weekend,19.94
2023-11-04 22:00:00.000,18.8337135,winter weekend,19.94
2023-11-04 23:00:00.000,18.2489475,winter weekend,19.94
2023-11-05 00:00:00.000,18.4563645,winter weekend,19.94
2023-11-05 01:00:00.000,18.1914705,winter weekend,19.94
2023-11-05 02:00:00.000,18.015291,winter weekend,19.94
2023-11-05 03:00:00.000,17.740401000000002,winter weekend,19.94
2023-11-05 04:00:00.000,17.897837999999997,winter weekend,19.94
2023-11-05 05:00:00.000,18.3664005,winter weekend,19.94
2023-11-05 06:00:00.000,18.2789355,winter weekend,19.94
2023-11-05 07:00:00.000,18.7787355,winter weekend,19.94
2023-11-05 08:00:00.000,19.314771,winter weekend,19.94
2023-11-05 09:00:00.000,20.369349,winter weekend,19.94
2023-11-05 10:00:00.000,23.299426500000006,winter weekend,19.94
2023-11-05 11:00:00.000,23.423127,winter weekend,19.94
2023-11-05 12:00:00.000,22.900836,winter weekend,19.94
2023-11-05 13:00:00.000,21.079065,winter weekend,19.94
2023-11-05 14:00:00.000,22.1348925,winter weekend,19.94
2023-11-05 15:00:00.000,24.512691000000004,winter weekend,27.53
2023-11-05 16:00:00.000,25.251145500000007,winter weekend,27.53
2023-11-05 17:00:00.000,26.733052500000007,winter weekend,27.53
2023-11-05 18:00:00.000,26.448166500000006,winter weekend,27.53
2023-11-05 19:00:00.000,24.761341500000004,winter weekend,27.53
2023-11-05 20:00:00.000,23.175726000000004,winter weekend,19.94
2023-11-05 21:00:00.000,19.9732575,winter weekend,19.94
2023-11-05 22:00:00.000,19.347258,winter weekend,19.94
2023-11-05 23:00:00.000,18.0815145,winter weekend,19.94
2023-11-06 00:00:00.000,17.712911999999996,winter weekday,26.43
2023-11-06 01:00:00.000,17.381794499999998,winter weekday,26.43
2023-11-06 02:00:00.000,17.3717985,winter weekday,26.43
2023-11-06 03:00:00.000,17.385543,winter weekday,26.43
2023-11-06 04:00:00.000,17.905334999999997,winter weekday,26.43
2023-11-06 05:00:00.000,19.4834535,winter weekday,26.43
2023-11-06 06:00:00.000,26.4356715,winter weekday,26.43
2023-11-06 07:00:00.000,29.30827200000001,winter weekday,30.5
2023-11-06 08:00:00.000,29.354503500000003,winter weekday,30.5
2023-11-06 09:00:00.000,26.730553500000003,winter weekday,26.43
2023-11-06 10:00:00.000,24.882543000000005,winter weekday,26.43
2023-11-06 11:00:00.000,24.401485500000003,winter weekday,26.43
2023-11-06 12:00:00.000,24.6213975,winter weekday,26.43
2023-11-06 13:00:00.000,25.737201,winter weekday,26.43
2023-11-06 14:00:00.000,27.400285500000003,winter weekday,26.43
2023-11-06 15:00:00.000,29.873046,winter weekday,30.5
2023-11-06 16:00:00.000,31.3836915,winter weekday,30.5
2023-11-06 17:00:00.000,34.569916500000005,winter weekday,35.79
2023-11-06 18:00:00.000,36.228003,winter weekday,35.79
2023-11-06 19:00:00.000,34.80107400000001,winter weekday,35.79
2023-11-06 20:00:00.000,31.252494,winter weekday,30.5
2023-11-06 21:00:00.000,30.571516500000005,winter weekday,30.5
2023-11-06 22:00:00.000,29.748096000000004,winter weekday,30.5
2023-11-06 23:00:00.000,28.331163000000004,winter weekday,26.43
2023-11-07 00:00:00.000,27.226605000000003,winter weekday,26.43
2023-11-07 01:00:00.000,26.901735,winter weekday,26.43
2023-11-07 02:00:00.000,26.214510000000004,winter weekday,26.43
2023-11-07 03:00:00.000,25.865899500000005,winter weekday,26.43
2023-11-07 04:00:00.000,26.145787500000004,winter weekday,26.43
2023-11-07 05:00:00.000,27.7826325,winter weekday,26.43
2023-11-07 06:00:00.000,30.022986000000007,winter weekday,30.5
2023-11-07 07:00:00.000,33.9726555,winter weekday,35.79
2023-11-07 08:00:00.000,34.367497500000006,winter weekday,35.79
2023-11-07 09:00:00.000,31.7285535,winter weekday,30.5
2023-11-07 10:00:00.000,29.7943275,winter weekday,30.5
2023-11-07 11:00:00.000,28.49234850000001,winter weekday,30.5
2023-11-07 12:00:00.000,28.1399895,winter weekday,26.43
2023-11-07 13:00:00.000,28.46236050000001,winter weekday,26.43
2023-11-07 14:00:00.000,29.5494255,winter weekday,30.5
2023-11-07 15:00:00.000,30.8713965,winter weekday,30.5
2023-11-07 16:00:00.000,31.474905000000003,winter weekday,30.5
2023-11-07 17:00:00.000,34.466208,winter weekday,35.79
2023-11-07 18:00:00.000,36.033081,winter weekday,35.79
2023-11-07 19:00:00.000,33.913929,winter weekday,35.79
2023-11-07 20:00:00.000,30.452814000000004,winter weekday,30.5
2023-11-07 21:00:00.000,28.985901000000005,winter weekday,30.5
2023-11-07 22:00:00.000,28.449865500000005,winter weekday,26.43
2023-11-07 23:00:00.000,26.635591500000004,winter weekday,26.43
2023-11-08 00:00:00.000,26.189520000000005,winter weekday,26.43
2023-11-08 01:00:00.000,26.641839000000004,winter weekday,26.43
2023-11-08 02:00:00.000,25.705963500000003,winter weekday,26.43
2023-11-08 03:00:00.000,25.112451,winter weekday,26.43
2023-11-08 04:00:00.000,25.709712000000003,winter weekday,26.43
2023-11-08 05:00:00.000,26.740549500000004,winter weekday,26.43
2023-11-08 06:00:00.000,27.92632500000001,winter weekday,26.43
2023-11-08 07:00:00.000,30.815169,winter weekday,30.5
2023-11-08 08:00:00.000,31.296226500000007,winter weekday,30.5
2023-11-08 09:00:00.000,29.0596215,winter weekday,30.5
2023-11-08 10:00:00.000,27.958812000000005,winter weekday,26.43
2023-11-08 11:00:00.000,27.2203575,winter weekday,26.43
2023-11-08 12:00:00.000,26.828014500000005,winter weekday,26.43
2023-11-08 13:00:00.000,26.874246000000003,winter weekday,26.43
2023-11-08 14:00:00.000,27.757642500000006,winter weekday,26.43
2023-11-08 15:00:00.000,30.540279000000005,winter weekday,30.5
2023-11-08 16:00:00.000,31.963459500000003,winter weekday,30.5
2023-11-08 17:00:00.000,32.242098000000006,winter weekday,30.5
2023-11-08 18:00:00.000,33.2479455,winter weekday,35.79
2023-11-08 19:00:00.000,32.4807525,winter weekday,30.5
2023-11-08 20:00:00.000,31.051324500000003,winter weekday,30.5
2023-11-08 21:00:00.000,28.969657500000007,winter weekday,30.5
2023-11-08 22:00:00.000,27.737650500000008,winter weekday,26.43
2023-11-08 23:00:00.000,25.827165000000004,winter weekday,26.43
2023-11-09 00:00:00.000,26.355703500000004,winter weekday,26.43
2023-11-09 01:00:00.000,25.905883500000005,winter weekday,26.43
2023-11-09 02:00:00.000,26.119548000000005,winter weekday,26.43
2023-11-09 03:00:00.000,26.464410000000004,winter weekday,26.43
2023-11-09 04:00:00.000,26.669328000000004,winter weekday,26.43
2023-11-09 05:00:00.000,27.817618500000005,winter weekday,26.43
2023-11-09 06:00:00.000,31.063819500000005,winter weekday,30.5
2023-11-09 07:00:00.000,32.369547000000004,winter weekday,30.5
2023-11-09 08:00:00.000,32.514489000000005,winter weekday,30.5
2023-11-09 09:00:00.000,31.07381550000001,winter weekday,30.5
2023-11-09 10:00:00.000,29.873046,winter weekday,30.5
2023-11-09 11:00:00.000,29.2383,winter weekday,30.5
2023-11-09 12:00:00.000,28.63354200000001,winter weekday,30.5
2023-11-09 13:00:00.000,28.903434000000004,winter weekday,30.5
2023-11-09 14:00:00.000,29.939269500000005,winter weekday,30.5
2023-11-09 15:00:00.000,31.938469500000004,winter weekday,30.5
2023-11-09 16:00:00.000,33.237949500000006,winter weekday,35.79
2023-11-09 17:00:00.000,33.83646000000001,winter weekday,35.79
2023-11-09 18:00:00.000,33.434121000000005,winter weekday,35.79
2023-11-09 19:00:00.000,31.377444000000008,winter weekday,30.5
2023-11-09 20:00:00.000,29.364499500000008,winter weekday,30.5
2023-11-09 21:00:00.000,27.711411000000005,winter weekday,26.43
2023-11-09 22:00:00.000,27.868848000000007,winter weekday,26.43
2023-11-09 23:00:00.000,26.659332000000003,winter weekday,26.43
2023-11-10 00:00:00.000,25.377345,winter weekday,26.43
2023-11-10 01:00:00.000,24.831313500000004,winter weekday,26.43
2023-11-10 02:00:00.000,24.082863000000003,winter weekday,26.43
2023-11-10 03:00:00.000,23.410632000000007,winter weekday,26.43
2023-11-10 04:00:00.000,23.61555,winter weekday,26.43
2023-11-10 05:00:00.000,25.712211000000003,winter weekday,26.43
2023-11-10 06:00:00.000,27.886341000000005,winter weekday,26.43
2023-11-10 07:00:00.000,30.695217000000003,winter weekday,30.5
2023-11-10 08:00:00.000,31.487400000000004,winter weekday,30.5
2023-11-10 09:00:00.000,30.922626000000005,winter weekday,30.5
2023-11-10 10:00:00.000,29.551924500000005,winter weekday,30.5
2023-11-10 11:00:00.000,28.603554000000003,winter weekday,30.5
2023-11-10 12:00:00.000,27.966309000000003,winter weekday,26.43
2023-11-10 13:00:00.000,28.236201000000005,winter weekday,26.43
2023-11-10 14:00:00.000,29.357002500000004,winter weekday,30.5
2023-11-10 15:00:00.000,31.35995100000001,winter weekday,30.5
2023-11-10 16:00:00.000,32.9868,winter weekday,30.5
2023-11-10 17:00:00.000,34.37374500000001,winter weekday,35.79
2023-11-10 18:00:00.000,34.24879500000001,winter weekday,35.79
2023-11-10 19:00:00.000,32.809371000000006,winter weekday,30.5
2023-11-10 20:00:00.000,31.478653500000004,winter weekday,30.5
2023-11-10 21:00:00.000,30.500295000000005,winter weekday,30.5
2023-11-10 22:00:00.000,30.359101500000005,winter weekday,30.5
2023-11-10 23:00:00.000,29.013390000000005,winter weekday,30.5
2023-11-11 00:00:00.000,28.276185000000005,winter weekend,27.53
2023-11-11 01:00:00.000,28.1000055,winter weekend,27.53
2023-11-11 02:00:00.000,28.098756000000005,winter weekend,27.53
2023-11-11 03:00:00.000,27.765139500000007,winter weekend,27.53
2023-11-11 04:00:00.000,27.702664500000004,winter weekend,27.53
2023-11-11 05:00:00.000,28.043778000000007,winter weekend,27.53
2023-11-11 06:00:00.000,28.151235000000003,winter weekend,27.53
2023-11-11 07:00:00.000,28.363650000000003,winter weekend,27.53
2023-11-11 08:00:00.000,28.863450000000007,winter weekend,27.53
2023-11-11 09:00:00.000,29.224555500000005,winter weekend,27.53
2023-11-11 10:00:00.000,28.773486000000005,winter weekend,27.53
2023-11-11 11:00:00.000,28.641039000000003,winter weekend,27.53
2023-11-11 12:00:00.000,28.35615300000001,winter weekend,27.53
2023-11-11 13:00:00.000,28.338660000000004,winter weekend,27.53
2023-11-11 14:00:00.000,28.800975000000005,winter weekend,27.53
2023-11-11 15:00:00.000,30.221656500000005,winter weekend,32.84
2023-11-11 16:00:00.000,31.827264000000003,winter weekend,32.84
2023-11-11 17:00:00.000,33.359151000000004,winter weekend,32.84
2023-11-11 18:00:00.000,34.331262,winter weekend,32.84
2023-11-11 19:00:00.000,32.9205765,winter weekend,32.84
2023-11-11 20:00:00.000,31.551124500000004,winter weekend,32.84
2023-11-11 21:00:00.000,30.185421,winter weekend,32.84
2023-11-11 22:00:00.000,28.910931,winter weekend,27.53
2023-11-11 23:00:00.000,28.289929500000003,winter weekend,27.53
2023-11-12 00:00:00.000,28.55607300000001,winter weekend,27.53
2023-11-12 01:00:00.000,28.033782,winter weekend,27.53
2023-11-12 02:00:00.000,28.020037500000004,winter weekend,27.53
2023-11-12 03:00:00.000,27.7826325,winter weekend,27.53
2023-11-12 04:00:00.000,27.880093500000005,winter weekend,27.53
2023-11-12 05:00:00.000,28.223706,winter weekend,27.53
2023-11-12 06:00:00.000,28.143738,winter weekend,27.53
2023-11-12 07:00:00.000,28.189969500000004,winter weekend,27.53
2023-11-12 08:00:00.000,28.31616900000001,winter weekend,27.53
2023-11-12 09:00:00.000,28.582312500000004,winter weekend,27.53
2023-11-12 10:00:00.000,28.439869500000007,winter weekend,27.53
2023-11-12 11:00:00.000,28.197466500000004,winter weekend,27.53
2023-11-12 12:00:00.000,28.374895500000004,winter weekend,27.53
2023-11-12 13:00:00.000,28.491099,winter weekend,27.53
2023-11-12 14:00:00.000,29.0821125,winter weekend,27.53
2023-11-12 15:00:00.000,31.052574000000003,winter weekend,32.84
2023-11-12 16:00:00.000,32.8381095,winter weekend,32.84
2023-11-12 17:00:00.000,34.644886500000005,winter weekend,32.84
2023-11-12 18:00:00.000,33.81646800000001,winter weekend,32.84
2023-11-12 19:00:00.000,33.0380295,winter weekend,32.84
2023-11-12 20:00:00.000,31.96221000000001,winter weekend,32.84
2023-11-12 21:00:00.000,30.778933500000004,winter weekend,32.84
2023-11-12 22:00:00.000,29.880543000000003,winter weekend,27.53
2023-11-12 23:00:00.000,28.366149000000004,winter weekend,27.53
2023-11-13 00:00:00.000,28.770987000000005,winter weekday,30.5
2023-11-13 01:00:00.000,28.216209000000006,winter weekday,26.43
2023-11-13 02:00:00.000,28.238700000000005,winter weekday,26.43
2023-11-13 03:00:00.000,28.269937500000005,winter weekday,26.43
2023-11-13 04:00:00.000,28.522336500000005,winter weekday,30.5
2023-11-13 05:00:00.000,29.020887000000005,winter weekday,30.5
2023-11-13 06:00:00.000,32.924325,winter weekday,30.5
2023-11-13 07:00:00.000,35.122195500000004,winter weekday,35.79
2023-11-13 08:00:00.000,36.334210500000005,winter weekday,35.79
2023-11-13 09:00:00.000,33.992647500000004,winter weekday,35.79
2023-11-13 10:00:00.000,32.584461000000005,winter weekday,30.5
2023-11-13 11:00:00.000,32.738149500000006,winter weekday,30.5
2023-11-13 12:00:00.000,32.529483000000006,winter weekday,30.5
2023-11-13 13:00:00.000,31.53363150000001,winter weekday,30.5
2023-11-13 14:00:00.000,29.418228000000006,winter weekday,30.5
2023-11-13 15:00:00.000,28.277434500000005,winter weekday,26.43
2023-11-13 16:00:00.000,27.511491000000007,winter weekday,26.43
2023-11-13 17:00:00.000,27.64768650000001,winter weekday,26.43
2023-11-13 18:00:00.000,28.080013500000007,winter weekday,26.43
2023-11-13 19:00:00.000,27.5227365,winter weekday,26.43
2023-11-13 20:00:00.000,26.731803000000006,winter weekday,26.43
2023-11-13 21:00:00.000,25.034982000000003,winter weekday,26.43
2023-11-13 22:00:00.000,23.749246500000005,winter weekday,26.43
2023-11-13 23:00:00.000,18.630045,winter weekday,26.43
2023-11-14 00:00:00.000,18.6262965,winter weekday,26.43
2023-11-14 01:00:00.000,17.4992475,winter weekday,26.43
2023-11-14 02:00:00.000,17.366919499999998,winter weekday,26.43
2023-11-14 03:00:00.000,17.359005999999997,winter weekday,26.43
2023-11-14 04:00:00.000,17.363528,winter weekday,26.43
2023-11-14 05:00:00.000,17.497998,winter weekday,26.43
2023-11-14 06:00:00.000,23.19072,winter weekday,26.43
2023-11-14 07:00:00.000,26.977954500000003,winter weekday,26.43
2023-11-14 08:00:00.000,27.635191500000005,winter weekday,26.43
2023-11-14 09:00:00.000,27.096657,winter weekday,26.43
2023-11-14 10:00:00.000,26.44191900000001,winter weekday,26.43
2023-11-14 11:00:00.000,26.466909,winter weekday,26.43
2023-11-14 12:00:00.000,26.746797000000004,winter weekday,26.43
2023-11-14 13:00:00.000,26.7505455,winter weekday,26.43
2023-11-14 14:00:00.000,27.490249500000004,winter weekday,26.43
2023-11-14 15:00:00.000,28.621047000000004,winter weekday,30.5
2023-11-14 16:00:00.000,28.713510000000003,winter weekday,30.5
2023-11-14 17:00:00.000,32.0634195,winter weekday,30.5
2023-11-14 18:00:00.000,32.3383095,winter weekday,30.5
2023-11-14 19:00:00.000,31.982202000000004,winter weekday,30.5
2023-11-14 20:00:00.000,29.916778500000007,winter weekday,30.5
2023-11-14 21:00:00.000,28.581063000000004,winter weekday,30.5
2023-11-14 22:00:00.000,28.502344500000003,winter weekday,30.5
2023-11-14 23:00:00.000,28.051275000000004,winter weekday,26.43
2023-11-15 00:00:00.000,27.50149500000001,winter weekday,26.43
2023-11-15 01:00:00.000,26.916729000000007,winter weekday,26.43
2023-11-15 02:00:00.000,26.47690500000001,winter weekday,26.43
2023-11-15 03:00:00.000,26.200765500000003,winter weekday,26.43
2023-11-15 04:00:00.000,26.670577500000004,winter weekday,26.43
2023-11-15 05:00:00.000,27.648936000000003,winter weekday,26.43
2023-11-15 06:00:00.000,30.247896,winter weekday,30.5
2023-11-15 07:00:00.000,32.7606405,winter weekday,30.5
2023-11-15 08:00:00.000,33.435370500000005,winter weekday,35.79
2023-11-15 09:00:00.000,32.523235500000006,winter weekday,30.5
2023-11-15 10:00:00.000,31.459911000000005,winter weekday,30.5
2023-11-15 11:00:00.000,29.843058000000006,winter weekday,30.5
2023-11-15 12:00:00.000,29.533182000000004,winter weekday,30.5
2023-11-15 13:00:00.000,29.999245500000004,winter weekday,30.5
2023-11-15 14:00:00.000,30.6464865,winter weekday,30.5
2023-11-15 15:00:00.000,32.5132395,winter weekday,30.5
2023-11-15 16:00:00.000,32.731902000000005,winter weekday,30.5
2023-11-15 17:00:00.000,33.341658,winter weekday,35.79
2023-11-15 18:00:00.000,33.599055,winter weekday,35.79
2023-11-15 19:00:00.000,32.496996,winter weekday,30.5
2023-11-15 20:00:00.000,31.125045000000007,winter weekday,30.5
2023-11-15 21:00:00.000,29.550675000000005,winter weekday,30.5
2023-11-15 22:00:00.000,28.820967000000007,winter weekday,30.5
2023-11-15 23:00:00.000,27.8900895,winter weekday,26.43
2023-11-16 00:00:00.000,28.046277000000003,winter weekday,26.43
2023-11-16 01:00:00.000,27.770137500000004,winter weekday,26.43
2023-11-16 02:00:00.000,26.754294000000005,winter weekday,26.43
2023-11-16 03:00:00.000,26.62184700000001,winter weekday,26.43
2023-11-16 04:00:00.000,27.50149500000001,winter weekday,26.43
2023-11-16 05:00:00.000,28.242448500000005,winter weekday,26.43
2023-11-16 06:00:00.000,29.87054700000001,winter weekday,30.5
2023-11-16 07:00:00.000,33.224205000000005,winter weekday,35.79
2023-11-16 08:00:00.000,33.61030050000001,winter weekday,35.79
2023-11-16 09:00:00.000,33.435370500000005,winter weekday,35.79
2023-11-16 10:00:00.000,32.374545000000005,winter weekday,30.5
2023-11-16 11:00:00.000,31.939719000000004,winter weekday,30.5
2023-11-16 12:00:00.000,32.6906685,winter weekday,30.5
2023-11-16 13:00:00.000,33.81646800000001,winter weekday,35.79
2023-11-16 14:00:00.000,35.713209,winter weekday,35.79
2023-11-16 15:00:00.000,37.17262500000001,winter weekday,35.79
2023-11-16 16:00:00.000,37.140138,winter weekday,35.79
2023-11-16 17:00:00.000,40.1576805,winter weekday,35.79
2023-11-16 18:00:00.000,35.143437,winter weekday,35.79
2023-11-16 19:00:00.000,33.015538500000005,winter weekday,30.5
2023-11-16 20:00:00.000,32.509491000000004,winter weekday,30.5
2023-11-16 21:00:00.000,31.737300000000005,winter weekday,30.5
2023-11-16 22:00:00.000,31.137540000000005,winter weekday,30.5
2023-11-16 23:00:00.000,29.9692575,winter weekday,30.5
2023-11-17 00:00:00.000,30.612750000000005,winter weekday,30.5
2023-11-17 01:00:00.000,29.86305,winter weekday,30.5
2023-11-17 02:00:00.000,29.319517500000007,winter weekday,30.5
2023-11-17 03:00:00.000,28.958412000000006,winter weekday,30.5
2023-11-17 04:00:00.000,29.325765000000008,winter weekday,30.5
2023-11-17 05:00:00.000,30.26289,winter weekday,30.5
2023-11-17 06:00:00.000,32.2808325,winter weekday,30.5
2023-11-17 07:00:00.000,33.7402485,winter weekday,35.79
2023-11-17 08:00:00.000,35.100954,winter weekday,35.79
2023-11-17 09:00:00.000,34.205062500000004,winter weekday,35.79
2023-11-17 10:00:00.000,33.3504045,winter weekday,35.79
2023-11-17 11:00:00.000,33.009291000000005,winter weekday,30.5
2023-11-17 12:00:00.000,32.299575,winter weekday,30.5
2023-11-17 13:00:00.000,31.362450000000003,winter weekday,30.5
2023-11-17 14:00:00.000,32.8506045,winter weekday,30.5
2023-11-17 15:00:00.000,33.61030050000001,winter weekday,35.79
2023-11-17 16:00:00.000,34.567417500000005,winter weekday,35.79
2023-11-17 17:00:00.000,35.650734,winter weekday,35.79
2023-11-17 18:00:00.000,36.060570000000006,winter weekday,35.79
2023-11-17 19:00:00.000,34.986000000000004,winter weekday,35.79
2023-11-17 20:00:00.000,33.4128795,winter weekday,35.79
2023-11-17 21:00:00.000,32.4032835,winter weekday,30.5
2023-11-17 22:00:00.000,32.129643,winter weekday,30.5
2023-11-17 23:00:00.000,31.347456,winter weekday,30.5
2023-11-18 00:00:00.000,31.18252200000001,winter weekend,32.84
2023-11-18 01:00:00.000,29.535681000000004,winter weekend,27.53
2023-11-18 02:00:00.000,28.689769500000008,winter weekend,27.53
2023-11-18 03:00:00.000,28.10875200000001,winter weekend,27.53
2023-11-18 04:00:00.000,27.673926000000005,winter weekend,27.53
2023-11-18 05:00:00.000,27.673926000000005,winter weekend,27.53
2023-11-18 06:00:00.000,28.13749050000001,winter weekend,27.53
2023-11-18 07:00:00.000,28.873446000000005,winter weekend,27.53
2023-11-18 08:00:00.000,29.8892895,winter weekend,27.53
2023-11-18 09:00:00.000,29.533182000000004,winter weekend,27.53
2023-11-18 10:00:00.000,29.373246000000005,winter weekend,27.53
2023-11-18 11:00:00.000,29.263290000000005,winter weekend,27.53
2023-11-18 12:00:00.000,29.200815,winter weekend,27.53
2023-11-18 13:00:00.000,29.23580100000001,winter weekend,27.53
2023-11-18 14:00:00.000,29.495697000000003,winter weekend,27.53
2023-11-18 15:00:00.000,29.564419500000007,winter weekend,27.53
2023-11-18 16:00:00.000,29.360751000000004,winter weekend,27.53
2023-11-18 17:00:00.000,30.496546500000004,winter weekend,32.84
2023-11-18 18:00:00.000,30.780183000000005,winter weekend,32.84
2023-11-18 19:00:00.000,28.768488000000005,winter weekend,27.53
2023-11-18 20:00:00.000,27.751395,winter weekend,27.53
2023-11-18 21:00:00.000,27.111651000000005,winter weekend,27.53
2023-11-18 22:00:00.000,26.584362,winter weekend,27.53
2023-11-18 23:00:00.000,24.628894500000005,winter weekend,27.53
2023-11-19 00:00:00.000,19.7583435,winter weekend,19.94
2023-11-19 01:00:00.000,18.0765165,winter weekend,19.94
2023-11-19 02:00:00.000,17.880345000000002,winter weekend,19.94
2023-11-19 03:00:00.000,17.384293500000002,winter weekend,19.94
2023-11-19 04:00:00.000,17.3767965,winter weekend,19.94
2023-11-19 05:00:00.000,17.379295499999998,winter weekend,19.94
2023-11-19 06:00:00.000,17.659183499999997,winter weekend,19.94
2023-11-19 07:00:00.000,18.0665205,winter weekend,19.94
2023-11-19 08:00:00.000,19.1785755,winter weekend,19.94
2023-11-19 09:00:00.000,19.719609,winter weekend,19.94
2023-11-19 10:00:00.000,18.9411705,winter weekend,19.94
2023-11-19 11:00:00.000,18.949917,winter weekend,19.94
2023-11-19 12:00:00.000,18.8262165,winter weekend,19.94
2023-11-19 13:00:00.000,17.493,winter weekend,19.94
2023-11-19 14:00:00.000,19.3110225,winter weekend,19.94
2023-11-19 15:00:00.000,25.778434500000003,winter weekend,27.53
2023-11-19 16:00:00.000,27.486501000000008,winter weekend,27.53
2023-11-19 17:00:00.000,29.240799000000003,winter weekend,27.53
2023-11-19 18:00:00.000,30.4315725,winter weekend,32.84
2023-11-19 19:00:00.000,30.340359,winter weekend,32.84
2023-11-19 20:00:00.000,28.444867500000004,winter weekend,27.53
2023-11-19 21:00:00.000,27.911331000000004,winter weekend,27.53
2023-11-19 22:00:00.000,28.369897500000004,winter weekend,27.53
2023-11-19 23:00:00.000,27.370297500000003,winter weekend,27.53
2023-11-20 00:00:00.000,25.902135000000005,winter weekday,26.43
2023-11-20 01:00:00.000,25.199916000000005,winter weekday,26.43
2023-11-20 02:00:00.000,24.853804500000003,winter weekday,26.43
2023-11-20 03:00:00.000,24.868798500000004,winter weekday,26.43
2023-11-20 04:00:00.000,25.459812000000007,winter weekday,26.43
2023-11-20 05:00:00.000,27.417778500000008,winter weekday,26.43
2023-11-20 06:00:00.000,30.2066625,winter weekday,30.5
2023-11-20 07:00:00.000,33.372895500000006,winter weekday,35.79
2023-11-20 08:00:00.000,33.1954665,winter weekday,35.79
2023-11-20 09:00:00.000,32.167128,winter weekday,30.5
2023-11-20 10:00:00.000,31.384941,winter weekday,30.5
2023-11-20 11:00:00.000,30.612750000000005,winter weekday,30.5
2023-11-20 12:00:00.000,30.237900000000007,winter weekday,30.5
2023-11-20 13:00:00.000,31.60610250000001,winter weekday,30.5
2023-11-20 14:00:00.000,32.40578250000001,winter weekday,30.5
2023-11-20 15:00:00.000,33.45536250000001,winter weekday,35.79
2023-11-20 16:00:00.000,34.852303500000005,winter weekday,35.79
2023-11-20 17:00:00.000,35.7357,winter weekday,35.79
2023-11-20 18:00:00.000,34.858551000000006,winter weekday,35.79
2023-11-20 19:00:00.000,33.6202965,winter weekday,35.79
2023-11-20 20:00:00.000,32.36704800000001,winter weekday,30.5
2023-11-20 21:00:00.000,30.738949500000004,winter weekday,30.5
2023-11-20 22:00:00.000,30.868897500000003,winter weekday,30.5
2023-11-20 23:00:00.000,29.570667000000004,winter weekday,30.5
2023-11-21 00:00:00.000,30.2066625,winter weekday,30.5
2023-11-21 01:00:00.000,29.63814,winter weekday,30.5
2023-11-21 02:00:00.000,29.37824400000001,winter weekday,30.5
2023-11-21 03:00:00.000,28.759741500000004,winter weekday,30.5
2023-11-21 04:00:00.000,29.368248000000005,winter weekday,30.5
2023-11-21 05:00:00.000,30.001744500000004,winter weekday,30.5
2023-11-21 06:00:00.000,32.380792500000005,winter weekday,30.5
2023-11-21 07:00:00.000,34.371246000000006,winter weekday,35.79
2023-11-21 08:00:00.000,35.1846705,winter weekday,35.79
2023-11-21 09:00:00.000,34.5099405,winter weekday,35.79
2023-11-21 10:00:00.000,34.23630000000001,winter weekday,35.79
2023-11-21 11:00:00.000,34.223805000000006,winter weekday,35.79
2023-11-21 12:00:00.000,34.8348105,winter weekday,35.79
2023-11-21 13:00:00.000,34.833561,winter weekday,35.79
2023-11-21 14:00:00.000,34.65738150000001,winter weekday,35.79
2023-11-21 15:00:00.000,34.903533,winter weekday,35.79
2023-11-21 16:00:00.000,35.350854000000005,winter weekday,35.79
2023-11-21 17:00:00.000,35.7319515,winter weekday,35.79
2023-11-21 18:00:00.000,35.12094600000001,winter weekday,35.79
2023-11-21 19:00:00.000,33.90518250000001,winter weekday,35.79
2023-11-21 20:00:00.000,32.96056050000001,winter weekday,30.5
2023-11-21 21:00:00.000,31.177524,winter weekday,30.5
2023-11-21 22:00:00.000,31.226254500000003,winter weekday,30.5
2023-11-21 23:00:00.000,29.618148000000005,winter weekday,30.5
2023-11-22 00:00:00.000,29.613150000000005,winter weekday,30.5
2023-11-22 01:00:00.000,29.23954950000001,winter weekday,30.5
2023-11-22 02:00:00.000,29.23954950000001,winter weekday,30.5
2023-11-22 03:00:00.000,28.863450000000007,winter weekday,30.5
2023-11-22 04:00:00.000,28.9246755,winter weekday,30.5
2023-11-22 05:00:00.000,29.222056500000004,winter weekday,30.5
2023-11-22 06:00:00.000,32.383291500000006,winter weekday,30.5
2023-11-22 07:00:00.000,34.95226350000001,winter weekday,35.79
2023-11-22 08:00:00.000,36.315468,winter weekday,35.79
2023-11-22 09:00:00.000,33.777733500000004,winter weekday,35.79
2023-11-22 10:00:00.000,31.7410485,winter weekday,30.5
2023-11-22 11:00:00.000,30.316618500000004,winter weekday,30.5
2023-11-22 12:00:00.000,29.324515500000004,winter weekday,30.5
2023-11-22 13:00:00.000,30.167928,winter weekday,30.5
2023-11-22 14:00:00.000,31.861000500000003,winter weekday,30.5
2023-11-22 15:00:00.000,32.342058,winter weekday,30.5
2023-11-22 16:00:00.000,33.2367,winter weekday,35.79
2023-11-22 17:00:00.000,33.973905,winter weekday,35.79
2023-11-22 18:00:00.000,33.5978055,winter weekday,35.79
2023-11-22 19:00:00.000,32.207112,winter weekday,30.5
2023-11-22 20:00:00.000,30.540279000000005,winter weekday,30.5
2023-11-22 21:00:00.000,28.572316500000007,winter weekday,30.5
2023-11-22 22:00:00.000,28.639789500000006,winter weekday,30.5
2023-11-22 23:00:00.000,26.713060500000005,winter weekday,26.43
2023-11-23 00:00:00.000,25.4860515,winter weekday,26.43
2023-11-23 01:00:00.000,23.121997500000003,winter weekday,26.43
2023-11-23 02:00:00.000,22.505994000000005,winter weekday,26.43
2023-11-23 03:00:00.000,21.1327935,winter weekday,26.43
2023-11-23 04:00:00.000,19.889541,winter weekday,26.43
2023-11-23 05:00:00.000,21.436422,winter weekday,26.43
2023-11-23 06:00:00.000,27.441519000000007,winter weekday,26.43
2023-11-23 07:00:00.000,31.607352,winter weekday,30.5
2023-11-23 08:00:00.000,32.3458065,winter weekday,30.5
2023-11-23 09:00:00.000,28.613550000000004,winter weekday,30.5
2023-11-23 10:00:00.000,27.726405000000007,winter weekday,26.43
2023-11-23 11:00:00.000,26.590609500000003,winter weekday,26.43
2023-11-23 12:00:00.000,25.673476500000007,winter weekday,26.43
2023-11-23 13:00:00.000,26.105803500000004,winter weekday,26.43
2023-11-23 14:00:00.000,26.110801500000004,winter weekday,26.43
2023-11-23 15:00:00.000,26.554374000000003,winter weekday,26.43
2023-11-23 16:00:00.000,26.563120500000004,winter weekday,26.43
2023-11-23 17:00:00.000,27.064170000000004,winter weekday,26.43
2023-11-23 18:00:00.000,26.5781145,winter weekday,26.43
2023-11-23 19:00:00.000,26.1932685,winter weekday,26.43
2023-11-23 20:00:00.000,23.728005000000003,winter weekday,26.43
2023-11-23 21:00:00.000,20.889141,winter weekday,26.43
2023-11-23 22:00:00.000,19.737102,winter weekday,26.43
2023-11-23 23:00:00.000,18.59256,winter weekday,26.43
2023-11-24 00:00:00.000,17.552975999999997,winter weekday,26.43
2023-11-24 01:00:00.000,17.380544999999998,winter weekday,26.43
2023-11-24 02:00:00.000,17.383044,winter weekday,26.43
2023-11-24 03:00:00.000,17.410533,winter weekday,26.43
2023-11-24 04:00:00.000,17.561722500000002,winter weekday,26.43
2023-11-24 05:00:00.000,21.3177195,winter weekday,26.43
2023-11-24 06:00:00.000,26.180773500000004,winter weekday,26.43
2023-11-24 07:00:00.000,29.148336000000004,winter weekday,30.5
2023-11-24 08:00:00.000,31.447416000000004,winter weekday,30.5
2023-11-24 09:00:00.000,29.112100500000004,winter weekday,30.5
2023-11-24 10:00:00.000,28.232452500000004,winter weekday,26.43
2023-11-24 11:00:00.000,27.291579,winter weekday,26.43
2023-11-24 12:00:00.000,26.90548350000001,winter weekday,26.43
2023-11-24 13:00:00.000,26.295727500000005,winter weekday,26.43
2023-11-24 14:00:00.000,26.786781000000005,winter weekday,26.43
2023-11-24 15:00:00.000,27.03543150000001,winter weekday,26.43
2023-11-24 16:00:00.000,28.018788000000004,winter weekday,26.43
2023-11-24 17:00:00.000,28.734751500000005,winter weekday,30.5
2023-11-24 18:00:00.000,28.644787500000003,winter weekday,30.5
2023-11-24 19:00:00.000,28.14248850000001,winter weekday,26.43
2023-11-24 20:00:00.000,27.551475000000007,winter weekday,26.43
2023-11-24 21:00:00.000,26.706813000000004,winter weekday,26.43
2023-11-24 22:00:00.000,27.059172000000004,winter weekday,26.43
2023-11-24 23:00:00.000,26.469408000000005,winter weekday,26.43
2023-11-25 00:00:00.000,27.122896500000003,winter weekend,27.53
2023-11-25 01:00:00.000,26.6180985,winter weekend,27.53
2023-11-25 02:00:00.000,26.3731965,winter weekend,27.53
2023-11-25 03:00:00.000,26.3157195,winter weekend,27.53
2023-11-25 04:00:00.000,26.113300500000005,winter weekend,27.53
2023-11-25 05:00:00.000,26.638090500000004,winter weekend,27.53
2023-11-25 06:00:00.000,27.340309500000007,winter weekend,27.53
2023-11-25 07:00:00.000,28.248696,winter weekend,27.53
2023-11-25 08:00:00.000,29.149585500000004,winter weekend,27.53
2023-11-25 09:00:00.000,28.830963,winter weekend,27.53
2023-11-25 10:00:00.000,28.509841500000004,winter weekend,27.53
2023-11-25 11:00:00.000,28.246197,winter weekend,27.53
2023-11-25 12:00:00.000,27.966309000000003,winter weekend,27.53
2023-11-25 13:00:00.000,27.7476465,winter weekend,27.53
2023-11-25 14:00:00.000,28.624795500000005,winter weekend,27.53
2023-11-25 15:00:00.000,29.320767,winter weekend,27.53
2023-11-25 16:00:00.000,31.726054500000004,winter weekend,32.84
2023-11-25 17:00:00.000,32.874345000000005,winter weekend,32.84
2023-11-25 18:00:00.000,33.249195,winter weekend,32.84
2023-11-25 19:00:00.000,33.26169,winter weekend,32.84
2023-11-25 20:00:00.000,32.5032435,winter weekend,32.84
2023-11-25 21:00:00.000,31.71605850000001,winter weekend,32.84
2023-11-25 22:00:00.000,31.774785000000005,winter weekend,32.84
2023-11-25 23:00:00.000,30.237900000000007,winter weekend,32.84
2023-11-26 00:00:00.000,31.249995,winter weekend,32.84
2023-11-26 01:00:00.000,30.58401150000001,winter weekend,32.84
2023-11-26 02:00:00.000,30.196666500000003,winter weekend,32.84
2023-11-26 03:00:00.000,29.876794500000003,winter weekend,27.53
2023-11-26 04:00:00.000,29.513190000000005,winter weekend,27.53
2023-11-26 05:00:00.000,29.58816000000001,winter weekend,27.53
2023-11-26 06:00:00.000,29.84180850000001,winter weekend,27.53
2023-11-26 07:00:00.000,30.494047500000004,winter weekend,32.84
2023-11-26 08:00:00.000,31.448665500000004,winter weekend,32.84
2023-11-26 09:00:00.000,32.024685000000005,winter weekend,32.84
2023-11-26 10:00:00.000,31.77353550000001,winter weekend,32.84
2023-11-26 11:00:00.000,31.699815000000005,winter weekend,32.84
2023-11-26 12:00:00.000,31.53363150000001,winter weekend,32.84
2023-11-26 13:00:00.000,31.11504900000001,winter weekend,32.84
2023-11-26 14:00:00.000,31.74979500000001,winter weekend,32.84
2023-11-26 15:00:00.000,32.769387,winter weekend,32.84
2023-11-26 16:00:00.000,34.1300925,winter weekend,32.84
2023-11-26 17:00:00.000,35.337109500000004,winter weekend,32.84
2023-11-26 18:00:00.000,36.0693165,winter weekend,32.84
2023-11-26 19:00:00.000,35.33336100000001,winter weekend,32.84
2023-11-26 20:00:00.000,34.350004500000004,winter weekend,32.84
2023-11-26 21:00:00.000,32.663179500000005,winter weekend,32.84
2023-11-26 22:00:00.000,32.235850500000005,winter weekend,32.84
2023-11-26 23:00:00.000,30.167928,winter weekend,27.53
2023-11-27 00:00:00.000,29.770587000000003,winter weekday,30.5
2023-11-27 01:00:00.000,29.124595500000005,winter weekday,30.5
2023-11-27 02:00:00.000,28.60105500000001,winter weekday,30.5
2023-11-27 03:00:00.000,28.466109000000007,winter weekday,30.5
2023-11-27 04:00:00.000,28.3524045,winter weekday,26.43
2023-11-27 05:00:00.000,29.124595500000005,winter weekday,30.5
2023-11-27 06:00:00.000,32.6131995,winter weekday,30.5
2023-11-27 07:00:00.000,34.72610400000001,winter weekday,35.79
2023-11-27 08:00:00.000,35.484550500000005,winter weekday,35.79
2023-11-27 09:00:00.000,34.7873295,winter weekday,35.79
2023-11-27 10:00:00.000,34.61115,winter weekday,35.79
2023-11-27 11:00:00.000,34.478703,winter weekday,35.79
2023-11-27 12:00:00.000,34.1076015,winter weekday,35.79
2023-11-27 13:00:00.000,33.945166500000006,winter weekday,35.79
2023-11-27 14:00:00.000,33.61155,winter weekday,35.79
2023-11-27 15:00:00.000,32.5132395,winter weekday,30.5
2023-11-27 16:00:00.000,31.844757000000005,winter weekday,30.5
2023-11-27 17:00:00.000,32.9280735,winter weekday,30.5
2023-11-27 18:00:00.000,32.764389,winter weekday,30.5
2023-11-27 19:00:00.000,32.002194,winter weekday,30.5
2023-11-27 20:00:00.000,29.939269500000005,winter weekday,30.5
2023-11-27 21:00:00.000,29.170827000000003,winter weekday,30.5
2023-11-27 22:00:00.000,29.263290000000005,winter weekday,30.5
2023-11-27 23:00:00.000,27.996297,winter weekday,26.43
2023-11-28 00:00:00.000,27.081663,winter weekday,26.43
2023-11-28 01:00:00.000,26.175775500000004,winter weekday,26.43
2023-11-28 02:00:00.000,25.7984265,winter weekday,26.43
2023-11-28 03:00:00.000,25.427325000000003,winter weekday,26.43
2023-11-28 04:00:00.000,25.900885500000005,winter weekday,26.43
2023-11-28 05:00:00.000,27.371547000000003,winter weekday,26.43
2023-11-28 06:00:00.000,28.53108300000001,winter weekday,30.5
2023-11-28 07:00:00.000,31.914729,winter weekday,30.5
2023-11-28 08:00:00.000,33.24044850000001,winter weekday,35.79
2023-11-28 09:00:00.000,34.621146,winter weekday,35.79
2023-11-28 10:00:00.000,34.773585000000004,winter weekday,35.79
2023-11-28 11:00:00.000,34.67362500000001,winter weekday,35.79
2023-11-28 12:00:00.000,34.31127,winter weekday,35.79
2023-11-28 13:00:00.000,34.576164000000006,winter weekday,35.79
2023-11-28 14:00:00.000,35.36584800000001,winter weekday,35.79
2023-11-28 15:00:00.000,36.11055,winter weekday,35.79
2023-11-28 16:00:00.000,37.86109950000001,winter weekday,35.79
2023-11-28 17:00:00.000,41.10605099999999,winter weekday,35.79
2023-11-28 18:00:00.000,39.4842,winter weekday,35.79
2023-11-28 19:00:00.000,37.38504000000001,winter weekday,35.79
2023-11-28 20:00:00.000,34.75109400000001,winter weekday,35.79
2023-11-28 21:00:00.000,33.0430275,winter weekday,30.5
2023-11-28 22:00:00.000,31.967208000000007,winter weekday,30.5
2023-11-28 23:00:00.000,31.0388295,winter weekday,30.5
2023-11-29 00:00:00.000,29.666878500000003,winter weekday,30.5
2023-11-29 01:00:00.000,29.259541500000008,winter weekday,30.5
2023-11-29 02:00:00.000,28.867198500000004,winter weekday,30.5
2023-11-29 03:00:00.000,28.098756000000005,winter weekday,26.43
2023-11-29 04:00:00.000,27.977554500000004,winter weekday,26.43
2023-11-29 05:00:00.000,29.325765000000008,winter weekday,30.5
2023-11-29 06:00:00.000,30.217908000000005,winter weekday,30.5
2023-11-29 07:00:00.000,33.935170500000005,winter weekday,35.79
2023-11-29 08:00:00.000,36.0268335,winter weekday,35.79
2023-11-29 09:00:00.000,35.1796725,winter weekday,35.79
2023-11-29 10:00:00.000,34.076364000000005,winter weekday,35.79
2023-11-29 11:00:00.000,33.61155,winter weekday,35.79
2023-11-29 12:00:00.000,33.372895500000006,winter weekday,35.79
2023-11-29 13:00:00.000,33.883941,winter weekday,35.79
2023-11-29 14:00:00.000,35.65448250000001,winter weekday,35.79
2023-11-29 15:00:00.000,38.35965,winter weekday,35.79
2023-11-29 16:00:00.000,42.35804999999999,winter weekday,35.79
2023-11-29 17:00:00.000,48.60554999999999,winter weekday,35.79
2023-11-29 18:00:00.000,48.60554999999999,winter weekday,35.79
2023-11-29 19:00:00.000,42.35804999999999,winter weekday,35.79
2023-11-29 20:00:00.000,37.485,winter weekday,35.79
2023-11-29 21:00:00.000,34.7373495,winter weekday,35.79
2023-11-29 22:00:00.000,33.424125000000004,winter weekday,35.79
2023-11-29 23:00:00.000,31.646086500000003,winter weekday,30.5
2023-11-30 00:00:00.000,30.461560500000008,winter weekday,30.5
2023-11-30 01:00:00.000,30.427824000000005,winter weekday,30.5
2023-11-30 02:00:00.000,30.137940000000004,winter weekday,30.5
2023-11-30 03:00:00.000,29.86305,winter weekday,30.5
2023-11-30 04:00:00.000,30.066718500000007,winter weekday,30.5
2023-11-30 05:00:00.000,30.65023500000001,winter weekday,30.5
2023-11-30 06:00:00.000,33.53782950000001,winter weekday,35.79
2023-11-30 07:00:00.000,38.3708955,winter weekday,35.79
2023-11-30 08:00:00.000,44.76583649999999,winter weekday,35.79
2023-11-30 09:00:00.000,46.9974435,winter weekday,35.79
2023-11-30 10:00:00.000,45.16942499999999,winter weekday,35.79
2023-11-30 11:00:00.000,45.27438299999999,winter weekday,35.79
2023-11-30 12:00:00.000,41.75953949999999,winter weekday,35.79
2023-11-30 13:00:00.000,41.08480949999999,winter weekday,35.79
2023-11-30 14:00:00.000,41.73329999999999,winter weekday,35.79
2023-11-30 15:00:00.000,41.73329999999999,winter weekday,35.79
2023-11-30 16:00:00.000,45.60674999999999,winter weekday,35.79
2023-11-30 17:00:00.000,49.97999999999999,winter weekday,35.79
2023-11-30 18:00:00.000,48.52308299999999,winter weekday,35.79
2023-11-30 19:00:00.000,41.66957549999999,winter weekday,35.79
2023-11-30 20:00:00.000,36.60160350000001,winter weekday,35.79
2023-11-30 21:00:00.000,33.951414,winter weekday,35.79
2023-11-30 22:00:00.000,32.951814000000006,winter weekday,30.5
2023-11-30 23:00:00.000,31.586110500000007,winter weekday,30.5
2023-12-01 00:00:00.000,30.726454500000003,winter weekday,30.5
2023-12-01 01:00:00.000,30.1916685,winter weekday,30.5
2023-12-01 02:00:00.000,29.750595000000004,winter weekday,30.5
2023-12-01 03:00:00.000,29.348256,winter weekday,30.5
2023-12-01 04:00:00.000,29.3719965,winter weekday,30.5
2023-12-01 05:00:00.000,30.1516845,winter weekday,30.5
2023-12-01 06:00:00.000,32.365798500000004,winter weekday,30.5
2023-12-01 07:00:00.000,36.37419450000001,winter weekday,35.79
2023-12-01 08:00:00.000,42.79037699999999,winter weekday,35.79
2023-12-01 09:00:00.000,45.18566849999999,winter weekday,35.79
2023-12-01 10:00:00.000,44.27853149999999,winter weekday,35.79
2023-12-01 11:00:00.000,44.04737399999999,winter weekday,35.79
2023-12-01 12:00:00.000,41.99444549999999,winter weekday,35.79
2023-12-01 13:00:00.000,39.2580405,winter weekday,35.79
2023-12-01 14:00:00.000,39.149334,winter weekday,35.79
2023-12-01 15:00:00.000,40.40883,winter weekday,35.79
2023-12-01 16:00:00.000,42.36429749999999,winter weekday,35.79
2023-12-01 17:00:00.000,46.19276549999999,winter weekday,35.79
2023-12-01 18:00:00.000,42.25309199999999,winter weekday,35.79
2023-12-01 19:00:00.000,38.429622,winter weekday,35.79
2023-12-01 20:00:00.000,35.1571815,winter weekday,35.79
2023-12-01 21:00:00.000,33.003043500000004,winter weekday,30.5
2023-12-01 22:00:00.000,32.162130000000005,winter weekday,30.5
2023-12-01 23:00:00.000,30.878893500000004,winter weekday,30.5
2023-12-02 00:00:00.000,30.515289000000006,winter weekend,32.84
2023-12-02 01:00:00.000,30.199165500000007,winter weekend,32.84
2023-12-02 02:00:00.000,30.019237500000003,winter weekend,27.53
2023-12-02 03:00:00.000,29.724355500000005,winter weekend,27.53
2023-12-02 04:00:00.000,29.608152000000004,winter weekend,27.53
2023-12-02 05:00:00.000,29.59190850000001,winter weekend,27.53
2023-12-02 06:00:00.000,29.7293535,winter weekend,27.53
2023-12-02 07:00:00.000,30.472806,winter weekend,32.84
2023-12-02 08:00:00.000,32.40453300000001,winter weekend,32.84
2023-12-02 09:00:00.000,33.360400500000004,winter weekend,32.84
2023-12-02 10:00:00.000,33.7052625,winter weekend,32.84
2023-12-02 11:00:00.000,33.264189,winter weekend,32.84
2023-12-02 12:00:00.000,32.559471,winter weekend,32.84
2023-12-02 13:00:00.000,31.684821000000003,winter weekend,32.84
2023-12-02 14:00:00.000,32.177124000000006,winter weekend,32.84
2023-12-02 15:00:00.000,32.799375000000005,winter weekend,32.84
2023-12-02 16:00:00.000,33.585310500000006,winter weekend,32.84
2023-12-02 17:00:00.000,35.36584800000001,winter weekend,32.84
2023-12-02 18:00:00.000,35.480802000000004,winter weekend,32.84
2023-12-02 19:00:00.000,33.556572,winter weekend,32.84
2023-12-02 20:00:00.000,32.67692400000001,winter weekend,32.84
2023-12-02 21:00:00.000,31.71605850000001,winter weekend,32.84
2023-12-02 22:00:00.000,31.097556000000004,winter weekend,32.84
2023-12-02 23:00:00.000,30.6139995,winter weekend,32.84
2023-12-03 00:00:00.000,30.90013500000001,winter weekend,32.84
2023-12-03 01:00:00.000,30.197916000000006,winter weekend,32.84
2023-12-03 02:00:00.000,29.848056000000003,winter weekend,27.53
2023-12-03 03:00:00.000,29.690619,winter weekend,27.53
2023-12-03 04:00:00.000,29.190819000000005,winter weekend,27.53
2023-12-03 05:00:00.000,28.828464000000004,winter weekend,27.53
2023-12-03 06:00:00.000,28.471107000000003,winter weekend,27.53
2023-12-03 07:00:00.000,28.879693500000005,winter weekend,27.53
2023-12-03 08:00:00.000,29.490699000000003,winter weekend,27.53
2023-12-03 09:00:00.000,29.881792500000007,winter weekend,27.53
2023-12-03 10:00:00.000,30.482802000000003,winter weekend,32.84
2023-12-03 11:00:00.000,30.496546500000004,winter weekend,32.84
2023-12-03 12:00:00.000,30.22665450000001,winter weekend,32.84
2023-12-03 13:00:00.000,29.86305,winter weekend,27.53
2023-12-03 14:00:00.000,30.572766000000005,winter weekend,32.84
2023-12-03 15:00:00.000,31.737300000000005,winter weekend,32.84
2023-12-03 16:00:00.000,32.63694,winter weekend,32.84
2023-12-03 17:00:00.000,33.349155,winter weekend,32.84
2023-12-03 18:00:00.000,33.49284750000001,winter weekend,32.84
2023-12-03 19:00:00.000,33.1204965,winter weekend,32.84
2023-12-03 20:00:00.000,31.403683500000007,winter weekend,32.84
2023-12-03 21:00:00.000,29.86305,winter weekend,27.53
2023-12-03 22:00:00.000,29.749345500000008,winter weekend,27.53
2023-12-03 23:00:00.000,28.488600000000005,winter weekend,27.53
2023-12-04 00:00:00.000,29.095857,winter weekday,30.5
2023-12-04 01:00:00.000,28.589809500000005,winter weekday,30.5
2023-12-04 02:00:00.000,28.366149000000004,winter weekday,26.43
2023-12-04 03:00:00.000,28.036281,winter weekday,26.43
2023-12-04 04:00:00.000,28.092508500000005,winter weekday,26.43
2023-12-04 05:00:00.000,28.868448000000004,winter weekday,30.5
2023-12-04 06:00:00.000,30.375345000000003,winter weekday,30.5
2023-12-04 07:00:00.000,32.11964700000001,winter weekday,30.5
2023-12-04 08:00:00.000,32.75689200000001,winter weekday,30.5
2023-12-04 09:00:00.000,33.126744,winter weekday,30.5
2023-12-04 10:00:00.000,33.364149000000005,winter weekday,35.79
2023-12-04 11:00:00.000,33.699015,winter weekday,35.79
2023-12-04 12:00:00.000,33.167977500000006,winter weekday,35.79
2023-12-04 13:00:00.000,33.788979000000005,winter weekday,35.79
2023-12-04 14:00:00.000,33.232951500000006,winter weekday,35.79
2023-12-04 15:00:00.000,32.96680800000001,winter weekday,30.5
2023-12-04 16:00:00.000,32.645686500000004,winter weekday,30.5
2023-12-04 17:00:00.000,33.3304125,winter weekday,35.79
2023-12-04 18:00:00.000,32.940568500000005,winter weekday,30.5
2023-12-04 19:00:00.000,32.4832515,winter weekday,30.5
2023-12-04 20:00:00.000,31.672326000000005,winter weekday,30.5
2023-12-04 21:00:00.000,30.556522500000007,winter weekday,30.5
2023-12-04 22:00:00.000,29.86305,winter weekday,30.5
2023-12-04 23:00:00.000,28.833462000000004,winter weekday,30.5
2023-12-05 00:00:00.000,28.719757500000004,winter weekday,30.5
2023-12-05 01:00:00.000,28.364899500000003,winter weekday,26.43
2023-12-05 02:00:00.000,28.080013500000007,winter weekday,26.43
2023-12-05 03:00:00.000,27.816369000000005,winter weekday,26.43
2023-12-05 04:00:00.000,27.952564500000005,winter weekday,26.43
2023-12-05 05:00:00.000,28.740999,winter weekday,30.5
2023-12-05 06:00:00.000,30.86265000000001,winter weekday,30.5
2023-12-05 07:00:00.000,31.652334,winter weekday,30.5
2023-12-05 08:00:00.000,32.646936000000004,winter weekday,30.5
2023-12-05 09:00:00.000,32.721906000000004,winter weekday,30.5
2023-12-05 10:00:00.000,32.4307725,winter weekday,30.5
2023-12-05 11:00:00.000,32.520736500000005,winter weekday,30.5
2023-12-05 12:00:00.000,32.154633000000004,winter weekday,30.5
2023-12-05 13:00:00.000,32.1783735,winter weekday,30.5
2023-12-05 14:00:00.000,33.26918700000001,winter weekday,35.79
2023-12-05 15:00:00.000,32.68567050000001,winter weekday,30.5
2023-12-05 16:00:00.000,33.516588000000006,winter weekday,35.79
2023-12-05 17:00:00.000,35.598255,winter weekday,35.79
2023-12-05 18:00:00.000,35.79442650000001,winter weekday,35.79
2023-12-05 19:00:00.000,35.055972000000004,winter weekday,35.79
2023-12-05 20:00:00.000,33.440368500000005,winter weekday,35.79
2023-12-05 21:00:00.000,32.090908500000005,winter weekday,30.5
2023-12-05 22:00:00.000,31.3062225,winter weekday,30.5
2023-12-05 23:00:00.000,30.272886000000003,winter weekday,30.5
2023-12-06 00:00:00.000,29.23455150000001,winter weekday,30.5
2023-12-06 01:00:00.000,29.000895000000003,winter weekday,30.5
2023-12-06 02:00:00.000,28.934671500000004,winter weekday,30.5
2023-12-06 03:00:00.000,28.733502000000005,winter weekday,30.5
2023-12-06 04:00:00.000,28.687270500000007,winter weekday,30.5
2023-12-06 05:00:00.000,29.099605500000003,winter weekday,30.5
2023-12-06 06:00:00.000,30.730203000000007,winter weekday,30.5
2023-12-06 07:00:00.000,34.09385700000001,winter weekday,35.79
2023-12-06 08:00:00.000,38.2347,winter weekday,35.79
2023-12-06 09:00:00.000,38.177223,winter weekday,35.79
2023-12-06 10:00:00.000,36.11055,winter weekday,35.79
2023-12-06 11:00:00.000,35.6469855,winter weekday,35.79
2023-12-06 12:00:00.000,35.623245000000004,winter weekday,35.79
2023-12-06 13:00:00.000,34.989748500000005,winter weekday,35.79
2023-12-06 14:00:00.000,34.923525000000005,winter weekday,35.79
2023-12-06 15:00:00.000,35.359600500000006,winter weekday,35.79
2023-12-06 16:00:00.000,37.85985,winter weekday,35.79
2023-12-06 17:00:00.000,39.6178965,winter weekday,35.79
2023-12-06 18:00:00.000,38.019786,winter weekday,35.79
2023-12-06 19:00:00.000,36.10180350000001,winter weekday,35.79
2023-12-06 20:00:00.000,33.60030450000001,winter weekday,35.79
2023-12-06 21:00:00.000,31.82226600000001,winter weekday,30.5
2023-12-06 22:00:00.000,30.778933500000004,winter weekday,30.5
2023-12-06 23:00:00.000,29.918028000000003,winter weekday,30.5
2023-12-07 00:00:00.000,29.763090000000005,winter weekday,30.5
2023-12-07 01:00:00.000,29.594407500000003,winter weekday,30.5
2023-12-07 02:00:00.000,29.470707000000008,winter weekday,30.5
2023-12-07 03:00:00.000,28.839709500000005,winter weekday,30.5
2023-12-07 04:00:00.000,28.603554000000003,winter weekday,30.5
2023-12-07 05:00:00.000,29.179573500000004,winter weekday,30.5
2023-12-07 06:00:00.000,31.934721000000007,winter weekday,30.5
2023-12-07 07:00:00.000,33.763989,winter weekday,35.79
2023-12-07 08:00:00.000,36.11055,winter weekday,35.79
2023-12-07 09:00:00.000,34.573665000000005,winter weekday,35.79
2023-12-07 10:00:00.000,34.156332000000006,winter weekday,35.79
2023-12-07 11:00:00.000,34.632391500000004,winter weekday,35.79
2023-12-07 12:00:00.000,34.6099005,winter weekday,35.79
2023-12-07 13:00:00.000,34.6548825,winter weekday,35.79
2023-12-07 14:00:00.000,34.621146,winter weekday,35.79
2023-12-07 15:00:00.000,34.61364900000001,winter weekday,35.79
2023-12-07 16:00:00.000,34.09510650000001,winter weekday,35.79
2023-12-07 17:00:00.000,33.435370500000005,winter weekday,35.79
2023-12-07 18:00:00.000,32.40578250000001,winter weekday,30.5
2023-12-07 19:00:00.000,30.380343,winter weekday,30.5
2023-12-07 20:00:00.000,29.90803200000001,winter weekday,30.5
2023-12-07 21:00:00.000,29.488200000000003,winter weekday,30.5
2023-12-07 22:00:00.000,29.415729,winter weekday,30.5
2023-12-07 23:00:00.000,28.248696,winter weekday,26.43
2023-12-08 00:00:00.000,28.24994550000001,winter weekday,26.43
2023-12-08 01:00:00.000,27.771387,winter weekday,26.43
2023-12-08 02:00:00.000,27.542728500000003,winter weekday,26.43
2023-12-08 03:00:00.000,27.304074000000004,winter weekday,26.43
2023-12-08 04:00:00.000,27.36405,winter weekday,26.43
2023-12-08 05:00:00.000,28.24369800000001,winter weekday,26.43
2023-12-08 06:00:00.000,29.8243155,winter weekday,30.5
2023-12-08 07:00:00.000,30.773935500000004,winter weekday,30.5
2023-12-08 08:00:00.000,31.443667500000007,winter weekday,30.5
2023-12-08 09:00:00.000,32.177124000000006,winter weekday,30.5
2023-12-08 10:00:00.000,32.2058625,winter weekday,30.5
2023-12-08 11:00:00.000,32.114649,winter weekday,30.5
2023-12-08 12:00:00.000,31.944717000000008,winter weekday,30.5
2023-12-08 13:00:00.000,31.334961000000007,winter weekday,30.5
2023-12-08 14:00:00.000,31.5011445,winter weekday,30.5
2023-12-08 15:00:00.000,32.153383500000004,winter weekday,30.5
2023-12-08 16:00:00.000,31.734801000000008,winter weekday,30.5
2023-12-08 17:00:00.000,32.1109005,winter weekday,30.5
2023-12-08 18:00:00.000,32.18712000000001,winter weekday,30.5
2023-12-08 19:00:00.000,30.557772000000007,winter weekday,30.5
2023-12-08 20:00:00.000,30.44031900000001,winter weekday,30.5
2023-12-08 21:00:00.000,30.002994000000005,winter weekday,30.5
2023-12-08 22:00:00.000,30.07796400000001,winter weekday,30.5
2023-12-08 23:00:00.000,28.686021,winter weekday,30.5
2023-12-09 00:00:00.000,29.2383,winter weekend,27.53
2023-12-09 01:00:00.000,28.001295,winter weekend,27.53
2023-12-09 02:00:00.000,27.300325500000007,winter weekend,27.53
2023-12-09 03:00:00.000,26.498146500000004,winter weekend,27.53
2023-12-09 04:00:00.000,26.184522000000005,winter weekend,27.53
2023-12-09 05:00:00.000,26.490649500000004,winter weekend,27.53
2023-12-09 06:00:00.000,26.869248,winter weekend,27.53
2023-12-09 07:00:00.000,27.663930000000004,winter weekend,27.53
2023-12-09 08:00:00.000,27.980053500000004,winter weekend,27.53
2023-12-09 09:00:00.000,28.8022245,winter weekend,27.53
2023-12-09 10:00:00.000,28.73974950000001,winter weekend,27.53
2023-12-09 11:00:00.000,28.855953000000003,winter weekend,27.53
2023-12-09 12:00:00.000,29.138340000000003,winter weekend,27.53
2023-12-09 13:00:00.000,28.6972665,winter weekend,27.53
2023-12-09 14:00:00.000,28.0675185,winter weekend,27.53
2023-12-09 15:00:00.000,27.801375000000004,winter weekend,27.53
2023-12-09 16:00:00.000,27.374046000000003,winter weekend,27.53
2023-12-09 17:00:00.000,27.244098000000005,winter weekend,27.53
2023-12-09 18:00:00.000,27.0429285,winter weekend,27.53
2023-12-09 19:00:00.000,26.045827500000005,winter weekend,27.53
2023-12-09 20:00:00.000,25.422327000000003,winter weekend,27.53
2023-12-09 21:00:00.000,24.916279500000005,winter weekend,27.53
2023-12-09 22:00:00.000,24.470208000000007,winter weekend,27.53
2023-12-09 23:00:00.000,23.138241,winter weekend,19.94
2023-12-10 00:00:00.000,21.5776155,winter weekend,19.94
2023-12-10 01:00:00.000,20.0557245,winter weekend,19.94
2023-12-10 02:00:00.000,19.0186395,winter weekend,19.94
2023-12-10 03:00:00.000,18.1165005,winter weekend,19.94
2023-12-10 04:00:00.000,18.61755,winter weekend,19.94
2023-12-10 05:00:00.000,19.6283955,winter weekend,19.94
2023-12-10 06:00:00.000,20.3631015,winter weekend,19.94
2023-12-10 07:00:00.000,22.597207500000007,winter weekend,19.94
2023-12-10 08:00:00.000,24.972507000000007,winter weekend,27.53
2023-12-10 09:00:00.000,25.587261,winter weekend,27.53
2023-12-10 10:00:00.000,25.783432500000004,winter weekend,27.53
2023-12-10 11:00:00.000,26.074566000000004,winter weekend,27.53
2023-12-10 12:00:00.000,25.76469000000001,winter weekend,27.53
2023-12-10 13:00:00.000,25.752195000000004,winter weekend,27.53
2023-12-10 14:00:00.000,26.073316500000004,winter weekend,27.53
2023-12-10 15:00:00.000,26.844258000000004,winter weekend,27.53
2023-12-10 16:00:00.000,27.401535000000003,winter weekend,27.53
2023-12-10 17:00:00.000,27.401535000000003,winter weekend,27.53
2023-12-10 18:00:00.000,28.041279000000007,winter weekend,27.53
2023-12-10 19:00:00.000,27.45901200000001,winter weekend,27.53
2023-12-10 20:00:00.000,27.120397500000003,winter weekend,27.53
2023-12-10 21:00:00.000,27.00669300000001,winter weekend,27.53
2023-12-10 22:00:00.000,27.11664900000001,winter weekend,27.53
2023-12-10 23:00:00.000,26.009592,winter weekend,27.53
2023-12-11 00:00:00.000,21.671328000000003,winter weekday,26.43
2023-12-11 01:00:00.000,19.304775,winter weekday,26.43
2023-12-11 02:00:00.000,18.957414,winter weekday,26.43
2023-12-11 03:00:00.000,18.445119,winter weekday,26.43
2023-12-11 04:00:00.000,18.844959,winter weekday,26.43
2023-12-11 05:00:00.000,22.121148,winter weekday,26.43
2023-12-11 06:00:00.000,26.68807050000001,winter weekday,26.43
2023-12-11 07:00:00.000,28.783482000000006,winter weekday,30.5
2023-12-11 08:00:00.000,29.610651,winter weekday,30.5
2023-12-11 09:00:00.000,29.654383500000005,winter weekday,30.5
2023-12-11 10:00:00.000,29.033382000000007,winter weekday,30.5
2023-12-11 11:00:00.000,28.698516000000005,winter weekday,30.5
2023-12-11 12:00:00.000,28.52733450000001,winter weekday,30.5
2023-12-11 13:00:00.000,28.367398500000007,winter weekday,26.43
2023-12-11 14:00:00.000,28.927174500000007,winter weekday,30.5
2023-12-11 15:00:00.000,29.353254000000007,winter weekday,30.5
2023-12-11 16:00:00.000,30.551524500000003,winter weekday,30.5
2023-12-11 17:00:00.000,32.1109005,winter weekday,30.5
2023-12-11 18:00:00.000,32.691918,winter weekday,30.5
2023-12-11 19:00:00.000,32.530732500000006,winter weekday,30.5
2023-12-11 20:00:00.000,31.616098500000007,winter weekday,30.5
2023-12-11 21:00:00.000,29.768088,winter weekday,30.5
2023-12-11 22:00:00.000,29.423226000000003,winter weekday,30.5
2023-12-11 23:00:00.000,28.216209000000006,winter weekday,26.43
2023-12-12 00:00:00.000,28.369897500000004,winter weekday,26.43
2023-12-12 01:00:00.000,28.246197,winter weekday,26.43
2023-12-12 02:00:00.000,28.06626900000001,winter weekday,26.43
2023-12-12 03:00:00.000,27.916329,winter weekday,26.43
2023-12-12 04:00:00.000,28.239949500000005,winter weekday,26.43
2023-12-12 05:00:00.000,28.49234850000001,winter weekday,30.5
2023-12-12 06:00:00.000,30.7889295,winter weekday,30.5
2023-12-12 07:00:00.000,32.4982455,winter weekday,30.5
2023-12-12 08:00:00.000,35.65198350000001,winter weekday,35.79
2023-12-12 09:00:00.000,33.853953000000004,winter weekday,35.79
2023-12-12 10:00:00.000,33.592807500000006,winter weekday,35.79
2023-12-12 11:00:00.000,32.72440500000001,winter weekday,30.5
2023-12-12 12:00:00.000,32.933071500000004,winter weekday,30.5
2023-12-12 13:00:00.000,33.25919100000001,winter weekday,35.79
2023-12-12 14:00:00.000,32.824365,winter weekday,30.5
2023-12-12 15:00:00.000,32.379543,winter weekday,30.5
2023-12-12 16:00:00.000,32.103403500000006,winter weekday,30.5
2023-12-12 17:00:00.000,31.222506000000003,winter weekday,30.5
2023-12-12 18:00:00.000,30.487800000000004,winter weekday,30.5
2023-12-12 19:00:00.000,29.140839000000007,winter weekday,30.5
2023-12-12 20:00:00.000,28.8821925,winter weekday,30.5
2023-12-12 21:00:00.000,28.381143,winter weekday,26.43
2023-12-12 22:00:00.000,27.7851315,winter weekday,26.43
2023-12-12 23:00:00.000,27.051675000000007,winter weekday,26.43
2023-12-13 00:00:00.000,26.784282,winter weekday,26.43
2023-12-13 01:00:00.000,26.484402000000003,winter weekday,26.43
2023-12-13 02:00:00.000,26.576865000000005,winter weekday,26.43
2023-12-13 03:00:00.000,26.29322850000001,winter weekday,26.43
2023-12-13 04:00:00.000,26.491899000000004,winter weekday,26.43
2023-12-13 05:00:00.000,26.7955275,winter weekday,26.43
2023-12-13 06:00:00.000,27.751395,winter weekday,26.43
2023-12-13 07:00:00.000,30.164179500000003,winter weekday,30.5
2023-12-13 08:00:00.000,29.7168585,winter weekday,30.5
2023-12-13 09:00:00.000,30.32911350000001,winter weekday,30.5
2023-12-13 10:00:00.000,29.900535,winter weekday,30.5
2023-12-13 11:00:00.000,29.86305,winter weekday,30.5
2023-12-13 12:00:00.000,29.570667000000004,winter weekday,30.5
2023-12-13 13:00:00.000,30.200415000000007,winter weekday,30.5
2023-12-13 14:00:00.000,30.409081500000006,winter weekday,30.5
2023-12-13 15:00:00.000,31.03758,winter weekday,30.5
2023-12-13 16:00:00.000,30.61899750000001,winter weekday,30.5
2023-12-13 17:00:00.000,31.131292500000004,winter weekday,30.5
2023-12-13 18:00:00.000,30.599005500000004,winter weekday,30.5
2023-12-13 19:00:00.000,30.164179500000003,winter weekday,30.5
2023-12-13 20:00:00.000,29.435721000000004,winter weekday,30.5
2023-12-13 21:00:00.000,28.723506000000004,winter weekday,30.5
2023-12-13 22:00:00.000,28.907182500000005,winter weekday,30.5
2023-12-13 23:00:00.000,27.89508750000001,winter weekday,26.43
2023-12-14 00:00:00.000,27.031683000000005,winter weekday,26.43
2023-12-14 01:00:00.000,26.901735,winter weekday,26.43
2023-12-14 02:00:00.000,27.00794250000001,winter weekday,26.43
2023-12-14 03:00:00.000,27.012940500000003,winter weekday,26.43
2023-12-14 04:00:00.000,27.256593,winter weekday,26.43
2023-12-14 05:00:00.000,27.685171500000006,winter weekday,26.43
2023-12-14 06:00:00.000,29.673126000000003,winter weekday,30.5
2023-12-14 07:00:00.000,32.32081650000001,winter weekday,30.5
2023-12-14 08:00:00.000,33.69276750000001,winter weekday,35.79
2023-12-14 09:00:00.000,32.981802,winter weekday,30.5
2023-12-14 10:00:00.000,33.1304925,winter weekday,30.5
2023-12-14 11:00:00.000,33.2629395,winter weekday,35.79
2023-12-14 12:00:00.000,32.307072000000005,winter weekday,30.5
2023-12-14 13:00:00.000,32.8306125,winter weekday,30.5
2023-12-14 14:00:00.000,32.878093500000006,winter weekday,30.5
2023-12-14 15:00:00.000,33.70401300000001,winter weekday,35.79
2023-12-14 16:00:00.000,33.434121000000005,winter weekday,35.79
2023-12-14 17:00:00.000,33.352903500000004,winter weekday,35.79
2023-12-14 18:00:00.000,33.131742,winter weekday,30.5
2023-12-14 19:00:00.000,31.646086500000003,winter weekday,30.5
2023-12-14 20:00:00.000,30.214159500000004,winter weekday,30.5
2023-12-14 21:00:00.000,29.388240000000003,winter weekday,30.5
2023-12-14 22:00:00.000,29.170827000000003,winter weekday,30.5
2023-12-14 23:00:00.000,28.060021500000005,winter weekday,26.43
2023-12-15 00:00:00.000,28.1299935,winter weekday,26.43
2023-12-15 01:00:00.000,27.730153500000004,winter weekday,26.43
2023-12-15 02:00:00.000,27.376545000000004,winter weekday,26.43
2023-12-15 03:00:00.000,26.932972500000005,winter weekday,26.43
2023-12-15 04:00:00.000,26.75929200000001,winter weekday,26.43
2023-12-15 05:00:00.000,27.415279500000004,winter weekday,26.43
2023-12-15 06:00:00.000,29.3595015,winter weekday,30.5
2023-12-15 07:00:00.000,30.731452500000003,winter weekday,30.5
2023-12-15 08:00:00.000,32.549475,winter weekday,30.5
2023-12-15 09:00:00.000,32.04217800000001,winter weekday,30.5
2023-12-15 10:00:00.000,31.10880150000001,winter weekday,30.5
2023-12-15 11:00:00.000,30.2066625,winter weekday,30.5
2023-12-15 12:00:00.000,29.12959350000001,winter weekday,30.5
2023-12-15 13:00:00.000,28.401135000000007,winter weekday,26.43
2023-12-15 14:00:00.000,28.226205000000007,winter weekday,26.43
2023-12-15 15:00:00.000,28.59605700000001,winter weekday,30.5
2023-12-15 16:00:00.000,29.629393500000003,winter weekday,30.5
2023-12-15 17:00:00.000,30.4040835,winter weekday,30.5
2023-12-15 18:00:00.000,30.08296200000001,winter weekday,30.5
2023-12-15 19:00:00.000,29.010891000000004,winter weekday,30.5
2023-12-15 20:00:00.000,29.033382000000007,winter weekday,30.5
2023-12-15 21:00:00.000,28.408632000000004,winter weekday,26.43
2023-12-15 22:00:00.000,28.2099615,winter weekday,26.43
2023-12-15 23:00:00.000,26.9529645,winter weekday,26.43
2023-12-16 00:00:00.000,25.76469000000001,winter weekend,27.53
2023-12-16 01:00:00.000,25.266139500000005,winter weekend,27.53
2023-12-16 02:00:00.000,24.9112815,winter weekend,27.53
2023-12-16 03:00:00.000,24.61515,winter weekend,27.53
2023-12-16 04:00:00.000,24.127845000000004,winter weekend,27.53
2023-12-16 05:00:00.000,24.320268,winter weekend,27.53
2023-12-16 06:00:00.000,24.78258300000001,winter weekend,27.53
2023-12-16 07:00:00.000,25.502295000000007,winter weekend,27.53
2023-12-16 08:00:00.000,27.350305500000005,winter weekend,27.53
2023-12-16 09:00:00.000,27.821367,winter weekend,27.53
2023-12-16 10:00:00.000,27.568968000000005,winter weekend,27.53
2023-12-16 11:00:00.000,26.840509500000003,winter weekend,27.53
2023-12-16 12:00:00.000,26.289480000000005,winter weekend,27.53
2023-12-16 13:00:00.000,26.18827050000001,winter weekend,27.53
2023-12-16 14:00:00.000,26.770537500000007,winter weekend,27.53
2023-12-16 15:00:00.000,27.407782500000007,winter weekend,27.53
2023-12-16 16:00:00.000,27.8276145,winter weekend,27.53
2023-12-16 17:00:00.000,28.311171000000005,winter weekend,27.53
2023-12-16 18:00:00.000,28.378644,winter weekend,27.53
2023-12-16 19:00:00.000,27.606453000000005,winter weekend,27.53
2023-12-16 20:00:00.000,26.72805450000001,winter weekend,27.53
2023-12-16 21:00:00.000,25.282383000000003,winter weekend,27.53
2023-12-16 22:00:00.000,25.166179500000005,winter weekend,27.53
2023-12-16 23:00:00.000,24.005394000000003,winter weekend,27.53
2023-12-17 00:00:00.000,23.033283000000004,winter weekend,19.94
2023-12-17 01:00:00.000,22.71591,winter weekend,19.94
2023-12-17 02:00:00.000,22.735902000000006,winter weekend,19.94
2023-12-17 03:00:00.000,20.9528655,winter weekend,19.94
2023-12-17 04:00:00.000,20.6629815,winter weekend,19.94
2023-12-17 05:00:00.000,21.1003065,winter weekend,19.94
2023-12-17 06:00:00.000,22.2448485,winter weekend,19.94
2023-12-17 07:00:00.000,23.029534500000004,winter weekend,19.94
2023-12-17 08:00:00.000,24.573916500000003,winter weekend,27.53
2023-12-17 09:00:00.000,24.761341500000004,winter weekend,27.53
2023-12-17 10:00:00.000,24.169078500000005,winter weekend,27.53
2023-12-17 11:00:00.000,23.490600000000004,winter weekend,19.94
2023-12-17 12:00:00.000,22.829614500000005,winter weekend,19.94
2023-12-17 13:00:00.000,22.371048,winter weekend,19.94
2023-12-17 14:00:00.000,23.097007500000004,winter weekend,19.94
2023-12-17 15:00:00.000,24.457713000000005,winter weekend,27.53
2023-12-17 16:00:00.000,25.23865050000001,winter weekend,27.53
2023-12-17 17:00:00.000,26.940469500000003,winter weekend,27.53
2023-12-17 18:00:00.000,26.574366000000005,winter weekend,27.53
2023-12-17 19:00:00.000,26.19826650000001,winter weekend,27.53
2023-12-17 20:00:00.000,24.8388105,winter weekend,27.53
2023-12-17 21:00:00.000,24.733852500000005,winter weekend,27.53
2023-12-17 22:00:00.000,24.831313500000004,winter weekend,27.53
2023-12-17 23:00:00.000,23.341909500000003,winter weekend,19.94
2023-12-18 00:00:00.000,23.977905000000003,winter weekday,26.43
2023-12-18 01:00:00.000,23.760492000000003,winter weekday,26.43
2023-12-18 02:00:00.000,23.591809500000004,winter weekday,26.43
2023-12-18 03:00:00.000,23.494348500000005,winter weekday,26.43
2023-12-18 04:00:00.000,23.924176500000005,winter weekday,26.43
2023-12-18 05:00:00.000,25.13244300000001,winter weekday,26.43
2023-12-18 06:00:00.000,27.840109500000004,winter weekday,26.43
2023-12-18 07:00:00.000,30.285381,winter weekday,30.5
2023-12-18 08:00:00.000,31.017588000000003,winter weekday,30.5
2023-12-18 09:00:00.000,30.045477,winter weekday,30.5
2023-12-18 10:00:00.000,28.49234850000001,winter weekday,30.5
2023-12-18 11:00:00.000,27.510241500000006,winter weekday,26.43
2023-12-18 12:00:00.000,26.7255555,winter weekday,26.43
2023-12-18 13:00:00.000,26.72680500000001,winter weekday,26.43
2023-12-18 14:00:00.000,27.50149500000001,winter weekday,26.43
2023-12-18 15:00:00.000,28.502344500000003,winter weekday,30.5
2023-12-18 16:00:00.000,29.263290000000005,winter weekday,30.5
2023-12-18 17:00:00.000,30.390339000000004,winter weekday,30.5
2023-12-18 18:00:00.000,30.239149500000007,winter weekday,30.5
2023-12-18 19:00:00.000,29.385741000000003,winter weekday,30.5
2023-12-18 20:00:00.000,27.111651000000005,winter weekday,26.43
2023-12-18 21:00:00.000,26.250745500000004,winter weekday,26.43
2023-12-18 22:00:00.000,25.23740100000001,winter weekday,26.43
2023-12-18 23:00:00.000,24.255294000000003,winter weekday,26.43
2023-12-19 00:00:00.000,23.276935500000004,winter weekday,26.43
2023-12-19 01:00:00.000,23.176975500000005,winter weekday,26.43
2023-12-19 02:00:00.000,22.998297000000004,winter weekday,26.43
2023-12-19 03:00:00.000,24.330264000000003,winter weekday,26.43
2023-12-19 04:00:00.000,24.733852500000005,winter weekday,26.43
2023-12-19 05:00:00.000,25.491049500000003,winter weekday,26.43
2023-12-19 06:00:00.000,27.3253155,winter weekday,26.43
2023-12-19 07:00:00.000,29.072116500000007,winter weekday,30.5
2023-12-19 08:00:00.000,29.875545,winter weekday,30.5
2023-12-19 09:00:00.000,29.148336000000004,winter weekday,30.5
2023-12-19 10:00:00.000,28.126245000000004,winter weekday,26.43
2023-12-19 11:00:00.000,27.32781450000001,winter weekday,26.43
2023-12-19 12:00:00.000,26.926725000000005,winter weekday,26.43
2023-12-19 13:00:00.000,26.705563500000007,winter weekday,26.43
2023-12-19 14:00:00.000,27.446517000000004,winter weekday,26.43
2023-12-19 15:00:00.000,27.916329,winter weekday,26.43
2023-12-19 16:00:00.000,28.3898895,winter weekday,26.43
2023-12-19 17:00:00.000,28.839709500000005,winter weekday,30.5
2023-12-19 18:00:00.000,28.830963,winter weekday,30.5
2023-12-19 19:00:00.000,28.713510000000003,winter weekday,30.5
2023-12-19 20:00:00.000,27.991299000000005,winter weekday,26.43
2023-12-19 21:00:00.000,27.299076000000007,winter weekday,26.43
2023-12-19 22:00:00.000,26.824266000000005,winter weekday,26.43
2023-12-19 23:00:00.000,24.843808500000005,winter weekday,26.43
2023-12-20 00:00:00.000,24.596407500000005,winter weekday,26.43
2023-12-20 01:00:00.000,23.675526000000005,winter weekday,26.43
2023-12-20 02:00:00.000,23.36565000000001,winter weekday,26.43
2023-12-20 03:00:00.000,22.363551,winter weekday,26.43
2023-12-20 04:00:00.000,21.3052245,winter weekday,26.43
2023-12-20 05:00:00.000,22.368549000000005,winter weekday,26.43
2023-12-20 06:00:00.000,23.205714,winter weekday,26.43
2023-12-20 07:00:00.000,25.859652000000004,winter weekday,26.43
2023-12-20 08:00:00.000,26.48065350000001,winter weekday,26.43
2023-12-20 09:00:00.000,26.182023,winter weekday,26.43
2023-12-20 10:00:00.000,25.855903500000007,winter weekday,26.43
2023-12-20 11:00:00.000,25.159932000000005,winter weekday,26.43
2023-12-20 12:00:00.000,25.114950000000004,winter weekday,26.43
2023-12-20 13:00:00.000,24.9387705,winter weekday,26.43
2023-12-20 14:00:00.000,25.714710000000004,winter weekday,26.43
2023-12-20 15:00:00.000,26.112051000000005,winter weekday,26.43
2023-12-20 16:00:00.000,26.5506255,winter weekday,26.43
2023-12-20 17:00:00.000,27.394038000000005,winter weekday,26.43
2023-12-20 18:00:00.000,27.592708500000008,winter weekday,26.43
2023-12-20 19:00:00.000,27.593958000000004,winter weekday,26.43
2023-12-20 20:00:00.000,27.11290050000001,winter weekday,26.43
2023-12-20 21:00:00.000,25.712211000000003,winter weekday,26.43
2023-12-20 22:00:00.000,25.042479000000004,winter weekday,26.43
2023-12-20 23:00:00.000,23.475606000000003,winter weekday,26.43
2023-12-21 00:00:00.000,21.136542,winter weekday,26.43
2023-12-21 01:00:00.000,20.501796,winter weekday,26.43
2023-12-21 02:00:00.000,19.979505,winter weekday,26.43
2023-12-21 03:00:00.000,17.802875999999998,winter weekday,26.43
2023-12-21 04:00:00.000,17.3767965,winter weekday,26.43
2023-12-21 05:00:00.000,17.409283499999997,winter weekday,26.43
2023-12-21 06:00:00.000,20.3481075,winter weekday,26.43
2023-12-21 07:00:00.000,23.005794,winter weekday,26.43
2023-12-21 08:00:00.000,23.485602000000004,winter weekday,26.43
2023-12-21 09:00:00.000,22.021188,winter weekday,26.43
2023-12-21 10:00:00.000,21.6525855,winter weekday,26.43
2023-12-21 11:00:00.000,20.6229975,winter weekday,26.43
2023-12-21 12:00:00.000,20.3056245,winter weekday,26.43
2023-12-21 13:00:00.000,18.812472,winter weekday,26.43
2023-12-21 14:00:00.000,18.6837735,winter weekday,26.43
2023-12-21 15:00:00.000,19.46721,winter weekday,26.43
2023-12-21 16:00:00.000,19.4859525,winter weekday,26.43
2023-12-21 17:00:00.000,21.751296,winter weekday,26.43
2023-12-21 18:00:00.000,22.283583,winter weekday,26.43
2023-12-21 19:00:00.000,23.426875500000005,winter weekday,26.43
2023-12-21 20:00:00.000,22.487251500000003,winter weekday,26.43
2023-12-21 21:00:00.000,21.5101425,winter weekday,26.43
2023-12-21 22:00:00.000,20.962861499999995,winter weekday,26.43
2023-12-21 23:00:00.000,18.1239975,winter weekday,26.43
2023-12-22 00:00:00.000,17.369299499999997,winter weekday,26.43
2023-12-22 01:00:00.000,17.356745,winter weekday,26.43
2023-12-22 02:00:00.000,17.360136499999996,winter weekday,26.43
2023-12-22 03:00:00.000,17.347700999999997,winter weekday,26.43
2023-12-22 04:00:00.000,17.3397875,winter weekday,26.43
2023-12-22 05:00:00.000,17.359005999999997,winter weekday,26.43
2023-12-22 06:00:00.000,17.4692595,winter weekday,26.43
2023-12-22 07:00:00.000,21.326466,winter weekday,26.43
2023-12-22 08:00:00.000,22.3323135,winter weekday,26.43
2023-12-22 09:00:00.000,21.821268,winter weekday,26.43
2023-12-22 10:00:00.000,20.6729775,winter weekday,26.43
2023-12-22 11:00:00.000,20.645488500000003,winter weekday,26.43
2023-12-22 12:00:00.000,20.7079635,winter weekday,26.43
2023-12-22 13:00:00.000,20.529285,winter weekday,26.43
2023-12-22 14:00:00.000,20.974107,winter weekday,26.43
2023-12-22 15:00:00.000,21.637591500000003,winter weekday,26.43
2023-12-22 16:00:00.000,22.667179500000003,winter weekday,26.43
2023-12-22 17:00:00.000,22.734652500000003,winter weekday,26.43
2023-12-22 18:00:00.000,23.660532000000003,winter weekday,26.43
2023-12-22 19:00:00.000,22.427275500000004,winter weekday,26.43
2023-12-22 20:00:00.000,20.449317,winter weekday,26.43
2023-12-22 21:00:00.000,20.5580235,winter weekday,26.43
2023-12-22 22:00:00.000,21.1677795,winter weekday,26.43
2023-12-22 23:00:00.000,18.86745,winter weekday,26.43
2023-12-23 00:00:00.000,17.373047999999997,winter weekend,19.94
2023-12-23 01:00:00.000,17.366919499999998,winter weekend,19.94
2023-12-23 02:00:00.000,17.366919499999998,winter weekend,19.94
2023-12-23 03:00:00.000,17.365789,winter weekend,19.94
2023-12-23 04:00:00.000,17.366919499999998,winter weekend,19.94
2023-12-23 05:00:00.000,17.368049999999997,winter weekend,19.94
2023-12-23 06:00:00.000,17.380544999999998,winter weekend,19.94
2023-12-23 07:00:00.000,18.2964285,winter weekend,19.94
2023-12-23 08:00:00.000,19.86705,winter weekend,19.94
2023-12-23 09:00:00.000,22.625946000000003,winter weekend,19.94
2023-12-23 10:00:00.000,22.570968000000004,winter weekend,19.94
2023-12-23 11:00:00.000,23.103255000000004,winter weekend,19.94
2023-12-23 12:00:00.000,23.285682000000005,winter weekend,19.94
2023-12-23 13:00:00.000,23.591809500000004,winter weekend,19.94
2023-12-23 14:00:00.000,23.902935000000003,winter weekend,27.53
2023-12-23 15:00:00.000,24.086611500000004,winter weekend,27.53
2023-12-23 16:00:00.000,24.6213975,winter weekend,27.53
2023-12-23 17:00:00.000,25.87964400000001,winter weekend,27.53
2023-12-23 18:00:00.000,25.670977500000003,winter weekend,27.53
2023-12-23 19:00:00.000,25.0587225,winter weekend,27.53
2023-12-23 20:00:00.000,24.077865000000003,winter weekend,27.53
2023-12-23 21:00:00.000,22.560972000000003,winter weekend,19.94
2023-12-23 22:00:00.000,19.9032855,winter weekend,19.94
2023-12-23 23:00:00.000,18.335163,winter weekend,19.94
2023-12-24 00:00:00.000,17.368049999999997,winter weekend,19.94
2023-12-24 01:00:00.000,17.3646585,winter weekend,19.94
2023-12-24 02:00:00.000,17.335265500000002,winter weekend,19.94
2023-12-24 03:00:00.000,17.2583915,winter weekend,19.94
2023-12-24 04:00:00.000,16.945242999999998,winter weekend,19.94
2023-12-24 05:00:00.000,16.8061915,winter weekend,19.94
2023-12-24 06:00:00.000,16.890978999999998,winter weekend,19.94
2023-12-24 07:00:00.000,17.039074499999998,winter weekend,19.94
2023-12-24 08:00:00.000,17.036813499999997,winter weekend,19.94
2023-12-24 09:00:00.000,17.0142035,winter weekend,19.94
2023-12-24 10:00:00.000,16.7858425,winter weekend,19.94
2023-12-24 11:00:00.000,16.9644615,winter weekend,19.94
2023-12-24 12:00:00.000,17.0345525,winter weekend,19.94
2023-12-24 13:00:00.000,16.9418515,winter weekend,19.94
2023-12-24 14:00:00.000,17.120470499999996,winter weekend,19.94
2023-12-24 15:00:00.000,17.112557,winter weekend,19.94
2023-12-24 16:00:00.000,17.136297499999998,winter weekend,19.94
2023-12-24 17:00:00.000,17.101252,winter weekend,19.94
2023-12-24 18:00:00.000,16.737231,winter weekend,19.94
2023-12-24 19:00:00.000,16.342686500000003,winter weekend,19.94
2023-12-24 20:00:00.000,16.634355499999998,winter weekend,19.94
2023-12-24 21:00:00.000,17.008550999999997,winter weekend,19.94
2023-12-24 22:00:00.000,17.028899999999997,winter weekend,19.94
2023-12-24 23:00:00.000,16.6795755,winter weekend,19.94
2023-12-25 00:00:00.000,16.918111,winter weekend,19.94
2023-12-25 01:00:00.000,16.223984,winter weekend,19.94
2023-12-25 02:00:00.000,16.1459795,winter weekend,19.94
2023-12-25 03:00:00.000,15.956055499999998,winter weekend,19.94
2023-12-25 04:00:00.000,15.8565715,winter weekend,19.94
2023-12-25 05:00:00.000,16.221722999999997,winter weekend,19.94
2023-12-25 06:00:00.000,16.50887,winter weekend,19.94
2023-12-25 07:00:00.000,16.748536,winter weekend,19.94
2023-12-25 08:00:00.000,17.355614499999998,winter weekend,19.94
2023-12-25 09:00:00.000,17.2583915,winter weekend,19.94
2023-12-25 10:00:00.000,17.2583915,winter weekend,19.94
2023-12-25 11:00:00.000,17.359005999999997,winter weekend,19.94
2023-12-25 12:00:00.000,17.365789,winter weekend,19.94
2023-12-25 13:00:00.000,17.368049999999997,winter weekend,19.94
2023-12-25 14:00:00.000,17.369299499999997,winter weekend,19.94
2023-12-25 15:00:00.000,17.677926,winter weekend,19.94
2023-12-25 16:00:00.000,18.854955,winter weekend,19.94
2023-12-25 17:00:00.000,19.869549,winter weekend,19.94
2023-12-25 18:00:00.000,19.702116,winter weekend,19.94
2023-12-25 19:00:00.000,19.1560845,winter weekend,19.94
2023-12-25 20:00:00.000,18.607554,winter weekend,19.94
2023-12-25 21:00:00.000,17.8066245,winter weekend,19.94
2023-12-25 22:00:00.000,17.9928,winter weekend,19.94
2023-12-25 23:00:00.000,17.378046,winter weekend,19.94
2023-12-26 00:00:00.000,17.368049999999997,winter weekend,19.94
2023-12-26 01:00:00.000,17.365789,winter weekend,19.94
2023-12-26 02:00:00.000,17.355614499999998,winter weekend,19.94
2023-12-26 03:00:00.000,17.066206499999996,winter weekend,19.94
2023-12-26 04:00:00.000,16.9508955,winter weekend,19.94
2023-12-26 05:00:00.000,17.158907499999998,winter weekend,19.94
2023-12-26 06:00:00.000,17.216563,winter weekend,19.94
2023-12-26 07:00:00.000,17.264044,winter weekend,19.94
2023-12-26 08:00:00.000,17.2493475,winter weekend,19.94
2023-12-26 09:00:00.000,17.359005999999997,winter weekend,19.94
2023-12-26 10:00:00.000,17.361267,winter weekend,19.94
2023-12-26 11:00:00.000,17.3623975,winter weekend,19.94
2023-12-26 12:00:00.000,17.363528,winter weekend,19.94
2023-12-26 13:00:00.000,17.368049999999997,winter weekend,19.94
2023-12-26 14:00:00.000,17.438022,winter weekend,19.94
2023-12-26 15:00:00.000,18.6212985,winter weekend,19.94
2023-12-26 16:00:00.000,23.283183,winter weekend,19.94
2023-12-26 17:00:00.000,23.989150500000004,winter weekend,27.53
2023-12-26 18:00:00.000,24.072867,winter weekend,27.53
2023-12-26 19:00:00.000,23.996647500000005,winter weekend,27.53
2023-12-26 20:00:00.000,23.530584000000005,winter weekend,19.94
2023-12-26 21:00:00.000,22.8596025,winter weekend,19.94
2023-12-26 22:00:00.000,23.194468500000003,winter weekend,19.94
2023-12-26 23:00:00.000,24.025386,winter weekend,27.53
2023-12-27 00:00:00.000,22.534732500000004,winter weekend,19.94
2023-12-27 01:00:00.000,23.8741965,winter weekend,27.53
2023-12-27 02:00:00.000,24.5689185,winter weekend,27.53
2023-12-27 03:00:00.000,23.821717500000005,winter weekend,27.53
2023-12-27 04:00:00.000,23.586811500000003,winter weekend,19.94
2023-12-27 05:00:00.000,24.362751000000003,winter weekend,27.53
2023-12-27 06:00:00.000,25.497297000000003,winter weekend,27.53
2023-12-27 07:00:00.000,27.044178,winter weekend,27.53
2023-12-27 08:00:00.000,27.7051635,winter weekend,27.53
2023-12-27 09:00:00.000,27.43402200000001,winter weekend,27.53
2023-12-27 10:00:00.000,26.7630405,winter weekend,27.53
2023-12-27 11:00:00.000,26.703064500000004,winter weekend,27.53
2023-12-27 12:00:00.000,26.58811050000001,winter weekend,27.53
2023-12-27 13:00:00.000,26.349456000000007,winter weekend,27.53
2023-12-27 14:00:00.000,26.569368000000004,winter weekend,27.53
2023-12-27 15:00:00.000,27.357802500000005,winter weekend,27.53
2023-12-27 16:00:00.000,27.335311500000003,winter weekend,27.53
2023-12-27 17:00:00.000,27.404034000000003,winter weekend,27.53
2023-12-27 18:00:00.000,26.658082500000003,winter weekend,27.53
2023-12-27 19:00:00.000,25.471057500000004,winter weekend,27.53
2023-12-27 20:00:00.000,24.206563500000005,winter weekend,27.53
2023-12-27 21:00:00.000,20.459313,winter weekend,19.94
2023-12-27 22:00:00.000,19.4909505,winter weekend,19.94
2023-12-27 23:00:00.000,17.369299499999997,winter weekend,19.94
2023-12-28 00:00:00.000,17.365789,winter weekend,19.94
2023-12-28 01:00:00.000,17.279871,winter weekend,19.94
2023-12-28 02:00:00.000,17.2063885,winter weekend,19.94
2023-12-28 03:00:00.000,17.210910499999997,winter weekend,19.94
2023-12-28 04:00:00.000,17.207519,winter weekend,19.94
2023-12-28 05:00:00.000,17.3375265,winter weekend,19.94
2023-12-28 06:00:00.000,17.370549,winter weekend,19.94
2023-12-28 07:00:00.000,19.374747,winter weekend,19.94
2023-12-28 08:00:00.000,22.14114,winter weekend,19.94
2023-12-28 09:00:00.000,22.2098625,winter weekend,19.94
2023-12-28 10:00:00.000,21.0253365,winter weekend,19.94
2023-12-28 11:00:00.000,19.1111025,winter weekend,19.94
2023-12-28 12:00:00.000,18.5263365,winter weekend,19.94
2023-12-28 13:00:00.000,18.087762,winter weekend,19.94
2023-12-28 14:00:00.000,19.164831,winter weekend,19.94
2023-12-28 15:00:00.000,19.324767,winter weekend,19.94
2023-12-28 16:00:00.000,22.408533,winter weekend,19.94
2023-12-28 17:00:00.000,23.219458500000005,winter weekend,19.94
2023-12-28 18:00:00.000,23.103255000000004,winter weekend,19.94
2023-12-28 19:00:00.000,22.1848725,winter weekend,19.94
2023-12-28 20:00:00.000,19.864551,winter weekend,19.94
2023-12-28 21:00:00.000,19.0861125,winter weekend,19.94
2023-12-28 22:00:00.000,19.582164,winter weekend,19.94
2023-12-28 23:00:00.000,17.493,winter weekend,19.94
2023-12-29 00:00:00.000,17.368049999999997,winter weekend,19.94
2023-12-29 01:00:00.000,17.359005999999997,winter weekend,19.94
2023-12-29 02:00:00.000,17.336396,winter weekend,19.94
2023-12-29 03:00:00.000,17.2629135,winter weekend,19.94
2023-12-29 04:00:00.000,17.260652500000003,winter weekend,19.94
2023-12-29 05:00:00.000,17.338656999999998,winter weekend,19.94
2023-12-29 06:00:00.000,17.360136499999996,winter weekend,19.94
2023-12-29 07:00:00.000,17.366919499999998,winter weekend,19.94
2023-12-29 08:00:00.000,17.922828,winter weekend,19.94
2023-12-29 09:00:00.000,17.5042455,winter weekend,19.94
2023-12-29 10:00:00.000,17.374297499999997,winter weekend,19.94
2023-12-29 11:00:00.000,17.366919499999998,winter weekend,19.94
2023-12-29 12:00:00.000,17.44302,winter weekend,19.94
2023-12-29 13:00:00.000,17.4917505,winter weekend,19.94
2023-12-29 14:00:00.000,17.646688499999996,winter weekend,19.94
2023-12-29 15:00:00.000,18.6163005,winter weekend,19.94
2023-12-29 16:00:00.000,18.620049,winter weekend,19.94
2023-12-29 17:00:00.000,20.506794,winter weekend,19.94
2023-12-29 18:00:00.000,20.6904705,winter weekend,19.94
2023-12-29 19:00:00.000,19.513441499999995,winter weekend,19.94
2023-12-29 20:00:00.000,18.630045,winter weekend,19.94
2023-12-29 21:00:00.000,17.997797999999996,winter weekend,19.94
2023-12-29 22:00:00.000,20.229405,winter weekend,19.94
2023-12-29 23:00:00.000,19.7283555,winter weekend,19.94
2023-12-30 00:00:00.000,18.1040055,winter weekend,19.94
2023-12-30 01:00:00.000,17.7141615,winter weekend,19.94
2023-12-30 02:00:00.000,18.477606,winter weekend,19.94
2023-12-30 03:00:00.000,18.06777,winter weekend,19.94
2023-12-30 04:00:00.000,18.085263,winter weekend,19.94
2023-12-30 05:00:00.000,18.3064245,winter weekend,19.94
2023-12-30 06:00:00.000,18.0890115,winter weekend,19.94
2023-12-30 07:00:00.000,19.974507,winter weekend,19.94
2023-12-30 08:00:00.000,20.8079235,winter weekend,19.94
2023-12-30 09:00:00.000,20.856654,winter weekend,19.94
2023-12-30 10:00:00.000,20.3556045,winter weekend,19.94
2023-12-30 11:00:00.000,19.8533055,winter weekend,19.94
2023-12-30 12:00:00.000,19.869549,winter weekend,19.94
2023-12-30 13:00:00.000,20.346858,winter weekend,19.94
2023-12-30 14:00:00.000,22.620948,winter weekend,19.94
2023-12-30 15:00:00.000,24.396487500000003,winter weekend,27.53
2023-12-30 16:00:00.000,26.113300500000005,winter weekend,27.53
2023-12-30 17:00:00.000,27.381543000000004,winter weekend,27.53
2023-12-30 18:00:00.000,27.3628005,winter weekend,27.53
2023-12-30 19:00:00.000,26.250745500000004,winter weekend,27.53
2023-12-30 20:00:00.000,25.116199500000004,winter weekend,27.53
2023-12-30 21:00:00.000,24.410232000000004,winter weekend,27.53
2023-12-30 22:00:00.000,23.628045000000004,winter weekend,19.94
2023-12-30 23:00:00.000,22.769638500000003,winter weekend,19.94
2023-12-31 00:00:00.000,21.933723,winter weekend,19.94
2023-12-31 01:00:00.000,19.0261365,winter weekend,19.94
2023-12-31 02:00:00.000,17.86785,winter weekend,19.94
2023-12-31 03:00:00.000,17.406784499999997,winter weekend,19.94
2023-12-31 04:00:00.000,17.440520999999997,winter weekend,19.94
2023-12-31 05:00:00.000,17.527986,winter weekend,19.94
2023-12-31 06:00:00.000,17.413031999999998,winter weekend,19.94
2023-12-31 07:00:00.000,17.3646585,winter weekend,19.94
2023-12-31 08:00:00.000,17.740401000000002,winter weekend,19.94
2023-12-31 09:00:00.000,18.505095,winter weekend,19.94
2023-12-31 10:00:00.000,19.11735,winter weekend,19.94
2023-12-31 11:00:00.000,18.6812745,winter weekend,19.94
2023-12-31 12:00:00.000,18.7087635,winter weekend,19.94
2023-12-31 13:00:00.000,18.0865125,winter weekend,19.94
2023-12-31 14:00:00.000,18.490101,winter weekend,19.94
2023-12-31 15:00:00.000,18.9861525,winter weekend,19.94
2023-12-31 16:00:00.000,19.979505,winter weekend,19.94
2023-12-31 17:00:00.000,20.61675,winter weekend,19.94
2023-12-31 18:00:00.000,20.2906305,winter weekend,19.94
2023-12-31 19:00:00.000,18.4926,winter weekend,19.94
2023-12-31 20:00:00.000,18.3614025,winter weekend,19.94
2023-12-31 21:00:00.000,18.11775,winter weekend,19.94
2023-12-31 22:00:00.000,18.702516,winter weekend,19.94
2023-12-31 23:00:00.000,17.672928,winter weekend,19.94
2024-01-01 00:00:00.000,19.997355,winter weekend,19.94
2024-01-01 01:00:00.000,19.9861095,winter weekend,19.94
2024-01-01 02:00:00.000,19.98486,winter weekend,19.94
2024-01-01 03:00:00.000,19.9837295,winter weekend,19.94
2024-01-01 04:00:00.000,19.9814685,winter weekend,19.94
2024-01-01 05:00:00.000,19.982599,winter weekend,19.94
2024-01-01 06:00:00.000,19.9792075,winter weekend,19.94
2024-01-01 07:00:00.000,19.982599,winter weekend,19.94
2024-01-01 08:00:00.000,19.98486,winter weekend,19.94
2024-01-01 09:00:00.000,19.989858,winter weekend,19.94
2024-01-01 10:00:00.000,19.992357,winter weekend,19.94
2024-01-01 11:00:00.000,20.052333,winter weekend,19.94
2024-01-01 12:00:00.000,20.264748,winter weekend,19.94
2024-01-01 13:00:00.000,20.229762,winter weekend,19.94
2024-01-01 14:00:00.000,20.114808,winter weekend,19.94
2024-01-01 15:00:00.000,20.442177,winter weekend,19.94
2024-01-01 16:00:00.000,25.365206999999995,winter weekend,27.53
2024-01-01 17:00:00.000,26.223613499999995,winter weekend,27.53
2024-01-01 18:00:00.000,27.231959999999997,winter weekend,27.53
2024-01-01 19:00:00.000,26.763397499999996,winter weekend,27.53
2024-01-01 20:00:00.000,25.9837095,winter weekend,27.53
2024-01-01 21:00:00.000,25.3514625,winter weekend,27.53
2024-01-01 22:00:00.000,25.868755499999995,winter weekend,27.53
2024-01-01 23:00:00.000,24.4268325,winter weekend,27.53
2024-01-02 00:00:00.000,23.807080499999994,winter weekend,27.53
2024-01-02 01:00:00.000,22.4926065,winter weekend,19.94
2024-01-02 02:00:00.000,23.8620585,winter weekend,27.53
2024-01-02 03:00:00.000,22.282690499999998,winter weekend,19.94
2024-01-02 04:00:00.000,21.369306,winter weekend,19.94
2024-01-02 05:00:00.000,21.706671,winter weekend,19.94
2024-01-02 06:00:00.000,25.936228499999995,winter weekend,27.53
2024-01-02 07:00:00.000,27.244454999999995,winter weekend,27.53
2024-01-02 08:00:00.000,28.190326499999998,winter weekend,27.53
2024-01-02 09:00:00.000,28.0728735,winter weekend,27.53
2024-01-02 10:00:00.000,28.603911,winter weekend,27.53
2024-01-02 11:00:00.000,29.173683,winter weekend,27.53
2024-01-02 12:00:00.000,29.75095199999999,winter weekend,27.53
2024-01-02 13:00:00.000,29.8396665,winter weekend,27.53
2024-01-02 14:00:00.000,29.885897999999997,winter weekend,27.53
2024-01-02 15:00:00.000,29.975861999999992,winter weekend,27.53
2024-01-02 16:00:00.000,30.413187,winter weekend,32.84
2024-01-02 17:00:00.000,30.095814,winter weekend,27.53
2024-01-02 18:00:00.000,29.349862499999997,winter weekend,27.53
2024-01-02 19:00:00.000,27.879200999999995,winter weekend,27.53
2024-01-02 20:00:00.000,27.1207545,winter weekend,27.53
2024-01-02 21:00:00.000,25.843765499999996,winter weekend,27.53
2024-01-02 22:00:00.000,24.982859999999995,winter weekend,27.53
2024-01-02 23:00:00.000,20.9132385,winter weekend,19.94
2024-01-03 00:00:00.000,19.975816,winter weekend,19.94
2024-01-03 01:00:00.000,19.8458085,winter weekend,19.94
2024-01-03 02:00:00.000,19.837895,winter weekend,19.94
2024-01-03 03:00:00.000,19.8367645,winter weekend,19.94
2024-01-03 04:00:00.000,19.8367645,winter weekend,19.94
2024-01-03 05:00:00.000,19.828851,winter weekend,19.94
2024-01-03 06:00:00.000,20.1210555,winter weekend,19.94
2024-01-03 07:00:00.000,25.056580499999995,winter weekend,27.53
2024-01-03 08:00:00.000,27.433129499999996,winter weekend,27.53
2024-01-03 09:00:00.000,27.5580795,winter weekend,27.53
2024-01-03 10:00:00.000,27.107009999999995,winter weekend,27.53
2024-01-03 11:00:00.000,26.843365499999997,winter weekend,27.53
2024-01-03 12:00:00.000,26.718415499999992,winter weekend,27.53
2024-01-03 13:00:00.000,26.784638999999995,winter weekend,27.53
2024-01-03 14:00:00.000,27.589316999999998,winter weekend,27.53
2024-01-03 15:00:00.000,28.379001,winter weekend,27.53
2024-01-03 16:00:00.000,29.179930499999998,winter weekend,27.53
2024-01-03 17:00:00.000,30.265745999999996,winter weekend,32.84
2024-01-03 18:00:00.000,30.3519615,winter weekend,32.84
2024-01-03 19:00:00.000,29.8596585,winter weekend,27.53
2024-01-03 20:00:00.000,29.1349485,winter weekend,27.53
2024-01-03 21:00:00.000,28.407739499999995,winter weekend,27.53
2024-01-03 22:00:00.000,28.106609999999996,winter weekend,27.53
2024-01-03 23:00:00.000,27.246953999999995,winter weekend,27.53
2024-01-04 00:00:00.000,27.144495,winter weekend,27.53
2024-01-04 01:00:00.000,26.289836999999995,winter weekend,27.53
2024-01-04 02:00:00.000,24.982859999999995,winter weekend,27.53
2024-01-04 03:00:00.000,23.168585999999998,winter weekend,19.94
2024-01-04 04:00:00.000,24.35811,winter weekend,27.53
2024-01-04 05:00:00.000,27.198223499999997,winter weekend,27.53
2024-01-04 06:00:00.000,29.0624775,winter weekend,27.53
2024-01-04 07:00:00.000,30.608108999999995,winter weekend,32.84
2024-01-04 08:00:00.000,31.414036499999995,winter weekend,32.84
2024-01-04 09:00:00.000,31.75515,winter weekend,32.84
2024-01-04 10:00:00.000,31.431529499999996,winter weekend,32.84
2024-01-04 11:00:00.000,31.234108499999994,winter weekend,32.84
2024-01-04 12:00:00.000,30.768044999999997,winter weekend,32.84
2024-01-04 13:00:00.000,30.725562,winter weekend,32.84
2024-01-04 14:00:00.000,31.4940045,winter weekend,32.84
2024-01-04 15:00:00.000,32.30742899999999,winter weekend,32.84
2024-01-04 16:00:00.000,33.1958235,winter weekend,32.84
2024-01-04 17:00:00.000,36.63194849999999,winter weekend,32.84
2024-01-04 18:00:00.000,38.0588775,winter weekend,32.84
2024-01-04 19:00:00.000,35.60361,winter weekend,32.84
2024-01-04 20:00:00.000,32.9284305,winter weekend,32.84
2024-01-04 21:00:00.000,32.481109499999995,winter weekend,32.84
2024-01-04 22:00:00.000,31.837616999999995,winter weekend,32.84
2024-01-04 23:00:00.000,31.084168499999997,winter weekend,32.84
2024-01-05 00:00:00.000,30.740555999999994,winter weekend,32.84
2024-01-05 01:00:00.000,30.0445845,winter weekend,27.53
2024-01-05 02:00:00.000,29.607259499999994,winter weekend,27.53
2024-01-05 03:00:00.000,29.132449499999996,winter weekend,27.53
2024-01-05 04:00:00.000,29.2374075,winter weekend,27.53
2024-01-05 05:00:00.000,29.484808499999996,winter weekend,27.53
2024-01-05 06:00:00.000,30.105809999999995,winter weekend,27.53
2024-01-05 07:00:00.000,30.855509999999995,winter weekend,32.84
2024-01-05 08:00:00.000,31.1766315,winter weekend,32.84
2024-01-05 09:00:00.000,31.8463635,winter weekend,32.84
2024-01-05 10:00:00.000,32.015046,winter weekend,32.84
2024-01-05 11:00:00.000,32.257448999999994,winter weekend,32.84
2024-01-05 12:00:00.000,31.510247999999997,winter weekend,32.84
2024-01-05 13:00:00.000,31.422783,winter weekend,32.84
2024-01-05 14:00:00.000,32.0312895,winter weekend,32.84
2024-01-05 15:00:00.000,32.4861075,winter weekend,32.84
2024-01-05 16:00:00.000,32.8509615,winter weekend,32.84
2024-01-05 17:00:00.000,33.401990999999995,winter weekend,32.84
2024-01-05 18:00:00.000,33.535687499999995,winter weekend,32.84
2024-01-05 19:00:00.000,32.974661999999995,winter weekend,32.84
2024-01-05 20:00:00.000,32.4911055,winter weekend,32.84
2024-01-05 21:00:00.000,31.7539005,winter weekend,32.84
2024-01-05 22:00:00.000,31.845114,winter weekend,32.84
2024-01-05 23:00:00.000,30.83052,winter weekend,32.84
2024-01-06 00:00:00.000,30.2619975,winter weekend,32.84
2024-01-06 01:00:00.000,30.005849999999995,winter weekend,27.53
2024-01-06 02:00:00.000,29.497303499999997,winter weekend,27.53
2024-01-06 03:00:00.000,29.1074595,winter weekend,27.53
2024-01-06 04:00:00.000,29.1074595,winter weekend,27.53
2024-01-06 05:00:00.000,29.3048805,winter weekend,27.53
2024-01-06 06:00:00.000,29.368604999999995,winter weekend,27.53
2024-01-06 07:00:00.000,30.1545405,winter weekend,27.53
2024-01-06 08:00:00.000,31.030439999999995,winter weekend,32.84
2024-01-06 09:00:00.000,31.508998499999997,winter weekend,32.84
2024-01-06 10:00:00.000,32.142495,winter weekend,32.84
2024-01-06 11:00:00.000,32.5335885,winter weekend,32.84
2024-01-06 12:00:00.000,32.374902,winter weekend,32.84
2024-01-06 13:00:00.000,31.882598999999995,winter weekend,32.84
2024-01-06 14:00:00.000,31.548982499999997,winter weekend,32.84
2024-01-06 15:00:00.000,31.866355499999997,winter weekend,32.84
2024-01-06 16:00:00.000,32.46111749999999,winter weekend,32.84
2024-01-06 17:00:00.000,33.0133965,winter weekend,32.84
2024-01-06 18:00:00.000,32.9334285,winter weekend,32.84
2024-01-06 19:00:00.000,32.35491,winter weekend,32.84
2024-01-06 20:00:00.000,31.497753,winter weekend,32.84
2024-01-06 21:00:00.000,30.98046,winter weekend,32.84
2024-01-06 22:00:00.000,30.8017815,winter weekend,32.84
2024-01-06 23:00:00.000,29.964616499999995,winter weekend,27.53
2024-01-07 00:00:00.000,30.490655999999998,winter weekend,32.84
2024-01-07 01:00:00.000,29.958368999999998,winter weekend,27.53
2024-01-07 02:00:00.000,29.576021999999995,winter weekend,27.53
2024-01-07 03:00:00.000,29.163687,winter weekend,27.53
2024-01-07 04:00:00.000,28.963767,winter weekend,27.53
2024-01-07 05:00:00.000,28.991256,winter weekend,27.53
2024-01-07 06:00:00.000,29.343615,winter weekend,27.53
2024-01-07 07:00:00.000,29.6922255,winter weekend,27.53
2024-01-07 08:00:00.000,30.2045205,winter weekend,32.84
2024-01-07 09:00:00.000,30.588117,winter weekend,32.84
2024-01-07 10:00:00.000,30.874252499999997,winter weekend,32.84
2024-01-07 11:00:00.000,31.122902999999997,winter weekend,32.84
2024-01-07 12:00:00.000,31.062926999999995,winter weekend,32.84
2024-01-07 13:00:00.000,30.581869499999996,winter weekend,32.84
2024-01-07 14:00:00.000,30.523143,winter weekend,32.84
2024-01-07 15:00:00.000,30.9817095,winter weekend,32.84
2024-01-07 16:00:00.000,31.657688999999998,winter weekend,32.84
2024-01-07 17:00:00.000,32.7010215,winter weekend,32.84
2024-01-07 18:00:00.000,33.08586749999999,winter weekend,32.84
2024-01-07 19:00:00.000,32.9234325,winter weekend,32.84
2024-01-07 20:00:00.000,32.542334999999994,winter weekend,32.84
2024-01-07 21:00:00.000,31.643944499999996,winter weekend,32.84
2024-01-07 22:00:00.000,31.376551499999994,winter weekend,32.84
2024-01-07 23:00:00.000,30.463166999999995,winter weekend,32.84
2024-01-08 00:00:00.000,30.858009,winter weekday,30.5
2024-01-08 01:00:00.000,30.52064399999999,winter weekday,30.5
2024-01-08 02:00:00.000,30.208268999999994,winter weekday,30.5
2024-01-08 03:00:00.000,29.869654499999992,winter weekday,30.5
2024-01-08 04:00:00.000,29.790935999999995,winter weekday,30.5
2024-01-08 05:00:00.000,30.243254999999994,winter weekday,30.5
2024-01-08 06:00:00.000,31.767645,winter weekday,30.5
2024-01-08 07:00:00.000,33.86680499999999,winter weekday,35.79
2024-01-08 08:00:00.000,35.1175545,winter weekday,35.79
2024-01-08 09:00:00.000,34.7077185,winter weekday,35.79
2024-01-08 10:00:00.000,33.80432999999999,winter weekday,35.79
2024-01-08 11:00:00.000,32.85471,winter weekday,30.5
2024-01-08 12:00:00.000,31.917584999999995,winter weekday,30.5
2024-01-08 13:00:00.000,31.55523,winter weekday,30.5
2024-01-08 14:00:00.000,32.479859999999995,winter weekday,30.5
2024-01-08 15:00:00.000,33.476961,winter weekday,35.79
2024-01-08 16:00:00.000,34.587766499999994,winter weekday,35.79
2024-01-08 17:00:00.000,36.1196535,winter weekday,35.79
2024-01-08 18:00:00.000,36.2296095,winter weekday,35.79
2024-01-08 19:00:00.000,35.243754,winter weekday,35.79
2024-01-08 20:00:00.000,34.2553995,winter weekday,35.79
2024-01-08 21:00:00.000,32.833468499999995,winter weekday,30.5
2024-01-08 22:00:00.000,32.477360999999995,winter weekday,30.5
2024-01-08 23:00:00.000,31.416535499999995,winter weekday,30.5
2024-01-09 00:00:00.000,31.000452,winter weekday,30.5
2024-01-09 01:00:00.000,30.860507999999992,winter weekday,30.5
2024-01-09 02:00:00.000,30.605609999999995,winter weekday,30.5
2024-01-09 03:00:00.000,30.498153,winter weekday,30.5
2024-01-09 04:00:00.000,30.695574,winter weekday,30.5
2024-01-09 05:00:00.000,31.140396,winter weekday,30.5
2024-01-09 06:00:00.000,33.543184499999995,winter weekday,35.79
2024-01-09 07:00:00.000,35.486157,winter weekday,35.79
2024-01-09 08:00:00.000,36.63319799999999,winter weekday,35.79
2024-01-09 09:00:00.000,35.092564499999995,winter weekday,35.79
2024-01-09 10:00:00.000,34.1279505,winter weekday,35.79
2024-01-09 11:00:00.000,33.202071,winter weekday,35.79
2024-01-09 12:00:00.000,32.507349,winter weekday,30.5
2024-01-09 13:00:00.000,32.58231899999999,winter weekday,30.5
2024-01-09 14:00:00.000,33.8405655,winter weekday,35.79
2024-01-09 15:00:00.000,34.90389,winter weekday,35.79
2024-01-09 16:00:00.000,35.9597175,winter weekday,35.79
2024-01-09 17:00:00.000,37.207968,winter weekday,35.79
2024-01-09 18:00:00.000,37.20296999999999,winter weekday,35.79
2024-01-09 19:00:00.000,36.28208849999999,winter weekday,35.79
2024-01-09 20:00:00.000,35.00884799999999,winter weekday,35.79
2024-01-09 21:00:00.000,33.939276,winter weekday,35.79
2024-01-09 22:00:00.000,33.252050999999994,winter weekday,35.79
2024-01-09 23:00:00.000,32.116255499999994,winter weekday,30.5
2024-01-10 00:00:00.000,31.1416455,winter weekday,30.5
2024-01-10 01:00:00.000,30.825522,winter weekday,30.5
2024-01-10 02:00:00.000,30.821773499999992,winter weekday,30.5
2024-01-10 03:00:00.000,30.741805499999995,winter weekday,30.5
2024-01-10 04:00:00.000,30.768044999999997,winter weekday,30.5
2024-01-10 05:00:00.000,31.111657499999996,winter weekday,30.5
2024-01-10 06:00:00.000,33.58941599999999,winter weekday,35.79
2024-01-10 07:00:00.000,35.7647955,winter weekday,35.79
2024-01-10 08:00:00.000,37.637796,winter weekday,35.79
2024-01-10 09:00:00.000,36.27709049999999,winter weekday,35.79
2024-01-10 10:00:00.000,34.798932,winter weekday,35.79
2024-01-10 11:00:00.000,33.6206535,winter weekday,35.79
2024-01-10 12:00:00.000,32.755999499999994,winter weekday,30.5
2024-01-10 13:00:00.000,33.180829499999994,winter weekday,35.79
2024-01-10 14:00:00.000,34.092964499999994,winter weekday,35.79
2024-01-10 15:00:00.000,35.453669999999995,winter weekday,35.79
2024-01-10 16:00:00.000,36.808128,winter weekday,35.79
2024-01-10 17:00:00.000,37.9514205,winter weekday,35.79
2024-01-10 18:00:00.000,37.47785999999999,winter weekday,35.79
2024-01-10 19:00:00.000,36.4970025,winter weekday,35.79
2024-01-10 20:00:00.000,34.97886,winter weekday,35.79
2024-01-10 21:00:00.000,33.699372,winter weekday,35.79
2024-01-10 22:00:00.000,33.040885499999995,winter weekday,30.5
2024-01-10 23:00:00.000,31.983808499999995,winter weekday,30.5
2024-01-11 00:00:00.000,31.4490225,winter weekday,30.5
2024-01-11 01:00:00.000,31.0541805,winter weekday,30.5
2024-01-11 02:00:00.000,30.886747499999995,winter weekday,30.5
2024-01-11 03:00:00.000,30.278240999999998,winter weekday,30.5
2024-01-11 04:00:00.000,30.224512499999992,winter weekday,30.5
2024-01-11 05:00:00.000,31.150391999999997,winter weekday,30.5
2024-01-11 06:00:00.000,32.73850649999999,winter weekday,30.5
2024-01-11 07:00:00.000,34.586517,winter weekday,35.79
2024-01-11 08:00:00.000,37.60280999999999,winter weekday,35.79
2024-01-11 09:00:00.000,36.123402,winter weekday,35.79
2024-01-11 10:00:00.000,34.1854275,winter weekday,35.79
2024-01-11 11:00:00.000,33.289536,winter weekday,35.79
2024-01-11 12:00:00.000,32.402390999999994,winter weekday,30.5
2024-01-11 13:00:00.000,32.35491,winter weekday,30.5
2024-01-11 14:00:00.000,33.22706099999999,winter weekday,35.79
2024-01-11 15:00:00.000,34.72396199999999,winter weekday,35.79
2024-01-11 16:00:00.000,37.1467425,winter weekday,35.79
2024-01-11 17:00:00.000,38.7386055,winter weekday,35.79
2024-01-11 18:00:00.000,37.0642755,winter weekday,35.79
2024-01-11 19:00:00.000,36.5169945,winter weekday,35.79
2024-01-11 20:00:00.000,34.713966,winter weekday,35.79
2024-01-11 21:00:00.000,33.37825049999999,winter weekday,35.79
2024-01-11 22:00:00.000,32.479859999999995,winter weekday,30.5
2024-01-11 23:00:00.000,32.132499,winter weekday,30.5
2024-01-12 00:00:00.000,31.360308,winter weekday,30.5
2024-01-12 01:00:00.000,31.007948999999996,winter weekday,30.5
2024-01-12 02:00:00.000,30.633098999999994,winter weekday,30.5
2024-01-12 03:00:00.000,30.55937849999999,winter weekday,30.5
2024-01-12 04:00:00.000,30.523143,winter weekday,30.5
2024-01-12 05:00:00.000,30.645594,winter weekday,30.5
2024-01-12 06:00:00.000,31.4940045,winter weekday,30.5
2024-01-12 07:00:00.000,34.748952,winter weekday,35.79
2024-01-12 08:00:00.000,37.570323,winter weekday,35.79
2024-01-12 09:00:00.000,36.848112,winter weekday,35.79
2024-01-12 10:00:00.000,35.230009499999994,winter weekday,35.79
2024-01-12 11:00:00.000,34.320373499999995,winter weekday,35.79
2024-01-12 12:00:00.000,33.352011,winter weekday,35.79
2024-01-12 13:00:00.000,32.86470599999999,winter weekday,30.5
2024-01-12 14:00:00.000,33.047132999999995,winter weekday,30.5
2024-01-12 15:00:00.000,33.72935999999999,winter weekday,35.79
2024-01-12 16:00:00.000,34.97886,winter weekday,35.79
2024-01-12 17:00:00.000,35.91598499999999,winter weekday,35.79
2024-01-12 18:00:00.000,35.728559999999995,winter weekday,35.79
2024-01-12 19:00:00.000,34.91263649999999,winter weekday,35.79
2024-01-12 20:00:00.000,33.5781705,winter weekday,35.79
2024-01-12 21:00:00.000,32.28993599999999,winter weekday,30.5
2024-01-12 22:00:00.000,31.6514415,winter weekday,30.5
2024-01-12 23:00:00.000,30.653091,winter weekday,30.5
2024-01-13 00:00:00.000,31.230359999999997,winter weekend,32.84
2024-01-13 01:00:00.000,30.605609999999995,winter weekend,32.84
2024-01-13 02:00:00.000,30.230759999999997,winter weekend,32.84
2024-01-13 03:00:00.000,29.78968649999999,winter weekend,27.53
2024-01-13 04:00:00.000,29.356109999999997,winter weekend,27.53
2024-01-13 05:00:00.000,29.346114,winter weekend,27.53
2024-01-13 06:00:00.000,29.743455,winter weekend,27.53
2024-01-13 07:00:00.000,30.258249,winter weekend,32.84
2024-01-13 08:00:00.000,30.638096999999995,winter weekend,32.84
2024-01-13 09:00:00.000,29.369854499999995,winter weekend,27.53
2024-01-13 10:00:00.000,29.257399499999995,winter weekend,27.53
2024-01-13 11:00:00.000,29.071223999999997,winter weekend,27.53
2024-01-13 12:00:00.000,28.775092499999992,winter weekend,27.53
2024-01-13 13:00:00.000,27.940426499999997,winter weekend,27.53
2024-01-13 14:00:00.000,28.470214499999997,winter weekend,27.53
2024-01-13 15:00:00.000,28.557679499999992,winter weekend,27.53
2024-01-13 16:00:00.000,28.828821,winter weekend,27.53
2024-01-13 17:00:00.000,29.258648999999995,winter weekend,27.53
2024-01-13 18:00:00.000,29.457319499999997,winter weekend,27.53
2024-01-13 19:00:00.000,29.208669,winter weekend,27.53
2024-01-13 20:00:00.000,29.113706999999994,winter weekend,27.53
2024-01-13 21:00:00.000,28.8475635,winter weekend,27.53
2024-01-13 22:00:00.000,28.019144999999995,winter weekend,27.53
2024-01-13 23:00:00.000,27.876702,winter weekend,27.53
2024-01-14 00:00:00.000,27.984158999999995,winter weekend,27.53
2024-01-14 01:00:00.000,27.7455045,winter weekend,27.53
2024-01-14 02:00:00.000,27.847963499999995,winter weekend,27.53
2024-01-14 03:00:00.000,27.9829095,winter weekend,27.53
2024-01-14 04:00:00.000,28.0653765,winter weekend,27.53
2024-01-14 05:00:00.000,28.131599999999995,winter weekend,27.53
2024-01-14 06:00:00.000,28.3952445,winter weekend,27.53
2024-01-14 07:00:00.000,28.938776999999995,winter weekend,27.53
2024-01-14 08:00:00.000,29.573522999999994,winter weekend,27.53
2024-01-14 09:00:00.000,30.123303,winter weekend,27.53
2024-01-14 10:00:00.000,30.059578499999997,winter weekend,27.53
2024-01-14 11:00:00.000,30.210767999999995,winter weekend,32.84
2024-01-14 12:00:00.000,30.0295905,winter weekend,27.53
2024-01-14 13:00:00.000,29.611008,winter weekend,27.53
2024-01-14 14:00:00.000,29.8746525,winter weekend,27.53
2024-01-14 15:00:00.000,30.270743999999997,winter weekend,32.84
2024-01-14 16:00:00.000,30.808028999999998,winter weekend,32.84
2024-01-14 17:00:00.000,31.462767,winter weekend,32.84
2024-01-14 18:00:00.000,32.10126149999999,winter weekend,32.84
2024-01-14 19:00:00.000,31.0941645,winter weekend,32.84
2024-01-14 20:00:00.000,30.105809999999995,winter weekend,27.53
2024-01-14 21:00:00.000,29.80593,winter weekend,27.53
2024-01-14 22:00:00.000,29.40484049999999,winter weekend,27.53
2024-01-14 23:00:00.000,28.380250499999995,winter weekend,27.53
2024-01-15 00:00:00.000,28.468964999999997,winter weekday,30.5
2024-01-15 01:00:00.000,28.106609999999996,winter weekday,26.43
2024-01-15 02:00:00.000,27.974162999999997,winter weekday,26.43
2024-01-15 03:00:00.000,27.736757999999995,winter weekday,26.43
2024-01-15 04:00:00.000,27.736757999999995,winter weekday,26.43
2024-01-15 05:00:00.000,28.637647499999996,winter weekday,30.5
2024-01-15 06:00:00.000,29.974612499999992,winter weekday,30.5
2024-01-15 07:00:00.000,30.460667999999995,winter weekday,30.5
2024-01-15 08:00:00.000,32.39239499999999,winter weekday,30.5
2024-01-15 09:00:00.000,32.51609549999999,winter weekday,30.5
2024-01-15 10:00:00.000,31.840115999999995,winter weekday,30.5
2024-01-15 11:00:00.000,31.262846999999997,winter weekday,30.5
2024-01-15 12:00:00.000,30.463166999999995,winter weekday,30.5
2024-01-15 13:00:00.000,30.249502499999995,winter weekday,30.5
2024-01-15 14:00:00.000,30.543134999999992,winter weekday,30.5
2024-01-15 15:00:00.000,31.160388,winter weekday,30.5
2024-01-15 16:00:00.000,32.16998399999999,winter weekday,30.5
2024-01-15 17:00:00.000,33.287037,winter weekday,35.79
2024-01-15 18:00:00.000,34.07921999999999,winter weekday,35.79
2024-01-15 19:00:00.000,33.776841,winter weekday,35.79
2024-01-15 20:00:00.000,32.782239,winter weekday,30.5
2024-01-15 21:00:00.000,31.452770999999995,winter weekday,30.5
2024-01-15 22:00:00.000,31.16663549999999,winter weekday,30.5
2024-01-15 23:00:00.000,30.784288499999995,winter weekday,30.5
2024-01-16 00:00:00.000,30.1620375,winter weekday,30.5
2024-01-16 01:00:00.000,30.1145565,winter weekday,30.5
2024-01-16 02:00:00.000,29.970863999999995,winter weekday,30.5
2024-01-16 03:00:00.000,29.7547005,winter weekday,30.5
2024-01-16 04:00:00.000,29.602261499999997,winter weekday,30.5
2024-01-16 05:00:00.000,30.1620375,winter weekday,30.5
2024-01-16 06:00:00.000,31.738906499999995,winter weekday,30.5
2024-01-16 07:00:00.000,34.3253715,winter weekday,35.79
2024-01-16 08:00:00.000,37.9914045,winter weekday,35.79
2024-01-16 09:00:00.000,37.30293,winter weekday,35.79
2024-01-16 10:00:00.000,35.228759999999994,winter weekday,35.79
2024-01-16 11:00:00.000,33.72935999999999,winter weekday,35.79
2024-01-16 12:00:00.000,32.908438499999995,winter weekday,30.5
2024-01-16 13:00:00.000,31.852610999999992,winter weekday,30.5
2024-01-16 14:00:00.000,31.98006,winter weekday,30.5
2024-01-16 15:00:00.000,33.7605975,winter weekday,35.79
2024-01-16 16:00:00.000,33.9030405,winter weekday,35.79
2024-01-16 17:00:00.000,35.9972025,winter weekday,35.79
2024-01-16 18:00:00.000,35.89224449999999,winter weekday,35.79
2024-01-16 19:00:00.000,33.950521499999994,winter weekday,35.79
2024-01-16 20:00:00.000,31.916335499999995,winter weekday,30.5
2024-01-16 21:00:00.000,30.756799499999996,winter weekday,30.5
2024-01-16 22:00:00.000,30.235758,winter weekday,30.5
2024-01-16 23:00:00.000,29.6922255,winter weekday,30.5
2024-01-17 00:00:00.000,28.932529499999998,winter weekday,30.5
2024-01-17 01:00:00.000,28.921283999999996,winter weekday,30.5
2024-01-17 02:00:00.000,28.8175755,winter weekday,30.5
2024-01-17 03:00:00.000,28.698872999999995,winter weekday,30.5
2024-01-17 04:00:00.000,28.6651365,winter weekday,30.5
2024-01-17 05:00:00.000,28.863807,winter weekday,30.5
2024-01-17 06:00:00.000,29.367355499999995,winter weekday,30.5
2024-01-17 07:00:00.000,30.529390499999995,winter weekday,30.5
2024-01-17 08:00:00.000,32.042534999999994,winter weekday,30.5
2024-01-17 09:00:00.000,33.249552,winter weekday,35.79
2024-01-17 10:00:00.000,33.7705935,winter weekday,35.79
2024-01-17 11:00:00.000,33.86680499999999,winter weekday,35.79
2024-01-17 12:00:00.000,34.69272449999999,winter weekday,35.79
2024-01-17 13:00:00.000,35.191275,winter weekday,35.79
2024-01-17 14:00:00.000,35.196273,winter weekday,35.79
2024-01-17 15:00:00.000,35.661086999999995,winter weekday,35.79
2024-01-17 16:00:00.000,36.04843199999999,winter weekday,35.79
2024-01-17 17:00:00.000,37.54283399999999,winter weekday,35.79
2024-01-17 18:00:00.000,35.42743049999999,winter weekday,35.79
2024-01-17 19:00:00.000,34.264146,winter weekday,35.79
2024-01-17 20:00:00.000,33.70437,winter weekday,35.79
2024-01-17 21:00:00.000,32.616055499999995,winter weekday,30.5
2024-01-17 22:00:00.000,31.765146,winter weekday,30.5
2024-01-17 23:00:00.000,30.501901499999995,winter weekday,30.5
2024-01-18 00:00:00.000,30.14704349999999,winter weekday,30.5
2024-01-18 01:00:00.000,29.631,winter weekday,30.5
2024-01-18 02:00:00.000,29.3923455,winter weekday,30.5
2024-01-18 03:00:00.000,29.344864499999996,winter weekday,30.5
2024-01-18 04:00:00.000,29.6772315,winter weekday,30.5
2024-01-18 05:00:00.000,30.105809999999995,winter weekday,30.5
2024-01-18 06:00:00.000,31.410288,winter weekday,30.5
2024-01-18 07:00:00.000,33.9230325,winter weekday,35.79
2024-01-18 08:00:00.000,35.71481549999999,winter weekday,35.79
2024-01-18 09:00:00.000,35.2500015,winter weekday,35.79
2024-01-18 10:00:00.000,33.841815,winter weekday,35.79
2024-01-18 11:00:00.000,33.473212499999995,winter weekday,35.79
2024-01-18 12:00:00.000,31.6739325,winter weekday,30.5
2024-01-18 13:00:00.000,30.932979,winter weekday,30.5
2024-01-18 14:00:00.000,30.784288499999995,winter weekday,30.5
2024-01-18 15:00:00.000,31.7613975,winter weekday,30.5
2024-01-18 16:00:00.000,32.419884,winter weekday,30.5
2024-01-18 17:00:00.000,33.064626,winter weekday,30.5
2024-01-18 18:00:00.000,32.88719699999999,winter weekday,30.5
2024-01-18 19:00:00.000,31.7963835,winter weekday,30.5
2024-01-18 20:00:00.000,30.851761499999995,winter weekday,30.5
2024-01-18 21:00:00.000,30.370704,winter weekday,30.5
2024-01-18 22:00:00.000,30.097063499999997,winter weekday,30.5
2024-01-18 23:00:00.000,29.1824295,winter weekday,30.5
2024-01-19 00:00:00.000,28.803830999999995,winter weekday,30.5
2024-01-19 01:00:00.000,28.3502625,winter weekday,26.43
2024-01-19 02:00:00.000,28.185328499999997,winter weekday,26.43
2024-01-19 03:00:00.000,27.826722,winter weekday,26.43
2024-01-19 04:00:00.000,27.896693999999997,winter weekday,26.43
2024-01-19 05:00:00.000,28.415236499999995,winter weekday,26.43
2024-01-19 06:00:00.000,29.72346299999999,winter weekday,30.5
2024-01-19 07:00:00.000,30.8767515,winter weekday,30.5
2024-01-19 08:00:00.000,33.0133965,winter weekday,30.5
2024-01-19 09:00:00.000,32.862207,winter weekday,30.5
2024-01-19 10:00:00.000,31.8738525,winter weekday,30.5
2024-01-19 11:00:00.000,30.775542,winter weekday,30.5
2024-01-19 12:00:00.000,29.5847685,winter weekday,30.5
2024-01-19 13:00:00.000,29.149942499999995,winter weekday,30.5
2024-01-19 14:00:00.000,29.3823495,winter weekday,30.5
2024-01-19 15:00:00.000,29.6622375,winter weekday,30.5
2024-01-19 16:00:00.000,30.566875499999995,winter weekday,30.5
2024-01-19 17:00:00.000,31.680179999999996,winter weekday,30.5
2024-01-19 18:00:00.000,31.442774999999997,winter weekday,30.5
2024-01-19 19:00:00.000,30.2594985,winter weekday,30.5
2024-01-19 20:00:00.000,29.23116,winter weekday,30.5
2024-01-19 21:00:00.000,28.871303999999995,winter weekday,30.5
2024-01-19 22:00:00.000,28.561428,winter weekday,30.5
2024-01-19 23:00:00.000,28.0753725,winter weekday,26.43
2024-01-20 00:00:00.000,28.231559999999995,winter weekend,27.53
2024-01-20 01:00:00.000,27.912937499999995,winter weekend,27.53
2024-01-20 02:00:00.000,27.924183,winter weekend,27.53
2024-01-20 03:00:00.000,27.709268999999995,winter weekend,27.53
2024-01-20 04:00:00.000,27.7130175,winter weekend,27.53
2024-01-20 05:00:00.000,27.700522499999995,winter weekend,27.53
2024-01-20 06:00:00.000,27.8054805,winter weekend,27.53
2024-01-20 07:00:00.000,28.344014999999995,winter weekend,27.53
2024-01-20 08:00:00.000,29.333618999999995,winter weekend,27.53
2024-01-20 09:00:00.000,29.718464999999995,winter weekend,27.53
2024-01-20 10:00:00.000,28.956269999999996,winter weekend,27.53
2024-01-20 11:00:00.000,28.827571499999998,winter weekend,27.53
2024-01-20 12:00:00.000,28.447723499999995,winter weekend,27.53
2024-01-20 13:00:00.000,28.578921,winter weekend,27.53
2024-01-20 14:00:00.000,29.154940499999995,winter weekend,27.53
2024-01-20 15:00:00.000,29.869654499999992,winter weekend,27.53
2024-01-20 16:00:00.000,30.95546999999999,winter weekend,32.84
2024-01-20 17:00:00.000,31.8463635,winter weekend,32.84
2024-01-20 18:00:00.000,32.46361649999999,winter weekend,32.84
2024-01-20 19:00:00.000,31.4265315,winter weekend,32.84
2024-01-20 20:00:00.000,30.227011499999996,winter weekend,32.84
2024-01-20 21:00:00.000,29.448573,winter weekend,27.53
2024-01-20 22:00:00.000,29.316125999999997,winter weekend,27.53
2024-01-20 23:00:00.000,28.622653499999995,winter weekend,27.53
2024-01-21 00:00:00.000,28.335268499999994,winter weekend,27.53
2024-01-21 01:00:00.000,27.1757325,winter weekend,27.53
2024-01-21 02:00:00.000,26.875852499999997,winter weekend,27.53
2024-01-21 03:00:00.000,26.3435655,winter weekend,27.53
2024-01-21 04:00:00.000,26.046184499999995,winter weekend,27.53
2024-01-21 05:00:00.000,25.9137375,winter weekend,27.53
2024-01-21 06:00:00.000,25.6738335,winter weekend,27.53
2024-01-21 07:00:00.000,25.477661999999995,winter weekend,27.53
2024-01-21 08:00:00.000,26.402292,winter weekend,27.53
2024-01-21 09:00:00.000,26.777141999999994,winter weekend,27.53
2024-01-21 10:00:00.000,25.740057,winter weekend,27.53
2024-01-21 11:00:00.000,26.0661765,winter weekend,27.53
2024-01-21 12:00:00.000,24.792935999999997,winter weekend,27.53
2024-01-21 13:00:00.000,24.69422549999999,winter weekend,27.53
2024-01-21 14:00:00.000,25.520144999999992,winter weekend,27.53
2024-01-21 15:00:00.000,26.112407999999995,winter weekend,27.53
2024-01-21 16:00:00.000,26.2111185,winter weekend,27.53
2024-01-21 17:00:00.000,27.0632775,winter weekend,27.53
2024-01-21 18:00:00.000,27.6630375,winter weekend,27.53
2024-01-21 19:00:00.000,27.311927999999995,winter weekend,27.53
2024-01-21 20:00:00.000,26.419785,winter weekend,27.53
2024-01-21 21:00:00.000,26.539737,winter weekend,27.53
2024-01-21 22:00:00.000,26.281090499999998,winter weekend,27.53
2024-01-21 23:00:00.000,24.915387,winter weekend,27.53
2024-01-22 00:00:00.000,24.565527,winter weekday,26.43
2024-01-22 01:00:00.000,22.763748,winter weekday,26.43
2024-01-22 02:00:00.000,22.311428999999997,winter weekday,26.43
2024-01-22 03:00:00.000,20.614608,winter weekday,26.43
2024-01-22 04:00:00.000,20.617107,winter weekday,26.43
2024-01-22 05:00:00.000,22.483859999999996,winter weekday,26.43
2024-01-22 06:00:00.000,25.045335,winter weekday,26.43
2024-01-22 07:00:00.000,27.5405865,winter weekday,26.43
2024-01-22 08:00:00.000,28.291535999999997,winter weekday,26.43
2024-01-22 09:00:00.000,27.179481,winter weekday,26.43
2024-01-22 10:00:00.000,27.6755325,winter weekday,26.43
2024-01-22 11:00:00.000,27.556829999999994,winter weekday,26.43
2024-01-22 12:00:00.000,27.097014,winter weekday,26.43
2024-01-22 13:00:00.000,27.072023999999995,winter weekday,26.43
2024-01-22 14:00:00.000,27.260698499999997,winter weekday,26.43
2024-01-22 15:00:00.000,27.4481235,winter weekday,26.43
2024-01-22 16:00:00.000,27.4806105,winter weekday,26.43
2024-01-22 17:00:00.000,28.848812999999996,winter weekday,30.5
2024-01-22 18:00:00.000,29.6497425,winter weekday,30.5
2024-01-22 19:00:00.000,28.980010499999995,winter weekday,30.5
2024-01-22 20:00:00.000,28.3127775,winter weekday,26.43
2024-01-22 21:00:00.000,27.107009999999995,winter weekday,26.43
2024-01-22 22:00:00.000,26.9683155,winter weekday,26.43
2024-01-22 23:00:00.000,26.217365999999995,winter weekday,26.43
2024-01-23 00:00:00.000,22.012798499999995,winter weekday,26.43
2024-01-23 01:00:00.000,21.246855,winter weekday,26.43
2024-01-23 02:00:00.000,21.1556415,winter weekday,26.43
2024-01-23 03:00:00.000,20.5059015,winter weekday,26.43
2024-01-23 04:00:00.000,21.261849,winter weekday,26.43
2024-01-23 05:00:00.000,24.886648499999996,winter weekday,26.43
2024-01-23 06:00:00.000,27.451871999999995,winter weekday,26.43
2024-01-23 07:00:00.000,29.533539,winter weekday,30.5
2024-01-23 08:00:00.000,28.708868999999996,winter weekday,30.5
2024-01-23 09:00:00.000,28.7226135,winter weekday,30.5
2024-01-23 10:00:00.000,27.478111499999997,winter weekday,26.43
2024-01-23 11:00:00.000,27.456869999999995,winter weekday,26.43
2024-01-23 12:00:00.000,27.374403,winter weekday,26.43
2024-01-23 13:00:00.000,27.410638499999997,winter weekday,26.43
2024-01-23 14:00:00.000,27.819225,winter weekday,26.43
2024-01-23 15:00:00.000,29.3098785,winter weekday,30.5
2024-01-23 16:00:00.000,29.8496625,winter weekday,30.5
2024-01-23 17:00:00.000,30.1795305,winter weekday,30.5
2024-01-23 18:00:00.000,30.5443845,winter weekday,30.5
2024-01-23 19:00:00.000,29.299882499999992,winter weekday,30.5
2024-01-23 20:00:00.000,27.7255125,winter weekday,26.43
2024-01-23 21:00:00.000,26.699673,winter weekday,26.43
2024-01-23 22:00:00.000,25.652591999999995,winter weekday,26.43
2024-01-23 23:00:00.000,24.140697,winter weekday,26.43
2024-01-24 00:00:00.000,20.3659575,winter weekday,26.43
2024-01-24 01:00:00.000,19.9814685,winter weekday,26.43
2024-01-24 02:00:00.000,19.912508,winter weekday,26.43
2024-01-24 03:00:00.000,19.4863095,winter weekday,26.43
2024-01-24 04:00:00.000,19.437698,winter weekday,26.43
2024-01-24 05:00:00.000,19.964511,winter weekday,26.43
2024-01-24 06:00:00.000,21.82912199999999,winter weekday,26.43
2024-01-24 07:00:00.000,25.2440055,winter weekday,26.43
2024-01-24 08:00:00.000,26.429780999999995,winter weekday,26.43
2024-01-24 09:00:00.000,26.327321999999995,winter weekday,26.43
2024-01-24 10:00:00.000,26.244854999999998,winter weekday,26.43
2024-01-24 11:00:00.000,26.329820999999995,winter weekday,26.43
2024-01-24 12:00:00.000,24.897893999999997,winter weekday,26.43
2024-01-24 13:00:00.000,24.538038,winter weekday,26.43
2024-01-24 14:00:00.000,25.612607999999994,winter weekday,26.43
2024-01-24 15:00:00.000,26.2261125,winter weekday,26.43
2024-01-24 16:00:00.000,26.33232,winter weekday,26.43
2024-01-24 17:00:00.000,26.7583995,winter weekday,26.43
2024-01-24 18:00:00.000,26.647193999999995,winter weekday,26.43
2024-01-24 19:00:00.000,26.2436055,winter weekday,26.43
2024-01-24 20:00:00.000,25.255250999999998,winter weekday,26.43
2024-01-24 21:00:00.000,24.987858,winter weekday,26.43
2024-01-24 22:00:00.000,25.2340095,winter weekday,26.43
2024-01-24 23:00:00.000,24.799183499999994,winter weekday,26.43
2024-01-25 00:00:00.000,25.525143,winter weekday,26.43
2024-01-25 01:00:00.000,25.615106999999995,winter weekday,26.43
2024-01-25 02:00:00.000,25.400192999999994,winter weekday,26.43
2024-01-25 03:00:00.000,25.597614,winter weekday,26.43
2024-01-25 04:00:00.000,25.760048999999995,winter weekday,26.43
2024-01-25 05:00:00.000,26.529740999999994,winter weekday,26.43
2024-01-25 06:00:00.000,28.618905,winter weekday,30.5
2024-01-25 07:00:00.000,29.6872275,winter weekday,30.5
2024-01-25 08:00:00.000,31.4640165,winter weekday,30.5
2024-01-25 09:00:00.000,30.9767115,winter weekday,30.5
2024-01-25 10:00:00.000,30.4744125,winter weekday,30.5
2024-01-25 11:00:00.000,29.813426999999997,winter weekday,30.5
2024-01-25 12:00:00.000,29.349862499999997,winter weekday,30.5
2024-01-25 13:00:00.000,29.713466999999994,winter weekday,30.5
2024-01-25 14:00:00.000,30.864256499999996,winter weekday,30.5
2024-01-25 15:00:00.000,31.718914499999997,winter weekday,30.5
2024-01-25 16:00:00.000,32.78723699999999,winter weekday,30.5
2024-01-25 17:00:00.000,35.40119099999999,winter weekday,35.79
2024-01-25 18:00:00.000,34.42158299999999,winter weekday,35.79
2024-01-25 19:00:00.000,32.328670499999994,winter weekday,30.5
2024-01-25 20:00:00.000,31.364056499999997,winter weekday,30.5
2024-01-25 21:00:00.000,30.769294499999997,winter weekday,30.5
2024-01-25 22:00:00.000,30.0345885,winter weekday,30.5
2024-01-25 23:00:00.000,29.376102,winter weekday,30.5
2024-01-26 00:00:00.000,27.831719999999997,winter weekday,26.43
2024-01-26 01:00:00.000,27.73176,winter weekday,26.43
2024-01-26 02:00:00.000,27.2931855,winter weekday,26.43
2024-01-26 03:00:00.000,27.198223499999997,winter weekday,26.43
2024-01-26 04:00:00.000,27.115756499999996,winter weekday,26.43
2024-01-26 05:00:00.000,26.502251999999995,winter weekday,26.43
2024-01-26 06:00:00.000,27.4031415,winter weekday,26.43
2024-01-26 07:00:00.000,28.871303999999995,winter weekday,30.5
2024-01-26 08:00:00.000,29.5547805,winter weekday,30.5
2024-01-26 09:00:00.000,28.803830999999995,winter weekday,30.5
2024-01-26 10:00:00.000,27.683029499999996,winter weekday,26.43
2024-01-26 11:00:00.000,27.374403,winter weekday,26.43
2024-01-26 12:00:00.000,26.517246,winter weekday,26.43
2024-01-26 13:00:00.000,25.791286499999995,winter weekday,26.43
2024-01-26 14:00:00.000,26.142396,winter weekday,26.43
2024-01-26 15:00:00.000,26.246104499999998,winter weekday,26.43
2024-01-26 16:00:00.000,26.574722999999995,winter weekday,26.43
2024-01-26 17:00:00.000,27.569325,winter weekday,26.43
2024-01-26 18:00:00.000,27.3256725,winter weekday,26.43
2024-01-26 19:00:00.000,28.101612,winter weekday,26.43
2024-01-26 20:00:00.000,27.329421,winter weekday,26.43
2024-01-26 21:00:00.000,27.734258999999994,winter weekday,26.43
2024-01-26 22:00:00.000,27.429381,winter weekday,26.43
2024-01-26 23:00:00.000,27.117006,winter weekday,26.43
2024-01-27 00:00:00.000,26.919584999999994,winter weekend,27.53
2024-01-27 01:00:00.000,26.8608585,winter weekend,27.53
2024-01-27 02:00:00.000,27.008299499999996,winter weekend,27.53
2024-01-27 03:00:00.000,26.863357499999992,winter weekend,27.53
2024-01-27 04:00:00.000,26.949573,winter weekend,27.53
2024-01-27 05:00:00.000,27.0857685,winter weekend,27.53
2024-01-27 06:00:00.000,27.365656499999996,winter weekend,27.53
2024-01-27 07:00:00.000,28.220314499999997,winter weekend,27.53
2024-01-27 08:00:00.000,29.3923455,winter weekend,27.53
2024-01-27 09:00:00.000,29.051231999999995,winter weekend,27.53
2024-01-27 10:00:00.000,27.489356999999995,winter weekend,27.53
2024-01-27 11:00:00.000,27.0582795,winter weekend,27.53
2024-01-27 12:00:00.000,26.962068,winter weekend,27.53
2024-01-27 13:00:00.000,26.717165999999995,winter weekend,27.53
2024-01-27 14:00:00.000,27.446873999999998,winter weekend,27.53
2024-01-27 15:00:00.000,29.036238,winter weekend,27.53
2024-01-27 16:00:00.000,30.433179,winter weekend,32.84
2024-01-27 17:00:00.000,31.6514415,winter weekend,32.84
2024-01-27 18:00:00.000,31.9738125,winter weekend,32.84
2024-01-27 19:00:00.000,31.546483499999997,winter weekend,32.84
2024-01-27 20:00:00.000,30.533138999999995,winter weekend,32.84
2024-01-27 21:00:00.000,29.489806499999997,winter weekend,27.53
2024-01-27 22:00:00.000,29.477311499999995,winter weekend,27.53
2024-01-27 23:00:00.000,29.068725,winter weekend,27.53
2024-01-28 00:00:00.000,28.3277715,winter weekend,27.53
2024-01-28 01:00:00.000,27.596814,winter weekend,27.53
2024-01-28 02:00:00.000,27.438127499999997,winter weekend,27.53
2024-01-28 03:00:00.000,27.474363,winter weekend,27.53
2024-01-28 04:00:00.000,27.656789999999997,winter weekend,27.53
2024-01-28 05:00:00.000,27.995404499999992,winter weekend,27.53
2024-01-28 06:00:00.000,27.5480835,winter weekend,27.53
2024-01-28 07:00:00.000,27.436878,winter weekend,27.53
2024-01-28 08:00:00.000,27.4356285,winter weekend,27.53
2024-01-28 09:00:00.000,26.867106,winter weekend,27.53
2024-01-28 10:00:00.000,26.377302,winter weekend,27.53
2024-01-28 11:00:00.000,25.7013225,winter weekend,27.53
2024-01-28 12:00:00.000,25.180280999999997,winter weekend,27.53
2024-01-28 13:00:00.000,24.9941055,winter weekend,27.53
2024-01-28 14:00:00.000,26.313577499999997,winter weekend,27.53
2024-01-28 15:00:00.000,27.033289499999995,winter weekend,27.53
2024-01-28 16:00:00.000,28.5901665,winter weekend,27.53
2024-01-28 17:00:00.000,29.710968,winter weekend,27.53
2024-01-28 18:00:00.000,28.972513499999994,winter weekend,27.53
2024-01-28 19:00:00.000,28.716365999999997,winter weekend,27.53
2024-01-28 20:00:00.000,28.5126975,winter weekend,27.53
2024-01-28 21:00:00.000,27.128251499999998,winter weekend,27.53
2024-01-28 22:00:00.000,27.410638499999997,winter weekend,27.53
2024-01-28 23:00:00.000,26.982059999999997,winter weekend,27.53
2024-01-29 00:00:00.000,26.228611499999992,winter weekday,26.43
2024-01-29 01:00:00.000,25.889996999999997,winter weekday,26.43
2024-01-29 02:00:00.000,25.997454,winter weekday,26.43
2024-01-29 03:00:00.000,25.9787115,winter weekday,26.43
2024-01-29 04:00:00.000,26.429780999999995,winter weekday,26.43
2024-01-29 05:00:00.000,27.489356999999995,winter weekday,26.43
2024-01-29 06:00:00.000,29.98086,winter weekday,30.5
2024-01-29 07:00:00.000,31.6764315,winter weekday,30.5
2024-01-29 08:00:00.000,32.3761515,winter weekday,30.5
2024-01-29 09:00:00.000,31.029190499999995,winter weekday,30.5
2024-01-29 10:00:00.000,29.843415,winter weekday,30.5
2024-01-29 11:00:00.000,28.890046499999997,winter weekday,30.5
2024-01-29 12:00:00.000,28.761347999999995,winter weekday,30.5
2024-01-29 13:00:00.000,29.3548605,winter weekday,30.5
2024-01-29 14:00:00.000,30.2994825,winter weekday,30.5
2024-01-29 15:00:00.000,32.17997999999999,winter weekday,30.5
2024-01-29 16:00:00.000,33.533188499999994,winter weekday,35.79
2024-01-29 17:00:00.000,35.905989,winter weekday,35.79
2024-01-29 18:00:00.000,34.641495,winter weekday,35.79
2024-01-29 19:00:00.000,33.419484,winter weekday,35.79
2024-01-29 20:00:00.000,31.477761,winter weekday,30.5
2024-01-29 21:00:00.000,30.8292705,winter weekday,30.5
2024-01-29 22:00:00.000,30.408189,winter weekday,30.5
2024-01-29 23:00:00.000,30.0170955,winter weekday,30.5
2024-01-30 00:00:00.000,28.973762999999995,winter weekday,30.5
2024-01-30 01:00:00.000,28.5801705,winter weekday,30.5
2024-01-30 02:00:00.000,28.6526415,winter weekday,30.5
2024-01-30 03:00:00.000,28.411487999999995,winter weekday,26.43
2024-01-30 04:00:00.000,28.379001,winter weekday,26.43
2024-01-30 05:00:00.000,28.6526415,winter weekday,30.5
2024-01-30 06:00:00.000,29.784688499999994,winter weekday,30.5
2024-01-30 07:00:00.000,31.30533,winter weekday,30.5
2024-01-30 08:00:00.000,31.971313499999997,winter weekday,30.5
2024-01-30 09:00:00.000,30.596863499999998,winter weekday,30.5
2024-01-30 10:00:00.000,29.6247525,winter weekday,30.5
2024-01-30 11:00:00.000,28.743854999999996,winter weekday,30.5
2024-01-30 12:00:00.000,28.493955,winter weekday,30.5
2024-01-30 13:00:00.000,28.5101985,winter weekday,30.5
2024-01-30 14:00:00.000,28.972513499999994,winter weekday,30.5
2024-01-30 15:00:00.000,29.9171355,winter weekday,30.5
2024-01-30 16:00:00.000,30.275741999999997,winter weekday,30.5
2024-01-30 17:00:00.000,31.0017015,winter weekday,30.5
2024-01-30 18:00:00.000,32.38364849999999,winter weekday,30.5
2024-01-30 19:00:00.000,31.469014499999997,winter weekday,30.5
2024-01-30 20:00:00.000,30.735558,winter weekday,30.5
2024-01-30 21:00:00.000,29.73096,winter weekday,30.5
2024-01-30 22:00:00.000,29.3573595,winter weekday,30.5
2024-01-30 23:00:00.000,28.9200345,winter weekday,30.5
2024-01-31 00:00:00.000,28.9475235,winter weekday,30.5
2024-01-31 01:00:00.000,28.755100499999998,winter weekday,30.5
2024-01-31 02:00:00.000,28.8425655,winter weekday,30.5
2024-01-31 03:00:00.000,28.708868999999996,winter weekday,30.5
2024-01-31 04:00:00.000,28.623902999999995,winter weekday,30.5
2024-01-31 05:00:00.000,29.208669,winter weekday,30.5
2024-01-31 06:00:00.000,30.5868675,winter weekday,30.5
2024-01-31 07:00:00.000,33.5007015,winter weekday,35.79
2024-01-31 08:00:00.000,34.9701135,winter weekday,35.79
2024-01-31 09:00:00.000,31.681429499999997,winter weekday,30.5
2024-01-31 10:00:00.000,30.353211,winter weekday,30.5
2024-01-31 11:00:00.000,29.61725549999999,winter weekday,30.5
2024-01-31 12:00:00.000,29.344864499999996,winter weekday,30.5
2024-01-31 13:00:00.000,28.438976999999998,winter weekday,26.43
2024-01-31 14:00:00.000,28.3177755,winter weekday,26.43
2024-01-31 15:00:00.000,29.4648165,winter weekday,30.5
2024-01-31 16:00:00.000,30.183278999999995,winter weekday,30.5
2024-01-31 17:00:00.000,30.9692145,winter weekday,30.5
2024-01-31 18:00:00.000,30.828021,winter weekday,30.5
2024-01-31 19:00:00.000,29.1874275,winter weekday,30.5
2024-01-31 20:00:00.000,28.235308499999995,winter weekday,26.43
2024-01-31 21:00:00.000,27.102011999999995,winter weekday,26.43
2024-01-31 22:00:00.000,26.742155999999994,winter weekday,26.43
2024-01-31 23:00:00.000,24.949123499999995,winter weekday,26.43
2024-02-01 00:00:00.000,25.865007,winter weekday,26.43
2024-02-01 01:00:00.000,25.122803999999995,winter weekday,26.43
2024-02-01 02:00:00.000,25.252751999999997,winter weekday,26.43
2024-02-01 03:00:00.000,25.363957499999994,winter weekday,26.43
2024-02-01 04:00:00.000,25.8462645,winter weekday,26.43
2024-02-01 05:00:00.000,26.899593,winter weekday,26.43
2024-02-01 06:00:00.000,28.6076595,winter weekday,30.5
2024-02-01 07:00:00.000,30.745553999999995,winter weekday,30.5
2024-02-01 08:00:00.000,31.542735,winter weekday,30.5
2024-02-01 09:00:00.000,30.766795499999997,winter weekday,30.5
2024-02-01 10:00:00.000,30.4394265,winter weekday,30.5
2024-02-01 11:00:00.000,29.633499,winter weekday,30.5
2024-02-01 12:00:00.000,28.431479999999997,winter weekday,26.43
2024-02-01 13:00:00.000,27.139496999999995,winter weekday,26.43
2024-02-01 14:00:00.000,28.573923,winter weekday,30.5
2024-02-01 15:00:00.000,29.364856499999995,winter weekday,30.5
2024-02-01 16:00:00.000,29.612257499999995,winter weekday,30.5
2024-02-01 17:00:00.000,31.431529499999996,winter weekday,30.5
2024-02-01 18:00:00.000,31.813876499999992,winter weekday,30.5
2024-02-01 19:00:00.000,32.2162155,winter weekday,30.5
2024-02-01 20:00:00.000,31.2266115,winter weekday,30.5
2024-02-01 21:00:00.000,30.3919455,winter weekday,30.5
2024-02-01 22:00:00.000,30.21576599999999,winter weekday,30.5
2024-02-01 23:00:00.000,29.153690999999995,winter weekday,30.5
2024-02-02 00:00:00.000,28.015396499999994,winter weekday,26.43
2024-02-02 01:00:00.000,27.474363,winter weekday,26.43
2024-02-02 02:00:00.000,27.231959999999997,winter weekday,26.43
2024-02-02 03:00:00.000,26.8183755,winter weekday,26.43
2024-02-02 04:00:00.000,26.635948499999994,winter weekday,26.43
2024-02-02 05:00:00.000,26.8658565,winter weekday,26.43
2024-02-02 06:00:00.000,28.349013,winter weekday,26.43
2024-02-02 07:00:00.000,29.604760499999998,winter weekday,30.5
2024-02-02 08:00:00.000,31.145393999999992,winter weekday,30.5
2024-02-02 09:00:00.000,30.718065,winter weekday,30.5
2024-02-02 10:00:00.000,30.077071499999995,winter weekday,30.5
2024-02-02 11:00:00.000,29.3748525,winter weekday,30.5
2024-02-02 12:00:00.000,28.081619999999997,winter weekday,26.43
2024-02-02 13:00:00.000,27.047034,winter weekday,26.43
2024-02-02 14:00:00.000,26.835868499999997,winter weekday,26.43
2024-02-02 15:00:00.000,26.6184555,winter weekday,26.43
2024-02-02 16:00:00.000,26.57347349999999,winter weekday,26.43
2024-02-02 17:00:00.000,27.294435,winter weekday,26.43
2024-02-02 18:00:00.000,28.602661499999996,winter weekday,30.5
2024-02-02 19:00:00.000,27.899193,winter weekday,26.43
2024-02-02 20:00:00.000,26.864607,winter weekday,26.43
2024-02-02 21:00:00.000,26.192376,winter weekday,26.43
2024-02-02 22:00:00.000,25.7363085,winter weekday,26.43
2024-02-02 23:00:00.000,24.489307499999992,winter weekday,26.43
2024-02-03 00:00:00.000,23.076122999999995,winter weekend,19.94
2024-02-03 01:00:00.000,21.590467499999995,winter weekend,19.94
2024-02-03 02:00:00.000,20.8257735,winter weekend,19.94
2024-02-03 03:00:00.000,21.2980845,winter weekend,19.94
2024-02-03 04:00:00.000,21.0506835,winter weekend,19.94
2024-02-03 05:00:00.000,21.08442,winter weekend,19.94
2024-02-03 06:00:00.000,22.044035999999995,winter weekend,19.94
2024-02-03 07:00:00.000,24.254401499999997,winter weekend,27.53
2024-02-03 08:00:00.000,25.7313105,winter weekend,27.53
2024-02-03 09:00:00.000,25.7288115,winter weekend,27.53
2024-02-03 10:00:00.000,24.435578999999997,winter weekend,27.53
2024-02-03 11:00:00.000,23.785838999999992,winter weekend,27.53
2024-02-03 12:00:00.000,23.805830999999998,winter weekend,27.53
2024-02-03 13:00:00.000,23.810828999999995,winter weekend,27.53
2024-02-03 14:00:00.000,25.075322999999997,winter weekend,27.53
2024-02-03 15:00:00.000,25.445174999999995,winter weekend,27.53
2024-02-03 16:00:00.000,26.152391999999995,winter weekend,27.53
2024-02-03 17:00:00.000,27.210718499999995,winter weekend,27.53
2024-02-03 18:00:00.000,28.5526815,winter weekend,27.53
2024-02-03 19:00:00.000,28.229061,winter weekend,27.53
2024-02-03 20:00:00.000,26.7783915,winter weekend,27.53
2024-02-03 21:00:00.000,26.3835495,winter weekend,27.53
2024-02-03 22:00:00.000,26.333569499999992,winter weekend,27.53
2024-02-03 23:00:00.000,24.8216745,winter weekend,27.53
2024-02-04 00:00:00.000,24.395594999999997,winter weekend,27.53
2024-02-04 01:00:00.000,21.239358,winter weekend,19.94
2024-02-04 02:00:00.000,20.3884485,winter weekend,19.94
2024-02-04 03:00:00.000,20.069826,winter weekend,19.94
2024-02-04 04:00:00.000,19.98486,winter weekend,19.94
2024-02-04 05:00:00.000,19.98486,winter weekend,19.94
2024-02-04 06:00:00.000,19.98486,winter weekend,19.94
2024-02-04 07:00:00.000,20.1160575,winter weekend,19.94
2024-02-04 08:00:00.000,21.0931665,winter weekend,19.94
2024-02-04 09:00:00.000,21.2131185,winter weekend,19.94
2024-02-04 10:00:00.000,21.3430665,winter weekend,19.94
2024-02-04 11:00:00.000,21.5854695,winter weekend,19.94
2024-02-04 12:00:00.000,21.711669,winter weekend,19.94
2024-02-04 13:00:00.000,20.562129,winter weekend,19.94
2024-02-04 14:00:00.000,21.199374,winter weekend,19.94
2024-02-04 15:00:00.000,21.949074,winter weekend,19.94
2024-02-04 16:00:00.000,22.287688499999994,winter weekend,19.94
2024-02-04 17:00:00.000,24.846664499999992,winter weekend,27.53
2024-02-04 18:00:00.000,25.7338095,winter weekend,27.53
2024-02-04 19:00:00.000,24.5043015,winter weekend,27.53
2024-02-04 20:00:00.000,23.614657499999996,winter weekend,19.94
2024-02-04 21:00:00.000,23.048634,winter weekend,19.94
2024-02-04 22:00:00.000,23.03863799999999,winter weekend,19.94
2024-02-04 23:00:00.000,20.0560815,winter weekend,19.94
2024-02-05 00:00:00.000,19.98486,winter weekday,26.43
2024-02-05 01:00:00.000,19.9814685,winter weekday,26.43
2024-02-05 02:00:00.000,19.9769465,winter weekday,26.43
2024-02-05 03:00:00.000,19.9701635,winter weekday,26.43
2024-02-05 04:00:00.000,19.9792075,winter weekday,26.43
2024-02-05 05:00:00.000,20.037339,winter weekday,26.43
2024-02-05 06:00:00.000,24.8541615,winter weekday,26.43
2024-02-05 07:00:00.000,27.345664499999994,winter weekday,26.43
2024-02-05 08:00:00.000,27.771744,winter weekday,26.43
2024-02-05 09:00:00.000,27.089516999999997,winter weekday,26.43
2024-02-05 10:00:00.000,26.598463499999998,winter weekday,26.43
2024-02-05 11:00:00.000,25.001602499999997,winter weekday,26.43
2024-02-05 12:00:00.000,20.8657575,winter weekday,26.43
2024-02-05 13:00:00.000,20.1210555,winter weekday,26.43
2024-02-05 14:00:00.000,20.6108595,winter weekday,26.43
2024-02-05 15:00:00.000,26.619705,winter weekday,26.43
2024-02-05 16:00:00.000,27.571824,winter weekday,26.43
2024-02-05 17:00:00.000,28.5401865,winter weekday,30.5
2024-02-05 18:00:00.000,28.578921,winter weekday,30.5
2024-02-05 19:00:00.000,27.711768,winter weekday,26.43
2024-02-05 20:00:00.000,27.541836,winter weekday,26.43
2024-02-05 21:00:00.000,27.438127499999997,winter weekday,26.43
2024-02-05 22:00:00.000,27.019544999999997,winter weekday,26.43
2024-02-05 23:00:00.000,25.9087395,winter weekday,26.43
2024-02-06 00:00:00.000,24.363107999999997,winter weekday,26.43
2024-02-06 01:00:00.000,23.4397275,winter weekday,26.43
2024-02-06 02:00:00.000,20.869506,winter weekday,26.43
2024-02-06 03:00:00.000,20.3684565,winter weekday,26.43
2024-02-06 04:00:00.000,20.227263,winter weekday,26.43
2024-02-06 05:00:00.000,22.406391,winter weekday,26.43
2024-02-06 06:00:00.000,26.23236,winter weekday,26.43
2024-02-06 07:00:00.000,28.501452,winter weekday,30.5
2024-02-06 08:00:00.000,27.73176,winter weekday,26.43
2024-02-06 09:00:00.000,27.650542499999997,winter weekday,26.43
2024-02-06 10:00:00.000,27.052032,winter weekday,26.43
2024-02-06 11:00:00.000,26.444775,winter weekday,26.43
2024-02-06 12:00:00.000,25.4164365,winter weekday,26.43
2024-02-06 13:00:00.000,25.300232999999995,winter weekday,26.43
2024-02-06 14:00:00.000,24.996604499999997,winter weekday,26.43
2024-02-06 15:00:00.000,26.221114499999995,winter weekday,26.43
2024-02-06 16:00:00.000,27.047034,winter weekday,26.43
2024-02-06 17:00:00.000,27.8529615,winter weekday,26.43
2024-02-06 18:00:00.000,27.726762,winter weekday,26.43
2024-02-06 19:00:00.000,27.626802,winter weekday,26.43
2024-02-06 20:00:00.000,27.374403,winter weekday,26.43
2024-02-06 21:00:00.000,27.037037999999995,winter weekday,26.43
2024-02-06 22:00:00.000,27.047034,winter weekday,26.43
2024-02-06 23:00:00.000,26.527242,winter weekday,26.43
2024-02-07 00:00:00.000,25.1290515,winter weekday,26.43
2024-02-07 01:00:00.000,24.423084,winter weekday,26.43
2024-02-07 02:00:00.000,24.2519025,winter weekday,26.43
2024-02-07 03:00:00.000,25.8062805,winter weekday,26.43
2024-02-07 04:00:00.000,26.7908865,winter weekday,26.43
2024-02-07 05:00:00.000,27.4356285,winter weekday,26.43
2024-02-07 06:00:00.000,29.334868499999995,winter weekday,30.5
2024-02-07 07:00:00.000,30.8142765,winter weekday,30.5
2024-02-07 08:00:00.000,30.855509999999995,winter weekday,30.5
2024-02-07 09:00:00.000,30.671833499999995,winter weekday,30.5
2024-02-07 10:00:00.000,30.1270515,winter weekday,30.5
2024-02-07 11:00:00.000,29.7322095,winter weekday,30.5
2024-02-07 12:00:00.000,29.478561,winter weekday,30.5
2024-02-07 13:00:00.000,29.885897999999997,winter weekday,30.5
2024-02-07 14:00:00.000,29.7297105,winter weekday,30.5
2024-02-07 15:00:00.000,31.006699499999996,winter weekday,30.5
2024-02-07 16:00:00.000,32.142495,winter weekday,30.5
2024-02-07 17:00:00.000,34.9851075,winter weekday,35.79
2024-02-07 18:00:00.000,37.005549,winter weekday,35.79
2024-02-07 19:00:00.000,33.691875,winter weekday,35.79
2024-02-07 20:00:00.000,32.4686145,winter weekday,30.5
2024-02-07 21:00:00.000,30.9367275,winter weekday,30.5
2024-02-07 22:00:00.000,30.4344285,winter weekday,30.5
2024-02-07 23:00:00.000,29.882149499999997,winter weekday,30.5
2024-02-08 00:00:00.000,29.193674999999992,winter weekday,30.5
2024-02-08 01:00:00.000,29.1312,winter weekday,30.5
2024-02-08 02:00:00.000,29.0000025,winter weekday,30.5
2024-02-08 03:00:00.000,29.098712999999996,winter weekday,30.5
2024-02-08 04:00:00.000,29.1874275,winter weekday,30.5
2024-02-08 05:00:00.000,29.71221749999999,winter weekday,30.5
2024-02-08 06:00:00.000,30.865506,winter weekday,30.5
2024-02-08 07:00:00.000,33.72935999999999,winter weekday,35.79
2024-02-08 08:00:00.000,36.6219525,winter weekday,35.79
2024-02-08 09:00:00.000,34.172932499999995,winter weekday,35.79
2024-02-08 10:00:00.000,32.2037205,winter weekday,30.5
2024-02-08 11:00:00.000,31.4640165,winter weekday,30.5
2024-02-08 12:00:00.000,31.152890999999997,winter weekday,30.5
2024-02-08 13:00:00.000,31.352811,winter weekday,30.5
2024-02-08 14:00:00.000,31.842614999999995,winter weekday,30.5
2024-02-08 15:00:00.000,31.777640999999992,winter weekday,30.5
2024-02-08 16:00:00.000,31.6064595,winter weekday,30.5
2024-02-08 17:00:00.000,32.85471,winter weekday,30.5
2024-02-08 18:00:00.000,31.813876499999992,winter weekday,30.5
2024-02-08 19:00:00.000,30.738056999999998,winter weekday,30.5
2024-02-08 20:00:00.000,30.3807,winter weekday,30.5
2024-02-08 21:00:00.000,30.0570795,winter weekday,30.5
2024-02-08 22:00:00.000,29.431079999999994,winter weekday,30.5
2024-02-08 23:00:00.000,28.229061,winter weekday,26.43
2024-02-09 00:00:00.000,27.5355885,winter weekday,26.43
2024-02-09 01:00:00.000,27.3081795,winter weekday,26.43
2024-02-09 02:00:00.000,26.949573,winter weekday,26.43
2024-02-09 03:00:00.000,26.433529499999995,winter weekday,26.43
2024-02-09 04:00:00.000,26.227362,winter weekday,26.43
2024-02-09 05:00:00.000,26.522244,winter weekday,26.43
2024-02-09 06:00:00.000,27.366905999999997,winter weekday,26.43
2024-02-09 07:00:00.000,28.330270499999997,winter weekday,26.43
2024-02-09 08:00:00.000,28.747603499999997,winter weekday,30.5
2024-02-09 09:00:00.000,28.5276915,winter weekday,30.5
2024-02-09 10:00:00.000,28.671384,winter weekday,30.5
2024-02-09 11:00:00.000,28.723863,winter weekday,30.5
2024-02-09 12:00:00.000,28.4627175,winter weekday,26.43
2024-02-09 13:00:00.000,28.448972999999995,winter weekday,26.43
2024-02-09 14:00:00.000,29.133699,winter weekday,30.5
2024-02-09 15:00:00.000,30.175781999999995,winter weekday,30.5
2024-02-09 16:00:00.000,31.245353999999992,winter weekday,30.5
2024-02-09 17:00:00.000,31.911337499999995,winter weekday,30.5
2024-02-09 18:00:00.000,31.911337499999995,winter weekday,30.5
2024-02-09 19:00:00.000,30.861757499999992,winter weekday,30.5
2024-02-09 20:00:00.000,30.035837999999995,winter weekday,30.5
2024-02-09 21:00:00.000,29.3811,winter weekday,30.5
2024-02-09 22:00:00.000,29.344864499999996,winter weekday,30.5
2024-02-09 23:00:00.000,28.848812999999996,winter weekday,30.5
2024-02-10 00:00:00.000,27.869204999999997,winter weekend,27.53
2024-02-10 01:00:00.000,27.991655999999995,winter weekend,27.53
2024-02-10 02:00:00.000,28.03164,winter weekend,27.53
2024-02-10 03:00:00.000,28.0303905,winter weekend,27.53
2024-02-10 04:00:00.000,28.0328895,winter weekend,27.53
2024-02-10 05:00:00.000,28.209069,winter weekend,27.53
2024-02-10 06:00:00.000,28.8450645,winter weekend,27.53
2024-02-10 07:00:00.000,29.338616999999992,winter weekend,27.53
2024-02-10 08:00:00.000,29.693475,winter weekend,27.53
2024-02-10 09:00:00.000,30.028341,winter weekend,27.53
2024-02-10 10:00:00.000,29.3048805,winter weekend,27.53
2024-02-10 11:00:00.000,28.660138499999995,winter weekend,27.53
2024-02-10 12:00:00.000,28.51894499999999,winter weekend,27.53
2024-02-10 13:00:00.000,28.321524,winter weekend,27.53
2024-02-10 14:00:00.000,28.6726335,winter weekend,27.53
2024-02-10 15:00:00.000,29.6272515,winter weekend,27.53
2024-02-10 16:00:00.000,30.746803499999995,winter weekend,32.84
2024-02-10 17:00:00.000,31.099162499999995,winter weekend,32.84
2024-02-10 18:00:00.000,30.932979,winter weekend,32.84
2024-02-10 19:00:00.000,30.1070595,winter weekend,27.53
2024-02-10 20:00:00.000,29.28114,winter weekend,27.53
2024-02-10 21:00:00.000,28.461468,winter weekend,27.53
2024-02-10 22:00:00.000,28.214066999999996,winter weekend,27.53
2024-02-10 23:00:00.000,27.914186999999995,winter weekend,27.53
2024-02-11 00:00:00.000,26.917085999999998,winter weekend,27.53
2024-02-11 01:00:00.000,26.690926499999996,winter weekend,27.53
2024-02-11 02:00:00.000,26.557229999999997,winter weekend,27.53
2024-02-11 03:00:00.000,25.8362685,winter weekend,27.53
2024-02-11 04:00:00.000,25.437677999999995,winter weekend,27.53
2024-02-11 05:00:00.000,25.763797499999995,winter weekend,27.53
2024-02-11 06:00:00.000,26.1311505,winter weekend,27.53
2024-02-11 07:00:00.000,26.627202,winter weekend,27.53
2024-02-11 08:00:00.000,26.864607,winter weekend,27.53
2024-02-11 09:00:00.000,27.2282115,winter weekend,27.53
2024-02-11 10:00:00.000,27.626802,winter weekend,27.53
2024-02-11 11:00:00.000,28.174082999999992,winter weekend,27.53
2024-02-11 12:00:00.000,28.05662999999999,winter weekend,27.53
2024-02-11 13:00:00.000,27.746754,winter weekend,27.53
2024-02-11 14:00:00.000,27.980410499999994,winter weekend,27.53
2024-02-11 15:00:00.000,28.269044999999995,winter weekend,27.53
2024-02-11 16:00:00.000,28.8175755,winter weekend,27.53
2024-02-11 17:00:00.000,29.793434999999995,winter weekend,27.53
2024-02-11 18:00:00.000,30.073323,winter weekend,27.53
2024-02-11 19:00:00.000,29.945873999999996,winter weekend,27.53
2024-02-11 20:00:00.000,29.574772499999995,winter weekend,27.53
2024-02-11 21:00:00.000,28.821323999999997,winter weekend,27.53
2024-02-11 22:00:00.000,28.530190499999996,winter weekend,27.53
2024-02-11 23:00:00.000,27.9829095,winter weekend,27.53
2024-02-12 00:00:00.000,28.025392499999995,winter weekday,26.43
2024-02-12 01:00:00.000,27.6805305,winter weekday,26.43
2024-02-12 02:00:00.000,27.563077499999995,winter weekday,26.43
2024-02-12 03:00:00.000,27.405640499999997,winter weekday,26.43
2024-02-12 04:00:00.000,27.383149499999995,winter weekday,26.43
2024-02-12 05:00:00.000,28.106609999999996,winter weekday,26.43
2024-02-12 06:00:00.000,29.48106,winter weekday,30.5
2024-02-12 07:00:00.000,30.6568395,winter weekday,30.5
2024-02-12 08:00:00.000,32.97966,winter weekday,30.5
2024-02-12 09:00:00.000,32.042534999999994,winter weekday,30.5
2024-02-12 10:00:00.000,30.6643365,winter weekday,30.5
2024-02-12 11:00:00.000,29.873402999999996,winter weekday,30.5
2024-02-12 12:00:00.000,28.402741499999998,winter weekday,26.43
2024-02-12 13:00:00.000,27.9504225,winter weekday,26.43
2024-02-12 14:00:00.000,27.975412499999997,winter weekday,26.43
2024-02-12 15:00:00.000,28.28154,winter weekday,26.43
2024-02-12 16:00:00.000,29.783439,winter weekday,30.5
2024-02-12 17:00:00.000,31.717665,winter weekday,30.5
2024-02-12 18:00:00.000,31.98006,winter weekday,30.5
2024-02-12 19:00:00.000,31.115406,winter weekday,30.5
2024-02-12 20:00:00.000,29.8746525,winter weekday,30.5
2024-02-12 21:00:00.000,28.923783,winter weekday,30.5
2024-02-12 22:00:00.000,28.2153165,winter weekday,26.43
2024-02-12 23:00:00.000,27.719265,winter weekday,26.43
2024-02-13 00:00:00.000,28.555180499999995,winter weekday,30.5
2024-02-13 01:00:00.000,28.1528415,winter weekday,26.43
2024-02-13 02:00:00.000,27.907939499999998,winter weekday,26.43
2024-02-13 03:00:00.000,27.5430855,winter weekday,26.43
2024-02-13 04:00:00.000,27.489356999999995,winter weekday,26.43
2024-02-13 05:00:00.000,27.9304305,winter weekday,26.43
2024-02-13 06:00:00.000,28.8175755,winter weekday,30.5
2024-02-13 07:00:00.000,30.25325099999999,winter weekday,30.5
2024-02-13 08:00:00.000,31.117905,winter weekday,30.5
2024-02-13 09:00:00.000,29.371104,winter weekday,30.5
2024-02-13 10:00:00.000,28.6326495,winter weekday,30.5
2024-02-13 11:00:00.000,27.9654165,winter weekday,26.43
2024-02-13 12:00:00.000,27.5480835,winter weekday,26.43
2024-02-13 13:00:00.000,27.514347,winter weekday,26.43
2024-02-13 14:00:00.000,27.869204999999997,winter weekday,26.43
2024-02-13 15:00:00.000,28.818825,winter weekday,30.5
2024-02-13 16:00:00.000,29.775941999999997,winter weekday,30.5
2024-02-13 17:00:00.000,31.8563595,winter weekday,30.5
2024-02-13 18:00:00.000,32.464865999999994,winter weekday,30.5
2024-02-13 19:00:00.000,31.3540605,winter weekday,30.5
2024-02-13 20:00:00.000,29.7272115,winter weekday,30.5
2024-02-13 21:00:00.000,28.963767,winter weekday,30.5
2024-02-13 22:00:00.000,28.530190499999996,winter weekday,30.5
2024-02-13 23:00:00.000,28.074122999999997,winter weekday,26.43
2024-02-14 00:00:00.000,27.560578499999995,winter weekday,26.43
2024-02-14 01:00:00.000,27.399393,winter weekday,26.43
2024-02-14 02:00:00.000,26.952072,winter weekday,26.43
2024-02-14 03:00:00.000,26.8308705,winter weekday,26.43
2024-02-14 04:00:00.000,26.864607,winter weekday,26.43
2024-02-14 05:00:00.000,27.2856885,winter weekday,26.43
2024-02-14 06:00:00.000,27.885448499999995,winter weekday,26.43
2024-02-14 07:00:00.000,29.073722999999998,winter weekday,30.5
2024-02-14 08:00:00.000,29.947123499999996,winter weekday,30.5
2024-02-14 09:00:00.000,28.687627499999994,winter weekday,30.5
2024-02-14 10:00:00.000,27.964167,winter weekday,26.43
2024-02-14 11:00:00.000,27.8929455,winter weekday,26.43
2024-02-14 12:00:00.000,27.8104785,winter weekday,26.43
2024-02-14 13:00:00.000,27.959169,winter weekday,26.43
2024-02-14 14:00:00.000,28.610158499999997,winter weekday,30.5
2024-02-14 15:00:00.000,29.009998499999995,winter weekday,30.5
2024-02-14 16:00:00.000,29.798433,winter weekday,30.5
2024-02-14 17:00:00.000,30.3519615,winter weekday,30.5
2024-02-14 18:00:00.000,30.927980999999992,winter weekday,30.5
2024-02-14 19:00:00.000,30.5393865,winter weekday,30.5
2024-02-14 20:00:00.000,29.541035999999995,winter weekday,30.5
2024-02-14 21:00:00.000,28.691376,winter weekday,30.5
2024-02-14 22:00:00.000,28.50645,winter weekday,30.5
2024-02-14 23:00:00.000,27.956669999999995,winter weekday,26.43
2024-02-15 00:00:00.000,27.695524499999998,winter weekday,26.43
2024-02-15 01:00:00.000,27.623053499999997,winter weekday,26.43
2024-02-15 02:00:00.000,27.519344999999998,winter weekday,26.43
2024-02-15 03:00:00.000,27.450622499999994,winter weekday,26.43
2024-02-15 04:00:00.000,27.724262999999997,winter weekday,26.43
2024-02-15 05:00:00.000,28.239056999999995,winter weekday,26.43
2024-02-15 06:00:00.000,29.007499499999994,winter weekday,30.5
2024-02-15 07:00:00.000,30.177031499999995,winter weekday,30.5
2024-02-15 08:00:00.000,30.314476499999994,winter weekday,30.5
2024-02-15 09:00:00.000,29.825921999999995,winter weekday,30.5
2024-02-15 10:00:00.000,29.253651,winter weekday,30.5
2024-02-15 11:00:00.000,28.726361999999995,winter weekday,30.5
2024-02-15 12:00:00.000,28.310278499999995,winter weekday,26.43
2024-02-15 13:00:00.000,28.2553005,winter weekday,26.43
2024-02-15 14:00:00.000,28.720114499999998,winter weekday,30.5
2024-02-15 15:00:00.000,29.362357499999995,winter weekday,30.5
2024-02-15 16:00:00.000,29.8621575,winter weekday,30.5
2024-02-15 17:00:00.000,30.855509999999995,winter weekday,30.5
2024-02-15 18:00:00.000,30.844264499999998,winter weekday,30.5
2024-02-15 19:00:00.000,29.432329499999994,winter weekday,30.5
2024-02-15 20:00:00.000,28.7900865,winter weekday,30.5
2024-02-15 21:00:00.000,27.8529615,winter weekday,26.43
2024-02-15 22:00:00.000,27.867955499999997,winter weekday,26.43
2024-02-15 23:00:00.000,27.345664499999994,winter weekday,26.43
2024-02-16 00:00:00.000,26.452271999999997,winter weekday,26.43
2024-02-16 01:00:00.000,26.367305999999992,winter weekday,26.43
2024-02-16 02:00:00.000,26.222364,winter weekday,26.43
2024-02-16 03:00:00.000,26.0836695,winter weekday,26.43
2024-02-16 04:00:00.000,26.404791,winter weekday,26.43
2024-02-16 05:00:00.000,26.6734335,winter weekday,26.43
2024-02-16 06:00:00.000,27.3756525,winter weekday,26.43
2024-02-16 07:00:00.000,28.655140499999995,winter weekday,30.5
2024-02-16 08:00:00.000,28.793834999999994,winter weekday,30.5
2024-02-16 09:00:00.000,28.086617999999994,winter weekday,26.43
2024-02-16 10:00:00.000,26.7783915,winter weekday,26.43
2024-02-16 11:00:00.000,26.607209999999995,winter weekday,26.43
2024-02-16 12:00:00.000,26.523493499999997,winter weekday,26.43
2024-02-16 13:00:00.000,26.5209945,winter weekday,26.43
2024-02-16 14:00:00.000,26.704670999999998,winter weekday,26.43
2024-02-16 15:00:00.000,27.8054805,winter weekday,26.43
2024-02-16 16:00:00.000,28.730110499999995,winter weekday,30.5
2024-02-16 17:00:00.000,29.053731,winter weekday,30.5
2024-02-16 18:00:00.000,29.658489,winter weekday,30.5
2024-02-16 19:00:00.000,29.57852099999999,winter weekday,30.5
2024-02-16 20:00:00.000,29.039986499999998,winter weekday,30.5
2024-02-16 21:00:00.000,28.65639,winter weekday,30.5
2024-02-16 22:00:00.000,28.4877075,winter weekday,30.5
2024-02-16 23:00:00.000,27.484358999999998,winter weekday,26.43
2024-02-17 00:00:00.000,27.1457445,winter weekend,27.53
2024-02-17 01:00:00.000,27.107009999999995,winter weekend,27.53
2024-02-17 02:00:00.000,26.967066,winter weekend,27.53
2024-02-17 03:00:00.000,26.814626999999994,winter weekend,27.53
2024-02-17 04:00:00.000,26.809628999999997,winter weekend,27.53
2024-02-17 05:00:00.000,26.917085999999998,winter weekend,27.53
2024-02-17 06:00:00.000,26.8783515,winter weekend,27.53
2024-02-17 07:00:00.000,27.094514999999998,winter weekend,27.53
2024-02-17 08:00:00.000,28.092865499999995,winter weekend,27.53
2024-02-17 09:00:00.000,27.8929455,winter weekend,27.53
2024-02-17 10:00:00.000,27.734258999999994,winter weekend,27.53
2024-02-17 11:00:00.000,27.5680755,winter weekend,27.53
2024-02-17 12:00:00.000,27.264447,winter weekend,27.53
2024-02-17 13:00:00.000,26.888347499999995,winter weekend,27.53
2024-02-17 14:00:00.000,27.3681555,winter weekend,27.53
2024-02-17 15:00:00.000,28.585168499999995,winter weekend,27.53
2024-02-17 16:00:00.000,29.3598585,winter weekend,27.53
2024-02-17 17:00:00.000,30.9717135,winter weekend,32.84
2024-02-17 18:00:00.000,33.73685699999999,winter weekend,32.84
2024-02-17 19:00:00.000,31.265346,winter weekend,32.84
2024-02-17 20:00:00.000,30.097063499999997,winter weekend,27.53
2024-02-17 21:00:00.000,29.3023815,winter weekend,27.53
2024-02-17 22:00:00.000,29.036238,winter weekend,27.53
2024-02-17 23:00:00.000,28.620154499999995,winter weekend,27.53
2024-02-18 00:00:00.000,27.779240999999995,winter weekend,27.53
2024-02-18 01:00:00.000,26.8333695,winter weekend,27.53
2024-02-18 02:00:00.000,26.412287999999997,winter weekend,27.53
2024-02-18 03:00:00.000,26.272343999999997,winter weekend,27.53
2024-02-18 04:00:00.000,26.256100499999995,winter weekend,27.53
2024-02-18 05:00:00.000,26.041186499999995,winter weekend,27.53
2024-02-18 06:00:00.000,25.735059,winter weekend,27.53
2024-02-18 07:00:00.000,26.1036615,winter weekend,27.53
2024-02-18 08:00:00.000,25.892496,winter weekend,27.53
2024-02-18 09:00:00.000,25.361458499999998,winter weekend,27.53
2024-02-18 10:00:00.000,25.0390875,winter weekend,27.53
2024-02-18 11:00:00.000,25.107809999999997,winter weekend,27.53
2024-02-18 12:00:00.000,24.995355,winter weekend,27.53
2024-02-18 13:00:00.000,24.967866,winter weekend,27.53
2024-02-18 14:00:00.000,25.341466499999992,winter weekend,27.53
2024-02-18 15:00:00.000,26.7683955,winter weekend,27.53
2024-02-18 16:00:00.000,27.840466499999994,winter weekend,27.53
2024-02-18 17:00:00.000,28.981259999999992,winter weekend,27.53
2024-02-18 18:00:00.000,29.188676999999995,winter weekend,27.53
2024-02-18 19:00:00.000,28.805080499999995,winter weekend,27.53
2024-02-18 20:00:00.000,28.070374499999996,winter weekend,27.53
2024-02-18 21:00:00.000,27.460618499999992,winter weekend,27.53
2024-02-18 22:00:00.000,27.148243499999992,winter weekend,27.53
2024-02-18 23:00:00.000,26.724663,winter weekend,27.53
2024-02-19 00:00:00.000,25.48266,winter weekday,26.43
2024-02-19 01:00:00.000,25.362708,winter weekday,26.43
2024-02-19 02:00:00.000,25.5088995,winter weekday,26.43
2024-02-19 03:00:00.000,25.471414499999995,winter weekday,26.43
2024-02-19 04:00:00.000,25.597614,winter weekday,26.43
2024-02-19 05:00:00.000,26.4285315,winter weekday,26.43
2024-02-19 06:00:00.000,28.556429999999995,winter weekday,30.5
2024-02-19 07:00:00.000,29.8671555,winter weekday,30.5
2024-02-19 08:00:00.000,30.460667999999995,winter weekday,30.5
2024-02-19 09:00:00.000,29.3598585,winter weekday,30.5
2024-02-19 10:00:00.000,28.835068499999995,winter weekday,30.5
2024-02-19 11:00:00.000,28.622653499999995,winter weekday,30.5
2024-02-19 12:00:00.000,27.790486499999997,winter weekday,26.43
2024-02-19 13:00:00.000,27.6055605,winter weekday,26.43
2024-02-19 14:00:00.000,28.226561999999998,winter weekday,26.43
2024-02-19 15:00:00.000,28.641396,winter weekday,30.5
2024-02-19 16:00:00.000,28.9200345,winter weekday,30.5
2024-02-19 17:00:00.000,29.512297499999992,winter weekday,30.5
2024-02-19 18:00:00.000,32.186227499999994,winter weekday,30.5
2024-02-19 19:00:00.000,29.978361,winter weekday,30.5
2024-02-19 20:00:00.000,28.963767,winter weekday,30.5
2024-02-19 21:00:00.000,28.415236499999995,winter weekday,26.43
2024-02-19 22:00:00.000,28.265296499999994,winter weekday,26.43
2024-02-19 23:00:00.000,27.365656499999996,winter weekday,26.43
2024-02-20 00:00:00.000,27.239456999999994,winter weekday,26.43
2024-02-20 01:00:00.000,26.772144,winter weekday,26.43
2024-02-20 02:00:00.000,26.727162,winter weekday,26.43
2024-02-20 03:00:00.000,26.667186,winter weekday,26.43
2024-02-20 04:00:00.000,26.6059605,winter weekday,26.43
2024-02-20 05:00:00.000,26.8308705,winter weekday,26.43
2024-02-20 06:00:00.000,28.7975835,winter weekday,30.5
2024-02-20 07:00:00.000,31.030439999999995,winter weekday,30.5
2024-02-20 08:00:00.000,31.341565499999994,winter weekday,30.5
2024-02-20 09:00:00.000,29.7996825,winter weekday,30.5
2024-02-20 10:00:00.000,28.711368,winter weekday,30.5
2024-02-20 11:00:00.000,27.591815999999994,winter weekday,26.43
2024-02-20 12:00:00.000,26.672184,winter weekday,26.43
2024-02-20 13:00:00.000,26.409789,winter weekday,26.43
2024-02-20 14:00:00.000,26.4560205,winter weekday,26.43
2024-02-20 15:00:00.000,27.002052,winter weekday,26.43
2024-02-20 16:00:00.000,27.866705999999997,winter weekday,26.43
2024-02-20 17:00:00.000,28.798832999999995,winter weekday,30.5
2024-02-20 18:00:00.000,28.887547499999997,winter weekday,30.5
2024-02-20 19:00:00.000,29.1649365,winter weekday,30.5
2024-02-20 20:00:00.000,28.541435999999997,winter weekday,30.5
2024-02-20 21:00:00.000,27.6480435,winter weekday,26.43
2024-02-20 22:00:00.000,27.089516999999997,winter weekday,26.43
2024-02-20 23:00:00.000,26.5784715,winter weekday,26.43
2024-02-21 00:00:00.000,26.313577499999997,winter weekday,26.43
2024-02-21 01:00:00.000,26.041186499999995,winter weekday,26.43
2024-02-21 02:00:00.000,25.837518,winter weekday,26.43
2024-02-21 03:00:00.000,25.578871499999995,winter weekday,26.43
2024-02-21 04:00:00.000,25.656340499999995,winter weekday,26.43
2024-02-21 05:00:00.000,26.2361085,winter weekday,26.43
2024-02-21 06:00:00.000,28.231559999999995,winter weekday,26.43
2024-02-21 07:00:00.000,30.148292999999995,winter weekday,30.5
2024-02-21 08:00:00.000,30.6193545,winter weekday,30.5
2024-02-21 09:00:00.000,28.773843,winter weekday,30.5
2024-02-21 10:00:00.000,27.994155,winter weekday,26.43
2024-02-21 11:00:00.000,27.530590499999995,winter weekday,26.43
2024-02-21 12:00:00.000,26.608459499999995,winter weekday,26.43
2024-02-21 13:00:00.000,26.384798999999997,winter weekday,26.43
2024-02-21 14:00:00.000,26.703421499999997,winter weekday,26.43
2024-02-21 15:00:00.000,28.18158,winter weekday,26.43
2024-02-21 16:00:00.000,28.721363999999998,winter weekday,30.5
2024-02-21 17:00:00.000,28.6851285,winter weekday,30.5
2024-02-21 18:00:00.000,28.553930999999995,winter weekday,30.5
2024-02-21 19:00:00.000,27.655540499999997,winter weekday,26.43
2024-02-21 20:00:00.000,26.496004499999994,winter weekday,26.43
2024-02-21 21:00:00.000,25.730061,winter weekday,26.43
2024-02-21 22:00:00.000,25.19652449999999,winter weekday,26.43
2024-02-21 23:00:00.000,24.385599,winter weekday,26.43
2024-02-22 00:00:00.000,23.792086499999996,winter weekday,26.43
2024-02-22 01:00:00.000,23.3597595,winter weekday,26.43
2024-02-22 02:00:00.000,23.3672565,winter weekday,26.43
2024-02-22 03:00:00.000,23.4772125,winter weekday,26.43
2024-02-22 04:00:00.000,24.608009999999997,winter weekday,26.43
2024-02-22 05:00:00.000,25.988707499999997,winter weekday,26.43
2024-02-22 06:00:00.000,28.2428055,winter weekday,26.43
2024-02-22 07:00:00.000,29.547283499999995,winter weekday,30.5
2024-02-22 08:00:00.000,30.2195145,winter weekday,30.5
2024-02-22 09:00:00.000,29.2424055,winter weekday,30.5
2024-02-22 10:00:00.000,28.9750125,winter weekday,30.5
2024-02-22 11:00:00.000,28.547683499999994,winter weekday,30.5
2024-02-22 12:00:00.000,28.5776715,winter weekday,30.5
2024-02-22 13:00:00.000,28.603911,winter weekday,30.5
2024-02-22 14:00:00.000,28.062877499999995,winter weekday,26.43
2024-02-22 15:00:00.000,28.0753725,winter weekday,26.43
2024-02-22 16:00:00.000,27.8879475,winter weekday,26.43
2024-02-22 17:00:00.000,27.701771999999995,winter weekday,26.43
2024-02-22 18:00:00.000,27.4706145,winter weekday,26.43
2024-02-22 19:00:00.000,26.534738999999995,winter weekday,26.43
2024-02-22 20:00:00.000,25.288987499999998,winter weekday,26.43
2024-02-22 21:00:00.000,23.043636,winter weekday,26.43
2024-02-22 22:00:00.000,21.491757,winter weekday,26.43
2024-02-22 23:00:00.000,20.2235145,winter weekday,26.43
2024-02-23 00:00:00.000,21.1381485,winter weekday,26.43
2024-02-23 01:00:00.000,20.1185565,winter weekday,26.43
2024-02-23 02:00:00.000,20.1335505,winter weekday,26.43
2024-02-23 03:00:00.000,19.996105499999995,winter weekday,26.43
2024-02-23 04:00:00.000,19.987359,winter weekday,26.43
2024-02-23 05:00:00.000,19.996105499999995,winter weekday,26.43
2024-02-23 06:00:00.000,24.942875999999995,winter weekday,26.43
2024-02-23 07:00:00.000,27.114506999999996,winter weekday,26.43
2024-02-23 08:00:00.000,27.4006425,winter weekday,26.43
2024-02-23 09:00:00.000,26.4435255,winter weekday,26.43
2024-02-23 10:00:00.000,25.812528,winter weekday,26.43
2024-02-23 11:00:00.000,25.189027499999995,winter weekday,26.43
2024-02-23 12:00:00.000,24.620504999999994,winter weekday,26.43
2024-02-23 13:00:00.000,24.183179999999997,winter weekday,26.43
2024-02-23 14:00:00.000,24.867905999999994,winter weekday,26.43
2024-02-23 15:00:00.000,26.1711345,winter weekday,26.43
2024-02-23 16:00:00.000,27.866705999999997,winter weekday,26.43
2024-02-23 17:00:00.000,29.206169999999997,winter weekday,30.5
2024-02-23 18:00:00.000,30.785537999999995,winter weekday,30.5
2024-02-23 19:00:00.000,30.481909499999997,winter weekday,30.5
2024-02-23 20:00:00.000,29.1024615,winter weekday,30.5
2024-02-23 21:00:00.000,28.638897,winter weekday,30.5
2024-02-23 22:00:00.000,28.478960999999995,winter weekday,30.5
2024-02-23 23:00:00.000,28.119104999999998,winter weekday,26.43
2024-02-24 00:00:00.000,28.2902865,winter weekend,27.53
2024-02-24 01:00:00.000,27.969165,winter weekend,27.53
2024-02-24 02:00:00.000,27.419384999999995,winter weekend,27.53
2024-02-24 03:00:00.000,26.8821,winter weekend,27.53
2024-02-24 04:00:00.000,26.9058405,winter weekend,27.53
2024-02-24 05:00:00.000,27.119505,winter weekend,27.53
2024-02-24 06:00:00.000,27.690526499999997,winter weekend,27.53
2024-02-24 07:00:00.000,28.2453045,winter weekend,27.53
2024-02-24 08:00:00.000,28.03164,winter weekend,27.53
2024-02-24 09:00:00.000,27.181979999999992,winter weekend,27.53
2024-02-24 10:00:00.000,26.127401999999996,winter weekend,27.53
2024-02-24 11:00:00.000,25.712568,winter weekend,27.53
2024-02-24 12:00:00.000,25.022844,winter weekend,27.53
2024-02-24 13:00:00.000,24.010748999999997,winter weekend,27.53
2024-02-24 14:00:00.000,24.68298,winter weekend,27.53
2024-02-24 15:00:00.000,25.60761,winter weekend,27.53
2024-02-24 16:00:00.000,26.9758125,winter weekend,27.53
2024-02-24 17:00:00.000,28.940026499999995,winter weekend,27.53
2024-02-24 18:00:00.000,29.98086,winter weekend,27.53
2024-02-24 19:00:00.000,29.247403499999997,winter weekend,27.53
2024-02-24 20:00:00.000,28.1278515,winter weekend,27.53
2024-02-24 21:00:00.000,27.474363,winter weekend,27.53
2024-02-24 22:00:00.000,27.009548999999996,winter weekend,27.53
2024-02-24 23:00:00.000,26.50725,winter weekend,27.53
2024-02-25 00:00:00.000,27.053281499999997,winter weekend,27.53
2024-02-25 01:00:00.000,26.912088,winter weekend,27.53
2024-02-25 02:00:00.000,26.904591,winter weekend,27.53
2024-02-25 03:00:00.000,26.843365499999997,winter weekend,27.53
2024-02-25 04:00:00.000,26.880850499999998,winter weekend,27.53
2024-02-25 05:00:00.000,26.8658565,winter weekend,27.53
2024-02-25 06:00:00.000,27.070774499999995,winter weekend,27.53
2024-02-25 07:00:00.000,27.471863999999997,winter weekend,27.53
2024-02-25 08:00:00.000,27.679281,winter weekend,27.53
2024-02-25 09:00:00.000,27.709268999999995,winter weekend,27.53
2024-02-25 10:00:00.000,27.020794499999997,winter weekend,27.53
2024-02-25 11:00:00.000,26.747153999999995,winter weekend,27.53
2024-02-25 12:00:00.000,26.23236,winter weekend,27.53
2024-02-25 13:00:00.000,25.7363085,winter weekend,27.53
2024-02-25 14:00:00.000,26.212367999999994,winter weekend,27.53
2024-02-25 15:00:00.000,26.85711,winter weekend,27.53
2024-02-25 16:00:00.000,28.45647,winter weekend,27.53
2024-02-25 17:00:00.000,30.254500499999992,winter weekend,32.84
2024-02-25 18:00:00.000,31.691425499999998,winter weekend,32.84
2024-02-25 19:00:00.000,29.878401,winter weekend,27.53
2024-02-25 20:00:00.000,28.730110499999995,winter weekend,27.53
2024-02-25 21:00:00.000,28.221564,winter weekend,27.53
2024-02-25 22:00:00.000,28.1353485,winter weekend,27.53
2024-02-25 23:00:00.000,27.279440999999995,winter weekend,27.53
2024-02-26 00:00:00.000,27.210718499999995,winter weekday,26.43
2024-02-26 01:00:00.000,27.084519,winter weekday,26.43
2024-02-26 02:00:00.000,26.944575,winter weekday,26.43
2024-02-26 03:00:00.000,26.457269999999998,winter weekday,26.43
2024-02-26 04:00:00.000,26.644695,winter weekday,26.43
2024-02-26 05:00:00.000,27.221963999999996,winter weekday,26.43
2024-02-26 06:00:00.000,28.733858999999995,winter weekday,30.5
2024-02-26 07:00:00.000,29.968365,winter weekday,30.5
2024-02-26 08:00:00.000,30.180779999999995,winter weekday,30.5
2024-02-26 09:00:00.000,29.2099185,winter weekday,30.5
2024-02-26 10:00:00.000,28.3127775,winter weekday,26.43
2024-02-26 11:00:00.000,28.1103585,winter weekday,26.43
2024-02-26 12:00:00.000,27.284438999999995,winter weekday,26.43
2024-02-26 13:00:00.000,27.2557005,winter weekday,26.43
2024-02-26 14:00:00.000,27.6430455,winter weekday,26.43
2024-02-26 15:00:00.000,28.1003625,winter weekday,26.43
2024-02-26 16:00:00.000,28.730110499999995,winter weekday,30.5
2024-02-26 17:00:00.000,29.60601,winter weekday,30.5
2024-02-26 18:00:00.000,30.645594,winter weekday,30.5
2024-02-26 19:00:00.000,30.1070595,winter weekday,30.5
2024-02-26 20:00:00.000,29.007499499999994,winter weekday,30.5
2024-02-26 21:00:00.000,28.192825499999994,winter weekday,26.43
2024-02-26 22:00:00.000,28.132849499999995,winter weekday,26.43
2024-02-26 23:00:00.000,27.576821999999996,winter weekday,26.43
2024-02-27 00:00:00.000,27.184479,winter weekday,26.43
2024-02-27 01:00:00.000,27.1757325,winter weekday,26.43
2024-02-27 02:00:00.000,27.1507425,winter weekday,26.43
2024-02-27 03:00:00.000,27.090766499999997,winter weekday,26.43
2024-02-27 04:00:00.000,27.1507425,winter weekday,26.43
2024-02-27 05:00:00.000,27.869204999999997,winter weekday,26.43
2024-02-27 06:00:00.000,29.2698945,winter weekday,30.5
2024-02-27 07:00:00.000,31.933828499999997,winter weekday,30.5
2024-02-27 08:00:00.000,31.952571,winter weekday,30.5
2024-02-27 09:00:00.000,30.082069499999992,winter weekday,30.5
2024-02-27 10:00:00.000,28.570174499999997,winter weekday,30.5
2024-02-27 11:00:00.000,28.097863499999995,winter weekday,26.43
2024-02-27 12:00:00.000,27.389396999999995,winter weekday,26.43
2024-02-27 13:00:00.000,27.388147499999995,winter weekday,26.43
2024-02-27 14:00:00.000,28.070374499999996,winter weekday,26.43
2024-02-27 15:00:00.000,28.988757,winter weekday,30.5
2024-02-27 16:00:00.000,29.958368999999998,winter weekday,30.5
2024-02-27 17:00:00.000,32.232459,winter weekday,30.5
2024-02-27 18:00:00.000,33.954269999999994,winter weekday,35.79
2024-02-27 19:00:00.000,33.12585149999999,winter weekday,30.5
2024-02-27 20:00:00.000,30.525642,winter weekday,30.5
2024-02-27 21:00:00.000,29.0274915,winter weekday,30.5
2024-02-27 22:00:00.000,28.765096499999995,winter weekday,30.5
2024-02-27 23:00:00.000,28.1028615,winter weekday,26.43
2024-02-28 00:00:00.000,27.52684199999999,winter weekday,26.43
2024-02-28 01:00:00.000,27.406889999999997,winter weekday,26.43
2024-02-28 02:00:00.000,27.649292999999997,winter weekday,26.43
2024-02-28 03:00:00.000,27.914186999999995,winter weekday,26.43
2024-02-28 04:00:00.000,27.949173,winter weekday,26.43
2024-02-28 05:00:00.000,28.411487999999995,winter weekday,26.43
2024-02-28 06:00:00.000,29.268645,winter weekday,30.5
2024-02-28 07:00:00.000,32.341165499999995,winter weekday,30.5
2024-02-28 08:00:00.000,33.040885499999995,winter weekday,30.5
2024-02-28 09:00:00.000,30.663086999999997,winter weekday,30.5
2024-02-28 10:00:00.000,29.229910499999995,winter weekday,30.5
2024-02-28 11:00:00.000,28.425232499999996,winter weekday,26.43
2024-02-28 12:00:00.000,27.972913499999997,winter weekday,26.43
2024-02-28 13:00:00.000,27.571824,winter weekday,26.43
2024-02-28 14:00:00.000,27.670534499999995,winter weekday,26.43
2024-02-28 15:00:00.000,28.7850885,winter weekday,30.5
2024-02-28 16:00:00.000,29.351111999999997,winter weekday,30.5
2024-02-28 17:00:00.000,31.610208,winter weekday,30.5
2024-02-28 18:00:00.000,31.635198,winter weekday,30.5
2024-02-28 19:00:00.000,29.7671955,winter weekday,30.5
2024-02-28 20:00:00.000,28.16158799999999,winter weekday,26.43
2024-02-28 21:00:00.000,27.8054805,winter weekday,26.43
2024-02-28 22:00:00.000,27.984158999999995,winter weekday,26.43
2024-02-28 23:00:00.000,26.872104,winter weekday,26.43
2024-02-29 00:00:00.000,26.8708545,winter weekday,26.43
2024-02-29 01:00:00.000,26.6484435,winter weekday,26.43
2024-02-29 02:00:00.000,26.239856999999997,winter weekday,26.43
2024-02-29 03:00:00.000,25.861258499999995,winter weekday,26.43
2024-02-29 04:00:00.000,25.8762525,winter weekday,26.43
2024-02-29 05:00:00.000,26.647193999999995,winter weekday,26.43
2024-02-29 06:00:00.000,27.735508499999995,winter weekday,26.43
2024-02-29 07:00:00.000,29.198673,winter weekday,30.5
2024-02-29 08:00:00.000,29.217415499999998,winter weekday,30.5
2024-02-29 09:00:00.000,28.7800905,winter weekday,30.5
2024-02-29 10:00:00.000,27.5405865,winter weekday,26.43
2024-02-29 11:00:00.000,26.858359499999995,winter weekday,26.43
2024-02-29 12:00:00.000,26.729660999999997,winter weekday,26.43
2024-02-29 13:00:00.000,26.984559,winter weekday,26.43
2024-02-29 14:00:00.000,26.8658565,winter weekday,26.43
2024-02-29 15:00:00.000,28.101612,winter weekday,26.43
2024-02-29 16:00:00.000,28.853811,winter weekday,30.5
2024-02-29 17:00:00.000,30.140796,winter weekday,30.5
2024-02-29 18:00:00.000,30.763047,winter weekday,30.5
2024-02-29 19:00:00.000,30.104560499999995,winter weekday,30.5
2024-02-29 20:00:00.000,29.077471499999994,winter weekday,30.5
2024-02-29 21:00:00.000,28.3877475,winter weekday,26.43
2024-02-29 22:00:00.000,28.094114999999995,winter weekday,26.43
2024-02-29 23:00:00.000,27.594314999999995,winter weekday,26.43
2024-03-01 00:00:00.000,27.736757999999995,winter weekday,26.43
2024-03-01 01:00:00.000,27.659289,winter weekday,26.43
2024-03-01 02:00:00.000,27.249452999999995,winter weekday,26.43
2024-03-01 03:00:00.000,27.210718499999995,winter weekday,26.43
2024-03-01 04:00:00.000,27.269445,winter weekday,26.43
2024-03-01 05:00:00.000,27.7929855,winter weekday,26.43
2024-03-01 06:00:00.000,28.928780999999997,winter weekday,30.5
2024-03-01 07:00:00.000,29.900892,winter weekday,30.5
2024-03-01 08:00:00.000,30.4544205,winter weekday,30.5
2024-03-01 09:00:00.000,29.466066,winter weekday,30.5
2024-03-01 10:00:00.000,28.296533999999998,winter weekday,26.43
2024-03-01 11:00:00.000,28.076622,winter weekday,26.43
2024-03-01 12:00:00.000,27.866705999999997,winter weekday,26.43
2024-03-01 13:00:00.000,28.060378499999995,winter weekday,26.43
2024-03-01 14:00:00.000,28.370254499999994,winter weekday,26.43
2024-03-01 15:00:00.000,29.052481499999995,winter weekday,30.5
2024-03-01 16:00:00.000,29.848413,winter weekday,30.5
2024-03-01 17:00:00.000,31.15539,winter weekday,30.5
2024-03-01 18:00:00.000,31.6964235,winter weekday,30.5
2024-03-01 19:00:00.000,30.879250499999998,winter weekday,30.5
2024-03-01 20:00:00.000,29.667235499999997,winter weekday,30.5
2024-03-01 21:00:00.000,28.933779,winter weekday,30.5
2024-03-01 22:00:00.000,28.738857,winter weekday,30.5
2024-03-01 23:00:00.000,28.280290499999992,winter weekday,26.43
2024-03-02 00:00:00.000,27.4756125,winter weekend,27.53
2024-03-02 01:00:00.000,26.9858085,winter weekend,27.53
2024-03-02 02:00:00.000,26.984559,winter weekend,27.53
2024-03-02 03:00:00.000,26.917085999999998,winter weekend,27.53
2024-03-02 04:00:00.000,26.842115999999997,winter weekend,27.53
2024-03-02 05:00:00.000,26.980810499999997,winter weekend,27.53
2024-03-02 06:00:00.000,27.054530999999997,winter weekend,27.53
2024-03-02 07:00:00.000,27.56557649999999,winter weekend,27.53
2024-03-02 08:00:00.000,27.951671999999995,winter weekend,27.53
2024-03-02 09:00:00.000,28.200322499999995,winter weekend,27.53
2024-03-02 10:00:00.000,27.536838,winter weekend,27.53
2024-03-02 11:00:00.000,27.379400999999994,winter weekend,27.53
2024-03-02 12:00:00.000,26.960818499999995,winter weekend,27.53
2024-03-02 13:00:00.000,26.844615,winter weekend,27.53
2024-03-02 14:00:00.000,27.464367,winter weekend,27.53
2024-03-02 15:00:00.000,28.241555999999992,winter weekend,27.53
2024-03-02 16:00:00.000,29.106209999999997,winter weekend,27.53
2024-03-02 17:00:00.000,30.059578499999997,winter weekend,27.53
2024-03-02 18:00:00.000,31.680179999999996,winter weekend,32.84
2024-03-02 19:00:00.000,31.217864999999996,winter weekend,32.84
2024-03-02 20:00:00.000,29.603510999999997,winter weekend,27.53
2024-03-02 21:00:00.000,28.7076195,winter weekend,27.53
2024-03-02 22:00:00.000,27.599313,winter weekend,27.53
2024-03-02 23:00:00.000,26.8558605,winter weekend,27.53
2024-03-03 00:00:00.000,26.794635,winter weekend,27.53
2024-03-03 01:00:00.000,26.6859285,winter weekend,27.53
2024-03-03 02:00:00.000,26.70717,winter weekend,27.53
2024-03-03 03:00:00.000,26.930830499999995,winter weekend,27.53
2024-03-03 04:00:00.000,26.8958445,winter weekend,27.53
2024-03-03 05:00:00.000,26.959568999999995,winter weekend,27.53
2024-03-03 06:00:00.000,26.982059999999997,winter weekend,27.53
2024-03-03 07:00:00.000,27.092015999999997,winter weekend,27.53
2024-03-03 08:00:00.000,26.8283715,winter weekend,27.53
2024-03-03 09:00:00.000,26.730910499999997,winter weekend,27.53
2024-03-03 10:00:00.000,26.4835095,winter weekend,27.53
2024-03-03 11:00:00.000,26.164887,winter weekend,27.53
2024-03-03 12:00:00.000,25.921234499999997,winter weekend,27.53
2024-03-03 13:00:00.000,25.29648449999999,winter weekend,27.53
2024-03-03 14:00:00.000,25.837518,winter weekend,27.53
2024-03-03 15:00:00.000,26.748403499999995,winter weekend,27.53
2024-03-03 16:00:00.000,27.516845999999997,winter weekend,27.53
2024-03-03 17:00:00.000,29.428580999999998,winter weekend,27.53
2024-03-03 18:00:00.000,30.525642,winter weekend,32.84
2024-03-03 19:00:00.000,30.850511999999995,winter weekend,32.84
2024-03-03 20:00:00.000,30.20577,winter weekend,32.84
2024-03-03 21:00:00.000,29.356109999999997,winter weekend,27.53
2024-03-03 22:00:00.000,29.003751,winter weekend,27.53
2024-03-03 23:00:00.000,29.033738999999997,winter weekend,27.53
2024-03-04 00:00:00.000,28.622653499999995,winter weekday,30.5
2024-03-04 01:00:00.000,28.468964999999997,winter weekday,30.5
2024-03-04 02:00:00.000,28.407739499999995,winter weekday,26.43
2024-03-04 03:00:00.000,28.259048999999997,winter weekday,26.43
2024-03-04 04:00:00.000,28.1803305,winter weekday,26.43
2024-03-04 05:00:00.000,28.835068499999995,winter weekday,30.5
2024-03-04 06:00:00.000,30.128301,winter weekday,30.5
2024-03-04 07:00:00.000,32.0637765,winter weekday,30.5
2024-03-04 08:00:00.000,32.8509615,winter weekday,30.5
2024-03-04 09:00:00.000,30.608108999999995,winter weekday,30.5
2024-03-04 10:00:00.000,28.972513499999994,winter weekday,30.5
2024-03-04 11:00:00.000,28.092865499999995,winter weekday,26.43
2024-03-04 12:00:00.000,27.972913499999997,winter weekday,26.43
2024-03-04 13:00:00.000,27.619305,winter weekday,26.43
2024-03-04 14:00:00.000,27.794234999999997,winter weekday,26.43
2024-03-04 15:00:00.000,28.713867,winter weekday,30.5
2024-03-04 16:00:00.000,29.474812499999995,winter weekday,30.5
2024-03-04 17:00:00.000,31.3040805,winter weekday,30.5
2024-03-04 18:00:00.000,33.127101,winter weekday,30.5
2024-03-04 19:00:00.000,32.3711535,winter weekday,30.5
2024-03-04 20:00:00.000,30.045834,winter weekday,30.5
2024-03-04 21:00:00.000,28.905040499999995,winter weekday,30.5
2024-03-04 22:00:00.000,28.4177355,winter weekday,26.43
2024-03-04 23:00:00.000,27.972913499999997,winter weekday,26.43
2024-03-05 00:00:00.000,27.726762,winter weekday,26.43
2024-03-05 01:00:00.000,27.690526499999997,winter weekday,26.43
2024-03-05 02:00:00.000,27.6480435,winter weekday,26.43
2024-03-05 03:00:00.000,27.464367,winter weekday,26.43
2024-03-05 04:00:00.000,27.551831999999997,winter weekday,26.43
2024-03-05 05:00:00.000,27.690526499999997,winter weekday,26.43
2024-03-05 06:00:00.000,28.9225335,winter weekday,30.5
2024-03-05 07:00:00.000,29.890895999999994,winter weekday,30.5
2024-03-05 08:00:00.000,30.35820899999999,winter weekday,30.5
2024-03-05 09:00:00.000,29.60601,winter weekday,30.5
2024-03-05 10:00:00.000,28.875052499999995,winter weekday,30.5
2024-03-05 11:00:00.000,28.696373999999995,winter weekday,30.5
2024-03-05 12:00:00.000,28.2328095,winter weekday,26.43
2024-03-05 13:00:00.000,28.2103185,winter weekday,26.43
2024-03-05 14:00:00.000,28.6826295,winter weekday,30.5
2024-03-05 15:00:00.000,28.8150765,winter weekday,30.5
2024-03-05 16:00:00.000,29.516046,winter weekday,30.5
2024-03-05 17:00:00.000,30.239506499999997,winter weekday,30.5
2024-03-05 18:00:00.000,33.02714099999999,winter weekday,30.5
2024-03-05 19:00:00.000,34.102960499999995,winter weekday,35.79
2024-03-05 20:00:00.000,31.620204,winter weekday,30.5
2024-03-05 21:00:00.000,30.331969499999992,winter weekday,30.5
2024-03-05 22:00:00.000,29.491056,winter weekday,30.5
2024-03-05 23:00:00.000,28.960018499999997,winter weekday,30.5
2024-03-06 00:00:00.000,28.85631,winter weekday,30.5
2024-03-06 01:00:00.000,28.818825,winter weekday,30.5
2024-03-06 02:00:00.000,28.788836999999997,winter weekday,30.5
2024-03-06 03:00:00.000,28.698872999999995,winter weekday,30.5
2024-03-06 04:00:00.000,28.788836999999997,winter weekday,30.5
2024-03-06 05:00:00.000,29.219914499999994,winter weekday,30.5
2024-03-06 06:00:00.000,30.478160999999997,winter weekday,30.5
2024-03-06 07:00:00.000,33.30952799999999,winter weekday,35.79
2024-03-06 08:00:00.000,33.566925,winter weekday,35.79
2024-03-06 09:00:00.000,30.8817495,winter weekday,30.5
2024-03-06 10:00:00.000,29.471063999999995,winter weekday,30.5
2024-03-06 11:00:00.000,28.983759,winter weekday,30.5
2024-03-06 12:00:00.000,28.650142499999998,winter weekday,30.5
2024-03-06 13:00:00.000,28.642645499999997,winter weekday,30.5
2024-03-06 14:00:00.000,28.811328,winter weekday,30.5
2024-03-06 15:00:00.000,29.013747,winter weekday,30.5
2024-03-06 16:00:00.000,30.113307,winter weekday,30.5
2024-03-06 17:00:00.000,32.479859999999995,winter weekday,30.5
2024-03-06 18:00:00.000,34.926381,winter weekday,35.79
2024-03-06 19:00:00.000,34.885147499999995,winter weekday,35.79
2024-03-06 20:00:00.000,31.655189999999997,winter weekday,30.5
2024-03-06 21:00:00.000,29.999602499999995,winter weekday,30.5
2024-03-06 22:00:00.000,29.728461,winter weekday,30.5
2024-03-06 23:00:00.000,29.273643,winter weekday,30.5
2024-03-07 00:00:00.000,29.1474435,winter weekday,30.5
2024-03-07 01:00:00.000,29.021243999999992,winter weekday,30.5
2024-03-07 02:00:00.000,28.773843,winter weekday,30.5
2024-03-07 03:00:00.000,28.570174499999997,winter weekday,30.5
2024-03-07 04:00:00.000,28.717615499999997,winter weekday,30.5
2024-03-07 05:00:00.000,29.122453499999995,winter weekday,30.5
2024-03-07 06:00:00.000,30.5143965,winter weekday,30.5
2024-03-07 07:00:00.000,32.8797,winter weekday,30.5
2024-03-07 08:00:00.000,32.067525,winter weekday,30.5
2024-03-07 09:00:00.000,29.8671555,winter weekday,30.5
2024-03-07 10:00:00.000,28.8950445,winter weekday,30.5
2024-03-07 11:00:00.000,28.251551999999997,winter weekday,26.43
2024-03-07 12:00:00.000,27.6930255,winter weekday,26.43
2024-03-07 13:00:00.000,27.514347,winter weekday,26.43
2024-03-07 14:00:00.000,27.8979435,winter weekday,26.43
2024-03-07 15:00:00.000,28.236557999999995,winter weekday,26.43
2024-03-07 16:00:00.000,28.721363999999998,winter weekday,30.5
2024-03-07 17:00:00.000,31.130399999999995,winter weekday,30.5
2024-03-07 18:00:00.000,33.1933245,winter weekday,35.79
2024-03-07 19:00:00.000,31.267844999999998,winter weekday,30.5
2024-03-07 20:00:00.000,30.291985499999992,winter weekday,30.5
2024-03-07 21:00:00.000,29.149942499999995,winter weekday,30.5
2024-03-07 22:00:00.000,29.146193999999998,winter weekday,30.5
2024-03-07 23:00:00.000,28.446474,winter weekday,26.43
2024-03-08 00:00:00.000,28.5376875,winter weekday,30.5
2024-03-08 01:00:00.000,28.351511999999992,winter weekday,26.43
2024-03-08 02:00:00.000,28.357759499999997,winter weekday,26.43
2024-03-08 03:00:00.000,28.230310499999995,winter weekday,26.43
2024-03-08 04:00:00.000,28.269044999999995,winter weekday,26.43
2024-03-08 05:00:00.000,28.370254499999994,winter weekday,26.43
2024-03-08 06:00:00.000,30.344464499999997,winter weekday,30.5
2024-03-08 07:00:00.000,31.862607,winter weekday,30.5
2024-03-08 08:00:00.000,31.091665499999998,winter weekday,30.5
2024-03-08 09:00:00.000,29.276142,winter weekday,30.5
2024-03-08 10:00:00.000,27.180730499999992,winter weekday,26.43
2024-03-08 11:00:00.000,26.4885075,winter weekday,26.43
2024-03-08 12:00:00.000,22.705021499999997,winter weekday,26.43
2024-03-08 13:00:00.000,20.517147,winter weekday,26.43
2024-03-08 14:00:00.000,23.00865,winter weekday,26.43
2024-03-08 15:00:00.000,25.014097499999995,winter weekday,26.43
2024-03-08 16:00:00.000,26.949573,winter weekday,26.43
2024-03-08 17:00:00.000,28.978760999999995,winter weekday,30.5
2024-03-08 18:00:00.000,30.450672,winter weekday,30.5
2024-03-08 19:00:00.000,29.978361,winter weekday,30.5
2024-03-08 20:00:00.000,28.913787,winter weekday,30.5
2024-03-08 21:00:00.000,28.094114999999995,winter weekday,26.43
2024-03-08 22:00:00.000,28.1103585,winter weekday,26.43
2024-03-08 23:00:00.000,27.4681155,winter weekday,26.43
2024-03-09 00:00:00.000,27.052032,winter weekend,27.53
2024-03-09 01:00:00.000,26.8458645,winter weekend,27.53
2024-03-09 02:00:00.000,26.697173999999997,winter weekend,27.53
2024-03-09 03:00:00.000,26.552232,winter weekend,27.53
2024-03-09 04:00:00.000,26.05743,winter weekend,27.53
2024-03-09 05:00:00.000,25.956220499999997,winter weekend,27.53
2024-03-09 06:00:00.000,26.291086499999995,winter weekend,27.53
2024-03-09 07:00:00.000,26.614707,winter weekend,27.53
2024-03-09 08:00:00.000,26.614707,winter weekend,27.53
2024-03-09 09:00:00.000,25.997454,winter weekend,27.53
2024-03-09 10:00:00.000,24.100712999999995,winter weekend,27.53
2024-03-09 11:00:00.000,20.00985,winter weekend,19.94
2024-03-09 12:00:00.000,19.8548525,winter weekend,19.94
2024-03-09 13:00:00.000,19.417349,winter weekend,19.94
2024-03-09 14:00:00.000,19.980338,winter weekend,19.94
2024-03-09 15:00:00.000,23.507200499999996,winter weekend,19.94
2024-03-09 16:00:00.000,26.562228,winter weekend,27.53
2024-03-09 17:00:00.000,28.6676355,winter weekend,27.53
2024-03-09 18:00:00.000,29.733459,winter weekend,27.53
2024-03-09 19:00:00.000,29.3548605,winter weekend,27.53
2024-03-09 20:00:00.000,28.388997,winter weekend,27.53
2024-03-09 21:00:00.000,27.5405865,winter weekend,27.53
2024-03-09 22:00:00.000,27.5480835,winter weekend,27.53
2024-03-09 23:00:00.000,27.143245499999995,winter weekend,27.53
2024-03-10 00:00:00.000,26.0636775,winter weekend,27.53
2024-03-10 01:00:00.000,25.740057,winter weekend,27.53
2024-03-10 02:00:00.000,25.105311,winter weekend,27.53
2024-03-10 03:00:00.000,24.4268325,winter weekend,27.53
2024-03-10 04:00:00.000,24.031990499999992,winter weekend,27.53
2024-03-10 05:00:00.000,24.018245999999998,winter weekend,27.53
2024-03-10 06:00:00.000,24.221914499999997,winter weekend,27.53
2024-03-10 07:00:00.000,24.9191355,winter weekend,27.53
2024-03-10 08:00:00.000,24.335618999999998,winter weekend,27.53
2024-03-10 09:00:00.000,23.139847499999995,winter weekend,19.94
2024-03-10 10:00:00.000,20.2784925,winter weekend,19.94
2024-03-10 11:00:00.000,19.973555,winter weekend,19.94
2024-03-10 12:00:00.000,19.053328,winter weekend,19.94
2024-03-10 13:00:00.000,18.856621,winter weekend,19.94
2024-03-10 14:00:00.000,19.927204499999995,winter weekend,19.94
2024-03-10 15:00:00.000,21.785389499999997,winter weekend,19.94
2024-03-10 16:00:00.000,25.977461999999992,winter weekend,27.53
2024-03-10 17:00:00.000,26.9783115,winter weekend,27.53
2024-03-10 18:00:00.000,28.275292499999995,winter weekend,27.53
2024-03-10 19:00:00.000,27.771744,winter weekend,27.53
2024-03-10 20:00:00.000,27.124503,winter weekend,27.53
2024-03-10 21:00:00.000,26.699673,winter weekend,27.53
2024-03-10 22:00:00.000,26.617206,winter weekend,27.53
2024-03-10 23:00:00.000,26.4885075,winter weekend,27.53
2024-03-11 00:00:00.000,26.0986635,winter weekday,26.43
2024-03-11 01:00:00.000,26.148643499999995,winter weekday,26.43
2024-03-11 02:00:00.000,26.258599499999995,winter weekday,26.43
2024-03-11 03:00:00.000,26.142396,winter weekday,26.43
2024-03-11 04:00:00.000,26.2311105,winter weekday,26.43
2024-03-11 05:00:00.000,27.019544999999997,winter weekday,26.43
2024-03-11 06:00:00.000,29.561028,winter weekday,30.5
2024-03-11 07:00:00.000,30.305729999999997,winter weekday,30.5
2024-03-11 08:00:00.000,30.6793305,winter weekday,30.5
2024-03-11 09:00:00.000,30.037087499999995,winter weekday,30.5
2024-03-11 10:00:00.000,28.8813,winter weekday,30.5
2024-03-11 11:00:00.000,28.1103585,winter weekday,26.43
2024-03-11 12:00:00.000,27.5805705,winter weekday,26.43
2024-03-11 13:00:00.000,28.262797499999994,winter weekday,26.43
2024-03-11 14:00:00.000,28.35651,winter weekday,26.43
2024-03-11 15:00:00.000,29.1649365,winter weekday,30.5
2024-03-11 16:00:00.000,30.004600499999995,winter weekday,30.5
2024-03-11 17:00:00.000,31.404040499999997,winter weekday,30.5
2024-03-11 18:00:00.000,32.567325,winter weekday,30.5
2024-03-11 19:00:00.000,33.4807095,winter weekday,35.79
2024-03-11 20:00:00.000,30.979210499999997,winter weekday,30.5
2024-03-11 21:00:00.000,29.569774499999998,winter weekday,30.5
2024-03-11 22:00:00.000,29.361107999999994,winter weekday,30.5
2024-03-11 23:00:00.000,28.366506,winter weekday,26.43
2024-03-12 00:00:00.000,28.630150499999992,winter weekday,30.5
2024-03-12 01:00:00.000,28.176582,winter weekday,26.43
2024-03-12 02:00:00.000,28.2952845,winter weekday,26.43
2024-03-12 03:00:00.000,28.131599999999995,winter weekday,26.43
2024-03-12 04:00:00.000,28.304030999999995,winter weekday,26.43
2024-03-12 05:00:00.000,28.9025415,winter weekday,30.5
2024-03-12 06:00:00.000,30.863006999999996,winter weekday,30.5
2024-03-12 07:00:00.000,32.048782499999994,winter weekday,30.5
2024-03-12 08:00:00.000,32.577321,winter weekday,30.5
2024-03-12 09:00:00.000,31.7064195,winter weekday,30.5
2024-03-12 10:00:00.000,30.658089,winter weekday,30.5
2024-03-12 11:00:00.000,30.065826,winter weekday,30.5
2024-03-12 12:00:00.000,29.785937999999994,winter weekday,30.5
2024-03-12 13:00:00.000,29.763447,winter weekday,30.5
2024-03-12 14:00:00.000,29.858408999999995,winter weekday,30.5
2024-03-12 15:00:00.000,30.773043,winter weekday,30.5
2024-03-12 16:00:00.000,32.681029499999994,winter weekday,30.5
2024-03-12 17:00:00.000,34.111707,winter weekday,35.79
2024-03-12 18:00:00.000,36.84311399999999,winter weekday,35.79
2024-03-12 19:00:00.000,35.54988149999999,winter weekday,35.79
2024-03-12 20:00:00.000,32.164986,winter weekday,30.5
2024-03-12 21:00:00.000,30.4344285,winter weekday,30.5
2024-03-12 22:00:00.000,29.8471635,winter weekday,30.5
2024-03-12 23:00:00.000,28.7725935,winter weekday,30.5
2024-03-13 00:00:00.000,27.972913499999997,winter weekday,26.43
2024-03-13 01:00:00.000,27.769244999999994,winter weekday,26.43
2024-03-13 02:00:00.000,27.705520499999995,winter weekday,26.43
2024-03-13 03:00:00.000,27.6530415,winter weekday,26.43
2024-03-13 04:00:00.000,27.98166,winter weekday,26.43
2024-03-13 05:00:00.000,28.331519999999998,winter weekday,26.43
2024-03-13 06:00:00.000,29.64599399999999,winter weekday,30.5
2024-03-13 07:00:00.000,31.0141965,winter weekday,30.5
2024-03-13 08:00:00.000,31.219114499999996,winter weekday,30.5
2024-03-13 09:00:00.000,29.6947245,winter weekday,30.5
2024-03-13 10:00:00.000,28.4902065,winter weekday,30.5
2024-03-13 11:00:00.000,28.087867499999994,winter weekday,26.43
2024-03-13 12:00:00.000,28.057879499999995,winter weekday,26.43
2024-03-13 13:00:00.000,28.085368499999998,winter weekday,26.43
2024-03-13 14:00:00.000,27.976661999999997,winter weekday,26.43
2024-03-13 15:00:00.000,28.461468,winter weekday,26.43
2024-03-13 16:00:00.000,29.172433499999997,winter weekday,30.5
2024-03-13 17:00:00.000,31.219114499999996,winter weekday,30.5
2024-03-13 18:00:00.000,32.20497,winter weekday,30.5
2024-03-13 19:00:00.000,31.775141999999992,winter weekday,30.5
2024-03-13 20:00:00.000,29.603510999999997,winter weekday,30.5
2024-03-13 21:00:00.000,28.334018999999994,winter weekday,26.43
2024-03-13 22:00:00.000,28.4952045,winter weekday,30.5
2024-03-13 23:00:00.000,27.966666,winter weekday,26.43
2024-03-14 00:00:00.000,27.8929455,winter weekday,26.43
2024-03-14 01:00:00.000,27.094514999999998,winter weekday,26.43
2024-03-14 02:00:00.000,27.171983999999995,winter weekday,26.43
2024-03-14 03:00:00.000,27.107009999999995,winter weekday,26.43
2024-03-14 04:00:00.000,27.656789999999997,winter weekday,26.43
2024-03-14 05:00:00.000,27.99040649999999,winter weekday,26.43
2024-03-14 06:00:00.000,29.362357499999995,winter weekday,30.5
2024-03-14 07:00:00.000,30.987957,winter weekday,30.5
2024-03-14 08:00:00.000,30.2295105,winter weekday,30.5
2024-03-14 09:00:00.000,28.1953245,winter weekday,26.43
2024-03-14 10:00:00.000,26.772144,winter weekday,26.43
2024-03-14 11:00:00.000,26.5284915,winter weekday,26.43
2024-03-14 12:00:00.000,26.585968499999996,winter weekday,26.43
2024-03-14 13:00:00.000,26.127401999999996,winter weekday,26.43
2024-03-14 14:00:00.000,26.587218,winter weekday,26.43
2024-03-14 15:00:00.000,27.345664499999994,winter weekday,26.43
2024-03-14 16:00:00.000,29.132449499999996,winter weekday,30.5
2024-03-14 17:00:00.000,31.360308,winter weekday,30.5
2024-03-14 18:00:00.000,34.3253715,winter weekday,35.79
2024-03-14 19:00:00.000,31.360308,winter weekday,30.5
2024-03-14 20:00:00.000,29.2424055,winter weekday,30.5
2024-03-14 21:00:00.000,27.8104785,winter weekday,26.43
2024-03-14 22:00:00.000,27.434378999999996,winter weekday,26.43
2024-03-14 23:00:00.000,26.439776999999992,winter weekday,26.43
2024-03-15 00:00:00.000,26.0311905,winter weekday,26.43
2024-03-15 01:00:00.000,25.805030999999996,winter weekday,26.43
2024-03-15 02:00:00.000,25.678831499999998,winter weekday,26.43
2024-03-15 03:00:00.000,25.476412499999995,winter weekday,26.43
2024-03-15 04:00:00.000,25.852512,winter weekday,26.43
2024-03-15 05:00:00.000,26.151142499999995,winter weekday,26.43
2024-03-15 06:00:00.000,27.764246999999997,winter weekday,26.43
2024-03-15 07:00:00.000,28.6726335,winter weekday,30.5
2024-03-15 08:00:00.000,28.575172499999997,winter weekday,30.5
2024-03-15 09:00:00.000,26.70717,winter weekday,26.43
2024-03-15 10:00:00.000,25.802532,winter weekday,26.43
2024-03-15 11:00:00.000,24.891646499999997,winter weekday,26.43
2024-03-15 12:00:00.000,24.775443,winter weekday,26.43
2024-03-15 13:00:00.000,24.591766499999995,winter weekday,26.43
2024-03-15 14:00:00.000,25.598863499999997,winter weekday,26.43
2024-03-15 15:00:00.000,26.426032499999994,winter weekday,26.43
2024-03-15 16:00:00.000,28.319024999999996,winter weekday,26.43
2024-03-15 17:00:00.000,30.845513999999994,winter weekday,30.5
2024-03-15 18:00:00.000,30.2345085,winter weekday,30.5
2024-03-15 19:00:00.000,30.979210499999997,winter weekday,30.5
2024-03-15 20:00:00.000,28.014146999999998,winter weekday,26.43
2024-03-15 21:00:00.000,26.902091999999996,winter weekday,26.43
2024-03-15 22:00:00.000,27.025792499999994,winter weekday,26.43
2024-03-15 23:00:00.000,26.148643499999995,winter weekday,26.43
2024-03-16 00:00:00.000,25.497653999999997,winter weekend,27.53
2024-03-16 01:00:00.000,25.2340095,winter weekend,27.53
2024-03-16 02:00:00.000,25.069075499999997,winter weekend,27.53
2024-03-16 03:00:00.000,24.842915999999995,winter weekend,27.53
2024-03-16 04:00:00.000,24.8166765,winter weekend,27.53
2024-03-16 05:00:00.000,25.025343,winter weekend,27.53
2024-03-16 06:00:00.000,25.889996999999997,winter weekend,27.53
2024-03-16 07:00:00.000,26.396044499999995,winter weekend,27.53
2024-03-16 08:00:00.000,26.512248,winter weekend,27.53
2024-03-16 09:00:00.000,25.858759499999994,winter weekend,27.53
2024-03-16 10:00:00.000,25.592615999999992,winter weekend,27.53
2024-03-16 11:00:00.000,25.185279,winter weekend,27.53
2024-03-16 12:00:00.000,24.570525,winter weekend,27.53
2024-03-16 13:00:00.000,22.611308999999995,winter weekend,19.94
2024-03-16 14:00:00.000,21.3580605,winter weekend,19.94
2024-03-16 15:00:00.000,23.859559499999992,winter weekend,27.53
2024-03-16 16:00:00.000,25.855010999999998,winter weekend,27.53
2024-03-16 17:00:00.000,28.991256,winter weekend,27.53
2024-03-16 18:00:00.000,30.1920255,winter weekend,32.84
2024-03-16 19:00:00.000,30.8942445,winter weekend,32.84
2024-03-16 20:00:00.000,29.913386999999997,winter weekend,27.53
2024-03-16 21:00:00.000,29.104960499999997,winter weekend,27.53
2024-03-16 22:00:00.000,29.0199945,winter weekend,27.53
2024-03-16 23:00:00.000,28.369004999999994,winter weekend,27.53
2024-03-17 00:00:00.000,28.1053605,winter weekend,27.53
2024-03-17 01:00:00.000,27.5430855,winter weekend,27.53
2024-03-17 02:00:00.000,26.9783115,winter weekend,27.53
2024-03-17 03:00:00.000,27.3256725,winter weekend,27.53
2024-03-17 04:00:00.000,27.538087499999996,winter weekend,27.53
2024-03-17 05:00:00.000,27.5430855,winter weekend,27.53
2024-03-17 06:00:00.000,27.806729999999995,winter weekend,27.53
2024-03-17 07:00:00.000,27.05703,winter weekend,27.53
2024-03-17 08:00:00.000,26.304831,winter weekend,27.53
2024-03-17 09:00:00.000,25.8762525,winter weekend,27.53
2024-03-17 10:00:00.000,25.657589999999995,winter weekend,27.53
2024-03-17 11:00:00.000,25.721314499999995,winter weekend,27.53
2024-03-17 12:00:00.000,25.209019499999997,winter weekend,27.53
2024-03-17 13:00:00.000,25.001602499999997,winter weekend,27.53
2024-03-17 14:00:00.000,25.989956999999997,winter weekend,27.53
2024-03-17 15:00:00.000,26.997054,winter weekend,27.53
2024-03-17 16:00:00.000,28.951272,winter weekend,27.53
2024-03-17 17:00:00.000,30.660587999999997,winter weekend,32.84
2024-03-17 18:00:00.000,31.7688945,winter weekend,32.84
2024-03-17 19:00:00.000,31.016695499999997,winter weekend,32.84
2024-03-17 20:00:00.000,29.7172155,winter weekend,27.53
2024-03-17 21:00:00.000,29.022493499999992,winter weekend,27.53
2024-03-17 22:00:00.000,28.993754999999997,winter weekend,27.53
2024-03-17 23:00:00.000,28.220314499999997,winter weekend,27.53
2024-03-18 00:00:00.000,27.996654,winter weekday,26.43
2024-03-18 01:00:00.000,27.124503,winter weekday,26.43
2024-03-18 02:00:00.000,27.270694499999998,winter weekday,26.43
2024-03-18 03:00:00.000,27.404390999999997,winter weekday,26.43
2024-03-18 04:00:00.000,28.029140999999992,winter weekday,26.43
2024-03-18 05:00:00.000,28.83132,winter weekday,30.5
2024-03-18 06:00:00.000,30.77054399999999,winter weekday,30.5
2024-03-18 07:00:00.000,32.2137165,winter weekday,30.5
2024-03-18 08:00:00.000,31.786387499999996,winter weekday,30.5
2024-03-18 09:00:00.000,30.330719999999992,winter weekday,30.5
2024-03-18 10:00:00.000,29.086217999999995,winter weekday,30.5
2024-03-18 11:00:00.000,28.311528,winter weekday,26.43
2024-03-18 12:00:00.000,28.443975,winter weekday,26.43
2024-03-18 13:00:00.000,28.51894499999999,winter weekday,30.5
2024-03-18 14:00:00.000,28.598913,winter weekday,30.5
2024-03-18 15:00:00.000,29.156189999999995,winter weekday,30.5
2024-03-18 16:00:00.000,29.853410999999998,winter weekday,30.5
2024-03-18 17:00:00.000,33.4357275,winter weekday,35.79
2024-03-18 18:00:00.000,38.1913245,winter weekday,35.79
2024-03-18 19:00:00.000,35.794783499999994,winter weekday,35.79
2024-03-18 20:00:00.000,32.944674,winter weekday,30.5
2024-03-18 21:00:00.000,30.130799999999997,winter weekday,30.5
2024-03-18 22:00:00.000,29.77844099999999,winter weekday,30.5
2024-03-18 23:00:00.000,29.2873875,winter weekday,30.5
2024-03-19 00:00:00.000,28.981259999999992,winter weekday,30.5
2024-03-19 01:00:00.000,28.886298,winter weekday,30.5
2024-03-19 02:00:00.000,28.937527499999995,winter weekday,30.5
2024-03-19 03:00:00.000,28.9250325,winter weekday,30.5
2024-03-19 04:00:00.000,28.886298,winter weekday,30.5
2024-03-19 05:00:00.000,28.8575595,winter weekday,30.5
2024-03-19 06:00:00.000,31.16788499999999,winter weekday,30.5
2024-03-19 07:00:00.000,33.826820999999995,winter weekday,35.79
2024-03-19 08:00:00.000,31.9638165,winter weekday,30.5
2024-03-19 09:00:00.000,28.983759,winter weekday,30.5
2024-03-19 10:00:00.000,28.151591999999997,winter weekday,26.43
2024-03-19 11:00:00.000,27.334419,winter weekday,26.43
2024-03-19 12:00:00.000,26.7908865,winter weekday,26.43
2024-03-19 13:00:00.000,27.072023999999995,winter weekday,26.43
2024-03-19 14:00:00.000,27.541836,winter weekday,26.43
2024-03-19 15:00:00.000,28.7376075,winter weekday,30.5
2024-03-19 16:00:00.000,29.193674999999992,winter weekday,30.5
2024-03-19 17:00:00.000,32.973412499999995,winter weekday,30.5
2024-03-19 18:00:00.000,36.40578899999999,winter weekday,35.79
2024-03-19 19:00:00.000,36.098412,winter weekday,35.79
2024-03-19 20:00:00.000,33.72935999999999,winter weekday,35.79
2024-03-19 21:00:00.000,31.107909,winter weekday,30.5
2024-03-19 22:00:00.000,30.195774,winter weekday,30.5
2024-03-19 23:00:00.000,29.493555,winter weekday,30.5
2024-03-20 00:00:00.000,29.4823095,winter weekday,30.5
2024-03-20 01:00:00.000,29.156189999999995,winter weekday,30.5
2024-03-20 02:00:00.000,29.343615,winter weekday,30.5
2024-03-20 03:00:00.000,29.443575,winter weekday,30.5
2024-03-20 04:00:00.000,29.526042,winter weekday,30.5
2024-03-20 05:00:00.000,30.093314999999997,winter weekday,30.5
2024-03-20 06:00:00.000,34.47906,winter weekday,35.79
2024-03-20 07:00:00.000,34.509048,winter weekday,35.79
2024-03-20 08:00:00.000,32.271193499999995,winter weekday,30.5
2024-03-20 09:00:00.000,28.810078499999992,winter weekday,30.5
2024-03-20 10:00:00.000,28.231559999999995,winter weekday,26.43
2024-03-20 11:00:00.000,28.1553405,winter weekday,26.43
2024-03-20 12:00:00.000,27.6605385,winter weekday,26.43
2024-03-20 13:00:00.000,27.975412499999997,winter weekday,26.43
2024-03-20 14:00:00.000,28.025392499999995,winter weekday,26.43
2024-03-20 15:00:00.000,28.828821,winter weekday,30.5
2024-03-20 16:00:00.000,30.864256499999996,winter weekday,30.5
2024-03-20 17:00:00.000,34.93887599999999,winter weekday,35.79
2024-03-20 18:00:00.000,41.043933,winter weekday,35.79
2024-03-20 19:00:00.000,39.8581575,winter weekday,35.79
2024-03-20 20:00:00.000,35.5973625,winter weekday,35.79
2024-03-20 21:00:00.000,33.29453399999999,winter weekday,35.79
2024-03-20 22:00:00.000,31.988806499999992,winter weekday,30.5
2024-03-20 23:00:00.000,29.978361,winter weekday,30.5
2024-03-21 00:00:00.000,29.503551,winter weekday,30.5
2024-03-21 01:00:00.000,29.152441499999995,winter weekday,30.5
2024-03-21 02:00:00.000,28.9250325,winter weekday,30.5
2024-03-21 03:00:00.000,28.896294,winter weekday,30.5
2024-03-21 04:00:00.000,28.85631,winter weekday,30.5
2024-03-21 05:00:00.000,29.1699345,winter weekday,30.5
2024-03-21 06:00:00.000,31.137896999999995,winter weekday,30.5
2024-03-21 07:00:00.000,32.256199499999994,winter weekday,30.5
2024-03-21 08:00:00.000,32.765995499999995,winter weekday,30.5
2024-03-21 09:00:00.000,29.98086,winter weekday,30.5
2024-03-21 10:00:00.000,29.032489499999997,winter weekday,30.5
2024-03-21 11:00:00.000,28.4852085,winter weekday,30.5
2024-03-21 12:00:00.000,28.061628,winter weekday,26.43
2024-03-21 13:00:00.000,27.476861999999997,winter weekday,26.43
2024-03-21 14:00:00.000,28.337767499999995,winter weekday,26.43
2024-03-21 15:00:00.000,28.266545999999995,winter weekday,26.43
2024-03-21 16:00:00.000,29.389846499999997,winter weekday,30.5
2024-03-21 17:00:00.000,32.59231499999999,winter weekday,30.5
2024-03-21 18:00:00.000,35.869753499999995,winter weekday,35.79
2024-03-21 19:00:00.000,35.33496749999999,winter weekday,35.79
2024-03-21 20:00:00.000,31.73515799999999,winter weekday,30.5
2024-03-21 21:00:00.000,29.930879999999995,winter weekday,30.5
2024-03-21 22:00:00.000,29.665986,winter weekday,30.5
2024-03-21 23:00:00.000,28.8850485,winter weekday,30.5
2024-03-22 00:00:00.000,27.024543,winter weekday,26.43
2024-03-22 01:00:00.000,26.512248,winter weekday,26.43
2024-03-22 02:00:00.000,26.1936255,winter weekday,26.43
2024-03-22 03:00:00.000,26.4610185,winter weekday,26.43
2024-03-22 04:00:00.000,26.58222,winter weekday,26.43
2024-03-22 05:00:00.000,27.4681155,winter weekday,26.43
2024-03-22 06:00:00.000,29.243654999999997,winter weekday,30.5
2024-03-22 07:00:00.000,28.405240499999994,winter weekday,26.43
2024-03-22 08:00:00.000,28.4927055,winter weekday,30.5
2024-03-22 09:00:00.000,27.022043999999998,winter weekday,26.43
2024-03-22 10:00:00.000,26.458519499999998,winter weekday,26.43
2024-03-22 11:00:00.000,26.213617499999994,winter weekday,26.43
2024-03-22 12:00:00.000,26.202371999999997,winter weekday,26.43
2024-03-22 13:00:00.000,26.418535499999997,winter weekday,26.43
2024-03-22 14:00:00.000,26.530990499999994,winter weekday,26.43
2024-03-22 15:00:00.000,27.478111499999997,winter weekday,26.43
2024-03-22 16:00:00.000,29.589766499999996,winter weekday,30.5
2024-03-22 17:00:00.000,31.102910999999995,winter weekday,30.5
2024-03-22 18:00:00.000,35.1775305,winter weekday,35.79
2024-03-22 19:00:00.000,34.817674499999995,winter weekday,35.79
2024-03-22 20:00:00.000,31.855109999999996,winter weekday,30.5
2024-03-22 21:00:00.000,30.2619975,winter weekday,30.5
2024-03-22 22:00:00.000,29.999602499999995,winter weekday,30.5
2024-03-22 23:00:00.000,29.6647365,winter weekday,30.5
2024-03-23 00:00:00.000,29.702221499999997,winter weekend,27.53
2024-03-23 01:00:00.000,29.039986499999998,winter weekend,27.53
2024-03-23 02:00:00.000,28.221564,winter weekend,27.53
2024-03-23 03:00:00.000,27.979160999999998,winter weekend,27.53
2024-03-23 04:00:00.000,27.461868,winter weekend,27.53
2024-03-23 05:00:00.000,27.661787999999994,winter weekend,27.53
2024-03-23 06:00:00.000,27.274443,winter weekend,27.53
2024-03-23 07:00:00.000,26.584718999999996,winter weekend,27.53
2024-03-23 08:00:00.000,24.87290399999999,winter weekend,27.53
2024-03-23 09:00:00.000,21.6342,winter weekend,19.94
2024-03-23 10:00:00.000,19.987359,winter weekend,19.94
2024-03-23 11:00:00.000,19.9792075,winter weekend,19.94
2024-03-23 12:00:00.000,19.765543,winter weekend,19.94
2024-03-23 13:00:00.000,19.3393445,winter weekend,19.94
2024-03-23 14:00:00.000,19.0295875,winter weekend,19.94
2024-03-23 15:00:00.000,19.819807,winter weekend,19.94
2024-03-23 16:00:00.000,19.9936065,winter weekend,19.94
2024-03-23 17:00:00.000,25.957469999999997,winter weekend,27.53
2024-03-23 18:00:00.000,28.742605499999996,winter weekend,27.53
2024-03-23 19:00:00.000,28.6251525,winter weekend,27.53
2024-03-23 20:00:00.000,26.599712999999998,winter weekend,27.53
2024-03-23 21:00:00.000,25.712568,winter weekend,27.53
2024-03-23 22:00:00.000,25.017846,winter weekend,27.53
2024-03-23 23:00:00.000,23.532190499999995,winter weekend,19.94
2024-03-24 00:00:00.000,23.995755,winter weekend,27.53
2024-03-24 01:00:00.000,21.644196,winter weekend,19.94
2024-03-24 02:00:00.000,21.2506035,winter weekend,19.94
2024-03-24 03:00:00.000,22.109009999999994,winter weekend,19.94
2024-03-24 04:00:00.000,22.473863999999995,winter weekend,19.94
2024-03-24 05:00:00.000,23.336018999999997,winter weekend,19.94
2024-03-24 06:00:00.000,21.8428665,winter weekend,19.94
2024-03-24 07:00:00.000,20.229762,winter weekend,19.94
2024-03-24 08:00:00.000,19.98486,winter weekend,19.94
2024-03-24 09:00:00.000,19.98486,winter weekend,19.94
2024-03-24 10:00:00.000,19.98486,winter weekend,19.94
2024-03-24 11:00:00.000,19.98486,winter weekend,19.94
2024-03-24 12:00:00.000,19.98486,winter weekend,19.94
2024-03-24 13:00:00.000,19.98486,winter weekend,19.94
2024-03-24 14:00:00.000,19.98486,winter weekend,19.94
2024-03-24 15:00:00.000,19.98486,winter weekend,19.94
2024-03-24 16:00:00.000,22.070275499999997,winter weekend,19.94
2024-03-24 17:00:00.000,27.406889999999997,winter weekend,27.53
2024-03-24 18:00:00.000,29.356109999999997,winter weekend,27.53
2024-03-24 19:00:00.000,29.343615,winter weekend,27.53
2024-03-24 20:00:00.000,28.344014999999995,winter weekend,27.53
2024-03-24 21:00:00.000,28.0778715,winter weekend,27.53
2024-03-24 22:00:00.000,28.015396499999994,winter weekend,27.53
2024-03-24 23:00:00.000,27.8529615,winter weekend,27.53
2024-03-25 00:00:00.000,27.795484499999997,winter weekday,26.43
2024-03-25 01:00:00.000,27.767995499999994,winter weekday,26.43
2024-03-25 02:00:00.000,27.791735999999997,winter weekday,26.43
2024-03-25 03:00:00.000,28.045384499999997,winter weekday,26.43
2024-03-25 04:00:00.000,28.351511999999992,winter weekday,26.43
2024-03-25 05:00:00.000,29.623503,winter weekday,30.5
2024-03-25 06:00:00.000,31.034188499999992,winter weekday,30.5
2024-03-25 07:00:00.000,34.2129165,winter weekday,35.79
2024-03-25 08:00:00.000,32.439876,winter weekday,30.5
2024-03-25 09:00:00.000,29.6597385,winter weekday,30.5
2024-03-25 10:00:00.000,28.7376075,winter weekday,30.5
2024-03-25 11:00:00.000,27.939177,winter weekday,26.43
2024-03-25 12:00:00.000,27.7130175,winter weekday,26.43
2024-03-25 13:00:00.000,27.884198999999995,winter weekday,26.43
2024-03-25 14:00:00.000,28.046633999999997,winter weekday,26.43
2024-03-25 15:00:00.000,29.227411499999995,winter weekday,30.5
2024-03-25 16:00:00.000,30.1120575,winter weekday,30.5
2024-03-25 17:00:00.000,33.964265999999995,winter weekday,35.79
2024-03-25 18:00:00.000,41.813625,winter weekday,35.79
2024-03-25 19:00:00.000,38.6961225,winter weekday,35.79
2024-03-25 20:00:00.000,32.820973499999994,winter weekday,30.5
2024-03-25 21:00:00.000,30.2794905,winter weekday,30.5
2024-03-25 22:00:00.000,29.925882,winter weekday,30.5
2024-03-25 23:00:00.000,29.323622999999998,winter weekday,30.5
2024-03-26 00:00:00.000,29.968365,winter weekday,30.5
2024-03-26 01:00:00.000,29.143694999999997,winter weekday,30.5
2024-03-26 02:00:00.000,28.5951645,winter weekday,30.5
2024-03-26 03:00:00.000,28.478960999999995,winter weekday,30.5
2024-03-26 04:00:00.000,28.7401065,winter weekday,30.5
2024-03-26 05:00:00.000,29.016245999999995,winter weekday,30.5
2024-03-26 06:00:00.000,30.028341,winter weekday,30.5
2024-03-26 07:00:00.000,29.880899999999997,winter weekday,30.5
2024-03-26 08:00:00.000,28.993754999999997,winter weekday,30.5
2024-03-26 09:00:00.000,27.73176,winter weekday,26.43
2024-03-26 10:00:00.000,26.169885,winter weekday,26.43
2024-03-26 11:00:00.000,24.611758499999997,winter weekday,26.43
2024-03-26 12:00:00.000,21.4205355,winter weekday,26.43
2024-03-26 13:00:00.000,23.402242499999996,winter weekday,26.43
2024-03-26 14:00:00.000,24.620504999999994,winter weekday,26.43
2024-03-26 15:00:00.000,26.4735135,winter weekday,26.43
2024-03-26 16:00:00.000,28.488957,winter weekday,30.5
2024-03-26 17:00:00.000,30.1120575,winter weekday,30.5
2024-03-26 18:00:00.000,32.5735725,winter weekday,30.5
2024-03-26 19:00:00.000,32.51734499999999,winter weekday,30.5
2024-03-26 20:00:00.000,29.98086,winter weekday,30.5
2024-03-26 21:00:00.000,29.612257499999995,winter weekday,30.5
2024-03-26 22:00:00.000,29.083718999999995,winter weekday,30.5
2024-03-26 23:00:00.000,28.346513999999992,winter weekday,26.43
2024-03-27 00:00:00.000,27.2756925,winter weekday,26.43
2024-03-27 01:00:00.000,27.1182555,winter weekday,26.43
2024-03-27 02:00:00.000,27.141995999999992,winter weekday,26.43
2024-03-27 03:00:00.000,27.205720499999995,winter weekday,26.43
2024-03-27 04:00:00.000,27.485608499999994,winter weekday,26.43
2024-03-27 05:00:00.000,29.028741,winter weekday,30.5
2024-03-27 06:00:00.000,30.1270515,winter weekday,30.5
2024-03-27 07:00:00.000,30.328221,winter weekday,30.5
2024-03-27 08:00:00.000,29.9821095,winter weekday,30.5
2024-03-27 09:00:00.000,28.496454,winter weekday,30.5
2024-03-27 10:00:00.000,27.969165,winter weekday,26.43
2024-03-27 11:00:00.000,27.1232535,winter weekday,26.43
2024-03-27 12:00:00.000,27.189477,winter weekday,26.43
2024-03-27 13:00:00.000,27.48186,winter weekday,26.43
2024-03-27 14:00:00.000,28.45647,winter weekday,26.43
2024-03-27 15:00:00.000,29.8471635,winter weekday,30.5
2024-03-27 16:00:00.000,30.498153,winter weekday,30.5
2024-03-27 17:00:00.000,32.5460835,winter weekday,30.5
2024-03-27 18:00:00.000,35.719813499999994,winter weekday,35.79
2024-03-27 19:00:00.000,34.846413,winter weekday,35.79
2024-03-27 20:00:00.000,32.407388999999995,winter weekday,30.5
2024-03-27 21:00:00.000,30.5118975,winter weekday,30.5
2024-03-27 22:00:00.000,30.35820899999999,winter weekday,30.5
2024-03-27 23:00:00.000,29.289886499999994,winter weekday,30.5
2024-03-28 00:00:00.000,29.8671555,winter weekday,30.5
2024-03-28 01:00:00.000,29.05623,winter weekday,30.5
2024-03-28 02:00:00.000,28.136597999999992,winter weekday,26.43
2024-03-28 03:00:00.000,28.0328895,winter weekday,26.43
2024-03-28 04:00:00.000,28.3177755,winter weekday,26.43
2024-03-28 05:00:00.000,28.93128,winter weekday,30.5
2024-03-28 06:00:00.000,30.239506499999997,winter weekday,30.5
2024-03-28 07:00:00.000,30.3794505,winter weekday,30.5
2024-03-28 08:00:00.000,30.095814,winter weekday,30.5
2024-03-28 09:00:00.000,27.886698,winter weekday,26.43
2024-03-28 10:00:00.000,25.866256499999995,winter weekday,26.43
2024-03-28 11:00:00.000,24.608009999999997,winter weekday,26.43
2024-03-28 12:00:00.000,20.827023,winter weekday,26.43
2024-03-28 13:00:00.000,19.9911075,winter weekday,26.43
2024-03-28 14:00:00.000,19.989858,winter weekday,26.43
2024-03-28 15:00:00.000,21.211869,winter weekday,26.43
2024-03-28 16:00:00.000,24.129451499999995,winter weekday,26.43
2024-03-28 17:00:00.000,26.572223999999995,winter weekday,26.43
2024-03-28 18:00:00.000,29.227411499999995,winter weekday,30.5
2024-03-28 19:00:00.000,28.7725935,winter weekday,30.5
2024-03-28 20:00:00.000,27.799233,winter weekday,26.43
2024-03-28 21:00:00.000,26.4610185,winter weekday,26.43
2024-03-28 22:00:00.000,24.1144575,winter weekday,26.43
2024-03-28 23:00:00.000,23.108609999999995,winter weekday,26.43
2024-03-29 00:00:00.000,22.55883,winter weekend,19.94
2024-03-29 01:00:00.000,22.337668499999992,winter weekend,19.94
2024-03-29 02:00:00.000,21.5379885,winter weekend,19.94
2024-03-29 03:00:00.000,21.264348,winter weekend,19.94
2024-03-29 04:00:00.000,21.5579805,winter weekend,19.94
2024-03-29 05:00:00.000,21.774143999999996,winter weekend,19.94
2024-03-29 06:00:00.000,22.736259,winter weekend,19.94
2024-03-29 07:00:00.000,22.7824905,winter weekend,19.94
2024-03-29 08:00:00.000,21.976562999999995,winter weekend,19.94
2024-03-29 09:00:00.000,21.644196,winter weekend,19.94
2024-03-29 10:00:00.000,22.094015999999996,winter weekend,19.94
2024-03-29 11:00:00.000,22.337668499999992,winter weekend,19.94
2024-03-29 12:00:00.000,21.60921,winter weekend,19.94
2024-03-29 13:00:00.000,21.216867,winter weekend,19.94
2024-03-29 14:00:00.000,21.664188,winter weekend,19.94
2024-03-29 15:00:00.000,22.681280999999995,winter weekend,19.94
2024-03-29 16:00:00.000,26.169885,winter weekend,27.53
2024-03-29 17:00:00.000,29.972113499999995,winter weekend,27.53
2024-03-29 18:00:00.000,32.72601149999999,winter weekend,32.84
2024-03-29 19:00:00.000,33.16083749999999,winter weekend,32.84
2024-03-29 20:00:00.000,30.90549,winter weekend,32.84
2024-03-29 21:00:00.000,29.972113499999995,winter weekend,27.53
2024-03-29 22:00:00.000,29.467315499999994,winter weekend,27.53
2024-03-29 23:00:00.000,28.731359999999995,winter weekend,27.53
2024-03-30 00:00:00.000,28.643895,winter weekend,27.53
2024-03-30 01:00:00.000,27.251952,winter weekend,27.53
2024-03-30 02:00:00.000,27.341916,winter weekend,27.53
2024-03-30 03:00:00.000,27.350662499999995,winter weekend,27.53
2024-03-30 04:00:00.000,27.385648499999995,winter weekend,27.53
2024-03-30 05:00:00.000,28.112857499999997,winter weekend,27.53
2024-03-30 06:00:00.000,27.3031815,winter weekend,27.53
2024-03-30 07:00:00.000,25.956220499999997,winter weekend,27.53
2024-03-30 08:00:00.000,25.6363485,winter weekend,27.53
2024-03-30 09:00:00.000,25.405190999999995,winter weekend,27.53
2024-03-30 10:00:00.000,24.294385499999997,winter weekend,27.53
2024-03-30 11:00:00.000,22.884949499999998,winter weekend,19.94
2024-03-30 12:00:00.000,21.82912199999999,winter weekend,19.94
2024-03-30 13:00:00.000,20.8407675,winter weekend,19.94
2024-03-30 14:00:00.000,21.967816499999994,winter weekend,19.94
2024-03-30 15:00:00.000,24.25815,winter weekend,27.53
2024-03-30 16:00:00.000,26.547234,winter weekend,27.53
2024-03-30 17:00:00.000,29.6997225,winter weekend,27.53
2024-03-30 18:00:00.000,30.99420449999999,winter weekend,32.84
2024-03-30 19:00:00.000,30.421933499999994,winter weekend,32.84
2024-03-30 20:00:00.000,29.244904499999997,winter weekend,27.53
2024-03-30 21:00:00.000,28.915036499999992,winter weekend,27.53
2024-03-30 22:00:00.000,28.835068499999995,winter weekend,27.53
2024-03-30 23:00:00.000,28.199072999999995,winter weekend,27.53
2024-03-31 00:00:00.000,29.443575,winter weekend,27.53
2024-03-31 01:00:00.000,28.320274499999996,winter weekend,27.53
2024-03-31 02:00:00.000,28.104111,winter weekend,27.53
2024-03-31 03:00:00.000,27.541836,winter weekend,27.53
2024-03-31 04:00:00.000,27.324423,winter weekend,27.53
2024-03-31 05:00:00.000,28.039137,winter weekend,27.53
2024-03-31 06:00:00.000,28.9200345,winter weekend,27.53
2024-03-31 07:00:00.000,28.1103585,winter weekend,27.53
2024-03-31 08:00:00.000,26.272343999999997,winter weekend,27.53
2024-03-31 09:00:00.000,25.1115585,winter weekend,27.53
2024-03-31 10:00:00.000,23.673383999999995,winter weekend,19.94
2024-03-31 11:00:00.000,22.4651175,winter weekend,19.94
2024-03-31 12:00:00.000,20.367207,winter weekend,19.94
2024-03-31 13:00:00.000,20.1135585,winter weekend,19.94
2024-03-31 14:00:00.000,21.892846499999997,winter weekend,19.94
2024-03-31 15:00:00.000,25.116556499999994,winter weekend,27.53
2024-03-31 16:00:00.000,28.324022999999997,winter weekend,27.53
2024-03-31 17:00:00.000,31.145393999999992,winter weekend,32.84
2024-03-31 18:00:00.000,34.6402455,winter weekend,32.84
2024-03-31 19:00:00.000,30.445674,winter weekend,32.84
2024-03-31 20:00:00.000,28.731359999999995,winter weekend,27.53
2024-03-31 21:00:00.000,28.045384499999997,winter weekend,27.53
2024-03-31 22:00:00.000,26.844615,winter weekend,27.53
2024-03-31 23:00:00.000,26.2261125,winter weekend,27.53
2024-04-01 00:00:00.000,26.104911,summer weekend,27.0
2024-04-01 01:00:00.000,25.740057,summer weekend,27.0
2024-04-01 02:00:00.000,25.430181,summer weekend,27.0
2024-04-01 03:00:00.000,26.15739,summer weekend,27.0
2024-04-01 04:00:00.000,26.5259925,summer weekend,27.0
2024-04-01 05:00:00.000,27.3206745,summer weekend,27.0
2024-04-01 06:00:00.000,28.042885499999997,summer weekend,27.0
2024-04-01 07:00:00.000,27.3206745,summer weekend,27.0
2024-04-01 08:00:00.000,27.5930655,summer weekend,27.0
2024-04-01 09:00:00.000,26.777141999999994,summer weekend,27.0
2024-04-01 10:00:00.000,24.406840499999998,summer weekend,27.0
2024-04-01 11:00:00.000,21.614208,summer weekend,19.7
2024-04-01 12:00:00.000,19.9886085,summer weekend,19.7
2024-04-01 13:00:00.000,19.9837295,summer weekend,19.7
2024-04-01 14:00:00.000,19.9837295,summer weekend,19.7
2024-04-01 15:00:00.000,19.9837295,summer weekend,19.7
2024-04-01 16:00:00.000,20.7083205,summer weekend,19.7
2024-04-01 17:00:00.000,25.229011499999995,summer weekend,27.0
2024-04-01 18:00:00.000,26.0486835,summer weekend,27.0
2024-04-01 19:00:00.000,26.217365999999995,summer weekend,27.0
2024-04-01 20:00:00.000,25.6938255,summer weekend,27.0
2024-04-01 21:00:00.000,23.229811499999997,summer weekend,19.7
2024-04-01 22:00:00.000,20.9182365,summer weekend,19.7
2024-04-01 23:00:00.000,20.9807115,summer weekend,19.7
2024-04-02 00:00:00.000,20.144796,summer weekday,25.44
2024-04-02 01:00:00.000,20.0610795,summer weekday,25.44
2024-04-02 02:00:00.000,20.0935665,summer weekday,25.44
2024-04-02 03:00:00.000,20.227263,summer weekday,25.44
2024-04-02 04:00:00.000,20.8932465,summer weekday,25.44
2024-04-02 05:00:00.000,27.134498999999995,summer weekday,25.44
2024-04-02 06:00:00.000,29.276142,summer weekday,30.1
2024-04-02 07:00:00.000,28.5976635,summer weekday,30.1
2024-04-02 08:00:00.000,25.855010999999998,summer weekday,25.44
2024-04-02 09:00:00.000,20.317227,summer weekday,25.44
2024-04-02 10:00:00.000,19.978077,summer weekday,25.44
2024-04-02 11:00:00.000,19.8616355,summer weekday,25.44
2024-04-02 12:00:00.000,19.8752015,summer weekday,25.44
2024-04-02 13:00:00.000,19.9769465,summer weekday,25.44
2024-04-02 14:00:00.000,19.98486,summer weekday,25.44
2024-04-02 15:00:00.000,20.5233945,summer weekday,25.44
2024-04-02 16:00:00.000,25.165287,summer weekday,25.44
2024-04-02 17:00:00.000,29.068725,summer weekday,30.1
2024-04-02 18:00:00.000,31.903840499999998,summer weekday,30.1
2024-04-02 19:00:00.000,31.840115999999995,summer weekday,30.1
2024-04-02 20:00:00.000,29.747203499999998,summer weekday,30.1
2024-04-02 21:00:00.000,29.338616999999992,summer weekday,30.1
2024-04-02 22:00:00.000,28.841316,summer weekday,30.1
2024-04-02 23:00:00.000,29.247403499999997,summer weekday,30.1
2024-04-03 00:00:00.000,28.9500225,summer weekday,30.1
2024-04-03 01:00:00.000,28.7376075,summer weekday,30.1
2024-04-03 02:00:00.000,29.044984499999995,summer weekday,30.1
2024-04-03 03:00:00.000,29.023743,summer weekday,30.1
2024-04-03 04:00:00.000,29.819674499999994,summer weekday,30.1
2024-04-03 05:00:00.000,31.843864499999995,summer weekday,30.1
2024-04-03 06:00:00.000,34.7202135,summer weekday,34.9
2024-04-03 07:00:00.000,34.7202135,summer weekday,34.9
2024-04-03 08:00:00.000,32.602311,summer weekday,34.9
2024-04-03 09:00:00.000,33.398242499999995,summer weekday,34.9
2024-04-03 10:00:00.000,31.3315695,summer weekday,30.1
2024-04-03 11:00:00.000,30.2345085,summer weekday,30.1
2024-04-03 12:00:00.000,29.591015999999996,summer weekday,30.1
2024-04-03 13:00:00.000,29.111207999999998,summer weekday,30.1
2024-04-03 14:00:00.000,29.11495649999999,summer weekday,30.1
2024-04-03 15:00:00.000,29.568524999999998,summer weekday,30.1
2024-04-03 16:00:00.000,31.535237999999996,summer weekday,30.1
2024-04-03 17:00:00.000,33.496953,summer weekday,34.9
2024-04-03 18:00:00.000,35.391195,summer weekday,34.9
2024-04-03 19:00:00.000,32.677280999999994,summer weekday,34.9
2024-04-03 20:00:00.000,30.1020615,summer weekday,30.1
2024-04-03 21:00:00.000,29.4198345,summer weekday,30.1
2024-04-03 22:00:00.000,27.9679155,summer weekday,30.1
2024-04-03 23:00:00.000,26.797133999999996,summer weekday,25.44
2024-04-04 00:00:00.000,26.4835095,summer weekday,25.44
2024-04-04 01:00:00.000,26.253601499999995,summer weekday,25.44
2024-04-04 02:00:00.000,26.4285315,summer weekday,25.44
2024-04-04 03:00:00.000,26.474763,summer weekday,25.44
2024-04-04 04:00:00.000,26.869604999999996,summer weekday,25.44
2024-04-04 05:00:00.000,28.421484,summer weekday,30.1
2024-04-04 06:00:00.000,29.875902,summer weekday,30.1
2024-04-04 07:00:00.000,29.628500999999996,summer weekday,30.1
2024-04-04 08:00:00.000,28.973762999999995,summer weekday,30.1
2024-04-04 09:00:00.000,28.662637499999995,summer weekday,30.1
2024-04-04 10:00:00.000,27.864207,summer weekday,30.1
2024-04-04 11:00:00.000,27.241956,summer weekday,25.44
2024-04-04 12:00:00.000,27.009548999999996,summer weekday,25.44
2024-04-04 13:00:00.000,26.9183355,summer weekday,25.44
2024-04-04 14:00:00.000,27.0033015,summer weekday,25.44
2024-04-04 15:00:00.000,27.117006,summer weekday,25.44
2024-04-04 16:00:00.000,28.616405999999994,summer weekday,30.1
2024-04-04 17:00:00.000,29.401091999999995,summer weekday,30.1
2024-04-04 18:00:00.000,31.31282699999999,summer weekday,30.1
2024-04-04 19:00:00.000,30.053330999999996,summer weekday,30.1
2024-04-04 20:00:00.000,29.1424455,summer weekday,30.1
2024-04-04 21:00:00.000,28.915036499999992,summer weekday,30.1
2024-04-04 22:00:00.000,27.673033499999995,summer weekday,25.44
2024-04-04 23:00:00.000,27.821724,summer weekday,30.1
2024-04-05 00:00:00.000,27.366905999999997,summer weekday,25.44
2024-04-05 01:00:00.000,26.977062,summer weekday,25.44
2024-04-05 02:00:00.000,27.0557805,summer weekday,25.44
2024-04-05 03:00:00.000,26.719664999999992,summer weekday,25.44
2024-04-05 04:00:00.000,27.794234999999997,summer weekday,30.1
2024-04-05 05:00:00.000,29.5172955,summer weekday,30.1
2024-04-05 06:00:00.000,30.510648,summer weekday,30.1
2024-04-05 07:00:00.000,30.105809999999995,summer weekday,30.1
2024-04-05 08:00:00.000,28.430230499999997,summer weekday,30.1
2024-04-05 09:00:00.000,26.294834999999992,summer weekday,25.44
2024-04-05 10:00:00.000,23.229811499999997,summer weekday,25.44
2024-04-05 11:00:00.000,21.129402,summer weekday,25.44
2024-04-05 12:00:00.000,19.98486,summer weekday,25.44
2024-04-05 13:00:00.000,19.973555,summer weekday,25.44
2024-04-05 14:00:00.000,19.9911075,summer weekday,25.44
2024-04-05 15:00:00.000,20.9957055,summer weekday,25.44
2024-04-05 16:00:00.000,24.665486999999995,summer weekday,25.44
2024-04-05 17:00:00.000,26.188627499999992,summer weekday,25.44
2024-04-05 18:00:00.000,26.974563,summer weekday,25.44
2024-04-05 19:00:00.000,26.937078,summer weekday,25.44
2024-04-05 20:00:00.000,26.820874499999995,summer weekday,25.44
2024-04-05 21:00:00.000,26.998303499999995,summer weekday,25.44
2024-04-05 22:00:00.000,26.8658565,summer weekday,25.44
2024-04-05 23:00:00.000,25.367705999999995,summer weekday,25.44
2024-04-06 00:00:00.000,25.6088595,summer weekend,27.0
2024-04-06 01:00:00.000,25.843765499999996,summer weekend,27.0
2024-04-06 02:00:00.000,25.927481999999998,summer weekend,27.0
2024-04-06 03:00:00.000,26.313577499999997,summer weekend,27.0
2024-04-06 04:00:00.000,26.842115999999997,summer weekend,27.0
2024-04-06 05:00:00.000,27.3231735,summer weekend,27.0
2024-04-06 06:00:00.000,27.4656165,summer weekend,27.0
2024-04-06 07:00:00.000,27.386898,summer weekend,27.0
2024-04-06 08:00:00.000,26.099912999999997,summer weekend,27.0
2024-04-06 09:00:00.000,23.660888999999997,summer weekend,27.0
2024-04-06 10:00:00.000,19.9023335,summer weekend,19.7
2024-04-06 11:00:00.000,18.130840000000003,summer weekend,19.7
2024-04-06 12:00:00.000,13.210904,summer weekend,19.7
2024-04-06 13:00:00.000,13.4743105,summer weekend,19.7
2024-04-06 14:00:00.000,16.0721995,summer weekend,19.7
2024-04-06 15:00:00.000,19.458047,summer weekend,19.7
2024-04-06 16:00:00.000,21.960319499999997,summer weekend,19.7
2024-04-06 17:00:00.000,28.426482,summer weekend,27.0
2024-04-06 18:00:00.000,29.229910499999995,summer weekend,27.0
2024-04-06 19:00:00.000,28.5626775,summer weekend,27.0
2024-04-06 20:00:00.000,25.790036999999995,summer weekend,27.0
2024-04-06 21:00:00.000,25.616356499999995,summer weekend,27.0
2024-04-06 22:00:00.000,23.218565999999992,summer weekend,19.7
2024-04-06 23:00:00.000,21.3555615,summer weekend,19.7
2024-04-07 00:00:00.000,19.996105499999995,summer weekend,19.7
2024-04-07 01:00:00.000,19.98486,summer weekend,19.7
2024-04-07 02:00:00.000,19.98486,summer weekend,19.7
2024-04-07 03:00:00.000,19.98486,summer weekend,19.7
2024-04-07 04:00:00.000,19.98486,summer weekend,19.7
2024-04-07 05:00:00.000,19.98486,summer weekend,19.7
2024-04-07 06:00:00.000,19.98486,summer weekend,19.7
2024-04-07 07:00:00.000,19.98486,summer weekend,19.7
2024-04-07 08:00:00.000,19.9837295,summer weekend,19.7
2024-04-07 09:00:00.000,19.966772,summer weekend,19.7
2024-04-07 10:00:00.000,19.6174475,summer weekend,19.7
2024-04-07 11:00:00.000,18.861143,summer weekend,19.7
2024-04-07 12:00:00.000,16.956250500000003,summer weekend,19.7
2024-04-07 13:00:00.000,17.717077000000003,summer weekend,19.7
2024-04-07 14:00:00.000,19.415088,summer weekend,19.7
2024-04-07 15:00:00.000,19.966772,summer weekend,19.7
2024-04-07 16:00:00.000,20.849514,summer weekend,19.7
2024-04-07 17:00:00.000,31.412786999999994,summer weekend,31.66
2024-04-07 18:00:00.000,33.5281905,summer weekend,31.66
2024-04-07 19:00:00.000,33.27954,summer weekend,31.66
2024-04-07 20:00:00.000,31.2241125,summer weekend,31.66
2024-04-07 21:00:00.000,29.663487,summer weekend,31.66
2024-04-07 22:00:00.000,28.988757,summer weekend,27.0
2024-04-07 23:00:00.000,28.827571499999998,summer weekend,27.0
2024-04-08 00:00:00.000,28.820074499999997,summer weekday,30.1
2024-04-08 01:00:00.000,28.496454,summer weekday,30.1
2024-04-08 02:00:00.000,28.820074499999997,summer weekday,30.1
2024-04-08 03:00:00.000,28.927531499999997,summer weekday,30.1
2024-04-08 04:00:00.000,29.660988,summer weekday,30.1
2024-04-08 05:00:00.000,32.72851049999999,summer weekday,34.9
2024-04-08 06:00:00.000,38.699871,summer weekday,34.9
2024-04-08 07:00:00.000,36.043434,summer weekday,34.9
2024-04-08 08:00:00.000,30.6693345,summer weekday,30.1
2024-04-08 09:00:00.000,30.055829999999997,summer weekday,30.1
2024-04-08 10:00:00.000,28.8850485,summer weekday,30.1
2024-04-08 11:00:00.000,28.069125,summer weekday,30.1
2024-04-08 12:00:00.000,27.48186,summer weekday,25.44
2024-04-08 13:00:00.000,27.2182155,summer weekday,25.44
2024-04-08 14:00:00.000,27.906689999999998,summer weekday,30.1
2024-04-08 15:00:00.000,28.731359999999995,summer weekday,30.1
2024-04-08 16:00:00.000,29.3573595,summer weekday,30.1
2024-04-08 17:00:00.000,33.092115,summer weekday,34.9
2024-04-08 18:00:00.000,37.140495,summer weekday,34.9
2024-04-08 19:00:00.000,35.57862,summer weekday,34.9
2024-04-08 20:00:00.000,30.5868675,summer weekday,30.1
2024-04-08 21:00:00.000,29.60601,summer weekday,30.1
2024-04-08 22:00:00.000,28.755100499999998,summer weekday,30.1
2024-04-08 23:00:00.000,29.757199499999995,summer weekday,30.1
2024-04-09 00:00:00.000,28.655140499999995,summer weekday,30.1
2024-04-09 01:00:00.000,28.0728735,summer weekday,30.1
2024-04-09 02:00:00.000,27.4756125,summer weekday,25.44
2024-04-09 03:00:00.000,27.791735999999997,summer weekday,30.1
2024-04-09 04:00:00.000,28.523943,summer weekday,30.1
2024-04-09 05:00:00.000,30.816775499999995,summer weekday,30.1
2024-04-09 06:00:00.000,31.342815,summer weekday,30.1
2024-04-09 07:00:00.000,29.953371,summer weekday,30.1
2024-04-09 08:00:00.000,28.51894499999999,summer weekday,30.1
2024-04-09 09:00:00.000,26.432279999999995,summer weekday,25.44
2024-04-09 10:00:00.000,25.480160999999995,summer weekday,25.44
2024-04-09 11:00:00.000,24.489307499999992,summer weekday,25.44
2024-04-09 12:00:00.000,21.2456055,summer weekday,25.44
2024-04-09 13:00:00.000,21.296835,summer weekday,25.44
2024-04-09 14:00:00.000,23.613407999999996,summer weekday,25.44
2024-04-09 15:00:00.000,24.7666965,summer weekday,25.44
2024-04-09 16:00:00.000,26.251102499999995,summer weekday,25.44
2024-04-09 17:00:00.000,28.219065,summer weekday,30.1
2024-04-09 18:00:00.000,30.1995225,summer weekday,30.1
2024-04-09 19:00:00.000,30.198272999999997,summer weekday,30.1
2024-04-09 20:00:00.000,28.478960999999995,summer weekday,30.1
2024-04-09 21:00:00.000,27.5455845,summer weekday,25.44
2024-04-09 22:00:00.000,24.419335499999995,summer weekday,25.44
2024-04-09 23:00:00.000,22.844965499999997,summer weekday,25.44
2024-04-10 00:00:00.000,20.7283125,summer weekday,25.44
2024-04-10 01:00:00.000,20.7583005,summer weekday,25.44
2024-04-10 02:00:00.000,21.1081605,summer weekday,25.44
2024-04-10 03:00:00.000,23.271044999999997,summer weekday,25.44
2024-04-10 04:00:00.000,26.2361085,summer weekday,25.44
2024-04-10 05:00:00.000,29.469814499999995,summer weekday,30.1
2024-04-10 06:00:00.000,32.4336285,summer weekday,30.1
2024-04-10 07:00:00.000,33.232059,summer weekday,34.9
2024-04-10 08:00:00.000,30.038336999999995,summer weekday,30.1
2024-04-10 09:00:00.000,28.438976999999998,summer weekday,30.1
2024-04-10 10:00:00.000,26.988307499999998,summer weekday,25.44
2024-04-10 11:00:00.000,26.934579,summer weekday,25.44
2024-04-10 12:00:00.000,23.773343999999994,summer weekday,25.44
2024-04-10 13:00:00.000,23.8945455,summer weekday,25.44
2024-04-10 14:00:00.000,26.9008425,summer weekday,25.44
2024-04-10 15:00:00.000,27.845464499999995,summer weekday,30.1
2024-04-10 16:00:00.000,29.396093999999994,summer weekday,30.1
2024-04-10 17:00:00.000,32.5835685,summer weekday,34.9
2024-04-10 18:00:00.000,43.8690525,summer weekday,34.9
2024-04-10 19:00:00.000,43.8740505,summer weekday,34.9
2024-04-10 20:00:00.000,34.4278305,summer weekday,34.9
2024-04-10 21:00:00.000,30.74305499999999,summer weekday,30.1
2024-04-10 22:00:00.000,29.493555,summer weekday,30.1
2024-04-10 23:00:00.000,29.053731,summer weekday,30.1
2024-04-11 00:00:00.000,28.401492,summer weekday,30.1
2024-04-11 01:00:00.000,27.761747999999997,summer weekday,25.44
2024-04-11 02:00:00.000,27.3331695,summer weekday,25.44
2024-04-11 03:00:00.000,27.366905999999997,summer weekday,25.44
2024-04-11 04:00:00.000,26.928331499999995,summer weekday,25.44
2024-04-11 05:00:00.000,29.3098785,summer weekday,30.1
2024-04-11 06:00:00.000,28.581419999999994,summer weekday,30.1
2024-04-11 07:00:00.000,26.50725,summer weekday,25.44
2024-04-11 08:00:00.000,23.733359999999998,summer weekday,25.44
2024-04-11 09:00:00.000,21.2406075,summer weekday,25.44
2024-04-11 10:00:00.000,20.092317,summer weekday,25.44
2024-04-11 11:00:00.000,20.0985645,summer weekday,25.44
2024-04-11 12:00:00.000,20.122305,summer weekday,25.44
2024-04-11 13:00:00.000,20.0560815,summer weekday,25.44
2024-04-11 14:00:00.000,23.6796315,summer weekday,25.44
2024-04-11 15:00:00.000,27.449372999999994,summer weekday,25.44
2024-04-11 16:00:00.000,29.573522999999994,summer weekday,30.1
2024-04-11 17:00:00.000,32.567325,summer weekday,34.9
2024-04-11 18:00:00.000,36.77314199999999,summer weekday,34.9
2024-04-11 19:00:00.000,37.205469,summer weekday,34.9
2024-04-11 20:00:00.000,32.328670499999994,summer weekday,30.1
2024-04-11 21:00:00.000,30.283239,summer weekday,30.1
2024-04-11 22:00:00.000,29.5447845,summer weekday,30.1
2024-04-11 23:00:00.000,29.444824499999992,summer weekday,30.1
2024-04-12 00:00:00.000,28.948773,summer weekday,30.1
2024-04-12 01:00:00.000,28.592665499999995,summer weekday,30.1
2024-04-12 02:00:00.000,28.638897,summer weekday,30.1
2024-04-12 03:00:00.000,28.671384,summer weekday,30.1
2024-04-12 04:00:00.000,29.6722335,summer weekday,30.1
2024-04-12 05:00:00.000,31.3840485,summer weekday,30.1
2024-04-12 06:00:00.000,32.10500999999999,summer weekday,30.1
2024-04-12 07:00:00.000,30.834268499999997,summer weekday,30.1
2024-04-12 08:00:00.000,28.853811,summer weekday,30.1
2024-04-12 09:00:00.000,25.340217,summer weekday,25.44
2024-04-12 10:00:00.000,22.341417,summer weekday,25.44
2024-04-12 11:00:00.000,19.98486,summer weekday,25.44
2024-04-12 12:00:00.000,19.9769465,summer weekday,25.44
2024-04-12 13:00:00.000,19.9861095,summer weekday,25.44
2024-04-12 14:00:00.000,20.007351,summer weekday,25.44
2024-04-12 15:00:00.000,20.012349,summer weekday,25.44
2024-04-12 16:00:00.000,27.153241499999996,summer weekday,25.44
2024-04-12 17:00:00.000,30.2220135,summer weekday,30.1
2024-04-12 18:00:00.000,35.7223125,summer weekday,34.9
2024-04-12 19:00:00.000,35.4949035,summer weekday,34.9
2024-04-12 20:00:00.000,30.805529999999997,summer weekday,30.1
2024-04-12 21:00:00.000,29.7297105,summer weekday,30.1
2024-04-12 22:00:00.000,28.493955,summer weekday,30.1
2024-04-12 23:00:00.000,27.509349,summer weekday,25.44
2024-04-13 00:00:00.000,26.1161565,summer weekend,27.0
2024-04-13 01:00:00.000,23.034889499999995,summer weekend,19.7
2024-04-13 02:00:00.000,22.410139499999996,summer weekend,19.7
2024-04-13 03:00:00.000,22.477612499999992,summer weekend,19.7
2024-04-13 04:00:00.000,23.148594,summer weekend,19.7
2024-04-13 05:00:00.000,23.755851,summer weekend,27.0
2024-04-13 06:00:00.000,24.390597,summer weekend,27.0
2024-04-13 07:00:00.000,22.80873,summer weekend,19.7
2024-04-13 08:00:00.000,21.08442,summer weekend,19.7
2024-04-13 09:00:00.000,19.982599,summer weekend,19.7
2024-04-13 10:00:00.000,18.857751500000003,summer weekend,19.7
2024-04-13 11:00:00.000,17.050082,summer weekend,19.7
2024-04-13 12:00:00.000,14.33236,summer weekend,19.7
2024-04-13 13:00:00.000,13.7659795,summer weekend,19.7
2024-04-13 14:00:00.000,14.3425345,summer weekend,19.7
2024-04-13 15:00:00.000,17.818822,summer weekend,19.7
2024-04-13 16:00:00.000,19.966772,summer weekend,19.7
2024-04-13 17:00:00.000,24.971614499999998,summer weekend,27.0
2024-04-13 18:00:00.000,29.161188,summer weekend,27.0
2024-04-13 19:00:00.000,28.204070999999995,summer weekend,27.0
2024-04-13 20:00:00.000,24.901642499999998,summer weekend,27.0
2024-04-13 21:00:00.000,22.622554499999996,summer weekend,19.7
2024-04-13 22:00:00.000,20.8657575,summer weekend,19.7
2024-04-13 23:00:00.000,20.0385885,summer weekend,19.7
2024-04-14 00:00:00.000,20.0885685,summer weekend,19.7
2024-04-14 01:00:00.000,20.1010635,summer weekend,19.7
2024-04-14 02:00:00.000,20.1260535,summer weekend,19.7
2024-04-14 03:00:00.000,20.277243,summer weekend,19.7
2024-04-14 04:00:00.000,20.7283125,summer weekend,19.7
2024-04-14 05:00:00.000,21.591717,summer weekend,19.7
2024-04-14 06:00:00.000,21.60921,summer weekend,19.7
2024-04-14 07:00:00.000,20.9107395,summer weekend,19.7
2024-04-14 08:00:00.000,19.98486,summer weekend,19.7
2024-04-14 09:00:00.000,19.7169315,summer weekend,19.7
2024-04-14 10:00:00.000,18.6090415,summer weekend,19.7
2024-04-14 11:00:00.000,15.2062365,summer weekend,19.7
2024-04-14 12:00:00.000,13.196207500000002,summer weekend,19.7
2024-04-14 13:00:00.000,13.1939465,summer weekend,19.7
2024-04-14 14:00:00.000,15.4572075,summer weekend,19.7
2024-04-14 15:00:00.000,19.2782975,summer weekend,19.7
2024-04-14 16:00:00.000,20.1810315,summer weekend,19.7
2024-04-14 17:00:00.000,28.385248499999992,summer weekend,27.0
2024-04-14 18:00:00.000,30.95546999999999,summer weekend,31.66
2024-04-14 19:00:00.000,34.9676145,summer weekend,31.66
2024-04-14 20:00:00.000,34.0554795,summer weekend,31.66
2024-04-14 21:00:00.000,32.973412499999995,summer weekend,31.66
2024-04-14 22:00:00.000,30.885497999999995,summer weekend,31.66
2024-04-14 23:00:00.000,30.225761999999992,summer weekend,31.66
2024-04-15 00:00:00.000,30.138297,summer weekday,30.1
2024-04-15 01:00:00.000,29.673482999999997,summer weekday,30.1
2024-04-15 02:00:00.000,29.753451,summer weekday,30.1
2024-04-15 03:00:00.000,29.3848485,summer weekday,30.1
2024-04-15 04:00:00.000,30.823022999999992,summer weekday,30.1
2024-04-15 05:00:00.000,34.44532349999999,summer weekday,34.9
2024-04-15 06:00:00.000,41.1201525,summer weekday,34.9
2024-04-15 07:00:00.000,39.132198,summer weekday,34.9
2024-04-15 08:00:00.000,31.425282,summer weekday,30.1
2024-04-15 09:00:00.000,30.0495825,summer weekday,30.1
2024-04-15 10:00:00.000,27.875452499999994,summer weekday,30.1
2024-04-15 11:00:00.000,25.501402499999998,summer weekday,25.44
2024-04-15 12:00:00.000,23.950772999999995,summer weekday,25.44
2024-04-15 13:00:00.000,21.604212,summer weekday,25.44
2024-04-15 14:00:00.000,20.95947,summer weekday,25.44
2024-04-15 15:00:00.000,20.9832105,summer weekday,25.44
2024-04-15 16:00:00.000,25.770045,summer weekday,25.44
2024-04-15 17:00:00.000,28.6314,summer weekday,30.1
2024-04-15 18:00:00.000,29.845913999999997,summer weekday,30.1
2024-04-15 19:00:00.000,29.608508999999994,summer weekday,30.1
2024-04-15 20:00:00.000,28.270294499999995,summer weekday,30.1
2024-04-15 21:00:00.000,26.703421499999997,summer weekday,25.44
2024-04-15 22:00:00.000,24.254401499999997,summer weekday,25.44
2024-04-15 23:00:00.000,20.237259,summer weekday,25.44
2024-04-16 00:00:00.000,19.989858,summer weekday,25.44
2024-04-16 01:00:00.000,20.002353,summer weekday,25.44
2024-04-16 02:00:00.000,20.0760735,summer weekday,25.44
2024-04-16 03:00:00.000,22.1677365,summer weekday,25.44
2024-04-16 04:00:00.000,24.510549,summer weekday,25.44
2024-04-16 05:00:00.000,27.874202999999994,summer weekday,30.1
2024-04-16 06:00:00.000,29.263646999999995,summer weekday,30.1
2024-04-16 07:00:00.000,29.263646999999995,summer weekday,30.1
2024-04-16 08:00:00.000,28.0828695,summer weekday,30.1
2024-04-16 09:00:00.000,26.36105849999999,summer weekday,25.44
2024-04-16 10:00:00.000,25.312728,summer weekday,25.44
2024-04-16 11:00:00.000,24.982859999999995,summer weekday,25.44
2024-04-16 12:00:00.000,25.010348999999994,summer weekday,25.44
2024-04-16 13:00:00.000,25.242755999999996,summer weekday,25.44
2024-04-16 14:00:00.000,26.0486835,summer weekday,25.44
2024-04-16 15:00:00.000,27.836718,summer weekday,30.1
2024-04-16 16:00:00.000,29.9396265,summer weekday,30.1
2024-04-16 17:00:00.000,31.595214,summer weekday,30.1
2024-04-16 18:00:00.000,34.22791049999999,summer weekday,34.9
2024-04-16 19:00:00.000,35.543634,summer weekday,34.9
2024-04-16 20:00:00.000,33.037137,summer weekday,34.9
2024-04-16 21:00:00.000,31.242854999999995,summer weekday,30.1
2024-04-16 22:00:00.000,30.493154999999994,summer weekday,30.1
2024-04-16 23:00:00.000,30.460667999999995,summer weekday,30.1
2024-04-17 00:00:00.000,30.460667999999995,summer weekday,30.1
2024-04-17 01:00:00.000,30.149542499999995,summer weekday,30.1
2024-04-17 02:00:00.000,30.280739999999994,summer weekday,30.1
2024-04-17 03:00:00.000,30.350711999999994,summer weekday,30.1
2024-04-17 04:00:00.000,30.4469235,summer weekday,30.1
2024-04-17 05:00:00.000,33.65314049999999,summer weekday,34.9
2024-04-17 06:00:00.000,41.22261149999999,summer weekday,34.9
2024-04-17 07:00:00.000,39.3733515,summer weekday,34.9
2024-04-17 08:00:00.000,33.057129,summer weekday,34.9
2024-04-17 09:00:00.000,30.468165,summer weekday,30.1
2024-04-17 10:00:00.000,29.968365,summer weekday,30.1
2024-04-17 11:00:00.000,30.353211,summer weekday,30.1
2024-04-17 12:00:00.000,30.083318999999992,summer weekday,30.1
2024-04-17 13:00:00.000,29.6947245,summer weekday,30.1
2024-04-17 14:00:00.000,29.6097585,summer weekday,30.1
2024-04-17 15:00:00.000,29.98086,summer weekday,30.1
2024-04-17 16:00:00.000,30.843015,summer weekday,30.1
2024-04-17 17:00:00.000,34.3503615,summer weekday,34.9
2024-04-17 18:00:00.000,39.966864,summer weekday,34.9
2024-04-17 19:00:00.000,41.213865,summer weekday,34.9
2024-04-17 20:00:00.000,36.235857,summer weekday,34.9
2024-04-17 21:00:00.000,32.359908,summer weekday,30.1
2024-04-17 22:00:00.000,30.956719499999995,summer weekday,30.1
2024-04-17 23:00:00.000,31.4590185,summer weekday,30.1
2024-04-18 00:00:00.000,30.907989,summer weekday,30.1
2024-04-18 01:00:00.000,31.046683499999997,summer weekday,30.1
2024-04-18 02:00:00.000,30.950471999999998,summer weekday,30.1
2024-04-18 03:00:00.000,31.1816295,summer weekday,30.1
2024-04-18 04:00:00.000,31.663936499999995,summer weekday,30.1
2024-04-18 05:00:00.000,35.21376599999999,summer weekday,34.9
2024-04-18 06:00:00.000,39.45207,summer weekday,34.9
2024-04-18 07:00:00.000,36.3770505,summer weekday,34.9
2024-04-18 08:00:00.000,32.619803999999995,summer weekday,34.9
2024-04-18 09:00:00.000,31.256599499999997,summer weekday,30.1
2024-04-18 10:00:00.000,30.46441649999999,summer weekday,30.1
2024-04-18 11:00:00.000,30.060828,summer weekday,30.1
2024-04-18 12:00:00.000,29.631,summer weekday,30.1
2024-04-18 13:00:00.000,29.1074595,summer weekday,30.1
2024-04-18 14:00:00.000,28.818825,summer weekday,30.1
2024-04-18 15:00:00.000,28.841316,summer weekday,30.1
2024-04-18 16:00:00.000,30.14704349999999,summer weekday,30.1
2024-04-18 17:00:00.000,31.733908499999995,summer weekday,30.1
2024-04-18 18:00:00.000,35.633598,summer weekday,34.9
2024-04-18 19:00:00.000,36.0821685,summer weekday,34.9
2024-04-18 20:00:00.000,33.219564,summer weekday,34.9
2024-04-18 21:00:00.000,31.2166155,summer weekday,30.1
2024-04-18 22:00:00.000,29.902141499999995,summer weekday,30.1
2024-04-18 23:00:00.000,29.632249499999997,summer weekday,30.1
2024-04-19 00:00:00.000,27.5855685,summer weekday,25.44
2024-04-19 01:00:00.000,26.2985835,summer weekday,25.44
2024-04-19 02:00:00.000,26.1661365,summer weekday,25.44
2024-04-19 03:00:00.000,25.9787115,summer weekday,25.44
2024-04-19 04:00:00.000,26.117405999999995,summer weekday,25.44
2024-04-19 05:00:00.000,27.496853999999995,summer weekday,25.44
2024-04-19 06:00:00.000,28.611408,summer weekday,30.1
2024-04-19 07:00:00.000,29.48106,summer weekday,30.1
2024-04-19 08:00:00.000,28.51894499999999,summer weekday,30.1
2024-04-19 09:00:00.000,27.50685,summer weekday,25.44
2024-04-19 10:00:00.000,26.992055999999994,summer weekday,25.44
2024-04-19 11:00:00.000,26.346064499999997,summer weekday,25.44
2024-04-19 12:00:00.000,25.857509999999998,summer weekday,25.44
2024-04-19 13:00:00.000,25.600112999999997,summer weekday,25.44
2024-04-19 14:00:00.000,25.552632,summer weekday,25.44
2024-04-19 15:00:00.000,26.346064499999997,summer weekday,25.44
2024-04-19 16:00:00.000,27.3281715,summer weekday,25.44
2024-04-19 17:00:00.000,27.917935499999995,summer weekday,30.1
2024-04-19 18:00:00.000,28.146593999999997,summer weekday,30.1
2024-04-19 19:00:00.000,28.266545999999995,summer weekday,30.1
2024-04-19 20:00:00.000,28.25655,summer weekday,30.1
2024-04-19 21:00:00.000,28.140346499999996,summer weekday,30.1
2024-04-19 22:00:00.000,27.875452499999994,summer weekday,30.1
2024-04-19 23:00:00.000,27.511847999999997,summer weekday,25.44
2024-04-20 00:00:00.000,27.2282115,summer weekend,27.0
2024-04-20 01:00:00.000,27.148243499999992,summer weekend,27.0
2024-04-20 02:00:00.000,27.2007225,summer weekend,27.0
2024-04-20 03:00:00.000,27.611808,summer weekend,27.0
2024-04-20 04:00:00.000,27.835468499999998,summer weekend,27.0
2024-04-20 05:00:00.000,27.971664,summer weekend,27.0
2024-04-20 06:00:00.000,28.478960999999995,summer weekend,27.0
2024-04-20 07:00:00.000,28.111608,summer weekend,27.0
2024-04-20 08:00:00.000,27.469365,summer weekend,27.0
2024-04-20 09:00:00.000,26.2386075,summer weekend,27.0
2024-04-20 10:00:00.000,24.786688499999997,summer weekend,27.0
2024-04-20 11:00:00.000,23.604661499999995,summer weekend,27.0
2024-04-20 12:00:00.000,21.5254935,summer weekend,19.7
2024-04-20 13:00:00.000,21.3030825,summer weekend,19.7
2024-04-20 14:00:00.000,22.2751935,summer weekend,19.7
2024-04-20 15:00:00.000,24.659239499999995,summer weekend,27.0
2024-04-20 16:00:00.000,27.835468499999998,summer weekend,27.0
2024-04-20 17:00:00.000,29.843415,summer weekend,31.66
2024-04-20 18:00:00.000,31.1816295,summer weekend,31.66
2024-04-20 19:00:00.000,32.110008,summer weekend,31.66
2024-04-20 20:00:00.000,31.269094499999994,summer weekend,31.66
2024-04-20 21:00:00.000,30.739306499999994,summer weekend,31.66
2024-04-20 22:00:00.000,30.343214999999997,summer weekend,31.66
2024-04-20 23:00:00.000,30.212017499999995,summer weekend,31.66
2024-04-21 00:00:00.000,28.805080499999995,summer weekend,27.0
2024-04-21 01:00:00.000,28.6726335,summer weekend,27.0
2024-04-21 02:00:00.000,28.03164,summer weekend,27.0
2024-04-21 03:00:00.000,27.966666,summer weekend,27.0
2024-04-21 04:00:00.000,27.934178999999997,summer weekend,27.0
2024-04-21 05:00:00.000,28.0353885,summer weekend,27.0
2024-04-21 06:00:00.000,27.5480835,summer weekend,27.0
2024-04-21 07:00:00.000,27.591815999999994,summer weekend,27.0
2024-04-21 08:00:00.000,26.904591,summer weekend,27.0
2024-04-21 09:00:00.000,24.1069605,summer weekend,27.0
2024-04-21 10:00:00.000,24.603012,summer weekend,27.0
2024-04-21 11:00:00.000,20.742057,summer weekend,19.7
2024-04-21 12:00:00.000,20.019846,summer weekend,19.7
2024-04-21 13:00:00.000,19.883115,summer weekend,19.7
2024-04-21 14:00:00.000,20.0785725,summer weekend,19.7
2024-04-21 15:00:00.000,20.7358095,summer weekend,19.7
2024-04-21 16:00:00.000,27.259448999999996,summer weekend,27.0
2024-04-21 17:00:00.000,29.306129999999992,summer weekend,27.0
2024-04-21 18:00:00.000,31.150391999999997,summer weekend,31.66
2024-04-21 19:00:00.000,31.887597,summer weekend,31.66
2024-04-21 20:00:00.000,31.364056499999997,summer weekend,31.66
2024-04-21 21:00:00.000,31.156639499999997,summer weekend,31.66
2024-04-21 22:00:00.000,31.037937,summer weekend,31.66
2024-04-21 23:00:00.000,29.852161499999998,summer weekend,31.66
2024-04-22 00:00:00.000,29.737207499999997,summer weekday,30.1
2024-04-22 01:00:00.000,29.785937999999994,summer weekday,30.1
2024-04-22 02:00:00.000,29.970863999999995,summer weekday,30.1
2024-04-22 03:00:00.000,29.9546205,summer weekday,30.1
2024-04-22 04:00:00.000,30.917984999999994,summer weekday,30.1
2024-04-22 05:00:00.000,33.21706499999999,summer weekday,34.9
2024-04-22 06:00:00.000,36.32707049999999,summer weekday,34.9
2024-04-22 07:00:00.000,34.661486999999994,summer weekday,34.9
2024-04-22 08:00:00.000,32.1112575,summer weekday,30.1
2024-04-22 09:00:00.000,30.21326699999999,summer weekday,30.1
2024-04-22 10:00:00.000,30.13579799999999,summer weekday,30.1
2024-04-22 11:00:00.000,29.612257499999995,summer weekday,30.1
2024-04-22 12:00:00.000,29.189926499999995,summer weekday,30.1
2024-04-22 13:00:00.000,29.252401499999998,summer weekday,30.1
2024-04-22 14:00:00.000,29.790935999999995,summer weekday,30.1
2024-04-22 15:00:00.000,30.177031499999995,summer weekday,30.1
2024-04-22 16:00:00.000,32.07877049999999,summer weekday,30.1
2024-04-22 17:00:00.000,34.75395,summer weekday,34.9
2024-04-22 18:00:00.000,40.4829075,summer weekday,34.9
2024-04-22 19:00:00.000,41.346312,summer weekday,34.9
2024-04-22 20:00:00.000,36.2346075,summer weekday,34.9
2024-04-22 21:00:00.000,33.2008215,summer weekday,34.9
2024-04-22 22:00:00.000,32.10376049999999,summer weekday,30.1
2024-04-22 23:00:00.000,31.020443999999998,summer weekday,30.1
2024-04-23 00:00:00.000,30.816775499999995,summer weekday,30.1
2024-04-23 01:00:00.000,30.7243125,summer weekday,30.1
2024-04-23 02:00:00.000,30.658089,summer weekday,30.1
2024-04-23 03:00:00.000,30.7742925,summer weekday,30.1
2024-04-23 04:00:00.000,32.191225499999994,summer weekday,30.1
2024-04-23 05:00:00.000,35.15379,summer weekday,34.9
2024-04-23 06:00:00.000,42.63329699999999,summer weekday,34.9
2024-04-23 07:00:00.000,37.013046,summer weekday,34.9
2024-04-23 08:00:00.000,32.277441,summer weekday,30.1
2024-04-23 09:00:00.000,30.3394665,summer weekday,30.1
2024-04-23 10:00:00.000,29.638497,summer weekday,30.1
2024-04-23 11:00:00.000,29.663487,summer weekday,30.1
2024-04-23 12:00:00.000,29.903391,summer weekday,30.1
2024-04-23 13:00:00.000,29.808429,summer weekday,30.1
2024-04-23 14:00:00.000,29.983359,summer weekday,30.1
2024-04-23 15:00:00.000,30.35820899999999,summer weekday,30.1
2024-04-23 16:00:00.000,31.2266115,summer weekday,30.1
2024-04-23 17:00:00.000,32.77974,summer weekday,34.9
2024-04-23 18:00:00.000,35.3549595,summer weekday,34.9
2024-04-23 19:00:00.000,35.61235649999999,summer weekday,34.9
2024-04-23 20:00:00.000,33.117104999999995,summer weekday,34.9
2024-04-23 21:00:00.000,31.5714735,summer weekday,30.1
2024-04-23 22:00:00.000,30.17453249999999,summer weekday,30.1
2024-04-23 23:00:00.000,30.20577,summer weekday,30.1
2024-04-24 00:00:00.000,29.7272115,summer weekday,30.1
2024-04-24 01:00:00.000,29.626002,summer weekday,30.1
2024-04-24 02:00:00.000,29.338616999999992,summer weekday,30.1
2024-04-24 03:00:00.000,29.652241499999995,summer weekday,30.1
2024-04-24 04:00:00.000,30.209518499999994,summer weekday,30.1
2024-04-24 05:00:00.000,32.687276999999995,summer weekday,34.9
2024-04-24 06:00:00.000,35.99970149999999,summer weekday,34.9
2024-04-24 07:00:00.000,33.36325649999999,summer weekday,34.9
2024-04-24 08:00:00.000,31.4565195,summer weekday,30.1
2024-04-24 09:00:00.000,31.322822999999996,summer weekday,30.1
2024-04-24 10:00:00.000,31.024192499999995,summer weekday,30.1
2024-04-24 11:00:00.000,30.305729999999997,summer weekday,30.1
2024-04-24 12:00:00.000,29.9921055,summer weekday,30.1
2024-04-24 13:00:00.000,29.547283499999995,summer weekday,30.1
2024-04-24 14:00:00.000,30.069574499999995,summer weekday,30.1
2024-04-24 15:00:00.000,30.120803999999996,summer weekday,30.1
2024-04-24 16:00:00.000,30.805529999999997,summer weekday,30.1
2024-04-24 17:00:00.000,32.67228299999999,summer weekday,34.9
2024-04-24 18:00:00.000,36.8781,summer weekday,34.9
2024-04-24 19:00:00.000,37.90768799999999,summer weekday,34.9
2024-04-24 20:00:00.000,35.12380199999999,summer weekday,34.9
2024-04-24 21:00:00.000,33.1433445,summer weekday,34.9
2024-04-24 22:00:00.000,31.256599499999997,summer weekday,30.1
2024-04-24 23:00:00.000,30.418185,summer weekday,30.1
2024-04-25 00:00:00.000,29.98086,summer weekday,30.1
2024-04-25 01:00:00.000,29.652241499999995,summer weekday,30.1
2024-04-25 02:00:00.000,29.4873075,summer weekday,30.1
2024-04-25 03:00:00.000,29.386097999999997,summer weekday,30.1
2024-04-25 04:00:00.000,30.483158999999997,summer weekday,30.1
2024-04-25 05:00:00.000,32.784738,summer weekday,34.9
2024-04-25 06:00:00.000,36.1096575,summer weekday,34.9
2024-04-25 07:00:00.000,34.0679745,summer weekday,34.9
2024-04-25 08:00:00.000,31.492754999999995,summer weekday,30.1
2024-04-25 09:00:00.000,29.9821095,summer weekday,30.1
2024-04-25 10:00:00.000,29.75595,summer weekday,30.1
2024-04-25 11:00:00.000,29.221164,summer weekday,30.1
2024-04-25 12:00:00.000,28.5651765,summer weekday,30.1
2024-04-25 13:00:00.000,28.2827895,summer weekday,30.1
2024-04-25 14:00:00.000,28.646394,summer weekday,30.1
2024-04-25 15:00:00.000,29.082469499999995,summer weekday,30.1
2024-04-25 16:00:00.000,29.965865999999995,summer weekday,30.1
2024-04-25 17:00:00.000,31.876351499999995,summer weekday,30.1
2024-04-25 18:00:00.000,37.61405549999999,summer weekday,34.9
2024-04-25 19:00:00.000,39.0134955,summer weekday,34.9
2024-04-25 20:00:00.000,34.1929245,summer weekday,34.9
2024-04-25 21:00:00.000,31.3990425,summer weekday,30.1
2024-04-25 22:00:00.000,29.948372999999997,summer weekday,30.1
2024-04-25 23:00:00.000,29.964616499999995,summer weekday,30.1
2024-04-26 00:00:00.000,29.23116,summer weekday,30.1
2024-04-26 01:00:00.000,29.318625,summer weekday,30.1
2024-04-26 02:00:00.000,29.239906499999996,summer weekday,30.1
2024-04-26 03:00:00.000,29.618504999999992,summer weekday,30.1
2024-04-26 04:00:00.000,30.4419255,summer weekday,30.1
2024-04-26 05:00:00.000,31.667684999999995,summer weekday,30.1
2024-04-26 06:00:00.000,32.987157,summer weekday,34.9
2024-04-26 07:00:00.000,31.987556999999992,summer weekday,30.1
2024-04-26 08:00:00.000,30.115806,summer weekday,30.1
2024-04-26 09:00:00.000,29.707219499999997,summer weekday,30.1
2024-04-26 10:00:00.000,29.099962499999997,summer weekday,30.1
2024-04-26 11:00:00.000,28.775092499999992,summer weekday,30.1
2024-04-26 12:00:00.000,28.573923,summer weekday,30.1
2024-04-26 13:00:00.000,28.1528415,summer weekday,30.1
2024-04-26 14:00:00.000,28.721363999999998,summer weekday,30.1
2024-04-26 15:00:00.000,28.943774999999995,summer weekday,30.1
2024-04-26 16:00:00.000,30.038336999999995,summer weekday,30.1
2024-04-26 17:00:00.000,31.827620999999997,summer weekday,30.1
2024-04-26 18:00:00.000,36.465765,summer weekday,34.9
2024-04-26 19:00:00.000,37.67528099999999,summer weekday,34.9
2024-04-26 20:00:00.000,33.72935999999999,summer weekday,34.9
2024-04-26 21:00:00.000,31.568974499999992,summer weekday,30.1
2024-04-26 22:00:00.000,31.012947,summer weekday,30.1
2024-04-26 23:00:00.000,31.2665955,summer weekday,30.1
2024-04-27 00:00:00.000,31.092915,summer weekend,31.66
2024-04-27 01:00:00.000,30.8042805,summer weekend,31.66
2024-04-27 02:00:00.000,31.1091585,summer weekend,31.66
2024-04-27 03:00:00.000,30.941725499999997,summer weekend,31.66
2024-04-27 04:00:00.000,30.690576,summer weekend,31.66
2024-04-27 05:00:00.000,30.740555999999994,summer weekend,31.66
2024-04-27 06:00:00.000,29.860908,summer weekend,31.66
2024-04-27 07:00:00.000,28.5626775,summer weekend,27.0
2024-04-27 08:00:00.000,27.365656499999996,summer weekend,27.0
2024-04-27 09:00:00.000,24.485558999999995,summer weekend,27.0
2024-04-27 10:00:00.000,21.0381885,summer weekend,19.7
2024-04-27 11:00:00.000,19.9886085,summer weekend,19.7
2024-04-27 12:00:00.000,19.978077,summer weekend,19.7
2024-04-27 13:00:00.000,19.98486,summer weekend,19.7
2024-04-27 14:00:00.000,19.98486,summer weekend,19.7
2024-04-27 15:00:00.000,22.477612499999992,summer weekend,19.7
2024-04-27 16:00:00.000,27.754251,summer weekend,27.0
2024-04-27 17:00:00.000,30.753051,summer weekend,31.66
2024-04-27 18:00:00.000,34.966365,summer weekend,31.66
2024-04-27 19:00:00.000,34.01299649999999,summer weekend,31.66
2024-04-27 20:00:00.000,30.605609999999995,summer weekend,31.66
2024-04-27 21:00:00.000,29.468564999999995,summer weekend,31.66
2024-04-27 22:00:00.000,28.1353485,summer weekend,27.0
2024-04-27 23:00:00.000,27.0307905,summer weekend,27.0
2024-04-28 00:00:00.000,25.750052999999998,summer weekend,27.0
2024-04-28 01:00:00.000,24.93288,summer weekend,27.0
2024-04-28 02:00:00.000,23.9270325,summer weekend,27.0
2024-04-28 03:00:00.000,23.43348,summer weekend,27.0
2024-04-28 04:00:00.000,23.2398075,summer weekend,19.7
2024-04-28 05:00:00.000,21.224364,summer weekend,19.7
2024-04-28 06:00:00.000,19.997355,summer weekend,19.7
2024-04-28 07:00:00.000,19.9769465,summer weekend,19.7
2024-04-28 08:00:00.000,19.869549,summer weekend,19.7
2024-04-28 09:00:00.000,18.1048385,summer weekend,19.7
2024-04-28 10:00:00.000,15.833664000000002,summer weekend,19.7
2024-04-28 11:00:00.000,13.196207500000002,summer weekend,19.7
2024-04-28 12:00:00.000,13.191685500000002,summer weekend,19.7
2024-04-28 13:00:00.000,12.629827,summer weekend,19.7
2024-04-28 14:00:00.000,14.057648500000004,summer weekend,19.7
2024-04-28 15:00:00.000,17.3338375,summer weekend,19.7
2024-04-28 16:00:00.000,19.982599,summer weekend,19.7
2024-04-28 17:00:00.000,23.156090999999996,summer weekend,19.7
2024-04-28 18:00:00.000,28.651391999999998,summer weekend,27.0
2024-04-28 19:00:00.000,29.6622375,summer weekend,31.66
2024-04-28 20:00:00.000,29.800931999999992,summer weekend,31.66
2024-04-28 21:00:00.000,29.007499499999994,summer weekend,27.0
2024-04-28 22:00:00.000,28.349013,summer weekend,27.0
2024-04-28 23:00:00.000,27.875452499999994,summer weekend,27.0
2024-04-29 00:00:00.000,27.488107499999995,summer weekday,25.44
2024-04-29 01:00:00.000,27.3481635,summer weekday,25.44
2024-04-29 02:00:00.000,27.789236999999996,summer weekday,30.1
2024-04-29 03:00:00.000,29.583519,summer weekday,30.1
2024-04-29 04:00:00.000,30.628101,summer weekday,30.1
2024-04-29 05:00:00.000,32.777241,summer weekday,34.9
2024-04-29 06:00:00.000,34.72271249999999,summer weekday,34.9
2024-04-29 07:00:00.000,32.5660755,summer weekday,34.9
2024-04-29 08:00:00.000,29.377351499999996,summer weekday,30.1
2024-04-29 09:00:00.000,27.383149499999995,summer weekday,25.44
2024-04-29 10:00:00.000,24.540536999999997,summer weekday,25.44
2024-04-29 11:00:00.000,24.505550999999997,summer weekday,25.44
2024-04-29 12:00:00.000,24.4318305,summer weekday,25.44
2024-04-29 13:00:00.000,24.1869285,summer weekday,25.44
2024-04-29 14:00:00.000,24.429331499999996,summer weekday,25.44
2024-04-29 15:00:00.000,25.942476,summer weekday,25.44
2024-04-29 16:00:00.000,30.699322499999997,summer weekday,30.1
2024-04-29 17:00:00.000,33.07087349999999,summer weekday,34.9
2024-04-29 18:00:00.000,42.48085799999999,summer weekday,34.9
2024-04-29 19:00:00.000,45.54588149999999,summer weekday,34.9
2024-04-29 20:00:00.000,33.5481825,summer weekday,34.9
2024-04-29 21:00:00.000,30.8917455,summer weekday,30.1
2024-04-29 22:00:00.000,30.1245525,summer weekday,30.1
2024-04-29 23:00:00.000,29.201172,summer weekday,30.1
2024-04-30 00:00:00.000,28.3277715,summer weekday,30.1
2024-04-30 01:00:00.000,28.782589499999997,summer weekday,30.1
2024-04-30 02:00:00.000,28.731359999999995,summer weekday,30.1
2024-04-30 03:00:00.000,28.731359999999995,summer weekday,30.1
2024-04-30 04:00:00.000,29.827171499999995,summer weekday,30.1
2024-04-30 05:00:00.000,31.8488625,summer weekday,30.1
2024-04-30 06:00:00.000,32.7235125,summer weekday,34.9
2024-04-30 07:00:00.000,31.037937,summer weekday,30.1
2024-04-30 08:00:00.000,29.60601,summer weekday,30.1
2024-04-30 09:00:00.000,27.739256999999995,summer weekday,25.44
2024-04-30 10:00:00.000,25.870004999999995,summer weekday,25.44
2024-04-30 11:00:00.000,23.489707499999994,summer weekday,25.44
2024-04-30 12:00:00.000,21.396795,summer weekday,25.44
2024-04-30 13:00:00.000,21.23436,summer weekday,25.44
2024-04-30 14:00:00.000,22.376402999999996,summer weekday,25.44
2024-04-30 15:00:00.000,25.712568,summer weekday,25.44
2024-04-30 16:00:00.000,28.3502625,summer weekday,30.1
2024-04-30 17:00:00.000,30.75555,summer weekday,30.1
2024-04-30 18:00:00.000,35.230009499999994,summer weekday,34.9
2024-04-30 19:00:00.000,36.5294895,summer weekday,34.9
2024-04-30 20:00:00.000,31.0266915,summer weekday,30.1
2024-04-30 21:00:00.000,29.7272115,summer weekday,30.1
2024-04-30 22:00:00.000,29.442325499999995,summer weekday,30.1
2024-04-30 23:00:00.000,28.332769499999998,summer weekday,30.1
2024-05-01 00:00:00.000,26.8683555,summer weekend,27.0
2024-05-01 01:00:00.000,26.2710945,summer weekend,27.0
2024-05-01 02:00:00.000,25.481410499999992,summer weekend,27.0
2024-05-01 03:00:00.000,25.9587195,summer weekend,27.0
2024-05-01 04:00:00.000,25.5688755,summer weekend,27.0
2024-05-01 05:00:00.000,25.292735999999994,summer weekend,27.0
2024-05-01 06:00:00.000,23.493455999999995,summer weekend,27.0
2024-05-01 07:00:00.000,21.0406875,summer weekend,19.7
2024-05-01 08:00:00.000,19.9861095,summer weekend,19.7
2024-05-01 09:00:00.000,19.8752015,summer weekend,19.7
2024-05-01 10:00:00.000,15.4572075,summer weekend,19.7
2024-05-01 11:00:00.000,9.595564999999995,summer weekend,19.7
2024-05-01 12:00:00.000,6.41886,summer weekend,19.7
2024-05-01 13:00:00.000,6.4109465,summer weekend,19.7
2024-05-01 14:00:00.000,10.943121,summer weekend,19.7
2024-05-01 15:00:00.000,16.592229500000002,summer weekend,19.7
2024-05-01 16:00:00.000,19.855983,summer weekend,19.7
2024-05-01 17:00:00.000,21.899093999999995,summer weekend,19.7
2024-05-01 18:00:00.000,26.28234,summer weekend,27.0
2024-05-01 19:00:00.000,26.23236,summer weekend,27.0
2024-05-01 20:00:00.000,24.234409499999995,summer weekend,27.0
2024-05-01 21:00:00.000,23.723364,summer weekend,27.0
2024-05-01 22:00:00.000,22.733759999999997,summer weekend,19.7
2024-05-01 23:00:00.000,21.804132,summer weekend,19.7
2024-05-02 00:00:00.000,21.351813,summer weekday,25.44
2024-05-02 01:00:00.000,21.23436,summer weekday,25.44
2024-05-02 02:00:00.000,20.95947,summer weekday,25.44
2024-05-02 03:00:00.000,21.3130785,summer weekday,25.44
2024-05-02 04:00:00.000,23.990756999999995,summer weekday,25.44
2024-05-02 05:00:00.000,29.071223999999997,summer weekday,30.1
2024-05-02 06:00:00.000,29.765946,summer weekday,30.1
2024-05-02 07:00:00.000,27.844215,summer weekday,30.1
2024-05-02 08:00:00.000,23.914537499999994,summer weekday,25.44
2024-05-02 09:00:00.000,20.622105,summer weekday,25.44
2024-05-02 10:00:00.000,19.975816,summer weekday,25.44
2024-05-02 11:00:00.000,19.7892835,summer weekday,25.44
2024-05-02 12:00:00.000,19.5111805,summer weekday,25.44
2024-05-02 13:00:00.000,19.9792075,summer weekday,25.44
2024-05-02 14:00:00.000,19.8277205,summer weekday,25.44
2024-05-02 15:00:00.000,20.489658,summer weekday,25.44
2024-05-02 16:00:00.000,26.877101999999997,summer weekday,25.44
2024-05-02 17:00:00.000,30.133298999999997,summer weekday,30.1
2024-05-02 18:00:00.000,30.975462,summer weekday,30.1
2024-05-02 19:00:00.000,30.623102999999997,summer weekday,30.1
2024-05-02 20:00:00.000,30.269494499999997,summer weekday,30.1
2024-05-02 21:00:00.000,29.757199499999995,summer weekday,30.1
2024-05-02 22:00:00.000,28.858809,summer weekday,30.1
2024-05-02 23:00:00.000,27.719265,summer weekday,25.44
2024-05-03 00:00:00.000,27.374403,summer weekday,25.44
2024-05-03 01:00:00.000,27.225712499999997,summer weekday,25.44
2024-05-03 02:00:00.000,27.294435,summer weekday,25.44
2024-05-03 03:00:00.000,27.374403,summer weekday,25.44
2024-05-03 04:00:00.000,28.627651499999995,summer weekday,30.1
2024-05-03 05:00:00.000,30.450672,summer weekday,30.1
2024-05-03 06:00:00.000,30.6643365,summer weekday,30.1
2024-05-03 07:00:00.000,31.518994499999994,summer weekday,30.1
2024-05-03 08:00:00.000,31.011697499999997,summer weekday,30.1
2024-05-03 09:00:00.000,29.724712499999995,summer weekday,30.1
2024-05-03 10:00:00.000,29.053731,summer weekday,30.1
2024-05-03 11:00:00.000,27.995404499999992,summer weekday,30.1
2024-05-03 12:00:00.000,27.3981435,summer weekday,25.44
2024-05-03 13:00:00.000,27.488107499999995,summer weekday,25.44
2024-05-03 14:00:00.000,28.067875499999992,summer weekday,30.1
2024-05-03 15:00:00.000,29.017495499999995,summer weekday,30.1
2024-05-03 16:00:00.000,29.924632499999998,summer weekday,30.1
2024-05-03 17:00:00.000,31.091665499999998,summer weekday,30.1
2024-05-03 18:00:00.000,33.16583549999999,summer weekday,34.9
2024-05-03 19:00:00.000,34.971363,summer weekday,34.9
2024-05-03 20:00:00.000,33.473212499999995,summer weekday,34.9
2024-05-03 21:00:00.000,31.662687,summer weekday,30.1
2024-05-03 22:00:00.000,30.675582,summer weekday,30.1
2024-05-03 23:00:00.000,31.33032,summer weekday,30.1
2024-05-04 00:00:00.000,30.954220499999995,summer weekend,31.66
2024-05-04 01:00:00.000,30.763047,summer weekend,31.66
2024-05-04 02:00:00.000,30.945474,summer weekend,31.66
2024-05-04 03:00:00.000,31.310327999999995,summer weekend,31.66
2024-05-04 04:00:00.000,32.272443,summer weekend,31.66
2024-05-04 05:00:00.000,31.7539005,summer weekend,31.66
2024-05-04 06:00:00.000,31.232858999999998,summer weekend,31.66
2024-05-04 07:00:00.000,29.790935999999995,summer weekend,31.66
2024-05-04 08:00:00.000,27.779240999999995,summer weekend,27.0
2024-05-04 09:00:00.000,25.1290515,summer weekend,27.0
2024-05-04 10:00:00.000,23.88080099999999,summer weekend,27.0
2024-05-04 11:00:00.000,23.09986349999999,summer weekend,19.7
2024-05-04 12:00:00.000,21.800383499999995,summer weekend,19.7
2024-05-04 13:00:00.000,21.651693,summer weekend,19.7
2024-05-04 14:00:00.000,23.237308499999997,summer weekend,19.7
2024-05-04 15:00:00.000,27.934178999999997,summer weekend,27.0
2024-05-04 16:00:00.000,29.900892,summer weekend,31.66
2024-05-04 17:00:00.000,32.2312095,summer weekend,31.66
2024-05-04 18:00:00.000,35.21876399999999,summer weekend,31.66
2024-05-04 19:00:00.000,36.90309,summer weekend,31.66
2024-05-04 20:00:00.000,34.174181999999995,summer weekend,31.66
2024-05-04 21:00:00.000,31.262846999999997,summer weekend,31.66
2024-05-04 22:00:00.000,30.43068,summer weekend,31.66
2024-05-04 23:00:00.000,31.302830999999998,summer weekend,31.66
2024-05-05 00:00:00.000,30.583118999999996,summer weekend,31.66
2024-05-05 01:00:00.000,30.420683999999994,summer weekend,31.66
2024-05-05 02:00:00.000,30.042085499999992,summer weekend,31.66
2024-05-05 03:00:00.000,29.323622999999998,summer weekend,27.0
2024-05-05 04:00:00.000,28.872553499999995,summer weekend,27.0
2024-05-05 05:00:00.000,27.751751999999996,summer weekend,27.0
2024-05-05 06:00:00.000,26.867106,summer weekend,27.0
2024-05-05 07:00:00.000,25.149043499999998,summer weekend,27.0
2024-05-05 08:00:00.000,23.248553999999995,summer weekend,19.7
2024-05-05 09:00:00.000,21.0906675,summer weekend,19.7
2024-05-05 10:00:00.000,20.039838,summer weekend,19.7
2024-05-05 11:00:00.000,19.98486,summer weekend,19.7
2024-05-05 12:00:00.000,19.980338,summer weekend,19.7
2024-05-05 13:00:00.000,19.8752015,summer weekend,19.7
2024-05-05 14:00:00.000,19.973555,summer weekend,19.7
2024-05-05 15:00:00.000,19.98486,summer weekend,19.7
2024-05-05 16:00:00.000,23.983259999999994,summer weekend,27.0
2024-05-05 17:00:00.000,30.793035,summer weekend,31.66
2024-05-05 18:00:00.000,32.010048,summer weekend,31.66
2024-05-05 19:00:00.000,33.969263999999995,summer weekend,31.66
2024-05-05 20:00:00.000,33.4207335,summer weekend,31.66
2024-05-05 21:00:00.000,32.32242299999999,summer weekend,31.66
2024-05-05 22:00:00.000,31.0641765,summer weekend,31.66
2024-05-05 23:00:00.000,30.338217,summer weekend,31.66
2024-05-06 00:00:00.000,29.929630499999995,summer weekday,30.1
2024-05-06 01:00:00.000,30.0320895,summer weekday,30.1
2024-05-06 02:00:00.000,29.974612499999992,summer weekday,30.1
2024-05-06 03:00:00.000,30.1920255,summer weekday,30.1
2024-05-06 04:00:00.000,31.077921,summer weekday,30.1
2024-05-06 05:00:00.000,33.3657555,summer weekday,34.9
2024-05-06 06:00:00.000,36.26084699999999,summer weekday,34.9
2024-05-06 07:00:00.000,32.64854249999999,summer weekday,34.9
2024-05-06 08:00:00.000,31.10541,summer weekday,30.1
2024-05-06 09:00:00.000,30.119554499999992,summer weekday,30.1
2024-05-06 10:00:00.000,29.509798499999995,summer weekday,30.1
2024-05-06 11:00:00.000,29.513547,summer weekday,30.1
2024-05-06 12:00:00.000,29.3198745,summer weekday,30.1
2024-05-06 13:00:00.000,29.3423655,summer weekday,30.1
2024-05-06 14:00:00.000,30.119554499999992,summer weekday,30.1
2024-05-06 15:00:00.000,30.183278999999995,summer weekday,30.1
2024-05-06 16:00:00.000,31.650192,summer weekday,30.1
2024-05-06 17:00:00.000,33.52569149999999,summer weekday,34.9
2024-05-06 18:00:00.000,37.0592775,summer weekday,34.9
2024-05-06 19:00:00.000,37.9764105,summer weekday,34.9
2024-05-06 20:00:00.000,33.476961,summer weekday,34.9
2024-05-06 21:00:00.000,31.802630999999995,summer weekday,30.1
2024-05-06 22:00:00.000,30.533138999999995,summer weekday,30.1
2024-05-06 23:00:00.000,30.197023499999997,summer weekday,30.1
2024-05-07 00:00:00.000,29.8771515,summer weekday,30.1
2024-05-07 01:00:00.000,29.6347485,summer weekday,30.1
2024-05-07 02:00:00.000,29.979610499999996,summer weekday,30.1
2024-05-07 03:00:00.000,29.990855999999997,summer weekday,30.1
2024-05-07 04:00:00.000,30.238256999999997,summer weekday,30.1
2024-05-07 05:00:00.000,32.334918,summer weekday,30.1
2024-05-07 06:00:00.000,35.191275,summer weekday,34.9
2024-05-07 07:00:00.000,34.061727,summer weekday,34.9
2024-05-07 08:00:00.000,31.4490225,summer weekday,30.1
2024-05-07 09:00:00.000,30.6318495,summer weekday,30.1
2024-05-07 10:00:00.000,30.115806,summer weekday,30.1
2024-05-07 11:00:00.000,29.322373499999998,summer weekday,30.1
2024-05-07 12:00:00.000,28.7850885,summer weekday,30.1
2024-05-07 13:00:00.000,28.1728335,summer weekday,30.1
2024-05-07 14:00:00.000,29.2374075,summer weekday,30.1
2024-05-07 15:00:00.000,30.370704,summer weekday,30.1
2024-05-07 16:00:00.000,31.332819,summer weekday,30.1
2024-05-07 17:00:00.000,33.212067,summer weekday,34.9
2024-05-07 18:00:00.000,36.7094175,summer weekday,34.9
2024-05-07 19:00:00.000,38.8585575,summer weekday,34.9
2024-05-07 20:00:00.000,35.233758,summer weekday,34.9
2024-05-07 21:00:00.000,32.692274999999995,summer weekday,34.9
2024-05-07 22:00:00.000,31.007948999999996,summer weekday,30.1
2024-05-07 23:00:00.000,30.476911499999996,summer weekday,30.1
2024-05-08 00:00:00.000,30.085818,summer weekday,30.1
2024-05-08 01:00:00.000,30.090816,summer weekday,30.1
2024-05-08 02:00:00.000,30.289486499999995,summer weekday,30.1
2024-05-08 03:00:00.000,30.290735999999995,summer weekday,30.1
2024-05-08 04:00:00.000,31.179130499999992,summer weekday,30.1
2024-05-08 05:00:00.000,33.414486,summer weekday,34.9
2024-05-08 06:00:00.000,34.84891199999999,summer weekday,34.9
2024-05-08 07:00:00.000,33.744353999999994,summer weekday,34.9
2024-05-08 08:00:00.000,31.5314895,summer weekday,30.1
2024-05-08 09:00:00.000,30.65559,summer weekday,30.1
2024-05-08 10:00:00.000,29.915886,summer weekday,30.1
2024-05-08 11:00:00.000,29.0974635,summer weekday,30.1
2024-05-08 12:00:00.000,28.5801705,summer weekday,30.1
2024-05-08 13:00:00.000,28.304030999999995,summer weekday,30.1
2024-05-08 14:00:00.000,28.3502625,summer weekday,30.1
2024-05-08 15:00:00.000,29.446074,summer weekday,30.1
2024-05-08 16:00:00.000,31.367804999999997,summer weekday,30.1
2024-05-08 17:00:00.000,33.292035,summer weekday,34.9
2024-05-08 18:00:00.000,35.920983,summer weekday,34.9
2024-05-08 19:00:00.000,36.780639,summer weekday,34.9
2024-05-08 20:00:00.000,34.310377499999994,summer weekday,34.9
2024-05-08 21:00:00.000,32.047532999999994,summer weekday,30.1
2024-05-08 22:00:00.000,30.975462,summer weekday,30.1
2024-05-08 23:00:00.000,30.93048,summer weekday,30.1
2024-05-09 00:00:00.000,30.987957,summer weekend,31.66
2024-05-09 01:00:00.000,30.3519615,summer weekend,31.66
2024-05-09 02:00:00.000,30.349462499999994,summer weekend,31.66
2024-05-09 03:00:00.000,31.084168499999997,summer weekend,31.66
2024-05-09 04:00:00.000,31.279090499999995,summer weekend,31.66
2024-05-09 05:00:00.000,30.99670349999999,summer weekend,31.66
2024-05-09 06:00:00.000,30.0620775,summer weekend,31.66
2024-05-09 07:00:00.000,28.1728335,summer weekend,27.0
2024-05-09 08:00:00.000,22.901193,summer weekend,19.7
2024-05-09 09:00:00.000,20.6183565,summer weekend,19.7
2024-05-09 10:00:00.000,19.926074,summer weekend,19.7
2024-05-09 11:00:00.000,19.885376,summer weekend,19.7
2024-05-09 12:00:00.000,19.8322425,summer weekend,19.7
2024-05-09 13:00:00.000,19.7553685,summer weekend,19.7
2024-05-09 14:00:00.000,19.8797235,summer weekend,19.7
2024-05-09 15:00:00.000,20.069826,summer weekend,19.7
2024-05-09 16:00:00.000,28.041635999999997,summer weekend,27.0
2024-05-09 17:00:00.000,31.195373999999997,summer weekend,31.66
2024-05-09 18:00:00.000,33.4607175,summer weekend,31.66
2024-05-09 19:00:00.000,36.5769705,summer weekend,31.66
2024-05-09 20:00:00.000,35.437426499999994,summer weekend,31.66
2024-05-09 21:00:00.000,32.472362999999994,summer weekend,31.66
2024-05-09 22:00:00.000,30.9492225,summer weekend,31.66
2024-05-09 23:00:00.000,31.496503499999992,summer weekend,31.66
2024-05-10 00:00:00.000,30.596863499999998,summer weekend,31.66
2024-05-10 01:00:00.000,29.614756499999995,summer weekend,31.66
2024-05-10 02:00:00.000,29.291136,summer weekend,27.0
2024-05-10 03:00:00.000,29.328620999999995,summer weekend,27.0
2024-05-10 04:00:00.000,31.2865875,summer weekend,31.66
2024-05-10 05:00:00.000,34.379099999999994,summer weekend,31.66
2024-05-10 06:00:00.000,33.66313649999999,summer weekend,31.66
2024-05-10 07:00:00.000,31.93008,summer weekend,31.66
2024-05-10 08:00:00.000,28.405240499999994,summer weekend,27.0
2024-05-10 09:00:00.000,22.588817999999996,summer weekend,19.7
2024-05-10 10:00:00.000,20.3434665,summer weekend,19.7
2024-05-10 11:00:00.000,20.049834,summer weekend,19.7
2024-05-10 12:00:00.000,19.987359,summer weekend,19.7
2024-05-10 13:00:00.000,19.987359,summer weekend,19.7
2024-05-10 14:00:00.000,22.536338999999995,summer weekend,19.7
2024-05-10 15:00:00.000,28.164086999999995,summer weekend,27.0
2024-05-10 16:00:00.000,30.715565999999992,summer weekend,31.66
2024-05-10 17:00:00.000,33.21831449999999,summer weekend,31.66
2024-05-10 18:00:00.000,37.010547,summer weekend,31.66
2024-05-10 19:00:00.000,41.31632399999999,summer weekend,31.66
2024-05-10 20:00:00.000,37.0167945,summer weekend,31.66
2024-05-10 21:00:00.000,33.08836649999999,summer weekend,31.66
2024-05-10 22:00:00.000,31.500252,summer weekend,31.66
2024-05-10 23:00:00.000,32.075022,summer weekend,31.66
2024-05-11 00:00:00.000,31.752651,summer weekend,31.66
2024-05-11 01:00:00.000,31.234108499999994,summer weekend,31.66
2024-05-11 02:00:00.000,31.1166555,summer weekend,31.66
2024-05-11 03:00:00.000,31.219114499999996,summer weekend,31.66
2024-05-11 04:00:00.000,31.317825,summer weekend,31.66
2024-05-11 05:00:00.000,30.820523999999995,summer weekend,31.66
2024-05-11 06:00:00.000,29.960867999999994,summer weekend,31.66
2024-05-11 07:00:00.000,27.0407865,summer weekend,27.0
2024-05-11 08:00:00.000,20.83452,summer weekend,19.7
2024-05-11 09:00:00.000,19.98486,summer weekend,19.7
2024-05-11 10:00:00.000,18.8012265,summer weekend,19.7
2024-05-11 11:00:00.000,17.587069500000002,summer weekend,19.7
2024-05-11 12:00:00.000,17.4988905,summer weekend,19.7
2024-05-11 13:00:00.000,17.2456585,summer weekend,19.7
2024-05-11 14:00:00.000,18.689307000000003,summer weekend,19.7
2024-05-11 15:00:00.000,19.9385095,summer weekend,19.7
2024-05-11 16:00:00.000,24.0794715,summer weekend,27.0
2024-05-11 17:00:00.000,30.209518499999994,summer weekend,31.66
2024-05-11 18:00:00.000,32.689775999999995,summer weekend,31.66
2024-05-11 19:00:00.000,35.29123499999999,summer weekend,31.66
2024-05-11 20:00:00.000,32.914686,summer weekend,31.66
2024-05-11 21:00:00.000,30.763047,summer weekend,31.66
2024-05-11 22:00:00.000,28.5276915,summer weekend,27.0
2024-05-11 23:00:00.000,28.1678355,summer weekend,27.0
2024-05-12 00:00:00.000,26.794635,summer weekend,27.0
2024-05-12 01:00:00.000,25.54763399999999,summer weekend,27.0
2024-05-12 02:00:00.000,25.135298999999996,summer weekend,27.0
2024-05-12 03:00:00.000,25.7737935,summer weekend,27.0
2024-05-12 04:00:00.000,25.420184999999996,summer weekend,27.0
2024-05-12 05:00:00.000,22.185229499999995,summer weekend,19.7
2024-05-12 06:00:00.000,20.5833705,summer weekend,19.7
2024-05-12 07:00:00.000,20.2784925,summer weekend,19.7
2024-05-12 08:00:00.000,19.66832,summer weekend,19.7
2024-05-12 09:00:00.000,17.158610000000003,summer weekend,19.7
2024-05-12 10:00:00.000,12.112057999999998,summer weekend,19.7
2024-05-12 11:00:00.000,8.673077,summer weekend,19.7
2024-05-12 12:00:00.000,4.672237500000002,summer weekend,19.7
2024-05-12 13:00:00.000,4.966167499999999,summer weekend,19.7
2024-05-12 14:00:00.000,10.366566,summer weekend,19.7
2024-05-12 15:00:00.000,16.59336,summer weekend,19.7
2024-05-12 16:00:00.000,19.8345035,summer weekend,19.7
2024-05-12 17:00:00.000,22.796235,summer weekend,19.7
2024-05-12 18:00:00.000,28.473963,summer weekend,27.0
2024-05-12 19:00:00.000,29.448573,summer weekend,31.66
2024-05-12 20:00:00.000,27.264447,summer weekend,27.0
2024-05-12 21:00:00.000,25.55763,summer weekend,27.0
2024-05-12 22:00:00.000,24.434329499999997,summer weekend,27.0
2024-05-12 23:00:00.000,23.338518,summer weekend,19.7
2024-05-13 00:00:00.000,23.218565999999992,summer weekday,25.44
2024-05-13 01:00:00.000,23.197324499999997,summer weekday,25.44
2024-05-13 02:00:00.000,23.071124999999995,summer weekday,25.44
2024-05-13 03:00:00.000,23.358509999999995,summer weekday,25.44
2024-05-13 04:00:00.000,24.942875999999995,summer weekday,25.44
2024-05-13 05:00:00.000,29.9771115,summer weekday,30.1
2024-05-13 06:00:00.000,33.30453,summer weekday,34.9
2024-05-13 07:00:00.000,29.78968649999999,summer weekday,30.1
2024-05-13 08:00:00.000,25.421434499999997,summer weekday,25.44
2024-05-13 09:00:00.000,21.281841,summer weekday,25.44
2024-05-13 10:00:00.000,19.8752015,summer weekday,25.44
2024-05-13 11:00:00.000,19.6807555,summer weekday,25.44
2024-05-13 12:00:00.000,19.7282365,summer weekday,25.44
2024-05-13 13:00:00.000,19.706757,summer weekday,25.44
2024-05-13 14:00:00.000,19.9023335,summer weekday,25.44
2024-05-13 15:00:00.000,19.9936065,summer weekday,25.44
2024-05-13 16:00:00.000,26.858359499999995,summer weekday,25.44
2024-05-13 17:00:00.000,30.370704,summer weekday,30.1
2024-05-13 18:00:00.000,38.25005099999999,summer weekday,34.9
2024-05-13 19:00:00.000,37.35291,summer weekday,34.9
2024-05-13 20:00:00.000,31.067924999999995,summer weekday,30.1
2024-05-13 21:00:00.000,28.675132499999997,summer weekday,30.1
2024-05-13 22:00:00.000,26.569724999999995,summer weekday,25.44
2024-05-13 23:00:00.000,26.054930999999996,summer weekday,25.44
2024-05-14 00:00:00.000,25.4114385,summer weekday,25.44
2024-05-14 01:00:00.000,24.401842499999997,summer weekday,25.44
2024-05-14 02:00:00.000,24.243155999999992,summer weekday,25.44
2024-05-14 03:00:00.000,23.594665499999994,summer weekday,25.44
2024-05-14 04:00:00.000,26.5259925,summer weekday,25.44
2024-05-14 05:00:00.000,28.966265999999997,summer weekday,30.1
2024-05-14 06:00:00.000,29.647243499999995,summer weekday,30.1
2024-05-14 07:00:00.000,26.419785,summer weekday,25.44
2024-05-14 08:00:00.000,20.689578,summer weekday,25.44
2024-05-14 09:00:00.000,19.7214535,summer weekday,25.44
2024-05-14 10:00:00.000,18.727744,summer weekday,25.44
2024-05-14 11:00:00.000,15.8777535,summer weekday,25.44
2024-05-14 12:00:00.000,15.129362500000004,summer weekday,25.44
2024-05-14 13:00:00.000,15.501297,summer weekday,25.44
2024-05-14 14:00:00.000,17.739687,summer weekday,25.44
2024-05-14 15:00:00.000,19.6536235,summer weekday,25.44
2024-05-14 16:00:00.000,19.980338,summer weekday,25.44
2024-05-14 17:00:00.000,25.450173,summer weekday,25.44
2024-05-14 18:00:00.000,30.468165,summer weekday,30.1
2024-05-14 19:00:00.000,31.663936499999995,summer weekday,30.1
2024-05-14 20:00:00.000,29.5322895,summer weekday,30.1
2024-05-14 21:00:00.000,25.651342499999995,summer weekday,25.44
2024-05-14 22:00:00.000,23.447224499999997,summer weekday,25.44
2024-05-14 23:00:00.000,23.803331999999997,summer weekday,25.44
2024-05-15 00:00:00.000,24.025743,summer weekday,25.44
2024-05-15 01:00:00.000,24.905390999999995,summer weekday,25.44
2024-05-15 02:00:00.000,25.207769999999996,summer weekday,25.44
2024-05-15 03:00:00.000,24.727962,summer weekday,25.44
2024-05-15 04:00:00.000,26.590966499999997,summer weekday,25.44
2024-05-15 05:00:00.000,30.606859499999995,summer weekday,30.1
2024-05-15 06:00:00.000,31.000452,summer weekday,30.1
2024-05-15 07:00:00.000,30.5368875,summer weekday,30.1
2024-05-15 08:00:00.000,26.034939,summer weekday,25.44
2024-05-15 09:00:00.000,20.904492,summer weekday,25.44
2024-05-15 10:00:00.000,19.975816,summer weekday,25.44
2024-05-15 11:00:00.000,18.8600125,summer weekday,25.44
2024-05-15 12:00:00.000,18.720961,summer weekday,25.44
2024-05-15 13:00:00.000,18.8645345,summer weekday,25.44
2024-05-15 14:00:00.000,19.9746855,summer weekday,25.44
2024-05-15 15:00:00.000,20.2010235,summer weekday,25.44
2024-05-15 16:00:00.000,23.77459349999999,summer weekday,25.44
2024-05-15 17:00:00.000,29.188676999999995,summer weekday,30.1
2024-05-15 18:00:00.000,32.634798,summer weekday,34.9
2024-05-15 19:00:00.000,33.754349999999995,summer weekday,34.9
2024-05-15 20:00:00.000,30.455669999999994,summer weekday,30.1
2024-05-15 21:00:00.000,27.936677999999997,summer weekday,30.1
2024-05-15 22:00:00.000,26.0661765,summer weekday,25.44
2024-05-15 23:00:00.000,26.374802999999996,summer weekday,25.44
2024-05-16 00:00:00.000,25.952472,summer weekday,25.44
2024-05-16 01:00:00.000,24.935378999999998,summer weekday,25.44
2024-05-16 02:00:00.000,26.1686355,summer weekday,25.44
2024-05-16 03:00:00.000,25.537637999999998,summer weekday,25.44
2024-05-16 04:00:00.000,27.169485,summer weekday,25.44
2024-05-16 05:00:00.000,30.149542499999995,summer weekday,30.1
2024-05-16 06:00:00.000,31.9563195,summer weekday,30.1
2024-05-16 07:00:00.000,30.353211,summer weekday,30.1
2024-05-16 08:00:00.000,26.619705,summer weekday,25.44
2024-05-16 09:00:00.000,21.421785,summer weekday,25.44
2024-05-16 10:00:00.000,19.994856,summer weekday,25.44
2024-05-16 11:00:00.000,19.982599,summer weekday,25.44
2024-05-16 12:00:00.000,19.9045945,summer weekday,25.44
2024-05-16 13:00:00.000,19.966772,summer weekday,25.44
2024-05-16 14:00:00.000,19.9861095,summer weekday,25.44
2024-05-16 15:00:00.000,21.23436,summer weekday,25.44
2024-05-16 16:00:00.000,25.6013625,summer weekday,25.44
2024-05-16 17:00:00.000,29.351111999999997,summer weekday,30.1
2024-05-16 18:00:00.000,31.987556999999992,summer weekday,30.1
2024-05-16 19:00:00.000,33.71811449999999,summer weekday,34.9
2024-05-16 20:00:00.000,30.966715499999992,summer weekday,30.1
2024-05-16 21:00:00.000,30.3019815,summer weekday,30.1
2024-05-16 22:00:00.000,28.628901,summer weekday,30.1
2024-05-16 23:00:00.000,28.671384,summer weekday,30.1
2024-05-17 00:00:00.000,27.881699999999995,summer weekday,30.1
2024-05-17 01:00:00.000,27.884198999999995,summer weekday,30.1
2024-05-17 02:00:00.000,27.791735999999997,summer weekday,30.1
2024-05-17 03:00:00.000,28.0303905,summer weekday,30.1
2024-05-17 04:00:00.000,27.886698,summer weekday,30.1
2024-05-17 05:00:00.000,30.4469235,summer weekday,30.1
2024-05-17 06:00:00.000,32.472362999999994,summer weekday,30.1
2024-05-17 07:00:00.000,31.8188745,summer weekday,30.1
2024-05-17 08:00:00.000,29.218664999999994,summer weekday,30.1
2024-05-17 09:00:00.000,28.039137,summer weekday,30.1
2024-05-17 10:00:00.000,27.1582395,summer weekday,25.44
2024-05-17 11:00:00.000,24.746704499999996,summer weekday,25.44
2024-05-17 12:00:00.000,23.513447999999997,summer weekday,25.44
2024-05-17 13:00:00.000,23.93328,summer weekday,25.44
2024-05-17 14:00:00.000,24.670485,summer weekday,25.44
2024-05-17 15:00:00.000,26.4935055,summer weekday,25.44
2024-05-17 16:00:00.000,28.798832999999995,summer weekday,30.1
2024-05-17 17:00:00.000,28.716365999999997,summer weekday,30.1
2024-05-17 18:00:00.000,31.8488625,summer weekday,30.1
2024-05-17 19:00:00.000,33.471962999999995,summer weekday,34.9
2024-05-17 20:00:00.000,31.882598999999995,summer weekday,30.1
2024-05-17 21:00:00.000,31.1541405,summer weekday,30.1
2024-05-17 22:00:00.000,30.0620775,summer weekday,30.1
2024-05-17 23:00:00.000,28.425232499999996,summer weekday,30.1
2024-05-18 00:00:00.000,27.9329295,summer weekend,27.0
2024-05-18 01:00:00.000,27.959169,summer weekend,27.0
2024-05-18 02:00:00.000,28.129100999999995,summer weekend,27.0
2024-05-18 03:00:00.000,28.6076595,summer weekend,27.0
2024-05-18 04:00:00.000,29.044984499999995,summer weekend,27.0
2024-05-18 05:00:00.000,28.963767,summer weekend,27.0
2024-05-18 06:00:00.000,28.7800905,summer weekend,27.0
2024-05-18 07:00:00.000,27.964167,summer weekend,27.0
2024-05-18 08:00:00.000,25.902491999999995,summer weekend,27.0
2024-05-18 09:00:00.000,21.1631385,summer weekend,19.7
2024-05-18 10:00:00.000,20.0735745,summer weekend,19.7
2024-05-18 11:00:00.000,19.982599,summer weekend,19.7
2024-05-18 12:00:00.000,19.837895,summer weekend,19.7
2024-05-18 13:00:00.000,19.6694505,summer weekend,19.7
2024-05-18 14:00:00.000,19.767804,summer weekend,19.7
2024-05-18 15:00:00.000,19.980338,summer weekend,19.7
2024-05-18 16:00:00.000,26.314827,summer weekend,27.0
2024-05-18 17:00:00.000,30.2195145,summer weekend,31.66
2024-05-18 18:00:00.000,33.72186299999999,summer weekend,31.66
2024-05-18 19:00:00.000,36.435777,summer weekend,31.66
2024-05-18 20:00:00.000,35.326221,summer weekend,31.66
2024-05-18 21:00:00.000,32.045033999999994,summer weekend,31.66
2024-05-18 22:00:00.000,30.805529999999997,summer weekend,31.66
2024-05-18 23:00:00.000,31.316575499999995,summer weekend,31.66
2024-05-19 00:00:00.000,31.112906999999996,summer weekend,31.66
2024-05-19 01:00:00.000,31.062926999999995,summer weekend,31.66
2024-05-19 02:00:00.000,30.844264499999998,summer weekend,31.66
2024-05-19 03:00:00.000,30.746803499999995,summer weekend,31.66
2024-05-19 04:00:00.000,30.050832,summer weekend,31.66
2024-05-19 05:00:00.000,29.4273315,summer weekend,31.66
2024-05-19 06:00:00.000,28.761347999999995,summer weekend,27.0
2024-05-19 07:00:00.000,25.852512,summer weekend,27.0
2024-05-19 08:00:00.000,20.68458,summer weekend,19.7
2024-05-19 09:00:00.000,19.9814685,summer weekend,19.7
2024-05-19 10:00:00.000,19.964511,summer weekend,19.7
2024-05-19 11:00:00.000,19.751977,summer weekend,19.7
2024-05-19 12:00:00.000,19.1471595,summer weekend,19.7
2024-05-19 13:00:00.000,18.2744135,summer weekend,19.7
2024-05-19 14:00:00.000,18.854360000000003,summer weekend,19.7
2024-05-19 15:00:00.000,19.5564005,summer weekend,19.7
2024-05-19 16:00:00.000,19.978077,summer weekend,19.7
2024-05-19 17:00:00.000,28.002901499999997,summer weekend,27.0
2024-05-19 18:00:00.000,31.179130499999992,summer weekend,31.66
2024-05-19 19:00:00.000,34.186677,summer weekend,31.66
2024-05-19 20:00:00.000,35.33621699999999,summer weekend,31.66
2024-05-19 21:00:00.000,32.7210135,summer weekend,31.66
2024-05-19 22:00:00.000,30.748053,summer weekend,31.66
2024-05-19 23:00:00.000,31.3665555,summer weekend,31.66
2024-05-20 00:00:00.000,30.310727999999997,summer weekend,31.66
2024-05-20 01:00:00.000,30.821773499999992,summer weekend,31.66
2024-05-20 02:00:00.000,30.741805499999995,summer weekend,31.66
2024-05-20 03:00:00.000,31.006699499999996,summer weekend,31.66
2024-05-20 04:00:00.000,31.412786999999994,summer weekend,31.66
2024-05-20 05:00:00.000,33.069624,summer weekend,31.66
2024-05-20 06:00:00.000,33.190825499999995,summer weekend,31.66
2024-05-20 07:00:00.000,29.011247999999995,summer weekend,27.0
2024-05-20 08:00:00.000,24.083219999999997,summer weekend,27.0
2024-05-20 09:00:00.000,21.5354895,summer weekend,19.7
2024-05-20 10:00:00.000,20.742057,summer weekend,19.7
2024-05-20 11:00:00.000,20.2859895,summer weekend,19.7
2024-05-20 12:00:00.000,19.98486,summer weekend,19.7
2024-05-20 13:00:00.000,19.9475535,summer weekend,19.7
2024-05-20 14:00:00.000,19.9769465,summer weekend,19.7
2024-05-20 15:00:00.000,20.0960655,summer weekend,19.7
2024-05-20 16:00:00.000,28.002901499999997,summer weekend,27.0
2024-05-20 17:00:00.000,30.723063,summer weekend,31.66
2024-05-20 18:00:00.000,34.1829285,summer weekend,31.66
2024-05-20 19:00:00.000,36.965565,summer weekend,31.66
2024-05-20 20:00:00.000,35.020093499999994,summer weekend,31.66
2024-05-20 21:00:00.000,32.058778499999995,summer weekend,31.66
2024-05-20 22:00:00.000,29.963366999999995,summer weekend,31.66
2024-05-20 23:00:00.000,30.163287,summer weekend,31.66
2024-05-21 00:00:00.000,29.53104,summer weekday,30.1
2024-05-21 01:00:00.000,29.507299499999995,summer weekday,30.1
2024-05-21 02:00:00.000,29.720963999999995,summer weekday,30.1
2024-05-21 03:00:00.000,29.3473635,summer weekday,30.1
2024-05-21 04:00:00.000,29.928381,summer weekday,30.1
2024-05-21 05:00:00.000,34.011747,summer weekday,34.9
2024-05-21 06:00:00.000,35.35121099999999,summer weekday,34.9
2024-05-21 07:00:00.000,32.1487425,summer weekday,30.1
2024-05-21 08:00:00.000,30.21326699999999,summer weekday,30.1
2024-05-21 09:00:00.000,28.354011,summer weekday,30.1
2024-05-21 10:00:00.000,26.784638999999995,summer weekday,25.44
2024-05-21 11:00:00.000,23.542186499999996,summer weekday,25.44
2024-05-21 12:00:00.000,23.900793,summer weekday,25.44
2024-05-21 13:00:00.000,26.743405499999994,summer weekday,25.44
2024-05-21 14:00:00.000,28.687627499999994,summer weekday,30.1
2024-05-21 15:00:00.000,29.932129499999995,summer weekday,30.1
2024-05-21 16:00:00.000,30.977960999999997,summer weekday,30.1
2024-05-21 17:00:00.000,32.909688,summer weekday,34.9
2024-05-21 18:00:00.000,35.85101099999999,summer weekday,34.9
2024-05-21 19:00:00.000,32.3636565,summer weekday,30.1
2024-05-21 20:00:00.000,30.428181,summer weekday,30.1
2024-05-21 21:00:00.000,30.361957499999995,summer weekday,30.1
2024-05-21 22:00:00.000,28.220314499999997,summer weekday,30.1
2024-05-21 23:00:00.000,28.7351085,summer weekday,30.1
2024-05-22 00:00:00.000,28.28154,summer weekday,30.1
2024-05-22 01:00:00.000,28.094114999999995,summer weekday,30.1
2024-05-22 02:00:00.000,26.747153999999995,summer weekday,25.44
2024-05-22 03:00:00.000,27.814226999999995,summer weekday,30.1
2024-05-22 04:00:00.000,28.756349999999998,summer weekday,30.1
2024-05-22 05:00:00.000,32.24745299999999,summer weekday,30.1
2024-05-22 06:00:00.000,32.869704,summer weekday,34.9
2024-05-22 07:00:00.000,31.852610999999992,summer weekday,30.1
2024-05-22 08:00:00.000,30.132049499999997,summer weekday,30.1
2024-05-22 09:00:00.000,28.731359999999995,summer weekday,30.1
2024-05-22 10:00:00.000,28.703870999999992,summer weekday,30.1
2024-05-22 11:00:00.000,28.1878275,summer weekday,30.1
2024-05-22 12:00:00.000,27.0957645,summer weekday,25.44
2024-05-22 13:00:00.000,26.999552999999995,summer weekday,25.44
2024-05-22 14:00:00.000,28.3777515,summer weekday,30.1
2024-05-22 15:00:00.000,29.682229499999995,summer weekday,30.1
2024-05-22 16:00:00.000,31.5364875,summer weekday,30.1
2024-05-22 17:00:00.000,32.477360999999995,summer weekday,30.1
2024-05-22 18:00:00.000,38.355009,summer weekday,34.9
2024-05-22 19:00:00.000,39.337116,summer weekday,34.9
2024-05-22 20:00:00.000,36.97681049999999,summer weekday,34.9
2024-05-22 21:00:00.000,33.44322449999999,summer weekday,34.9
2024-05-22 22:00:00.000,31.632698999999995,summer weekday,30.1
2024-05-22 23:00:00.000,29.8896465,summer weekday,30.1
2024-05-23 00:00:00.000,29.787187499999995,summer weekday,30.1
2024-05-23 01:00:00.000,29.3473635,summer weekday,30.1
2024-05-23 02:00:00.000,29.566026,summer weekday,30.1
2024-05-23 03:00:00.000,29.8121775,summer weekday,30.1
2024-05-23 04:00:00.000,30.58062,summer weekday,30.1
2024-05-23 05:00:00.000,33.476961,summer weekday,34.9
2024-05-23 06:00:00.000,34.728959999999994,summer weekday,34.9
2024-05-23 07:00:00.000,32.209968,summer weekday,30.1
2024-05-23 08:00:00.000,29.4373275,summer weekday,30.1
2024-05-23 09:00:00.000,29.3423655,summer weekday,30.1
2024-05-23 10:00:00.000,27.994155,summer weekday,30.1
2024-05-23 11:00:00.000,26.544735,summer weekday,25.44
2024-05-23 12:00:00.000,25.6463445,summer weekday,25.44
2024-05-23 13:00:00.000,27.104510999999995,summer weekday,25.44
2024-05-23 14:00:00.000,28.906289999999995,summer weekday,30.1
2024-05-23 15:00:00.000,30.451921499999997,summer weekday,30.1
2024-05-23 16:00:00.000,32.060028,summer weekday,30.1
2024-05-23 17:00:00.000,33.9155355,summer weekday,34.9
2024-05-23 18:00:00.000,39.512046,summer weekday,34.9
2024-05-23 19:00:00.000,42.483357,summer weekday,34.9
2024-05-23 20:00:00.000,39.474561,summer weekday,34.9
2024-05-23 21:00:00.000,35.7473025,summer weekday,34.9
2024-05-23 22:00:00.000,33.108358499999994,summer weekday,34.9
2024-05-23 23:00:00.000,32.87595149999999,summer weekday,34.9
2024-05-24 00:00:00.000,31.745154,summer weekday,30.1
2024-05-24 01:00:00.000,31.204120499999995,summer weekday,30.1
2024-05-24 02:00:00.000,31.007948999999996,summer weekday,30.1
2024-05-24 03:00:00.000,31.455269999999995,summer weekday,30.1
2024-05-24 04:00:00.000,32.88344849999999,summer weekday,34.9
2024-05-24 05:00:00.000,35.458668,summer weekday,34.9
2024-05-24 06:00:00.000,35.237506499999995,summer weekday,34.9
2024-05-24 07:00:00.000,34.466565,summer weekday,34.9
2024-05-24 08:00:00.000,33.24205499999999,summer weekday,34.9
2024-05-24 09:00:00.000,32.00005199999999,summer weekday,30.1
2024-05-24 10:00:00.000,31.2391065,summer weekday,30.1
2024-05-24 11:00:00.000,31.102910999999995,summer weekday,30.1
2024-05-24 12:00:00.000,30.947973,summer weekday,30.1
2024-05-24 13:00:00.000,30.995453999999995,summer weekday,30.1
2024-05-24 14:00:00.000,31.002951,summer weekday,30.1
2024-05-24 15:00:00.000,30.5143965,summer weekday,30.1
2024-05-24 16:00:00.000,32.328670499999994,summer weekday,30.1
2024-05-24 17:00:00.000,33.950521499999994,summer weekday,34.9
2024-05-24 18:00:00.000,36.2271105,summer weekday,34.9
2024-05-24 19:00:00.000,35.60361,summer weekday,34.9
2024-05-24 20:00:00.000,34.459067999999995,summer weekday,34.9
2024-05-24 21:00:00.000,33.6881265,summer weekday,34.9
2024-05-24 22:00:00.000,32.45986799999999,summer weekday,30.1
2024-05-24 23:00:00.000,31.840115999999995,summer weekday,30.1
2024-05-25 00:00:00.000,31.4590185,summer weekend,31.66
2024-05-25 01:00:00.000,31.284088499999992,summer weekend,31.66
2024-05-25 02:00:00.000,31.125401999999998,summer weekend,31.66
2024-05-25 03:00:00.000,31.1091585,summer weekend,31.66
2024-05-25 04:00:00.000,31.262846999999997,summer weekend,31.66
2024-05-25 05:00:00.000,31.315326,summer weekend,31.66
2024-05-25 06:00:00.000,30.7592985,summer weekend,31.66
2024-05-25 07:00:00.000,29.803430999999996,summer weekend,31.66
2024-05-25 08:00:00.000,29.324872499999994,summer weekend,27.0
2024-05-25 09:00:00.000,26.7608985,summer weekend,27.0
2024-05-25 10:00:00.000,21.151893,summer weekend,19.7
2024-05-25 11:00:00.000,20.389698,summer weekend,19.7
2024-05-25 12:00:00.000,19.989858,summer weekend,19.7
2024-05-25 13:00:00.000,19.98486,summer weekend,19.7
2024-05-25 14:00:00.000,19.987359,summer weekend,19.7
2024-05-25 15:00:00.000,21.76289849999999,summer weekend,19.7
2024-05-25 16:00:00.000,29.486058,summer weekend,31.66
2024-05-25 17:00:00.000,32.0087985,summer weekend,31.66
2024-05-25 18:00:00.000,34.450321499999994,summer weekend,31.66
2024-05-25 19:00:00.000,36.468264,summer weekend,31.66
2024-05-25 20:00:00.000,37.09676249999999,summer weekend,31.66
2024-05-25 21:00:00.000,34.450321499999994,summer weekend,31.66
2024-05-25 22:00:00.000,33.047132999999995,summer weekend,31.66
2024-05-25 23:00:00.000,33.399491999999995,summer weekend,31.66
2024-05-26 00:00:00.000,32.267444999999995,summer weekend,31.66
2024-05-26 01:00:00.000,31.3265715,summer weekend,31.66
2024-05-26 02:00:00.000,31.242854999999995,summer weekend,31.66
2024-05-26 03:00:00.000,31.375301999999994,summer weekend,31.66
2024-05-26 04:00:00.000,31.056679499999998,summer weekend,31.66
2024-05-26 05:00:00.000,30.4169355,summer weekend,31.66
2024-05-26 06:00:00.000,28.968765,summer weekend,27.0
2024-05-26 07:00:00.000,21.6404475,summer weekend,19.7
2024-05-26 08:00:00.000,19.987359,summer weekend,19.7
2024-05-26 09:00:00.000,19.98486,summer weekend,19.7
2024-05-26 10:00:00.000,19.9746855,summer weekend,19.7
2024-05-26 11:00:00.000,19.745194,summer weekend,19.7
2024-05-26 12:00:00.000,18.779747,summer weekend,19.7
2024-05-26 13:00:00.000,17.285226,summer weekend,19.7
2024-05-26 14:00:00.000,18.8645345,summer weekend,19.7
2024-05-26 15:00:00.000,19.91703,summer weekend,19.7
2024-05-26 16:00:00.000,27.107009999999995,summer weekend,27.0
2024-05-26 17:00:00.000,31.637697,summer weekend,31.66
2024-05-26 18:00:00.000,34.738955999999995,summer weekend,31.66
2024-05-26 19:00:00.000,34.82142299999999,summer weekend,31.66
2024-05-26 20:00:00.000,35.116305,summer weekend,31.66
2024-05-26 21:00:00.000,33.347013,summer weekend,31.66
2024-05-26 22:00:00.000,30.917984999999994,summer weekend,31.66
2024-05-26 23:00:00.000,29.773442999999997,summer weekend,31.66
2024-05-27 00:00:00.000,29.364856499999995,summer weekday,30.1
2024-05-27 01:00:00.000,29.286137999999998,summer weekday,30.1
2024-05-27 02:00:00.000,29.284888499999997,summer weekday,30.1
2024-05-27 03:00:00.000,29.7147165,summer weekday,30.1
2024-05-27 04:00:00.000,30.485658,summer weekday,30.1
2024-05-27 05:00:00.000,34.096713,summer weekday,34.9
2024-05-27 06:00:00.000,36.07092299999999,summer weekday,34.9
2024-05-27 07:00:00.000,35.54738249999999,summer weekday,34.9
2024-05-27 08:00:00.000,33.381999,summer weekday,34.9
2024-05-27 09:00:00.000,31.035437999999992,summer weekday,30.1
2024-05-27 10:00:00.000,30.763047,summer weekday,30.1
2024-05-27 11:00:00.000,29.648493,summer weekday,30.1
2024-05-27 12:00:00.000,29.288636999999994,summer weekday,30.1
2024-05-27 13:00:00.000,29.101211999999997,summer weekday,30.1
2024-05-27 14:00:00.000,29.703471,summer weekday,30.1
2024-05-27 15:00:00.000,30.563127,summer weekday,30.1
2024-05-27 16:00:00.000,33.859308,summer weekday,34.9
2024-05-27 17:00:00.000,36.40329,summer weekday,34.9
2024-05-27 18:00:00.000,43.31052599999999,summer weekday,34.9
2024-05-27 19:00:00.000,47.65628699999999,summer weekday,34.9
2024-05-27 20:00:00.000,41.20886699999999,summer weekday,34.9
2024-05-27 21:00:00.000,36.40329,summer weekday,34.9
2024-05-27 22:00:00.000,34.201671,summer weekday,34.9
2024-05-27 23:00:00.000,32.202471,summer weekday,30.1
2024-05-28 00:00:00.000,31.292835,summer weekday,30.1
2024-05-28 01:00:00.000,30.935478,summer weekday,30.1
2024-05-28 02:00:00.000,30.633098999999994,summer weekday,30.1
2024-05-28 03:00:00.000,30.475661999999996,summer weekday,30.1
2024-05-28 04:00:00.000,30.985458,summer weekday,30.1
2024-05-28 05:00:00.000,33.771843,summer weekday,34.9
2024-05-28 06:00:00.000,34.99135499999999,summer weekday,34.9
2024-05-28 07:00:00.000,32.7584985,summer weekday,34.9
2024-05-28 08:00:00.000,30.6593385,summer weekday,30.1
2024-05-28 09:00:00.000,29.046233999999995,summer weekday,30.1
2024-05-28 10:00:00.000,28.627651499999995,summer weekday,30.1
2024-05-28 11:00:00.000,27.619305,summer weekday,25.44
2024-05-28 12:00:00.000,26.888347499999995,summer weekday,25.44
2024-05-28 13:00:00.000,26.89084649999999,summer weekday,25.44
2024-05-28 14:00:00.000,28.189077,summer weekday,30.1
2024-05-28 15:00:00.000,29.046233999999995,summer weekday,30.1
2024-05-28 16:00:00.000,30.705569999999994,summer weekday,30.1
2024-05-28 17:00:00.000,32.764745999999995,summer weekday,34.9
2024-05-28 18:00:00.000,36.2346075,summer weekday,34.9
2024-05-28 19:00:00.000,38.0163945,summer weekday,34.9
2024-05-28 20:00:00.000,35.47865999999999,summer weekday,34.9
2024-05-28 21:00:00.000,32.4911055,summer weekday,30.1
2024-05-28 22:00:00.000,31.077921,summer weekday,30.1
2024-05-28 23:00:00.000,29.008748999999995,summer weekday,30.1
2024-05-29 00:00:00.000,27.174482999999995,summer weekday,25.44
2024-05-29 01:00:00.000,26.767146,summer weekday,25.44
2024-05-29 02:00:00.000,26.306080499999997,summer weekday,25.44
2024-05-29 03:00:00.000,26.2111185,summer weekday,25.44
2024-05-29 04:00:00.000,25.721314499999995,summer weekday,25.44
2024-05-29 05:00:00.000,29.0000025,summer weekday,30.1
2024-05-29 06:00:00.000,30.7867875,summer weekday,30.1
2024-05-29 07:00:00.000,31.420283999999995,summer weekday,30.1
2024-05-29 08:00:00.000,28.620154499999995,summer weekday,30.1
2024-05-29 09:00:00.000,28.4627175,summer weekday,30.1
2024-05-29 10:00:00.000,27.746754,summer weekday,25.44
2024-05-29 11:00:00.000,27.365656499999996,summer weekday,25.44
2024-05-29 12:00:00.000,27.762997499999997,summer weekday,25.44
2024-05-29 13:00:00.000,27.754251,summer weekday,25.44
2024-05-29 14:00:00.000,28.6676355,summer weekday,30.1
2024-05-29 15:00:00.000,29.0649765,summer weekday,30.1
2024-05-29 16:00:00.000,31.134148499999995,summer weekday,30.1
2024-05-29 17:00:00.000,31.812627,summer weekday,30.1
2024-05-29 18:00:00.000,33.909288,summer weekday,34.9
2024-05-29 19:00:00.000,37.540335,summer weekday,34.9
2024-05-29 20:00:00.000,37.885197,summer weekday,34.9
2024-05-29 21:00:00.000,35.027590499999995,summer weekday,34.9
2024-05-29 22:00:00.000,31.9213335,summer weekday,30.1
2024-05-29 23:00:00.000,32.5335885,summer weekday,34.9
2024-05-30 00:00:00.000,32.00505,summer weekend,31.66
2024-05-30 01:00:00.000,31.381549499999995,summer weekend,31.66
2024-05-30 02:00:00.000,31.683928499999997,summer weekend,31.66
2024-05-30 03:00:00.000,31.800131999999994,summer weekend,31.66
2024-05-30 04:00:00.000,32.5785705,summer weekend,31.66
2024-05-30 05:00:00.000,32.900941499999995,summer weekend,31.66
2024-05-30 06:00:00.000,33.31327649999999,summer weekend,31.66
2024-05-30 07:00:00.000,32.193724499999995,summer weekend,31.66
2024-05-30 08:00:00.000,31.717665,summer weekend,31.66
2024-05-30 09:00:00.000,30.605609999999995,summer weekend,31.66
2024-05-30 10:00:00.000,29.98086,summer weekend,31.66
2024-05-30 11:00:00.000,28.846314,summer weekend,27.0
2024-05-30 12:00:00.000,27.8529615,summer weekend,27.0
2024-05-30 13:00:00.000,27.8529615,summer weekend,27.0
2024-05-30 14:00:00.000,28.442725499999995,summer weekend,27.0
2024-05-30 15:00:00.000,30.449422499999997,summer weekend,31.66
2024-05-30 16:00:00.000,31.246603499999992,summer weekend,31.66
2024-05-30 17:00:00.000,33.813076499999994,summer weekend,31.66
2024-05-30 18:00:00.000,36.8818485,summer weekend,31.66
2024-05-30 19:00:00.000,39.3183735,summer weekend,31.66
2024-05-30 20:00:00.000,37.90893749999999,summer weekend,31.66
2024-05-30 21:00:00.000,33.9930045,summer weekend,31.66
2024-05-30 22:00:00.000,32.56857449999999,summer weekend,31.66
2024-05-30 23:00:00.000,32.00629949999999,summer weekend,31.66
2024-05-31 00:00:00.000,30.069574499999995,summer weekend,31.66
2024-05-31 01:00:00.000,29.9171355,summer weekend,31.66
2024-05-31 02:00:00.000,29.194924499999992,summer weekend,27.0
2024-05-31 03:00:00.000,29.297383499999995,summer weekend,27.0
2024-05-31 04:00:00.000,31.237857,summer weekend,31.66
2024-05-31 05:00:00.000,33.2632965,summer weekend,31.66
2024-05-31 06:00:00.000,33.6181545,summer weekend,31.66
2024-05-31 07:00:00.000,33.569424,summer weekend,31.66
2024-05-31 08:00:00.000,32.774742,summer weekend,31.66
2024-05-31 09:00:00.000,31.4765115,summer weekend,31.66
2024-05-31 10:00:00.000,30.233259,summer weekend,31.66
2024-05-31 11:00:00.000,29.344864499999996,summer weekend,31.66
2024-05-31 12:00:00.000,28.543934999999998,summer weekend,27.0
2024-05-31 13:00:00.000,28.144095,summer weekend,27.0
2024-05-31 14:00:00.000,28.349013,summer weekend,27.0
2024-05-31 15:00:00.000,29.364856499999995,summer weekend,31.66
2024-05-31 16:00:00.000,30.493154999999994,summer weekend,31.66
2024-05-31 17:00:00.000,31.787636999999997,summer weekend,31.66
2024-05-31 18:00:00.000,33.471962999999995,summer weekend,31.66
2024-05-31 19:00:00.000,34.35410999999999,summer weekend,31.66
2024-05-31 20:00:00.000,33.468214499999995,summer weekend,31.66
2024-05-31 21:00:00.000,32.697273,summer weekend,31.66
2024-05-31 22:00:00.000,30.503150999999992,summer weekend,31.66
2024-05-31 23:00:00.000,31.052931,summer weekend,31.66
2024-06-01 00:00:00.000,31.082919,summer weekend,31.66
2024-06-01 01:00:00.000,29.938377,summer weekend,31.66
2024-06-01 02:00:00.000,28.998752999999997,summer weekend,27.0
2024-06-01 03:00:00.000,28.965016499999997,summer weekend,27.0
2024-06-01 04:00:00.000,28.960018499999997,summer weekend,27.0
2024-06-01 05:00:00.000,29.3811,summer weekend,31.66
2024-06-01 06:00:00.000,29.28114,summer weekend,27.0
2024-06-01 07:00:00.000,29.0424855,summer weekend,27.0
2024-06-01 08:00:00.000,27.650542499999997,summer weekend,27.0
2024-06-01 09:00:00.000,25.877501999999996,summer weekend,27.0
2024-06-01 10:00:00.000,25.215266999999997,summer weekend,27.0
2024-06-01 11:00:00.000,22.635049499999997,summer weekend,19.7
2024-06-01 12:00:00.000,20.914488,summer weekend,19.7
2024-06-01 13:00:00.000,20.349714,summer weekend,19.7
2024-06-01 14:00:00.000,20.70957,summer weekend,19.7
2024-06-01 15:00:00.000,21.60921,summer weekend,19.7
2024-06-01 16:00:00.000,26.492255999999998,summer weekend,27.0
2024-06-01 17:00:00.000,28.418985,summer weekend,27.0
2024-06-01 18:00:00.000,30.218265,summer weekend,31.66
2024-06-01 19:00:00.000,30.713066999999995,summer weekend,31.66
2024-06-01 20:00:00.000,30.200772,summer weekend,31.66
2024-06-01 21:00:00.000,30.540636,summer weekend,31.66
2024-06-01 22:00:00.000,28.1553405,summer weekend,27.0
2024-06-01 23:00:00.000,24.446824499999995,summer weekend,27.0
2024-06-02 00:00:00.000,23.873303999999997,summer weekend,27.0
2024-06-02 01:00:00.000,21.965317499999998,summer weekend,19.7
2024-06-02 02:00:00.000,20.886999,summer weekend,19.7
2024-06-02 03:00:00.000,21.104412,summer weekend,19.7
2024-06-02 04:00:00.000,20.6258535,summer weekend,19.7
2024-06-02 05:00:00.000,20.598364499999995,summer weekend,19.7
2024-06-02 06:00:00.000,20.4984045,summer weekend,19.7
2024-06-02 07:00:00.000,20.1060615,summer weekend,19.7
2024-06-02 08:00:00.000,19.98486,summer weekend,19.7
2024-06-02 09:00:00.000,20.179782,summer weekend,19.7
2024-06-02 10:00:00.000,20.0810715,summer weekend,19.7
2024-06-02 11:00:00.000,19.973555,summer weekend,19.7
2024-06-02 12:00:00.000,19.5315295,summer weekend,19.7
2024-06-02 13:00:00.000,18.183973500000004,summer weekend,19.7
2024-06-02 14:00:00.000,17.771341000000003,summer weekend,19.7
2024-06-02 15:00:00.000,18.969671,summer weekend,19.7
2024-06-02 16:00:00.000,19.8412865,summer weekend,19.7
2024-06-02 17:00:00.000,21.727912499999995,summer weekend,19.7
2024-06-02 18:00:00.000,28.385248499999992,summer weekend,27.0
2024-06-02 19:00:00.000,31.853860499999996,summer weekend,31.66
2024-06-02 20:00:00.000,33.3457635,summer weekend,31.66
2024-06-02 21:00:00.000,33.605659499999994,summer weekend,31.66
2024-06-02 22:00:00.000,32.374902,summer weekend,31.66
2024-06-02 23:00:00.000,32.262446999999995,summer weekend,31.66
2024-06-03 00:00:00.000,30.553131,summer weekday,30.1
2024-06-03 01:00:00.000,30.4394265,summer weekday,30.1
2024-06-03 02:00:00.000,30.4569195,summer weekday,30.1
2024-06-03 03:00:00.000,30.252001499999995,summer weekday,30.1
2024-06-03 04:00:00.000,32.0013015,summer weekday,30.1
2024-06-03 05:00:00.000,36.638196,summer weekday,34.9
2024-06-03 06:00:00.000,44.10770699999999,summer weekday,34.9
2024-06-03 07:00:00.000,40.536636,summer weekday,34.9
2024-06-03 08:00:00.000,35.988456,summer weekday,34.9
2024-06-03 09:00:00.000,32.3611575,summer weekday,30.1
2024-06-03 10:00:00.000,31.967565,summer weekday,30.1
2024-06-03 11:00:00.000,30.1170555,summer weekday,30.1
2024-06-03 12:00:00.000,29.343615,summer weekday,30.1
2024-06-03 13:00:00.000,28.393995,summer weekday,30.1
2024-06-03 14:00:00.000,28.983759,summer weekday,30.1
2024-06-03 15:00:00.000,29.73096,summer weekday,30.1
2024-06-03 16:00:00.000,33.2233125,summer weekday,34.9
2024-06-03 17:00:00.000,35.893494,summer weekday,34.9
2024-06-03 18:00:00.000,42.8394645,summer weekday,34.9
2024-06-03 19:00:00.000,46.88409599999999,summer weekday,34.9
2024-06-03 20:00:00.000,44.82367049999999,summer weekday,34.9
2024-06-03 21:00:00.000,38.6386455,summer weekday,34.9
2024-06-03 22:00:00.000,34.484058,summer weekday,34.9
2024-06-03 23:00:00.000,33.3382665,summer weekday,34.9
2024-06-04 00:00:00.000,32.477360999999995,summer weekday,30.1
2024-06-04 01:00:00.000,31.907588999999994,summer weekday,30.1
2024-06-04 02:00:00.000,31.597712999999995,summer weekday,30.1
2024-06-04 03:00:00.000,31.511497499999997,summer weekday,30.1
2024-06-04 04:00:00.000,33.0658755,summer weekday,34.9
2024-06-04 05:00:00.000,40.22676,summer weekday,34.9
2024-06-04 06:00:00.000,42.183477,summer weekday,34.9
2024-06-04 07:00:00.000,37.68777599999999,summer weekday,34.9
2024-06-04 08:00:00.000,34.025491499999994,summer weekday,34.9
2024-06-04 09:00:00.000,31.430279999999996,summer weekday,30.1
2024-06-04 10:00:00.000,30.144544499999995,summer weekday,30.1
2024-06-04 11:00:00.000,28.398992999999997,summer weekday,30.1
2024-06-04 12:00:00.000,26.89084649999999,summer weekday,25.44
2024-06-04 13:00:00.000,25.465166999999997,summer weekday,25.44
2024-06-04 14:00:00.000,25.865007,summer weekday,25.44
2024-06-04 15:00:00.000,27.985408499999995,summer weekday,30.1
2024-06-04 16:00:00.000,30.590616,summer weekday,30.1
2024-06-04 17:00:00.000,34.506549,summer weekday,34.9
2024-06-04 18:00:00.000,42.073521,summer weekday,34.9
2024-06-04 19:00:00.000,49.41308399999999,summer weekday,34.9
2024-06-04 20:00:00.000,37.562826,summer weekday,34.9
2024-06-04 21:00:00.000,33.396992999999995,summer weekday,34.9
2024-06-04 22:00:00.000,29.457319499999997,summer weekday,30.1
2024-06-04 23:00:00.000,27.088267499999997,summer weekday,25.44
2024-06-05 00:00:00.000,25.473913499999995,summer weekday,25.44
2024-06-05 01:00:00.000,25.551382499999995,summer weekday,25.44
2024-06-05 02:00:00.000,26.2386075,summer weekday,25.44
2024-06-05 03:00:00.000,25.993705499999997,summer weekday,25.44
2024-06-05 04:00:00.000,28.8800505,summer weekday,30.1
2024-06-05 05:00:00.000,32.9234325,summer weekday,34.9
2024-06-05 06:00:00.000,37.82272199999999,summer weekday,34.9
2024-06-05 07:00:00.000,34.094213999999994,summer weekday,34.9
2024-06-05 08:00:00.000,30.500651999999995,summer weekday,30.1
2024-06-05 09:00:00.000,28.7226135,summer weekday,30.1
2024-06-05 10:00:00.000,27.735508499999995,summer weekday,25.44
2024-06-05 11:00:00.000,26.03244,summer weekday,25.44
2024-06-05 12:00:00.000,23.7546015,summer weekday,25.44
2024-06-05 13:00:00.000,23.271044999999997,summer weekday,25.44
2024-06-05 14:00:00.000,23.740856999999995,summer weekday,25.44
2024-06-05 15:00:00.000,27.802981499999994,summer weekday,30.1
2024-06-05 16:00:00.000,30.0345885,summer weekday,30.1
2024-06-05 17:00:00.000,33.1158555,summer weekday,34.9
2024-06-05 18:00:00.000,35.84976149999999,summer weekday,34.9
2024-06-05 19:00:00.000,39.464565,summer weekday,34.9
2024-06-05 20:00:00.000,39.729459,summer weekday,34.9
2024-06-05 21:00:00.000,37.6615365,summer weekday,34.9
2024-06-05 22:00:00.000,33.22831049999999,summer weekday,34.9
2024-06-05 23:00:00.000,31.635198,summer weekday,30.1
2024-06-06 00:00:00.000,31.220364,summer weekday,30.1
2024-06-06 01:00:00.000,30.713066999999995,summer weekday,30.1
2024-06-06 02:00:00.000,30.649342499999992,summer weekday,30.1
2024-06-06 03:00:00.000,31.011697499999997,summer weekday,30.1
2024-06-06 04:00:00.000,32.3511615,summer weekday,30.1
2024-06-06 05:00:00.000,35.466165,summer weekday,34.9
2024-06-06 06:00:00.000,35.968464,summer weekday,34.9
2024-06-06 07:00:00.000,32.08376849999999,summer weekday,30.1
2024-06-06 08:00:00.000,28.967515499999998,summer weekday,30.1
2024-06-06 09:00:00.000,27.206969999999995,summer weekday,25.44
2024-06-06 10:00:00.000,23.764597499999997,summer weekday,25.44
2024-06-06 11:00:00.000,23.024893499999997,summer weekday,25.44
2024-06-06 12:00:00.000,22.421384999999997,summer weekday,25.44
2024-06-06 13:00:00.000,23.012398499999996,summer weekday,25.44
2024-06-06 14:00:00.000,24.6892275,summer weekday,25.44
2024-06-06 15:00:00.000,27.7455045,summer weekday,25.44
2024-06-06 16:00:00.000,30.064576499999998,summer weekday,30.1
2024-06-06 17:00:00.000,31.220364,summer weekday,30.1
2024-06-06 18:00:00.000,34.44032549999999,summer weekday,34.9
2024-06-06 19:00:00.000,40.474161,summer weekday,34.9
2024-06-06 20:00:00.000,40.94147399999999,summer weekday,34.9
2024-06-06 21:00:00.000,36.5344875,summer weekday,34.9
2024-06-06 22:00:00.000,33.02839049999999,summer weekday,34.9
2024-06-06 23:00:00.000,32.60480999999999,summer weekday,34.9
2024-06-07 00:00:00.000,31.9963035,summer weekday,30.1
2024-06-07 01:00:00.000,31.442774999999997,summer weekday,30.1
2024-06-07 02:00:00.000,30.9217335,summer weekday,30.1
2024-06-07 03:00:00.000,30.5118975,summer weekday,30.1
2024-06-07 04:00:00.000,31.467764999999996,summer weekday,30.1
2024-06-07 05:00:00.000,34.22291249999999,summer weekday,34.9
2024-06-07 06:00:00.000,34.86015749999999,summer weekday,34.9
2024-06-07 07:00:00.000,32.824721999999994,summer weekday,34.9
2024-06-07 08:00:00.000,29.800931999999992,summer weekday,30.1
2024-06-07 09:00:00.000,27.564326999999995,summer weekday,25.44
2024-06-07 10:00:00.000,25.156540499999995,summer weekday,25.44
2024-06-07 11:00:00.000,24.221914499999997,summer weekday,25.44
2024-06-07 12:00:00.000,23.153592,summer weekday,25.44
2024-06-07 13:00:00.000,22.1602395,summer weekday,25.44
2024-06-07 14:00:00.000,21.619206,summer weekday,25.44
2024-06-07 15:00:00.000,23.179831499999995,summer weekday,25.44
2024-06-07 16:00:00.000,28.051631999999994,summer weekday,30.1
2024-06-07 17:00:00.000,30.6318495,summer weekday,30.1
2024-06-07 18:00:00.000,36.050931,summer weekday,34.9
2024-06-07 19:00:00.000,39.32087249999999,summer weekday,34.9
2024-06-07 20:00:00.000,39.2084175,summer weekday,34.9
2024-06-07 21:00:00.000,35.83851599999999,summer weekday,34.9
2024-06-07 22:00:00.000,32.1612375,summer weekday,30.1
2024-06-07 23:00:00.000,32.274942,summer weekday,30.1
2024-06-08 00:00:00.000,31.235358,summer weekend,31.66
2024-06-08 01:00:00.000,30.394444499999995,summer weekend,31.66
2024-06-08 02:00:00.000,30.421933499999994,summer weekend,31.66
2024-06-08 03:00:00.000,29.935877999999995,summer weekend,31.66
2024-06-08 04:00:00.000,30.2445045,summer weekend,31.66
2024-06-08 05:00:00.000,29.903391,summer weekend,31.66
2024-06-08 06:00:00.000,27.834218999999997,summer weekend,27.0
2024-06-08 07:00:00.000,25.25775,summer weekend,27.0
2024-06-08 08:00:00.000,21.514248,summer weekend,19.7
2024-06-08 09:00:00.000,19.9701635,summer weekend,19.7
2024-06-08 10:00:00.000,19.7282365,summer weekend,19.7
2024-06-08 11:00:00.000,18.824967,summer weekend,19.7
2024-06-08 12:00:00.000,17.305575,summer weekend,19.7
2024-06-08 13:00:00.000,16.5899685,summer weekend,19.7
2024-06-08 14:00:00.000,17.653769,summer weekend,19.7
2024-06-08 15:00:00.000,19.0521975,summer weekend,19.7
2024-06-08 16:00:00.000,19.9861095,summer weekend,19.7
2024-06-08 17:00:00.000,25.5963645,summer weekend,27.0
2024-06-08 18:00:00.000,28.586417999999995,summer weekend,27.0
2024-06-08 19:00:00.000,32.394893999999994,summer weekend,31.66
2024-06-08 20:00:00.000,31.6064595,summer weekend,31.66
2024-06-08 21:00:00.000,32.479859999999995,summer weekend,31.66
2024-06-08 22:00:00.000,29.829670499999995,summer weekend,31.66
2024-06-08 23:00:00.000,29.266146,summer weekend,27.0
2024-06-09 00:00:00.000,27.9304305,summer weekend,27.0
2024-06-09 01:00:00.000,25.297733999999995,summer weekend,27.0
2024-06-09 02:00:00.000,21.930331499999998,summer weekend,19.7
2024-06-09 03:00:00.000,22.257700499999995,summer weekend,19.7
2024-06-09 04:00:00.000,21.429282,summer weekend,19.7
2024-06-09 05:00:00.000,21.03444,summer weekend,19.7
2024-06-09 06:00:00.000,20.262249,summer weekend,19.7
2024-06-09 07:00:00.000,19.975816,summer weekend,19.7
2024-06-09 08:00:00.000,19.7576295,summer weekend,19.7
2024-06-09 09:00:00.000,19.12568,summer weekend,19.7
2024-06-09 10:00:00.000,18.28911,summer weekend,19.7
2024-06-09 11:00:00.000,17.158610000000003,summer weekend,19.7
2024-06-09 12:00:00.000,16.2892555,summer weekend,19.7
2024-06-09 13:00:00.000,15.786183,summer weekend,19.7
2024-06-09 14:00:00.000,16.742586000000003,summer weekend,19.7
2024-06-09 15:00:00.000,19.324648,summer weekend,19.7
2024-06-09 16:00:00.000,19.928335,summer weekend,19.7
2024-06-09 17:00:00.000,25.327721999999994,summer weekend,27.0
2024-06-09 18:00:00.000,32.0862675,summer weekend,31.66
2024-06-09 19:00:00.000,34.461566999999995,summer weekend,31.66
2024-06-09 20:00:00.000,33.884297999999994,summer weekend,31.66
2024-06-09 21:00:00.000,33.531938999999994,summer weekend,31.66
2024-06-09 22:00:00.000,32.1312495,summer weekend,31.66
2024-06-09 23:00:00.000,29.226161999999995,summer weekend,27.0
2024-06-10 00:00:00.000,28.9300305,summer weekday,30.1
2024-06-10 01:00:00.000,28.5726735,summer weekday,30.1
2024-06-10 02:00:00.000,28.515196499999995,summer weekday,30.1
2024-06-10 03:00:00.000,28.60641,summer weekday,30.1
2024-06-10 04:00:00.000,29.770944,summer weekday,30.1
2024-06-10 05:00:00.000,34.65399,summer weekday,34.9
2024-06-10 06:00:00.000,43.12310099999999,summer weekday,34.9
2024-06-10 07:00:00.000,38.2537995,summer weekday,34.9
2024-06-10 08:00:00.000,33.385747499999994,summer weekday,34.9
2024-06-10 09:00:00.000,31.162886999999994,summer weekday,30.1
2024-06-10 10:00:00.000,30.610608,summer weekday,30.1
2024-06-10 11:00:00.000,29.268645,summer weekday,30.1
2024-06-10 12:00:00.000,29.179930499999998,summer weekday,30.1
2024-06-10 13:00:00.000,28.365256499999997,summer weekday,30.1
2024-06-10 14:00:00.000,28.216566,summer weekday,30.1
2024-06-10 15:00:00.000,28.731359999999995,summer weekday,30.1
2024-06-10 16:00:00.000,30.130799999999997,summer weekday,30.1
2024-06-10 17:00:00.000,32.2961835,summer weekday,30.1
2024-06-10 18:00:00.000,34.802680499999994,summer weekday,34.9
2024-06-10 19:00:00.000,35.5348875,summer weekday,34.9
2024-06-10 20:00:00.000,34.14419399999999,summer weekday,34.9
2024-06-10 21:00:00.000,32.2811895,summer weekday,30.1
2024-06-10 22:00:00.000,29.700972,summer weekday,30.1
2024-06-10 23:00:00.000,27.490606499999995,summer weekday,25.44
2024-06-11 00:00:00.000,27.102011999999995,summer weekday,25.44
2024-06-11 01:00:00.000,27.850462499999995,summer weekday,30.1
2024-06-11 02:00:00.000,26.959568999999995,summer weekday,25.44
2024-06-11 03:00:00.000,27.489356999999995,summer weekday,25.44
2024-06-11 04:00:00.000,27.370654499999997,summer weekday,25.44
2024-06-11 05:00:00.000,30.209518499999994,summer weekday,30.1
2024-06-11 06:00:00.000,32.512347,summer weekday,34.9
2024-06-11 07:00:00.000,31.41778499999999,summer weekday,30.1
2024-06-11 08:00:00.000,28.515196499999995,summer weekday,30.1
2024-06-11 09:00:00.000,26.222364,summer weekday,25.44
2024-06-11 10:00:00.000,23.999503499999992,summer weekday,25.44
2024-06-11 11:00:00.000,21.374304,summer weekday,25.44
2024-06-11 12:00:00.000,20.079822,summer weekday,25.44
2024-06-11 13:00:00.000,19.98486,summer weekday,25.44
2024-06-11 14:00:00.000,19.9886085,summer weekday,25.44
2024-06-11 15:00:00.000,21.720415499999994,summer weekday,25.44
2024-06-11 16:00:00.000,26.89084649999999,summer weekday,25.44
2024-06-11 17:00:00.000,28.937527499999995,summer weekday,30.1
2024-06-11 18:00:00.000,32.479859999999995,summer weekday,30.1
2024-06-11 19:00:00.000,35.933477999999994,summer weekday,34.9
2024-06-11 20:00:00.000,35.2749915,summer weekday,34.9
2024-06-11 21:00:00.000,33.322022999999994,summer weekday,34.9
2024-06-11 22:00:00.000,31.332819,summer weekday,30.1
2024-06-11 23:00:00.000,31.086667499999997,summer weekday,30.1
2024-06-12 00:00:00.000,30.649342499999992,summer weekday,30.1
2024-06-12 01:00:00.000,30.0170955,summer weekday,30.1
2024-06-12 02:00:00.000,30.2445045,summer weekday,30.1
2024-06-12 03:00:00.000,30.744304499999995,summer weekday,30.1
2024-06-12 04:00:00.000,31.811377499999995,summer weekday,30.1
2024-06-12 05:00:00.000,35.57112299999999,summer weekday,34.9
2024-06-12 06:00:00.000,37.02804,summer weekday,34.9
2024-06-12 07:00:00.000,34.306628999999994,summer weekday,34.9
2024-06-12 08:00:00.000,29.8121775,summer weekday,30.1
2024-06-12 09:00:00.000,28.0054005,summer weekday,30.1
2024-06-12 10:00:00.000,27.231959999999997,summer weekday,25.44
2024-06-12 11:00:00.000,25.2440055,summer weekday,25.44
2024-06-12 12:00:00.000,25.072824,summer weekday,25.44
2024-06-12 13:00:00.000,24.942875999999995,summer weekday,25.44
2024-06-12 14:00:00.000,25.650092999999995,summer weekday,25.44
2024-06-12 15:00:00.000,27.856709999999996,summer weekday,30.1
2024-06-12 16:00:00.000,30.130799999999997,summer weekday,30.1
2024-06-12 17:00:00.000,32.473612499999994,summer weekday,30.1
2024-06-12 18:00:00.000,36.94057499999999,summer weekday,34.9
2024-06-12 19:00:00.000,39.269643,summer weekday,34.9
2024-06-12 20:00:00.000,39.30962699999999,summer weekday,34.9
2024-06-12 21:00:00.000,36.33831599999999,summer weekday,34.9
2024-06-12 22:00:00.000,33.36325649999999,summer weekday,34.9
2024-06-12 23:00:00.000,32.35491,summer weekday,30.1
2024-06-13 00:00:00.000,31.637697,summer weekday,30.1
2024-06-13 01:00:00.000,30.5044005,summer weekday,30.1
2024-06-13 02:00:00.000,30.6318495,summer weekday,30.1
2024-06-13 03:00:00.000,30.459418499999995,summer weekday,30.1
2024-06-13 04:00:00.000,32.349912,summer weekday,30.1
2024-06-13 05:00:00.000,35.27998949999999,summer weekday,34.9
2024-06-13 06:00:00.000,36.3645555,summer weekday,34.9
2024-06-13 07:00:00.000,34.35660899999999,summer weekday,34.9
2024-06-13 08:00:00.000,30.455669999999994,summer weekday,30.1
2024-06-13 09:00:00.000,28.6076595,summer weekday,30.1
2024-06-13 10:00:00.000,27.695524499999998,summer weekday,25.44
2024-06-13 11:00:00.000,26.652191999999992,summer weekday,25.44
2024-06-13 12:00:00.000,25.852512,summer weekday,25.44
2024-06-13 13:00:00.000,25.401442499999995,summer weekday,25.44
2024-06-13 14:00:00.000,26.699673,summer weekday,25.44
2024-06-13 15:00:00.000,29.658489,summer weekday,30.1
2024-06-13 16:00:00.000,29.990855999999997,summer weekday,30.1
2024-06-13 17:00:00.000,33.3432645,summer weekday,34.9
2024-06-13 18:00:00.000,37.435377,summer weekday,34.9
2024-06-13 19:00:00.000,43.5191925,summer weekday,34.9
2024-06-13 20:00:00.000,40.456668,summer weekday,34.9
2024-06-13 21:00:00.000,33.52569149999999,summer weekday,34.9
2024-06-13 22:00:00.000,30.628101,summer weekday,30.1
2024-06-13 23:00:00.000,30.371953499999996,summer weekday,30.1
2024-06-14 00:00:00.000,28.9125375,summer weekday,30.1
2024-06-14 01:00:00.000,27.972913499999997,summer weekday,30.1
2024-06-14 02:00:00.000,27.423133499999995,summer weekday,25.44
2024-06-14 03:00:00.000,26.959568999999995,summer weekday,25.44
2024-06-14 04:00:00.000,28.009149,summer weekday,30.1
2024-06-14 05:00:00.000,30.606859499999995,summer weekday,30.1
2024-06-14 06:00:00.000,32.5985625,summer weekday,34.9
2024-06-14 07:00:00.000,33.103360499999994,summer weekday,34.9
2024-06-14 08:00:00.000,32.797233,summer weekday,34.9
2024-06-14 09:00:00.000,30.25325099999999,summer weekday,30.1
2024-06-14 10:00:00.000,28.493955,summer weekday,30.1
2024-06-14 11:00:00.000,27.591815999999994,summer weekday,25.44
2024-06-14 12:00:00.000,25.914987,summer weekday,25.44
2024-06-14 13:00:00.000,25.075322999999997,summer weekday,25.44
2024-06-14 14:00:00.000,25.107809999999997,summer weekday,25.44
2024-06-14 15:00:00.000,27.5205945,summer weekday,25.44
2024-06-14 16:00:00.000,29.356109999999997,summer weekday,30.1
2024-06-14 17:00:00.000,31.352811,summer weekday,30.1
2024-06-14 18:00:00.000,36.97805999999999,summer weekday,34.9
2024-06-14 19:00:00.000,35.89224449999999,summer weekday,34.9
2024-06-14 20:00:00.000,34.619004,summer weekday,34.9
2024-06-14 21:00:00.000,30.4069395,summer weekday,30.1
2024-06-14 22:00:00.000,27.409389,summer weekday,25.44
2024-06-14 23:00:00.000,27.566825999999992,summer weekday,25.44
2024-06-15 00:00:00.000,25.112808,summer weekend,27.0
2024-06-15 01:00:00.000,23.7296115,summer weekend,27.0
2024-06-15 02:00:00.000,23.590917,summer weekend,27.0
2024-06-15 03:00:00.000,22.7974845,summer weekend,19.7
2024-06-15 04:00:00.000,21.239358,summer weekend,19.7
2024-06-15 05:00:00.000,20.177283,summer weekend,19.7
2024-06-15 06:00:00.000,19.996105499999995,summer weekend,19.7
2024-06-15 07:00:00.000,19.98486,summer weekend,19.7
2024-06-15 08:00:00.000,19.978077,summer weekend,19.7
2024-06-15 09:00:00.000,18.845316000000004,summer weekend,19.7
2024-06-15 10:00:00.000,16.701888,summer weekend,19.7
2024-06-15 11:00:00.000,14.906654,summer weekend,19.7
2024-06-15 12:00:00.000,12.584607,summer weekend,19.7
2024-06-15 13:00:00.000,10.939729499999997,summer weekend,19.7
2024-06-15 14:00:00.000,13.628058500000002,summer weekend,19.7
2024-06-15 15:00:00.000,16.646493500000002,summer weekend,19.7
2024-06-15 16:00:00.000,19.437698,summer weekend,19.7
2024-06-15 17:00:00.000,19.9837295,summer weekend,19.7
2024-06-15 18:00:00.000,24.982859999999995,summer weekend,27.0
2024-06-15 19:00:00.000,30.515645999999997,summer weekend,31.66
2024-06-15 20:00:00.000,29.970863999999995,summer weekend,31.66
2024-06-15 21:00:00.000,28.019144999999995,summer weekend,27.0
2024-06-15 22:00:00.000,25.03284,summer weekend,27.0
2024-06-15 23:00:00.000,23.097364499999998,summer weekend,19.7
2024-06-16 00:00:00.000,21.279342,summer weekend,19.7
2024-06-16 01:00:00.000,20.599614,summer weekend,19.7
2024-06-16 02:00:00.000,20.349714,summer weekend,19.7
2024-06-16 03:00:00.000,20.2585005,summer weekend,19.7
2024-06-16 04:00:00.000,20.3009835,summer weekend,19.7
2024-06-16 05:00:00.000,20.3534625,summer weekend,19.7
2024-06-16 06:00:00.000,20.0710755,summer weekend,19.7
2024-06-16 07:00:00.000,19.982599,summer weekend,19.7
2024-06-16 08:00:00.000,19.840156,summer weekend,19.7
2024-06-16 09:00:00.000,18.854360000000003,summer weekend,19.7
2024-06-16 10:00:00.000,18.477903500000004,summer weekend,19.7
2024-06-16 11:00:00.000,17.7227295,summer weekend,19.7
2024-06-16 12:00:00.000,16.592229500000002,summer weekend,19.7
2024-06-16 13:00:00.000,15.9523665,summer weekend,19.7
2024-06-16 14:00:00.000,16.701888,summer weekend,19.7
2024-06-16 15:00:00.000,18.838533,summer weekend,19.7
2024-06-16 16:00:00.000,19.720323,summer weekend,19.7
2024-06-16 17:00:00.000,27.009548999999996,summer weekend,27.0
2024-06-16 18:00:00.000,32.43612749999999,summer weekend,31.66
2024-06-16 19:00:00.000,34.872652499999994,summer weekend,31.66
2024-06-16 20:00:00.000,35.513645999999994,summer weekend,31.66
2024-06-16 21:00:00.000,35.021343,summer weekend,31.66
2024-06-16 22:00:00.000,31.785138,summer weekend,31.66
2024-06-16 23:00:00.000,29.558529,summer weekend,31.66
2024-06-17 00:00:00.000,28.3227735,summer weekday,30.1
2024-06-17 01:00:00.000,28.582669499999994,summer weekday,30.1
2024-06-17 02:00:00.000,28.9575195,summer weekday,30.1
2024-06-17 03:00:00.000,29.176182,summer weekday,30.1
2024-06-17 04:00:00.000,31.232858999999998,summer weekday,30.1
2024-06-17 05:00:00.000,34.870153499999994,summer weekday,34.9
2024-06-17 06:00:00.000,36.56322599999999,summer weekday,34.9
2024-06-17 07:00:00.000,34.5077985,summer weekday,34.9
2024-06-17 08:00:00.000,30.571873499999995,summer weekday,30.1
2024-06-17 09:00:00.000,27.7455045,summer weekday,25.44
2024-06-17 10:00:00.000,26.858359499999995,summer weekday,25.44
2024-06-17 11:00:00.000,25.215266999999997,summer weekday,25.44
2024-06-17 12:00:00.000,24.914137499999995,summer weekday,25.44
2024-06-17 13:00:00.000,25.810028999999997,summer weekday,25.44
2024-06-17 14:00:00.000,26.799633,summer weekday,25.44
2024-06-17 15:00:00.000,28.007899499999997,summer weekday,30.1
2024-06-17 16:00:00.000,31.052931,summer weekday,30.1
2024-06-17 17:00:00.000,34.249151999999995,summer weekday,34.9
2024-06-17 18:00:00.000,39.6482415,summer weekday,34.9
2024-06-17 19:00:00.000,46.24435199999999,summer weekday,34.9
2024-06-17 20:00:00.000,44.97610949999999,summer weekday,34.9
2024-06-17 21:00:00.000,35.9972025,summer weekday,34.9
2024-06-17 22:00:00.000,32.67353249999999,summer weekday,34.9
2024-06-17 23:00:00.000,32.095014,summer weekday,30.1
2024-06-18 00:00:00.000,31.2665955,summer weekday,30.1
2024-06-18 01:00:00.000,30.9217335,summer weekday,30.1
2024-06-18 02:00:00.000,31.1416455,summer weekday,30.1
2024-06-18 03:00:00.000,31.2665955,summer weekday,30.1
2024-06-18 04:00:00.000,31.972562999999997,summer weekday,30.1
2024-06-18 05:00:00.000,36.7893855,summer weekday,34.9
2024-06-18 06:00:00.000,36.24960149999999,summer weekday,34.9
2024-06-18 07:00:00.000,31.975062,summer weekday,30.1
2024-06-18 08:00:00.000,30.093314999999997,summer weekday,30.1
2024-06-18 09:00:00.000,28.720114499999998,summer weekday,30.1
2024-06-18 10:00:00.000,26.8333695,summer weekday,25.44
2024-06-18 11:00:00.000,26.377302,summer weekday,25.44
2024-06-18 12:00:00.000,26.36105849999999,summer weekday,25.44
2024-06-18 13:00:00.000,27.112008,summer weekday,25.44
2024-06-18 14:00:00.000,29.121204,summer weekday,30.1
2024-06-18 15:00:00.000,29.51104799999999,summer weekday,30.1
2024-06-18 16:00:00.000,31.237857,summer weekday,30.1
2024-06-18 17:00:00.000,36.63444749999999,summer weekday,34.9
2024-06-18 18:00:00.000,39.7507005,summer weekday,34.9
2024-06-18 19:00:00.000,41.46001649999999,summer weekday,34.9
2024-06-18 20:00:00.000,36.7868865,summer weekday,34.9
2024-06-18 21:00:00.000,33.00464999999999,summer weekday,34.9
2024-06-18 22:00:00.000,31.4340285,summer weekday,30.1
2024-06-18 23:00:00.000,32.473612499999994,summer weekday,30.1
2024-06-19 00:00:00.000,31.4090385,summer weekday,30.1
2024-06-19 01:00:00.000,30.836767499999997,summer weekday,30.1
2024-06-19 02:00:00.000,30.703070999999994,summer weekday,30.1
2024-06-19 03:00:00.000,30.414436499999997,summer weekday,30.1
2024-06-19 04:00:00.000,30.78178949999999,summer weekday,30.1
2024-06-19 05:00:00.000,34.0479825,summer weekday,34.9
2024-06-19 06:00:00.000,34.58276849999999,summer weekday,34.9
2024-06-19 07:00:00.000,33.395743499999995,summer weekday,34.9
2024-06-19 08:00:00.000,30.769294499999997,summer weekday,30.1
2024-06-19 09:00:00.000,29.368604999999995,summer weekday,30.1
2024-06-19 10:00:00.000,28.2602985,summer weekday,30.1
2024-06-19 11:00:00.000,27.2357085,summer weekday,25.44
2024-06-19 12:00:00.000,24.962867999999997,summer weekday,25.44
2024-06-19 13:00:00.000,22.784989499999995,summer weekday,25.44
2024-06-19 14:00:00.000,22.928681999999995,summer weekday,25.44
2024-06-19 15:00:00.000,27.469365,summer weekday,25.44
2024-06-19 16:00:00.000,28.731359999999995,summer weekday,30.1
2024-06-19 17:00:00.000,31.035437999999992,summer weekday,30.1
2024-06-19 18:00:00.000,32.842215,summer weekday,34.9
2024-06-19 19:00:00.000,37.935177,summer weekday,34.9
2024-06-19 20:00:00.000,34.36410599999999,summer weekday,34.9
2024-06-19 21:00:00.000,33.51194699999999,summer weekday,34.9
2024-06-19 22:00:00.000,31.631449499999995,summer weekday,30.1
2024-06-19 23:00:00.000,30.7168155,summer weekday,30.1
2024-06-20 00:00:00.000,29.808429,summer weekday,30.1
2024-06-20 01:00:00.000,29.840915999999996,summer weekday,30.1
2024-06-20 02:00:00.000,29.833419,summer weekday,30.1
2024-06-20 03:00:00.000,29.808429,summer weekday,30.1
2024-06-20 04:00:00.000,30.799282499999997,summer weekday,30.1
2024-06-20 05:00:00.000,34.242904499999995,summer weekday,34.9
2024-06-20 06:00:00.000,34.084218,summer weekday,34.9
2024-06-20 07:00:00.000,32.8534605,summer weekday,34.9
2024-06-20 08:00:00.000,30.067075499999994,summer weekday,30.1
2024-06-20 09:00:00.000,28.622653499999995,summer weekday,30.1
2024-06-20 10:00:00.000,27.3281715,summer weekday,25.44
2024-06-20 11:00:00.000,26.914586999999997,summer weekday,25.44
2024-06-20 12:00:00.000,26.708419499999994,summer weekday,25.44
2024-06-20 13:00:00.000,27.129500999999998,summer weekday,25.44
2024-06-20 14:00:00.000,28.553930999999995,summer weekday,30.1
2024-06-20 15:00:00.000,29.98086,summer weekday,30.1
2024-06-20 16:00:00.000,32.263696499999995,summer weekday,30.1
2024-06-20 17:00:00.000,34.8926445,summer weekday,34.9
2024-06-20 18:00:00.000,39.429579,summer weekday,34.9
2024-06-20 19:00:00.000,44.9861055,summer weekday,34.9
2024-06-20 20:00:00.000,36.235857,summer weekday,34.9
2024-06-20 21:00:00.000,33.958018499999994,summer weekday,34.9
2024-06-20 22:00:00.000,31.8613575,summer weekday,30.1
2024-06-20 23:00:00.000,32.58106949999999,summer weekday,34.9
2024-06-21 00:00:00.000,31.3265715,summer weekday,30.1
2024-06-21 01:00:00.000,31.2241125,summer weekday,30.1
2024-06-21 02:00:00.000,30.959218499999995,summer weekday,30.1
2024-06-21 03:00:00.000,30.769294499999997,summer weekday,30.1
2024-06-21 04:00:00.000,30.748053,summer weekday,30.1
2024-06-21 05:00:00.000,32.095014,summer weekday,30.1
2024-06-21 06:00:00.000,35.32872,summer weekday,34.9
2024-06-21 07:00:00.000,35.208768,summer weekday,34.9
2024-06-21 08:00:00.000,33.9380265,summer weekday,34.9
2024-06-21 09:00:00.000,32.5610775,summer weekday,34.9
2024-06-21 10:00:00.000,31.222862999999997,summer weekday,30.1
2024-06-21 11:00:00.000,31.047933,summer weekday,30.1
2024-06-21 12:00:00.000,30.315725999999994,summer weekday,30.1
2024-06-21 13:00:00.000,29.758448999999995,summer weekday,30.1
2024-06-21 14:00:00.000,30.2345085,summer weekday,30.1
2024-06-21 15:00:00.000,31.086667499999997,summer weekday,30.1
2024-06-21 16:00:00.000,32.5610775,summer weekday,34.9
2024-06-21 17:00:00.000,33.72935999999999,summer weekday,34.9
2024-06-21 18:00:00.000,34.595263499999994,summer weekday,34.9
2024-06-21 19:00:00.000,34.27914,summer weekday,34.9
2024-06-21 20:00:00.000,33.13709699999999,summer weekday,34.9
2024-06-21 21:00:00.000,31.9788105,summer weekday,30.1
2024-06-21 22:00:00.000,30.248252999999995,summer weekday,30.1
2024-06-21 23:00:00.000,29.989606499999997,summer weekday,30.1
2024-06-22 00:00:00.000,28.7625975,summer weekend,27.0
2024-06-22 01:00:00.000,27.7854885,summer weekend,27.0
2024-06-22 02:00:00.000,26.294834999999992,summer weekend,27.0
2024-06-22 03:00:00.000,26.184878999999995,summer weekend,27.0
2024-06-22 04:00:00.000,25.791286499999995,summer weekend,27.0
2024-06-22 05:00:00.000,27.551831999999997,summer weekend,27.0
2024-06-22 06:00:00.000,26.0936655,summer weekend,27.0
2024-06-22 07:00:00.000,25.597614,summer weekend,27.0
2024-06-22 08:00:00.000,24.3143775,summer weekend,27.0
2024-06-22 09:00:00.000,21.551733,summer weekend,19.7
2024-06-22 10:00:00.000,20.4334305,summer weekend,19.7
2024-06-22 11:00:00.000,20.312229,summer weekend,19.7
2024-06-22 12:00:00.000,19.9886085,summer weekend,19.7
2024-06-22 13:00:00.000,19.9837295,summer weekend,19.7
2024-06-22 14:00:00.000,19.9769465,summer weekend,19.7
2024-06-22 15:00:00.000,20.5133985,summer weekend,19.7
2024-06-22 16:00:00.000,25.3064805,summer weekend,27.0
2024-06-22 17:00:00.000,30.042085499999992,summer weekend,31.66
2024-06-22 18:00:00.000,33.99925199999999,summer weekend,31.66
2024-06-22 19:00:00.000,35.3299695,summer weekend,31.66
2024-06-22 20:00:00.000,35.48490749999999,summer weekend,31.66
2024-06-22 21:00:00.000,33.750601499999995,summer weekend,31.66
2024-06-22 22:00:00.000,31.201621499999995,summer weekend,31.66
2024-06-22 23:00:00.000,31.2915855,summer weekend,31.66
2024-06-23 00:00:00.000,29.8871475,summer weekend,31.66
2024-06-23 01:00:00.000,28.886298,summer weekend,27.0
2024-06-23 02:00:00.000,28.8150765,summer weekend,27.0
2024-06-23 03:00:00.000,28.349013,summer weekend,27.0
2024-06-23 04:00:00.000,27.7430055,summer weekend,27.0
2024-06-23 05:00:00.000,27.219465,summer weekend,27.0
2024-06-23 06:00:00.000,25.776292499999997,summer weekend,27.0
2024-06-23 07:00:00.000,22.455121499999997,summer weekend,19.7
2024-06-23 08:00:00.000,20.514648,summer weekend,19.7
2024-06-23 09:00:00.000,19.98486,summer weekend,19.7
2024-06-23 10:00:00.000,19.9792075,summer weekend,19.7
2024-06-23 11:00:00.000,19.973555,summer weekend,19.7
2024-06-23 12:00:00.000,19.8661575,summer weekend,19.7
2024-06-23 13:00:00.000,19.7350195,summer weekend,19.7
2024-06-23 14:00:00.000,19.7531075,summer weekend,19.7
2024-06-23 15:00:00.000,19.9543365,summer weekend,19.7
2024-06-23 16:00:00.000,22.8099795,summer weekend,19.7
2024-06-23 17:00:00.000,28.871303999999995,summer weekend,27.0
2024-06-23 18:00:00.000,32.417385,summer weekend,31.66
2024-06-23 19:00:00.000,34.37160299999999,summer weekend,31.66
2024-06-23 20:00:00.000,34.409088,summer weekend,31.66
2024-06-23 21:00:00.000,34.2703935,summer weekend,31.66
2024-06-23 22:00:00.000,32.4536205,summer weekend,31.66
2024-06-23 23:00:00.000,33.252050999999994,summer weekend,31.66
2024-06-24 00:00:00.000,31.5040005,summer weekday,30.1
2024-06-24 01:00:00.000,30.596863499999998,summer weekday,30.1
2024-06-24 02:00:00.000,30.538136999999995,summer weekday,30.1
2024-06-24 03:00:00.000,30.600611999999995,summer weekday,30.1
2024-06-24 04:00:00.000,32.10750899999999,summer weekday,30.1
2024-06-24 05:00:00.000,36.98555699999999,summer weekday,34.9
2024-06-24 06:00:00.000,36.97805999999999,summer weekday,34.9
2024-06-24 07:00:00.000,32.8534605,summer weekday,34.9
2024-06-24 08:00:00.000,29.898392999999995,summer weekday,30.1
2024-06-24 09:00:00.000,26.717165999999995,summer weekday,25.44
2024-06-24 10:00:00.000,24.7092195,summer weekday,25.44
2024-06-24 11:00:00.000,23.882050499999995,summer weekday,25.44
2024-06-24 12:00:00.000,23.728361999999997,summer weekday,25.44
2024-06-24 13:00:00.000,23.849563499999995,summer weekday,25.44
2024-06-24 14:00:00.000,25.963717499999994,summer weekday,25.44
2024-06-24 15:00:00.000,28.271543999999995,summer weekday,30.1
2024-06-24 16:00:00.000,30.291985499999992,summer weekday,30.1
2024-06-24 17:00:00.000,32.2786905,summer weekday,30.1
2024-06-24 18:00:00.000,39.139695,summer weekday,34.9
2024-06-24 19:00:00.000,46.139394,summer weekday,34.9
2024-06-24 20:00:00.000,39.47706,summer weekday,34.9
2024-06-24 21:00:00.000,34.5527805,summer weekday,34.9
2024-06-24 22:00:00.000,31.4665155,summer weekday,30.1
2024-06-24 23:00:00.000,31.08042,summer weekday,30.1
2024-06-25 00:00:00.000,30.58062,summer weekday,30.1
2024-06-25 01:00:00.000,30.578121,summer weekday,30.1
2024-06-25 02:00:00.000,30.633098999999994,summer weekday,30.1
2024-06-25 03:00:00.000,30.668085,summer weekday,30.1
2024-06-25 04:00:00.000,31.842614999999995,summer weekday,30.1
2024-06-25 05:00:00.000,34.32912,summer weekday,34.9
2024-06-25 06:00:00.000,35.228759999999994,summer weekday,34.9
2024-06-25 07:00:00.000,32.95466999999999,summer weekday,34.9
2024-06-25 08:00:00.000,29.311127999999997,summer weekday,30.1
2024-06-25 09:00:00.000,26.022443999999997,summer weekday,25.44
2024-06-25 10:00:00.000,21.5879685,summer weekday,25.44
2024-06-25 11:00:00.000,19.98486,summer weekday,25.44
2024-06-25 12:00:00.000,19.9792075,summer weekday,25.44
2024-06-25 13:00:00.000,19.980338,summer weekday,25.44
2024-06-25 14:00:00.000,21.4330305,summer weekday,25.44
2024-06-25 15:00:00.000,26.028691499999997,summer weekday,25.44
2024-06-25 16:00:00.000,29.23116,summer weekday,30.1
2024-06-25 17:00:00.000,31.967565,summer weekday,30.1
2024-06-25 18:00:00.000,36.090915,summer weekday,34.9
2024-06-25 19:00:00.000,37.0642755,summer weekday,34.9
2024-06-25 20:00:00.000,35.240005499999995,summer weekday,34.9
2024-06-25 21:00:00.000,33.30078149999999,summer weekday,34.9
2024-06-25 22:00:00.000,31.2241125,summer weekday,30.1
2024-06-25 23:00:00.000,57.47360849999998,summer weekday,34.9
2024-06-26 00:00:00.000,49.36435349999999,summer weekday,34.9
2024-06-26 01:00:00.000,54.9396225,summer weekday,34.9
2024-06-26 02:00:00.000,69.96485999999999,summer weekday,34.9
2024-06-26 03:00:00.000,69.96985799999999,summer weekday,34.9
2024-06-26 04:00:00.000,143.52417450000002,summer weekday,34.9
2024-06-26 05:00:00.000,310.5973185,summer weekday,34.9
2024-06-26 06:00:00.000,144.93486,summer weekday,34.9
2024-06-26 07:00:00.000,69.96610949999999,summer weekday,34.9
2024-06-26 08:00:00.000,32.24245499999999,summer weekday,30.1
2024-06-26 09:00:00.000,27.666785999999995,summer weekday,25.44
2024-06-26 10:00:00.000,23.101112999999994,summer weekday,25.44
2024-06-26 11:00:00.000,19.978077,summer weekday,25.44
2024-06-26 12:00:00.000,19.982599,summer weekday,25.44
2024-06-26 13:00:00.000,20.7632985,summer weekday,25.44
2024-06-26 14:00:00.000,28.1103585,summer weekday,30.1
2024-06-26 15:00:00.000,29.461068,summer weekday,30.1
2024-06-26 16:00:00.000,37.8139755,summer weekday,34.9
2024-06-26 17:00:00.000,69.9736065,summer weekday,34.9
2024-06-26 18:00:00.000,144.82115550000003,summer weekday,34.9
2024-06-26 19:00:00.000,244.43504400000003,summer weekday,34.9
2024-06-26 20:00:00.000,145.51712700000002,summer weekday,34.9
2024-06-26 21:00:00.000,70.57836449999999,summer weekday,34.9
2024-06-26 22:00:00.000,69.97235699999999,summer weekday,34.9
2024-06-26 23:00:00.000,31.98006,summer weekday,30.1
2024-06-27 00:00:00.000,30.843015,summer weekday,30.1
2024-06-27 01:00:00.000,30.03084,summer weekday,30.1
2024-06-27 02:00:00.000,30.335718,summer weekday,30.1
2024-06-27 03:00:00.000,29.829670499999995,summer weekday,30.1
2024-06-27 04:00:00.000,30.603111,summer weekday,30.1
2024-06-27 05:00:00.000,34.667734499999995,summer weekday,34.9
2024-06-27 06:00:00.000,35.6173545,summer weekday,34.9
2024-06-27 07:00:00.000,34.35410999999999,summer weekday,34.9
2024-06-27 08:00:00.000,31.089166499999997,summer weekday,30.1
2024-06-27 09:00:00.000,28.324022999999997,summer weekday,30.1
2024-06-27 10:00:00.000,26.532239999999994,summer weekday,25.44
2024-06-27 11:00:00.000,26.084919,summer weekday,25.44
2024-06-27 12:00:00.000,25.6463445,summer weekday,25.44
2024-06-27 13:00:00.000,25.552632,summer weekday,25.44
2024-06-27 14:00:00.000,26.0311905,summer weekday,25.44
2024-06-27 15:00:00.000,27.721763999999997,summer weekday,25.44
2024-06-27 16:00:00.000,29.429830499999994,summer weekday,30.1
2024-06-27 17:00:00.000,29.922133499999997,summer weekday,30.1
2024-06-27 18:00:00.000,33.739355999999994,summer weekday,34.9
2024-06-27 19:00:00.000,44.97985799999999,summer weekday,34.9
2024-06-27 20:00:00.000,43.248051,summer weekday,34.9
2024-06-27 21:00:00.000,35.62984949999999,summer weekday,34.9
2024-06-27 22:00:00.000,32.70477,summer weekday,34.9
2024-06-27 23:00:00.000,32.0862675,summer weekday,30.1
2024-06-28 00:00:00.000,31.907588999999994,summer weekday,30.1
2024-06-28 01:00:00.000,30.740555999999994,summer weekday,30.1
2024-06-28 02:00:00.000,29.9771115,summer weekday,30.1
2024-06-28 03:00:00.000,30.431929499999995,summer weekday,30.1
2024-06-28 04:00:00.000,31.390295999999992,summer weekday,30.1
2024-06-28 05:00:00.000,35.015095499999994,summer weekday,34.9
2024-06-28 06:00:00.000,33.59566349999999,summer weekday,34.9
2024-06-28 07:00:00.000,30.5918655,summer weekday,30.1
2024-06-28 08:00:00.000,27.469365,summer weekday,25.44
2024-06-28 09:00:00.000,23.039887499999992,summer weekday,25.44
2024-06-28 10:00:00.000,20.2385085,summer weekday,25.44
2024-06-28 11:00:00.000,19.808502,summer weekday,25.44
2024-06-28 12:00:00.000,19.4094355,summer weekday,25.44
2024-06-28 13:00:00.000,18.8600125,summer weekday,25.44
2024-06-28 14:00:00.000,18.8645345,summer weekday,25.44
2024-06-28 15:00:00.000,19.252296,summer weekday,25.44
2024-06-28 16:00:00.000,20.437179,summer weekday,25.44
2024-06-28 17:00:00.000,25.23026099999999,summer weekday,25.44
2024-06-28 18:00:00.000,30.52064399999999,summer weekday,30.1
2024-06-28 19:00:00.000,33.59566349999999,summer weekday,34.9
2024-06-28 20:00:00.000,37.235457,summer weekday,34.9
2024-06-28 21:00:00.000,35.799781499999995,summer weekday,34.9
2024-06-28 22:00:00.000,33.606908999999995,summer weekday,34.9
2024-06-28 23:00:00.000,33.77934,summer weekday,34.9
2024-06-29 00:00:00.000,33.71811449999999,summer weekend,31.66
2024-06-29 01:00:00.000,33.7156155,summer weekend,31.66
2024-06-29 02:00:00.000,33.674381999999994,summer weekend,31.66
2024-06-29 03:00:00.000,33.4907055,summer weekend,31.66
2024-06-29 04:00:00.000,32.86345649999999,summer weekend,31.66
2024-06-29 05:00:00.000,32.057528999999995,summer weekend,31.66
2024-06-29 06:00:00.000,30.498153,summer weekend,31.66
2024-06-29 07:00:00.000,28.345264499999995,summer weekend,27.0
2024-06-29 08:00:00.000,23.680880999999992,summer weekend,27.0
2024-06-29 09:00:00.000,20.614608,summer weekend,19.7
2024-06-29 10:00:00.000,19.989858,summer weekend,19.7
2024-06-29 11:00:00.000,19.982599,summer weekend,19.7
2024-06-29 12:00:00.000,19.9588585,summer weekend,19.7
2024-06-29 13:00:00.000,19.975816,summer weekend,19.7
2024-06-29 14:00:00.000,20.147295,summer weekend,19.7
2024-06-29 15:00:00.000,21.4730145,summer weekend,19.7
2024-06-29 16:00:00.000,28.6701345,summer weekend,27.0
2024-06-29 17:00:00.000,33.01714499999999,summer weekend,31.66
2024-06-29 18:00:00.000,35.8447635,summer weekend,31.66
2024-06-29 19:00:00.000,37.37789999999999,summer weekend,31.66
2024-06-29 20:00:00.000,34.14169499999999,summer weekend,31.66
2024-06-29 21:00:00.000,32.489856,summer weekend,31.66
2024-06-29 22:00:00.000,31.708918499999992,summer weekend,31.66
2024-06-29 23:00:00.000,28.738857,summer weekend,27.0
2024-06-30 00:00:00.000,27.6930255,summer weekend,27.0
2024-06-30 01:00:00.000,28.3152765,summer weekend,27.0
2024-06-30 02:00:00.000,28.3627575,summer weekend,27.0
2024-06-30 03:00:00.000,28.026641999999995,summer weekend,27.0
2024-06-30 04:00:00.000,26.4060405,summer weekend,27.0
2024-06-30 05:00:00.000,26.427282,summer weekend,27.0
2024-06-30 06:00:00.000,22.536338999999995,summer weekend,19.7
2024-06-30 07:00:00.000,20.8382685,summer weekend,19.7
2024-06-30 08:00:00.000,20.087319,summer weekend,19.7
2024-06-30 09:00:00.000,19.98486,summer weekend,19.7
2024-06-30 10:00:00.000,19.98486,summer weekend,19.7
2024-06-30 11:00:00.000,19.982599,summer weekend,19.7
2024-06-30 12:00:00.000,19.8141545,summer weekend,19.7
2024-06-30 13:00:00.000,19.8616355,summer weekend,19.7
2024-06-30 14:00:00.000,19.98486,summer weekend,19.7
2024-06-30 15:00:00.000,20.0985645,summer weekend,19.7
2024-06-30 16:00:00.000,24.565527,summer weekend,27.0
2024-06-30 17:00:00.000,28.733858999999995,summer weekend,27.0
2024-06-30 18:00:00.000,30.887997,summer weekend,31.66
2024-06-30 19:00:00.000,32.467365,summer weekend,31.66
2024-06-30 20:00:00.000,32.7784905,summer weekend,31.66
2024-06-30 21:00:00.000,32.749751999999994,summer weekend,31.66
2024-06-30 22:00:00.000,31.6064595,summer weekend,31.66
2024-06-30 23:00:00.015,31.840115999999995,summer weekend,31.66
2024-07-01 00:00:00.000,30.52064399999999,summer weekday,30.1
2024-07-01 01:00:00.000,29.7547005,summer weekday,30.1
2024-07-01 02:00:00.000,29.7322095,summer weekday,30.1
2024-07-01 03:00:00.000,29.434828499999995,summer weekday,30.1
2024-07-01 04:00:00.000,30.083318999999992,summer weekday,30.1
2024-07-01 05:00:00.000,35.2525005,summer weekday,34.9
2024-07-01 06:00:00.000,37.640295,summer weekday,34.9
2024-07-01 07:00:00.000,37.772742,summer weekday,34.9
2024-07-01 08:00:00.000,34.42533149999999,summer weekday,34.9
2024-07-01 09:00:00.000,33.3557595,summer weekday,34.9
2024-07-01 10:00:00.000,31.4390265,summer weekday,30.1
2024-07-01 11:00:00.000,29.653490999999995,summer weekday,30.1
2024-07-01 12:00:00.000,28.718865,summer weekday,30.1
2024-07-01 13:00:00.000,24.972864,summer weekday,25.44
2024-07-01 14:00:00.000,24.309379499999995,summer weekday,25.44
2024-07-01 15:00:00.000,24.686728499999997,summer weekday,25.44
2024-07-01 16:00:00.000,27.75675,summer weekday,25.44
2024-07-01 17:00:00.000,29.735957999999997,summer weekday,30.1
2024-07-01 18:00:00.000,32.7884865,summer weekday,34.9
2024-07-01 19:00:00.000,40.82527049999999,summer weekday,34.9
2024-07-01 20:00:00.000,36.11590499999999,summer weekday,34.9
2024-07-01 21:00:00.000,33.4182345,summer weekday,34.9
2024-07-01 22:00:00.000,30.965466,summer weekday,30.1
2024-07-01 23:00:00.000,30.1795305,summer weekday,30.1
2024-07-02 00:00:00.000,29.972113499999995,summer weekday,30.1
2024-07-02 01:00:00.000,30.239506499999997,summer weekday,30.1
2024-07-02 02:00:00.000,30.0995625,summer weekday,30.1
2024-07-02 03:00:00.000,30.2295105,summer weekday,30.1
2024-07-02 04:00:00.000,30.2295105,summer weekday,30.1
2024-07-02 05:00:00.000,32.042534999999994,summer weekday,30.1
2024-07-02 06:00:00.000,32.5660755,summer weekday,34.9
2024-07-02 07:00:00.000,32.6385465,summer weekday,34.9
2024-07-02 08:00:00.000,30.917984999999994,summer weekday,30.1
2024-07-02 09:00:00.000,30.3694545,summer weekday,30.1
2024-07-02 10:00:00.000,29.301132,summer weekday,30.1
2024-07-02 11:00:00.000,29.071223999999997,summer weekday,30.1
2024-07-02 12:00:00.000,28.626401999999995,summer weekday,30.1
2024-07-02 13:00:00.000,27.5980635,summer weekday,25.44
2024-07-02 14:00:00.000,27.822973499999996,summer weekday,30.1
2024-07-02 15:00:00.000,29.258648999999995,summer weekday,30.1
2024-07-02 16:00:00.000,29.468564999999995,summer weekday,30.1
2024-07-02 17:00:00.000,30.5793705,summer weekday,30.1
2024-07-02 18:00:00.000,32.9334285,summer weekday,34.9
2024-07-02 19:00:00.000,34.35410999999999,summer weekday,34.9
2024-07-02 20:00:00.000,33.72436199999999,summer weekday,34.9
2024-07-02 21:00:00.000,33.610657499999995,summer weekday,34.9
2024-07-02 22:00:00.000,30.730559999999997,summer weekday,30.1
2024-07-02 23:00:00.000,28.505200499999997,summer weekday,30.1
2024-07-03 00:00:00.000,28.144095,summer weekday,30.1
2024-07-03 01:00:00.000,27.879200999999995,summer weekday,30.1
2024-07-03 02:00:00.000,28.179080999999996,summer weekday,30.1
2024-07-03 03:00:00.000,28.873802999999995,summer weekday,30.1
2024-07-03 04:00:00.000,29.8446645,summer weekday,30.1
2024-07-03 05:00:00.000,32.5110975,summer weekday,34.9
2024-07-03 06:00:00.000,34.5427845,summer weekday,34.9
2024-07-03 07:00:00.000,34.35410999999999,summer weekday,34.9
2024-07-03 08:00:00.000,31.3040805,summer weekday,30.1
2024-07-03 09:00:00.000,29.5597785,summer weekday,30.1
2024-07-03 10:00:00.000,29.118704999999995,summer weekday,30.1
2024-07-03 11:00:00.000,28.951272,summer weekday,30.1
2024-07-03 12:00:00.000,28.873802999999995,summer weekday,30.1
2024-07-03 13:00:00.000,29.121204,summer weekday,30.1
2024-07-03 14:00:00.000,28.978760999999995,summer weekday,30.1
2024-07-03 15:00:00.000,29.232409499999992,summer weekday,30.1
2024-07-03 16:00:00.000,30.851761499999995,summer weekday,30.1
2024-07-03 17:00:00.000,32.42988,summer weekday,30.1
2024-07-03 18:00:00.000,34.8276705,summer weekday,34.9
2024-07-03 19:00:00.000,40.4629155,summer weekday,34.9
2024-07-03 20:00:00.000,34.46406599999999,summer weekday,34.9
2024-07-03 21:00:00.000,31.895094,summer weekday,30.1
2024-07-03 22:00:00.000,29.493555,summer weekday,30.1
2024-07-03 23:00:00.000,28.011648,summer weekday,30.1
2024-07-04 00:00:00.000,26.474763,summer weekday,25.44
2024-07-04 01:00:00.000,23.291036999999992,summer weekday,25.44
2024-07-04 02:00:00.000,22.2352095,summer weekday,25.44
2024-07-04 03:00:00.000,21.244356,summer weekday,25.44
2024-07-04 04:00:00.000,21.2680965,summer weekday,25.44
2024-07-04 05:00:00.000,24.5367885,summer weekday,25.44
2024-07-04 06:00:00.000,24.982859999999995,summer weekday,25.44
2024-07-04 07:00:00.000,24.178182,summer weekday,25.44
2024-07-04 08:00:00.000,22.814977499999998,summer weekday,25.44
2024-07-04 09:00:00.000,20.222265,summer weekday,25.44
2024-07-04 10:00:00.000,19.98486,summer weekday,25.44
2024-07-04 11:00:00.000,19.980338,summer weekday,25.44
2024-07-04 12:00:00.000,19.4162185,summer weekday,25.44
2024-07-04 13:00:00.000,17.8267355,summer weekday,25.44
2024-07-04 14:00:00.000,17.9465685,summer weekday,25.44
2024-07-04 15:00:00.000,19.001325,summer weekday,25.44
2024-07-04 16:00:00.000,19.9814685,summer weekday,25.44
2024-07-04 17:00:00.000,20.8307715,summer weekday,25.44
2024-07-04 18:00:00.000,26.213617499999994,summer weekday,25.44
2024-07-04 19:00:00.000,30.844264499999998,summer weekday,30.1
2024-07-04 20:00:00.000,34.391594999999995,summer weekday,34.9
2024-07-04 21:00:00.000,30.844264499999998,summer weekday,30.1
2024-07-04 22:00:00.000,27.9829095,summer weekday,30.1
2024-07-04 23:00:00.000,23.909539499999998,summer weekday,25.44
2024-07-05 00:00:00.000,22.500103499999994,summer weekday,25.44
2024-07-05 01:00:00.000,22.5575805,summer weekday,25.44
2024-07-05 02:00:00.000,22.457620499999997,summer weekday,25.44
2024-07-05 03:00:00.000,21.106911,summer weekday,25.44
2024-07-05 04:00:00.000,21.2356095,summer weekday,25.44
2024-07-05 05:00:00.000,24.756700499999997,summer weekday,25.44
2024-07-05 06:00:00.000,25.7013225,summer weekday,25.44
2024-07-05 07:00:00.000,24.911638499999995,summer weekday,25.44
2024-07-05 08:00:00.000,22.303931999999996,summer weekday,25.44
2024-07-05 09:00:00.000,20.3534625,summer weekday,25.44
2024-07-05 10:00:00.000,20.0360895,summer weekday,25.44
2024-07-05 11:00:00.000,19.9792075,summer weekday,25.44
2024-07-05 12:00:00.000,19.912508,summer weekday,25.44
2024-07-05 13:00:00.000,19.896681,summer weekday,25.44
2024-07-05 14:00:00.000,19.9814685,summer weekday,25.44
2024-07-05 15:00:00.000,20.2260135,summer weekday,25.44
2024-07-05 16:00:00.000,22.085269499999995,summer weekday,25.44
2024-07-05 17:00:00.000,28.025392499999995,summer weekday,30.1
2024-07-05 18:00:00.000,31.241605499999995,summer weekday,30.1
2024-07-05 19:00:00.000,37.772742,summer weekday,34.9
2024-07-05 20:00:00.000,36.275841,summer weekday,34.9
2024-07-05 21:00:00.000,32.757248999999995,summer weekday,34.9
2024-07-05 22:00:00.000,30.5993625,summer weekday,30.1
2024-07-05 23:00:00.000,31.117905,summer weekday,30.1
2024-07-06 00:00:00.000,28.820074499999997,summer weekend,27.0
2024-07-06 01:00:00.000,27.921684,summer weekend,27.0
2024-07-06 02:00:00.000,25.790036999999995,summer weekend,27.0
2024-07-06 03:00:00.000,24.810429,summer weekend,27.0
2024-07-06 04:00:00.000,21.9453255,summer weekend,19.7
2024-07-06 05:00:00.000,20.7008235,summer weekend,19.7
2024-07-06 06:00:00.000,20.6558415,summer weekend,19.7
2024-07-06 07:00:00.000,20.4084405,summer weekend,19.7
2024-07-06 08:00:00.000,19.98486,summer weekend,19.7
2024-07-06 09:00:00.000,18.863404000000003,summer weekend,19.7
2024-07-06 10:00:00.000,16.7211065,summer weekend,19.7
2024-07-06 11:00:00.000,16.2892555,summer weekend,19.7
2024-07-06 12:00:00.000,14.999355,summer weekend,19.7
2024-07-06 13:00:00.000,14.5505465,summer weekend,19.7
2024-07-06 14:00:00.000,16.046198,summer weekend,19.7
2024-07-06 15:00:00.000,18.438336,summer weekend,19.7
2024-07-06 16:00:00.000,19.978077,summer weekend,19.7
2024-07-06 17:00:00.000,20.219766,summer weekend,19.7
2024-07-06 18:00:00.000,20.012349,summer weekend,19.7
2024-07-06 19:00:00.000,20.8207755,summer weekend,19.7
2024-07-06 20:00:00.000,21.15939,summer weekend,19.7
2024-07-06 21:00:00.000,22.23396,summer weekend,19.7
2024-07-06 22:00:00.000,21.736658999999992,summer weekend,19.7
2024-07-06 23:00:00.000,19.9814685,summer weekend,19.7
2024-07-07 00:00:00.000,19.973555,summer weekend,19.7
2024-07-07 01:00:00.000,19.89442,summer weekend,19.7
2024-07-07 02:00:00.000,19.930596,summer weekend,19.7
2024-07-07 03:00:00.000,19.978077,summer weekend,19.7
2024-07-07 04:00:00.000,19.9837295,summer weekend,19.7
2024-07-07 05:00:00.000,19.9837295,summer weekend,19.7
2024-07-07 06:00:00.000,19.9837295,summer weekend,19.7
2024-07-07 07:00:00.000,19.91703,summer weekend,19.7
2024-07-07 08:00:00.000,19.2511655,summer weekend,19.7
2024-07-07 09:00:00.000,18.856621,summer weekend,19.7
2024-07-07 10:00:00.000,18.623738,summer weekend,19.7
2024-07-07 11:00:00.000,18.4598155,summer weekend,19.7
2024-07-07 12:00:00.000,17.455931500000002,summer weekend,19.7
2024-07-07 13:00:00.000,17.613070999999998,summer weekend,19.7
2024-07-07 14:00:00.000,18.60565,summer weekend,19.7
2024-07-07 15:00:00.000,19.288472,summer weekend,19.7
2024-07-07 16:00:00.000,19.975816,summer weekend,19.7
2024-07-07 17:00:00.000,27.980410499999994,summer weekend,27.0
2024-07-07 18:00:00.000,31.264096499999997,summer weekend,31.66
2024-07-07 19:00:00.000,35.683578,summer weekend,31.66
2024-07-07 20:00:00.000,36.62445149999999,summer weekend,31.66
2024-07-07 21:00:00.000,34.379099999999994,summer weekend,31.66
2024-07-07 22:00:00.000,32.121253499999995,summer weekend,31.66
2024-07-07 23:00:00.000,30.183278999999995,summer weekend,31.66
2024-07-08 00:00:00.000,29.562277499999997,summer weekday,30.1
2024-07-08 01:00:00.000,29.241156,summer weekday,30.1
2024-07-08 02:00:00.000,29.695973999999996,summer weekday,30.1
2024-07-08 03:00:00.000,29.516046,summer weekday,30.1
2024-07-08 04:00:00.000,30.035837999999995,summer weekday,30.1
2024-07-08 05:00:00.000,34.00175099999999,summer weekday,34.9
2024-07-08 06:00:00.000,35.60361,summer weekday,34.9
2024-07-08 07:00:00.000,32.559828,summer weekday,34.9
2024-07-08 08:00:00.000,29.682229499999995,summer weekday,30.1
2024-07-08 09:00:00.000,26.7234135,summer weekday,25.44
2024-07-08 10:00:00.000,24.786688499999997,summer weekday,25.44
2024-07-08 11:00:00.000,23.957020499999995,summer weekday,25.44
2024-07-08 12:00:00.000,23.664637499999998,summer weekday,25.44
2024-07-08 13:00:00.000,23.678382,summer weekday,25.44
2024-07-08 14:00:00.000,24.5767725,summer weekday,25.44
2024-07-08 15:00:00.000,27.98166,summer weekday,30.1
2024-07-08 16:00:00.000,30.005849999999995,summer weekday,30.1
2024-07-08 17:00:00.000,32.8084785,summer weekday,34.9
2024-07-08 18:00:00.000,37.0392855,summer weekday,34.9
2024-07-08 19:00:00.000,52.14074249999999,summer weekday,34.9
2024-07-08 20:00:00.000,41.6874255,summer weekday,34.9
2024-07-08 21:00:00.000,34.1854275,summer weekday,34.9
2024-07-08 22:00:00.000,31.482758999999994,summer weekday,30.1
2024-07-08 23:00:00.000,33.16958399999999,summer weekday,34.9
2024-07-09 00:00:00.000,31.975062,summer weekday,30.1
2024-07-09 01:00:00.000,31.615205999999997,summer weekday,30.1
2024-07-09 02:00:00.000,31.372803,summer weekday,30.1
2024-07-09 03:00:00.000,30.937977,summer weekday,30.1
2024-07-09 04:00:00.000,32.08376849999999,summer weekday,30.1
2024-07-09 05:00:00.000,33.901791,summer weekday,34.9
2024-07-09 06:00:00.000,32.94967199999999,summer weekday,34.9
2024-07-09 07:00:00.000,31.730159999999994,summer weekday,30.1
2024-07-09 08:00:00.000,28.388997,summer weekday,30.1
2024-07-09 09:00:00.000,25.8112785,summer weekday,25.44
2024-07-09 10:00:00.000,24.196924499999994,summer weekday,25.44
2024-07-09 11:00:00.000,22.727512499999992,summer weekday,25.44
2024-07-09 12:00:00.000,20.614608,summer weekday,25.44
2024-07-09 13:00:00.000,20.3234745,summer weekday,25.44
2024-07-09 14:00:00.000,21.369306,summer weekday,25.44
2024-07-09 15:00:00.000,26.698423499999997,summer weekday,25.44
2024-07-09 16:00:00.000,30.1920255,summer weekday,30.1
2024-07-09 17:00:00.000,32.38864649999999,summer weekday,30.1
2024-07-09 18:00:00.000,38.914785,summer weekday,34.9
2024-07-09 19:00:00.000,38.432478,summer weekday,34.9
2024-07-09 20:00:00.000,33.494454,summer weekday,34.9
2024-07-09 21:00:00.000,30.739306499999994,summer weekday,30.1
2024-07-09 22:00:00.000,28.592665499999995,summer weekday,30.1
2024-07-09 23:00:00.000,26.85711,summer weekday,25.44
2024-07-10 00:00:00.000,26.844615,summer weekday,25.44
2024-07-10 01:00:00.000,26.722164,summer weekday,25.44
2024-07-10 02:00:00.000,26.854610999999995,summer weekday,25.44
2024-07-10 03:00:00.000,27.471863999999997,summer weekday,25.44
2024-07-10 04:00:00.000,28.249053,summer weekday,30.1
2024-07-10 05:00:00.000,30.538136999999995,summer weekday,30.1
2024-07-10 06:00:00.000,33.287037,summer weekday,34.9
2024-07-10 07:00:00.000,32.73100949999999,summer weekday,34.9
2024-07-10 08:00:00.000,30.596863499999998,summer weekday,30.1
2024-07-10 09:00:00.000,28.106609999999996,summer weekday,30.1
2024-07-10 10:00:00.000,26.953321499999998,summer weekday,25.44
2024-07-10 11:00:00.000,25.8737535,summer weekday,25.44
2024-07-10 12:00:00.000,25.555131,summer weekday,25.44
2024-07-10 13:00:00.000,26.85711,summer weekday,25.44
2024-07-10 14:00:00.000,27.2856885,summer weekday,25.44
2024-07-10 15:00:00.000,28.416485999999995,summer weekday,30.1
2024-07-10 16:00:00.000,29.998352999999994,summer weekday,30.1
2024-07-10 17:00:00.000,30.0720735,summer weekday,30.1
2024-07-10 18:00:00.000,32.444874,summer weekday,30.1
2024-07-10 19:00:00.000,38.5536795,summer weekday,34.9
2024-07-10 20:00:00.000,40.486656,summer weekday,34.9
2024-07-10 21:00:00.000,34.22541149999999,summer weekday,34.9
2024-07-10 22:00:00.000,31.595214,summer weekday,30.1
2024-07-10 23:00:00.000,31.982558999999995,summer weekday,30.1
2024-07-11 00:00:00.000,29.974612499999992,summer weekday,30.1
2024-07-11 01:00:00.000,29.613506999999995,summer weekday,30.1
2024-07-11 02:00:00.000,29.930879999999995,summer weekday,30.1
2024-07-11 03:00:00.000,30.0195945,summer weekday,30.1
2024-07-11 04:00:00.000,30.228261,summer weekday,30.1
2024-07-11 05:00:00.000,33.44322449999999,summer weekday,34.9
2024-07-11 06:00:00.000,34.97886,summer weekday,34.9
2024-07-11 07:00:00.000,33.29578349999999,summer weekday,34.9
2024-07-11 08:00:00.000,31.1191545,summer weekday,30.1
2024-07-11 09:00:00.000,30.067075499999994,summer weekday,30.1
2024-07-11 10:00:00.000,28.306529999999995,summer weekday,30.1
2024-07-11 11:00:00.000,27.161988,summer weekday,25.44
2024-07-11 12:00:00.000,25.944975,summer weekday,25.44
2024-07-11 13:00:00.000,25.542635999999995,summer weekday,25.44
2024-07-11 14:00:00.000,26.244854999999998,summer weekday,25.44
2024-07-11 15:00:00.000,27.604311,summer weekday,25.44
2024-07-11 16:00:00.000,30.2195145,summer weekday,30.1
2024-07-11 17:00:00.000,31.427781,summer weekday,30.1
2024-07-11 18:00:00.000,34.97886,summer weekday,34.9
2024-07-11 19:00:00.000,43.0168935,summer weekday,34.9
2024-07-11 20:00:00.000,40.819023,summer weekday,34.9
2024-07-11 21:00:00.000,35.1775305,summer weekday,34.9
2024-07-11 22:00:00.000,32.244954,summer weekday,30.1
2024-07-11 23:00:00.000,32.782239,summer weekday,34.9
2024-07-12 00:00:00.000,30.8942445,summer weekday,30.1
2024-07-12 01:00:00.000,30.3394665,summer weekday,30.1
2024-07-12 02:00:00.000,30.359458499999995,summer weekday,30.1
2024-07-12 03:00:00.000,30.2569995,summer weekday,30.1
2024-07-12 04:00:00.000,30.5118975,summer weekday,30.1
2024-07-12 05:00:00.000,33.471962999999995,summer weekday,34.9
2024-07-12 06:00:00.000,33.71936399999999,summer weekday,34.9
2024-07-12 07:00:00.000,33.679379999999995,summer weekday,34.9
2024-07-12 08:00:00.000,32.77974,summer weekday,34.9
2024-07-12 09:00:00.000,31.9638165,summer weekday,30.1
2024-07-12 10:00:00.000,31.2091185,summer weekday,30.1
2024-07-12 11:00:00.000,30.38694749999999,summer weekday,30.1
2024-07-12 12:00:00.000,29.80593,summer weekday,30.1
2024-07-12 13:00:00.000,29.735957999999997,summer weekday,30.1
2024-07-12 14:00:00.000,29.7547005,summer weekday,30.1
2024-07-12 15:00:00.000,30.694324499999997,summer weekday,30.1
2024-07-12 16:00:00.000,30.673082999999995,summer weekday,30.1
2024-07-12 17:00:00.000,31.512746999999997,summer weekday,30.1
2024-07-12 18:00:00.000,32.7784905,summer weekday,34.9
2024-07-12 19:00:00.000,31.641445499999996,summer weekday,30.1
2024-07-12 20:00:00.000,31.8063795,summer weekday,30.1
2024-07-12 21:00:00.000,30.688076999999996,summer weekday,30.1
2024-07-12 22:00:00.000,29.869654499999992,summer weekday,30.1
2024-07-12 23:00:00.000,26.313577499999997,summer weekday,25.44
2024-07-13 00:00:00.000,26.297334,summer weekend,27.0
2024-07-13 01:00:00.000,24.598014,summer weekend,27.0
2024-07-13 02:00:00.000,24.691726499999994,summer weekend,27.0
2024-07-13 03:00:00.000,24.073224,summer weekend,27.0
2024-07-13 04:00:00.000,23.864557499999997,summer weekend,27.0
2024-07-13 05:00:00.000,23.815826999999995,summer weekend,27.0
2024-07-13 06:00:00.000,23.460968999999995,summer weekend,27.0
2024-07-13 07:00:00.000,23.308529999999998,summer weekend,19.7
2024-07-13 08:00:00.000,22.605061499999994,summer weekend,19.7
2024-07-13 09:00:00.000,20.629602,summer weekend,19.7
2024-07-13 10:00:00.000,19.989858,summer weekend,19.7
2024-07-13 11:00:00.000,19.9837295,summer weekend,19.7
2024-07-13 12:00:00.000,19.41961,summer weekend,19.7
2024-07-13 13:00:00.000,18.300415,summer weekend,19.7
2024-07-13 14:00:00.000,18.6881765,summer weekend,19.7
2024-07-13 15:00:00.000,19.591446,summer weekend,19.7
2024-07-13 16:00:00.000,19.9837295,summer weekend,19.7
2024-07-13 17:00:00.000,23.579671499999996,summer weekend,27.0
2024-07-13 18:00:00.000,26.273593499999997,summer weekend,27.0
2024-07-13 19:00:00.000,29.4123375,summer weekend,31.66
2024-07-13 20:00:00.000,29.513547,summer weekend,31.66
2024-07-13 21:00:00.000,29.835918,summer weekend,31.66
2024-07-13 22:00:00.000,27.856709999999996,summer weekend,27.0
2024-07-13 23:00:00.000,31.099162499999995,summer weekend,31.66
2024-07-14 00:00:00.000,27.880450499999995,summer weekend,27.0
2024-07-14 01:00:00.000,26.9133375,summer weekend,27.0
2024-07-14 02:00:00.000,25.520144999999992,summer weekend,27.0
2024-07-14 03:00:00.000,24.724213499999998,summer weekend,27.0
2024-07-14 04:00:00.000,24.584269499999994,summer weekend,27.0
2024-07-14 05:00:00.000,23.978261999999997,summer weekend,27.0
2024-07-14 06:00:00.000,21.769145999999992,summer weekend,19.7
2024-07-14 07:00:00.000,20.0210955,summer weekend,19.7
2024-07-14 08:00:00.000,19.6106645,summer weekend,19.7
2024-07-14 09:00:00.000,17.596113500000005,summer weekend,19.7
2024-07-14 10:00:00.000,15.453816000000002,summer weekend,19.7
2024-07-14 11:00:00.000,13.2617765,summer weekend,19.7
2024-07-14 12:00:00.000,11.623682,summer weekend,19.7
2024-07-14 13:00:00.000,11.623682,summer weekend,19.7
2024-07-14 14:00:00.000,14.126609,summer weekend,19.7
2024-07-14 15:00:00.000,17.720468500000003,summer weekend,19.7
2024-07-14 16:00:00.000,19.9792075,summer weekend,19.7
2024-07-14 17:00:00.000,25.800033,summer weekend,27.0
2024-07-14 18:00:00.000,31.4715135,summer weekend,31.66
2024-07-14 19:00:00.000,34.454069999999994,summer weekend,31.66
2024-07-14 20:00:00.000,33.564426,summer weekend,31.66
2024-07-14 21:00:00.000,33.209568,summer weekend,31.66
2024-07-14 22:00:00.000,30.863006999999996,summer weekend,31.66
2024-07-14 23:00:00.000,29.899642499999995,summer weekend,31.66
2024-07-15 00:00:00.000,28.261548,summer weekday,30.1
2024-07-15 01:00:00.000,27.253201499999992,summer weekday,25.44
2024-07-15 02:00:00.000,27.8604585,summer weekday,30.1
2024-07-15 03:00:00.000,28.458968999999996,summer weekday,30.1
2024-07-15 04:00:00.000,29.989606499999997,summer weekday,30.1
2024-07-15 05:00:00.000,34.97886,summer weekday,34.9
2024-07-15 06:00:00.000,37.990155,summer weekday,34.9
2024-07-15 07:00:00.000,31.201621499999995,summer weekday,30.1
2024-07-15 08:00:00.000,27.393145499999992,summer weekday,25.44
2024-07-15 09:00:00.000,24.423084,summer weekday,25.44
2024-07-15 10:00:00.000,21.3955455,summer weekday,25.44
2024-07-15 11:00:00.000,19.9936065,summer weekday,25.44
2024-07-15 12:00:00.000,19.9837295,summer weekday,25.44
2024-07-15 13:00:00.000,19.9769465,summer weekday,25.44
2024-07-15 14:00:00.000,20.427183,summer weekday,25.44
2024-07-15 15:00:00.000,25.5188955,summer weekday,25.44
2024-07-15 16:00:00.000,30.230759999999997,summer weekday,30.1
2024-07-15 17:00:00.000,34.2728925,summer weekday,34.9
2024-07-15 18:00:00.000,45.49840049999999,summer weekday,34.9
2024-07-15 19:00:00.000,48.093612,summer weekday,34.9
2024-07-15 20:00:00.000,37.922682,summer weekday,34.9
2024-07-15 21:00:00.000,31.540236,summer weekday,30.1
2024-07-15 22:00:00.000,29.993355,summer weekday,30.1
2024-07-15 23:00:00.000,29.5547805,summer weekday,30.1
2024-07-16 00:00:00.000,27.952921499999995,summer weekday,30.1
2024-07-16 01:00:00.000,26.5434855,summer weekday,25.44
2024-07-16 02:00:00.000,24.585518999999994,summer weekday,25.44
2024-07-16 03:00:00.000,24.752951999999997,summer weekday,25.44
2024-07-16 04:00:00.000,26.272343999999997,summer weekday,25.44
2024-07-16 05:00:00.000,30.024592499999997,summer weekday,30.1
2024-07-16 06:00:00.000,31.349062499999995,summer weekday,30.1
2024-07-16 07:00:00.000,30.5193945,summer weekday,30.1
2024-07-16 08:00:00.000,27.827971499999997,summer weekday,30.1
2024-07-16 09:00:00.000,22.6700355,summer weekday,25.44
2024-07-16 10:00:00.000,19.992357,summer weekday,25.44
2024-07-16 11:00:00.000,19.0770685,summer weekday,25.44
2024-07-16 12:00:00.000,18.737918500000003,summer weekday,25.44
2024-07-16 13:00:00.000,18.687046,summer weekday,25.44
2024-07-16 14:00:00.000,18.725483000000004,summer weekday,25.44
2024-07-16 15:00:00.000,19.724845,summer weekday,25.44
2024-07-16 16:00:00.000,22.748754,summer weekday,25.44
2024-07-16 17:00:00.000,27.859209,summer weekday,30.1
2024-07-16 18:00:00.000,30.2295105,summer weekday,30.1
2024-07-16 19:00:00.000,35.17878,summer weekday,34.9
2024-07-16 20:00:00.000,34.264146,summer weekday,34.9
2024-07-16 21:00:00.000,33.20581949999999,summer weekday,34.9
2024-07-16 22:00:00.000,30.5193945,summer weekday,30.1
2024-07-16 23:00:00.000,30.90549,summer weekday,30.1
2024-07-17 00:00:00.000,29.103711,summer weekday,30.1
2024-07-17 01:00:00.000,29.083718999999995,summer weekday,30.1
2024-07-17 02:00:00.000,28.7975835,summer weekday,30.1
2024-07-17 03:00:00.000,28.862557499999998,summer weekday,30.1
2024-07-17 04:00:00.000,29.660988,summer weekday,30.1
2024-07-17 05:00:00.000,31.236607499999995,summer weekday,30.1
2024-07-17 06:00:00.000,32.449872,summer weekday,30.1
2024-07-17 07:00:00.000,33.192075,summer weekday,34.9
2024-07-17 08:00:00.000,29.623503,summer weekday,30.1
2024-07-17 09:00:00.000,27.2557005,summer weekday,25.44
2024-07-17 10:00:00.000,25.2015225,summer weekday,25.44
2024-07-17 11:00:00.000,24.056980499999995,summer weekday,25.44
2024-07-17 12:00:00.000,22.715017499999995,summer weekday,25.44
2024-07-17 13:00:00.000,21.33432,summer weekday,25.44
2024-07-17 14:00:00.000,21.6679365,summer weekday,25.44
2024-07-17 15:00:00.000,24.842915999999995,summer weekday,25.44
2024-07-17 16:00:00.000,27.691776,summer weekday,25.44
2024-07-17 17:00:00.000,30.3469635,summer weekday,30.1
2024-07-17 18:00:00.000,33.3407655,summer weekday,34.9
2024-07-17 19:00:00.000,43.46921249999999,summer weekday,34.9
2024-07-17 20:00:00.000,37.91143649999999,summer weekday,34.9
2024-07-17 21:00:00.000,34.34286449999999,summer weekday,34.9
2024-07-17 22:00:00.000,31.5814695,summer weekday,30.1
2024-07-17 23:00:00.000,31.2266115,summer weekday,30.1
2024-07-18 00:00:00.000,30.0170955,summer weekday,30.1
2024-07-18 01:00:00.000,29.8621575,summer weekday,30.1
2024-07-18 02:00:00.000,29.798433,summer weekday,30.1
2024-07-18 03:00:00.000,29.8896465,summer weekday,30.1
2024-07-18 04:00:00.000,31.492754999999995,summer weekday,30.1
2024-07-18 05:00:00.000,35.088815999999994,summer weekday,34.9
2024-07-18 06:00:00.000,33.388246499999994,summer weekday,34.9
2024-07-18 07:00:00.000,32.072523,summer weekday,30.1
2024-07-18 08:00:00.000,29.883398999999997,summer weekday,30.1
2024-07-18 09:00:00.000,27.961667999999992,summer weekday,30.1
2024-07-18 10:00:00.000,25.8737535,summer weekday,25.44
2024-07-18 11:00:00.000,24.3593595,summer weekday,25.44
2024-07-18 12:00:00.000,24.228161999999998,summer weekday,25.44
2024-07-18 13:00:00.000,24.609259499999997,summer weekday,25.44
2024-07-18 14:00:00.000,26.079920999999995,summer weekday,25.44
2024-07-18 15:00:00.000,28.426482,summer weekday,30.1
2024-07-18 16:00:00.000,30.665585999999998,summer weekday,30.1
2024-07-18 17:00:00.000,31.480259999999998,summer weekday,30.1
2024-07-18 18:00:00.000,36.250851,summer weekday,34.9
2024-07-18 19:00:00.000,48.42347999999999,summer weekday,34.9
2024-07-18 20:00:00.000,43.03313699999999,summer weekday,34.9
2024-07-18 21:00:00.000,34.92138299999999,summer weekday,34.9
2024-07-18 22:00:00.000,32.719764,summer weekday,34.9
2024-07-18 23:00:00.000,31.244104499999995,summer weekday,30.1
2024-07-19 00:00:00.000,30.037087499999995,summer weekday,30.1
2024-07-19 01:00:00.000,29.969614499999995,summer weekday,30.1
2024-07-19 02:00:00.000,29.892145499999994,summer weekday,30.1
2024-07-19 03:00:00.000,30.403190999999996,summer weekday,30.1
2024-07-19 04:00:00.000,31.402790999999997,summer weekday,30.1
2024-07-19 05:00:00.000,34.42908,summer weekday,34.9
2024-07-19 06:00:00.000,33.819323999999995,summer weekday,34.9
2024-07-19 07:00:00.000,32.27994,summer weekday,30.1
2024-07-19 08:00:00.000,30.159538499999996,summer weekday,30.1
2024-07-19 09:00:00.000,28.731359999999995,summer weekday,30.1
2024-07-19 10:00:00.000,27.3256725,summer weekday,25.44
2024-07-19 11:00:00.000,25.525143,summer weekday,25.44
2024-07-19 12:00:00.000,24.545534999999997,summer weekday,25.44
2024-07-19 13:00:00.000,24.508049999999997,summer weekday,25.44
2024-07-19 14:00:00.000,25.300232999999995,summer weekday,25.44
2024-07-19 15:00:00.000,27.955420499999995,summer weekday,30.1
2024-07-19 16:00:00.000,29.648493,summer weekday,30.1
2024-07-19 17:00:00.000,31.431529499999996,summer weekday,30.1
2024-07-19 18:00:00.000,35.106309,summer weekday,34.9
2024-07-19 19:00:00.000,43.782837,summer weekday,34.9
2024-07-19 20:00:00.000,34.97886,summer weekday,34.9
2024-07-19 21:00:00.000,33.337017,summer weekday,34.9
2024-07-19 22:00:00.000,31.4240325,summer weekday,30.1
2024-07-19 23:00:00.000,31.8213735,summer weekday,30.1
2024-07-20 00:00:00.000,31.156639499999997,summer weekend,31.66
2024-07-20 01:00:00.000,31.011697499999997,summer weekend,31.66
2024-07-20 02:00:00.000,31.215366,summer weekend,31.66
2024-07-20 03:00:00.000,31.760147999999997,summer weekend,31.66
2024-07-20 04:00:00.000,31.705169999999995,summer weekend,31.66
2024-07-20 05:00:00.000,31.416535499999995,summer weekend,31.66
2024-07-20 06:00:00.000,30.729310499999997,summer weekend,31.66
2024-07-20 07:00:00.000,28.50645,summer weekend,27.0
2024-07-20 08:00:00.000,26.207369999999997,summer weekend,27.0
2024-07-20 09:00:00.000,20.6283525,summer weekend,19.7
2024-07-20 10:00:00.000,19.98486,summer weekend,19.7
2024-07-20 11:00:00.000,19.4591775,summer weekend,19.7
2024-07-20 12:00:00.000,19.4998755,summer weekend,19.7
2024-07-20 13:00:00.000,19.659276,summer weekend,19.7
2024-07-20 14:00:00.000,19.6784945,summer weekend,19.7
2024-07-20 15:00:00.000,20.287239,summer weekend,19.7
2024-07-20 16:00:00.000,26.518495499999997,summer weekend,27.0
2024-07-20 17:00:00.000,30.605609999999995,summer weekend,31.66
2024-07-20 18:00:00.000,33.674381999999994,summer weekend,31.66
2024-07-20 19:00:00.000,36.8218725,summer weekend,31.66
2024-07-20 20:00:00.000,33.5806695,summer weekend,31.66
2024-07-20 21:00:00.000,30.493154999999994,summer weekend,31.66
2024-07-20 22:00:00.000,29.294884499999995,summer weekend,27.0
2024-07-20 23:00:00.000,27.935428499999997,summer weekend,27.0
2024-07-21 00:00:00.000,27.019544999999997,summer weekend,27.0
2024-07-21 01:00:00.000,26.8821,summer weekend,27.0
2024-07-21 02:00:00.000,27.529340999999995,summer weekend,27.0
2024-07-21 03:00:00.000,28.557679499999992,summer weekend,27.0
2024-07-21 04:00:00.000,29.386097999999997,summer weekend,31.66
2024-07-21 05:00:00.000,30.1520415,summer weekend,31.66
2024-07-21 06:00:00.000,27.5205945,summer weekend,27.0
2024-07-21 07:00:00.000,26.067425999999998,summer weekend,27.0
2024-07-21 08:00:00.000,21.3055815,summer weekend,19.7
2024-07-21 09:00:00.000,19.9936065,summer weekend,19.7
2024-07-21 10:00:00.000,19.9861095,summer weekend,19.7
2024-07-21 11:00:00.000,19.9861095,summer weekend,19.7
2024-07-21 12:00:00.000,19.975816,summer weekend,19.7
2024-07-21 13:00:00.000,19.9611195,summer weekend,19.7
2024-07-21 14:00:00.000,19.989858,summer weekend,19.7
2024-07-21 15:00:00.000,19.9986045,summer weekend,19.7
2024-07-21 16:00:00.000,27.458119499999995,summer weekend,27.0
2024-07-21 17:00:00.000,31.763896499999998,summer weekend,31.66
2024-07-21 18:00:00.000,33.5131965,summer weekend,31.66
2024-07-21 19:00:00.000,35.938475999999994,summer weekend,31.66
2024-07-21 20:00:00.000,35.99345399999999,summer weekend,31.66
2024-07-21 21:00:00.000,33.960517499999995,summer weekend,31.66
2024-07-21 22:00:00.000,31.692674999999998,summer weekend,31.66
2024-07-21 23:00:00.000,35.241254999999995,summer weekend,31.66
2024-07-22 00:00:00.000,32.058778499999995,summer weekday,30.1
2024-07-22 01:00:00.000,30.840515999999997,summer weekday,30.1
2024-07-22 02:00:00.000,30.8467635,summer weekday,30.1
2024-07-22 03:00:00.000,30.748053,summer weekday,30.1
2024-07-22 04:00:00.000,30.263247,summer weekday,30.1
2024-07-22 05:00:00.000,34.913886,summer weekday,34.9
2024-07-22 06:00:00.000,36.438276,summer weekday,34.9
2024-07-22 07:00:00.000,35.734807499999995,summer weekday,34.9
2024-07-22 08:00:00.000,31.772642999999995,summer weekday,30.1
2024-07-22 09:00:00.000,29.373603,summer weekday,30.1
2024-07-22 10:00:00.000,29.091216,summer weekday,30.1
2024-07-22 11:00:00.000,28.259048999999997,summer weekday,30.1
2024-07-22 12:00:00.000,25.3889475,summer weekday,25.44
2024-07-22 13:00:00.000,22.410139499999996,summer weekday,25.44
2024-07-22 14:00:00.000,22.531341,summer weekday,25.44
2024-07-22 15:00:00.000,26.039936999999995,summer weekday,25.44
2024-07-22 16:00:00.000,27.9429255,summer weekday,30.1
2024-07-22 17:00:00.000,30.1245525,summer weekday,30.1
2024-07-22 18:00:00.000,32.359908,summer weekday,30.1
2024-07-22 19:00:00.000,43.25554799999999,summer weekday,34.9
2024-07-22 20:00:00.000,41.481258,summer weekday,34.9
2024-07-22 21:00:00.000,33.859308,summer weekday,34.9
2024-07-22 22:00:00.000,32.22996,summer weekday,30.1
2024-07-22 23:00:00.000,30.4044405,summer weekday,30.1
2024-07-23 00:00:00.000,29.456069999999997,summer weekday,30.1
2024-07-23 01:00:00.000,29.568524999999998,summer weekday,30.1
2024-07-23 02:00:00.000,28.793834999999994,summer weekday,30.1
2024-07-23 03:00:00.000,29.2099185,summer weekday,30.1
2024-07-23 04:00:00.000,29.5572795,summer weekday,30.1
2024-07-23 05:00:00.000,33.320773499999994,summer weekday,34.9
2024-07-23 06:00:00.000,35.0425845,summer weekday,34.9
2024-07-23 07:00:00.000,34.380349499999994,summer weekday,34.9
2024-07-23 08:00:00.000,30.8917455,summer weekday,30.1
2024-07-23 09:00:00.000,28.5901665,summer weekday,30.1
2024-07-23 10:00:00.000,27.6530415,summer weekday,25.44
2024-07-23 11:00:00.000,25.410188999999995,summer weekday,25.44
2024-07-23 12:00:00.000,24.769195499999995,summer weekday,25.44
2024-07-23 13:00:00.000,24.484309499999995,summer weekday,25.44
2024-07-23 14:00:00.000,25.227761999999995,summer weekday,25.44
2024-07-23 15:00:00.000,28.089117,summer weekday,30.1
2024-07-23 16:00:00.000,29.922133499999997,summer weekday,30.1
2024-07-23 17:00:00.000,29.970863999999995,summer weekday,30.1
2024-07-23 18:00:00.000,31.983808499999995,summer weekday,30.1
2024-07-23 19:00:00.000,34.79393399999999,summer weekday,34.9
2024-07-23 20:00:00.000,32.73100949999999,summer weekday,34.9
2024-07-23 21:00:00.000,32.38364849999999,summer weekday,30.1
2024-07-23 22:00:00.000,31.427781,summer weekday,30.1
2024-07-23 23:00:00.000,30.424432499999995,summer weekday,30.1
2024-07-24 00:00:00.000,29.7721935,summer weekday,30.1
2024-07-24 01:00:00.000,29.051231999999995,summer weekday,30.1
2024-07-24 02:00:00.000,29.3373675,summer weekday,30.1
2024-07-24 03:00:00.000,29.3548605,summer weekday,30.1
2024-07-24 04:00:00.000,29.4523215,summer weekday,30.1
2024-07-24 05:00:00.000,32.86345649999999,summer weekday,34.9
2024-07-24 06:00:00.000,36.090915,summer weekday,34.9
2024-07-24 07:00:00.000,32.3786505,summer weekday,30.1
2024-07-24 08:00:00.000,29.0949645,summer weekday,30.1
2024-07-24 09:00:00.000,26.844615,summer weekday,25.44
2024-07-24 10:00:00.000,22.632550499999997,summer weekday,25.44
2024-07-24 11:00:00.000,20.182281,summer weekday,25.44
2024-07-24 12:00:00.000,19.9679025,summer weekday,25.44
2024-07-24 13:00:00.000,19.751977,summer weekday,25.44
2024-07-24 14:00:00.000,19.763282,summer weekday,25.44
2024-07-24 15:00:00.000,20.2609995,summer weekday,25.44
2024-07-24 16:00:00.000,24.891646499999997,summer weekday,25.44
2024-07-24 17:00:00.000,28.648892999999997,summer weekday,30.1
2024-07-24 18:00:00.000,31.967565,summer weekday,30.1
2024-07-24 19:00:00.000,33.72061349999999,summer weekday,34.9
2024-07-24 20:00:00.000,35.20626899999999,summer weekday,34.9
2024-07-24 21:00:00.000,33.676880999999995,summer weekday,34.9
2024-07-24 22:00:00.000,31.8588585,summer weekday,30.1
2024-07-24 23:00:00.000,31.548982499999997,summer weekday,30.1
2024-07-25 00:00:00.000,30.8805,summer weekday,30.1
2024-07-25 01:00:00.000,30.593114999999997,summer weekday,30.1
2024-07-25 02:00:00.000,29.970863999999995,summer weekday,30.1
2024-07-25 03:00:00.000,29.53104,summer weekday,30.1
2024-07-25 04:00:00.000,31.546483499999997,summer weekday,30.1
2024-07-25 05:00:00.000,33.249552,summer weekday,34.9
2024-07-25 06:00:00.000,34.586517,summer weekday,34.9
2024-07-25 07:00:00.000,31.352811,summer weekday,30.1
2024-07-25 08:00:00.000,28.978760999999995,summer weekday,30.1
2024-07-25 09:00:00.000,26.867106,summer weekday,25.44
2024-07-25 10:00:00.000,24.6017625,summer weekday,25.44
2024-07-25 11:00:00.000,23.0223945,summer weekday,25.44
2024-07-25 12:00:00.000,22.153991999999995,summer weekday,25.44
2024-07-25 13:00:00.000,21.6429465,summer weekday,25.44
2024-07-25 14:00:00.000,23.25855,summer weekday,25.44
2024-07-25 15:00:00.000,26.70717,summer weekday,25.44
2024-07-25 16:00:00.000,29.98086,summer weekday,30.1
2024-07-25 17:00:00.000,32.10500999999999,summer weekday,30.1
2024-07-25 18:00:00.000,35.8447635,summer weekday,34.9
2024-07-25 19:00:00.000,39.442074,summer weekday,34.9
2024-07-25 20:00:00.000,36.4295295,summer weekday,34.9
2024-07-25 21:00:00.000,32.479859999999995,summer weekday,30.1
2024-07-25 22:00:00.000,30.5993625,summer weekday,30.1
2024-07-25 23:00:00.000,30.395693999999995,summer weekday,30.1
2024-07-26 00:00:00.000,29.218664999999994,summer weekday,30.1
2024-07-26 01:00:00.000,29.868404999999992,summer weekday,30.1
2024-07-26 02:00:00.000,30.182029499999995,summer weekday,30.1
2024-07-26 03:00:00.000,30.1270515,summer weekday,30.1
2024-07-26 04:00:00.000,30.381949499999997,summer weekday,30.1
2024-07-26 05:00:00.000,32.419884,summer weekday,30.1
2024-07-26 06:00:00.000,34.549032,summer weekday,34.9
2024-07-26 07:00:00.000,32.99215499999999,summer weekday,34.9
2024-07-26 08:00:00.000,32.08376849999999,summer weekday,30.1
2024-07-26 09:00:00.000,31.296583499999997,summer weekday,30.1
2024-07-26 10:00:00.000,30.149542499999995,summer weekday,30.1
2024-07-26 11:00:00.000,28.731359999999995,summer weekday,30.1
2024-07-26 12:00:00.000,27.87170399999999,summer weekday,30.1
2024-07-26 13:00:00.000,27.5056005,summer weekday,25.44
2024-07-26 14:00:00.000,28.498953,summer weekday,30.1
2024-07-26 15:00:00.000,29.086217999999995,summer weekday,30.1
2024-07-26 16:00:00.000,31.045433999999997,summer weekday,30.1
2024-07-26 17:00:00.000,31.772642999999995,summer weekday,30.1
2024-07-26 18:00:00.000,33.45322049999999,summer weekday,34.9
2024-07-26 19:00:00.000,37.8839475,summer weekday,34.9
2024-07-26 20:00:00.000,37.35291,summer weekday,34.9
2024-07-26 21:00:00.000,33.2782905,summer weekday,34.9
2024-07-26 22:00:00.000,32.2187145,summer weekday,30.1
2024-07-26 23:00:00.000,32.974661999999995,summer weekday,34.9
2024-07-27 00:00:00.000,32.905939499999995,summer weekend,31.66
2024-07-27 01:00:00.000,32.1537405,summer weekend,31.66
2024-07-27 02:00:00.000,31.8863475,summer weekend,31.66
2024-07-27 03:00:00.000,31.537736999999996,summer weekend,31.66
2024-07-27 04:00:00.000,31.2940845,summer weekend,31.66
2024-07-27 05:00:00.000,30.90549,summer weekend,31.66
2024-07-27 06:00:00.000,30.3244725,summer weekend,31.66
2024-07-27 07:00:00.000,30.566875499999995,summer weekend,31.66
2024-07-27 08:00:00.000,28.4402265,summer weekend,27.0
2024-07-27 09:00:00.000,27.579321,summer weekend,27.0
2024-07-27 10:00:00.000,24.970364999999997,summer weekend,27.0
2024-07-27 11:00:00.000,23.483459999999997,summer weekend,27.0
2024-07-27 12:00:00.000,22.208969999999997,summer weekend,19.7
2024-07-27 13:00:00.000,22.223963999999995,summer weekend,19.7
2024-07-27 14:00:00.000,24.360608999999997,summer weekend,27.0
2024-07-27 15:00:00.000,28.446474,summer weekend,27.0
2024-07-27 16:00:00.000,31.8213735,summer weekend,31.66
2024-07-27 17:00:00.000,33.10086149999999,summer weekend,31.66
2024-07-27 18:00:00.000,34.56527549999999,summer weekend,31.66
2024-07-27 19:00:00.000,35.366204999999994,summer weekend,31.66
2024-07-27 20:00:00.000,35.20626899999999,summer weekend,31.66
2024-07-27 21:00:00.000,33.491955,summer weekend,31.66
2024-07-27 22:00:00.000,32.222463,summer weekend,31.66
2024-07-27 23:00:00.000,33.7281105,summer weekend,31.66
2024-07-28 00:00:00.000,31.86885449999999,summer weekend,31.66
2024-07-28 01:00:00.000,31.006699499999996,summer weekend,31.66
2024-07-28 02:00:00.000,30.172033499999998,summer weekend,31.66
2024-07-28 03:00:00.000,29.798433,summer weekend,31.66
2024-07-28 04:00:00.000,29.888397,summer weekend,31.66
2024-07-28 05:00:00.000,29.422333499999997,summer weekend,31.66
2024-07-28 06:00:00.000,29.0574795,summer weekend,27.0
2024-07-28 07:00:00.000,23.169835499999994,summer weekend,19.7
2024-07-28 08:00:00.000,20.599614,summer weekend,19.7
2024-07-28 09:00:00.000,19.98486,summer weekend,19.7
2024-07-28 10:00:00.000,19.7101485,summer weekend,19.7
2024-07-28 11:00:00.000,18.1048385,summer weekend,19.7
2024-07-28 12:00:00.000,15.4730345,summer weekend,19.7
2024-07-28 13:00:00.000,14.4804555,summer weekend,19.7
2024-07-28 14:00:00.000,16.194293500000004,summer weekend,19.7
2024-07-28 15:00:00.000,18.4281615,summer weekend,19.7
2024-07-28 16:00:00.000,19.7598905,summer weekend,19.7
2024-07-28 17:00:00.000,25.091566499999992,summer weekend,27.0
2024-07-28 18:00:00.000,31.540236,summer weekend,31.66
2024-07-28 19:00:00.000,33.960517499999995,summer weekend,31.66
2024-07-28 20:00:00.000,34.43657699999999,summer weekend,31.66
2024-07-28 21:00:00.000,33.0983625,summer weekend,31.66
2024-07-28 22:00:00.000,30.538136999999995,summer weekend,31.66
2024-07-28 23:00:00.000,29.929630499999995,summer weekend,31.66
2024-07-29 00:00:00.000,29.484808499999996,summer weekday,30.1
2024-07-29 01:00:00.000,29.012497499999995,summer weekday,30.1
2024-07-29 02:00:00.000,29.5172955,summer weekday,30.1
2024-07-29 03:00:00.000,29.98086,summer weekday,30.1
2024-07-29 04:00:00.000,32.642295,summer weekday,34.9
2024-07-29 05:00:00.000,36.85311,summer weekday,34.9
2024-07-29 06:00:00.000,35.186277,summer weekday,34.9
2024-07-29 07:00:00.000,32.287437,summer weekday,30.1
2024-07-29 08:00:00.000,27.939177,summer weekday,30.1
2024-07-29 09:00:00.000,21.306831,summer weekday,25.44
2024-07-29 10:00:00.000,19.966772,summer weekday,25.44
2024-07-29 11:00:00.000,19.9633805,summer weekday,25.44
2024-07-29 12:00:00.000,19.792675,summer weekday,25.44
2024-07-29 13:00:00.000,19.874071,summer weekday,25.44
2024-07-29 14:00:00.000,19.9769465,summer weekday,25.44
2024-07-29 15:00:00.000,21.701673,summer weekday,25.44
2024-07-29 16:00:00.000,28.041635999999997,summer weekday,30.1
2024-07-29 17:00:00.000,32.09376449999999,summer weekday,30.1
2024-07-29 18:00:00.000,35.383697999999995,summer weekday,34.9
2024-07-29 19:00:00.000,42.2347065,summer weekday,34.9
2024-07-29 20:00:00.000,36.568224,summer weekday,34.9
2024-07-29 21:00:00.000,33.45446999999999,summer weekday,34.9
2024-07-29 22:00:00.000,31.25535,summer weekday,30.1
2024-07-29 23:00:00.000,29.7322095,summer weekday,30.1
2024-07-30 00:00:00.000,29.4523215,summer weekday,30.1
2024-07-30 01:00:00.000,29.8896465,summer weekday,30.1
2024-07-30 02:00:00.000,30.4469235,summer weekday,30.1
2024-07-30 03:00:00.000,31.0541805,summer weekday,30.1
2024-07-30 04:00:00.000,32.7110175,summer weekday,34.9
2024-07-30 05:00:00.000,34.43407799999999,summer weekday,34.9
2024-07-30 06:00:00.000,34.164185999999994,summer weekday,34.9
2024-07-30 07:00:00.000,32.43612749999999,summer weekday,30.1
2024-07-30 08:00:00.000,28.453971,summer weekday,30.1
2024-07-30 09:00:00.000,24.672983999999992,summer weekday,25.44
2024-07-30 10:00:00.000,20.964468,summer weekday,25.44
2024-07-30 11:00:00.000,20.1210555,summer weekday,25.44
2024-07-30 12:00:00.000,19.980338,summer weekday,25.44
2024-07-30 13:00:00.000,19.978077,summer weekday,25.44
2024-07-30 14:00:00.000,21.6404475,summer weekday,25.44
2024-07-30 15:00:00.000,25.067826,summer weekday,25.44
2024-07-30 16:00:00.000,29.743455,summer weekday,30.1
2024-07-30 17:00:00.000,32.904689999999995,summer weekday,34.9
2024-07-30 18:00:00.000,36.15838799999999,summer weekday,34.9
2024-07-30 19:00:00.000,42.1172535,summer weekday,34.9
2024-07-30 20:00:00.000,38.4362265,summer weekday,34.9
2024-07-30 21:00:00.000,34.351611,summer weekday,34.9
2024-07-30 22:00:00.000,32.359908,summer weekday,30.1
2024-07-30 23:00:00.000,32.336167499999995,summer weekday,30.1
2024-07-31 00:00:00.000,30.8917455,summer weekday,30.1
2024-07-31 01:00:00.000,30.6293505,summer weekday,30.1
2024-07-31 02:00:00.000,30.343214999999997,summer weekday,30.1
2024-07-31 03:00:00.000,31.30533,summer weekday,30.1
2024-07-31 04:00:00.000,32.7784905,summer weekday,34.9
2024-07-31 05:00:00.000,34.0429845,summer weekday,34.9
2024-07-31 06:00:00.000,33.746852999999994,summer weekday,34.9
2024-07-31 07:00:00.000,31.887597,summer weekday,30.1
2024-07-31 08:00:00.000,29.858408999999995,summer weekday,30.1
2024-07-31 09:00:00.000,26.9683155,summer weekday,25.44
2024-07-31 10:00:00.000,24.165686999999995,summer weekday,25.44
2024-07-31 11:00:00.000,22.702522499999997,summer weekday,25.44
2024-07-31 12:00:00.000,21.404292,summer weekday,25.44
2024-07-31 13:00:00.000,22.175233499999997,summer weekday,25.44
2024-07-31 14:00:00.000,23.950772999999995,summer weekday,25.44
2024-07-31 15:00:00.000,25.743805499999997,summer weekday,25.44
2024-07-31 16:00:00.000,29.462317499999997,summer weekday,30.1
2024-07-31 17:00:00.000,32.374902,summer weekday,30.1
2024-07-31 18:00:00.000,34.4028405,summer weekday,34.9
2024-07-31 19:00:00.000,36.9968025,summer weekday,34.9
2024-07-31 20:00:00.000,34.50280049999999,summer weekday,34.9
2024-07-31 21:00:00.000,33.043384499999995,summer weekday,34.9
2024-07-31 22:00:00.000,32.041285499999994,summer weekday,30.1
2024-07-31 23:00:00.000,32.03628749999999,summer weekday,30.1
2024-08-01 00:00:00.000,31.53024,summer weekday,30.1
2024-08-01 01:00:00.000,30.836767499999997,summer weekday,30.1
2024-08-01 02:00:00.000,30.494404499999995,summer weekday,30.1
2024-08-01 03:00:00.000,31.615205999999997,summer weekday,30.1
2024-08-01 04:00:00.000,34.0679745,summer weekday,34.9
2024-08-01 05:00:00.000,36.77689049999999,summer weekday,34.9
2024-08-01 06:00:00.000,33.669383999999994,summer weekday,34.9
2024-08-01 07:00:00.000,33.2233125,summer weekday,34.9
2024-08-01 08:00:00.000,31.242854999999995,summer weekday,30.1
2024-08-01 09:00:00.000,29.5997625,summer weekday,30.1
2024-08-01 10:00:00.000,28.436477999999997,summer weekday,30.1
2024-08-01 11:00:00.000,27.985408499999995,summer weekday,30.1
2024-08-01 12:00:00.000,27.529340999999995,summer weekday,25.44
2024-08-01 13:00:00.000,27.7804905,summer weekday,30.1
2024-08-01 14:00:00.000,28.883799,summer weekday,30.1
2024-08-01 15:00:00.000,29.6547405,summer weekday,30.1
2024-08-01 16:00:00.000,31.875102,summer weekday,30.1
2024-08-01 17:00:00.000,32.833468499999995,summer weekday,34.9
2024-08-01 18:00:00.000,34.041735,summer weekday,34.9
2024-08-01 19:00:00.000,37.2367065,summer weekday,34.9
2024-08-01 20:00:00.000,35.4824085,summer weekday,34.9
2024-08-01 21:00:00.000,34.096713,summer weekday,34.9
2024-08-01 22:00:00.000,33.192075,summer weekday,34.9
2024-08-01 23:00:00.000,31.721413499999997,summer weekday,30.1
2024-08-02 00:00:00.000,31.126651499999998,summer weekday,30.1
2024-08-02 01:00:00.000,30.99420449999999,summer weekday,30.1
2024-08-02 02:00:00.000,30.3519615,summer weekday,30.1
2024-08-02 03:00:00.000,30.8492625,summer weekday,30.1
2024-08-02 04:00:00.000,32.056279499999995,summer weekday,30.1
2024-08-02 05:00:00.000,33.823072499999995,summer weekday,34.9
2024-08-02 06:00:00.000,35.15129099999999,summer weekday,34.9
2024-08-02 07:00:00.000,34.1279505,summer weekday,34.9
2024-08-02 08:00:00.000,33.032138999999994,summer weekday,34.9
2024-08-02 09:00:00.000,31.440275999999997,summer weekday,30.1
2024-08-02 10:00:00.000,29.6922255,summer weekday,30.1
2024-08-02 11:00:00.000,29.178680999999997,summer weekday,30.1
2024-08-02 12:00:00.000,27.724262999999997,summer weekday,25.44
2024-08-02 13:00:00.000,26.662188,summer weekday,25.44
2024-08-02 14:00:00.000,26.304831,summer weekday,25.44
2024-08-02 15:00:00.000,28.159088999999994,summer weekday,30.1
2024-08-02 16:00:00.000,29.6922255,summer weekday,30.1
2024-08-02 17:00:00.000,32.757248999999995,summer weekday,34.9
2024-08-02 18:00:00.000,36.0396855,summer weekday,34.9
2024-08-02 19:00:00.000,38.25130049999999,summer weekday,34.9
2024-08-02 20:00:00.000,35.186277,summer weekday,34.9
2024-08-02 21:00:00.000,34.281639,summer weekday,34.9
2024-08-02 22:00:00.000,32.3561595,summer weekday,30.1
2024-08-02 23:00:00.000,32.8109775,summer weekday,34.9
2024-08-03 00:00:00.000,32.372403,summer weekend,31.66
2024-08-03 01:00:00.000,31.642694999999996,summer weekend,31.66
2024-08-03 02:00:00.000,31.117905,summer weekend,31.66
2024-08-03 03:00:00.000,30.769294499999997,summer weekend,31.66
2024-08-03 04:00:00.000,31.840115999999995,summer weekend,31.66
2024-08-03 05:00:00.000,32.947173,summer weekend,31.66
2024-08-03 06:00:00.000,31.9188345,summer weekend,31.66
2024-08-03 07:00:00.000,30.543134999999992,summer weekend,31.66
2024-08-03 08:00:00.000,28.239056999999995,summer weekend,27.0
2024-08-03 09:00:00.000,24.038237999999996,summer weekend,27.0
2024-08-03 10:00:00.000,22.528841999999997,summer weekend,19.7
2024-08-03 11:00:00.000,21.816627,summer weekend,19.7
2024-08-03 12:00:00.000,20.7857895,summer weekend,19.7
2024-08-03 13:00:00.000,20.497155,summer weekend,19.7
2024-08-03 14:00:00.000,21.531741,summer weekend,19.7
2024-08-03 15:00:00.000,24.038237999999996,summer weekend,27.0
2024-08-03 16:00:00.000,29.1824295,summer weekend,27.0
2024-08-03 17:00:00.000,32.9234325,summer weekend,31.66
2024-08-03 18:00:00.000,33.73185899999999,summer weekend,31.66
2024-08-03 19:00:00.000,35.55862799999999,summer weekend,31.66
2024-08-03 20:00:00.000,37.05802799999999,summer weekend,31.66
2024-08-03 21:00:00.000,34.878899999999994,summer weekend,31.66
2024-08-03 22:00:00.000,32.642295,summer weekend,31.66
2024-08-03 23:00:00.000,33.755599499999995,summer weekend,31.66
2024-08-04 00:00:00.000,32.64729299999999,summer weekend,31.66
2024-08-04 01:00:00.000,32.092515,summer weekend,31.66
2024-08-04 02:00:00.000,31.565226,summer weekend,31.66
2024-08-04 03:00:00.000,31.256599499999997,summer weekend,31.66
2024-08-04 04:00:00.000,30.355709999999995,summer weekend,31.66
2024-08-04 05:00:00.000,29.693475,summer weekend,31.66
2024-08-04 06:00:00.000,29.1312,summer weekend,27.0
2024-08-04 07:00:00.000,27.972913499999997,summer weekend,27.0
2024-08-04 08:00:00.000,23.497204499999995,summer weekend,27.0
2024-08-04 09:00:00.000,20.9907075,summer weekend,19.7
2024-08-04 10:00:00.000,20.241007499999995,summer weekend,19.7
2024-08-04 11:00:00.000,19.992357,summer weekend,19.7
2024-08-04 12:00:00.000,19.980338,summer weekend,19.7
2024-08-04 13:00:00.000,19.740672,summer weekend,19.7
2024-08-04 14:00:00.000,19.9837295,summer weekend,19.7
2024-08-04 15:00:00.000,20.10981,summer weekend,19.7
2024-08-04 16:00:00.000,22.791236999999995,summer weekend,19.7
2024-08-04 17:00:00.000,29.127451499999992,summer weekend,27.0
2024-08-04 18:00:00.000,33.187076999999995,summer weekend,31.66
2024-08-04 19:00:00.000,34.968864,summer weekend,31.66
2024-08-04 20:00:00.000,35.60236049999999,summer weekend,31.66
2024-08-04 21:00:00.000,34.096713,summer weekend,31.66
2024-08-04 22:00:00.000,33.08336849999999,summer weekend,31.66
2024-08-04 23:00:00.000,32.86470599999999,summer weekend,31.66
2024-08-05 00:00:00.000,30.645594,summer weekday,30.1
2024-08-05 01:00:00.000,30.268245,summer weekday,30.1
2024-08-05 02:00:00.000,30.649342499999992,summer weekday,30.1
2024-08-05 03:00:00.000,30.4294305,summer weekday,30.1
2024-08-05 04:00:00.000,32.134998,summer weekday,30.1
2024-08-05 05:00:00.000,34.851411,summer weekday,34.9
2024-08-05 06:00:00.000,37.0717725,summer weekday,34.9
2024-08-05 07:00:00.000,34.22541149999999,summer weekday,34.9
2024-08-05 08:00:00.000,32.833468499999995,summer weekday,34.9
2024-08-05 09:00:00.000,29.293635,summer weekday,30.1
2024-08-05 10:00:00.000,28.019144999999995,summer weekday,30.1
2024-08-05 11:00:00.000,27.122004,summer weekday,25.44
2024-08-05 12:00:00.000,25.2390075,summer weekday,25.44
2024-08-05 13:00:00.000,24.5267925,summer weekday,25.44
2024-08-05 14:00:00.000,26.4110385,summer weekday,25.44
2024-08-05 15:00:00.000,28.743854999999996,summer weekday,30.1
2024-08-05 16:00:00.000,30.65559,summer weekday,30.1
2024-08-05 17:00:00.000,33.600661499999994,summer weekday,34.9
2024-08-05 18:00:00.000,39.072222,summer weekday,34.9
2024-08-05 19:00:00.000,51.22360949999999,summer weekday,34.9
2024-08-05 20:00:00.000,41.34256349999999,summer weekday,34.9
2024-08-05 21:00:00.000,35.016344999999994,summer weekday,34.9
2024-08-05 22:00:00.000,32.844714,summer weekday,34.9
2024-08-05 23:00:00.000,32.8659555,summer weekday,34.9
2024-08-06 00:00:00.000,31.926331499999996,summer weekday,30.1
2024-08-06 01:00:00.000,31.135397999999995,summer weekday,30.1
2024-08-06 02:00:00.000,30.635597999999995,summer weekday,30.1
2024-08-06 03:00:00.000,30.700571999999998,summer weekday,30.1
2024-08-06 04:00:00.000,31.951321499999995,summer weekday,30.1
2024-08-06 05:00:00.000,35.461167,summer weekday,34.9
2024-08-06 06:00:00.000,35.733557999999995,summer weekday,34.9
2024-08-06 07:00:00.000,30.6418455,summer weekday,30.1
2024-08-06 08:00:00.000,29.294884499999995,summer weekday,30.1
2024-08-06 09:00:00.000,24.48805799999999,summer weekday,25.44
2024-08-06 10:00:00.000,22.662538499999997,summer weekday,25.44
2024-08-06 11:00:00.000,21.966566999999998,summer weekday,25.44
2024-08-06 12:00:00.000,20.3534625,summer weekday,25.44
2024-08-06 13:00:00.000,20.5833705,summer weekday,25.44
2024-08-06 14:00:00.000,22.413888,summer weekday,25.44
2024-08-06 15:00:00.000,24.946624499999995,summer weekday,25.44
2024-08-06 16:00:00.000,30.254500499999992,summer weekday,30.1
2024-08-06 17:00:00.000,33.2657955,summer weekday,34.9
2024-08-06 18:00:00.000,41.798631,summer weekday,34.9
2024-08-06 19:00:00.000,48.82956749999999,summer weekday,34.9
2024-08-06 20:00:00.000,41.28258749999999,summer weekday,34.9
2024-08-06 21:00:00.000,34.796433,summer weekday,34.9
2024-08-06 22:00:00.000,32.483608499999995,summer weekday,30.1
2024-08-06 23:00:00.000,31.404040499999997,summer weekday,30.1
2024-08-07 00:00:00.000,30.385697999999994,summer weekday,30.1
2024-08-07 01:00:00.000,29.892145499999994,summer weekday,30.1
2024-08-07 02:00:00.000,30.385697999999994,summer weekday,30.1
2024-08-07 03:00:00.000,30.784288499999995,summer weekday,30.1
2024-08-07 04:00:00.000,33.024642,summer weekday,34.9
2024-08-07 05:00:00.000,35.737306499999995,summer weekday,34.9
2024-08-07 06:00:00.000,35.975961,summer weekday,34.9
2024-08-07 07:00:00.000,33.611906999999995,summer weekday,34.9
2024-08-07 08:00:00.000,31.0941645,summer weekday,30.1
2024-08-07 09:00:00.000,29.176182,summer weekday,30.1
2024-08-07 10:00:00.000,27.7929855,summer weekday,30.1
2024-08-07 11:00:00.000,25.250253,summer weekday,25.44
2024-08-07 12:00:00.000,24.3643575,summer weekday,25.44
2024-08-07 13:00:00.000,26.3810505,summer weekday,25.44
2024-08-07 14:00:00.000,28.641396,summer weekday,30.1
2024-08-07 15:00:00.000,30.698073,summer weekday,30.1
2024-08-07 16:00:00.000,33.1296,summer weekday,34.9
2024-08-07 17:00:00.000,33.2807895,summer weekday,34.9
2024-08-07 18:00:00.000,34.947622499999994,summer weekday,34.9
2024-08-07 19:00:00.000,38.637396,summer weekday,34.9
2024-08-07 20:00:00.000,36.7593975,summer weekday,34.9
2024-08-07 21:00:00.000,34.071723,summer weekday,34.9
2024-08-07 22:00:00.000,32.827220999999994,summer weekday,34.9
2024-08-07 23:00:00.000,32.0337885,summer weekday,30.1
2024-08-08 00:00:00.000,30.987957,summer weekday,30.1
2024-08-08 01:00:00.000,30.900491999999996,summer weekday,30.1
2024-08-08 02:00:00.000,30.987957,summer weekday,30.1
2024-08-08 03:00:00.000,31.0141965,summer weekday,30.1
2024-08-08 04:00:00.000,31.9938045,summer weekday,30.1
2024-08-08 05:00:00.000,33.8455635,summer weekday,34.9
2024-08-08 06:00:00.000,35.594863499999995,summer weekday,34.9
2024-08-08 07:00:00.000,34.28038949999999,summer weekday,34.9
2024-08-08 08:00:00.000,33.334518,summer weekday,34.9
2024-08-08 09:00:00.000,30.74305499999999,summer weekday,30.1
2024-08-08 10:00:00.000,28.93128,summer weekday,30.1
2024-08-08 11:00:00.000,27.1182555,summer weekday,25.44
2024-08-08 12:00:00.000,25.044085499999994,summer weekday,25.44
2024-08-08 13:00:00.000,24.005750999999997,summer weekday,25.44
2024-08-08 14:00:00.000,25.012847999999995,summer weekday,25.44
2024-08-08 15:00:00.000,27.2082195,summer weekday,25.44
2024-08-08 16:00:00.000,30.045834,summer weekday,30.1
2024-08-08 17:00:00.000,32.719764,summer weekday,34.9
2024-08-08 18:00:00.000,37.2891855,summer weekday,34.9
2024-08-08 19:00:00.000,44.6387445,summer weekday,34.9
2024-08-08 20:00:00.000,36.85311,summer weekday,34.9
2024-08-08 21:00:00.000,32.72975999999999,summer weekday,34.9
2024-08-08 22:00:00.000,31.675182,summer weekday,30.1
2024-08-08 23:00:00.000,32.94342449999999,summer weekday,34.9
2024-08-09 00:00:00.000,30.470664,summer weekday,30.1
2024-08-09 01:00:00.000,28.398992999999997,summer weekday,30.1
2024-08-09 02:00:00.000,28.019144999999995,summer weekday,30.1
2024-08-09 03:00:00.000,26.6459445,summer weekday,25.44
2024-08-09 04:00:00.000,28.026641999999995,summer weekday,30.1
2024-08-09 05:00:00.000,29.98086,summer weekday,30.1
2024-08-09 06:00:00.000,31.031689499999995,summer weekday,30.1
2024-08-09 07:00:00.000,27.406889999999997,summer weekday,25.44
2024-08-09 08:00:00.000,23.8970445,summer weekday,25.44
2024-08-09 09:00:00.000,21.106911,summer weekday,25.44
2024-08-09 10:00:00.000,20.05983,summer weekday,25.44
2024-08-09 11:00:00.000,19.9814685,summer weekday,25.44
2024-08-09 12:00:00.000,19.966772,summer weekday,25.44
2024-08-09 13:00:00.000,19.89442,summer weekday,25.44
2024-08-09 14:00:00.000,19.972424499999995,summer weekday,25.44
2024-08-09 15:00:00.000,19.9837295,summer weekday,25.44
2024-08-09 16:00:00.000,20.3034825,summer weekday,25.44
2024-08-09 17:00:00.000,25.205271,summer weekday,25.44
2024-08-09 18:00:00.000,30.110808,summer weekday,30.1
2024-08-09 19:00:00.000,35.5998615,summer weekday,34.9
2024-08-09 20:00:00.000,34.735207499999994,summer weekday,34.9
2024-08-09 21:00:00.000,34.161687,summer weekday,34.9
2024-08-09 22:00:00.000,31.6339485,summer weekday,30.1
2024-08-09 23:00:00.000,30.6168555,summer weekday,30.1
2024-08-10 00:00:00.000,31.496503499999992,summer weekend,31.66
2024-08-10 01:00:00.000,30.890495999999995,summer weekend,31.66
2024-08-10 02:00:00.000,30.5643765,summer weekend,31.66
2024-08-10 03:00:00.000,30.3469635,summer weekend,31.66
2024-08-10 04:00:00.000,30.670584,summer weekend,31.66
2024-08-10 05:00:00.000,31.065426,summer weekend,31.66
2024-08-10 06:00:00.000,29.4823095,summer weekend,31.66
2024-08-10 07:00:00.000,23.965766999999992,summer weekend,27.0
2024-08-10 08:00:00.000,20.00985,summer weekend,19.7
2024-08-10 09:00:00.000,19.64571,summer weekend,19.7
2024-08-10 10:00:00.000,18.60565,summer weekend,19.7
2024-08-10 11:00:00.000,17.4423655,summer weekend,19.7
2024-08-10 12:00:00.000,15.3758115,summer weekend,19.7
2024-08-10 13:00:00.000,15.4526855,summer weekend,19.7
2024-08-10 14:00:00.000,16.6306665,summer weekend,19.7
2024-08-10 15:00:00.000,19.05785,summer weekend,19.7
2024-08-10 16:00:00.000,19.9936065,summer weekend,19.7
2024-08-10 17:00:00.000,26.087418,summer weekend,27.0
2024-08-10 18:00:00.000,33.29828249999999,summer weekend,31.66
2024-08-10 19:00:00.000,35.6573385,summer weekend,31.66
2024-08-10 20:00:00.000,36.60321,summer weekend,31.66
2024-08-10 21:00:00.000,34.71021749999999,summer weekend,31.66
2024-08-10 22:00:00.000,33.30952799999999,summer weekend,31.66
2024-08-10 23:00:00.000,33.318274499999994,summer weekend,31.66
2024-08-11 00:00:00.000,33.0009015,summer weekend,31.66
2024-08-11 01:00:00.000,32.474861999999995,summer weekend,31.66
2024-08-11 02:00:00.000,31.872602999999994,summer weekend,31.66
2024-08-11 03:00:00.000,32.041285499999994,summer weekend,31.66
2024-08-11 04:00:00.000,34.3503615,summer weekend,31.66
2024-08-11 05:00:00.000,33.284538,summer weekend,31.66
2024-08-11 06:00:00.000,28.858809,summer weekend,27.0
2024-08-11 07:00:00.000,23.458469999999995,summer weekend,27.0
2024-08-11 08:00:00.000,19.98486,summer weekend,19.7
2024-08-11 09:00:00.000,19.4184795,summer weekend,19.7
2024-08-11 10:00:00.000,18.2902405,summer weekend,19.7
2024-08-11 11:00:00.000,16.362738,summer weekend,19.7
2024-08-11 12:00:00.000,13.206382,summer weekend,19.7
2024-08-11 13:00:00.000,14.3221855,summer weekend,19.7
2024-08-11 14:00:00.000,16.432829,summer weekend,19.7
2024-08-11 15:00:00.000,19.4230015,summer weekend,19.7
2024-08-11 16:00:00.000,20.167287,summer weekend,19.7
2024-08-11 17:00:00.000,30.997952999999995,summer weekend,31.66
2024-08-11 18:00:00.000,36.07842,summer weekend,31.66
2024-08-11 19:00:00.000,37.12550099999999,summer weekend,31.66
2024-08-11 20:00:00.000,35.7473025,summer weekend,31.66
2024-08-11 21:00:00.000,33.7281105,summer weekend,31.66
2024-08-11 22:00:00.000,32.139996,summer weekend,31.66
2024-08-11 23:00:00.000,33.102111,summer weekend,31.66
2024-08-12 00:00:00.000,31.807629,summer weekday,30.1
2024-08-12 01:00:00.000,30.643095,summer weekday,30.1
2024-08-12 02:00:00.000,30.805529999999997,summer weekday,30.1
2024-08-12 03:00:00.000,31.086667499999997,summer weekday,30.1
2024-08-12 04:00:00.000,34.296633,summer weekday,34.9
2024-08-12 05:00:00.000,39.204669,summer weekday,34.9
2024-08-12 06:00:00.000,39.204669,summer weekday,34.9
2024-08-12 07:00:00.000,34.385347499999995,summer weekday,34.9
2024-08-12 08:00:00.000,28.718865,summer weekday,30.1
2024-08-12 09:00:00.000,24.997853999999997,summer weekday,25.44
2024-08-12 10:00:00.000,21.989058,summer weekday,25.44
2024-08-12 11:00:00.000,21.241857,summer weekday,25.44
2024-08-12 12:00:00.000,20.857011,summer weekday,25.44
2024-08-12 13:00:00.000,21.70917,summer weekday,25.44
2024-08-12 14:00:00.000,23.4672165,summer weekday,25.44
2024-08-12 15:00:00.000,26.0636775,summer weekday,25.44
2024-08-12 16:00:00.000,31.1416455,summer weekday,30.1
2024-08-12 17:00:00.000,35.326221,summer weekday,34.9
2024-08-12 18:00:00.000,45.72705899999999,summer weekday,34.9
2024-08-12 19:00:00.000,48.07861799999999,summer weekday,34.9
2024-08-12 20:00:00.000,36.020942999999995,summer weekday,34.9
2024-08-12 21:00:00.000,33.33951599999999,summer weekday,34.9
2024-08-12 22:00:00.000,32.4861075,summer weekday,30.1
2024-08-12 23:00:00.000,32.43487799999999,summer weekday,30.1
2024-08-13 00:00:00.000,30.9692145,summer weekday,30.1
2024-08-13 01:00:00.000,30.805529999999997,summer weekday,30.1
2024-08-13 02:00:00.000,30.5793705,summer weekday,30.1
2024-08-13 03:00:00.000,30.575622,summer weekday,30.1
2024-08-13 04:00:00.000,32.6510415,summer weekday,34.9
2024-08-13 05:00:00.000,35.686077,summer weekday,34.9
2024-08-13 06:00:00.000,36.6919245,summer weekday,34.9
2024-08-13 07:00:00.000,34.7152155,summer weekday,34.9
2024-08-13 08:00:00.000,30.956719499999995,summer weekday,30.1
2024-08-13 09:00:00.000,28.3152765,summer weekday,30.1
2024-08-13 10:00:00.000,26.974563,summer weekday,25.44
2024-08-13 11:00:00.000,25.358959499999997,summer weekday,25.44
2024-08-13 12:00:00.000,25.029091499999996,summer weekday,25.44
2024-08-13 13:00:00.000,25.977461999999992,summer weekday,25.44
2024-08-13 14:00:00.000,28.000402499999996,summer weekday,30.1
2024-08-13 15:00:00.000,30.730559999999997,summer weekday,30.1
2024-08-13 16:00:00.000,33.104609999999994,summer weekday,34.9
2024-08-13 17:00:00.000,35.108808,summer weekday,34.9
2024-08-13 18:00:00.000,45.31472399999999,summer weekday,34.9
2024-08-13 19:00:00.000,45.64334249999999,summer weekday,34.9
2024-08-13 20:00:00.000,36.090915,summer weekday,34.9
2024-08-13 21:00:00.000,33.914286,summer weekday,34.9
2024-08-13 22:00:00.000,33.103360499999994,summer weekday,34.9
2024-08-13 23:00:00.000,30.9467235,summer weekday,30.1
2024-08-14 00:00:00.000,31.3290705,summer weekday,30.1
2024-08-14 01:00:00.000,30.9467235,summer weekday,30.1
2024-08-14 02:00:00.000,31.655189999999997,summer weekday,30.1
2024-08-14 03:00:00.000,31.680179999999996,summer weekday,30.1
2024-08-14 04:00:00.000,33.36700499999999,summer weekday,34.9
2024-08-14 05:00:00.000,36.19587299999999,summer weekday,34.9
2024-08-14 06:00:00.000,37.055529,summer weekday,34.9
2024-08-14 07:00:00.000,35.098811999999995,summer weekday,34.9
2024-08-14 08:00:00.000,33.5781705,summer weekday,34.9
2024-08-14 09:00:00.000,30.365706,summer weekday,30.1
2024-08-14 10:00:00.000,29.635997999999997,summer weekday,30.1
2024-08-14 11:00:00.000,29.087467499999992,summer weekday,30.1
2024-08-14 12:00:00.000,29.403590999999995,summer weekday,30.1
2024-08-14 13:00:00.000,29.3198745,summer weekday,30.1
2024-08-14 14:00:00.000,30.198272999999997,summer weekday,30.1
2024-08-14 15:00:00.000,31.775141999999992,summer weekday,30.1
2024-08-14 16:00:00.000,33.178330499999994,summer weekday,34.9
2024-08-14 17:00:00.000,33.914286,summer weekday,34.9
2024-08-14 18:00:00.000,40.1530395,summer weekday,34.9
2024-08-14 19:00:00.000,47.33891399999999,summer weekday,34.9
2024-08-14 20:00:00.000,38.564925,summer weekday,34.9
2024-08-14 21:00:00.000,35.0325885,summer weekday,34.9
2024-08-14 22:00:00.000,33.7231125,summer weekday,34.9
2024-08-14 23:00:00.000,33.7705935,summer weekday,34.9
2024-08-15 00:00:00.000,33.686877,summer weekday,34.9
2024-08-15 01:00:00.000,33.142095,summer weekday,34.9
2024-08-15 02:00:00.000,31.822623,summer weekday,30.1
2024-08-15 03:00:00.000,31.982558999999995,summer weekday,30.1
2024-08-15 04:00:00.000,33.5931645,summer weekday,34.9
2024-08-15 05:00:00.000,34.947622499999994,summer weekday,34.9
2024-08-15 06:00:00.000,35.06757449999999,summer weekday,34.9
2024-08-15 07:00:00.000,34.3503615,summer weekday,34.9
2024-08-15 08:00:00.000,31.370304,summer weekday,30.1
2024-08-15 09:00:00.000,27.369405,summer weekday,25.44
2024-08-15 10:00:00.000,22.476362999999992,summer weekday,25.44
2024-08-15 11:00:00.000,21.216867,summer weekday,25.44
2024-08-15 12:00:00.000,19.9861095,summer weekday,25.44
2024-08-15 13:00:00.000,19.980338,summer weekday,25.44
2024-08-15 14:00:00.000,20.5158975,summer weekday,25.44
2024-08-15 15:00:00.000,24.1594395,summer weekday,25.44
2024-08-15 16:00:00.000,29.638497,summer weekday,30.1
2024-08-15 17:00:00.000,34.9701135,summer weekday,34.9
2024-08-15 18:00:00.000,37.7914845,summer weekday,34.9
2024-08-15 19:00:00.000,40.014345,summer weekday,34.9
2024-08-15 20:00:00.000,37.582818,summer weekday,34.9
2024-08-15 21:00:00.000,34.8376665,summer weekday,34.9
2024-08-15 22:00:00.000,31.847613,summer weekday,30.1
2024-08-15 23:00:00.000,33.600661499999994,summer weekday,34.9
2024-08-16 00:00:00.000,30.828021,summer weekday,30.1
2024-08-16 01:00:00.000,30.678080999999995,summer weekday,30.1
2024-08-16 02:00:00.000,30.7093185,summer weekday,30.1
2024-08-16 03:00:00.000,30.950471999999998,summer weekday,30.1
2024-08-16 04:00:00.000,31.486507499999995,summer weekday,30.1
2024-08-16 05:00:00.000,36.030939,summer weekday,34.9
2024-08-16 06:00:00.000,36.84186449999999,summer weekday,34.9
2024-08-16 07:00:00.000,35.582368499999994,summer weekday,34.9
2024-08-16 08:00:00.000,32.5985625,summer weekday,34.9
2024-08-16 09:00:00.000,29.4998025,summer weekday,30.1
2024-08-16 10:00:00.000,27.460618499999992,summer weekday,25.44
2024-08-16 11:00:00.000,26.317325999999994,summer weekday,25.44
2024-08-16 12:00:00.000,26.223613499999995,summer weekday,25.44
2024-08-16 13:00:00.000,25.928731499999994,summer weekday,25.44
2024-08-16 14:00:00.000,26.877101999999997,summer weekday,25.44
2024-08-16 15:00:00.000,30.314476499999994,summer weekday,30.1
2024-08-16 16:00:00.000,32.94967199999999,summer weekday,34.9
2024-08-16 17:00:00.000,36.84311399999999,summer weekday,34.9
2024-08-16 18:00:00.000,48.78833399999999,summer weekday,34.9
2024-08-16 19:00:00.000,50.362704,summer weekday,34.9
2024-08-16 20:00:00.000,41.4550185,summer weekday,34.9
2024-08-16 21:00:00.000,36.795633,summer weekday,34.9
2024-08-16 22:00:00.000,34.50030149999999,summer weekday,34.9
2024-08-16 23:00:00.000,33.3682545,summer weekday,34.9
2024-08-17 00:00:00.000,33.636897,summer weekend,31.66
2024-08-17 01:00:00.000,32.87095349999999,summer weekend,31.66
2024-08-17 02:00:00.000,32.707269,summer weekend,31.66
2024-08-17 03:00:00.000,33.8030805,summer weekend,31.66
2024-08-17 04:00:00.000,33.834318,summer weekend,31.66
2024-08-17 05:00:00.000,33.317024999999994,summer weekend,31.66
2024-08-17 06:00:00.000,32.975911499999995,summer weekend,31.66
2024-08-17 07:00:00.000,32.908438499999995,summer weekend,31.66
2024-08-17 08:00:00.000,30.48066,summer weekend,31.66
2024-08-17 09:00:00.000,28.6676355,summer weekend,27.0
2024-08-17 10:00:00.000,26.767146,summer weekend,27.0
2024-08-17 11:00:00.000,25.848763499999997,summer weekend,27.0
2024-08-17 12:00:00.000,25.071574499999997,summer weekend,27.0
2024-08-17 13:00:00.000,24.911638499999995,summer weekend,27.0
2024-08-17 14:00:00.000,24.927882,summer weekend,27.0
2024-08-17 15:00:00.000,27.3681555,summer weekend,27.0
2024-08-17 16:00:00.000,31.030439999999995,summer weekend,31.66
2024-08-17 17:00:00.000,34.93887599999999,summer weekend,31.66
2024-08-17 18:00:00.000,37.54783199999999,summer weekend,31.66
2024-08-17 19:00:00.000,38.624901,summer weekend,31.66
2024-08-17 20:00:00.000,35.85101099999999,summer weekend,31.66
2024-08-17 21:00:00.000,34.56652499999999,summer weekend,31.66
2024-08-17 22:00:00.000,33.20706899999999,summer weekend,31.66
2024-08-17 23:00:00.000,33.956768999999994,summer weekend,31.66
2024-08-18 00:00:00.000,34.07921999999999,summer weekend,31.66
2024-08-18 01:00:00.000,33.250801499999994,summer weekend,31.66
2024-08-18 02:00:00.000,33.257048999999995,summer weekend,31.66
2024-08-18 03:00:00.000,33.07337249999999,summer weekend,31.66
2024-08-18 04:00:00.000,33.10086149999999,summer weekend,31.66
2024-08-18 05:00:00.000,32.4211335,summer weekend,31.66
2024-08-18 06:00:00.000,31.88009999999999,summer weekend,31.66
2024-08-18 07:00:00.000,31.005449999999996,summer weekend,31.66
2024-08-18 08:00:00.000,30.270743999999997,summer weekend,31.66
2024-08-18 09:00:00.000,28.996254,summer weekend,27.0
2024-08-18 10:00:00.000,29.046233999999995,summer weekend,27.0
2024-08-18 11:00:00.000,28.235308499999995,summer weekend,27.0
2024-08-18 12:00:00.000,24.188177999999997,summer weekend,27.0
2024-08-18 13:00:00.000,22.198973999999996,summer weekend,19.7
2024-08-18 14:00:00.000,26.392295999999995,summer weekend,27.0
2024-08-18 15:00:00.000,28.713867,summer weekend,27.0
2024-08-18 16:00:00.000,30.2794905,summer weekend,31.66
2024-08-18 17:00:00.000,31.7114175,summer weekend,31.66
2024-08-18 18:00:00.000,33.72061349999999,summer weekend,31.66
2024-08-18 19:00:00.000,34.439076,summer weekend,31.66
2024-08-18 20:00:00.000,33.7081185,summer weekend,31.66
2024-08-18 21:00:00.000,33.90429,summer weekend,31.66
2024-08-18 22:00:00.000,32.411137499999995,summer weekend,31.66
2024-08-18 23:00:00.000,32.1537405,summer weekend,31.66
2024-08-19 00:00:00.000,31.242854999999995,summer weekday,30.1
2024-08-19 01:00:00.000,31.067924999999995,summer weekday,30.1
2024-08-19 02:00:00.000,30.588117,summer weekday,30.1
2024-08-19 03:00:00.000,30.543134999999992,summer weekday,30.1
2024-08-19 04:00:00.000,30.9767115,summer weekday,30.1
2024-08-19 05:00:00.000,36.10341,summer weekday,34.9
2024-08-19 06:00:00.000,39.018493500000005,summer weekday,34.9
2024-08-19 07:00:00.000,36.17838,summer weekday,34.9
2024-08-19 08:00:00.000,34.05173099999999,summer weekday,34.9
2024-08-19 09:00:00.000,32.092515,summer weekday,30.1
2024-08-19 10:00:00.000,31.197873,summer weekday,30.1
2024-08-19 11:00:00.000,30.528140999999994,summer weekday,30.1
2024-08-19 12:00:00.000,29.8396665,summer weekday,30.1
2024-08-19 13:00:00.000,30.007099499999992,summer weekday,30.1
2024-08-19 14:00:00.000,29.968365,summer weekday,30.1
2024-08-19 15:00:00.000,30.486907499999997,summer weekday,30.1
2024-08-19 16:00:00.000,32.567325,summer weekday,34.9
2024-08-19 17:00:00.000,34.22541149999999,summer weekday,34.9
2024-08-19 18:00:00.000,44.97485999999999,summer weekday,34.9
2024-08-19 19:00:00.000,45.45341849999999,summer weekday,34.9
2024-08-19 20:00:00.000,37.4916045,summer weekday,34.9
2024-08-19 21:00:00.000,32.58231899999999,summer weekday,34.9
2024-08-19 22:00:00.000,30.75555,summer weekday,30.1
2024-08-19 23:00:00.000,31.680179999999996,summer weekday,30.1
2024-08-20 00:00:00.000,31.174132499999995,summer weekday,30.1
2024-08-20 01:00:00.000,31.042935,summer weekday,30.1
2024-08-20 02:00:00.000,31.1441445,summer weekday,30.1
2024-08-20 03:00:00.000,30.754300499999992,summer weekday,30.1
2024-08-20 04:00:00.000,31.2266115,summer weekday,30.1
2024-08-20 05:00:00.000,35.361207,summer weekday,34.9
2024-08-20 06:00:00.000,36.63194849999999,summer weekday,34.9
2024-08-20 07:00:00.000,35.3499615,summer weekday,34.9
2024-08-20 08:00:00.000,32.8659555,summer weekday,34.9
2024-08-20 09:00:00.000,29.3573595,summer weekday,30.1
2024-08-20 10:00:00.000,26.2486035,summer weekday,25.44
2024-08-20 11:00:00.000,24.69422549999999,summer weekday,25.44
2024-08-20 12:00:00.000,22.261448999999995,summer weekday,25.44
2024-08-20 13:00:00.000,22.528841999999997,summer weekday,25.44
2024-08-20 14:00:00.000,26.094914999999997,summer weekday,25.44
2024-08-20 15:00:00.000,30.249502499999995,summer weekday,30.1
2024-08-20 16:00:00.000,33.042134999999995,summer weekday,34.9
2024-08-20 17:00:00.000,34.737706499999994,summer weekday,34.9
2024-08-20 18:00:00.000,39.8281695,summer weekday,34.9
2024-08-20 19:00:00.000,39.3158745,summer weekday,34.9
2024-08-20 20:00:00.000,35.090065499999994,summer weekday,34.9
2024-08-20 21:00:00.000,32.95716899999999,summer weekday,34.9
2024-08-20 22:00:00.000,32.22496199999999,summer weekday,30.1
2024-08-20 23:00:00.000,30.900491999999996,summer weekday,30.1
2024-08-21 00:00:00.000,30.230759999999997,summer weekday,30.1
2024-08-21 01:00:00.000,28.2228135,summer weekday,30.1
2024-08-21 02:00:00.000,26.993305499999995,summer weekday,25.44
2024-08-21 03:00:00.000,27.534339,summer weekday,25.44
2024-08-21 04:00:00.000,27.4756125,summer weekday,25.44
2024-08-21 05:00:00.000,30.143294999999995,summer weekday,30.1
2024-08-21 06:00:00.000,30.720564,summer weekday,30.1
2024-08-21 07:00:00.000,30.902990999999997,summer weekday,30.1
2024-08-21 08:00:00.000,26.627202,summer weekday,25.44
2024-08-21 09:00:00.000,20.004852,summer weekday,25.44
2024-08-21 10:00:00.000,19.4252625,summer weekday,25.44
2024-08-21 11:00:00.000,18.514079500000005,summer weekday,25.44
2024-08-21 12:00:00.000,17.687684,summer weekday,25.44
2024-08-21 13:00:00.000,17.579156,summer weekday,25.44
2024-08-21 14:00:00.000,18.1704075,summer weekday,25.44
2024-08-21 15:00:00.000,18.555908,summer weekday,25.44
2024-08-21 16:00:00.000,20.2360095,summer weekday,25.44
2024-08-21 17:00:00.000,28.388997,summer weekday,30.1
2024-08-21 18:00:00.000,32.7160155,summer weekday,34.9
2024-08-21 19:00:00.000,37.5215925,summer weekday,34.9
2024-08-21 20:00:00.000,36.348312,summer weekday,34.9
2024-08-21 21:00:00.000,32.907188999999995,summer weekday,34.9
2024-08-21 22:00:00.000,30.6868275,summer weekday,30.1
2024-08-21 23:00:00.000,29.848413,summer weekday,30.1
2024-08-22 00:00:00.000,29.111207999999998,summer weekday,30.1
2024-08-22 01:00:00.000,30.038336999999995,summer weekday,30.1
2024-08-22 02:00:00.000,30.00210149999999,summer weekday,30.1
2024-08-22 03:00:00.000,28.760098499999994,summer weekday,30.1
2024-08-22 04:00:00.000,30.658089,summer weekday,30.1
2024-08-22 05:00:00.000,32.473612499999994,summer weekday,30.1
2024-08-22 06:00:00.000,36.160887,summer weekday,34.9
2024-08-22 07:00:00.000,34.110457499999995,summer weekday,34.9
2024-08-22 08:00:00.000,29.118704999999995,summer weekday,30.1
2024-08-22 09:00:00.000,21.834119999999995,summer weekday,25.44
2024-08-22 10:00:00.000,19.98486,summer weekday,25.44
2024-08-22 11:00:00.000,19.941901,summer weekday,25.44
2024-08-22 12:00:00.000,19.695452,summer weekday,25.44
2024-08-22 13:00:00.000,19.8141545,summer weekday,25.44
2024-08-22 14:00:00.000,19.4930925,summer weekday,25.44
2024-08-22 15:00:00.000,19.9746855,summer weekday,25.44
2024-08-22 16:00:00.000,23.0948655,summer weekday,25.44
2024-08-22 17:00:00.000,31.162886999999994,summer weekday,30.1
2024-08-22 18:00:00.000,34.071723,summer weekday,34.9
2024-08-22 19:00:00.000,33.916785,summer weekday,34.9
2024-08-22 20:00:00.000,33.7281105,summer weekday,34.9
2024-08-22 21:00:00.000,31.915085999999995,summer weekday,30.1
2024-08-22 22:00:00.000,29.883398999999997,summer weekday,30.1
2024-08-22 23:00:00.000,26.469764999999995,summer weekday,25.44
2024-08-23 00:00:00.000,25.716316499999994,summer weekday,25.44
2024-08-23 01:00:00.000,24.796684499999994,summer weekday,25.44
2024-08-23 02:00:00.000,23.278542,summer weekday,25.44
2024-08-23 03:00:00.000,23.293536,summer weekday,25.44
2024-08-23 04:00:00.000,23.807080499999994,summer weekday,25.44
2024-08-23 05:00:00.000,28.009149,summer weekday,30.1
2024-08-23 06:00:00.000,27.560578499999995,summer weekday,25.44
2024-08-23 07:00:00.000,25.437677999999995,summer weekday,25.44
2024-08-23 08:00:00.000,20.492156999999995,summer weekday,25.44
2024-08-23 09:00:00.000,19.9837295,summer weekday,25.44
2024-08-23 10:00:00.000,19.5360515,summer weekday,25.44
2024-08-23 11:00:00.000,18.906363,summer weekday,25.44
2024-08-23 12:00:00.000,18.252934,summer weekday,25.44
2024-08-23 13:00:00.000,18.113882500000003,summer weekday,25.44
2024-08-23 14:00:00.000,18.837402500000003,summer weekday,25.44
2024-08-23 15:00:00.000,18.947061,summer weekday,25.44
2024-08-23 16:00:00.000,19.9814685,summer weekday,25.44
2024-08-23 17:00:00.000,26.257349999999995,summer weekday,25.44
2024-08-23 18:00:00.000,32.4211335,summer weekday,30.1
2024-08-23 19:00:00.000,34.800181499999994,summer weekday,34.9
2024-08-23 20:00:00.000,35.372452499999994,summer weekday,34.9
2024-08-23 21:00:00.000,34.92138299999999,summer weekday,34.9
2024-08-23 22:00:00.000,32.542334999999994,summer weekday,34.9
2024-08-23 23:00:00.000,33.78558749999999,summer weekday,34.9
2024-08-24 00:00:00.000,32.95217099999999,summer weekend,31.66
2024-08-24 01:00:00.000,32.53233899999999,summer weekend,31.66
2024-08-24 02:00:00.000,32.51484599999999,summer weekend,31.66
2024-08-24 03:00:00.000,32.59231499999999,summer weekend,31.66
2024-08-24 04:00:00.000,33.15459,summer weekend,31.66
2024-08-24 05:00:00.000,32.607308999999994,summer weekend,31.66
2024-08-24 06:00:00.000,32.7584985,summer weekend,31.66
2024-08-24 07:00:00.000,29.508548999999995,summer weekend,31.66
2024-08-24 08:00:00.000,21.859109999999998,summer weekend,19.7
2024-08-24 09:00:00.000,19.9814685,summer weekend,19.7
2024-08-24 10:00:00.000,19.2104675,summer weekend,19.7
2024-08-24 11:00:00.000,17.873086,summer weekend,19.7
2024-08-24 12:00:00.000,15.4526855,summer weekend,19.7
2024-08-24 13:00:00.000,14.990311000000002,summer weekend,19.7
2024-08-24 14:00:00.000,16.860158,summer weekend,19.7
2024-08-24 15:00:00.000,19.0635025,summer weekend,19.7
2024-08-24 16:00:00.000,19.8729405,summer weekend,19.7
2024-08-24 17:00:00.000,28.941276,summer weekend,27.0
2024-08-24 18:00:00.000,31.420283999999995,summer weekend,31.66
2024-08-24 19:00:00.000,29.990855999999997,summer weekend,31.66
2024-08-24 20:00:00.000,28.5951645,summer weekend,27.0
2024-08-24 21:00:00.000,27.999153,summer weekend,27.0
2024-08-24 22:00:00.000,26.23236,summer weekend,27.0
2024-08-24 23:00:00.000,20.0310915,summer weekend,19.7
2024-08-25 00:00:00.000,19.982599,summer weekend,19.7
2024-08-25 01:00:00.000,19.946423,summer weekend,19.7
2024-08-25 02:00:00.000,19.87181,summer weekend,19.7
2024-08-25 03:00:00.000,19.8842455,summer weekend,19.7
2024-08-25 04:00:00.000,19.937379,summer weekend,19.7
2024-08-25 05:00:00.000,19.9792075,summer weekend,19.7
2024-08-25 06:00:00.000,19.9837295,summer weekend,19.7
2024-08-25 07:00:00.000,19.9837295,summer weekend,19.7
2024-08-25 08:00:00.000,19.8277205,summer weekend,19.7
2024-08-25 09:00:00.000,19.2986465,summer weekend,19.7
2024-08-25 10:00:00.000,18.843055,summer weekend,19.7
2024-08-25 11:00:00.000,18.232585,summer weekend,19.7
2024-08-25 12:00:00.000,17.7227295,summer weekend,19.7
2024-08-25 13:00:00.000,17.743078500000003,summer weekend,19.7
2024-08-25 14:00:00.000,18.837402500000003,summer weekend,19.7
2024-08-25 15:00:00.000,19.4184795,summer weekend,19.7
2024-08-25 16:00:00.000,20.10981,summer weekend,19.7
2024-08-25 17:00:00.000,30.860507999999992,summer weekend,31.66
2024-08-25 18:00:00.000,33.72935999999999,summer weekend,31.66
2024-08-25 19:00:00.000,34.91013749999999,summer weekend,31.66
2024-08-25 20:00:00.000,33.16583549999999,summer weekend,31.66
2024-08-25 21:00:00.000,32.442375,summer weekend,31.66
2024-08-25 22:00:00.000,31.540236,summer weekend,31.66
2024-08-25 23:00:00.000,31.573972499999996,summer weekend,31.66
2024-08-26 00:00:00.000,30.6868275,summer weekday,30.1
2024-08-26 01:00:00.000,30.098312999999997,summer weekday,30.1
2024-08-26 02:00:00.000,30.400692,summer weekday,30.1
2024-08-26 03:00:00.000,30.2844885,summer weekday,30.1
2024-08-26 04:00:00.000,30.415686,summer weekday,30.1
2024-08-26 05:00:00.000,34.1179545,summer weekday,34.9
2024-08-26 06:00:00.000,39.1884255,summer weekday,34.9
2024-08-26 07:00:00.000,36.34956149999999,summer weekday,34.9
2024-08-26 08:00:00.000,32.3461635,summer weekday,30.1
2024-08-26 09:00:00.000,29.60601,summer weekday,30.1
2024-08-26 10:00:00.000,28.145344499999997,summer weekday,30.1
2024-08-26 11:00:00.000,22.867456499999992,summer weekday,25.44
2024-08-26 12:00:00.000,22.177732499999998,summer weekday,25.44
2024-08-26 13:00:00.000,25.342716,summer weekday,25.44
2024-08-26 14:00:00.000,28.862557499999998,summer weekday,30.1
2024-08-26 15:00:00.000,30.98046,summer weekday,30.1
2024-08-26 16:00:00.000,32.4136365,summer weekday,30.1
2024-08-26 17:00:00.000,34.58151899999999,summer weekday,34.9
2024-08-26 18:00:00.000,43.76409449999999,summer weekday,34.9
2024-08-26 19:00:00.000,48.85580699999999,summer weekday,34.9
2024-08-26 20:00:00.000,37.95516899999999,summer weekday,34.9
2024-08-26 21:00:00.000,33.836817,summer weekday,34.9
2024-08-26 22:00:00.000,33.421983,summer weekday,34.9
2024-08-26 23:00:00.000,32.2811895,summer weekday,30.1
2024-08-27 00:00:00.000,31.219114499999996,summer weekday,30.1
2024-08-27 01:00:00.000,30.7867875,summer weekday,30.1
2024-08-27 02:00:00.000,30.892995,summer weekday,30.1
2024-08-27 03:00:00.000,31.117905,summer weekday,30.1
2024-08-27 04:00:00.000,32.499852,summer weekday,30.1
2024-08-27 05:00:00.000,35.698572,summer weekday,34.9
2024-08-27 06:00:00.000,37.2267105,summer weekday,34.9
2024-08-27 07:00:00.000,34.4803095,summer weekday,34.9
2024-08-27 08:00:00.000,31.222862999999997,summer weekday,30.1
2024-08-27 09:00:00.000,29.196174,summer weekday,30.1
2024-08-27 10:00:00.000,23.624653499999997,summer weekday,25.44
2024-08-27 11:00:00.000,20.6183565,summer weekday,25.44
2024-08-27 12:00:00.000,20.132301,summer weekday,25.44
2024-08-27 13:00:00.000,20.2759935,summer weekday,25.44
2024-08-27 14:00:00.000,22.9149375,summer weekday,25.44
2024-08-27 15:00:00.000,26.544735,summer weekday,25.44
2024-08-27 16:00:00.000,31.069174499999995,summer weekday,30.1
2024-08-27 17:00:00.000,34.48655699999999,summer weekday,34.9
2024-08-27 18:00:00.000,49.0044975,summer weekday,34.9
2024-08-27 19:00:00.000,47.21396399999998,summer weekday,34.9
2024-08-27 20:00:00.000,35.04383399999999,summer weekday,34.9
2024-08-27 21:00:00.000,33.1308495,summer weekday,34.9
2024-08-27 22:00:00.000,31.5389865,summer weekday,30.1
2024-08-27 23:00:00.000,31.2890865,summer weekday,30.1
2024-08-28 00:00:00.000,31.3940445,summer weekday,30.1
2024-08-28 01:00:00.000,30.915486,summer weekday,30.1
2024-08-28 02:00:00.000,31.130399999999995,summer weekday,30.1
2024-08-28 03:00:00.000,31.447772999999994,summer weekday,30.1
2024-08-28 04:00:00.000,31.52399249999999,summer weekday,30.1
2024-08-28 05:00:00.000,34.35286049999999,summer weekday,34.9
2024-08-28 06:00:00.000,36.04968149999999,summer weekday,34.9
2024-08-28 07:00:00.000,35.10381,summer weekday,34.9
2024-08-28 08:00:00.000,33.15459,summer weekday,34.9
2024-08-28 09:00:00.000,30.925481999999995,summer weekday,30.1
2024-08-28 10:00:00.000,28.578921,summer weekday,30.1
2024-08-28 11:00:00.000,24.375602999999995,summer weekday,25.44
2024-08-28 12:00:00.000,21.28434,summer weekday,25.44
2024-08-28 13:00:00.000,21.0057015,summer weekday,25.44
2024-08-28 14:00:00.000,26.837117999999997,summer weekday,25.44
2024-08-28 15:00:00.000,29.800931999999992,summer weekday,30.1
2024-08-28 16:00:00.000,31.526491499999995,summer weekday,30.1
2024-08-28 17:00:00.000,33.9255315,summer weekday,34.9
2024-08-28 18:00:00.000,45.21351449999999,summer weekday,34.9
2024-08-28 19:00:00.000,45.47840849999999,summer weekday,34.9
2024-08-28 20:00:00.000,35.583617999999994,summer weekday,34.9
2024-08-28 21:00:00.000,33.94927199999999,summer weekday,34.9
2024-08-28 22:00:00.000,32.442375,summer weekday,30.1
2024-08-28 23:00:00.000,31.6714335,summer weekday,30.1
2024-08-29 00:00:00.000,31.727661,summer weekday,30.1
2024-08-29 01:00:00.000,31.20661949999999,summer weekday,30.1
2024-08-29 02:00:00.000,31.065426,summer weekday,30.1
2024-08-29 03:00:00.000,31.1516415,summer weekday,30.1
2024-08-29 04:00:00.000,32.6335485,summer weekday,34.9
2024-08-29 05:00:00.000,35.661086999999995,summer weekday,34.9
2024-08-29 06:00:00.000,36.7868865,summer weekday,34.9
2024-08-29 07:00:00.000,35.75854799999999,summer weekday,34.9
2024-08-29 08:00:00.000,33.56817449999999,summer weekday,34.9
2024-08-29 09:00:00.000,31.5040005,summer weekday,30.1
2024-08-29 10:00:00.000,30.53064,summer weekday,30.1
2024-08-29 11:00:00.000,28.204070999999995,summer weekday,30.1
2024-08-29 12:00:00.000,25.638847499999997,summer weekday,25.44
2024-08-29 13:00:00.000,26.397293999999995,summer weekday,25.44
2024-08-29 14:00:00.000,29.9121375,summer weekday,30.1
2024-08-29 15:00:00.000,31.2491025,summer weekday,30.1
2024-08-29 16:00:00.000,33.152091,summer weekday,34.9
2024-08-29 17:00:00.000,35.4174345,summer weekday,34.9
2024-08-29 18:00:00.000,48.40973549999999,summer weekday,34.9
2024-08-29 19:00:00.000,56.1291465,summer weekday,34.9
2024-08-29 20:00:00.000,41.1126555,summer weekday,34.9
2024-08-29 21:00:00.000,35.60361,summer weekday,34.9
2024-08-29 22:00:00.000,33.741854999999994,summer weekday,34.9
2024-08-29 23:00:00.000,33.714366,summer weekday,34.9
2024-08-30 00:00:00.000,32.51734499999999,summer weekday,34.9
2024-08-30 01:00:00.000,31.6714335,summer weekday,30.1
2024-08-30 02:00:00.000,31.640196,summer weekday,30.1
2024-08-30 03:00:00.000,32.182478999999994,summer weekday,30.1
2024-08-30 04:00:00.000,33.400741499999995,summer weekday,34.9
2024-08-30 05:00:00.000,37.0817685,summer weekday,34.9
2024-08-30 06:00:00.000,38.859807,summer weekday,34.9
2024-08-30 07:00:00.000,36.67193249999999,summer weekday,34.9
2024-08-30 08:00:00.000,34.191675,summer weekday,34.9
2024-08-30 09:00:00.000,32.259947999999994,summer weekday,30.1
2024-08-30 10:00:00.000,31.2241125,summer weekday,30.1
2024-08-30 11:00:00.000,30.746803499999995,summer weekday,30.1
2024-08-30 12:00:00.000,30.005849999999995,summer weekday,30.1
2024-08-30 13:00:00.000,29.865905999999995,summer weekday,30.1
2024-08-30 14:00:00.000,30.228261,summer weekday,30.1
2024-08-30 15:00:00.000,30.7742925,summer weekday,30.1
2024-08-30 16:00:00.000,32.724762,summer weekday,34.9
2024-08-30 17:00:00.000,34.97761049999999,summer weekday,34.9
2024-08-30 18:00:00.000,39.4908045,summer weekday,34.9
2024-08-30 19:00:00.000,37.1392455,summer weekday,34.9
2024-08-30 20:00:00.000,34.0679745,summer weekday,34.9
2024-08-30 21:00:00.000,32.08376849999999,summer weekday,30.1
2024-08-30 22:00:00.000,31.900092,summer weekday,30.1
2024-08-30 23:00:00.000,33.4382265,summer weekday,34.9
2024-08-31 00:00:00.000,33.159588,summer weekend,31.66
2024-08-31 01:00:00.000,32.73725699999999,summer weekend,31.66
2024-08-31 02:00:00.000,32.359908,summer weekend,31.66
2024-08-31 03:00:00.000,32.0612775,summer weekend,31.66
2024-08-31 04:00:00.000,32.23870649999999,summer weekend,31.66
2024-08-31 05:00:00.000,33.7256115,summer weekend,31.66
2024-08-31 06:00:00.000,33.823072499999995,summer weekend,31.66
2024-08-31 07:00:00.000,33.7256115,summer weekend,31.66
2024-08-31 08:00:00.000,30.595613999999998,summer weekend,31.66
2024-08-31 09:00:00.000,27.4981035,summer weekend,27.0
2024-08-31 10:00:00.000,22.276442999999997,summer weekend,19.7
2024-08-31 11:00:00.000,20.0435865,summer weekend,19.7
2024-08-31 12:00:00.000,19.918160499999995,summer weekend,19.7
2024-08-31 13:00:00.000,19.89442,summer weekend,19.7
2024-08-31 14:00:00.000,20.3034825,summer weekend,19.7
2024-08-31 15:00:00.000,22.947424499999997,summer weekend,19.7
2024-08-31 16:00:00.000,29.983359,summer weekend,31.66
2024-08-31 17:00:00.000,34.641495,summer weekend,31.66
2024-08-31 18:00:00.000,38.5136955,summer weekend,31.66
2024-08-31 19:00:00.000,35.826021,summer weekend,31.66
2024-08-31 20:00:00.000,33.390745499999994,summer weekend,31.66
2024-08-31 21:00:00.000,32.46111749999999,summer weekend,31.66
2024-08-31 22:00:00.000,31.134148499999995,summer weekend,31.66
2024-08-31 23:00:00.000,31.700172,summer weekend,31.66
2024-09-01 00:00:00.000,30.728060999999997,summer weekend,31.66
2024-09-01 01:00:00.000,30.027091499999997,summer weekend,31.66
2024-09-01 02:00:00.000,29.998352999999994,summer weekend,31.66
2024-09-01 03:00:00.000,30.130799999999997,summer weekend,31.66
2024-09-01 04:00:00.000,30.000851999999995,summer weekend,31.66
2024-09-01 05:00:00.000,29.9171355,summer weekend,31.66
2024-09-01 06:00:00.000,29.118704999999995,summer weekend,27.0
2024-09-01 07:00:00.000,27.560578499999995,summer weekend,27.0
2024-09-01 08:00:00.000,25.141546499999997,summer weekend,27.0
2024-09-01 09:00:00.000,21.5754735,summer weekend,19.7
2024-09-01 10:00:00.000,19.8955505,summer weekend,19.7
2024-09-01 11:00:00.000,18.9481915,summer weekend,19.7
2024-09-01 12:00:00.000,17.27166,summer weekend,19.7
2024-09-01 13:00:00.000,17.730643,summer weekend,19.7
2024-09-01 14:00:00.000,19.4207405,summer weekend,19.7
2024-09-01 15:00:00.000,23.17858199999999,summer weekend,19.7
2024-09-01 16:00:00.000,29.765946,summer weekend,31.66
2024-09-01 17:00:00.000,33.6181545,summer weekend,31.66
2024-09-01 18:00:00.000,36.42828,summer weekend,31.66
2024-09-01 19:00:00.000,35.46741449999999,summer weekend,31.66
2024-09-01 20:00:00.000,33.43322849999999,summer weekend,31.66
2024-09-01 21:00:00.000,32.732259,summer weekend,31.66
2024-09-01 22:00:00.000,31.41778499999999,summer weekend,31.66
2024-09-01 23:00:00.000,31.385297999999995,summer weekend,31.66
2024-09-02 00:00:00.000,31.826371499999997,summer weekday,30.1
2024-09-02 01:00:00.000,31.5289905,summer weekday,30.1
2024-09-02 02:00:00.000,31.5439845,summer weekday,30.1
2024-09-02 03:00:00.000,31.429030499999996,summer weekday,30.1
2024-09-02 04:00:00.000,32.66978399999999,summer weekday,34.9
2024-09-02 05:00:00.000,34.320373499999995,summer weekday,34.9
2024-09-02 06:00:00.000,36.84686249999999,summer weekday,34.9
2024-09-02 07:00:00.000,36.470763,summer weekday,34.9
2024-09-02 08:00:00.000,35.308727999999995,summer weekday,34.9
2024-09-02 09:00:00.000,32.833468499999995,summer weekday,34.9
2024-09-02 10:00:00.000,31.332819,summer weekday,30.1
2024-09-02 11:00:00.000,30.611857499999992,summer weekday,30.1
2024-09-02 12:00:00.000,30.1295505,summer weekday,30.1
2024-09-02 13:00:00.000,30.4344285,summer weekday,30.1
2024-09-02 14:00:00.000,31.010448,summer weekday,30.1
2024-09-02 15:00:00.000,31.683928499999997,summer weekday,30.1
2024-09-02 16:00:00.000,34.08921599999999,summer weekday,34.9
2024-09-02 17:00:00.000,37.20047099999999,summer weekday,34.9
2024-09-02 18:00:00.000,51.897089999999984,summer weekday,34.9
2024-09-02 19:00:00.000,46.481757,summer weekday,34.9
2024-09-02 20:00:00.000,36.465765,summer weekday,34.9
2024-09-02 21:00:00.000,34.259148,summer weekday,34.9
2024-09-02 22:00:00.000,32.95966799999999,summer weekday,34.9
2024-09-02 23:00:00.000,32.42988,summer weekday,30.1
2024-09-03 00:00:00.000,31.61770499999999,summer weekday,30.1
2024-09-03 01:00:00.000,31.425282,summer weekday,30.1
2024-09-03 02:00:00.000,31.6389465,summer weekday,30.1
2024-09-03 03:00:00.000,32.010048,summer weekday,30.1
2024-09-03 04:00:00.000,32.81472599999999,summer weekday,34.9
2024-09-03 05:00:00.000,37.1292495,summer weekday,34.9
2024-09-03 06:00:00.000,38.859807,summer weekday,34.9
2024-09-03 07:00:00.000,36.7219125,summer weekday,34.9
2024-09-03 08:00:00.000,34.476561,summer weekday,34.9
2024-09-03 09:00:00.000,32.339915999999995,summer weekday,30.1
2024-09-03 10:00:00.000,31.232858999999998,summer weekday,30.1
2024-09-03 11:00:00.000,30.58062,summer weekday,30.1
2024-09-03 12:00:00.000,30.316975499999995,summer weekday,30.1
2024-09-03 13:00:00.000,30.4969035,summer weekday,30.1
2024-09-03 14:00:00.000,30.8142765,summer weekday,30.1
2024-09-03 15:00:00.000,31.381549499999995,summer weekday,30.1
2024-09-03 16:00:00.000,35.4699135,summer weekday,34.9
2024-09-03 17:00:00.000,57.47110949999998,summer weekday,34.9
2024-09-03 18:00:00.000,101.99829150000002,summer weekday,34.9
2024-09-03 19:00:00.000,84.998844,summer weekday,34.9
2024-09-03 20:00:00.000,47.09526149999999,summer weekday,34.9
2024-09-03 21:00:00.000,36.62819999999999,summer weekday,34.9
2024-09-03 22:00:00.000,34.673981999999995,summer weekday,34.9
2024-09-03 23:00:00.000,33.5007015,summer weekday,34.9
2024-09-04 00:00:00.000,32.607308999999994,summer weekday,34.9
2024-09-04 01:00:00.000,32.3586585,summer weekday,30.1
2024-09-04 02:00:00.000,32.477360999999995,summer weekday,30.1
2024-09-04 03:00:00.000,32.362407,summer weekday,30.1
2024-09-04 04:00:00.000,33.65064149999999,summer weekday,34.9
2024-09-04 05:00:00.000,37.98015899999999,summer weekday,34.9
2024-09-04 06:00:00.000,42.62080199999999,summer weekday,34.9
2024-09-04 07:00:00.000,39.4633155,summer weekday,34.9
2024-09-04 08:00:00.000,35.63984549999999,summer weekday,34.9
2024-09-04 09:00:00.000,33.3807495,summer weekday,34.9
2024-09-04 10:00:00.000,31.987556999999992,summer weekday,30.1
2024-09-04 11:00:00.000,31.480259999999998,summer weekday,30.1
2024-09-04 12:00:00.000,31.2915855,summer weekday,30.1
2024-09-04 13:00:00.000,31.130399999999995,summer weekday,30.1
2024-09-04 14:00:00.000,31.570224,summer weekday,30.1
2024-09-04 15:00:00.000,32.7110175,summer weekday,34.9
2024-09-04 16:00:00.000,35.4749115,summer weekday,34.9
2024-09-04 17:00:00.000,39.439575,summer weekday,34.9
2024-09-04 18:00:00.000,59.97760649999999,summer weekday,34.9
2024-09-04 19:00:00.000,43.62914849999999,summer weekday,34.9
2024-09-04 20:00:00.000,36.28083899999999,summer weekday,34.9
2024-09-04 21:00:00.000,33.5531805,summer weekday,34.9
2024-09-04 22:00:00.000,32.427381,summer weekday,30.1
2024-09-04 23:00:00.000,32.6385465,summer weekday,34.9
2024-09-05 00:00:00.000,31.805129999999995,summer weekday,30.1
2024-09-05 01:00:00.000,31.230359999999997,summer weekday,30.1
2024-09-05 02:00:00.000,30.8692545,summer weekday,30.1
2024-09-05 03:00:00.000,30.095814,summer weekday,30.1
2024-09-05 04:00:00.000,30.568124999999995,summer weekday,30.1
2024-09-05 05:00:00.000,33.610657499999995,summer weekday,34.9
2024-09-05 06:00:00.000,34.179179999999995,summer weekday,34.9
2024-09-05 07:00:00.000,34.85890799999999,summer weekday,34.9
2024-09-05 08:00:00.000,32.189976,summer weekday,30.1
2024-09-05 09:00:00.000,28.861307999999998,summer weekday,30.1
2024-09-05 10:00:00.000,19.9986045,summer weekday,25.44
2024-09-05 11:00:00.000,19.6400575,summer weekday,25.44
2024-09-05 12:00:00.000,18.662175,summer weekday,25.44
2024-09-05 13:00:00.000,17.760036,summer weekday,25.44
2024-09-05 14:00:00.000,19.191249,summer weekday,25.44
2024-09-05 15:00:00.000,19.9837295,summer weekday,25.44
2024-09-05 16:00:00.000,24.4993035,summer weekday,25.44
2024-09-05 17:00:00.000,30.5993625,summer weekday,30.1
2024-09-05 18:00:00.000,32.44737299999999,summer weekday,30.1
2024-09-05 19:00:00.000,31.5964635,summer weekday,30.1
2024-09-05 20:00:00.000,29.993355,summer weekday,30.1
2024-09-05 21:00:00.000,29.9846085,summer weekday,30.1
2024-09-05 22:00:00.000,28.057879499999995,summer weekday,30.1
2024-09-05 23:00:00.000,28.080370499999997,summer weekday,30.1
2024-09-06 00:00:00.000,27.60681,summer weekday,25.44
2024-09-06 01:00:00.000,26.384798999999997,summer weekday,25.44
2024-09-06 02:00:00.000,26.054930999999996,summer weekday,25.44
2024-09-06 03:00:00.000,27.2007225,summer weekday,25.44
2024-09-06 04:00:00.000,28.713867,summer weekday,30.1
2024-09-06 05:00:00.000,31.641445499999996,summer weekday,30.1
2024-09-06 06:00:00.000,34.913886,summer weekday,34.9
2024-09-06 07:00:00.000,35.025091499999995,summer weekday,34.9
2024-09-06 08:00:00.000,32.4911055,summer weekday,30.1
2024-09-06 09:00:00.000,29.98086,summer weekday,30.1
2024-09-06 10:00:00.000,27.42063449999999,summer weekday,25.44
2024-09-06 11:00:00.000,23.925782999999992,summer weekday,25.44
2024-09-06 12:00:00.000,21.544236,summer weekday,25.44
2024-09-06 13:00:00.000,21.800383499999995,summer weekday,25.44
2024-09-06 14:00:00.000,23.740856999999995,summer weekday,25.44
2024-09-06 15:00:00.000,28.878801,summer weekday,30.1
2024-09-06 16:00:00.000,30.925481999999995,summer weekday,30.1
2024-09-06 17:00:00.000,32.51359649999999,summer weekday,34.9
2024-09-06 18:00:00.000,36.10341,summer weekday,34.9
2024-09-06 19:00:00.000,37.0392855,summer weekday,34.9
2024-09-06 20:00:00.000,32.449872,summer weekday,30.1
2024-09-06 21:00:00.000,31.900092,summer weekday,30.1
2024-09-06 22:00:00.000,31.590216,summer weekday,30.1
2024-09-06 23:00:00.000,32.7884865,summer weekday,34.9
2024-09-07 00:00:00.000,32.092515,summer weekend,31.66
2024-09-07 01:00:00.000,32.01754499999999,summer weekend,31.66
2024-09-07 02:00:00.000,31.893844499999997,summer weekend,31.66
2024-09-07 03:00:00.000,32.266195499999995,summer weekend,31.66
2024-09-07 04:00:00.000,32.607308999999994,summer weekend,31.66
2024-09-07 05:00:00.000,32.964665999999994,summer weekend,31.66
2024-09-07 06:00:00.000,33.0683745,summer weekend,31.66
2024-09-07 07:00:00.000,31.910087999999995,summer weekend,31.66
2024-09-07 08:00:00.000,30.5044005,summer weekend,31.66
2024-09-07 09:00:00.000,26.422284,summer weekend,27.0
2024-09-07 10:00:00.000,21.755401499999994,summer weekend,19.7
2024-09-07 11:00:00.000,20.669586,summer weekend,19.7
2024-09-07 12:00:00.000,20.112309,summer weekend,19.7
2024-09-07 13:00:00.000,20.039838,summer weekend,19.7
2024-09-07 14:00:00.000,21.0356895,summer weekend,19.7
2024-09-07 15:00:00.000,26.184878999999995,summer weekend,27.0
2024-09-07 16:00:00.000,32.65479,summer weekend,31.66
2024-09-07 17:00:00.000,36.04968149999999,summer weekend,31.66
2024-09-07 18:00:00.000,38.77734,summer weekend,31.66
2024-09-07 19:00:00.000,36.60321,summer weekend,31.66
2024-09-07 20:00:00.000,32.717265,summer weekend,31.66
2024-09-07 21:00:00.000,31.520243999999995,summer weekend,31.66
2024-09-07 22:00:00.000,31.135397999999995,summer weekend,31.66
2024-09-07 23:00:00.000,31.718914499999997,summer weekend,31.66
2024-09-08 00:00:00.000,30.788036999999992,summer weekend,31.66
2024-09-08 01:00:00.000,30.440676,summer weekend,31.66
2024-09-08 02:00:00.000,30.230759999999997,summer weekend,31.66
2024-09-08 03:00:00.000,30.2794905,summer weekend,31.66
2024-09-08 04:00:00.000,30.618105,summer weekend,31.66
2024-09-08 05:00:00.000,30.400692,summer weekend,31.66
2024-09-08 06:00:00.000,30.239506499999997,summer weekend,31.66
2024-09-08 07:00:00.000,29.5722735,summer weekend,31.66
2024-09-08 08:00:00.000,25.055330999999995,summer weekend,27.0
2024-09-08 09:00:00.000,21.0206955,summer weekend,19.7
2024-09-08 10:00:00.000,20.039838,summer weekend,19.7
2024-09-08 11:00:00.000,19.989858,summer weekend,19.7
2024-09-08 12:00:00.000,19.9861095,summer weekend,19.7
2024-09-08 13:00:00.000,20.129802,summer weekend,19.7
2024-09-08 14:00:00.000,20.3809515,summer weekend,19.7
2024-09-08 15:00:00.000,27.309429,summer weekend,27.0
2024-09-08 16:00:00.000,31.9788105,summer weekend,31.66
2024-09-08 17:00:00.000,34.92263249999999,summer weekend,31.66
2024-09-08 18:00:00.000,35.4974025,summer weekend,31.66
2024-09-08 19:00:00.000,35.99345399999999,summer weekend,31.66
2024-09-08 20:00:00.000,34.629,summer weekend,31.66
2024-09-08 21:00:00.000,33.20456999999999,summer weekend,31.66
2024-09-08 22:00:00.000,32.121253499999995,summer weekend,31.66
2024-09-08 23:00:00.000,30.78178949999999,summer weekend,31.66
2024-09-09 00:00:00.000,30.700571999999998,summer weekday,30.1
2024-09-09 01:00:00.000,30.493154999999994,summer weekday,30.1
2024-09-09 02:00:00.000,30.2345085,summer weekday,30.1
2024-09-09 03:00:00.000,30.6193545,summer weekday,30.1
2024-09-09 04:00:00.000,30.7043205,summer weekday,30.1
2024-09-09 05:00:00.000,34.7876865,summer weekday,34.9
2024-09-09 06:00:00.000,37.55532899999999,summer weekday,34.9
2024-09-09 07:00:00.000,39.9231315,summer weekday,34.9
2024-09-09 08:00:00.000,36.188376,summer weekday,34.9
2024-09-09 09:00:00.000,33.8380665,summer weekday,34.9
2024-09-09 10:00:00.000,32.572323,summer weekday,34.9
2024-09-09 11:00:00.000,31.852610999999992,summer weekday,30.1
2024-09-09 12:00:00.000,31.126651499999998,summer weekday,30.1
2024-09-09 13:00:00.000,30.238256999999997,summer weekday,30.1
2024-09-09 14:00:00.000,30.478160999999997,summer weekday,30.1
2024-09-09 15:00:00.000,29.815925999999997,summer weekday,30.1
2024-09-09 16:00:00.000,31.580219999999997,summer weekday,30.1
2024-09-09 17:00:00.000,34.1229525,summer weekday,34.9
2024-09-09 18:00:00.000,34.29913199999999,summer weekday,34.9
2024-09-09 19:00:00.000,33.9205335,summer weekday,34.9
2024-09-09 20:00:00.000,31.982558999999995,summer weekday,30.1
2024-09-09 21:00:00.000,30.972963,summer weekday,30.1
2024-09-09 22:00:00.000,29.920883999999997,summer weekday,30.1
2024-09-09 23:00:00.000,28.398992999999997,summer weekday,30.1
2024-09-10 00:00:00.000,27.455620499999995,summer weekday,25.44
2024-09-10 01:00:00.000,27.6655365,summer weekday,25.44
2024-09-10 02:00:00.000,27.651792,summer weekday,25.44
2024-09-10 03:00:00.000,28.393995,summer weekday,30.1
2024-09-10 04:00:00.000,30.095814,summer weekday,30.1
2024-09-10 05:00:00.000,32.869704,summer weekday,34.9
2024-09-10 06:00:00.000,36.215865,summer weekday,34.9
2024-09-10 07:00:00.000,34.346613,summer weekday,34.9
2024-09-10 08:00:00.000,32.479859999999995,summer weekday,30.1
2024-09-10 09:00:00.000,27.471863999999997,summer weekday,25.44
2024-09-10 10:00:00.000,21.174384,summer weekday,25.44
2024-09-10 11:00:00.000,19.989858,summer weekday,25.44
2024-09-10 12:00:00.000,19.9769465,summer weekday,25.44
2024-09-10 13:00:00.000,19.966772,summer weekday,25.44
2024-09-10 14:00:00.000,19.980338,summer weekday,25.44
2024-09-10 15:00:00.000,20.012349,summer weekday,25.44
2024-09-10 16:00:00.000,22.705021499999997,summer weekday,25.44
2024-09-10 17:00:00.000,30.03084,summer weekday,30.1
2024-09-10 18:00:00.000,31.5939645,summer weekday,30.1
2024-09-10 19:00:00.000,30.38694749999999,summer weekday,30.1
2024-09-10 20:00:00.000,30.233259,summer weekday,30.1
2024-09-10 21:00:00.000,29.5597785,summer weekday,30.1
2024-09-10 22:00:00.000,28.029140999999992,summer weekday,30.1
2024-09-10 23:00:00.000,24.982859999999995,summer weekday,25.44
2024-09-11 00:00:00.000,24.971614499999998,summer weekday,25.44
2024-09-11 01:00:00.000,24.1069605,summer weekday,25.44
2024-09-11 02:00:00.000,24.199423499999995,summer weekday,25.44
2024-09-11 03:00:00.000,24.8491635,summer weekday,25.44
2024-09-11 04:00:00.000,27.676782,summer weekday,25.44
2024-09-11 05:00:00.000,30.8292705,summer weekday,30.1
2024-09-11 06:00:00.000,32.17373249999999,summer weekday,30.1
2024-09-11 07:00:00.000,33.819323999999995,summer weekday,34.9
2024-09-11 08:00:00.000,32.17997999999999,summer weekday,30.1
2024-09-11 09:00:00.000,29.5822695,summer weekday,30.1
2024-09-11 10:00:00.000,28.4202345,summer weekday,30.1
2024-09-11 11:00:00.000,27.7879875,summer weekday,30.1
2024-09-11 12:00:00.000,27.962917499999996,summer weekday,30.1
2024-09-11 13:00:00.000,28.60641,summer weekday,30.1
2024-09-11 14:00:00.000,28.612657499999997,summer weekday,30.1
2024-09-11 15:00:00.000,29.574772499999995,summer weekday,30.1
2024-09-11 16:00:00.000,32.65354049999999,summer weekday,34.9
2024-09-11 17:00:00.000,34.37160299999999,summer weekday,34.9
2024-09-11 18:00:00.000,37.835217,summer weekday,34.9
2024-09-11 19:00:00.000,37.272942,summer weekday,34.9
2024-09-11 20:00:00.000,34.37160299999999,summer weekday,34.9
2024-09-11 21:00:00.000,32.8509615,summer weekday,34.9
2024-09-11 22:00:00.000,32.66603549999999,summer weekday,34.9
2024-09-11 23:00:00.000,31.237857,summer weekday,30.1
2024-09-12 00:00:00.000,30.493154999999994,summer weekday,30.1
2024-09-12 01:00:00.000,30.4719135,summer weekday,30.1
2024-09-12 02:00:00.000,30.4119375,summer weekday,30.1
2024-09-12 03:00:00.000,30.608108999999995,summer weekday,30.1
2024-09-12 04:00:00.000,30.845513999999994,summer weekday,30.1
2024-09-12 05:00:00.000,33.474461999999995,summer weekday,34.9
2024-09-12 06:00:00.000,36.84561299999999,summer weekday,34.9
2024-09-12 07:00:00.000,36.970563,summer weekday,34.9
2024-09-12 08:00:00.000,32.899691999999995,summer weekday,34.9
2024-09-12 09:00:00.000,30.605609999999995,summer weekday,30.1
2024-09-12 10:00:00.000,30.0320895,summer weekday,30.1
2024-09-12 11:00:00.000,29.808429,summer weekday,30.1
2024-09-12 12:00:00.000,29.759698499999995,summer weekday,30.1
2024-09-12 13:00:00.000,29.9946045,summer weekday,30.1
2024-09-12 14:00:00.000,30.596863499999998,summer weekday,30.1
2024-09-12 15:00:00.000,31.4390265,summer weekday,30.1
2024-09-12 16:00:00.000,33.696873,summer weekday,34.9
2024-09-12 17:00:00.000,38.1263505,summer weekday,34.9
2024-09-12 18:00:00.000,57.47110949999998,summer weekday,34.9
2024-09-12 19:00:00.000,51.224859,summer weekday,34.9
2024-09-12 20:00:00.000,35.60361,summer weekday,34.9
2024-09-12 21:00:00.000,32.4136365,summer weekday,30.1
2024-09-12 22:00:00.000,31.485257999999995,summer weekday,30.1
2024-09-12 23:00:00.000,32.476111499999995,summer weekday,30.1
2024-09-13 00:00:00.000,31.420283999999995,summer weekday,30.1
2024-09-13 01:00:00.000,30.8942445,summer weekday,30.1
2024-09-13 02:00:00.000,30.825522,summer weekday,30.1
2024-09-13 03:00:00.000,30.55937849999999,summer weekday,30.1
2024-09-13 04:00:00.000,30.970464,summer weekday,30.1
2024-09-13 05:00:00.000,32.541085499999994,summer weekday,34.9
2024-09-13 06:00:00.000,34.973862,summer weekday,34.9
2024-09-13 07:00:00.000,36.508248,summer weekday,34.9
2024-09-13 08:00:00.000,34.509048,summer weekday,34.9
2024-09-13 09:00:00.000,32.797233,summer weekday,34.9
2024-09-13 10:00:00.000,31.853860499999996,summer weekday,30.1
2024-09-13 11:00:00.000,31.0491825,summer weekday,30.1
2024-09-13 12:00:00.000,29.668484999999997,summer weekday,30.1
2024-09-13 13:00:00.000,28.351511999999992,summer weekday,30.1
2024-09-13 14:00:00.000,29.006249999999994,summer weekday,30.1
2024-09-13 15:00:00.000,29.268645,summer weekday,30.1
2024-09-13 16:00:00.000,29.96211749999999,summer weekday,30.1
2024-09-13 17:00:00.000,32.03878649999999,summer weekday,30.1
2024-09-13 18:00:00.000,32.479859999999995,summer weekday,30.1
2024-09-13 19:00:00.000,31.7613975,summer weekday,30.1
2024-09-13 20:00:00.000,30.5518815,summer weekday,30.1
2024-09-13 21:00:00.000,29.893394999999995,summer weekday,30.1
2024-09-13 22:00:00.000,27.6055605,summer weekday,25.44
2024-09-13 23:00:00.000,26.9333295,summer weekday,25.44
2024-09-14 00:00:00.000,26.233609499999996,summer weekend,27.0
2024-09-14 01:00:00.000,25.398943499999994,summer weekend,27.0
2024-09-14 02:00:00.000,25.630101,summer weekend,27.0
2024-09-14 03:00:00.000,25.820025,summer weekend,27.0
2024-09-14 04:00:00.000,25.516396499999995,summer weekend,27.0
2024-09-14 05:00:00.000,26.9008425,summer weekend,27.0
2024-09-14 06:00:00.000,28.106609999999996,summer weekend,27.0
2024-09-14 07:00:00.000,29.423582999999997,summer weekend,31.66
2024-09-14 08:00:00.000,28.306529999999995,summer weekend,27.0
2024-09-14 09:00:00.000,25.110308999999997,summer weekend,27.0
2024-09-14 10:00:00.000,20.994456,summer weekend,19.7
2024-09-14 11:00:00.000,20.092317,summer weekend,19.7
2024-09-14 12:00:00.000,19.978077,summer weekend,19.7
2024-09-14 13:00:00.000,19.932857,summer weekend,19.7
2024-09-14 14:00:00.000,19.9769465,summer weekend,19.7
2024-09-14 15:00:00.000,21.176883,summer weekend,19.7
2024-09-14 16:00:00.000,28.117855499999997,summer weekend,27.0
2024-09-14 17:00:00.000,31.7788905,summer weekend,31.66
2024-09-14 18:00:00.000,35.801030999999995,summer weekend,31.66
2024-09-14 19:00:00.000,34.71021749999999,summer weekend,31.66
2024-09-14 20:00:00.000,32.8659555,summer weekend,31.66
2024-09-14 21:00:00.000,31.698922499999995,summer weekend,31.66
2024-09-14 22:00:00.000,30.575622,summer weekend,31.66
2024-09-14 23:00:00.000,29.7447045,summer weekend,31.66
2024-09-15 00:00:00.000,28.7401065,summer weekend,27.0
2024-09-15 01:00:00.000,28.306529999999995,summer weekend,27.0
2024-09-15 02:00:00.000,28.375252499999995,summer weekend,27.0
2024-09-15 03:00:00.000,27.939177,summer weekend,27.0
2024-09-15 04:00:00.000,28.1828295,summer weekend,27.0
2024-09-15 05:00:00.000,28.628901,summer weekend,27.0
2024-09-15 06:00:00.000,30.658089,summer weekend,31.66
2024-09-15 07:00:00.000,29.601011999999997,summer weekend,31.66
2024-09-15 08:00:00.000,26.740906499999998,summer weekend,27.0
2024-09-15 09:00:00.000,21.349314,summer weekend,19.7
2024-09-15 10:00:00.000,19.9936065,summer weekend,19.7
2024-09-15 11:00:00.000,19.98486,summer weekend,19.7
2024-09-15 12:00:00.000,19.9837295,summer weekend,19.7
2024-09-15 13:00:00.000,19.9385095,summer weekend,19.7
2024-09-15 14:00:00.000,19.9543365,summer weekend,19.7
2024-09-15 15:00:00.000,22.446375,summer weekend,19.7
2024-09-15 16:00:00.000,30.2619975,summer weekend,31.66
2024-09-15 17:00:00.000,34.07921999999999,summer weekend,31.66
2024-09-15 18:00:00.000,36.62320199999999,summer weekend,31.66
2024-09-15 19:00:00.000,35.42867999999999,summer weekend,31.66
2024-09-15 20:00:00.000,34.06422599999999,summer weekend,31.66
2024-09-15 21:00:00.000,33.3682545,summer weekend,31.66
2024-09-15 22:00:00.000,31.55523,summer weekend,31.66
2024-09-15 23:00:00.000,31.603960499999992,summer weekend,31.66
2024-09-16 00:00:00.000,30.997952999999995,summer weekday,30.1
2024-09-16 01:00:00.000,30.887997,summer weekday,30.1
2024-09-16 02:00:00.000,30.596863499999998,summer weekday,30.1
2024-09-16 03:00:00.000,30.523143,summer weekday,30.1
2024-09-16 04:00:00.000,31.019194499999998,summer weekday,30.1
2024-09-16 05:00:00.000,33.8505615,summer weekday,34.9
2024-09-16 06:00:00.000,36.22836,summer weekday,34.9
2024-09-16 07:00:00.000,38.235057,summer weekday,34.9
2024-09-16 08:00:00.000,35.77854,summer weekday,34.9
2024-09-16 09:00:00.000,34.0579785,summer weekday,34.9
2024-09-16 10:00:00.000,33.107108999999994,summer weekday,34.9
2024-09-16 11:00:00.000,31.982558999999995,summer weekday,30.1
2024-09-16 12:00:00.000,30.8417655,summer weekday,30.1
2024-09-16 13:00:00.000,30.088317,summer weekday,30.1
2024-09-16 14:00:00.000,29.402341499999995,summer weekday,30.1
2024-09-16 15:00:00.000,29.518545,summer weekday,30.1
2024-09-16 16:00:00.000,30.853011,summer weekday,30.1
2024-09-16 17:00:00.000,33.463216499999994,summer weekday,34.9
2024-09-16 18:00:00.000,34.0504815,summer weekday,34.9
2024-09-16 19:00:00.000,33.605659499999994,summer weekday,34.9
2024-09-16 20:00:00.000,31.242854999999995,summer weekday,30.1
2024-09-16 21:00:00.000,29.8321695,summer weekday,30.1
2024-09-16 22:00:00.000,30.172033499999998,summer weekday,30.1
2024-09-16 23:00:00.000,30.673082999999995,summer weekday,30.1
2024-09-17 00:00:00.000,30.268245,summer weekday,30.1
2024-09-17 01:00:00.000,30.0445845,summer weekday,30.1
2024-09-17 02:00:00.000,29.960867999999994,summer weekday,30.1
2024-09-17 03:00:00.000,29.985857999999997,summer weekday,30.1
2024-09-17 04:00:00.000,31.420283999999995,summer weekday,30.1
2024-09-17 05:00:00.000,33.51944399999999,summer weekday,34.9
2024-09-17 06:00:00.000,36.720663,summer weekday,34.9
2024-09-17 07:00:00.000,37.167984,summer weekday,34.9
2024-09-17 08:00:00.000,33.5931645,summer weekday,34.9
2024-09-17 09:00:00.000,32.045033999999994,summer weekday,30.1
2024-09-17 10:00:00.000,30.2794905,summer weekday,30.1
2024-09-17 11:00:00.000,27.458119499999995,summer weekday,25.44
2024-09-17 12:00:00.000,25.2040215,summer weekday,25.44
2024-09-17 13:00:00.000,23.188578,summer weekday,25.44
2024-09-17 14:00:00.000,25.537637999999998,summer weekday,25.44
2024-09-17 15:00:00.000,29.2673955,summer weekday,30.1
2024-09-17 16:00:00.000,31.667684999999995,summer weekday,30.1
2024-09-17 17:00:00.000,34.102960499999995,summer weekday,34.9
2024-09-17 18:00:00.000,36.5444835,summer weekday,34.9
2024-09-17 19:00:00.000,33.884297999999994,summer weekday,34.9
2024-09-17 20:00:00.000,31.995054,summer weekday,30.1
2024-09-17 21:00:00.000,31.222862999999997,summer weekday,30.1
2024-09-17 22:00:00.000,30.460667999999995,summer weekday,30.1
2024-09-17 23:00:00.000,30.625602,summer weekday,30.1
2024-09-18 00:00:00.000,30.098312999999997,summer weekday,30.1
2024-09-18 01:00:00.000,30.444424499999997,summer weekday,30.1
2024-09-18 02:00:00.000,30.4394265,summer weekday,30.1
2024-09-18 03:00:00.000,30.2944845,summer weekday,30.1
2024-09-18 04:00:00.000,31.220364,summer weekday,30.1
2024-09-18 05:00:00.000,33.1158555,summer weekday,34.9
2024-09-18 06:00:00.000,37.717764,summer weekday,34.9
2024-09-18 07:00:00.000,36.61195649999999,summer weekday,34.9
2024-09-18 08:00:00.000,32.784738,summer weekday,34.9
2024-09-18 09:00:00.000,29.855909999999994,summer weekday,30.1
2024-09-18 10:00:00.000,26.897094,summer weekday,25.44
2024-09-18 11:00:00.000,20.670835499999995,summer weekday,25.44
2024-09-18 12:00:00.000,19.98486,summer weekday,25.44
2024-09-18 13:00:00.000,19.9746855,summer weekday,25.44
2024-09-18 14:00:00.000,20.114808,summer weekday,25.44
2024-09-18 15:00:00.000,24.9891075,summer weekday,25.44
2024-09-18 16:00:00.000,30.920483999999995,summer weekday,30.1
2024-09-18 17:00:00.000,34.2179145,summer weekday,34.9
2024-09-18 18:00:00.000,36.218364,summer weekday,34.9
2024-09-18 19:00:00.000,33.50445,summer weekday,34.9
2024-09-18 20:00:00.000,31.6364475,summer weekday,30.1
2024-09-18 21:00:00.000,31.220364,summer weekday,30.1
2024-09-18 22:00:00.000,29.9171355,summer weekday,30.1
2024-09-18 23:00:00.000,29.53104,summer weekday,30.1
2024-09-19 00:00:00.000,29.6722335,summer weekday,30.1
2024-09-19 01:00:00.000,29.734708499999996,summer weekday,30.1
2024-09-19 02:00:00.000,29.6497425,summer weekday,30.1
2024-09-19 03:00:00.000,29.888397,summer weekday,30.1
2024-09-19 04:00:00.000,31.229110499999997,summer weekday,30.1
2024-09-19 05:00:00.000,34.1629365,summer weekday,34.9
2024-09-19 06:00:00.000,37.882698,summer weekday,34.9
2024-09-19 07:00:00.000,35.493654,summer weekday,34.9
2024-09-19 08:00:00.000,32.184977999999994,summer weekday,30.1
2024-09-19 09:00:00.000,29.3323695,summer weekday,30.1
2024-09-19 10:00:00.000,26.2835895,summer weekday,25.44
2024-09-19 11:00:00.000,20.6058615,summer weekday,25.44
2024-09-19 12:00:00.000,19.978077,summer weekday,25.44
2024-09-19 13:00:00.000,19.9746855,summer weekday,25.44
2024-09-19 14:00:00.000,21.3480645,summer weekday,25.44
2024-09-19 15:00:00.000,27.300682499999997,summer weekday,25.44
2024-09-19 16:00:00.000,31.3615575,summer weekday,30.1
2024-09-19 17:00:00.000,34.2953835,summer weekday,34.9
2024-09-19 18:00:00.000,36.765645,summer weekday,34.9
2024-09-19 19:00:00.000,34.166684999999994,summer weekday,34.9
2024-09-19 20:00:00.000,31.367804999999997,summer weekday,30.1
2024-09-19 21:00:00.000,31.101661499999995,summer weekday,30.1
2024-09-19 22:00:00.000,29.8396665,summer weekday,30.1
2024-09-19 23:00:00.000,29.0574795,summer weekday,30.1
2024-09-20 00:00:00.000,29.236158,summer weekday,30.1
2024-09-20 01:00:00.000,29.158689,summer weekday,30.1
2024-09-20 02:00:00.000,29.127451499999992,summer weekday,30.1
2024-09-20 03:00:00.000,29.296133999999995,summer weekday,30.1
2024-09-20 04:00:00.000,31.1166555,summer weekday,30.1
2024-09-20 05:00:00.000,33.486957,summer weekday,34.9
2024-09-20 06:00:00.000,37.6590375,summer weekday,34.9
2024-09-20 07:00:00.000,33.55443,summer weekday,34.9
2024-09-20 08:00:00.000,31.095413999999995,summer weekday,30.1
2024-09-20 09:00:00.000,27.73800749999999,summer weekday,25.44
2024-09-20 10:00:00.000,23.069875499999995,summer weekday,25.44
2024-09-20 11:00:00.000,21.014448,summer weekday,25.44
2024-09-20 12:00:00.000,19.9837295,summer weekday,25.44
2024-09-20 13:00:00.000,19.9936065,summer weekday,25.44
2024-09-20 14:00:00.000,20.929482,summer weekday,25.44
2024-09-20 15:00:00.000,25.442675999999995,summer weekday,25.44
2024-09-20 16:00:00.000,30.495654,summer weekday,30.1
2024-09-20 17:00:00.000,33.2308095,summer weekday,34.9
2024-09-20 18:00:00.000,38.192574,summer weekday,34.9
2024-09-20 19:00:00.000,33.58441799999999,summer weekday,34.9
2024-09-20 20:00:00.000,31.364056499999997,summer weekday,30.1
2024-09-20 21:00:00.000,30.95546999999999,summer weekday,30.1
2024-09-20 22:00:00.000,30.865506,summer weekday,30.1
2024-09-20 23:00:00.000,31.016695499999997,summer weekday,30.1
2024-09-21 00:00:00.000,30.643095,summer weekend,31.66
2024-09-21 01:00:00.000,30.230759999999997,summer weekend,31.66
2024-09-21 02:00:00.000,30.254500499999992,summer weekend,31.66
2024-09-21 03:00:00.000,30.778040999999995,summer weekend,31.66
2024-09-21 04:00:00.000,31.165385999999994,summer weekend,31.66
2024-09-21 05:00:00.000,32.44112549999999,summer weekend,31.66
2024-09-21 06:00:00.000,32.199971999999995,summer weekend,31.66
2024-09-21 07:00:00.000,30.643095,summer weekend,31.66
2024-09-21 08:00:00.000,27.6055605,summer weekend,27.0
2024-09-21 09:00:00.000,22.733759999999997,summer weekend,19.7
2024-09-21 10:00:00.000,20.3784525,summer weekend,19.7
2024-09-21 11:00:00.000,19.98486,summer weekend,19.7
2024-09-21 12:00:00.000,19.605012,summer weekend,19.7
2024-09-21 13:00:00.000,19.5383125,summer weekend,19.7
2024-09-21 14:00:00.000,20.1210555,summer weekend,19.7
2024-09-21 15:00:00.000,25.889996999999997,summer weekend,27.0
2024-09-21 16:00:00.000,32.128750499999995,summer weekend,31.66
2024-09-21 17:00:00.000,35.91598499999999,summer weekend,31.66
2024-09-21 18:00:00.000,37.7265105,summer weekend,31.66
2024-09-21 19:00:00.000,34.041735,summer weekend,31.66
2024-09-21 20:00:00.000,31.971313499999997,summer weekend,31.66
2024-09-21 21:00:00.000,31.680179999999996,summer weekend,31.66
2024-09-21 22:00:00.000,31.017944999999997,summer weekend,31.66
2024-09-21 23:00:00.000,32.196223499999995,summer weekend,31.66
2024-09-22 00:00:00.000,31.236607499999995,summer weekend,31.66
2024-09-22 01:00:00.000,31.229110499999997,summer weekend,31.66
2024-09-22 02:00:00.000,31.16788499999999,summer weekend,31.66
2024-09-22 03:00:00.000,31.324072499999996,summer weekend,31.66
2024-09-22 04:00:00.000,31.3115775,summer weekend,31.66
2024-09-22 05:00:00.000,31.840115999999995,summer weekend,31.66
2024-09-22 06:00:00.000,32.1437445,summer weekend,31.66
2024-09-22 07:00:00.000,30.790536,summer weekend,31.66
2024-09-22 08:00:00.000,27.830470499999997,summer weekend,27.0
2024-09-22 09:00:00.000,23.2548015,summer weekend,19.7
2024-09-22 10:00:00.000,21.3755535,summer weekend,19.7
2024-09-22 11:00:00.000,20.9457255,summer weekend,19.7
2024-09-22 12:00:00.000,19.975816,summer weekend,19.7
2024-09-22 13:00:00.000,19.9861095,summer weekend,19.7
2024-09-22 14:00:00.000,21.191877,summer weekend,19.7
2024-09-22 15:00:00.000,27.68178,summer weekend,27.0
2024-09-22 16:00:00.000,33.2632965,summer weekend,31.66
2024-09-22 17:00:00.000,36.5069985,summer weekend,31.66
2024-09-22 18:00:00.000,39.624501,summer weekend,31.66
2024-09-22 19:00:00.000,35.7423045,summer weekend,31.66
2024-09-22 20:00:00.000,33.671883,summer weekend,31.66
2024-09-22 21:00:00.000,32.31992399999999,summer weekend,31.66
2024-09-22 22:00:00.000,31.480259999999998,summer weekend,31.66
2024-09-22 23:00:00.000,31.33032,summer weekend,31.66
2024-09-23 00:00:00.000,30.490655999999998,summer weekday,30.1
2024-09-23 01:00:00.000,30.6306,summer weekday,30.1
2024-09-23 02:00:00.000,30.874252499999997,summer weekday,30.1
2024-09-23 03:00:00.000,30.8467635,summer weekday,30.1
2024-09-23 04:00:00.000,32.142495,summer weekday,30.1
2024-09-23 05:00:00.000,36.65319,summer weekday,34.9
2024-09-23 06:00:00.000,45.44092349999999,summer weekday,34.9
2024-09-23 07:00:00.000,38.8935435,summer weekday,34.9
2024-09-23 08:00:00.000,33.7281105,summer weekday,34.9
2024-09-23 09:00:00.000,31.812627,summer weekday,30.1
2024-09-23 10:00:00.000,30.000851999999995,summer weekday,30.1
2024-09-23 11:00:00.000,29.848413,summer weekday,30.1
2024-09-23 12:00:00.000,29.5497825,summer weekday,30.1
2024-09-23 13:00:00.000,29.577271499999995,summer weekday,30.1
2024-09-23 14:00:00.000,30.103310999999994,summer weekday,30.1
2024-09-23 15:00:00.000,32.760997499999995,summer weekday,34.9
2024-09-23 16:00:00.000,36.97930949999999,summer weekday,34.9
2024-09-23 17:00:00.000,50.00534699999999,summer weekday,34.9
2024-09-23 18:00:00.000,61.017190499999984,summer weekday,34.9
2024-09-23 19:00:00.000,42.305928,summer weekday,34.9
2024-09-23 20:00:00.000,34.56777449999999,summer weekday,34.9
2024-09-23 21:00:00.000,32.59606349999999,summer weekday,34.9
2024-09-23 22:00:00.000,31.422783,summer weekday,30.1
2024-09-23 23:00:00.000,31.005449999999996,summer weekday,30.1
2024-09-24 00:00:00.000,30.2944845,summer weekday,30.1
2024-09-24 01:00:00.000,30.4419255,summer weekday,30.1
2024-09-24 02:00:00.000,30.608108999999995,summer weekday,30.1
2024-09-24 03:00:00.000,30.388196999999995,summer weekday,30.1
2024-09-24 04:00:00.000,31.016695499999997,summer weekday,30.1
2024-09-24 05:00:00.000,33.823072499999995,summer weekday,34.9
2024-09-24 06:00:00.000,37.722762,summer weekday,34.9
2024-09-24 07:00:00.000,35.90348999999999,summer weekday,34.9
2024-09-24 08:00:00.000,33.232059,summer weekday,34.9
2024-09-24 09:00:00.000,31.5564795,summer weekday,30.1
2024-09-24 10:00:00.000,30.46441649999999,summer weekday,30.1
2024-09-24 11:00:00.000,29.449822499999996,summer weekday,30.1
2024-09-24 12:00:00.000,28.605160499999997,summer weekday,30.1
2024-09-24 13:00:00.000,27.6805305,summer weekday,25.44
2024-09-24 14:00:00.000,29.348613,summer weekday,30.1
2024-09-24 15:00:00.000,30.389446499999995,summer weekday,30.1
2024-09-24 16:00:00.000,32.984658,summer weekday,34.9
2024-09-24 17:00:00.000,34.86015749999999,summer weekday,34.9
2024-09-24 18:00:00.000,35.4949035,summer weekday,34.9
2024-09-24 19:00:00.000,32.692274999999995,summer weekday,34.9
2024-09-24 20:00:00.000,30.035837999999995,summer weekday,30.1
2024-09-24 21:00:00.000,29.291136,summer weekday,30.1
2024-09-24 22:00:00.000,27.554331,summer weekday,25.44
2024-09-24 23:00:00.000,26.417286,summer weekday,25.44
2024-09-25 00:00:00.000,25.255250999999998,summer weekday,25.44
2024-09-25 01:00:00.000,24.8829,summer weekday,25.44
2024-09-25 02:00:00.000,24.914137499999995,summer weekday,25.44
2024-09-25 03:00:00.000,26.8283715,summer weekday,25.44
2024-09-25 04:00:00.000,27.975412499999997,summer weekday,30.1
2024-09-25 05:00:00.000,29.773442999999997,summer weekday,30.1
2024-09-25 06:00:00.000,30.451921499999997,summer weekday,30.1
2024-09-25 07:00:00.000,30.9992025,summer weekday,30.1
2024-09-25 08:00:00.000,28.771343999999992,summer weekday,30.1
2024-09-25 09:00:00.000,26.164887,summer weekday,25.44
2024-09-25 10:00:00.000,23.138597999999995,summer weekday,25.44
2024-09-25 11:00:00.000,22.371404999999992,summer weekday,25.44
2024-09-25 12:00:00.000,22.33142099999999,summer weekday,25.44
2024-09-25 13:00:00.000,26.9233335,summer weekday,25.44
2024-09-25 14:00:00.000,29.009998499999995,summer weekday,30.1
2024-09-25 15:00:00.000,31.191625499999997,summer weekday,30.1
2024-09-25 16:00:00.000,33.4607175,summer weekday,34.9
2024-09-25 17:00:00.000,39.50205,summer weekday,34.9
2024-09-25 18:00:00.000,44.40258899999999,summer weekday,34.9
2024-09-25 19:00:00.000,36.458268,summer weekday,34.9
2024-09-25 20:00:00.000,32.056279499999995,summer weekday,30.1
2024-09-25 21:00:00.000,31.435277999999997,summer weekday,30.1
2024-09-25 22:00:00.000,30.258249,summer weekday,30.1
2024-09-25 23:00:00.000,28.234058999999995,summer weekday,30.1
2024-09-26 00:00:00.000,27.329421,summer weekday,25.44
2024-09-26 01:00:00.000,26.524742999999997,summer weekday,25.44
2024-09-26 02:00:00.000,26.2161165,summer weekday,25.44
2024-09-26 03:00:00.000,25.6738335,summer weekday,25.44
2024-09-26 04:00:00.000,26.1961245,summer weekday,25.44
2024-09-26 05:00:00.000,28.9850085,summer weekday,30.1
2024-09-26 06:00:00.000,30.6306,summer weekday,30.1
2024-09-26 07:00:00.000,30.40569,summer weekday,30.1
2024-09-26 08:00:00.000,28.397743499999997,summer weekday,30.1
2024-09-26 09:00:00.000,26.136148499999997,summer weekday,25.44
2024-09-26 10:00:00.000,23.935779,summer weekday,25.44
2024-09-26 11:00:00.000,22.109009999999994,summer weekday,25.44
2024-09-26 12:00:00.000,21.494256,summer weekday,25.44
2024-09-26 13:00:00.000,21.569226,summer weekday,25.44
2024-09-26 14:00:00.000,24.720464999999997,summer weekday,25.44
2024-09-26 15:00:00.000,26.8458645,summer weekday,25.44
2024-09-26 16:00:00.000,29.1874275,summer weekday,30.1
2024-09-26 17:00:00.000,29.98086,summer weekday,30.1
2024-09-26 18:00:00.000,31.10541,summer weekday,30.1
2024-09-26 19:00:00.000,29.8471635,summer weekday,30.1
2024-09-26 20:00:00.000,27.836718,summer weekday,30.1
2024-09-26 21:00:00.000,26.697173999999997,summer weekday,25.44
2024-09-26 22:00:00.000,24.520544999999995,summer weekday,25.44
2024-09-26 23:00:00.000,19.978077,summer weekday,25.44
2024-09-27 00:00:00.000,19.989858,summer weekday,25.44
2024-09-27 01:00:00.000,19.9837295,summer weekday,25.44
2024-09-27 02:00:00.000,19.918160499999995,summer weekday,25.44
2024-09-27 03:00:00.000,19.96225,summer weekday,25.44
2024-09-27 04:00:00.000,19.9814685,summer weekday,25.44
2024-09-27 05:00:00.000,19.98486,summer weekday,25.44
2024-09-27 06:00:00.000,23.223563999999996,summer weekday,25.44
2024-09-27 07:00:00.000,24.972864,summer weekday,25.44
2024-09-27 08:00:00.000,20.6758335,summer weekday,25.44
2024-09-27 09:00:00.000,19.9746855,summer weekday,25.44
2024-09-27 10:00:00.000,19.5609225,summer weekday,25.44
2024-09-27 11:00:00.000,19.356302,summer weekday,25.44
2024-09-27 12:00:00.000,19.270384,summer weekday,25.44
2024-09-27 13:00:00.000,19.4139575,summer weekday,25.44
2024-09-27 14:00:00.000,19.972424499999995,summer weekday,25.44
2024-09-27 15:00:00.000,19.98486,summer weekday,25.44
2024-09-27 16:00:00.000,24.711718499999996,summer weekday,25.44
2024-09-27 17:00:00.000,27.800482499999998,summer weekday,30.1
2024-09-27 18:00:00.000,27.5405865,summer weekday,25.44
2024-09-27 19:00:00.000,27.4281315,summer weekday,25.44
2024-09-27 20:00:00.000,24.1194555,summer weekday,25.44
2024-09-27 21:00:00.000,23.237308499999997,summer weekday,25.44
2024-09-27 22:00:00.000,23.108609999999995,summer weekday,25.44
2024-09-27 23:00:00.000,20.2060215,summer weekday,25.44
2024-09-28 00:00:00.000,20.3634585,summer weekend,19.7
2024-09-28 01:00:00.000,20.3959455,summer weekend,19.7
2024-09-28 02:00:00.000,20.379702,summer weekend,19.7
2024-09-28 03:00:00.000,20.3934465,summer weekend,19.7
2024-09-28 04:00:00.000,20.5034025,summer weekend,19.7
2024-09-28 05:00:00.000,21.479262,summer weekend,19.7
2024-09-28 06:00:00.000,22.768746,summer weekend,19.7
2024-09-28 07:00:00.000,23.2597995,summer weekend,19.7
2024-09-28 08:00:00.000,22.3476645,summer weekend,19.7
2024-09-28 09:00:00.000,21.2031225,summer weekend,19.7
2024-09-28 10:00:00.000,20.457171,summer weekend,19.7
2024-09-28 11:00:00.000,20.0660775,summer weekend,19.7
2024-09-28 12:00:00.000,19.98486,summer weekend,19.7
2024-09-28 13:00:00.000,19.98486,summer weekend,19.7
2024-09-28 14:00:00.000,19.992357,summer weekend,19.7
2024-09-28 15:00:00.000,21.211869,summer weekend,19.7
2024-09-28 16:00:00.000,27.885448499999995,summer weekend,27.0
2024-09-28 17:00:00.000,30.015846,summer weekend,31.66
2024-09-28 18:00:00.000,32.489856,summer weekend,31.66
2024-09-28 19:00:00.000,32.0187945,summer weekend,31.66
2024-09-28 20:00:00.000,30.068325,summer weekend,31.66
2024-09-28 21:00:00.000,30.015846,summer weekend,31.66
2024-09-28 22:00:00.000,29.322373499999998,summer weekend,27.0
2024-09-28 23:00:00.000,27.564326999999995,summer weekend,27.0
2024-09-29 00:00:00.000,25.670085,summer weekend,27.0
2024-09-29 01:00:00.000,25.502652,summer weekend,27.0
2024-09-29 02:00:00.000,25.401442499999995,summer weekend,27.0
2024-09-29 03:00:00.000,27.199472999999998,summer weekend,27.0
2024-09-29 04:00:00.000,29.184928499999995,summer weekend,27.0
2024-09-29 05:00:00.000,29.60601,summer weekend,31.66
2024-09-29 06:00:00.000,32.22996,summer weekend,31.66
2024-09-29 07:00:00.000,32.09001599999999,summer weekend,31.66
2024-09-29 08:00:00.000,26.78588849999999,summer weekend,27.0
2024-09-29 09:00:00.000,20.1510435,summer weekend,19.7
2024-09-29 10:00:00.000,19.98486,summer weekend,19.7
2024-09-29 11:00:00.000,19.9837295,summer weekend,19.7
2024-09-29 12:00:00.000,19.928335,summer weekend,19.7
2024-09-29 13:00:00.000,19.9339875,summer weekend,19.7
2024-09-29 14:00:00.000,19.98486,summer weekend,19.7
2024-09-29 15:00:00.000,25.387697999999997,summer weekend,27.0
2024-09-29 16:00:00.000,31.731409499999994,summer weekend,31.66
2024-09-29 17:00:00.000,39.0509805,summer weekend,31.66
2024-09-29 18:00:00.000,40.89149399999999,summer weekend,31.66
2024-09-29 19:00:00.000,33.680629499999995,summer weekend,31.66
2024-09-29 20:00:00.000,29.997103499999994,summer weekend,31.66
2024-09-29 21:00:00.000,28.019144999999995,summer weekend,27.0
2024-09-29 22:00:00.000,24.656740499999994,summer weekend,27.0
2024-09-29 23:00:00.000,22.35890999999999,summer weekend,19.7
2024-09-30 00:00:00.000,21.4155375,summer weekday,25.44
2024-09-30 01:00:00.000,21.03444,summer weekday,25.44
2024-09-30 02:00:00.000,20.6758335,summer weekday,25.44
2024-09-30 03:00:00.000,20.6858295,summer weekday,25.44
2024-09-30 04:00:00.000,22.106510999999998,summer weekday,25.44
2024-09-30 05:00:00.000,25.687577999999995,summer weekday,25.44
2024-09-30 06:00:00.000,31.282839,summer weekday,30.1
2024-09-30 07:00:00.000,31.6739325,summer weekday,30.1
2024-09-30 08:00:00.000,28.538936999999997,summer weekday,30.1
2024-09-30 09:00:00.000,25.533889499999997,summer weekday,25.44
2024-09-30 10:00:00.000,22.5975645,summer weekday,25.44
2024-09-30 11:00:00.000,21.144396,summer weekday,25.44
2024-09-30 12:00:00.000,20.242257,summer weekday,25.44
2024-09-30 13:00:00.000,20.9382285,summer weekday,25.44
2024-09-30 14:00:00.000,22.728761999999996,summer weekday,25.44
2024-09-30 15:00:00.000,24.374353499999994,summer weekday,25.44
2024-09-30 16:00:00.000,28.05662999999999,summer weekday,30.1
2024-09-30 17:00:00.000,28.776341999999996,summer weekday,30.1
2024-09-30 18:00:00.000,28.011648,summer weekday,30.1
2024-09-30 19:00:00.000,25.2764925,summer weekday,25.44
2024-09-30 20:00:00.000,22.7250135,summer weekday,25.44
2024-09-30 21:00:00.000,22.4851095,summer weekday,25.44
2024-09-30 22:00:00.000,21.214368,summer weekday,25.44
2024-09-30 23:00:00.000,20.3859495,summer weekday,25.44
